timestamp,type_id,best_buy,best_sell
2026-09-20T00:58:07.190Z,62404,18450,19810
2026-09-20T00:58:07.190Z,93832,1501000,3197000
2026-09-20T00:58:07.190Z,25614,80260,84000
2026-09-20T00:58:07.190Z,18835,826500,1795000
2026-09-20T00:58:07.190Z,3111,14630000,53700000
2026-09-20T00:58:07.190Z,57467,350500,378300
2026-09-20T00:58:07.190Z,57449,377700000,400000000
2026-09-20T00:58:07.190Z,21486,9235000,19000000
2026-09-20T00:58:07.190Z,12058,1842000,2013000
2026-09-20T00:58:07.190Z,20793,7602,26800
2026-09-20T00:58:07.190Z,62521,20.5,22.38
2026-09-20T00:58:07.190Z,16242,990600,1095000
2026-09-20T00:58:07.190Z,47737,685100,1374000
2026-09-20T00:58:07.190Z,13873,19730000,21360000
2026-09-20T00:58:07.190Z,52921,168500000,225000000
2026-09-20T00:58:07.190Z,40362,10530000,19140000
2026-09-20T00:58:07.190Z,30373,6008,6910
2026-09-20T00:58:07.190Z,44260,534.9,850
2026-09-20T00:58:07.190Z,60922,1452000,7993000
2026-09-20T00:58:07.190Z,3831,443100,467800
2026-09-20T00:58:07.190Z,3888,790100,842400
2026-09-20T00:58:07.190Z,33573,449.1,449.2
2026-09-20T00:58:07.190Z,32014,191000,199100
2026-09-20T00:58:07.190Z,40519,460000000,468800000
2026-09-20T00:58:07.190Z,27924,968200,1371000
2026-09-20T00:58:07.190Z,17718,191000000,221000000
2026-09-20T00:58:07.190Z,45601,35650000,35770000
2026-09-20T00:58:07.190Z,91124,60000,60990
2026-09-20T00:58:07.190Z,12535,1335,119500
2026-09-20T00:58:07.190Z,16652,41100,48650
2026-09-20T00:58:07.190Z,31906,7334000,8620000
2026-09-20T00:58:07.190Z,27513,1172,1391
2026-09-20T00:58:07.190Z,41199,4381000,5161000
2026-09-20T00:58:07.190Z,183,4,16.96
2026-09-20T00:58:07.190Z,85086,363000000,408300000
2026-09-20T00:58:07.190Z,25625,840200,880000
2026-09-20T00:58:07.190Z,16303,61490,91950
2026-09-20T00:58:07.190Z,37,156.1,168
2026-09-20T00:58:07.190Z,5719,201200,228000
2026-09-20T00:58:07.190Z,33702,167000000,185100000
2026-09-20T00:58:07.190Z,42764,130200,1099000
2026-09-20T00:58:07.190Z,47886,610.9,789.8
2026-09-20T00:58:07.190Z,49774,25370000,30280000
2026-09-20T00:58:07.190Z,23174,3620000,4370000
2026-09-20T00:58:07.190Z,37295,143200000,183700000
2026-09-20T00:58:07.190Z,14494,925800000,1800000000
2026-09-20T00:58:07.190Z,25599,463.2,480
2026-09-20T00:58:07.190Z,16375,294000,295100
2026-09-20T00:58:07.190Z,5721,162100,216100
2026-09-20T00:58:07.190Z,11557,31360,33450
2026-09-20T00:58:07.190Z,8101,15020,16780
2026-09-20T00:58:07.190Z,35661,516400,568900
2026-09-20T00:58:07.190Z,42795,241100,1848000
2026-09-20T00:58:07.190Z,60294,353400,421000
2026-09-20T00:58:07.190Z,18676,85190000,92380000
2026-09-20T00:58:07.190Z,27916,1203000,1540000
2026-09-20T00:58:07.190Z,4349,369000000,398000000
2026-09-20T00:58:07.190Z,3272,233600,30010000
2026-09-20T00:58:07.190Z,1877,680200,738200
2026-09-20T00:58:07.190Z,32458,7259000,559300000
2026-09-20T00:58:07.190Z,597,320700,388800
2026-09-20T00:58:07.190Z,6131,374,1696
2026-09-20T00:58:07.190Z,47366,57880000,107900000
2026-09-20T00:58:07.190Z,9772,450200,504400
2026-09-20T00:58:07.190Z,31932,29340000,31020000
2026-09-20T00:58:07.190Z,16644,7777,8117
2026-09-20T00:58:07.190Z,23170,20120,250000
2026-09-20T00:58:07.190Z,19015,22100000,25460000
2026-09-20T00:58:07.190Z,11537,19890,21360
2026-09-20T00:58:07.190Z,13784,20160000,34890000
2026-09-20T00:58:07.190Z,35,16.08,17.37
2026-09-20T00:58:07.190Z,57487,181200000,205200000
2026-09-20T00:58:07.190Z,20959,14000,28970
2026-09-20T00:58:07.190Z,9660,20000,27010
2026-09-20T00:58:07.190Z,14168,66110000,77220000
2026-09-20T00:58:07.190Z,52554,500600000,694900000
2026-09-20T00:58:07.190Z,15717,12100000,17850000
2026-09-20T00:58:07.190Z,37629,140900000,256500000
2026-09-20T00:58:07.190Z,16667,28750,32760
2026-09-20T00:58:07.190Z,42559,15000000,44810000
2026-09-20T00:58:07.190Z,11174,13550000,14840000
2026-09-20T00:58:07.190Z,30999,1131000,1499000
2026-09-20T00:58:07.190Z,2310,1.55,1.79
2026-09-20T00:58:07.190Z,31504,0.02,969900
2026-09-20T00:58:07.190Z,639,139100000,149700000
2026-09-20T00:58:07.190Z,83473,2412000,2679000
2026-09-20T00:58:07.190Z,47765,5120,5121
2026-09-20T00:58:07.190Z,29047,51000,392700
2026-09-20T00:58:07.190Z,19325,32470000,35510000
2026-09-20T00:58:07.190Z,13969,167500000,196100000
2026-09-20T00:58:07.190Z,14003,10920000,11940000
2026-09-20T00:58:07.190Z,19051,27460000,30120000
2026-09-20T00:58:07.190Z,55541,3000,88000
2026-09-20T00:58:07.190Z,29101,61420,881000
2026-09-20T00:58:07.190Z,33985,73010000,81330000
2026-09-20T00:58:07.190Z,2875,1104000,1228000
2026-09-20T00:58:07.190Z,2367,110700,120700
2026-09-20T00:58:07.190Z,192,75.7,118.8
2026-09-20T00:58:07.190Z,47904,49790,59580
2026-09-20T00:58:07.190Z,6809,828900,2100000
2026-09-20T00:58:07.190Z,31552,,830000
2026-09-20T00:58:07.190Z,54397,900000000,1080000000
2026-09-20T00:58:07.190Z,80815,321700000,903800000
2026-09-20T00:58:07.190Z,232,31,37.89
2026-09-20T00:58:07.190Z,20444,60680000,77680000
2026-09-20T00:58:07.190Z,29073,351700,847200
2026-09-20T00:58:07.190Z,23719,8667,9617
2026-09-20T00:58:07.190Z,62642,268200,2100000
2026-09-20T00:58:07.190Z,23659,,2486
2026-09-20T00:58:07.190Z,6073,17320,18950
2026-09-20T00:58:07.190Z,52244,429300000,580700000
2026-09-20T00:58:07.190Z,31962,16390000,21570000
2026-09-20T00:58:07.190Z,16521,3235,7060
2026-09-20T00:58:07.190Z,29067,353200,793900
2026-09-20T00:58:07.190Z,88709,1654000000,2200000000
2026-09-20T00:58:07.190Z,2333,413900,643500
2026-09-20T00:58:07.190Z,35657,144200,238900
2026-09-20T00:58:07.190Z,85488,1503000,21980000
2026-09-20T00:58:07.190Z,62576,9041,11830
2026-09-20T00:58:07.190Z,4609,22000,22010
2026-09-20T00:58:07.190Z,46888,552.4,2854000
2026-09-20T00:58:07.190Z,31790,842600,1176000
2026-09-20T00:58:07.190Z,42208,177200000,179000000
2026-09-20T00:58:07.190Z,20414,86770,91010
2026-09-20T00:58:07.190Z,74147,433300,5632000
2026-09-20T00:58:07.190Z,3148,221500000,388800000
2026-09-20T00:58:07.190Z,57445,861600,1094000
2026-09-20T00:58:07.190Z,52236,196100000,279400000
2026-09-20T00:58:07.190Z,47755,72010000,78990000
2026-09-20T00:58:07.190Z,47631,4101000,34800000
2026-09-20T00:58:07.190Z,7447,427200,534600
2026-09-20T00:58:07.190Z,25619,1816000,1892000
2026-09-20T00:58:07.190Z,14250,56760000,63220000
2026-09-20T00:58:07.190Z,32325,9598000,18830000
2026-09-20T00:58:07.190Z,55831,410100,589800
2026-09-20T00:58:07.190Z,28796,80840000,92590000
2026-09-20T00:58:07.190Z,19045,402600000,429000000
2026-09-20T00:58:07.190Z,13220,9200000,11480000
2026-09-20T00:58:07.190Z,34100,1100000,3495000
2026-09-20T00:58:07.190Z,31928,11950000,12730000
2026-09-20T00:58:07.190Z,5599,23890,36360
2026-09-20T00:58:07.190Z,19198,470000000,499800000
2026-09-20T00:58:07.190Z,41273,8059,10360
2026-09-20T00:58:07.190Z,56591,408900,1999000
2026-09-20T00:58:07.190Z,14206,137500000,153000000
2026-09-20T00:58:07.190Z,7789,354700,434400
2026-09-20T00:58:07.190Z,25611,105900,110800
2026-09-20T00:58:07.190Z,43497,240000,1396000
2026-09-20T00:58:07.190Z,6721,38000,128900
2026-09-20T00:58:07.190Z,41263,20.12,63
2026-09-20T00:58:07.190Z,22177,22520,39490
2026-09-20T00:58:07.190Z,25623,4098,5000
2026-09-20T00:58:07.190Z,34204,916700,984000
2026-09-20T00:58:07.190Z,31045,355000,382000
2026-09-20T00:58:07.190Z,16678,198.3,210.9
2026-09-20T00:58:07.190Z,2870,1028000,1117000
2026-09-20T00:58:07.190Z,1405,279700,307000
2026-09-20T00:58:07.190Z,62518,11.46,12.2
2026-09-20T00:58:07.190Z,9491,454900,538600
2026-09-20T00:58:07.190Z,21723,105000,981000
2026-09-20T00:58:07.190Z,33394,262200000,332000000
2026-09-20T00:58:07.190Z,31648,18000000,23940000
2026-09-20T00:58:07.190Z,34201,375000,413000
2026-09-20T00:58:07.190Z,56068,6868000,7700000
2026-09-20T00:58:07.190Z,16274,694,709.9
2026-09-20T00:58:07.190Z,25597,497.4,569.8
2026-09-20T00:58:07.190Z,47810,457500,749700
2026-09-20T00:58:07.190Z,26082,111700,578500
2026-09-20T00:58:07.190Z,26929,52020,68820
2026-09-20T00:58:07.190Z,31526,155700,343900
2026-09-20T00:58:07.190Z,55547,13470,134600
2026-09-20T00:58:07.190Z,11387,14190000,14640000
2026-09-20T00:58:07.190Z,63028,310100,1741000
2026-09-20T00:58:07.190Z,2018,26000,53200
2026-09-20T00:58:07.190Z,28362,7501,8499
2026-09-20T00:58:07.190Z,16633,371,391
2026-09-20T00:58:07.190Z,28750,136900000,146700000
2026-09-20T00:58:07.190Z,60285,107500,173700
2026-09-20T00:58:07.190Z,54400,178200000,211300000
2026-09-20T00:58:07.190Z,17317,50600,55770
2026-09-20T00:58:07.190Z,13820,139900,898600
2026-09-20T00:58:07.190Z,32772,423200,504500
2026-09-20T00:58:07.190Z,36336,250900,939700
2026-09-20T00:58:07.190Z,9329,285700,344000
2026-09-20T00:58:07.190Z,24507,341.7,421.6
2026-09-20T00:58:07.190Z,13999,13680000,16350000
2026-09-20T00:58:07.190Z,33792,3109000,18400000
2026-09-20T00:58:07.190Z,11178,9850000,12340000
2026-09-20T00:58:07.190Z,47739,4029000,5298000
2026-09-20T00:58:07.190Z,13881,514400,2480000
2026-09-20T00:58:07.190Z,8135,1018,27990
2026-09-20T00:58:07.190Z,44140,10000,487900
2026-09-20T00:58:07.190Z,34483,78700000,92020000
2026-09-20T00:58:07.190Z,62461,705.9,899.9
2026-09-20T00:58:07.190Z,43496,280000,2398000
2026-09-20T00:58:07.190Z,15739,20290000,24130000
2026-09-20T00:58:07.190Z,15508,7032,34670
2026-09-20T00:58:07.190Z,8759,761200,2671000
2026-09-20T00:58:07.190Z,27068,15620,299000
2026-09-20T00:58:07.190Z,34590,228000000,249300000
2026-09-20T00:58:07.190Z,54398,99910000,144300000
2026-09-20T00:58:07.190Z,5955,140200,144900
2026-09-20T00:58:07.190Z,37612,50800000,57130000
2026-09-20T00:58:07.190Z,33842,88350000,99400000
2026-09-20T00:58:07.190Z,2444,115800,133400
2026-09-20T00:58:07.190Z,11448,8136000,13170000
2026-09-20T00:58:07.190Z,44102,3035000,4531000
2026-09-20T00:58:07.190Z,63141,2022,800000
2026-09-20T00:58:07.190Z,41480,376300,478000
2026-09-20T00:58:07.190Z,16635,192.1,215.5
2026-09-20T00:58:07.190Z,34260,106600,319500
2026-09-20T00:58:07.190Z,8175,1461,7398
2026-09-20T00:58:07.190Z,12076,3927000,4300000
2026-09-20T00:58:07.190Z,26444,4609000,5014000
2026-09-20T00:58:07.190Z,9417,232900,427800
2026-09-20T00:58:07.190Z,93659,10000,53000000
2026-09-20T00:58:07.190Z,8639,358800,399900
2026-09-20T00:58:07.190Z,629,8954000,10150000
2026-09-20T00:58:07.190Z,44951,2061000,29000000
2026-09-20T00:58:07.190Z,8521,383700,440200
2026-09-20T00:58:07.190Z,11257,24140,92990
2026-09-20T00:58:07.190Z,9836,9384,10500
2026-09-20T00:58:07.190Z,90469,88080000,98000000
2026-09-20T00:58:07.190Z,60472,7264000,9240000
2026-09-20T00:58:07.190Z,47628,93180000,125200000
2026-09-20T00:58:07.190Z,28694,83520,89580
2026-09-20T00:58:07.190Z,16497,356600,434400
2026-09-20T00:58:07.190Z,23140,11410,267800
2026-09-20T00:58:07.190Z,14144,50100000,55320000
2026-09-20T00:58:07.190Z,47933,786.5,935
2026-09-20T00:58:07.190Z,20533,440100000,475700000
2026-09-20T00:58:07.190Z,4054,112000000,283800000
2026-09-20T00:58:07.190Z,41304,81.2,254.3
2026-09-20T00:58:07.190Z,20965,74.16,429.9
2026-09-20T00:58:07.190Z,43752,381700,3299000
2026-09-20T00:58:07.190Z,76492,11960000,24900000
2026-09-20T00:58:07.190Z,18937,173600000,214800000
2026-09-20T00:58:07.190Z,19284,37430000,44800000
2026-09-20T00:58:07.190Z,19278,29100000,33000000
2026-09-20T00:58:07.190Z,21512,45400,26750000
2026-09-20T00:58:07.190Z,25538,7218000,9740000
2026-09-20T00:58:07.190Z,19287,2727000,3246000
2026-09-20T00:58:07.190Z,18803,2803000,3945000
2026-09-20T00:58:07.190Z,13958,31350000,42200000
2026-09-20T00:58:07.190Z,14090,69730,197100
2026-09-20T00:58:07.190Z,11327,455700,455800
2026-09-20T00:58:07.190Z,13939,69280000,75800000
2026-09-20T00:58:07.190Z,41585,793000000,1080000000
2026-09-20T00:58:07.190Z,15593,101000,101100
2026-09-20T00:58:07.190Z,2889,476600,525400
2026-09-20T00:58:07.190Z,16469,87000,116700
2026-09-20T00:58:07.190Z,88894,110000000,482500000
2026-09-20T00:58:07.190Z,22,3692,3693
2026-09-20T00:58:07.190Z,3528,43250,87460
2026-09-20T00:58:07.190Z,35683,65500000,69110000
2026-09-20T00:58:07.190Z,3434,606,6298
2026-09-20T00:58:07.190Z,28203,426100,592100
2026-09-20T00:58:07.190Z,4144,561900,7998000
2026-09-20T00:58:07.190Z,47297,24280000,29890000
2026-09-20T00:58:07.190Z,25277,35850,54300
2026-09-20T00:58:07.190Z,54914,222100000,894900000
2026-09-20T00:58:07.190Z,12084,8806000,9340000
2026-09-20T00:58:07.190Z,46246,72410000,144000000
2026-09-20T00:58:07.190Z,19069,117100,290000
2026-09-20T00:58:07.190Z,11530,31280,33240
2026-09-20T00:58:07.190Z,19253,9349000,15520000
2026-09-20T00:58:07.190Z,97198,380000000,1385000000
2026-09-20T00:58:07.190Z,28784,57460000,88170000
2026-09-20T00:58:07.190Z,21087,2036,12000
2026-09-20T00:58:07.190Z,31252,5011,188900
2026-09-20T00:58:07.190Z,31738,11180000,70870000
2026-09-20T00:58:07.190Z,33539,372500,420000
2026-09-20T00:58:07.190Z,3239,552500000,605500000
2026-09-20T00:58:07.190Z,88676,120100,3420000
2026-09-20T00:58:07.190Z,12528,66430,66450
2026-09-20T00:58:07.190Z,44946,6772000,55500000
2026-09-20T00:58:07.190Z,22973,150,495.6
2026-09-20T00:58:07.190Z,91920,1566000,3399000
2026-09-20T00:58:07.190Z,23031,614.1,713.2
2026-09-20T00:58:07.190Z,42718,1000,198300
2026-09-20T00:58:07.190Z,45569,,145900000
2026-09-20T00:58:07.190Z,20187,1421000000,1519000000
2026-09-20T00:58:07.190Z,23156,8897000,12000000
2026-09-20T00:58:07.190Z,13964,8423000,14960000
2026-09-20T00:58:07.190Z,31824,13420000,16330000
2026-09-20T00:58:07.190Z,96334,91250000,139900000
2026-09-20T00:58:07.190Z,13246,7130000,9441000
2026-09-20T00:58:07.190Z,44942,1166000,18450000
2026-09-20T00:58:07.190Z,31712,2343000,4984000
2026-09-20T00:58:07.190Z,27936,3100000,11740000
2026-09-20T00:58:07.190Z,19744,1615000,2228000
2026-09-20T00:58:07.190Z,2867,1795000,1830000
2026-09-20T00:58:07.190Z,57463,995900,1116000
2026-09-20T00:58:07.190Z,31820,27330000,28710000
2026-09-20T00:58:07.190Z,14264,84230000,98500000
2026-09-20T00:58:07.190Z,25621,64730,68990
2026-09-20T00:58:07.190Z,31802,1126000,1230000
2026-09-20T00:58:07.190Z,62403,5735,6420
2026-09-20T00:58:07.190Z,33945,86360000,105000000
2026-09-20T00:58:07.190Z,33919,20480000,47000000
2026-09-20T00:58:07.190Z,48493,1013000,277600000
2026-09-20T00:58:07.190Z,33966,2187000,4599000
2026-09-20T00:58:07.190Z,31348,,129900
2026-09-20T00:58:07.190Z,14104,36010000,44960000
2026-09-20T00:58:07.190Z,26257,2811,193800
2026-09-20T00:58:07.190Z,15790,24350000,26030000
2026-09-20T00:58:07.190Z,23049,1168,2641
2026-09-20T00:58:07.190Z,31874,1536000,1652000
2026-09-20T00:58:07.190Z,31454,95010,122800
2026-09-20T00:58:07.190Z,23133,50560,218000
2026-09-20T00:58:07.190Z,12259,3150000,3710000
2026-09-20T00:58:07.190Z,62533,84.54,112.5
2026-09-20T00:58:07.190Z,27072,269600,695600
2026-09-20T00:58:07.190Z,13943,111400000,119800000
2026-09-20T00:58:07.190Z,56796,210000,1179000
2026-09-20T00:58:07.190Z,54291,122500,175900
2026-09-20T00:58:07.190Z,49746,156700,448600
2026-09-20T00:58:07.190Z,19196,299800000,497000000
2026-09-20T00:58:07.190Z,53228,677500,1969000
2026-09-20T00:58:07.190Z,13953,25620000,30260000
2026-09-20T00:58:07.190Z,19011,17990000,25080000
2026-09-20T00:58:07.190Z,85642,14860000,21900000
2026-09-20T00:58:07.190Z,16535,569800,687900
2026-09-20T00:58:07.190Z,59853,,498000000
2026-09-20T00:58:07.190Z,20172,72090,74100
2026-09-20T00:58:07.190Z,16499,340100,428400
2026-09-20T00:58:07.190Z,2291,67320,253100
2026-09-20T00:58:07.190Z,179,3.2,4.9
2026-09-20T00:58:07.190Z,4292,91010000,101400000
2026-09-20T00:58:07.190Z,91567,3717000,7998000
2026-09-20T00:58:07.190Z,10212,16550000,17900000
2026-09-20T00:58:07.190Z,85558,1018000000,1283000000
2026-09-20T00:58:07.190Z,18877,35350000,47370000
2026-09-20T00:58:07.190Z,18789,177400000,196900000
2026-09-20T00:58:07.190Z,23130,887200,3400000
2026-09-20T00:58:07.190Z,1185,10530,14500
2026-09-20T00:58:07.190Z,25604,19570,20000
2026-09-20T00:58:07.190Z,57442,70740000,76250000
2026-09-20T00:58:07.190Z,46734,1600000,15900000
2026-09-20T00:58:07.190Z,85782,1200000,4589000
2026-09-20T00:58:07.190Z,14059,1651000,2692000
2026-09-20T00:58:07.190Z,17894,765000,844000
2026-09-20T00:58:07.190Z,205,161.4,169.9
2026-09-20T00:58:07.190Z,57451,17310000,18270000
2026-09-20T00:58:07.190Z,40718,89130000,379800000
2026-09-20T00:58:07.190Z,31724,2402000,2626000
2026-09-20T00:58:07.190Z,31228,43040,99870
2026-09-20T00:58:07.190Z,41057,3446000,3826000
2026-09-20T00:58:07.190Z,84165,560500,1399000
2026-09-20T00:58:07.190Z,9670,12000,12010
2026-09-20T00:58:07.190Z,9728,450200,503200
2026-09-20T00:58:07.190Z,18977,59060000,67880000
2026-09-20T00:58:07.190Z,17709,37550000,40400000
2026-09-20T00:58:07.190Z,31546,7530000,19740000
2026-09-20T00:58:07.190Z,31534,14020000,17540000
2026-09-20T00:58:07.190Z,12820,227500,304500
2026-09-20T00:58:07.190Z,90416,3607000,12510000
2026-09-20T00:58:07.190Z,85233,500500,500700
2026-09-20T00:58:07.190Z,41525,58990000,67590000
2026-09-20T00:58:07.190Z,12822,179600,203500
2026-09-20T00:58:07.190Z,19286,3335000,3793000
2026-09-20T00:58:07.190Z,72869,117100000,129300000
2026-09-20T00:58:07.190Z,31011,1179000,1277000
2026-09-20T00:58:07.190Z,91849,14560000,17640000
2026-09-20T00:58:07.190Z,86149,,8520000
2026-09-20T00:58:07.190Z,19055,36250000,41000000
2026-09-20T00:58:07.190Z,42907,6090000,17390000
2026-09-20T00:58:07.190Z,20509,1339000000,1498000000
2026-09-20T00:58:07.190Z,91114,778000,1156000
2026-09-20T00:58:07.190Z,33452,8893000,11990000
2026-09-20T00:58:07.190Z,25608,337400,361000
2026-09-20T00:58:07.190Z,40557,9657000,10490000
2026-09-20T00:58:07.190Z,31944,29990000,33380000
2026-09-20T00:58:07.190Z,12032,15520000,16500000
2026-09-20T00:58:07.190Z,89665,185000000,276500000
2026-09-20T00:58:07.190Z,15631,1206000,1208000
2026-09-20T00:58:07.190Z,22122,189700000,229500000
2026-09-20T00:58:07.190Z,19217,102300,1003000
2026-09-20T00:58:07.190Z,12017,219800000,230900000
2026-09-20T00:58:07.190Z,57444,78780000,85000000
2026-09-20T00:58:07.190Z,26334,5915000,61120000
2026-09-20T00:58:07.190Z,50145,3413000,8998000
2026-09-20T00:58:07.190Z,245,2033,6890
2026-09-20T00:58:07.190Z,212,17.95,18.88
2026-09-20T00:58:07.190Z,56066,89200,159700
2026-09-20T00:58:07.190Z,41204,5030000000,5973000000
2026-09-20T00:58:07.190Z,22544,179800000,191700000
2026-09-20T00:58:07.190Z,55830,800.5,1000
2026-09-20T00:58:07.190Z,46369,95370,195000
2026-09-20T00:58:07.190Z,46864,347700,8973000
2026-09-20T00:58:07.190Z,25607,184100,193700
2026-09-20T00:58:07.190Z,46823,178900,1744000
2026-09-20T00:58:07.190Z,47479,23000,68790
2026-09-20T00:58:07.190Z,86262,68700000,106700000
2026-09-20T00:58:07.190Z,13821,405700,2671000
2026-09-20T00:58:07.190Z,25888,5149000,6388000
2026-09-20T00:58:07.190Z,18760,71000,385000
2026-09-20T00:58:07.190Z,16273,95.34,99.4
2026-09-20T00:58:07.190Z,27064,34780000,38990000
2026-09-20T00:58:07.190Z,32872,952200,1137000
2026-09-20T00:58:07.190Z,26412,58050,66480000
2026-09-20T00:58:07.190Z,39,1105,1109
2026-09-20T00:58:07.190Z,14190,194200000,221800000
2026-09-20T00:58:07.190Z,17726,396100000,432200000
2026-09-20T00:58:07.190Z,47261,1012000000,1818000000
2026-09-20T00:58:07.190Z,85846,4040000,5924000
2026-09-20T00:58:07.190Z,49672,25560,819200
2026-09-20T00:58:07.190Z,2969,1373000,1494000
2026-09-20T00:58:07.190Z,16533,172700,256000
2026-09-20T00:58:07.190Z,57474,83360000,98230000
2026-09-20T00:58:07.190Z,14162,16040000,36000000
2026-09-20T00:58:07.190Z,63863,23000,4922000
2026-09-20T00:58:07.190Z,20417,85280,96430
2026-09-20T00:58:07.190Z,12787,160.1,186
2026-09-20T00:58:07.190Z,13223,4289000,4812000
2026-09-20T00:58:07.190Z,31924,1744000,2235000
2026-09-20T00:58:07.190Z,46776,500600,3439000
2026-09-20T00:58:07.190Z,11433,1695000,4180000
2026-09-20T00:58:07.190Z,91128,40000,98990
2026-09-20T00:58:07.190Z,30311,78570,84500
2026-09-20T00:58:07.190Z,28794,55170000,145900000
2026-09-20T00:58:07.190Z,2399,815.6,864.8
2026-09-20T00:58:07.190Z,97199,19010000,68000000
2026-09-20T00:58:07.190Z,62580,6817,10700
2026-09-20T00:58:07.190Z,23172,35940000,40680000
2026-09-20T00:58:07.190Z,2348,120200,123900
2026-09-20T00:58:07.190Z,84074,2051000,143900000
2026-09-20T00:58:07.190Z,6923,50010,194600
2026-09-20T00:58:07.190Z,3530,919100,1066000
2026-09-20T00:58:07.190Z,21508,8012000,14900000
2026-09-20T00:58:07.190Z,31900,38530000,40960000
2026-09-20T00:58:07.190Z,83274,10100,17000
2026-09-20T00:58:07.190Z,62516,10.46,11.37
2026-09-20T00:58:07.190Z,13248,14910000,17000000
2026-09-20T00:58:07.190Z,24488,29.41,66.91
2026-09-20T00:58:07.190Z,32073,86170,3252000
2026-09-20T00:58:07.190Z,56078,63040,86960
2026-09-20T00:58:07.190Z,25594,75160,75170
2026-09-20T00:58:07.190Z,89674,814000000,2055000000
2026-09-20T00:58:07.190Z,88549,80100,561900
2026-09-20T00:58:07.190Z,33958,310100000,388900000
2026-09-20T00:58:07.190Z,24283,57710000,66800000
2026-09-20T00:58:07.190Z,2488,300600,321200
2026-09-20T00:58:07.190Z,2873,260400,296500
2026-09-20T00:58:07.190Z,3033,634200,696100
2026-09-20T00:58:07.190Z,15901,126500000,261800000
2026-09-20T00:58:07.190Z,15632,8852000,8853000
2026-09-20T00:58:07.190Z,89943,120000,484500
2026-09-20T00:58:07.190Z,21491,3152000,21040000
2026-09-20T00:58:07.190Z,47926,902,989
2026-09-20T00:58:07.190Z,31978,15000000,29920000
2026-09-20T00:58:07.190Z,11351,45210,45220
2026-09-20T00:58:07.190Z,20061,251400000,326900000
2026-09-20T00:58:07.190Z,40,2211,2225
2026-09-20T00:58:07.190Z,28280,3501000,4798000
2026-09-20T00:58:07.190Z,16054,43610000,78900000
2026-09-20T00:58:07.190Z,9838,10150,11590
2026-09-20T00:58:07.190Z,237,67,80.4
2026-09-20T00:58:07.190Z,13250,15160000,17640000
2026-09-20T00:58:07.190Z,29990,215200000,236400000
2026-09-20T00:58:07.190Z,12565,80230,86080
2026-09-20T00:58:07.190Z,16641,5914,6237
2026-09-20T00:58:07.190Z,25620,17550,18700
2026-09-20T00:58:07.190Z,47756,8041000,8996000
2026-09-20T00:58:07.190Z,8027,618700,718600
2026-09-20T00:58:07.190Z,47035,7260000,9582000
2026-09-20T00:58:07.190Z,9632,230100,289300
2026-09-20T00:58:07.190Z,91569,557000,2999000
2026-09-20T00:58:07.190Z,49737,17460000,18950000
2026-09-20T00:58:07.190Z,79186,30210000,35900000
2026-09-20T00:58:07.190Z,37480,39440000,43270000
2026-09-20T00:58:07.190Z,15592,805200,805400
2026-09-20T00:58:07.190Z,12745,132000000,144000000
2026-09-20T00:58:07.190Z,52226,172800000,225600000
2026-09-20T00:58:07.190Z,45834,3000000,5996000
2026-09-20T00:58:07.190Z,24638,94340000,119500000
2026-09-20T00:58:07.190Z,92466,1690000,2622000
2026-09-20T00:58:07.190Z,16383,252700,252800
2026-09-20T00:58:07.190Z,18664,52760000,57990000
2026-09-20T00:58:07.190Z,12013,170000000,208100000
2026-09-20T00:58:07.190Z,40571,23130000,27360000
2026-09-20T00:58:07.190Z,25593,4542,4891
2026-09-20T00:58:07.190Z,16640,511.5,628.9
2026-09-20T00:58:07.190Z,25861,21170,50490
2026-09-20T00:58:07.190Z,42149,258600,2566000
2026-09-20T00:58:07.190Z,33440,24610,68410
2026-09-20T00:58:07.190Z,84173,5703000,11990000
2026-09-20T00:58:07.190Z,9580,162100,185300
2026-09-20T00:58:07.190Z,82475,20050,2859000
2026-09-20T00:58:07.190Z,16118,3187,29990
2026-09-20T00:58:07.190Z,41534,531700000,565000000
2026-09-20T00:58:07.190Z,27441,905,1000
2026-09-20T00:58:07.190Z,41490,754000,796500
2026-09-20T00:58:07.190Z,47818,86140000,96770000
2026-09-20T00:58:07.190Z,14134,21720000,22770000
2026-09-20T00:58:07.190Z,86678,10100,966200
2026-09-20T00:58:07.190Z,14070,48020000,54380000
2026-09-20T00:58:07.190Z,41505,66220000,143600000
2026-09-20T00:58:07.190Z,9521,8056,16470
2026-09-20T00:58:07.190Z,15510,29730,39480
2026-09-20T00:58:07.190Z,19303,206100,47890000
2026-09-20T00:58:07.190Z,247,6001,23790
2026-09-20T00:58:07.190Z,34089,305300,2950000
2026-09-20T00:58:07.190Z,219,7.26,9.9
2026-09-20T00:58:07.190Z,21088,1640000,2995000
2026-09-20T00:58:07.190Z,58889,2024,989000
2026-09-20T00:58:07.190Z,17634,31600000,35000000
2026-09-20T00:58:07.190Z,94144,100000,382500
2026-09-20T00:58:07.190Z,28672,2456000,2706000
2026-09-20T00:58:07.190Z,47874,749300,2397000
2026-09-20T00:58:07.190Z,519,304400,830500
2026-09-20T00:58:07.190Z,6159,4557,6978
2026-09-20T00:58:07.190Z,15955,115300000,123400000
2026-09-20T00:58:07.190Z,47798,251000,999000
2026-09-20T00:58:07.190Z,30615,7307000,7699000
2026-09-20T00:58:07.190Z,13879,8182000,23060000
2026-09-20T00:58:07.190Z,15594,3892000,3895000
2026-09-20T00:58:07.190Z,17889,500,505.5
2026-09-20T00:58:07.190Z,19923,10130,34930
2026-09-20T00:58:07.190Z,20420,88490,97700
2026-09-20T00:58:07.190Z,16679,641.4,698.3
2026-09-20T00:58:07.190Z,44180,53060,2311000
2026-09-20T00:58:07.190Z,244,724.7,1179
2026-09-20T00:58:07.190Z,34163,12500000,151800000
2026-09-20T00:58:07.190Z,25545,,29000
2026-09-20T00:58:07.190Z,35943,16150000,17800000
2026-09-20T00:58:07.190Z,8641,357200,419900
2026-09-20T00:58:07.190Z,9493,444000,500000
2026-09-20T00:58:07.190Z,42831,127.3,289.9
2026-09-20T00:58:07.190Z,30753,25580000,29030000
2026-09-20T00:58:07.190Z,10850,423200,458900
2026-09-20T00:58:07.190Z,21096,2254000,2565000
2026-09-20T00:58:07.190Z,18927,103300000,133000000
2026-09-20T00:58:07.190Z,15457,93170,830000
2026-09-20T00:58:07.190Z,13963,9007000,11930000
2026-09-20T00:58:07.190Z,19288,12310000,13970000
2026-09-20T00:58:07.190Z,226,11.05,16.99
2026-09-20T00:58:07.190Z,35658,43980,55920
2026-09-20T00:58:07.190Z,53977,55060,64770
2026-09-20T00:58:07.190Z,83334,20000,120900
2026-09-20T00:58:07.190Z,42785,1613000,13380000
2026-09-20T00:58:07.190Z,28434,229600,242000
2026-09-20T00:58:07.190Z,25590,75000,75010
2026-09-20T00:58:07.190Z,11959,133100000,137500000
2026-09-20T00:58:07.190Z,85514,96970000,133400000
2026-09-20T00:58:07.190Z,30371,3900,4278
2026-09-20T00:58:07.190Z,15673,1442000,1443000
2026-09-20T00:58:07.190Z,42206,55010000,68610000
2026-09-20T00:58:07.190Z,47746,240900,320000
2026-09-20T00:58:07.190Z,2329,10150,12150
2026-09-20T00:58:07.190Z,62525,25.5,28.79
2026-09-20T00:58:07.190Z,60283,375700,417000
2026-09-20T00:58:07.190Z,2319,9919,10390
2026-09-20T00:58:07.190Z,17843,37010000,40000000
2026-09-20T00:58:07.190Z,11200,12220000,14110000
2026-09-20T00:58:07.190Z,9848,76540,81000
2026-09-20T00:58:07.190Z,11259,276300,887300
2026-09-20T00:58:07.190Z,34208,4558000,5431000
2026-09-20T00:58:07.190Z,25605,22840,24400
2026-09-20T00:58:07.190Z,21568,50910,241100
2026-09-20T00:58:07.190Z,4239,1550,3380000
2026-09-20T00:58:07.190Z,33475,8019000,8484000
2026-09-20T00:58:07.190Z,4166,5893000,13950000
2026-09-20T00:58:07.190Z,37866,51.02,130000
2026-09-20T00:58:07.190Z,17480,34250000,41000000
2026-09-20T00:58:07.190Z,27413,926,1021
2026-09-20T00:58:07.190Z,22121,92380000,107900000
2026-09-20T00:58:07.190Z,27379,52,168.6
2026-09-20T00:58:07.190Z,23177,5800000,7940000
2026-09-20T00:58:07.190Z,9842,11830,13340
2026-09-20T00:58:07.190Z,32880,193600,220500
2026-09-20T00:58:07.190Z,11554,40600,45790
2026-09-20T00:58:07.190Z,85469,792000000,1296000000
2026-09-20T00:58:07.190Z,2410,985600,1081000
2026-09-20T00:58:07.190Z,47313,13630000,76990000
2026-09-20T00:58:07.190Z,11531,29340,31050
2026-09-20T00:58:07.190Z,56201,596500000,647200000
2026-09-20T00:58:07.190Z,3452,144.5,144.6
2026-09-20T00:58:07.190Z,25707,41650,86790
2026-09-20T00:58:07.190Z,42207,104100000,114400000
2026-09-20T00:58:07.190Z,21570,1101000,1800000
2026-09-20T00:58:07.190Z,52413,7,749600
2026-09-20T00:58:07.190Z,60463,1856000,3832000
2026-09-20T00:58:07.190Z,24519,1372,1550
2026-09-20T00:58:07.190Z,21569,29960000,33900000
2026-09-20T00:58:07.190Z,33031,210100,979800
2026-09-20T00:58:07.190Z,16649,11560,12660
2026-09-20T00:58:07.190Z,27190,170000000,196800000
2026-09-20T00:58:07.190Z,37258,851000000,1397000000
2026-09-20T00:58:07.190Z,3138,1408000,1558000
2026-09-20T00:58:07.190Z,25613,392000,405000
2026-09-20T00:58:07.190Z,41443,123800000,666500000
2026-09-20T00:58:07.190Z,30251,202700,223400
2026-09-20T00:58:07.190Z,12608,51.15,60.91
2026-09-20T00:58:07.190Z,48112,31130,34780
2026-09-20T00:58:07.190Z,57020,1295000,4499000
2026-09-20T00:58:07.190Z,79951,78460000,118000000
2026-09-20T00:58:07.190Z,19053,24970000,28820000
2026-09-20T00:58:07.190Z,8337,2018,11980
2026-09-20T00:58:07.190Z,8529,46260,56250
2026-09-20T00:58:07.190Z,4188,121000,25370000
2026-09-20T00:58:07.190Z,15588,8000,8001
2026-09-20T00:58:07.190Z,25609,1598000,1601000
2026-09-20T00:58:07.190Z,21410,10,5974
2026-09-20T00:58:07.190Z,11196,11090000,12720000
2026-09-20T00:58:07.190Z,18672,263200000,332900000
2026-09-20T00:58:07.190Z,57450,105300000,112400000
2026-09-20T00:58:07.190Z,84403,1002,1003
2026-09-20T00:58:07.190Z,20781,23790,36590
2026-09-20T00:58:07.190Z,52309,38140,40940
2026-09-20T00:58:07.190Z,31952,26890000,29000000
2026-09-20T00:58:07.190Z,37456,7010000,8387000
2026-09-20T00:58:07.190Z,13252,2539000,2670000
2026-09-20T00:58:07.190Z,52314,66350,70770
2026-09-20T00:58:07.190Z,25617,217600,249000
2026-09-20T00:58:07.190Z,37482,40870000,52080000
2026-09-20T00:58:07.190Z,47915,35740000,39730000
2026-09-20T00:58:07.190Z,46683,175,249.7
2026-09-20T00:58:07.190Z,57448,620300,899900
2026-09-20T00:58:07.190Z,22175,36560,53440
2026-09-20T00:58:07.190Z,88713,3297000000,10000000000
2026-09-20T00:58:07.190Z,40756,40590000,53950000
2026-09-20T00:58:07.190Z,7453,449600,528400
2026-09-20T00:58:07.190Z,254,8068,18400
2026-09-20T00:58:07.190Z,27545,10370000,39470000
2026-09-20T00:58:07.190Z,16299,8311,14970
2026-09-20T00:58:07.190Z,83218,1000,74000
2026-09-20T00:58:07.190Z,60231,350000,989200
2026-09-20T00:58:07.190Z,46976,2811000,8998000
2026-09-20T00:58:07.190Z,19321,151500000,162000000
2026-09-20T00:58:07.190Z,3098,220200,349900
2026-09-20T00:58:07.190Z,26342,300100,4490000
2026-09-20T00:58:07.190Z,26048,521900,1264000
2026-09-20T00:58:07.190Z,19003,51720000,58550000
2026-09-20T00:58:07.190Z,27371,604.7,739.9
2026-09-20T00:58:07.190Z,54401,199900000,228000000
2026-09-20T00:58:07.190Z,11134,11000,14970
2026-09-20T00:58:07.190Z,50157,3558000000,8850000000
2026-09-20T00:58:07.190Z,15681,114500000,121700000
2026-09-20T00:58:07.190Z,33199,516500,924600
2026-09-20T00:58:07.190Z,45010,141200,180000
2026-09-20T00:58:07.190Z,15949,15400000,24850000
2026-09-20T00:58:07.190Z,3141,5000000,7417000
2026-09-20T00:58:07.190Z,3544,303200000,397100000
2026-09-20T00:58:07.190Z,23894,94940000,104400000
2026-09-20T00:58:07.190Z,19363,4267000,5879000
2026-09-20T00:58:07.190Z,81040,899000000,1425000000
2026-09-20T00:58:07.190Z,21638,731600,769300
2026-09-20T00:58:07.190Z,53890,110800000,228500000
2026-09-20T00:58:07.190Z,14049,10950000,11670000
2026-09-20T00:58:07.190Z,47754,1414000,1898000
2026-09-20T00:58:07.190Z,28366,22100,25990
2026-09-20T00:58:07.190Z,29266,647400,647600
2026-09-20T00:58:07.190Z,57446,952600,1030000
2026-09-20T00:58:07.190Z,13960,51930000,62310000
2026-09-20T00:58:07.190Z,13257,2108000,4490000
2026-09-20T00:58:07.190Z,9369,300200,458900
2026-09-20T00:58:07.190Z,47761,68840,83900
2026-09-20T00:58:07.190Z,33850,81650000,134700000
2026-09-20T00:58:07.190Z,31486,1162000,1835000
2026-09-20T00:58:07.190Z,11341,12000,12320
2026-09-20T00:58:07.190Z,60314,5063000,5459000
2026-09-20T00:58:07.190Z,19982,2300,4996
2026-09-20T00:58:07.190Z,18809,155700000,164800000
2026-09-20T00:58:07.190Z,16475,204000,231200
2026-09-20T00:58:07.190Z,3214,551000000,621400000
2026-09-20T00:58:07.190Z,57471,19840000,20910000
2026-09-20T00:58:07.190Z,73464,1108000,12970000
2026-09-20T00:58:07.190Z,84521,150100,450000
2026-09-20T00:58:07.190Z,40559,10420000,11750000
2026-09-20T00:58:07.190Z,87840,625100,1197000
2026-09-20T00:58:07.190Z,20455,,39880000
2026-09-20T00:58:07.190Z,16634,175.6,189
2026-09-20T00:58:07.190Z,45594,30780000,35300000
2026-09-20T00:58:07.190Z,19225,2544000,5443000
2026-09-20T00:58:07.190Z,9840,10100,13730
2026-09-20T00:58:07.190Z,62463,1047,1349
2026-09-20T00:58:07.190Z,46230,500500,2000000
2026-09-20T00:58:07.190Z,15604,1000000,1180000
2026-09-20T00:58:07.190Z,19739,2080000,2168000
2026-09-20T00:58:07.190Z,47975,44250,48410
2026-09-20T00:58:07.190Z,13998,90390000,107500000
2026-09-20T00:58:07.190Z,5945,538300,588500
2026-09-20T00:58:07.190Z,16661,600.2,699.9
2026-09-20T00:58:07.190Z,31049,284000000,427800000
2026-09-20T00:58:07.190Z,31358,650800,740900
2026-09-20T00:58:07.190Z,12789,72,79.92
2026-09-20T00:58:07.190Z,2420,3840000,4170000
2026-09-20T00:58:07.190Z,33283,73150000,464400000
2026-09-20T00:58:07.190Z,47037,18100000,23260000
2026-09-20T00:58:07.190Z,2048,343500,353000
2026-09-20T00:58:07.190Z,10222,90020000,97870000
2026-09-20T00:58:07.190Z,15898,14710000,20620000
2026-09-20T00:58:07.190Z,47500,441600,2983000
2026-09-20T00:58:07.190Z,62406,29080,33500
2026-09-20T00:58:07.190Z,2539,476400,631400
2026-09-20T00:58:07.190Z,22126,43930000,50940000
2026-09-20T00:58:07.190Z,47901,2152000,2508000
2026-09-20T00:58:07.190Z,31384,,923200
2026-09-20T00:58:07.190Z,5320,5800,9345
2026-09-20T00:58:07.190Z,2811,1452,1631
2026-09-20T00:58:07.190Z,33583,20630000,63170000
2026-09-20T00:58:07.190Z,40568,24670000,31410000
2026-09-20T00:58:07.190Z,4051,16380,17280
2026-09-20T00:58:07.190Z,13997,191700,299600
2026-09-20T00:58:07.190Z,60291,121600,210000
2026-09-20T00:58:07.190Z,14234,13410000,15550000
2026-09-20T00:58:07.190Z,4136,300000,9980000
2026-09-20T00:58:07.190Z,31374,19500000,20800000
2026-09-20T00:58:07.190Z,26376,63020000,89250000
2026-09-20T00:58:07.190Z,23152,19180000,21200000
2026-09-20T00:58:07.190Z,16264,178100,218000
2026-09-20T00:58:07.190Z,10226,85000000,97960000
2026-09-20T00:58:07.190Z,4025,7020,14700
2026-09-20T00:58:07.190Z,56134,8050,8051
2026-09-20T00:58:07.190Z,20739,2135,3377
2026-09-20T00:58:07.190Z,52311,425500,469500
2026-09-20T00:58:07.190Z,28576,506600,568900
2026-09-20T00:58:07.190Z,17233,35000,35010
2026-09-20T00:58:07.190Z,19239,100700,747000
2026-09-20T00:58:07.190Z,48383,76010000,136000000
2026-09-20T00:58:07.190Z,17924,84730000,97150000
2026-09-20T00:58:07.190Z,88601,20000,93100
2026-09-20T00:58:07.190Z,9135,43010,63010
2026-09-20T00:58:07.190Z,16057,50150000,124200000
2026-09-20T00:58:07.190Z,85662,296500000,444800000
2026-09-20T00:58:07.190Z,25908,1520000,6064000
2026-09-20T00:58:07.190Z,47750,819300,1199000
2026-09-20T00:58:07.190Z,54753,852900000,973800000
2026-09-20T00:58:07.190Z,11443,850100,3400000
2026-09-20T00:58:07.190Z,2553,662500,756900
2026-09-20T00:58:07.190Z,12052,254800,361100
2026-09-20T00:58:07.190Z,25563,1234000,1595000
2026-09-20T00:58:07.190Z,92819,231.5,255
2026-09-20T00:58:07.190Z,27579,9023000,31860000
2026-09-20T00:58:07.190Z,27405,960.2,1008
2026-09-20T00:58:07.190Z,85475,25290000,51990000
2026-09-20T00:58:07.190Z,20419,80230,95000
2026-09-20T00:58:07.190Z,42211,133100000,148000000
2026-09-20T00:58:07.190Z,62553,1980,2224
2026-09-20T00:58:07.190Z,96330,10110000,12960000
2026-09-20T00:58:07.190Z,29988,214900000,246400000
2026-09-20T00:58:07.190Z,18853,2772000,10490000
2026-09-20T00:58:07.190Z,41054,683400,726500
2026-09-20T00:58:07.190Z,8295,2033,4573
2026-09-20T00:58:07.190Z,42209,351800000,392400000
2026-09-20T00:58:07.190Z,41614,,99000000
2026-09-20T00:58:07.190Z,17536,72360000,299600000
2026-09-20T00:58:07.190Z,19922,89620,999000
2026-09-20T00:58:07.190Z,233,25,54
2026-09-20T00:58:07.190Z,21720,8798000,9590000
2026-09-20T00:58:07.190Z,31468,0.11,125900
2026-09-20T00:58:07.190Z,19223,53110000,56900000
2026-09-20T00:58:07.190Z,48416,43590,100000
2026-09-20T00:58:07.190Z,14258,103200000,117700000
2026-09-20T00:58:07.190Z,38,659.5,699.1
2026-09-20T00:58:07.190Z,95398,36100,100000
2026-09-20T00:58:07.190Z,40326,177100,1000000
2026-09-20T00:58:07.190Z,60297,153000,294500
2026-09-20T00:58:07.190Z,61127,2171000,27550000
2026-09-20T00:58:07.190Z,92467,333500,447900
2026-09-20T00:58:07.190Z,19029,39620000,42940000
2026-09-20T00:58:07.190Z,25718,1040000,1954000
2026-09-20T00:58:07.190Z,20210,332000,748800
2026-09-20T00:58:07.190Z,41264,56.24,500
2026-09-20T00:58:07.190Z,23117,634600,986900
2026-09-20T00:58:07.190Z,20353,2725000,3200000
2026-09-20T00:58:07.190Z,30028,39490,47460
2026-09-20T00:58:07.190Z,16481,3100,59640
2026-09-20T00:58:07.190Z,19200,136500000,146300000
2026-09-20T00:58:07.190Z,78333,86080000,93780000
2026-09-20T00:58:07.190Z,11379,19960000,20860000
2026-09-20T00:58:07.190Z,17814,6101000,8636000
2026-09-20T00:58:07.190Z,90522,74540,384200
2026-09-20T00:58:07.190Z,95721,1,14100000
2026-09-20T00:58:07.190Z,6003,3923,5400
2026-09-20T00:58:07.190Z,15768,96670000,122800000
2026-09-20T00:58:07.190Z,2998,89060000,94930000
2026-09-20T00:58:07.190Z,28363,230300,273900
2026-09-20T00:58:07.190Z,47902,9370000,9990000
2026-09-20T00:58:07.190Z,85538,3424000,18850000
2026-09-20T00:58:07.190Z,21722,2770000,2891000
2026-09-20T00:58:07.190Z,44268,82.02,215
2026-09-20T00:58:07.190Z,24698,43110000,49980000
2026-09-20T00:58:07.190Z,17728,374400000,400700000
2026-09-20T00:58:07.190Z,9830,10940,11870
2026-09-20T00:58:07.190Z,28668,24510,25620
2026-09-20T00:58:07.190Z,41220,53810000,59340000
2026-09-20T00:58:07.190Z,33555,87590000,116500000
2026-09-20T00:58:07.190Z,34049,20400000,69900000
2026-09-20T00:58:07.190Z,9680,12010,25140
2026-09-20T00:58:07.190Z,92461,351900,427200
2026-09-20T00:58:07.190Z,83377,40010,479200
2026-09-20T00:58:07.190Z,24417,865500,946200
2026-09-20T00:58:07.190Z,37544,5000,10960
2026-09-20T00:58:07.190Z,2182,5807,11940
2026-09-20T00:58:07.190Z,17812,5500000,7648000
2026-09-20T00:58:07.190Z,2321,13590,15990
2026-09-20T00:58:07.190Z,37481,38630000,44450000
2026-09-20T00:58:07.190Z,90472,57400,700000
2026-09-20T00:58:07.190Z,17440,526.7,700
2026-09-20T00:58:07.190Z,33466,18010,21990
2026-09-20T00:58:07.190Z,41055,673500,744200
2026-09-20T00:58:07.190Z,91256,230100000,349900000
2026-09-20T00:58:07.190Z,2331,1214,21980
2026-09-20T00:58:07.190Z,47919,61000000,65600000
2026-09-20T00:58:07.190Z,37846,6854,9990
2026-09-20T00:58:07.190Z,33746,16000000,54990000
2026-09-20T00:58:07.190Z,30618,226800,253900
2026-09-20T00:58:07.190Z,15747,15980000,21790000
2026-09-20T00:58:07.190Z,93361,20000,71980
2026-09-20T00:58:07.190Z,4405,800800,879500
2026-09-20T00:58:07.190Z,4471,9308,14580
2026-09-20T00:58:07.190Z,13972,3711000,4249000
2026-09-20T00:58:07.190Z,76488,3000000,4893000
2026-09-20T00:58:07.190Z,11371,17680000,18330000
2026-09-20T00:58:07.190Z,18797,6502000,8496000
2026-09-20T00:58:07.190Z,1232,4000,4499
2026-09-20T00:58:07.190Z,10204,1262000,1798000
2026-09-20T00:58:07.190Z,90523,14220000,16100000
2026-09-20T00:58:07.190Z,80441,500100,4292000
2026-09-20T00:58:07.190Z,11082,397500,850900
2026-09-20T00:58:07.190Z,27179,148000000,172600000
2026-09-20T00:58:07.190Z,84073,1014000,5996000
2026-09-20T00:58:07.190Z,16636,306.2,361.7
2026-09-20T00:58:07.190Z,3683,436.4,440
2026-09-20T00:58:07.190Z,2398,376,404
2026-09-20T00:58:07.190Z,3074,580200,580500
2026-09-20T00:58:07.190Z,19107,8375000,9990000
2026-09-20T00:58:07.190Z,56141,21180000,27000000
2026-09-20T00:58:07.190Z,11319,310300,310400
2026-09-20T00:58:07.190Z,56288,777000000,950000000
2026-09-20T00:58:07.190Z,621,9015000,10000000
2026-09-20T00:58:07.190Z,217,7.94,13.9
2026-09-20T00:58:07.190Z,201,220.1,251.9
2026-09-20T00:58:07.190Z,8103,15140,16780
2026-09-20T00:58:07.190Z,82466,100000,593300
2026-09-20T00:58:07.190Z,23061,4980000,5100000
2026-09-20T00:58:07.190Z,5221,923.5,11760
2026-09-20T00:58:07.190Z,27176,14320000,25460000
2026-09-20T00:58:07.190Z,5493,46840,59770
2026-09-20T00:58:07.190Z,189,32.15,33.9
2026-09-20T00:58:07.190Z,8025,646.6,9480
2026-09-20T00:58:07.190Z,266,3.7,4.99
2026-09-20T00:58:07.190Z,26286,55240000,69980000
2026-09-20T00:58:07.190Z,6296,2810,3600
2026-09-20T00:58:07.190Z,16305,6011,6013
2026-09-20T00:58:07.190Z,5403,18630,23780
2026-09-20T00:58:07.190Z,83060,20000,489900
2026-09-20T00:58:07.190Z,93712,4002000,132400000
2026-09-20T00:58:07.190Z,3180,455800,587200000
2026-09-20T00:58:07.190Z,25237,53220,68500
2026-09-20T00:58:07.190Z,44183,25000,999900
2026-09-20T00:58:07.190Z,30745,458300,484000
2026-09-20T00:58:07.190Z,14021,5673,14630
2026-09-20T00:58:07.190Z,3693,11710,12370
2026-09-20T00:58:07.190Z,642,138700000,150900000
2026-09-20T00:58:07.190Z,56848,18060000,32850000
2026-09-20T00:58:07.190Z,92969,64000000,70000000
2026-09-20T00:58:07.190Z,75283,2605,3490
2026-09-20T00:58:07.190Z,57732,809400,1784000
2026-09-20T00:58:07.190Z,22977,436.3,612.7
2026-09-20T00:58:07.190Z,16670,80.12,82.99
2026-09-20T00:58:07.190Z,25900,8012000,18290000
2026-09-20T00:58:07.190Z,53302,8547,10690
2026-09-20T00:58:07.190Z,33681,195000000,210500000
2026-09-20T00:58:07.190Z,5281,2094,8645
2026-09-20T00:58:07.190Z,55325,0.02,95000
2026-09-20T00:58:07.190Z,5839,1411000,1686000
2026-09-20T00:58:07.190Z,87507,901000,6930000
2026-09-20T00:58:07.190Z,30746,1398000,1440000
2026-09-20T00:58:07.190Z,88622,20000,400000
2026-09-20T00:58:07.190Z,40355,44180000,50200000
2026-09-20T00:58:07.190Z,36912,21760000,34900000
2026-09-20T00:58:07.190Z,603,94700,120000
2026-09-20T00:58:07.190Z,19311,66390000,77390000
2026-09-20T00:58:07.190Z,33780,3065000,19890000
2026-09-20T00:58:07.190Z,49736,2168000,3820000
2026-09-20T00:58:07.190Z,29079,55080,1399000
2026-09-20T00:58:07.190Z,58882,5100000,18990000
2026-09-20T00:58:07.190Z,24443,724800,983200
2026-09-20T00:58:07.190Z,17476,34320000,39000000
2026-09-20T00:58:07.190Z,20448,13050000,73920000
2026-09-20T00:58:07.190Z,42564,0.02,2600000000
2026-09-20T00:58:07.190Z,197,36,62.99
2026-09-20T00:58:07.190Z,626,9923000,11880000
2026-09-20T00:58:07.190Z,22559,42530000,46150000
2026-09-20T00:58:07.190Z,599,161500,242800
2026-09-20T00:58:07.190Z,18923,30030000,60090000
2026-09-20T00:58:07.190Z,47918,30140000,33100000
2026-09-20T00:58:07.190Z,3213,334000000,668100000
2026-09-20T00:58:07.190Z,11325,537500,589000
2026-09-20T00:58:07.190Z,13927,9112000,10090000
2026-09-20T00:58:07.190Z,18813,3646000,8598000
2026-09-20T00:58:07.190Z,37624,62870000,70580000
2026-09-20T00:58:07.190Z,45591,35620000,38800000
2026-09-20T00:58:07.190Z,19181,100200000,113700000
2026-09-20T00:58:07.190Z,25595,1929,2173
2026-09-20T00:58:07.190Z,23015,2023,2194
2026-09-20T00:58:07.190Z,43689,16220000,39750000
2026-09-20T00:58:07.190Z,23128,19010000,22390000
2026-09-20T00:58:07.190Z,55760,776400,850000
2026-09-20T00:58:07.190Z,5723,170100,199000
2026-09-20T00:58:07.190Z,16673,46.07,47
2026-09-20T00:58:07.190Z,41034,43150,63800
2026-09-20T00:58:07.190Z,57452,11810000,12300000
2026-09-20T00:58:07.190Z,8427,68740,99860
2026-09-20T00:58:07.190Z,20110,1593000,2118000
2026-09-20T00:58:07.190Z,12484,1876000,2555000
2026-09-20T00:58:07.190Z,14260,45900000,51110000
2026-09-20T00:58:07.190Z,3841,819500,891000
2026-09-20T00:58:07.190Z,14045,31920000,40100000
2026-09-20T00:58:07.190Z,92039,6023000,14730000
2026-09-20T00:58:07.190Z,45998,5879000,6359000
2026-09-20T00:58:07.190Z,46003,15030000,16090000
2026-09-20T00:58:07.190Z,21740,5083,6346
2026-09-20T00:58:07.190Z,17888,571,605.2
2026-09-20T00:58:07.190Z,19081,4349000,5896000
2026-09-20T00:58:07.190Z,62402,10370,10800
2026-09-20T00:58:07.190Z,4246,16160,17300
2026-09-20T00:58:07.190Z,52436,2600000,7887000
2026-09-20T00:58:07.190Z,46370,334100,997200
2026-09-20T00:58:07.190Z,9646,21020,29500
2026-09-20T00:58:07.190Z,3088,112000,5244000
2026-09-20T00:58:07.190Z,45741,20980000,43820000
2026-09-20T00:58:07.190Z,64203,10110000,136900000
2026-09-20T00:58:07.190Z,62548,661.4,818.6
2026-09-20T00:58:07.190Z,17491,46230000,74740000
2026-09-20T00:58:07.190Z,24694,136100000,149500000
2026-09-20T00:58:07.190Z,20741,4271,4665
2026-09-20T00:58:07.190Z,84172,147100,823100
2026-09-20T00:58:07.190Z,28691,75550,125000
2026-09-20T00:58:07.190Z,60031,1324000,5130000
2026-09-20T00:58:07.190Z,57443,11720000,12400000
2026-09-20T00:58:07.190Z,94008,1089000000,1691000000
2026-09-20T00:58:07.190Z,6963,55000,84980
2026-09-20T00:58:07.190Z,87235,7003000,18470000
2026-09-20T00:58:07.190Z,17231,25000,25010
2026-09-20T00:58:07.190Z,19219,5179000,5888000
2026-09-20T00:58:07.190Z,2364,771100,840000
2026-09-20T00:58:07.190Z,77398,136100000,188900000
2026-09-20T00:58:07.190Z,14061,5714000,6896000
2026-09-20T00:58:07.190Z,48113,38530000,41240000
2026-09-20T00:58:07.190Z,41059,91740000,104600000
2026-09-20T00:58:07.190Z,45612,30690000,34670000
2026-09-20T00:58:07.190Z,23801,41270000,69770000
2026-09-20T00:58:07.190Z,31328,2951000,3314000
2026-09-20T00:58:07.190Z,87465,26570,16540000
2026-09-20T00:58:07.190Z,27131,371700,703600
2026-09-20T00:58:07.190Z,18897,60200000,86890000
2026-09-20T00:58:07.190Z,28201,400000,448000
2026-09-20T00:58:07.190Z,13957,76630000,90500000
2026-09-20T00:58:07.190Z,2185,498100,794700
2026-09-20T00:58:07.190Z,23563,204200,252700
2026-09-20T00:58:07.190Z,7663,78310,104200
2026-09-20T00:58:07.190Z,3232,75000000,83240000
2026-09-20T00:58:07.190Z,8863,182300,254800
2026-09-20T00:58:07.190Z,8335,600.8,8494
2026-09-20T00:58:07.190Z,76495,3248000,9782000
2026-09-20T00:58:07.190Z,62550,704.6,1000
2026-09-20T00:58:07.190Z,88681,1000,773000
2026-09-20T00:58:07.190Z,60474,3208000,3210000
2026-09-20T00:58:07.190Z,17898,80190,97920
2026-09-20T00:58:07.190Z,41250,75220000,104400000
2026-09-20T00:58:07.190Z,14126,6002000,7095000
2026-09-20T00:58:07.190Z,16239,177800,8416400
2026-09-20T00:58:07.190Z,19282,111500000,126000000
2026-09-20T00:58:07.190Z,54376,91190000,178900000
2026-09-20T00:58:07.190Z,2404,740500,796000
2026-09-20T00:58:07.190Z,90405,561700000,870000000
2026-09-20T00:58:07.190Z,14100,39590000,44500000
2026-09-20T00:58:07.190Z,3218,355100000,480000000
2026-09-20T00:58:07.190Z,33830,2192000,4971000
2026-09-20T00:58:07.190Z,22125,32380000,39280000
2026-09-20T00:58:07.190Z,628,8091000,9067000
2026-09-20T00:58:07.190Z,62645,1024,6964000
2026-09-20T00:58:07.190Z,20199,5896000,6789000
2026-09-20T00:58:07.190Z,12828,262000,352200
2026-09-20T00:58:07.190Z,14067,20470000,20480000
2026-09-20T00:58:07.190Z,18682,67090000,76100000
2026-09-20T00:58:07.190Z,62467,2782,2918
2026-09-20T00:58:07.190Z,21017,15650000,17450000
2026-09-20T00:58:07.190Z,47885,320.5,375
2026-09-20T00:58:07.190Z,16519,20150,38140
2026-09-20T00:58:07.190Z,25812,4438000,4877000
2026-09-20T00:58:07.190Z,88634,10000,4998000
2026-09-20T00:58:07.190Z,1197,2504,6987
2026-09-20T00:58:07.190Z,54771,19170,22880
2026-09-20T00:58:07.190Z,49711,134100000,146800000
2026-09-20T00:58:07.190Z,37135,9030000,11460000
2026-09-20T00:58:07.190Z,79722,699300,4904000
2026-09-20T00:58:07.190Z,33139,2046000,2450000
2026-09-20T00:58:07.190Z,31752,16330,27930
2026-09-20T00:58:07.190Z,20424,13480,23990
2026-09-20T00:58:07.190Z,2281,1644000,1836000
2026-09-20T00:58:07.190Z,63241,3684,898100
2026-09-20T00:58:07.190Z,14254,104800000,110000000
2026-09-20T00:58:07.190Z,19319,27000000,33770000
2026-09-20T00:58:07.190Z,31065,1200000,1697000
2026-09-20T00:58:07.190Z,18941,65490000,72870000
2026-09-20T00:58:07.190Z,58950,35580000,63960000
2026-09-20T00:58:07.190Z,9850,124.9,625
2026-09-20T00:58:07.190Z,462,930500,1589000
2026-09-20T00:58:07.190Z,23902,33370000,62470000
2026-09-20T00:58:07.190Z,53365,979400,3679000
2026-09-20T00:58:07.190Z,47013,,8992000
2026-09-20T00:58:07.190Z,31916,22890000,29350000
2026-09-20T00:58:07.190Z,60468,1527000,1935000
2026-09-20T00:58:07.190Z,17559,50020000,59880000
2026-09-20T00:58:07.190Z,57457,3465,3705
2026-09-20T00:58:07.190Z,2531,576000,799800
2026-09-20T00:58:07.190Z,47831,5119000,6463000
2026-09-20T00:58:07.190Z,2346,60050,84890
2026-09-20T00:58:07.190Z,1335,170300,213000
2026-09-20T00:58:07.190Z,11194,14040000,16520000
2026-09-20T00:58:07.190Z,34628,48800000,224700000
2026-09-20T00:58:07.190Z,85641,519900000,694000000
2026-09-20T00:58:07.190Z,47734,13050000,14220000
2026-09-20T00:58:07.190Z,47907,23500000,25620000
2026-09-20T00:58:07.190Z,85559,39200000,47940000
2026-09-20T00:58:07.190Z,73399,6002000,8900000
2026-09-20T00:58:07.190Z,49733,13920000,16040000
2026-09-20T00:58:07.190Z,90528,2607000,3866000
2026-09-20T00:58:07.190Z,93667,2050000,64460000
2026-09-20T00:58:07.190Z,84414,39130,848000
2026-09-20T00:58:07.190Z,92375,172500,345700
2026-09-20T00:58:07.190Z,19135,9259000,16030000
2026-09-20T00:58:07.190Z,85640,120900,1600000
2026-09-20T00:58:07.190Z,49739,2361000,3136000
2026-09-20T00:58:07.190Z,34206,263100,280000
2026-09-20T00:58:07.190Z,4348,558400000,659900000
2026-09-20T00:58:07.190Z,93270,405900000,1141000000
2026-09-20T00:58:07.190Z,2401,753.1,778.9
2026-09-20T00:58:07.190Z,88606,160100,872000
2026-09-20T00:58:07.190Z,81051,52860,80410
2026-09-20T00:58:07.190Z,14146,48070000,55720000
2026-09-20T00:58:07.190Z,89240,2947000,3373000
2026-09-20T00:58:07.190Z,19684,10520000,17400000
2026-09-20T00:58:07.190Z,21906,429.8,539.6
2026-09-20T00:58:07.190Z,48426,1575000,2615000
2026-09-20T00:58:07.190Z,2006,9983000,10910000
2026-09-20T00:58:07.190Z,20281,53010,522349680
2026-09-20T00:58:07.190Z,47450,166800,666700
2026-09-20T00:58:07.190Z,56077,764000,949100
2026-09-20T00:58:07.190Z,47192,11000,1699000
2026-09-20T00:58:07.190Z,4248,5811000,7648000
2026-09-20T00:58:07.190Z,11539,36870,41660
2026-09-20T00:58:07.190Z,23131,3047,5000
2026-09-20T00:58:07.190Z,17871,11830000,14370000
2026-09-20T00:58:07.190Z,17301,6002,5000000
2026-09-20T00:58:07.190Z,60566,1500000,6000000
2026-09-20T00:58:07.190Z,23705,23280,35270
2026-09-20T00:58:07.190Z,85391,51030,59140
2026-09-20T00:58:07.190Z,76963,51.79,409.9
2026-09-20T00:58:07.190Z,60670,19000,789000
2026-09-20T00:58:07.190Z,23139,890500,1638000
2026-09-20T00:58:07.190Z,2937,836500,1365000
2026-09-20T00:58:07.190Z,23003,451.6,1375
2026-09-20T00:58:07.190Z,89672,320000000,1355000000
2026-09-20T00:58:07.190Z,31023,,1366000
2026-09-20T00:58:07.190Z,19013,15700000,20860000
2026-09-20T00:58:07.190Z,44265,1131,1132
2026-09-20T00:58:07.190Z,22615,655200000,849500000
2026-09-20T00:58:07.190Z,28758,34000000,35410000
2026-09-20T00:58:07.190Z,3142,75530000,98940000
2026-09-20T00:58:07.190Z,3281,15760,13790000
2026-09-20T00:58:07.190Z,56596,650000,4160000
2026-09-20T00:58:07.190Z,22119,26330000,31980000
2026-09-20T00:58:07.190Z,23136,215700,380000
2026-09-20T00:58:07.190Z,34175,111000,370000
2026-09-20T00:58:07.190Z,60674,7120,984000
2026-09-20T00:58:07.190Z,35662,513500,570600
2026-09-20T00:58:07.190Z,60213,1200000,4992000
2026-09-20T00:58:07.190Z,37610,2704000,2879000
2026-09-20T00:58:07.190Z,47323,154800000,238400000
2026-09-20T00:58:07.190Z,49790,50370000,74020000
2026-09-20T00:58:07.190Z,43843,201100,14500000
2026-09-20T00:58:07.190Z,19149,28640000,30110000
2026-09-20T00:58:07.190Z,16451,40130,95000
2026-09-20T00:58:07.190Z,89618,271200000,380700000
2026-09-20T00:58:07.190Z,11538,40450,41750
2026-09-20T00:58:07.190Z,95673,1027000,2879000
2026-09-20T00:58:07.190Z,60224,700100,6888000
2026-09-20T00:58:07.190Z,45615,33780000,35620000
2026-09-20T00:58:07.190Z,34177,3120000,25120000
2026-09-20T00:58:07.190Z,91131,30000000,34600000
2026-09-20T00:58:07.190Z,90050,410000,995900
2026-09-20T00:58:07.190Z,19229,23370000,27200000
2026-09-20T00:58:07.190Z,190,23.01,59.8
2026-09-20T00:58:07.190Z,53855,45820000,89860000
2026-09-20T00:58:07.190Z,7997,14020,42200
2026-09-20T00:58:07.190Z,33229,117000,3900000
2026-09-20T00:58:07.190Z,33140,25830000,31480000
2026-09-20T00:58:07.190Z,40523,3478000,43380000
2026-09-20T00:58:07.190Z,48386,2403000,6352000
2026-09-20T00:58:07.190Z,25278,25390,32750
2026-09-20T00:58:07.190Z,19227,25890000,28800000
2026-09-20T00:58:07.190Z,11558,30370,30570
2026-09-20T00:58:07.190Z,59221,416700000,3155000000
2026-09-20T00:58:07.190Z,2288,1.25,1.49
2026-09-20T00:58:07.190Z,638,144900000,164800000
2026-09-20T00:58:07.190Z,13827,43290000,49800000
2026-09-20T00:58:07.190Z,57117,86210000,114200000
2026-09-20T00:58:07.190Z,45660,8800,10420
2026-09-20T00:58:07.190Z,55613,1000,80000
2026-09-20T00:58:07.190Z,41456,315100000,347500000
2026-09-20T00:58:07.190Z,15479,1241000,1487000
2026-09-20T00:58:07.190Z,8177,5000,9995
2026-09-20T00:58:07.190Z,13813,119000,2100000
2026-09-20T00:58:07.190Z,14096,75020,299800
2026-09-20T00:58:07.190Z,23053,1366,1499
2026-09-20T00:58:07.190Z,20413,93150,101000
2026-09-20T00:58:07.190Z,8748,8114,13990
2026-09-20T00:58:07.190Z,56282,1486000000,2983000000
2026-09-20T00:58:07.190Z,2876,1937000,2164000
2026-09-20T00:58:07.190Z,15709,11000000,13790000
2026-09-20T00:58:07.190Z,44145,10000,876400
2026-09-20T00:58:07.190Z,13781,11120000,28990000
2026-09-20T00:58:07.190Z,14072,46050000,48950000
2026-09-20T00:58:07.190Z,87509,4265000,7997000
2026-09-20T00:58:07.190Z,29996,9014000,23940000
2026-09-20T00:58:07.190Z,17619,7216000,7973000
2026-09-20T00:58:07.190Z,85785,1001,467200
2026-09-20T00:58:07.190Z,20631,28880000,34000000
2026-09-20T00:58:07.190Z,33969,2226000,8000000
2026-09-20T00:58:07.190Z,40345,13600000,17400000
2026-09-20T00:58:07.190Z,42695,508,642.3
2026-09-20T00:58:07.190Z,15614,142500,142800
2026-09-20T00:58:07.190Z,28710,894700000,954800000
2026-09-20T00:58:07.190Z,3550,388300000,475600000
2026-09-20T00:58:07.190Z,1248,463100,513200
2026-09-20T00:58:07.190Z,14298,3515000,3996000
2026-09-20T00:58:07.190Z,264,67.04,696
2026-09-20T00:58:07.190Z,11532,31330,33780
2026-09-20T00:58:07.190Z,15723,182100,1182000
2026-09-20T00:58:07.190Z,90640,80030,5998000
2026-09-20T00:58:07.190Z,91284,41360,1481000
2026-09-20T00:58:07.190Z,31029,7329000,9242000
2026-09-20T00:58:07.190Z,14220,15040000,29020000
2026-09-20T00:58:07.190Z,95408,26110,50000
2026-09-20T00:58:07.190Z,9678,453000,558000
2026-09-20T00:58:07.190Z,11552,35650,43440
2026-09-20T00:58:07.190Z,1227,101.7,124
2026-09-20T00:58:07.190Z,25530,65450000,79950000
2026-09-20T00:58:07.190Z,24546,0.01,3141342800
2026-09-20T00:58:07.190Z,35771,657400,735900
2026-09-20T00:58:07.190Z,96332,10010000,16980000
2026-09-20T00:58:07.190Z,42696,129.9,472.6
2026-09-20T00:58:07.190Z,37565,9020,26990000
2026-09-20T00:58:07.190Z,14844,3663000000,6315000000
2026-09-20T00:58:07.190Z,3149,4845000,5663000
2026-09-20T00:58:07.190Z,47837,30780000,55830000
2026-09-20T00:58:07.190Z,11746,309.7,1495
2026-09-20T00:58:07.190Z,28780,73270000,84740000
2026-09-20T00:58:07.190Z,15780,8062000,13100000
2026-09-20T00:58:07.190Z,53984,211600,229000
2026-09-20T00:58:07.190Z,25598,2850,2852
2026-09-20T00:58:07.190Z,2173,25360,29250
2026-09-20T00:58:07.190Z,14236,55390000,63290000
2026-09-20T00:58:07.190Z,47140,7260000,8997000
2026-09-20T00:58:07.190Z,74153,10060000,22000000
2026-09-20T00:58:07.190Z,15905,25000000,39060000
2026-09-20T00:58:07.190Z,89156,27000000,34000000
2026-09-20T00:58:07.190Z,90458,1023,69700
2026-09-20T00:58:07.190Z,23813,22580000,49680000
2026-09-20T00:58:07.190Z,31998,45480,52180
2026-09-20T00:58:07.190Z,31918,14960000,16780000
2026-09-20T00:58:07.190Z,62632,27350000,34090000
2026-09-20T00:58:07.190Z,12023,138300000,147800000
2026-09-20T00:58:07.190Z,200,66,184.9
2026-09-20T00:58:07.190Z,31736,2139000,3379000
2026-09-20T00:58:07.190Z,57734,1181000,2878000
2026-09-20T00:58:07.190Z,2872,1735000,1894000
2026-09-20T00:58:07.190Z,33941,52000000,59990000
2026-09-20T00:58:07.190Z,18949,24730000,36920000
2026-09-20T00:58:07.190Z,62528,31.15,34
2026-09-20T00:58:07.190Z,14266,50320000,50900000
2026-09-20T00:58:07.190Z,12485,2060000,3296000
2026-09-20T00:58:07.190Z,44911,228300,24860000
2026-09-20T00:58:07.190Z,22613,102100000,124600000
2026-09-20T00:58:07.190Z,21590,11.2,53.3
2026-09-20T00:58:07.190Z,33141,36030000,39880000
2026-09-20T00:58:07.190Z,26931,950000,1109000
2026-09-20T00:58:07.190Z,20991,18390,18400
2026-09-20T00:58:07.190Z,42685,12850000,13830000
2026-09-20T00:58:07.190Z,16062,62350000,66420000
2026-09-20T00:58:07.190Z,21076,23980,149900
2026-09-20T00:58:07.190Z,33618,21520000,23500000
2026-09-20T00:58:07.190Z,2286,3.11,4.51
2026-09-20T00:58:07.190Z,2929,3690000,4023000
2026-09-20T00:58:07.190Z,90471,41010,224800
2026-09-20T00:58:07.190Z,95413,96000000,185700000
2026-09-20T00:58:07.190Z,23093,313500,388000
2026-09-20T00:58:07.190Z,13976,7328000,9112000
2026-09-20T00:58:07.190Z,85972,380200000,1190000000
2026-09-20T00:58:07.190Z,86117,2443000,6346000
2026-09-20T00:58:07.190Z,42782,500600,5909000
2026-09-20T00:58:07.190Z,53714,940300000,1048000000
2026-09-20T00:58:07.190Z,14150,17550000,27030000
2026-09-20T00:58:07.190Z,3504,1382000,1489000
2026-09-20T00:58:07.190Z,90653,241100,14530000
2026-09-20T00:58:07.190Z,92456,133800000,167300000
2026-09-20T00:58:07.190Z,84087,79300000,93210000
2026-09-20T00:58:07.190Z,16048,54240000,90070000
2026-09-20T00:58:07.190Z,20053,10.14,775.9
2026-09-20T00:58:07.190Z,14768,259700000,482100000
2026-09-20T00:58:07.190Z,45633,32680000,35170000
2026-09-20T00:58:07.190Z,48437,42730000,45880000
2026-09-20T00:58:07.190Z,62555,2007,2200
2026-09-20T00:58:07.190Z,593,304000,413800
2026-09-20T00:58:07.190Z,15804,94430000,106300000
2026-09-20T00:58:07.190Z,84086,90710000,126200000
2026-09-20T00:58:07.190Z,18692,40610000,45190000
2026-09-20T00:58:07.190Z,96042,2530000,8368000
2026-09-20T00:58:07.190Z,1183,433000,463000
2026-09-20T00:58:07.190Z,81026,7126000,19890000
2026-09-20T00:58:07.190Z,54322,11150,1145000
2026-09-20T00:58:07.190Z,56076,850100,1270000
2026-09-20T00:58:07.190Z,30013,5101,8589
2026-09-20T00:58:07.190Z,89649,42110000,44950000
2026-09-20T00:58:07.190Z,50033,23000000,219300000
2026-09-20T00:58:07.190Z,32341,35010000,350000000
2026-09-20T00:58:07.190Z,31904,8750000,12310000
2026-09-20T00:58:07.190Z,45596,34480000,38770000
2026-09-20T00:58:07.190Z,45769,,949900
2026-09-20T00:58:07.190Z,14230,37830000,43400000
2026-09-20T00:58:07.190Z,15602,615200,615300
2026-09-20T00:58:07.190Z,19221,3083000,5496000
2026-09-20T00:58:07.190Z,587,261100,308700
2026-09-20T00:58:07.190Z,85645,392900000,474700000
2026-09-20T00:58:07.190Z,36954,150400000,200000000
2026-09-20T00:58:07.190Z,56074,119900,149900
2026-09-20T00:58:07.190Z,12773,91.2,125
2026-09-20T00:58:07.190Z,31119,62060,220700
2026-09-20T00:58:07.190Z,83270,60000,316700
2026-09-20T00:58:07.190Z,13945,65690000,72910000
2026-09-20T00:58:07.190Z,18666,104700000,119000000
2026-09-20T00:58:07.190Z,63253,128800000,289400000
2026-09-20T00:58:07.190Z,92283,130200000,162100000
2026-09-20T00:58:07.190Z,62464,1314,1499
2026-09-20T00:58:07.190Z,23811,,71610000
2026-09-20T00:58:07.190Z,10872,12000,16500
2026-09-20T00:58:07.190Z,23137,9954000,11990000
2026-09-20T00:58:07.190Z,74523,11.3,19.9
2026-09-20T00:58:07.190Z,11311,111100,147400
2026-09-20T00:58:07.190Z,91921,1731000,3853000
2026-09-20T00:58:07.190Z,22534,20690000,22500000
2026-09-20T00:58:07.190Z,21725,2018000,2400000
2026-09-20T00:58:07.190Z,83313,10000,91900
2026-09-20T00:58:07.190Z,46000,36870000,38250000
2026-09-20T00:58:07.190Z,41332,1266000,1451000
2026-09-20T00:58:07.190Z,90414,320400000,399900000
2026-09-20T00:58:07.190Z,52679,14000000,41910000
2026-09-20T00:58:07.190Z,4306,55870000,72950000
2026-09-20T00:58:07.190Z,11481,426.2,539
2026-09-20T00:58:07.190Z,32876,804600,894600
2026-09-20T00:58:07.190Z,33828,2629000,6090000
2026-09-20T00:58:07.190Z,28606,1084000000,1164000000
2026-09-20T00:58:07.190Z,31137,1502000,4820000
2026-09-20T00:58:07.190Z,24688,130000000,141200000
2026-09-20T00:58:07.190Z,12777,129.6,145.8
2026-09-20T00:58:07.190Z,33157,105100000,113000000
2026-09-20T00:58:07.190Z,30372,7600,7675
2026-09-20T00:58:07.190Z,87803,9817000,35670000
2026-09-20T00:58:07.190Z,88584,1001,96970
2026-09-20T00:58:07.190Z,22879,17920000,43900000
2026-09-20T00:58:07.190Z,49646,500000,7500000
2026-09-20T00:58:07.190Z,27198,22300000,26010000
2026-09-20T00:58:07.190Z,13988,1235000,5241000
2026-09-20T00:58:07.190Z,22895,8228000,12760000
2026-09-20T00:58:07.190Z,29011,11010,12740
2026-09-20T00:58:07.190Z,84399,2806,3460
2026-09-20T00:58:07.190Z,2508,285.2,305
2026-09-20T00:58:07.190Z,54733,1039000000,1119000000
2026-09-20T00:58:07.190Z,61204,252800,3448000
2026-09-20T00:58:07.190Z,19699,20010000,22990000
2026-09-20T00:58:07.190Z,17478,37090000,40490000
2026-09-20T00:58:07.190Z,3268,1516000,5747000
2026-09-20T00:58:07.190Z,16004,108000000,118900000
2026-09-20T00:58:07.190Z,19283,9784000,9999000
2026-09-20T00:58:07.190Z,24511,442,490.1
2026-09-20T00:58:07.190Z,60310,305900,896100
2026-09-20T00:58:07.190Z,28674,2333000,2635000
2026-09-20T00:58:07.190Z,31031,55530000,345300000
2026-09-20T00:58:07.190Z,90501,243400,488800
2026-09-20T00:58:07.190Z,40567,2107000,30770000
2026-09-20T00:58:07.190Z,47928,301,708
2026-09-20T00:58:07.190Z,11547,89000,107500
2026-09-20T00:58:07.190Z,91618,130200000,185000000
2026-09-20T00:58:07.190Z,44161,,1447000
2026-09-20T00:58:07.190Z,30021,600.4,710.7
2026-09-20T00:58:07.190Z,31153,212600,232100
2026-09-20T00:58:07.190Z,32069,530.1,98930
2026-09-20T00:58:07.190Z,61212,641300,979400
2026-09-20T00:58:07.190Z,63856,30250,850000
2026-09-20T00:58:07.190Z,55753,152300,980000
2026-09-20T00:58:07.190Z,17722,253400000,273700000
2026-09-20T00:58:07.190Z,52312,521400,575000
2026-09-20T00:58:07.190Z,31408,1376000,1727000
2026-09-20T00:58:07.190Z,34203,680500,730000
2026-09-20T00:58:07.190Z,30305,10770,12090
2026-09-20T00:58:07.190Z,29005,11910,19540
2026-09-20T00:58:07.190Z,20603,1150000,7909000
2026-09-20T00:58:07.190Z,18945,213100000,243800000
2026-09-20T00:58:07.190Z,45810,152200,3997000
2026-09-20T00:58:07.190Z,18863,40900000,44270000
2026-09-20T00:58:07.190Z,34202,1601000,1799000
2026-09-20T00:58:07.190Z,11451,159300,1080000
2026-09-20T00:58:07.190Z,3084,552200000,602400000
2026-09-20T00:58:07.190Z,11269,687700,726400
2026-09-20T00:58:07.190Z,3198,520800000,597700000
2026-09-20T00:58:07.190Z,7451,465100,537400
2026-09-20T00:58:07.190Z,25974,,1755000
2026-09-20T00:58:07.190Z,19211,101000,220000
2026-09-20T00:58:07.190Z,18987,21100000,31770000
2026-09-20T00:58:07.190Z,5933,17580,59920
2026-09-20T00:58:07.190Z,584,300000,300100
2026-09-20T00:58:07.190Z,9826,253.3,302
2026-09-20T00:58:07.190Z,605,389200,429900
2026-09-20T00:58:07.190Z,85397,22100,23990
2026-09-20T00:58:07.190Z,2299,880300,963400
2026-09-20T00:58:07.190Z,2390,552.1,579.7
2026-09-20T00:58:07.190Z,31616,8751000,13450000
2026-09-20T00:58:07.190Z,18807,4092000,7888000
2026-09-20T00:58:07.190Z,44993,446400000,484300000
2026-09-20T00:58:07.190Z,34286,1782000,2239000
2026-09-20T00:58:07.190Z,22548,188200000,203500000
2026-09-20T00:58:07.190Z,19265,49830000,67630000
2026-09-20T00:58:07.190Z,20917,11.19,49.95
2026-09-20T00:58:07.190Z,31171,2563000,2827000
2026-09-20T00:58:07.190Z,3085,102600,4225000
2026-09-20T00:58:07.190Z,20921,45.69,99.9
2026-09-20T00:58:07.190Z,20925,50.15,899
2026-09-20T00:58:07.190Z,27678,24610000,90000000
2026-09-20T00:58:07.190Z,2476,41560,59970
2026-09-20T00:58:07.190Z,447,68210,94960
2026-09-20T00:58:07.190Z,20443,205400000,254400000
2026-09-20T00:58:07.190Z,26000,1000,5168000
2026-09-20T00:58:07.190Z,3090,4431000,5355000
2026-09-20T00:58:07.190Z,42767,55100,2199000
2026-09-20T00:58:07.190Z,15994,25100,25110
2026-09-20T00:58:07.190Z,86152,2900000,5881000
2026-09-20T00:58:07.190Z,13974,6511000,8278000
2026-09-20T00:58:07.190Z,26016,4553000,6480000
2026-09-20T00:58:07.190Z,92541,1163000000,1325000000
2026-09-20T00:58:07.190Z,62524,24.45,26
2026-09-20T00:58:07.190Z,43664,132200000,185900000
2026-09-20T00:58:07.190Z,53494,65010,499800
2026-09-20T00:58:07.190Z,31592,3142000,3217000
2026-09-20T00:58:07.190Z,18799,48870000,54850000
2026-09-20T00:58:07.190Z,46004,142600,153500
2026-09-20T00:58:07.190Z,15766,31490000,34110000
2026-09-20T00:58:07.190Z,26102,1002000,7349000
2026-09-20T00:58:07.190Z,33892,2350000,2750000
2026-09-20T00:58:07.190Z,18879,28230000,29400000
2026-09-20T00:58:07.190Z,14246,36340000,38980000
2026-09-20T00:58:07.190Z,9942,7361000,7941000
2026-09-20T00:58:07.190Z,84433,761300,1897000
2026-09-20T00:58:07.190Z,93998,25040000,48740000
2026-09-20T00:58:07.190Z,17136,72110,76060
2026-09-20T00:58:07.190Z,57456,2975,3137
2026-09-20T00:58:07.190Z,45560,,250000000
2026-09-20T00:58:07.190Z,48121,95000,95870
2026-09-20T00:58:07.190Z,62382,79470,84380
2026-09-20T00:58:07.190Z,10190,753400,820500
2026-09-20T00:58:07.190Z,47123,20250000,38000000
2026-09-20T00:58:07.190Z,31185,3018000,3290000
2026-09-20T00:58:07.190Z,31177,40500,55970
2026-09-20T00:58:07.190Z,16650,42290,51460
2026-09-20T00:58:07.190Z,82303,294.4,377
2026-09-20T00:58:07.190Z,90491,8460000,11680000
2026-09-20T00:58:07.190Z,46367,201200,471600
2026-09-20T00:58:07.190Z,3143,550700000,618600000
2026-09-20T00:58:07.190Z,58888,100000,4980000
2026-09-20T00:58:07.190Z,4250,2466000,2725000
2026-09-20T00:58:07.190Z,30586,3747000,3979000
2026-09-20T00:58:07.190Z,30632,4771000,5199000
2026-09-20T00:58:07.190Z,27540,2289000000,5796000000
2026-09-20T00:58:07.190Z,19281,45300000,49880000
2026-09-20T00:58:07.190Z,9834,75900,81930
2026-09-20T00:58:07.190Z,95654,113200000,269500000
2026-09-20T00:58:07.190Z,3096,3541000,5934000
2026-09-20T00:58:07.190Z,55359,141100,189800
2026-09-20T00:58:07.190Z,3119,548200000,600600000
2026-09-20T00:58:07.190Z,7783,358800,435000
2026-09-20T00:58:07.190Z,84349,200000,988000
2026-09-20T00:58:07.190Z,22131,926100,4830000
2026-09-20T00:58:07.190Z,29088,1.05,14990000
2026-09-20T00:58:07.190Z,13247,9526000,18060000
2026-09-20T00:58:07.190Z,25335,113000,125000
2026-09-20T00:58:07.190Z,19019,98790000,118200000
2026-09-20T00:58:07.190Z,3482,560000000,606100000
2026-09-20T00:58:07.190Z,27920,1380000,1648000
2026-09-20T00:58:07.190Z,52785,43280000,55540000
2026-09-20T00:58:07.190Z,41056,670000,739900
2026-09-20T00:58:07.190Z,8635,387000,409900
2026-09-20T00:58:07.190Z,20411,96020,101200
2026-09-20T00:58:07.190Z,17893,509400,542000
2026-09-20T00:58:07.190Z,440,2558000,2680000
2026-09-20T00:58:07.190Z,16381,238300,238400
2026-09-20T00:58:07.190Z,19021,213500000,232000000
2026-09-20T00:58:07.190Z,34709,123600,116400000
2026-09-20T00:58:07.190Z,5759,175900,215000
2026-09-20T00:58:07.190Z,10888,142800,157400
2026-09-20T00:58:07.190Z,10884,137800,156600
2026-09-20T00:58:07.190Z,25622,154500,175000
2026-09-20T00:58:07.190Z,9331,356000,349000
2026-09-20T00:58:07.190Z,11446,933800,1690000
2026-09-20T00:58:07.190Z,9327,366000,694700
2026-09-20T00:58:07.190Z,5533,44190,66890
2026-09-20T00:58:07.190Z,10876,45400,55220
2026-09-20T00:58:07.190Z,9333,345000,330300
2026-09-20T00:58:07.190Z,5443,44670,68000
2026-09-20T00:58:07.190Z,4027,43000,56000
2026-09-20T00:58:07.190Z,31362,85360000,98100000
2026-09-20T00:58:07.190Z,57319,28760000,34520000
2026-09-20T00:58:07.190Z,54752,613100000,1085000000
2026-09-20T00:58:07.190Z,62522,20.03,22
2026-09-20T00:58:07.190Z,2897,1229000,1356000
2026-09-20T00:58:07.190Z,16373,286400,286500
2026-09-20T00:58:07.190Z,40556,9388000,11400000
2026-09-20T00:58:07.190Z,62586,18220,24000
2026-09-20T00:58:07.190Z,178,3.63,4.75
2026-09-20T00:58:07.190Z,31640,10100000,18680000
2026-09-20T00:58:07.190Z,31748,1766000,2370000
2026-09-20T00:58:07.190Z,35925,50490000,59230000
2026-09-20T00:58:07.190Z,14136,20160000,22860000
2026-09-20T00:58:07.190Z,49710,25160000,27200000
2026-09-20T00:58:07.190Z,21196,1102,10000
2026-09-20T00:58:07.190Z,47274,39700000,45200000
2026-09-20T00:58:07.190Z,25601,3751,3900
2026-09-20T00:58:07.190Z,17487,20050000,22870000
2026-09-20T00:58:07.190Z,85084,4207000,5499000
2026-09-20T00:58:07.190Z,34828,60700000,64570000
2026-09-20T00:58:07.190Z,13832,9268000,17600000
2026-09-20T00:58:07.190Z,11483,494.4,648
2026-09-20T00:58:07.190Z,26042,250000,1286000
2026-09-20T00:58:07.190Z,25976,,2378000
2026-09-20T00:58:07.190Z,29336,33680000,35000000
2026-09-20T00:58:07.190Z,19209,51000,88980
2026-09-20T00:58:07.190Z,12271,4064000,4364000
2026-09-20T00:58:07.190Z,71755,441.1,1000
2026-09-20T00:58:07.190Z,12536,874000,874100
2026-09-20T00:58:07.190Z,47138,8711000,11860000
2026-09-20T00:58:07.190Z,3645,455.2,457.4
2026-09-20T00:58:07.190Z,75282,245.2,377.5
2026-09-20T00:58:07.190Z,95275,607900000,846400000
2026-09-20T00:58:07.190Z,91949,1852000,2195000
2026-09-20T00:58:07.190Z,47771,6741000,9923000
2026-09-20T00:58:07.190Z,15854,2695000,38900000
2026-09-20T00:58:07.190Z,14140,27250000,30000000
2026-09-20T00:58:07.190Z,31930,25230000,29810000
2026-09-20T00:58:07.190Z,17209,1363,1364
2026-09-20T00:58:07.190Z,7047,240000,247000
2026-09-20T00:58:07.190Z,19105,33130000,37940000
2026-09-20T00:58:07.190Z,41214,27110000,29050000
2026-09-20T00:58:07.190Z,44182,11000,2260000
2026-09-20T00:58:07.190Z,19329,189400000,235100000
2026-09-20T00:58:07.190Z,34718,2616000,10000000
2026-09-20T00:58:07.190Z,29344,36120000,39400000
2026-09-20T00:58:07.190Z,76496,700000,4398000
2026-09-20T00:58:07.190Z,15879,5871000,8380000
2026-09-20T00:58:07.190Z,45756,1365,768200
2026-09-20T00:58:07.190Z,37626,88370000,98030000
2026-09-20T00:58:07.190Z,3442,581900,800000
2026-09-20T00:58:07.190Z,25589,597.3,818
2026-09-20T00:58:07.190Z,31001,7365000,35760000
2026-09-20T00:58:07.190Z,28698,75700,83230
2026-09-20T00:58:07.190Z,33577,462100,469000
2026-09-20T00:58:07.190Z,2175,791700,856600
2026-09-20T00:58:07.190Z,16477,249000,270400
2026-09-20T00:58:07.190Z,33472,830000000,885000000
2026-09-20T00:58:07.190Z,25267,5190000,19500000
2026-09-20T00:58:07.190Z,5179,100000,379700
2026-09-20T00:58:07.190Z,3828,9271,10490
2026-09-20T00:58:07.190Z,33700,26950000,30070000
2026-09-20T00:58:07.190Z,52188,1500000,2450000
2026-09-20T00:58:07.190Z,63868,127800,900000
2026-09-20T00:58:07.190Z,28754,173900000,180800000
2026-09-20T00:58:07.190Z,24550,402100000,646600000
2026-09-20T00:58:07.190Z,6173,1090,15890
2026-09-20T00:58:07.190Z,42583,41000000,149700000
2026-09-20T00:58:07.190Z,7585,40040,314800
2026-09-20T00:58:07.190Z,90599,40000,40010
2026-09-20T00:58:07.190Z,55860,126500,2545000
2026-09-20T00:58:07.190Z,47286,1790000000,2250000000
2026-09-20T00:58:07.190Z,1224,23.25,27.66
2026-09-20T00:58:07.190Z,46835,1002,1340000
2026-09-20T00:58:07.190Z,55532,1.01,6500
2026-09-20T00:58:07.190Z,602,446800,517600
2026-09-20T00:58:07.190Z,33739,13300000,49500000
2026-09-20T00:58:07.190Z,19139,15530000,19480000
2026-09-20T00:58:07.190Z,32342,14280000,16940000
2026-09-20T00:58:07.190Z,31380,342400,238900000
2026-09-20T00:58:07.190Z,37625,56560000,62540000
2026-09-20T00:58:07.190Z,33826,25860000,30570000
2026-09-20T00:58:07.190Z,45663,142100,142400
2026-09-20T00:58:07.190Z,2454,3565,4094
2026-09-20T00:58:07.190Z,608,87020,444500
2026-09-20T00:58:07.190Z,11529,9574000,13960000
2026-09-20T00:58:07.190Z,3170,489500,563900
2026-09-20T00:58:07.190Z,31071,14770000,16940000
2026-09-20T00:58:07.190Z,15757,45790000,86080000
2026-09-20T00:58:07.190Z,57736,1464000,10060000
2026-09-20T00:58:07.190Z,17436,3141,4000
2026-09-20T00:58:07.190Z,60243,170700,650000
2026-09-20T00:58:07.190Z,13966,1078000,2126000
2026-09-20T00:58:07.190Z,46881,30850,1897000
2026-09-20T00:58:07.190Z,15076,3367000000,4146000000
2026-09-20T00:58:07.190Z,60217,600000,2620000
2026-09-20T00:58:07.190Z,15308,325100,260000000
2026-09-20T00:58:07.190Z,50130,1001,299800
2026-09-20T00:58:07.190Z,4254,715700,835700
2026-09-20T00:58:07.190Z,3095,550600000,593200000
2026-09-20T00:58:07.190Z,47906,7522000,7528000
2026-09-20T00:58:07.190Z,74386,100,298.4
2026-09-20T00:58:07.190Z,19237,719800,985000
2026-09-20T00:58:07.190Z,73366,750000,2882000
2026-09-20T00:58:07.190Z,13785,47860000,78300000
2026-09-20T00:58:07.190Z,23707,4381,6674
2026-09-20T00:58:07.190Z,47133,14520000,29760000
2026-09-20T00:58:07.190Z,54306,36870000,54200000
2026-09-20T00:58:07.190Z,234,31,59.5
2026-09-20T00:58:07.190Z,23123,35090,208400
2026-09-20T00:58:07.190Z,78857,31730000,55050000
2026-09-20T00:58:07.190Z,14120,88890000,95260000
2026-09-20T00:58:07.190Z,22909,986800,9000000
2026-09-20T00:58:07.190Z,19202,165200000,190500000
2026-09-20T00:58:07.190Z,34481,23920000,46650000
2026-09-20T00:58:07.190Z,34290,2169000,3000000
2026-09-20T00:58:07.190Z,14419,,1495000000
2026-09-20T00:58:07.190Z,47875,93550000,107400000
2026-09-20T00:58:07.190Z,17520,64570000,75070000
2026-09-20T00:58:07.190Z,56603,18730000,41970000
2026-09-20T00:58:07.190Z,12199,2346000,2957000
2026-09-20T00:58:07.190Z,19115,47990000,59000000
2026-09-20T00:58:07.190Z,92038,1467000,2168000
2026-09-20T00:58:07.190Z,82496,53420000,126700000
2026-09-20T00:58:07.190Z,3178,544300,595200
2026-09-20T00:58:07.190Z,13891,6178000,23220000
2026-09-20T00:58:07.190Z,73474,1704000,9999000
2026-09-20T00:58:07.190Z,18883,705200000,792400000
2026-09-20T00:58:07.190Z,91152,40000,81980
2026-09-20T00:58:07.190Z,47929,627.9,808
2026-09-20T00:58:07.190Z,3293,4700,35600
2026-09-20T00:58:07.190Z,1447,373800,418000
2026-09-20T00:58:07.190Z,30258,4639,8792
2026-09-20T00:58:07.190Z,13919,45930000,52170000
2026-09-20T00:58:07.190Z,14471,13350000,11990000000
2026-09-20T00:58:07.190Z,31392,38100,53290000
2026-09-20T00:58:07.190Z,53040,905000,2207000
2026-09-20T00:58:07.190Z,2397,693.4,732.3
2026-09-20T00:58:07.190Z,92035,6060000,7042000
2026-09-20T00:58:07.190Z,56075,224600,490900
2026-09-20T00:58:07.190Z,22953,17450000,36090000
2026-09-20T00:58:07.190Z,28695,42160,49870
2026-09-20T00:58:07.190Z,19359,141100000,151500000
2026-09-20T00:58:07.190Z,34207,3562000,4890000
2026-09-20T00:58:07.190Z,3958,26110000,346800000
2026-09-20T00:58:07.190Z,47925,363.9,388.2
2026-09-20T00:58:07.190Z,7705,30000,54320
2026-09-20T00:58:07.190Z,22109,64100000,73810000
2026-09-20T00:58:07.190Z,88527,1000,97980
2026-09-20T00:58:07.190Z,45597,32870000,37430000
2026-09-20T00:58:07.190Z,47924,321.9,381.9
2026-09-20T00:58:07.190Z,11541,34100,35960
2026-09-20T00:58:07.190Z,3025,1721000,1929000
2026-09-20T00:58:07.190Z,52240,408000000,484400000
2026-09-20T00:58:07.190Z,14043,5524000,6125000
2026-09-20T00:58:07.190Z,89947,80000,80010
2026-09-20T00:58:07.190Z,30307,16170,16380
2026-09-20T00:58:07.190Z,19285,1803000,2344000
2026-09-20T00:58:07.190Z,18708,192900000,215200000
2026-09-20T00:58:07.190Z,47819,5267000,7756000
2026-09-20T00:58:07.190Z,41196,52700000,58290000
2026-09-20T00:58:07.190Z,17196,1209,7932
2026-09-20T00:58:07.190Z,72811,107500000,115000000
2026-09-20T00:58:07.190Z,53301,5600,11290
2026-09-20T00:58:07.190Z,6759,1005,100000
2026-09-20T00:58:07.190Z,47132,15350000,20040000
2026-09-20T00:58:07.190Z,92034,5502000,6667000
2026-09-20T00:58:07.190Z,92033,6536000,7593000
2026-09-20T00:58:07.190Z,92036,1057000,1686000
2026-09-20T00:58:07.190Z,92041,2004000,2500000
2026-09-20T00:58:07.190Z,16068,55120000,61140000
2026-09-20T00:58:07.190Z,47895,15810000,17090000
2026-09-20T00:58:07.190Z,57075,90000,600000
2026-09-20T00:58:07.190Z,90419,116600000,234700000
2026-09-20T00:58:07.190Z,20503,286400000,299900000
2026-09-20T00:58:07.190Z,47146,4501000,11740000
2026-09-20T00:58:07.190Z,56713,100100,362000
2026-09-20T00:58:07.190Z,13775,18000000,27900000
2026-09-20T00:58:07.190Z,41236,29870000,39760000
2026-09-20T00:58:07.190Z,30376,18040,19600
2026-09-20T00:58:07.190Z,94108,20000,20010
2026-09-20T00:58:07.190Z,5279,6000,7800
2026-09-20T00:58:07.190Z,12529,27390000,31410000
2026-09-20T00:58:07.190Z,30271,8304,9395
2026-09-20T00:58:07.190Z,18983,28040000,31850000
2026-09-20T00:58:07.190Z,87841,543100,2881000
2026-09-20T00:58:07.190Z,54364,174500000,229900000
2026-09-20T00:58:07.190Z,211,8.31,15.75
2026-09-20T00:58:07.190Z,32874,837900,931200
2026-09-20T00:58:07.190Z,47927,780.1,925.3
2026-09-20T00:58:07.190Z,23149,18210000,21000000
2026-09-20T00:58:07.190Z,12214,1004000,2286000
2026-09-20T00:58:07.190Z,14527,2763000000,9401000000
2026-09-20T00:58:07.190Z,82386,10000,6995000
2026-09-20T00:58:07.190Z,22229,4617000,5218000
2026-09-20T00:58:07.190Z,78407,131500000,445000000
2026-09-20T00:58:07.190Z,55335,10000,200000
2026-09-20T00:58:07.190Z,24473,23.69,68.96
2026-09-20T00:58:07.190Z,83215,10000,183700
2026-09-20T00:58:07.190Z,16008,14200000,16980000
2026-09-20T00:58:07.190Z,3475,539300000,613200000
2026-09-20T00:58:07.190Z,11534,14720,16630
2026-09-20T00:58:07.190Z,574,1720000,1700000
2026-09-20T00:58:07.190Z,5755,186700,219900
2026-09-20T00:58:07.190Z,85936,140100,7898000
2026-09-20T00:58:07.190Z,14286,745000,744800
2026-09-20T00:58:07.190Z,13209,41240000,47940000
2026-09-20T00:58:07.190Z,5849,53730,74950
2026-09-20T00:58:07.190Z,21559,2280000,2987000
2026-09-20T00:58:07.190Z,4613,22000,22010
2026-09-20T00:58:07.190Z,11349,50610,50660
2026-09-20T00:58:07.190Z,23095,292600,609600
2026-09-20T00:58:07.190Z,1192,526500,1200000
2026-09-20T00:58:07.190Z,22474,256200000,267000000
2026-09-20T00:58:07.190Z,5141,400.3,6000
2026-09-20T00:58:07.190Z,14152,4541000,5691000
2026-09-20T00:58:07.190Z,41201,216100000,232000000
2026-09-20T00:58:07.190Z,12110,35010,40000
2026-09-20T00:58:07.190Z,22428,752200000,838000000
2026-09-20T00:58:07.190Z,43718,2035000000,2549000000
2026-09-20T00:58:07.190Z,3242,57290,114500
2026-09-20T00:58:07.190Z,47841,20240000,47940000
2026-09-20T00:58:07.190Z,41197,55320000,72980000
2026-09-20T00:58:07.190Z,21476,70420000,119600000
2026-09-20T00:58:07.190Z,19293,176200000,193600000
2026-09-20T00:58:07.190Z,42722,100,666500
2026-09-20T00:58:07.190Z,30377,31870,34800
2026-09-20T00:58:07.190Z,40570,21700000,26570000
2026-09-20T00:58:07.190Z,20351,1664000,1796000
2026-09-20T00:58:07.190Z,90607,11000,42000
2026-09-20T00:58:07.190Z,1828,335.1,373.4
2026-09-20T00:58:07.190Z,42838,177.3,473.8
2026-09-20T00:58:07.190Z,28999,3100,15990
2026-09-20T00:58:07.190Z,31342,5312000,12350000
2026-09-20T00:58:07.190Z,19143,34320000,37490000
2026-09-20T00:58:07.190Z,17217,17060000,18940000
2026-09-20T00:58:07.190Z,2868,2174000,2393000
2026-09-20T00:58:07.190Z,92462,1935000,3144000
2026-09-20T00:58:07.190Z,13878,9068000,12920000
2026-09-20T00:58:07.190Z,5137,3151,4989
2026-09-20T00:58:07.190Z,19255,60430000,76490000
2026-09-20T00:58:07.190Z,20883,157900,737700
2026-09-20T00:58:07.190Z,89935,80000,80010
2026-09-20T00:58:07.190Z,14001,10180000,11780000
2026-09-20T00:58:07.190Z,34205,305000,309000
2026-09-20T00:58:07.190Z,25930,,1386000
2026-09-20T00:58:07.190Z,15865,16270000,24800000
2026-09-20T00:58:07.190Z,46219,259000,1449000
2026-09-20T00:58:07.190Z,11693,17700,18180
2026-09-20T00:58:07.190Z,1436,506600,627500
2026-09-20T00:58:07.190Z,13925,4305000,40810000
2026-09-20T00:58:07.190Z,45999,8901000,9931000
2026-09-20T00:58:07.190Z,85491,76390000,152700000
2026-09-20T00:58:07.190Z,88853,3000000,4300000
2026-09-20T00:58:07.190Z,4787,17530,21760
2026-09-20T00:58:07.190Z,25565,1104,26980
2026-09-20T00:58:07.190Z,81350,97.89,109.9
2026-09-20T00:58:07.190Z,27184,136100000,165600000
2026-09-20T00:58:07.190Z,31364,3519000,4630000
2026-09-20T00:58:07.190Z,2466,260000,284000
2026-09-20T00:58:07.190Z,60292,328900,398000
2026-09-20T00:58:07.190Z,5757,183300,209800
2026-09-20T00:58:07.190Z,85456,48990000,68000000
2026-09-20T00:58:07.190Z,41500,327000000,383700000
2026-09-20T00:58:07.190Z,21478,98110000,148900000
2026-09-20T00:58:07.190Z,37611,2715000,2936000
2026-09-20T00:58:07.190Z,7327,60120,114000
2026-09-20T00:58:07.190Z,93704,110000000,724600000
2026-09-20T00:58:07.190Z,30486,440000,476500
2026-09-20T00:58:07.190Z,31089,5149000,5309000
2026-09-20T00:58:07.190Z,4383,2217000,2699000
2026-09-20T00:58:07.190Z,3689,10180,10390
2026-09-20T00:58:07.190Z,54972,1525,3198
2026-09-20T00:58:07.190Z,1254,428.8,12370
2026-09-20T00:58:07.190Z,47932,501.3,852.5
2026-09-20T00:58:07.190Z,9497,500400,552000
2026-09-20T00:58:07.190Z,50133,10.03,599500
2026-09-20T00:58:07.190Z,85661,15600000,38700000
2026-09-20T00:58:07.190Z,45616,30890000,32930000
2026-09-20T00:58:07.190Z,27187,23240000,28000000
2026-09-20T00:58:07.190Z,12548,350000,350100
2026-09-20T00:58:07.190Z,30375,0.01,10510
2026-09-20T00:58:07.190Z,30374,8017,8500
2026-09-20T00:58:07.190Z,89954,60000,118000
2026-09-20T00:58:07.190Z,28680,1880000,2098000
2026-09-20T00:58:07.190Z,43552,1680000,1864000
2026-09-20T00:58:07.190Z,56081,73900,248300
2026-09-20T00:58:07.190Z,15871,490000,1000000
2026-09-20T00:58:07.190Z,28270,434100,434200
2026-09-20T00:58:07.190Z,17482,2869000,3275000
2026-09-20T00:58:07.190Z,60287,77800,247100
2026-09-20T00:58:07.190Z,14270,47850000,54190000
2026-09-20T00:58:07.190Z,45626,32950000,32960000
2026-09-20T00:58:07.190Z,23041,917.1,2187
2026-09-20T00:58:07.190Z,29043,50200,911400
2026-09-20T00:58:07.190Z,48115,81210000,86290000
2026-09-20T00:58:07.190Z,4200,22370000,84750000
2026-09-20T00:58:07.190Z,2506,356,439.7
2026-09-20T00:58:07.190Z,31360,3434000,3507000
2026-09-20T00:58:07.190Z,13956,87010000,107600000
2026-09-20T00:58:07.190Z,63860,55380,1990000
2026-09-20T00:58:07.190Z,2312,12370,13470
2026-09-20T00:58:07.190Z,88632,1000,3872000
2026-09-20T00:58:07.190Z,31812,15420000,16180000
2026-09-20T00:58:07.190Z,42205,46620000,50350000
2026-09-20T00:58:07.190Z,62014,40000,519900
2026-09-20T00:58:07.190Z,2456,291000,306200
2026-09-20T00:58:07.190Z,2921,1223000,2305000
2026-09-20T00:58:07.190Z,72903,6870000,7990000
2026-09-20T00:58:07.190Z,13948,6109000,7250000
2026-09-20T00:58:07.190Z,60222,2100000,3698000
2026-09-20T00:58:07.190Z,19009,49080000,61940000
2026-09-20T00:58:07.190Z,13990,2030000,15740000
2026-09-20T00:58:07.190Z,15656,91010,91020
2026-09-20T00:58:07.190Z,31334,0.01,128900
2026-09-20T00:58:07.190Z,18841,736200,1596000
2026-09-20T00:58:07.190Z,7747,139800,247100
2026-09-20T00:58:07.190Z,88672,6000000,9992000
2026-09-20T00:58:07.190Z,35794,11480,18400
2026-09-20T00:58:07.190Z,55323,5.03,49970
2026-09-20T00:58:07.190Z,47814,4820000,7929000
2026-09-20T00:58:07.190Z,47772,1575000,1858000
2026-09-20T00:58:07.190Z,47767,1521000,2290000
2026-09-20T00:58:07.190Z,29071,222300,549900
2026-09-20T00:58:07.190Z,90592,863000,1256000
2026-09-20T00:58:07.190Z,33470,255000000,273600000
2026-09-20T00:58:07.190Z,21640,775600,824300
2026-09-20T00:58:07.190Z,17270,1101000,1995000
2026-09-20T00:58:07.190Z,17674,1703,2360
2026-09-20T00:58:07.190Z,90638,1601000,7997000
2026-09-20T00:58:07.190Z,9207,35000,97960
2026-09-20T00:58:07.190Z,89615,1750000,2429000
2026-09-20T00:58:07.190Z,22961,343.5,446.3
2026-09-20T00:58:07.190Z,16233,46920000,51250000
2026-09-20T00:58:07.190Z,12729,98950000,102400000
2026-09-20T00:58:07.190Z,3907,164300,14450000
2026-09-20T00:58:07.190Z,27347,22.09,34920
2026-09-20T00:58:07.190Z,14202,8204000,9899000
2026-09-20T00:58:07.190Z,47914,18230000,19800000
2026-09-20T00:58:07.190Z,649,2153000,2154000
2026-09-20T00:58:07.190Z,22135,51610000,89990000
2026-09-20T00:58:07.190Z,85668,270800000,300000000
2026-09-20T00:58:07.190Z,20415,85730,92500
2026-09-20T00:58:07.190Z,85753,3600000,11800000
2026-09-20T00:58:07.190Z,85316,426900,455000
2026-09-20T00:58:07.190Z,62377,86860,92400
2026-09-20T00:58:07.190Z,22446,263600000,281800000
2026-09-20T00:58:07.190Z,29059,601000,1607000
2026-09-20T00:58:07.190Z,41275,5194,8878
2026-09-20T00:58:07.190Z,62526,21.25,28.42
2026-09-20T00:58:07.190Z,17262,5000,50010
2026-09-20T00:58:07.190Z,52296,606900,5883000
2026-09-20T00:58:07.190Z,21079,600.5,67000
2026-09-20T00:58:07.190Z,11198,16540000,16940000
2026-09-20T00:58:07.190Z,41155,11740,14510
2026-09-20T00:58:07.190Z,1875,10120,54770
2026-09-20T00:58:07.190Z,49792,21800000,36800000
2026-09-20T00:58:07.190Z,1306,260400,277400
2026-09-20T00:58:07.190Z,2977,622900,656900
2026-09-20T00:58:07.190Z,380,181600,219000
2026-09-20T00:58:07.190Z,14007,2702,5100
2026-09-20T00:58:07.190Z,73839,500200,4789000
2026-09-20T00:58:07.190Z,13982,13040000,14420000
2026-09-20T00:58:07.190Z,7291,,21110
2026-09-20T00:58:07.190Z,96327,5128000,19000000
2026-09-20T00:58:07.190Z,17681,1000000,37800000
2026-09-20T00:58:07.190Z,56069,7153000,8873000
2026-09-20T00:58:07.190Z,14037,478000,690000
2026-09-20T00:58:07.190Z,84402,700.2,700.3
2026-09-20T00:58:07.190Z,4315,,11000000
2026-09-20T00:58:07.190Z,48114,538500,36990000
2026-09-20T00:58:07.190Z,91233,201100000,389900000
2026-09-20T00:58:07.190Z,31017,8088000,9046000
2026-09-20T00:58:07.190Z,47802,30860000,36690000
2026-09-20T00:58:07.190Z,55636,1497000,11520000
2026-09-20T00:58:07.190Z,77400,56340000,169800000
2026-09-20T00:58:07.190Z,56974,113.2,28980
2026-09-20T00:58:07.190Z,17685,1000000,21800000
2026-09-20T00:58:07.190Z,85396,42000,54900
2026-09-20T00:58:07.190Z,2400,433.3,452.9
2026-09-20T00:58:07.190Z,20171,84480,92000
2026-09-20T00:58:07.190Z,19289,61060000,67790000
2026-09-20T00:58:07.190Z,19264,58010000,69690000
2026-09-20T00:58:07.190Z,18961,68110000,87190000
2026-09-20T00:58:07.190Z,57478,47150,48000
2026-09-20T00:58:07.190Z,90604,40000,18040000
2026-09-20T00:58:07.190Z,59630,37440000,64960000
2026-09-20T00:58:07.190Z,18963,91530000,162700000
2026-09-20T00:58:07.190Z,47729,60390,108900
2026-09-20T00:58:07.190Z,15648,101000,277400
2026-09-20T00:58:07.190Z,60461,635100,894900
2026-09-20T00:58:07.190Z,14228,6204000,12470000
2026-09-20T00:58:07.190Z,3274,145000,7401000
2026-09-20T00:58:07.190Z,88710,1700000000,1999000000
2026-09-20T00:58:07.190Z,92469,1908000,2775000
2026-09-20T00:58:07.190Z,47751,18110000,23130000
2026-09-20T00:58:07.190Z,47743,15910000,16920000
2026-09-20T00:58:07.190Z,623,11750000,13380000
2026-09-20T00:58:07.190Z,40365,7011000,14780000
2026-09-20T00:58:07.190Z,34272,1758000,2189000
2026-09-20T00:58:07.190Z,12042,18220000,19920000
2026-09-20T00:58:07.190Z,62517,10.54,10.57
2026-09-20T00:58:07.190Z,56131,77790,99490
2026-09-20T00:58:07.190Z,85543,13380000,16750000
2026-09-20T00:58:07.190Z,20416,93620,101200
2026-09-20T00:58:07.190Z,85393,10000,50790
2026-09-20T00:58:07.190Z,18955,58890000,79990000
2026-09-20T00:58:07.190Z,16231,50490000,55620000
2026-09-20T00:58:07.190Z,11486,330,699.4
2026-09-20T00:58:07.190Z,3386,275,13000
2026-09-20T00:58:07.190Z,4260,826400,1441000
2026-09-20T00:58:07.190Z,89607,1076000000,1920000000
2026-09-20T00:58:07.190Z,80382,5448000,16880000
2026-09-20T00:58:07.190Z,31121,4024000,6000000
2026-09-20T00:58:07.190Z,62011,25000,448000
2026-09-20T00:58:07.190Z,15630,71980,71990
2026-09-20T00:58:07.190Z,18973,61720000,70910000
2026-09-20T00:58:07.190Z,655,2235000,2396000
2026-09-20T00:58:07.190Z,60097,750000000,1000000000
2026-09-20T00:58:07.190Z,8089,13610,16620
2026-09-20T00:58:07.190Z,15719,3001000,9769000
2026-09-20T00:58:07.190Z,30370,4280,4482
2026-09-20T00:58:07.190Z,27245,109800000,118600000
2026-09-20T00:58:07.190Z,47147,5063000,7000000
2026-09-20T00:58:07.190Z,89608,31370,782800
2026-09-20T00:58:07.190Z,93238,910000,17600000
2026-09-20T00:58:07.190Z,40520,700000000,735800000
2026-09-20T00:58:07.190Z,15634,7442,51370
2026-09-20T00:58:07.190Z,96328,1031000,1999000
2026-09-20T00:58:07.190Z,57475,93360000,98980000
2026-09-20T00:58:07.190Z,33936,6004000,22510000
2026-09-20T00:58:07.190Z,52636,151100000,699900000
2026-09-20T00:58:07.190Z,23793,21320000,35760000
2026-09-20T00:58:07.190Z,31222,360100,2175000
2026-09-20T00:58:07.190Z,90590,3814,3816
2026-09-20T00:58:07.190Z,14208,200300,146500000
2026-09-20T00:58:07.190Z,2679,73.13,103.7
2026-09-20T00:58:07.190Z,3363,5009,55000
2026-09-20T00:58:07.190Z,28282,396000,456400
2026-09-20T00:58:07.190Z,20032,1876000,2353000
2026-09-20T00:58:07.190Z,7169,444900,528000
2026-09-20T00:58:07.190Z,95228,112100000,171800000
2026-09-20T00:58:07.190Z,21362,2.53,1979
2026-09-20T00:58:07.190Z,1824,38,69.95
2026-09-20T00:58:07.190Z,7173,335500,528900
2026-09-20T00:58:07.190Z,3173,2861000,6292000
2026-09-20T00:58:07.190Z,27188,23750000,28120000
2026-09-20T00:58:07.190Z,33561,168800000,190000000
2026-09-20T00:58:07.190Z,8105,470300,658900
2026-09-20T00:58:07.190Z,7167,201200,539500
2026-09-20T00:58:07.190Z,9800,475500,475600
2026-09-20T00:58:07.190Z,57476,19120000,83330000
2026-09-20T00:58:07.190Z,20307,41,61.9
2026-09-20T00:58:07.190Z,11317,246900,335000
2026-09-20T00:58:07.190Z,17203,132000,132100
2026-09-20T00:58:07.190Z,76166,0.11,33990000
2026-09-20T00:58:07.190Z,23797,6258000,12970000
2026-09-20T00:58:07.190Z,56849,23000000,34620000
2026-09-20T00:58:07.190Z,31698,0.02,1405000
2026-09-20T00:58:07.190Z,18688,126100000,142000000
2026-09-20T00:58:07.190Z,57460,505800,534600
2026-09-20T00:58:07.190Z,19119,49400000,53380000
2026-09-20T00:58:07.190Z,4231,30010000,45000000
2026-09-20T00:58:07.190Z,62405,53300,58700
2026-09-20T00:58:07.190Z,91627,136100000,159900000
2026-09-20T00:58:07.190Z,10165,1500000,3400000
2026-09-20T00:58:07.190Z,1549,1502,283600
2026-09-20T00:58:07.190Z,16265,134100,186300
2026-09-20T00:58:07.190Z,30187,18070000,19090000
2026-09-20T00:58:07.190Z,14122,15280000,20920000
2026-09-20T00:58:07.190Z,19361,7502000,12630000
2026-09-20T00:58:07.190Z,21931,424,497
2026-09-20T00:58:07.190Z,33178,70580,91440
2026-09-20T00:58:07.190Z,62622,7506000,8496000
2026-09-20T00:58:07.190Z,14172,8619000,13010000
2026-09-20T00:58:07.190Z,85392,10780,104000
2026-09-20T00:58:07.190Z,19534,13560000,15910000
2026-09-20T00:58:07.190Z,3691,8505,8979
2026-09-20T00:58:07.190Z,22971,205.5,589.1
2026-09-20T00:58:07.190Z,27233,0.01,499900
2026-09-20T00:58:07.190Z,1319,276700,304000
2026-09-20T00:58:07.190Z,92037,1501000,6900000
2026-09-20T00:58:07.190Z,32108,4131000,16700000
2026-09-20T00:58:07.190Z,92455,107300000,116600000
2026-09-20T00:58:07.190Z,582,135000,143900
2026-09-20T00:58:07.190Z,15917,13710000,17980000
2026-09-20T00:58:07.190Z,83252,1111,197300
2026-09-20T00:58:07.190Z,48509,428100,273900000
2026-09-20T00:58:07.190Z,31714,55000000,69980000
2026-09-20T00:58:07.190Z,20873,3640000,8950000
2026-09-20T00:58:07.190Z,2032,464900,521000
2026-09-20T00:58:07.190Z,15931,118000000,123000000
2026-09-20T00:58:07.190Z,14041,11080000,13400000
2026-09-20T00:58:07.190Z,1855,672800,909600
2026-09-20T00:58:07.190Z,9828,732.1,770.9
2026-09-20T00:58:07.190Z,10858,785500,875500
2026-09-20T00:58:07.190Z,21504,390000,38710000
2026-09-20T00:58:07.190Z,46244,180000000,399800000
2026-09-20T00:58:07.190Z,78772,200000,1976000
2026-09-20T00:58:07.190Z,47127,19240000,80870000
2026-09-20T00:58:07.190Z,85773,480000,1000000
2026-09-20T00:58:07.190Z,18698,390800000,428200000
2026-09-20T00:58:07.190Z,85516,400000000,799800000
2026-09-20T00:58:07.190Z,18758,300000,698700
2026-09-20T00:58:07.190Z,43703,17000000,22000000
2026-09-20T00:58:07.190Z,91857,15250000,18220000
2026-09-20T00:58:07.190Z,28276,3608000,3698000
2026-09-20T00:58:07.190Z,15613,303700,305200
2026-09-20T00:58:07.190Z,44167,12530,1883000
2026-09-20T00:58:07.190Z,21372,,3517
2026-09-20T00:58:07.190Z,20825,198000,450000
2026-09-20T00:58:07.190Z,63142,1019,425000
2026-09-20T00:58:07.190Z,14248,112100000,120900000
2026-09-20T00:58:07.190Z,52568,280700,295900
2026-09-20T00:58:07.190Z,33844,126800000,145800000
2026-09-20T00:58:07.190Z,45515,76320000,199900000
2026-09-20T00:58:07.190Z,2050,289300000,360500000
2026-09-20T00:58:07.190Z,20557,1026000,7487000
2026-09-20T00:58:07.190Z,2117,861200,978400
2026-09-20T00:58:07.190Z,88653,5401000,15000000
2026-09-20T00:58:07.190Z,10694,170900,271200
2026-09-20T00:58:07.190Z,23103,301500,398000
2026-09-20T00:58:07.190Z,85748,244300,189000000
2026-09-20T00:58:07.190Z,34328,1052000000,1166000000
2026-09-20T00:58:07.190Z,62565,2509,3991
2026-09-20T00:58:07.190Z,44916,7300000,10460000
2026-09-20T00:58:07.190Z,52242,1300000000,1600000000
2026-09-20T00:58:07.190Z,14114,17380000,21190000
2026-09-20T00:58:07.190Z,3081,52700000,90790000
2026-09-20T00:58:07.190Z,46938,,1995000
2026-09-20T00:58:07.190Z,28659,930100000,998600000
2026-09-20T00:58:07.190Z,2174,500100,1810000
2026-09-20T00:58:07.190Z,56881,10000000,69830000
2026-09-20T00:58:07.190Z,85734,40030000,50000000
2026-09-20T00:58:07.190Z,46222,237600,2887000
2026-09-20T00:58:07.190Z,3355,34.11,2498
2026-09-20T00:58:07.190Z,47764,751,5398
2026-09-20T00:58:07.190Z,18871,26070000,30700000
2026-09-20T00:58:07.190Z,48522,3110000000,6699000000
2026-09-20T00:58:07.190Z,11182,15340000,16420000
2026-09-20T00:58:07.190Z,60926,8007000,36950000
2026-09-20T00:58:07.190Z,12200,10880000,15990000
2026-09-20T00:58:07.190Z,24702,46440000,49480000
2026-09-20T00:58:07.190Z,84341,300000,1485000
2026-09-20T00:58:07.190Z,46186,5674000,9999000
2026-09-20T00:58:07.190Z,46944,0.02,1000000
2026-09-20T00:58:07.190Z,52307,132300,989800
2026-09-20T00:58:07.190Z,31910,12990000,14300000
2026-09-20T00:58:07.190Z,91858,12240000,16450000
2026-09-20T00:58:07.190Z,12108,529300,703600
2026-09-20T00:58:07.190Z,46231,8025000,12000000
2026-09-20T00:58:07.190Z,3225,1174000,6000000
2026-09-20T00:58:07.190Z,19046,400000000,427200000
2026-09-20T00:58:07.190Z,41316,1205,1496
2026-09-20T00:58:07.190Z,62529,31.75,34.98
2026-09-20T00:58:07.190Z,14047,9998000,12640000
2026-09-20T00:58:07.190Z,50052,91820000,197800000
2026-09-20T00:58:07.190Z,18989,27930000,41080000
2026-09-20T00:58:07.190Z,11202,10100000,11580000
2026-09-20T00:58:07.190Z,46891,302100,1505000
2026-09-20T00:58:07.190Z,37564,326500,12000000
2026-09-20T00:58:07.190Z,42226,101000,250000
2026-09-20T00:58:07.190Z,36,49.62,51.86
2026-09-20T00:58:07.190Z,47362,143900000,188700000
2026-09-20T00:58:07.190Z,14244,108700000,120000000
2026-09-20T00:58:07.190Z,25349,16170000,19650000
2026-09-20T00:58:07.190Z,34487,102800000,134700000
2026-09-20T00:58:07.190Z,13996,50000,87900
2026-09-20T00:58:07.190Z,41277,1361,8898
2026-09-20T00:58:07.190Z,53366,10030,9944000
2026-09-20T00:58:07.190Z,44135,10000,1174000
2026-09-20T00:58:07.190Z,11192,17180000,17600000
2026-09-20T00:58:07.190Z,54732,452100000,473700000
2026-09-20T00:58:07.190Z,17932,49500000,57000000
2026-09-20T00:58:07.190Z,63257,41000,1190000
2026-09-20T00:58:07.190Z,17861,2708,6999
2026-09-20T00:58:07.190Z,28278,268500,319800
2026-09-20T00:58:07.190Z,52997,36550000,44600000
2026-09-20T00:58:07.190Z,17666,986.5,1560
2026-09-20T00:58:07.190Z,31826,347900000,392100000
2026-09-20T00:58:07.190Z,11642,1701000,1784000
2026-09-20T00:58:07.190Z,20743,2261,2991
2026-09-20T00:58:07.190Z,90484,100.2,100.3
2026-09-20T00:58:07.190Z,24658,1326000,12990000
2026-09-20T00:58:07.190Z,17887,595.5,612
2026-09-20T00:58:07.190Z,48726,6000000,25000000
2026-09-20T00:58:07.190Z,14158,18630000,21170000
2026-09-20T00:58:07.190Z,53385,,388700
2026-09-20T00:58:07.190Z,24521,1318,1500
2026-09-20T00:58:07.190Z,53299,179800000,217700000
2026-09-20T00:58:07.190Z,11544,5927,6373
2026-09-20T00:58:07.190Z,22541,7100000,11760000
2026-09-20T00:58:07.190Z,31368,516200000,781000000
2026-09-20T00:58:07.190Z,30259,17900,21110
2026-09-20T00:58:07.190Z,31500,110000,20000000
2026-09-20T00:58:07.190Z,57468,300000,340000
2026-09-20T00:58:07.190Z,13922,102800,116900000
2026-09-20T00:58:07.190Z,2392,600,661.5
2026-09-20T00:58:07.190Z,14108,44460000,48490000
2026-09-20T00:58:07.190Z,61203,147700,714600
2026-09-20T00:58:07.190Z,78773,100000,998800
2026-09-20T00:58:07.190Z,17294,502100,1400000
2026-09-20T00:58:07.190Z,40358,5206000,7374000
2026-09-20T00:58:07.190Z,28361,1050,1599
2026-09-20T00:58:07.190Z,14240,2017000,3094000
2026-09-20T00:58:07.190Z,57495,20010000,44900000
2026-09-20T00:58:07.190Z,15608,1260,5262
2026-09-20T00:58:07.190Z,47762,8500,8501
2026-09-20T00:58:07.190Z,23160,26.32,26.33
2026-09-20T00:58:07.190Z,57149,620.1,819.8
2026-09-20T00:58:07.190Z,37594,12400000,146600000
2026-09-20T00:58:07.190Z,83317,10000,243900
2026-09-20T00:58:07.190Z,89611,32290,300000
2026-09-20T00:58:07.190Z,41575,340100000,448000000
2026-09-20T00:58:07.190Z,43501,369800,5680000
2026-09-20T00:58:07.190Z,47700,92250000,149000000
2026-09-20T00:58:07.190Z,62552,2026,2273
2026-09-20T00:58:07.190Z,29093,455500,796900
2026-09-20T00:58:07.190Z,5697,163000,229500
2026-09-20T00:58:07.190Z,11176,15580000,16500000
2026-09-20T00:58:07.190Z,92464,316000,380400
2026-09-20T00:58:07.190Z,47930,1116,1253
2026-09-20T00:58:07.190Z,30832,843400,920600
2026-09-20T00:58:07.190Z,5439,4252,13120
2026-09-20T00:58:07.190Z,1952,822700,972200
2026-09-20T00:58:07.190Z,13978,3086000,9595000
2026-09-20T00:58:07.190Z,19111,28540000,37540000
2026-09-20T00:58:07.190Z,22123,62110000,74280000
2026-09-20T00:58:07.190Z,19335,263100000,399500000
2026-09-20T00:58:07.190Z,26298,82960000,96690000
2026-09-20T00:58:07.190Z,12531,25590,199000
2026-09-20T00:58:07.190Z,48387,7024000,10880000
2026-09-20T00:58:07.190Z,93473,14180000,70000000
2026-09-20T00:58:07.190Z,57127,641000000,743500000
2026-09-20T00:58:07.190Z,4312,16090,17980
2026-09-20T00:58:07.190Z,36431,5001000,41000000
2026-09-20T00:58:07.190Z,3057,4778000,5217000
2026-09-20T00:58:07.190Z,17841,7116000,7999000
2026-09-20T00:58:07.190Z,60678,151100,2898000
2026-09-20T00:58:07.190Z,45593,30840000,34490000
2026-09-20T00:58:07.190Z,31890,1448000,1613000
2026-09-20T00:58:07.190Z,24501,25,47
2026-09-20T00:58:07.190Z,16061,92600000,110900000
2026-09-20T00:58:07.190Z,24525,1303,1445
2026-09-20T00:58:07.190Z,8263,26440,34440
2026-09-20T00:58:07.190Z,62385,57010,99700
2026-09-20T00:58:07.190Z,1201,80200,94890
2026-09-20T00:58:07.190Z,27562,12500000,74780000
2026-09-20T00:58:07.190Z,62558,3213,4099
2026-09-20T00:58:07.190Z,62538,191,194.5
2026-09-20T00:58:07.190Z,62532,95.2,95.25
2026-09-20T00:58:07.190Z,96329,3300000,4998000
2026-09-20T00:58:07.190Z,86144,3791000,5488000
2026-09-20T00:58:07.190Z,21888,44180000,47760000
2026-09-20T00:58:07.190Z,30488,415000,422500
2026-09-20T00:58:07.190Z,47048,6810000,57990000
2026-09-20T00:58:07.190Z,54786,7205,8756
2026-09-20T00:58:07.190Z,56073,71160,161900
2026-09-20T00:58:07.190Z,3192,559000000,646000000
2026-09-20T00:58:07.190Z,33476,40400000,55680000
2026-09-20T00:58:07.190Z,71726,50000000,742700000
2026-09-20T00:58:07.190Z,15480,3389000,4169000
2026-09-20T00:58:07.190Z,46954,600000,2980000
2026-09-20T00:58:07.190Z,27143,523500,685800
2026-09-20T00:58:07.190Z,10221,16200000,17930000
2026-09-20T00:58:07.190Z,4358,58820,97980
2026-09-20T00:58:07.190Z,45770,161900,399900
2026-09-20T00:58:07.190Z,17930,53210000,58440000
2026-09-20T00:58:07.190Z,14966,709800000,2129000000
2026-09-20T00:58:07.190Z,11399,16030,17250
2026-09-20T00:58:07.190Z,88678,7601000,23000000
2026-09-20T00:58:07.190Z,3477,73050000,97580000
2026-09-20T00:58:07.190Z,33330,5209,6446
2026-09-20T00:58:07.190Z,60199,20000000,38020000
2026-09-20T00:58:07.190Z,21198,8732,358000
2026-09-20T00:58:07.190Z,53425,42230000,147600000
2026-09-20T00:58:07.190Z,30558,5658000,5989000
2026-09-20T00:58:07.190Z,19937,4254,32990
2026-09-20T00:58:07.190Z,2817,92.06,122.2
2026-09-20T00:58:07.190Z,34102,347000000,648800000
2026-09-20T00:58:07.190Z,56850,592700000,898200000
2026-09-20T00:58:07.190Z,92284,120100000,124800000
2026-09-20T00:58:07.190Z,33064,41240000,348800000
2026-09-20T00:58:07.190Z,85780,60000,779000
2026-09-20T00:58:07.190Z,31240,58880,204800
2026-09-20T00:58:07.190Z,95813,26000000,79790000
2026-09-20T00:58:07.190Z,20703,77620000,89150000
2026-09-20T00:58:07.190Z,3215,542200000,641300000
2026-09-20T00:58:07.190Z,19147,19140000,21350000
2026-09-20T00:58:07.190Z,76175,15080000,99990000
2026-09-20T00:58:07.190Z,2571,1086000,1293000
2026-09-20T00:58:07.190Z,33176,56720,89880
2026-09-20T00:58:07.190Z,43658,121700000,175400000
2026-09-20T00:58:07.190Z,46002,2633000,2884000
2026-09-20T00:58:07.190Z,11542,4900,5002
2026-09-20T00:58:07.190Z,46675,3203,6500
2026-09-20T00:58:07.190Z,46786,150100,3963000
2026-09-20T00:58:07.190Z,28565,379000,350000000
2026-09-20T00:58:07.190Z,52915,103000000,117000000
2026-09-20T00:58:07.190Z,90417,601700,2000000
2026-09-20T00:58:07.190Z,527,709800,814800
2026-09-20T00:58:07.190Z,83249,1100,45000
2026-09-20T00:58:07.190Z,91151,120000000,229000000
2026-09-20T00:58:07.190Z,29001,8156,12460
2026-09-20T00:58:07.190Z,23059,3755000,4497000
2026-09-20T00:58:07.190Z,7619,220000,843800
2026-09-20T00:58:07.190Z,58895,50100,987000
2026-09-20T00:58:07.190Z,43551,1782000,2051000
2026-09-20T00:58:07.190Z,32344,16060000,17000000
2026-09-20T00:58:07.190Z,21338,5.12,27.86
2026-09-20T00:58:07.190Z,16537,12440000,14700000
2026-09-20T00:58:07.190Z,28678,1953000,2217000
2026-09-20T00:58:07.190Z,47892,22480,35000
2026-09-20T00:58:07.190Z,11556,31700,34650
2026-09-20T00:58:07.190Z,36801,606200,1695000
2026-09-20T00:58:07.190Z,23785,51870000,86500000
2026-09-20T00:58:07.190Z,4533,3366,9800
2026-09-20T00:58:07.190Z,33285,5003000,34960000
2026-09-20T00:58:07.190Z,84988,,1845000000
2026-09-20T00:58:07.190Z,31175,154100000,293500000
2026-09-20T00:58:07.190Z,56206,2802000000,3280000000
2026-09-20T00:58:07.190Z,89710,2600000,4597000
2026-09-20T00:58:07.190Z,83287,10000,76970
2026-09-20T00:58:07.190Z,33332,11720,12930
2026-09-20T00:58:07.190Z,31410,38150000,46870000
2026-09-20T00:58:07.190Z,29045,724000,1497000
2026-09-20T00:58:07.190Z,17660,4,1928
2026-09-20T00:58:07.190Z,21894,1119,1254
2026-09-20T00:58:07.190Z,31378,11380000,12090000
2026-09-20T00:58:07.190Z,79732,126500,2193000
2026-09-20T00:58:07.190Z,31654,287000000,449600000
2026-09-20T00:58:07.190Z,31570,7534000,17330000
2026-09-20T00:58:07.190Z,84740,228900000,300500000
2026-09-20T00:58:07.190Z,37546,753200,977400
2026-09-20T00:58:07.190Z,42571,41000000,239600000
2026-09-20T00:58:07.190Z,9957,14460000,16480000
2026-09-20T00:58:07.190Z,43919,275500000,425000000
2026-09-20T00:58:07.190Z,37849,2339000,2981000
2026-09-20T00:58:07.190Z,14451,4574000000,7958000000
2026-09-20T00:58:07.190Z,47271,402100000,427900000
2026-09-20T00:58:07.190Z,21212,16830,498400
2026-09-20T00:58:07.190Z,45909,1100000,8999000
2026-09-20T00:58:07.190Z,41058,42910000,55360000
2026-09-20T00:58:07.190Z,82498,384100000,495000000
2026-09-20T00:58:07.190Z,83363,20030,1699000
2026-09-20T00:58:07.190Z,86155,6530000,15410000
2026-09-20T00:58:07.190Z,14455,4566000000,9106000000
2026-09-20T00:58:07.190Z,624,9933000,11700000
2026-09-20T00:58:07.190Z,13924,73000000,83980000
2026-09-20T00:58:07.190Z,42588,1000000,1150000000
2026-09-20T00:58:07.190Z,31902,29000000,31970000
2026-09-20T00:58:07.190Z,45635,139400000,149500000
2026-09-20T00:58:07.190Z,14299,3503000,3699000
2026-09-20T00:58:07.190Z,16122,65390,136000
2026-09-20T00:58:07.190Z,56978,18.24,899800
2026-09-20T00:58:07.190Z,3478,548400000,611800000
2026-09-20T00:58:07.190Z,49803,101000,3962000
2026-09-20T00:58:07.190Z,399,7517,11240
2026-09-20T00:58:07.190Z,24571,5005000,16600000
2026-09-20T00:58:07.190Z,57118,109200000,137000000
2026-09-20T00:58:07.190Z,90317,45130000,115000000
2026-09-20T00:58:07.190Z,3127,552000000,613900000
2026-09-20T00:58:07.190Z,3775,11930,13170
2026-09-20T00:58:07.190Z,41499,91090000,113100000
2026-09-20T00:58:07.190Z,10244,12190000,18390000
2026-09-20T00:58:07.190Z,82376,1601000,23600000
2026-09-20T00:58:07.190Z,14130,5527000,6583000
2026-09-20T00:58:07.190Z,82352,10000,1343000
2026-09-20T00:58:07.190Z,82456,40010,989900
2026-09-20T00:58:07.190Z,41464,46280000,75030000
2026-09-20T00:58:07.190Z,40696,131300000,163400000
2026-09-20T00:58:07.190Z,14292,600.4,600.5
2026-09-20T00:58:07.190Z,88176,,9999
2026-09-20T00:58:07.190Z,60219,111100,1388000
2026-09-20T00:58:07.190Z,42563,11000000,56990000
2026-09-20T00:58:07.190Z,24641,14650000,16900000
2026-09-20T00:58:07.190Z,18887,52520000,99890000
2026-09-20T00:58:07.190Z,19351,200900000,285000000
2026-09-20T00:58:07.190Z,60476,363700000,394100000
2026-09-20T00:58:07.190Z,62563,5939,6785
2026-09-20T00:58:07.190Z,85230,18880000,25400000
2026-09-20T00:58:07.190Z,22782,1920000,2132000
2026-09-20T00:58:07.190Z,17207,31500000,37990000
2026-09-20T00:58:07.190Z,47647,61310,889200
2026-09-20T00:58:07.190Z,25600,41020,41030
2026-09-20T00:58:07.190Z,31876,1912000,2082000
2026-09-20T00:58:07.190Z,46006,15280000,16540000
2026-09-20T00:58:07.190Z,33559,136700000,161800000
2026-09-20T00:58:07.190Z,13929,60100000,64990000
2026-09-20T00:58:07.190Z,28810,178600000,207000000
2026-09-20T00:58:07.190Z,60435,9600,977000
2026-09-20T00:58:07.190Z,19247,13030000,16000000
2026-09-20T00:58:07.190Z,17765,146700,174000
2026-09-20T00:58:07.190Z,28809,89040000,97880000
2026-09-20T00:58:07.190Z,90468,9520000,12510000
2026-09-20T00:58:07.190Z,60301,1096000,1161000
2026-09-20T00:58:07.190Z,81143,1980,2120
2026-09-20T00:58:07.190Z,3673,56.17,149
2026-09-20T00:58:07.190Z,82463,40000,449400
2026-09-20T00:58:07.190Z,11578,4011000,4990000
2026-09-20T00:58:07.190Z,246,4191,7959
2026-09-20T00:58:07.190Z,27391,302.3,597.6
2026-09-20T00:58:07.190Z,1944,1123000,2400000
2026-09-20T00:58:07.190Z,3324,1263,160000
2026-09-20T00:58:07.190Z,34604,70000000,142200000
2026-09-20T00:58:07.190Z,75275,19.62,21.9
2026-09-20T00:58:07.190Z,12791,140,170.8
2026-09-20T00:58:07.190Z,83349,10000,460300
2026-09-20T00:58:07.190Z,82347,40000,8683000
2026-09-20T00:58:07.190Z,41129,25160000,99890000
2026-09-20T00:58:07.190Z,82358,40000,2849000
2026-09-20T00:58:07.190Z,83227,10000,230000
2026-09-20T00:58:07.190Z,31213,22950,49780
2026-09-20T00:58:07.190Z,11648,1933000,2345000
2026-09-20T00:58:07.190Z,17551,151,359900
2026-09-20T00:58:07.190Z,36435,109400,25000000
2026-09-20T00:58:07.190Z,41486,15980000,21970000
2026-09-20T00:58:07.190Z,22983,347.2,852.8
2026-09-20T00:58:07.190Z,17982,1251000,6972000
2026-09-20T00:58:07.190Z,14984,25080000,530000000
2026-09-20T00:58:07.190Z,21097,777000,999600
2026-09-20T00:58:07.190Z,2349,88090,106500
2026-09-20T00:58:07.190Z,18839,7978000,8692000
2026-09-20T00:58:07.190Z,92991,3400000,9799000
2026-09-20T00:58:07.190Z,53010,703000,4735000
2026-09-20T00:58:07.190Z,4233,111,15410000
2026-09-20T00:58:07.190Z,17928,89090000,99640000
2026-09-20T00:58:07.190Z,16365,340000,365000
2026-09-20T00:58:07.190Z,33453,22010000,23710000
2026-09-20T00:58:07.190Z,92453,196600000,228000000
2026-09-20T00:58:07.190Z,92997,3605000,17600000
2026-09-20T00:58:07.190Z,33852,72250000,79790000
2026-09-20T00:58:07.190Z,37797,500100,5249000
2026-09-20T00:58:07.190Z,23045,1366,1594
2026-09-20T00:58:07.190Z,11235,13010,700000
2026-09-20T00:58:07.190Z,40561,18670000,22900000
2026-09-20T00:58:07.190Z,54396,621000000,715400000
2026-09-20T00:58:07.190Z,56136,10500,10520
2026-09-20T00:58:07.190Z,42214,542100000,602600000
2026-09-20T00:58:07.190Z,4399,3311000,4197000
2026-09-20T00:58:07.190Z,2567,1403000,1633000
2026-09-20T00:58:07.190Z,36437,3000000,13000000
2026-09-20T00:58:07.190Z,4529,2419,5984
2026-09-20T00:58:07.190Z,230,72.61,82.84
2026-09-20T00:58:07.190Z,28433,193600,213200
2026-09-20T00:58:07.190Z,62571,4257,5000
2026-09-20T00:58:07.190Z,2445,71890,7000000
2026-09-20T00:58:07.190Z,15792,109400000,122000000
2026-09-20T00:58:07.190Z,56065,2586,5100
2026-09-20T00:58:07.190Z,91922,1092000,2499000
2026-09-20T00:58:07.190Z,47791,18410000,21550000
2026-09-20T00:58:07.190Z,13949,10200000,10230000
2026-09-20T00:58:07.190Z,32104,5302000,11480000
2026-09-20T00:58:07.190Z,33522,25850000,30940000
2026-09-20T00:58:07.190Z,27429,1400,1541
2026-09-20T00:58:07.190Z,13263,12880000,13910000
2026-09-20T00:58:07.190Z,85153,1605000,1606000
2026-09-20T00:58:07.190Z,21472,67210000,89790000
2026-09-20T00:58:07.190Z,14706,666800000,1322000000
2026-09-20T00:58:07.190Z,31664,769000,2482000
2026-09-20T00:58:07.190Z,89617,9079000,44590000
2026-09-20T00:58:07.190Z,24663,103800000,112500000
2026-09-20T00:58:07.190Z,40552,11340000,13810000
2026-09-20T00:58:07.190Z,20211,1070000,1954000
2026-09-20T00:58:07.190Z,16245,11300000,16490000
2026-09-20T00:58:07.190Z,30562,133000,364500
2026-09-20T00:58:07.190Z,16680,810.9,831.2
2026-09-20T00:58:07.190Z,11454,83120,649900
2026-09-20T00:58:07.190Z,6176,1400,2598
2026-09-20T00:58:07.190Z,16662,10050,12420
2026-09-20T00:58:07.190Z,19057,48100000,59290000
2026-09-20T00:58:07.190Z,92468,1225000,2230000
2026-09-20T00:58:07.190Z,27127,501200,701700
2026-09-20T00:58:07.190Z,3265,5444000,6145000
2026-09-20T00:58:07.190Z,22124,320200000,349600000
2026-09-20T00:58:07.190Z,47911,1765000,1978000
2026-09-20T00:58:07.190Z,25266,2227000,2897000
2026-09-20T00:58:07.190Z,2605,207800,227300
2026-09-20T00:58:07.190Z,15770,38380000,41230000
2026-09-20T00:58:07.190Z,31462,1800000,2193000
2026-09-20T00:58:07.190Z,31117,45350,61990
2026-09-20T00:58:07.190Z,59814,60650000,547600000
2026-09-20T00:58:07.190Z,62400,8864,9850
2026-09-20T00:58:07.190Z,92663,50010000,160000000
2026-09-20T00:58:07.190Z,57121,198900000,327000000
2026-09-20T00:58:07.190Z,76494,1202000,3666000
2026-09-20T00:58:07.190Z,41174,351800000,481800000
2026-09-20T00:58:07.190Z,27911,,21460000
2026-09-20T00:58:07.190Z,27573,61700000,130000000
2026-09-20T00:58:07.190Z,79736,136900,3070000
2026-09-20T00:58:07.190Z,91410,31110000,49890000
2026-09-20T00:58:07.190Z,3224,532600000,608300000
2026-09-20T00:58:07.190Z,3104,110000,900000
2026-09-20T00:58:07.190Z,20161,789000000,848000000
2026-09-20T00:58:07.190Z,55551,,98610
2026-09-20T00:58:07.190Z,47001,152100,3677000
2026-09-20T00:58:07.190Z,83271,20000,75000
2026-09-20T00:58:07.190Z,20006,382.5,799.1
2026-09-20T00:58:07.190Z,92570,1621,2100
2026-09-20T00:58:07.190Z,5867,,488
2026-09-20T00:58:07.190Z,55358,31030,90080
2026-09-20T00:58:07.190Z,94159,65000000,83000000
2026-09-20T00:58:07.190Z,41459,303000000,331700000
2026-09-20T00:58:07.190Z,9950,1330000,1624000
2026-09-20T00:58:07.190Z,27652,7000000,44200000
2026-09-20T00:58:07.190Z,85934,6200000,13690000
2026-09-20T00:58:07.190Z,28444,166800,191500
2026-09-20T00:58:07.190Z,23817,41880000,59500000
2026-09-20T00:58:07.190Z,32246,35290000,39260000
2026-09-20T00:58:07.190Z,31796,16110000,16980000
2026-09-20T00:58:07.190Z,75286,2012,4147
2026-09-20T00:58:07.190Z,56791,4000000,18900000
2026-09-20T00:58:07.190Z,17234,15020,47890
2026-09-20T00:58:07.190Z,53013,3100000,7998000
2026-09-20T00:58:07.190Z,22456,36490000,39930000
2026-09-20T00:58:07.190Z,60459,92930,96640
2026-09-20T00:58:07.190Z,14758,,1446000000
2026-09-20T00:58:07.190Z,15154,2142000000,4000000000
2026-09-20T00:58:07.190Z,27559,56200000,294900000
2026-09-20T00:58:07.190Z,89612,167.1,488.5
2026-09-20T00:58:07.190Z,17245,7000,79000
2026-09-20T00:58:07.190Z,79724,260100,1711000
2026-09-20T00:58:07.190Z,14232,45730000,70390000
2026-09-20T00:58:07.190Z,85305,2200000,4000000
2026-09-20T00:58:07.190Z,85533,1838000,6650000
2026-09-20T00:58:07.190Z,22999,700,1344
2026-09-20T00:58:07.190Z,30744,175000,193000
2026-09-20T00:58:07.190Z,26392,450000,13800000
2026-09-20T00:58:07.190Z,3276,501600000,654100000
2026-09-20T00:58:07.190Z,15872,451900,2800000
2026-09-20T00:58:07.190Z,27335,3809,8976
2026-09-20T00:58:07.190Z,85532,721700,5750000
2026-09-20T00:58:07.190Z,24527,1380,1615
2026-09-20T00:58:07.190Z,74150,158000,9584000
2026-09-20T00:58:07.190Z,88657,4200000,14000000
2026-09-20T00:58:07.190Z,29248,430500,519800
2026-09-20T00:58:07.190Z,643,135300000,149900000
2026-09-20T00:58:07.190Z,53486,99100,1999000
2026-09-20T00:58:07.190Z,14415,200000000,400000000
2026-09-20T00:58:07.190Z,30464,65650,118900
2026-09-20T00:58:07.190Z,10868,8967,16280
2026-09-20T00:58:07.190Z,24700,46910000,54500000
2026-09-20T00:58:07.190Z,57477,91220000,99790000
2026-09-20T00:58:07.190Z,42780,220100,2980000
2026-09-20T00:58:07.190Z,87842,92020000,235000000
2026-09-20T00:58:07.190Z,34292,3154000,3812000
2026-09-20T00:58:07.190Z,47905,1720000,1940000
2026-09-20T00:58:07.190Z,62454,907.4,1000
2026-09-20T00:58:07.190Z,81022,16000000,33140000
2026-09-20T00:58:07.190Z,4247,17900,17950
2026-09-20T00:58:07.190Z,50067,9576000000,15890000000
2026-09-20T00:58:07.190Z,46920,4489000,18900000
2026-09-20T00:58:07.190Z,92954,19810,25630
2026-09-20T00:58:07.190Z,12836,76400,79660
2026-09-20T00:58:07.190Z,37299,225400000,253500000
2026-09-20T00:58:07.190Z,5051,83930,111000
2026-09-20T00:58:07.190Z,3359,1600,120000
2026-09-20T00:58:07.190Z,27111,160000,349900
2026-09-20T00:58:07.190Z,60198,15000000,24010000
2026-09-20T00:58:07.190Z,47899,9035000,9989000
2026-09-20T00:58:07.190Z,32340,9165000,17190000
2026-09-20T00:58:07.190Z,21790,201.5,119900
2026-09-20T00:58:07.190Z,62559,3948,4480
2026-09-20T00:58:07.190Z,91283,174000000,235800000
2026-09-20T00:58:07.190Z,92577,61000,61010
2026-09-20T00:58:07.190Z,90412,1645000,13610000
2026-09-20T00:58:07.190Z,53367,,1197000
2026-09-20T00:58:07.190Z,37810,7322000,14000000
2026-09-20T00:58:07.190Z,31041,6245000,9709000
2026-09-20T00:58:07.190Z,13889,700300,1270000
2026-09-20T00:58:07.190Z,33520,2056000,2499000
2026-09-20T00:58:07.190Z,60908,267000,3995000
2026-09-20T00:58:07.190Z,400,150300,195000
2026-09-20T00:58:07.190Z,2463,8105,8385
2026-09-20T00:58:07.190Z,22128,159000000,184800000
2026-09-20T00:58:07.190Z,16639,471,481
2026-09-20T00:58:07.190Z,60913,80220000,104000000
2026-09-20T00:58:07.190Z,8517,4653000,5745000
2026-09-20T00:58:07.190Z,91568,364000,1062000
2026-09-20T00:58:07.190Z,46813,20000,1941000
2026-09-20T00:58:07.190Z,24654,25920000,159500000
2026-09-20T00:58:07.190Z,46640,250000000,22970000000
2026-09-20T00:58:07.190Z,84959,1165000000,2000000000
2026-09-20T00:58:07.190Z,34284,967900,1298000
2026-09-20T00:58:07.190Z,41212,14060000,15310000
2026-09-20T00:58:07.190Z,19151,75890000,84990000
2026-09-20T00:58:07.190Z,47897,325000,391900
2026-09-20T00:58:07.190Z,85693,20860000,49950000
2026-09-20T00:58:07.190Z,12620,10.06,13.9
2026-09-20T00:58:07.190Z,43714,250000000,2497000000
2026-09-20T00:58:07.190Z,11965,139500000,145000000
2026-09-20T00:58:07.190Z,35891,124100000,161000000
2026-09-20T00:58:07.190Z,43707,350000000,2549000000
2026-09-20T00:58:07.190Z,88623,1600000,29680000
2026-09-20T00:58:07.190Z,23115,635000,942600
2026-09-20T00:58:07.190Z,19249,1447000,3408000
2026-09-20T00:58:07.190Z,5631,2604,12960
2026-09-20T00:58:07.190Z,26450,42340000,72000000
2026-09-20T00:58:07.190Z,60216,2000000,2999000
2026-09-20T00:58:07.190Z,83593,2034000,119900000
2026-09-20T00:58:07.190Z,37532,41890,3867000
2026-09-20T00:58:07.190Z,14252,98860000,105900000
2026-09-20T00:58:07.190Z,15477,5368000,6092000
2026-09-20T00:58:07.190Z,11132,12060,14500
2026-09-20T00:58:07.190Z,34166,4000000,35660000
2026-09-20T00:58:07.190Z,31872,650300,900000
2026-09-20T00:58:07.190Z,16682,5566,6556
2026-09-20T00:58:07.190Z,33400,7200000,7601000
2026-09-20T00:58:07.190Z,40553,7904000,8525000
2026-09-20T00:58:07.190Z,27435,974.3,1055
2026-09-20T00:58:07.190Z,46837,5000,1099000
2026-09-20T00:58:07.190Z,62554,1826,2256
2026-09-20T00:58:07.190Z,21086,390200,527900
2026-09-20T00:58:07.190Z,11646,1589000,1590000
2026-09-20T00:58:07.190Z,23134,26130000,28000000
2026-09-20T00:58:07.190Z,62520,20.08,20.96
2026-09-20T00:58:07.190Z,2621,445.1,510
2026-09-20T00:58:07.190Z,2195,1567000,1682000
2026-09-20T00:58:07.190Z,41082,51120000,165000000
2026-09-20T00:58:07.190Z,19347,118500000,133300000
2026-09-20T00:58:07.190Z,88641,4400000,18490000
2026-09-20T00:58:07.190Z,31061,315500000,335600000
2026-09-20T00:58:07.190Z,60470,1950000,2950000
2026-09-20T00:58:07.190Z,14295,1601000,3098000
2026-09-20T00:58:07.190Z,85679,20770000,54950000
2026-09-20T00:58:07.190Z,91142,641700,2996000
2026-09-20T00:58:07.190Z,21013,11070000,13570000
2026-09-20T00:58:07.190Z,34276,9962000,9964000
2026-09-20T00:58:07.190Z,31201,50360,88420
2026-09-20T00:58:07.190Z,60575,8239000,9197000
2026-09-20T00:58:07.190Z,2308,3.27,3.68
2026-09-20T00:58:07.190Z,2109,880000,989100
2026-09-20T00:58:07.190Z,27918,1204000,1564000
2026-09-20T00:58:07.190Z,22997,502.5,1078
2026-09-20T00:58:07.190Z,82451,120100,499900
2026-09-20T00:58:07.190Z,83228,10000,124800
2026-09-20T00:58:07.190Z,15212,900100,275000000
2026-09-20T00:58:07.190Z,82443,10000,299900
2026-09-20T00:58:07.190Z,5322,6570,12450
2026-09-20T00:58:07.190Z,13923,5722000,9980000
2026-09-20T00:58:07.190Z,52254,408100000,463800000
2026-09-20T00:58:07.190Z,31302,214300,34680000
2026-09-20T00:58:07.190Z,7703,58830,169800
2026-09-20T00:58:07.190Z,43487,210700,4195000
2026-09-20T00:58:07.190Z,42909,167600,1796000
2026-09-20T00:58:07.190Z,29051,564300,1824000
2026-09-20T00:58:07.190Z,43875,307100000,332000000
2026-09-20T00:58:07.190Z,56142,25150000,27920000
2026-09-20T00:58:07.190Z,40476,250000,1500000
2026-09-20T00:58:07.190Z,82462,10000,889300
2026-09-20T00:58:07.190Z,19536,40060000,60900000
2026-09-20T00:58:07.190Z,88686,5401000,73320000
2026-09-20T00:58:07.190Z,91132,2200000,4000000
2026-09-20T00:58:07.190Z,29061,420100,863500
2026-09-20T00:58:07.190Z,28266,10150,499700
2026-09-20T00:58:07.190Z,2309,3.21,3.77
2026-09-20T00:58:07.190Z,87318,10000,142000
2026-09-20T00:58:07.190Z,62625,13860000,15880000
2026-09-20T00:58:07.190Z,20629,7612000,12500000
2026-09-20T00:58:07.190Z,89668,8700000,43000000
2026-09-20T00:58:07.190Z,7369,45000,66500
2026-09-20T00:58:07.190Z,5011,3745,12000
2026-09-20T00:58:07.190Z,60295,963700,998700
2026-09-20T00:58:07.190Z,47889,2523000,2993000
2026-09-20T00:58:07.190Z,3116,539600000,586200000
2026-09-20T00:58:07.190Z,85682,7007000,60500000
2026-09-20T00:58:07.190Z,28304,4610000,4999000
2026-09-20T00:58:07.190Z,92591,60000,60010
2026-09-20T00:58:07.190Z,32248,1348000,2549000
2026-09-20T00:58:07.190Z,1179,5000,265000
2026-09-20T00:58:07.190Z,34771,10110,3500000
2026-09-20T00:58:07.190Z,25273,49590,65230
2026-09-20T00:58:07.190Z,24486,50,84.4
2026-09-20T00:58:07.190Z,20567,8632000,15560000
2026-09-20T00:58:07.190Z,18919,125000000,146200000
2026-09-20T00:58:07.190Z,82314,669,1072
2026-09-20T00:58:07.190Z,82486,10140,4659000
2026-09-20T00:58:07.190Z,54409,174800000,190000000
2026-09-20T00:58:07.190Z,54363,1633000,100000000
2026-09-20T00:58:07.190Z,16433,6200,17660
2026-09-20T00:58:07.190Z,17895,3909000,4005000
2026-09-20T00:58:07.190Z,82313,783.4,1033
2026-09-20T00:58:07.190Z,47447,13560000,18530000
2026-09-20T00:58:07.190Z,11563,259800,288000
2026-09-20T00:58:07.190Z,33846,79280000,88130000
2026-09-20T00:58:07.190Z,1987,575000,770600
2026-09-20T00:58:07.190Z,16391,301400,437600
2026-09-20T00:58:07.190Z,40562,16620000,19880000
2026-09-20T00:58:07.190Z,13935,98840000,114300000
2026-09-20T00:58:07.190Z,85032,135800000,274900000
2026-09-20T00:58:07.190Z,23142,40970,493800
2026-09-20T00:58:07.190Z,58824,529200000,799600000
2026-09-20T00:58:07.190Z,20539,72150000,92740000
2026-09-20T00:58:07.190Z,19968,4.13,287.9
2026-09-20T00:58:07.190Z,15660,30010,30020
2026-09-20T00:58:07.190Z,19031,64440000,71050000
2026-09-20T00:58:07.190Z,25610,2377000,2378000
2026-09-20T00:58:07.190Z,82440,10000,748900
2026-09-20T00:58:07.190Z,56855,3020000,5683000
2026-09-20T00:58:07.190Z,83221,0.01,37990
2026-09-20T00:58:07.190Z,20613,8109000,10310000
2026-09-20T00:58:07.190Z,96331,18420000,29720000
2026-09-20T00:58:07.190Z,22470,268200000,293700000
2026-09-20T00:58:07.190Z,89267,320000,576900
2026-09-20T00:58:07.190Z,47273,18990000,28650000
2026-09-20T00:58:07.190Z,482,655700,655900
2026-09-20T00:58:07.190Z,27373,672.3,49840
2026-09-20T00:58:07.190Z,27363,42120,97980
2026-09-20T00:58:07.190Z,16527,412100,489500
2026-09-20T00:58:07.190Z,45020,162800000,349800000
2026-09-20T00:58:07.190Z,35789,5828000,6829000
2026-09-20T00:58:07.190Z,58901,200000,3099000
2026-09-20T00:58:07.190Z,29053,457700,535000
2026-09-20T00:58:07.190Z,11289,5571,7043
2026-09-20T00:58:07.190Z,7537,1660,12350
2026-09-20T00:58:07.190Z,21073,20600,130800
2026-09-20T00:58:07.190Z,26324,52050,54770000
2026-09-20T00:58:07.190Z,20349,751100,859000
2026-09-20T00:58:07.190Z,92582,92010000,200000000
2026-09-20T00:58:07.190Z,32039,2402000,13630000
2026-09-20T00:58:07.190Z,12365,,250000
2026-09-20T00:58:07.190Z,34278,3330000,4488000
2026-09-20T00:58:07.190Z,81065,63640,71240
2026-09-20T00:58:07.190Z,30993,27220000,30090000
2026-09-20T00:58:07.190Z,92382,583800000,950000000
2026-09-20T00:58:07.190Z,12743,83300000,93560000
2026-09-20T00:58:07.190Z,18951,53710000,73300000
2026-09-20T00:58:07.190Z,34496,3091000,3942000
2026-09-20T00:58:07.190Z,17938,18080,19970
2026-09-20T00:58:07.190Z,32061,1001000,4484000
2026-09-20T00:58:07.190Z,458,1,249300
2026-09-20T00:58:07.190Z,50051,20480000,113000000
2026-09-20T00:58:07.190Z,76159,1001000,17290000
2026-09-20T00:58:07.190Z,18766,7019000,7883000
2026-09-20T00:58:07.190Z,22113,4007000,5700000
2026-09-20T00:58:07.190Z,32085,,3394000
2026-09-20T00:58:07.190Z,37847,9521,11430
2026-09-20T00:58:07.190Z,26112,,495800
2026-09-20T00:58:07.190Z,11577,3252000,3535000
2026-09-20T00:58:07.190Z,2881,258200,304500
2026-09-20T00:58:07.190Z,7583,10250,74960
2026-09-20T00:58:07.190Z,11551,38370,42570
2026-09-20T00:58:07.190Z,84105,390200000,1625000000
2026-09-20T00:58:07.190Z,31584,83250000,298600000
2026-09-20T00:58:07.190Z,35949,35070000,37630000
2026-09-20T00:58:07.190Z,33732,70210000,349900000
2026-09-20T00:58:07.190Z,47775,6360000,7957000
2026-09-20T00:58:07.190Z,88645,8601000,92990000
2026-09-20T00:58:07.190Z,27093,402300,750000
2026-09-20T00:58:07.190Z,26096,37640,3759000
2026-09-20T00:58:07.190Z,30747,4648000,4850000
2026-09-20T00:58:07.190Z,73468,,4299000
2026-09-20T00:58:07.190Z,26374,48250000,53150000
2026-09-20T00:58:07.190Z,83268,80000,155000
2026-09-20T00:58:07.190Z,47028,37540000,41940000
2026-09-20T00:58:07.190Z,29039,843200,1410000
2026-09-20T00:58:07.190Z,7535,20000,104300
2026-09-20T00:58:07.190Z,26380,5039000,7488000
2026-09-20T00:58:07.190Z,26404,20020000,62990000
2026-09-20T00:58:07.190Z,47270,62000000,67300000
2026-09-20T00:58:07.190Z,47636,31040000,87990000
2026-09-20T00:58:07.190Z,41254,1175000000,1395000000
2026-09-20T00:58:07.190Z,28427,50,2400
2026-09-20T00:58:07.190Z,86106,51000000,77000000
2026-09-20T00:58:07.190Z,18903,52020000,60900000
2026-09-20T00:58:07.190Z,11365,17280000,18940000
2026-09-20T00:58:07.190Z,17920,861400000,921300000
2026-09-20T00:58:07.190Z,16000,21410,21420
2026-09-20T00:58:07.190Z,633,7685000,8500000
2026-09-20T00:58:07.190Z,585,317300,489200
2026-09-20T00:58:07.190Z,37460,11010000,11970000
2026-09-20T00:58:07.190Z,11488,112500,975700
2026-09-20T00:58:07.190Z,28808,64190000,72850000
2026-09-20T00:58:07.190Z,14063,2130000,3000000
2026-09-20T00:58:07.190Z,62556,3523,4255
2026-09-20T00:58:07.190Z,20347,354000,446900
2026-09-20T00:58:07.190Z,62527,28.08,35.37
2026-09-20T00:58:07.190Z,11957,130700000,140200000
2026-09-20T00:58:07.190Z,1228,18.87,21
2026-09-20T00:58:07.190Z,1422,343300,409600
2026-09-20T00:58:07.190Z,31582,2247000,11710000
2026-09-20T00:58:07.190Z,25924,,4556000
2026-09-20T00:58:07.190Z,18981,18010000,24810000
2026-09-20T00:58:07.190Z,18779,66500000,109400000
2026-09-20T00:58:07.190Z,13954,42590000,51490000
2026-09-20T00:58:07.190Z,19109,15040000,18770000
2026-09-20T00:58:07.190Z,20418,93900,96220
2026-09-20T00:58:07.190Z,42830,303.6,425
2026-09-20T00:58:07.190Z,45991,20300000,84770000
2026-09-20T00:58:07.190Z,44,13640,14080
2026-09-20T00:58:07.190Z,16653,27200,28010
2026-09-20T00:58:07.190Z,27329,1351,9988
2026-09-20T00:58:07.190Z,45661,1643,1970
2026-09-20T00:58:07.190Z,88638,10000,748000
2026-09-20T00:58:07.190Z,24595,777,2390
2026-09-20T00:58:07.190Z,63790,68110000,239800000
2026-09-20T00:58:07.190Z,8869,21200,85060
2026-09-20T00:58:07.190Z,86216,2789000,3329000
2026-09-20T00:58:07.190Z,47870,2035,213700
2026-09-20T00:58:07.190Z,31324,800400,1102000
2026-09-20T00:58:07.190Z,20412,91300,96980
2026-09-20T00:58:07.190Z,20423,87840,94800
2026-09-20T00:58:07.190Z,21890,42610000,46030000
2026-09-20T00:58:07.190Z,31246,726200,2880000
2026-09-20T00:58:07.190Z,11553,36040,40310
2026-09-20T00:58:07.190Z,47316,3412000,22950000
2026-09-20T00:58:07.190Z,88605,20000,20010
2026-09-20T00:58:07.190Z,18911,55830000,79880000
2026-09-20T00:58:07.190Z,75277,18.48,22.89
2026-09-20T00:58:07.190Z,90046,,534100
2026-09-20T00:58:07.190Z,45744,11210000,25350000
2026-09-20T00:58:07.190Z,42596,24000000,85760000
2026-09-20T00:58:07.190Z,20505,525700000,579800000
2026-09-20T00:58:07.190Z,34167,45330,500000
2026-09-20T00:58:07.190Z,14902,196100000,256900000
2026-09-20T00:58:07.190Z,44134,60000,1272000
2026-09-20T00:58:07.190Z,46425,25000000,274900000
2026-09-20T00:58:07.190Z,33101,1304000,1490000
2026-09-20T00:58:07.190Z,45742,24080000,187800000
2026-09-20T00:58:07.190Z,31716,21000,26990
2026-09-20T00:58:07.190Z,31238,35440,64890
2026-09-20T00:58:07.190Z,31868,2853000,3987000
2026-09-20T00:58:07.190Z,57008,509700,2094000
2026-09-20T00:58:07.190Z,46923,300500,3082000
2026-09-20T00:58:07.190Z,6001,23230,32100
2026-09-20T00:58:07.190Z,13786,5211000,17950000
2026-09-20T00:58:07.190Z,83257,1003,118900
2026-09-20T00:58:07.190Z,5743,1872,98840
2026-09-20T00:58:07.190Z,52682,30020000,104300000
2026-09-20T00:58:07.190Z,16467,153400,209400
2026-09-20T00:58:07.190Z,520,40250,56620
2026-09-20T00:58:07.190Z,31884,2063000,2210000
2026-09-20T00:58:07.190Z,37608,2713000,2750000
2026-09-20T00:58:07.190Z,16671,78.04,83.6
2026-09-20T00:58:07.190Z,28334,604.2,667.9
2026-09-20T00:58:07.190Z,24556,20020000,26940000
2026-09-20T00:58:07.190Z,36512,11600000,194600000
2026-09-20T00:58:07.190Z,52680,10000000,47920000
2026-09-20T00:58:07.190Z,12816,224400,242200
2026-09-20T00:58:07.190Z,85746,3710,4142
2026-09-20T00:58:07.190Z,4347,1238000000,1339000000
2026-09-20T00:58:07.190Z,20507,184700000,195000000
2026-09-20T00:58:07.190Z,20453,,35900000
2026-09-20T00:58:07.190Z,74387,18000,145900
2026-09-20T00:58:07.190Z,52674,20190000,29800000
2026-09-20T00:58:07.190Z,15317,10400,12780
2026-09-20T00:58:07.190Z,62633,70580000,83420000
2026-09-20T00:58:07.190Z,8433,1893000,2338000
2026-09-20T00:58:07.190Z,14722,326400000,773600000
2026-09-20T00:58:07.190Z,2589,146600000,159000000
2026-09-20T00:58:07.190Z,57472,19120000,21420000
2026-09-20T00:58:07.190Z,47896,7520,13260
2026-09-20T00:58:07.190Z,90597,1010,1011
2026-09-20T00:58:07.190Z,85685,9666000,55950000
2026-09-20T00:58:07.190Z,7491,345.3,43460
2026-09-20T00:58:07.190Z,3208,30740000,73800000
2026-09-20T00:58:07.190Z,47046,0.01,21880000
2026-09-20T00:58:07.190Z,2436,1529000,1550000
2026-09-20T00:58:07.190Z,28332,912.8,1030
2026-09-20T00:58:07.190Z,20125,142900000,145200000
2026-09-20T00:58:07.190Z,43842,401500,5172000
2026-09-20T00:58:07.190Z,89711,85000000,120000000
2026-09-20T00:58:07.190Z,33569,70,70.01
2026-09-20T00:58:07.190Z,23840,995200,1250000
2026-09-20T00:58:07.190Z,28420,155300,589400
2026-09-20T00:58:07.190Z,31966,12490000,32680000
2026-09-20T00:58:07.190Z,26322,56150000,61840000
2026-09-20T00:58:07.190Z,48219,1375000,2242000
2026-09-20T00:58:07.190Z,11447,31640,778800
2026-09-20T00:58:07.190Z,31963,5129000,21570000
2026-09-20T00:58:07.190Z,14174,10050000,13560000
2026-09-20T00:58:07.190Z,21935,902.6,1099
2026-09-20T00:58:07.190Z,30987,256900,287700
2026-09-20T00:58:07.190Z,11985,126600000,145600000
2026-09-20T00:58:07.190Z,18847,10540000,12320000
2026-09-20T00:58:07.190Z,26448,65950000,80310000
2026-09-20T00:58:07.190Z,17199,3019,3020
2026-09-20T00:58:07.190Z,14238,98840000,107500000
2026-09-20T00:58:07.190Z,24427,801900,992200
2026-09-20T00:58:07.190Z,16407,54730,108900
2026-09-20T00:58:07.190Z,206,72,84.96
2026-09-20T00:58:07.190Z,2563,914400,1484000
2026-09-20T00:58:07.190Z,31129,3041,37900
2026-09-20T00:58:07.190Z,47922,47640000,55380000
2026-09-20T00:58:07.190Z,21039,9680000,10230000
2026-09-20T00:58:07.190Z,210,11.76,15.43
2026-09-20T00:58:07.190Z,55531,,275000
2026-09-20T00:58:07.190Z,37600,13500000,18060000
2026-09-20T00:58:07.190Z,17205,1262000,1263000
2026-09-20T00:58:07.190Z,10250,630800,740000
2026-09-20T00:58:07.190Z,33406,244500000,285700000
2026-09-20T00:58:07.190Z,31448,950100,990200
2026-09-20T00:58:07.190Z,56790,15000000,45000000
2026-09-20T00:58:07.190Z,20885,18120,475000
2026-09-20T00:58:07.190Z,31340,2403000,4753000
2026-09-20T00:58:07.190Z,32101,4140000,12620000
2026-09-20T00:58:07.190Z,54309,13900000,28910000
2026-09-20T00:58:07.190Z,27365,32280,35280
2026-09-20T00:58:07.190Z,484,761.3,10850
2026-09-20T00:58:07.190Z,57388,3206000,96250000
2026-09-20T00:58:07.190Z,32103,5001000,25990000
2026-09-20T00:58:07.190Z,28215,1221000,1407000
2026-09-20T00:58:07.190Z,23109,626300,750000
2026-09-20T00:58:07.190Z,31007,64100000,319900000
2026-09-20T00:58:07.190Z,6135,8079,74820
2026-09-20T00:58:07.190Z,5973,308800,370900
2026-09-20T00:58:07.190Z,63054,68270000,169600000
2026-09-20T00:58:07.190Z,85395,329700,390000
2026-09-20T00:58:07.190Z,47011,,1138000
2026-09-20T00:58:07.190Z,46783,5000,1990000
2026-09-20T00:58:07.190Z,20779,16400,29610
2026-09-20T00:58:07.190Z,25906,0.05,489300
2026-09-20T00:58:07.190Z,3065,5105000,6469000
2026-09-20T00:58:07.190Z,87953,89640000,194900000
2026-09-20T00:58:07.190Z,15234,1485000000,2499000000
2026-09-20T00:58:07.190Z,11688,1000,17560
2026-09-20T00:58:07.190Z,23124,300600,594300
2026-09-20T00:58:07.190Z,13782,31990000,48990000
2026-09-20T00:58:07.190Z,16654,3618,4158
2026-09-20T00:58:07.190Z,42775,200600,4694000
2026-09-20T00:58:07.190Z,12753,145600000,158300000
2026-09-20T00:58:07.190Z,15461,4340000,5332000
2026-09-20T00:58:07.190Z,82307,604.1,994.9
2026-09-20T00:58:07.190Z,32122,3204000,14090000
2026-09-20T00:58:07.190Z,23135,41010,75980
2026-09-20T00:58:07.190Z,24569,24390000,41570000
2026-09-20T00:58:07.190Z,27317,8150,27250
2026-09-20T00:58:07.190Z,46001,112000,123500
2026-09-20T00:58:07.190Z,19266,60850000,66860000
2026-09-20T00:58:07.190Z,31688,4092000,6990000
2026-09-20T00:58:07.190Z,34489,260300000,288900000
2026-09-20T00:58:07.190Z,19195,512500000,583600000
2026-09-20T00:58:07.190Z,45595,35720000,37820000
2026-09-20T00:58:07.190Z,87320,140200,1849000
2026-09-20T00:58:07.190Z,25954,7300000,8500000
2026-09-20T00:58:07.190Z,3244,954400,1057000
2026-09-20T00:58:07.190Z,84330,701400,3678000
2026-09-20T00:58:07.190Z,48722,5023000,91700000
2026-09-20T00:58:07.190Z,11476,315,598.7
2026-09-20T00:58:07.190Z,47887,920,1156
2026-09-20T00:58:07.190Z,3146,1723000,1933000
2026-09-20T00:58:07.190Z,33983,8399000,13000000
2026-09-20T00:58:07.190Z,91963,2005000,2967000
2026-09-20T00:58:07.190Z,43691,2,38700000
2026-09-20T00:58:07.190Z,26290,57250000,63240000
2026-09-20T00:58:07.190Z,31005,5025000,9588000
2026-09-20T00:58:07.190Z,52250,294600000,318600000
2026-09-20T00:58:07.190Z,37850,1919000,2194000
2026-09-20T00:58:07.190Z,810,250000,750000
2026-09-20T00:58:07.190Z,22571,145300000,160800000
2026-09-20T00:58:07.190Z,12263,5565000,6365000
2026-09-20T00:58:07.190Z,32037,1990,1632000
2026-09-20T00:58:07.190Z,21593,16.1,43.79
2026-09-20T00:58:07.190Z,41031,2834,4846
2026-09-20T00:58:07.190Z,61536,276100000,374800000
2026-09-20T00:58:07.190Z,24558,15430000,16990000
2026-09-20T00:58:07.190Z,31131,100900,1688000
2026-09-20T00:58:07.190Z,82174,4308000,9897000
2026-09-20T00:58:07.190Z,34280,3355000,3575000
2026-09-20T00:58:07.190Z,55637,101.5,101.6
2026-09-20T00:58:07.190Z,21902,986.3,1080
2026-09-20T00:58:07.190Z,17850,4311000,8199000
2026-09-20T00:58:07.190Z,47475,300100,1290000
2026-09-20T00:58:07.190Z,60752,452800,948600
2026-09-20T00:58:07.190Z,2961,4822000,5292000
2026-09-20T00:58:07.190Z,41062,103000000,122300000
2026-09-20T00:58:07.190Z,9944,31490,66610
2026-09-20T00:58:07.190Z,3199,1485000,5466000
2026-09-20T00:58:07.190Z,72872,122600000,133400000
2026-09-20T00:58:07.190Z,41032,3750,6000
2026-09-20T00:58:07.190Z,26912,1260000,1440000
2026-09-20T00:58:07.190Z,31083,263800,388700
2026-09-20T00:58:07.190Z,53461,700,998
2026-09-20T00:58:07.190Z,20508,250000000,300000000
2026-09-20T00:58:07.190Z,85939,980800,11360000
2026-09-20T00:58:07.190Z,2637,368,469.7
2026-09-20T00:58:07.190Z,13947,10640000,11430000
2026-09-20T00:58:07.190Z,73794,16300000,17500000
2026-09-20T00:58:07.190Z,15509,601000,2676000
2026-09-20T00:58:07.190Z,11245,23310,149000
2026-09-20T00:58:07.190Z,22108,26950000,30470000
2026-09-20T00:58:07.190Z,63112,16020000,112000000
2026-09-20T00:58:07.190Z,63114,15630000,88810000
2026-09-20T00:58:07.190Z,21898,427.8,468.9
2026-09-20T00:58:07.190Z,32025,119700,973100
2026-09-20T00:58:07.190Z,17392,85000,104500
2026-09-20T00:58:07.190Z,31800,130400,272900
2026-09-20T00:58:07.190Z,16003,80580000,118500000
2026-09-20T00:58:07.190Z,20831,314400,679900
2026-09-20T00:58:07.190Z,26060,100600,4782000
2026-09-20T00:58:07.190Z,82372,10000,69400000
2026-09-20T00:58:07.190Z,45592,36820000,39370000
2026-09-20T00:58:07.190Z,79840,,598000000
2026-09-20T00:58:07.190Z,91126,8007000,32990000
2026-09-20T00:58:07.190Z,17767,809600,2941000
2026-09-20T00:58:07.190Z,7449,483000,524900
2026-09-20T00:58:07.190Z,47701,1309000,1902000
2026-09-20T00:58:07.190Z,37450,482000,575000
2026-09-20T00:58:07.190Z,47056,5611000,33950000
2026-09-20T00:58:07.190Z,1131,1,30000
2026-09-20T00:58:07.190Z,81122,15000000,29010000
2026-09-20T00:58:07.190Z,26759,2500,2252000
2026-09-20T00:58:07.190Z,46979,1612000,3292000
2026-09-20T00:58:07.190Z,19213,96300,96310
2026-09-20T00:58:07.190Z,40618,103300,72800000
2026-09-20T00:58:07.190Z,15705,9818000,13890000
2026-09-20T00:58:07.190Z,20611,5105000,8246000
2026-09-20T00:58:07.190Z,19696,110100000,123100000
2026-09-20T00:58:07.190Z,45505,,449000000
2026-09-20T00:58:07.190Z,90475,44350000,50910000
2026-09-20T00:58:07.190Z,92952,15020,21980
2026-09-20T00:58:07.190Z,40633,665100000,829900000
2026-09-20T00:58:07.190Z,62231,2577000000,3420000000
2026-09-20T00:58:07.190Z,19540,89160000,109500000
2026-09-20T00:58:07.190Z,28583,33720000,42000000
2026-09-20T00:58:07.190Z,89698,490000000,649000000
2026-09-20T00:58:07.190Z,53536,20540000,146900000
2026-09-20T00:58:07.190Z,3913,1610000,37590000
2026-09-20T00:58:07.190Z,46732,199900,1635000000
2026-09-20T00:58:07.190Z,33446,53290000,83430000
2026-09-20T00:58:07.190Z,3216,400000000,592900000
2026-09-20T00:58:07.190Z,82395,20000,2045000
2026-09-20T00:58:07.190Z,47007,163700,1700000
2026-09-20T00:58:07.190Z,43695,25000000,130000000
2026-09-20T00:58:07.190Z,91096,950400,5591000
2026-09-20T00:58:07.190Z,12066,137200,321800
2026-09-20T00:58:07.190Z,43889,100100000,123000000
2026-09-20T00:58:07.190Z,33904,230200000,236500000
2026-09-20T00:58:07.190Z,11400,15240000,16300000
2026-09-20T00:58:07.190Z,52761,311100,1050000
2026-09-20T00:58:07.190Z,55576,1079,1080
2026-09-20T00:58:07.190Z,448,1136000,1242000
2026-09-20T00:58:07.190Z,23527,394000,438800
2026-09-20T00:58:07.190Z,1153,27070,999900
2026-09-20T00:58:07.190Z,90739,3098000,3121000
2026-09-20T00:58:07.190Z,11550,89530,98950
2026-09-20T00:58:07.190Z,1214,77840,5000000
2026-09-20T00:58:07.190Z,15252,2107000,404000000
2026-09-20T00:58:07.190Z,23051,906.2,2193
2026-09-20T00:58:07.190Z,18979,218700000,249100000
2026-09-20T00:58:07.190Z,77947,350000,802900
2026-09-20T00:58:07.190Z,55594,3.01,32970
2026-09-20T00:58:07.190Z,46548,210900,1450000
2026-09-20T00:58:07.190Z,22133,4814000,6798000
2026-09-20T00:58:07.190Z,15254,5380000,179000000
2026-09-20T00:58:07.190Z,12204,1648000,3431000
2026-09-20T00:58:07.190Z,54775,25110,30000
2026-09-20T00:58:07.190Z,27774,2019000,16780000
2026-09-20T00:58:07.190Z,25616,1016,1017
2026-09-20T00:58:07.190Z,16457,5000000,5256000
2026-09-20T00:58:07.190Z,2478,1393000,1470000
2026-09-20T00:58:07.190Z,11543,6030,6981
2026-09-20T00:58:07.190Z,17926,83500000,93980000
2026-09-20T00:58:07.190Z,84971,790000000,3104000000
2026-09-20T00:58:07.190Z,15230,,439000000
2026-09-20T00:58:07.190Z,90651,240100,9974000
2026-09-20T00:58:07.190Z,61201,100100,273500
2026-09-20T00:58:07.190Z,11370,1746000,1933000
2026-09-20T00:58:07.190Z,25270,5000000,17630000
2026-09-20T00:58:07.190Z,14262,146300000,179200000
2026-09-20T00:58:07.190Z,54751,435200000,771900000
2026-09-20T00:58:07.190Z,18639,17000,27470
2026-09-20T00:58:07.190Z,26416,52010000,58910000
2026-09-20T00:58:07.190Z,4401,6500000,9949000
2026-09-20T00:58:07.190Z,89510,331100000,347900000
2026-09-20T00:58:07.190Z,15599,50520,50530
2026-09-20T00:58:07.190Z,3112,4431000,6997000
2026-09-20T00:58:07.190Z,2871,1419000,1514000
2026-09-20T00:58:07.190Z,28699,83370,89740
2026-09-20T00:58:07.190Z,47272,15930000,17820000
2026-09-20T00:58:07.190Z,47071,134700000,183800000
2026-09-20T00:58:07.190Z,22611,13720000,15210000
2026-09-20T00:58:07.190Z,26914,2012000,2249000
2026-09-20T00:58:07.190Z,48489,,42990000
2026-09-20T00:58:07.190Z,16665,8140,8794
2026-09-20T00:58:07.190Z,24695,1074000000,1528000000
2026-09-20T00:58:07.190Z,76288,151000000,499800000
2026-09-20T00:58:07.190Z,11549,95920,103800
2026-09-20T00:58:07.190Z,62399,4299,4536
2026-09-20T00:58:07.190Z,62397,4136,4690
2026-09-20T00:58:07.190Z,55648,10000,16990
2026-09-20T00:58:07.190Z,33961,45960000,59450000
2026-09-20T00:58:07.190Z,46877,1885000,9797000
2026-09-20T00:58:07.190Z,17732,306000000,335100000
2026-09-20T00:58:07.190Z,60307,270200,1046000
2026-09-20T00:58:07.190Z,18881,900000000,971500000
2026-09-20T00:58:07.190Z,2108,38300,79980
2026-09-20T00:58:07.190Z,16359,192000,192100
2026-09-20T00:58:07.190Z,632,6204000,8565000
2026-09-20T00:58:07.190Z,3233,327300000,668900000
2026-09-20T00:58:07.190Z,47931,1239,1450
2026-09-20T00:58:07.190Z,56846,36000000,48950000
2026-09-20T00:58:07.190Z,20421,90450,105200
2026-09-20T00:58:07.190Z,33153,117400000,130900000
2026-09-20T00:58:07.190Z,2327,14840,16990
2026-09-20T00:58:07.190Z,44944,2050000,14880000
2026-09-20T00:58:07.190Z,93840,97090000,138000000
2026-09-20T00:58:07.190Z,1798,30200000,38000000
2026-09-20T00:58:07.190Z,82317,81.51,158.9
2026-09-20T00:58:07.190Z,11303,46790,231100
2026-09-20T00:58:07.190Z,12533,521100,521200
2026-09-20T00:58:07.190Z,22967,289.4,524.4
2026-09-20T00:58:07.190Z,16182,1438,47840
2026-09-20T00:58:07.190Z,28422,12.25,4347
2026-09-20T00:58:07.190Z,47825,65730,102000
2026-09-20T00:58:07.190Z,48432,69580,100000
2026-09-20T00:58:07.190Z,394,162300,178900
2026-09-20T00:58:07.190Z,60159,7930000,29850000
2026-09-20T00:58:07.190Z,41469,25340000,50960000
2026-09-20T00:58:07.190Z,31127,21330000,53990000
2026-09-20T00:58:07.190Z,37174,2004000000,2597000000
2026-09-20T00:58:07.190Z,57738,787100,1598000
2026-09-20T00:58:07.190Z,45522,1410000,23810000
2026-09-20T00:58:07.190Z,84170,265100,497900
2026-09-20T00:58:07.190Z,55538,50020,70000
2026-09-20T00:58:07.190Z,46838,1000,1228000
2026-09-20T00:58:07.190Z,11395,,1200000
2026-09-20T00:58:07.190Z,55294,52050000,95550000
2026-09-20T00:58:07.190Z,32878,907400,1052000
2026-09-20T00:58:07.190Z,11993,143000000,158600000
2026-09-20T00:58:07.190Z,82344,720000,2000000
2026-09-20T00:58:07.190Z,49713,608400000,677600000
2026-09-20T00:58:07.190Z,47148,6152000,18120000
2026-09-20T00:58:07.190Z,5363,5792,5793
2026-09-20T00:58:07.190Z,40692,649700000,880000000
2026-09-20T00:58:07.190Z,45792,101000,10110000
2026-09-20T00:58:07.190Z,23703,,2294000
2026-09-20T00:58:07.190Z,15695,146,800000
2026-09-20T00:58:07.190Z,79716,12000000,21500000
2026-09-20T00:58:07.190Z,87522,55690000,77580000
2026-09-20T00:58:07.190Z,84422,3770000,5138000
2026-09-20T00:58:07.190Z,62573,8007,10440
2026-09-20T00:58:07.190Z,84406,698.2,1200
2026-09-20T00:58:07.190Z,3165,3825000,5927000
2026-09-20T00:58:07.190Z,42774,200000,2980000
2026-09-20T00:58:07.190Z,42905,330000,4993000
2026-09-20T00:58:07.190Z,5647,200,3904
2026-09-20T00:58:07.190Z,61873,10000000,32000000
2026-09-20T00:58:07.190Z,43900,401200,38030000
2026-09-20T00:58:07.190Z,27563,17160000,29800000
2026-09-20T00:58:07.190Z,11309,136800,136900
2026-09-20T00:58:07.190Z,46832,10030,2465000
2026-09-20T00:58:07.190Z,27401,948.9,1034
2026-09-20T00:58:07.190Z,27339,1969,2299
2026-09-20T00:58:07.190Z,32774,12880,23990
2026-09-20T00:58:07.190Z,11969,139200000,143900000
2026-09-20T00:58:07.190Z,27921,253500,213800000
2026-09-20T00:58:07.190Z,4240,68580000,499700000
2026-09-20T00:58:07.190Z,45553,477000,432300000
2026-09-20T00:58:07.190Z,45811,100000,500000
2026-09-20T00:58:07.190Z,43776,560400,1787000
2026-09-20T00:58:07.190Z,60366,,7400000
2026-09-20T00:58:07.190Z,12356,264500,2499000
2026-09-20T00:58:07.190Z,22619,4812000,13760000
2026-09-20T00:58:07.190Z,49791,352900000,461900000
2026-09-20T00:58:07.190Z,14710,60010000,170000000
2026-09-20T00:58:07.190Z,34719,23500,3500000
2026-09-20T00:58:07.190Z,45872,110400,499900
2026-09-20T00:58:07.190Z,49099,6917000,8455000
2026-09-20T00:58:07.190Z,13815,15000000,19400000
2026-09-20T00:58:07.190Z,22111,40270000,44000000
2026-09-20T00:58:07.190Z,47934,3122,3374
2026-09-20T00:58:07.190Z,14284,706000,748900
2026-09-20T00:58:07.190Z,30988,,1100000
2026-09-20T00:58:07.190Z,12824,300400,989500
2026-09-20T00:58:07.190Z,12211,1140000,1999000
2026-09-20T00:58:07.190Z,90134,501500,1977000
2026-09-20T00:58:07.190Z,36821,,383100000
2026-09-20T00:58:07.190Z,36833,0.01,25000000000
2026-09-20T00:58:07.190Z,36826,0.01,5000000000
2026-09-20T00:58:07.190Z,19,7964,14000
2026-09-20T00:58:07.190Z,27094,505800,719800
2026-09-20T00:58:07.190Z,7785,244700,444100
2026-09-20T00:58:07.190Z,44261,4000,7478
2026-09-20T00:58:07.190Z,52219,308.2,2791
2026-09-20T00:58:07.190Z,56944,45000,167800
2026-09-20T00:58:07.190Z,224,13.1,19
2026-09-20T00:58:07.190Z,9852,51.06,99
2026-09-20T00:58:07.190Z,209,51,53.5
2026-09-20T00:58:07.190Z,85511,900000,1793000
2026-09-20T00:58:07.190Z,21732,400500,999000
2026-09-20T00:58:07.190Z,54970,9295,15280
2026-09-20T00:58:07.190Z,223,9.05,13.87
2026-09-20T00:58:07.190Z,57482,74260000,91570000
2026-09-20T00:58:07.190Z,88717,36550000,58900000
2026-09-20T00:58:07.190Z,20020,4503,37380
2026-09-20T00:58:07.190Z,89613,111.1,391.8
2026-09-20T00:58:07.190Z,30269,8651,11740
2026-09-20T00:58:07.190Z,82966,100000,1952000
2026-09-20T00:58:07.190Z,57465,925200,1105000
2026-09-20T00:58:07.190Z,82175,3115000,11880000
2026-09-20T00:58:07.190Z,19179,146700000,151800000
2026-09-20T00:58:07.190Z,23789,29170000,34990000
2026-09-20T00:58:07.190Z,31412,2393000,2962000
2026-09-20T00:58:07.190Z,28693,39510,472000
2026-09-20T00:58:07.190Z,24596,29,27450
2026-09-20T00:58:07.190Z,86153,198000000,249700000
2026-09-20T00:58:07.190Z,19038,252700000,277400000
2026-09-20T00:58:07.190Z,28776,21000000,97310000
2026-09-20T00:58:07.190Z,27773,22000000,58100000
2026-09-20T00:58:07.190Z,23145,56770,134100
2026-09-20T00:58:07.190Z,90736,6414,99500
2026-09-20T00:58:07.190Z,45550,168400000,234800000
2026-09-20T00:58:07.190Z,46791,535700,5199000
2026-09-20T00:58:07.190Z,4477,9635,19980
2026-09-20T00:58:07.190Z,2514,3.17,10.71
2026-09-20T00:58:07.190Z,16672,87.81,91.98
2026-09-20T00:58:07.190Z,87504,1810000000,2547000000
2026-09-20T00:58:07.190Z,92964,10400000,19240000
2026-09-20T00:58:07.190Z,47347,31270000,41220000
2026-09-20T00:58:07.190Z,3695,6085,7487
2026-09-20T00:58:07.190Z,14998,3174000000,5000000000
2026-09-20T00:58:07.190Z,79723,1389000,12900000
2026-09-20T00:58:07.190Z,20059,226200000,275200000
2026-09-20T00:58:07.190Z,41219,32160000,44660000
2026-09-20T00:58:07.190Z,32110,6290000,21840000
2026-09-20T00:58:07.190Z,5399,2041,12600
2026-09-20T00:58:07.190Z,28520,22080000,399600000
2026-09-20T00:58:07.190Z,438,1595000,1710000
2026-09-20T00:58:07.190Z,31075,33340000,37670000
2026-09-20T00:58:07.190Z,89689,13100000,19000000
2026-09-20T00:58:07.190Z,21819,8117000000,9999000000
2026-09-20T00:58:07.190Z,11971,135900000,144800000
2026-09-20T00:58:07.190Z,40730,38490000,48410000
2026-09-20T00:58:07.190Z,42750,1800000,4760000
2026-09-20T00:58:07.190Z,17242,5001000,13800000
2026-09-20T00:58:07.190Z,31642,313600000,348500000
2026-09-20T00:58:07.190Z,41523,2426,23360
2026-09-20T00:58:07.190Z,3606,4206,74960
2026-09-20T00:58:07.190Z,22915,1510000,26500000
2026-09-20T00:58:07.190Z,84075,5326000,313900000
2026-09-20T00:58:07.190Z,23525,226100,338900
2026-09-20T00:58:07.190Z,20927,500.1,957
2026-09-20T00:58:07.190Z,27084,35140,190000
2026-09-20T00:58:07.190Z,35922,36530000,42110000
2026-09-20T00:58:07.190Z,23824,40150000,58550000
2026-09-20T00:58:07.190Z,42833,430,630.3
2026-09-20T00:58:07.190Z,83335,20000,40000
2026-09-20T00:58:07.190Z,15646,50000,50010
2026-09-20T00:58:07.190Z,11267,167800,213500
2026-09-20T00:58:07.190Z,46005,2754000,2998000
2026-09-20T00:58:07.190Z,31608,181100,288800
2026-09-20T00:58:07.190Z,14738,640600000,1300000000
2026-09-20T00:58:07.190Z,73795,17240000,18800000
2026-09-20T00:58:07.190Z,33950,396000000,440000000
2026-09-20T00:58:07.190Z,53902,25830000,47990000
2026-09-20T00:58:07.190Z,46934,505000,1589000
2026-09-20T00:58:07.190Z,45524,223100000,335300000
2026-09-20T00:58:07.190Z,12614,35.01,39.41
2026-09-20T00:58:07.190Z,44124,26740,1479000
2026-09-20T00:58:07.190Z,61533,100000,750000
2026-09-20T00:58:07.190Z,31396,497100,4998000
2026-09-20T00:58:07.190Z,37627,250900000,285300000
2026-09-20T00:58:07.190Z,31750,70000,57870000
2026-09-20T00:58:07.190Z,49991,751,751.1
2026-09-20T00:58:07.190Z,27108,8468000,16800000
2026-09-20T00:58:07.190Z,27130,107700000,121600000
2026-09-20T00:58:07.190Z,11359,18580,322500
2026-09-20T00:58:07.190Z,652,1384000,1899000
2026-09-20T00:58:07.190Z,22134,17350000,23870000
2026-09-20T00:58:07.190Z,26913,1510000,1588000
2026-09-20T00:58:07.190Z,21450,2158,60000
2026-09-20T00:58:07.190Z,10690,3883,11290
2026-09-20T00:58:07.190Z,3235,446800000,701200000
2026-09-20T00:58:07.190Z,3125,4679000,8197000
2026-09-20T00:58:07.190Z,47070,44820000,171000000
2026-09-20T00:58:07.190Z,29992,402000,491200
2026-09-20T00:58:07.190Z,90480,130.3,998
2026-09-20T00:58:07.190Z,56708,100,196
2026-09-20T00:58:07.190Z,13994,3900000,6599000
2026-09-20T00:58:07.190Z,87523,7792000,14180000
2026-09-20T00:58:07.190Z,3705,59.05,949
2026-09-20T00:58:07.190Z,439,11130,15000
2026-09-20T00:58:07.190Z,33454,10000000000,11900000000
2026-09-20T00:58:07.190Z,31878,2468000,2850000
2026-09-20T00:58:07.190Z,15713,6190000,14060000
2026-09-20T00:58:07.190Z,3275,74490000,97990000
2026-09-20T00:58:07.190Z,62380,81750,90000
2026-09-20T00:58:07.190Z,89614,136.2,494.7
2026-09-20T00:58:07.190Z,76165,2012000,16800000
2026-09-20T00:58:07.190Z,53021,8150000,22500000
2026-09-20T00:58:07.190Z,30308,12810,12940
2026-09-20T00:58:07.190Z,45621,33050000,35550000
2026-09-20T00:58:07.190Z,63778,1000,140000
2026-09-20T00:58:07.190Z,43830,,99880000
2026-09-20T00:58:07.190Z,63787,32000,950000
2026-09-20T00:58:07.190Z,3249,382900000,645300000
2026-09-20T00:58:07.190Z,57731,1377000,7750000
2026-09-20T00:58:07.190Z,3223,39620000,97520000
2026-09-20T00:58:07.190Z,34126,270200000,311600000
2026-09-20T00:58:07.190Z,90490,41900,280000
2026-09-20T00:58:07.190Z,972,70650000,87870000
2026-09-20T00:58:07.190Z,18899,55210000,83880000
2026-09-20T00:58:07.190Z,84078,12500000,484000000
2026-09-20T00:58:07.190Z,36732,0.01,599900000
2026-09-20T00:58:07.190Z,41099,16010000,200000000
2026-09-20T00:58:07.190Z,93733,81310000,102900000
2026-09-20T00:58:07.190Z,22130,305700000,361700000
2026-09-20T00:58:07.190Z,12243,290200,1165000
2026-09-20T00:58:07.190Z,76238,270000000,2448000000
2026-09-20T00:58:07.190Z,12779,320,342.9
2026-09-20T00:58:07.190Z,31682,11120,321000
2026-09-20T00:58:07.190Z,64098,775100000,11750000000
2026-09-20T00:58:07.190Z,21,504.6,880
2026-09-20T00:58:07.190Z,17499,37200000,42950000
2026-09-20T00:58:07.190Z,2341,156800,646700
2026-09-20T00:58:07.190Z,34816,,1985000000
2026-09-20T00:58:07.190Z,87602,52110,5000000
2026-09-20T00:58:07.190Z,90813,503000,3796000
2026-09-20T00:58:07.190Z,84171,121800,240000
2026-09-20T00:58:07.190Z,21330,7.71,189
2026-09-20T00:58:07.190Z,34132,228100000,277900000
2026-09-20T00:58:07.190Z,26255,250.4,12000
2026-09-20T00:58:07.190Z,18947,265500000,297500000
2026-09-20T00:58:07.190Z,6569,1005,1835
2026-09-20T00:58:07.190Z,40462,12560,5774000
2026-09-20T00:58:07.190Z,29089,416500,571800
2026-09-20T00:58:07.190Z,34062,227700000,724100000
2026-09-20T00:58:07.190Z,84135,171000000,276100000
2026-09-20T00:58:07.190Z,34698,6000000,88000000
2026-09-20T00:58:07.190Z,62564,2714,3499
2026-09-20T00:58:07.190Z,34637,2003000,59000000
2026-09-20T00:58:07.190Z,20,500,544.8
2026-09-20T00:58:07.190Z,27341,62560,189100
2026-09-20T00:58:07.190Z,45771,100.1,599900
2026-09-20T00:58:07.190Z,34282,12680000,14590000
2026-09-20T00:58:07.190Z,43821,12510000,229800000
2026-09-20T00:58:07.190Z,60289,586400,682200
2026-09-20T00:58:07.190Z,3697,13660,15840
2026-09-20T00:58:07.190Z,16272,108.2,114.2
2026-09-20T00:58:07.190Z,5361,5030,5031
2026-09-20T00:58:07.190Z,82481,60000,1189000
2026-09-20T00:58:07.190Z,60565,3103000,21990000
2026-09-20T00:58:07.190Z,76250,475000000,4445000000
2026-09-20T00:58:07.190Z,15823,3377000,8485000
2026-09-20T00:58:07.190Z,58819,0.01,1400000000
2026-09-20T00:58:07.190Z,45614,33550000,33560000
2026-09-20T00:58:07.190Z,40770,167000,1999000
2026-09-20T00:58:07.190Z,56067,510200,1319000
2026-09-20T00:58:07.190Z,35790,1033000,1193000
2026-09-20T00:58:07.190Z,55311,1100,1101
2026-09-20T00:58:07.190Z,27104,3000,239900
2026-09-20T00:58:07.190Z,52439,40370000,2690000000
2026-09-20T00:58:07.190Z,42204,29350000,40230000
2026-09-20T00:58:07.190Z,14078,52120,238100
2026-09-20T00:58:07.190Z,88659,22000000,139400000
2026-09-20T00:58:07.190Z,48543,262500000,489800000
2026-09-20T00:58:07.190Z,76177,1006000,136900000
2026-09-20T00:58:07.190Z,46986,3810000,8000000
2026-09-20T00:58:07.190Z,46967,65100,6234000
2026-09-20T00:58:07.190Z,1244,23090,44500
2026-09-20T00:58:07.190Z,15915,10000,690000
2026-09-20T00:58:07.190Z,18787,140900,3088000
2026-09-20T00:58:07.190Z,85398,8729,10630
2026-09-20T00:58:07.190Z,49741,57000000,64990000
2026-09-20T00:58:07.190Z,40697,64280000,149000000
2026-09-20T00:58:07.190Z,41237,39230000,58620000
2026-09-20T00:58:07.190Z,44210,51000,13490000
2026-09-20T00:58:07.190Z,47332,146600000,214500000
2026-09-20T00:58:07.190Z,27239,148100000,179900000
2026-09-20T00:58:07.190Z,14127,22350000,24890000
2026-09-20T00:58:07.190Z,57486,77070,79630
2026-09-20T00:58:07.190Z,13967,80210,173200
2026-09-20T00:58:07.190Z,182,9.22,11.68
2026-09-20T00:58:07.190Z,82180,4001000,7998000
2026-09-20T00:58:07.190Z,53704,118100000,126200000
2026-09-20T00:58:07.190Z,19141,27550000,32210000
2026-09-20T00:58:07.190Z,14694,967600000,1880000000
2026-09-20T00:58:07.190Z,12731,141300000,155900000
2026-09-20T00:58:07.190Z,620,7378000,8662000
2026-09-20T00:58:07.190Z,28238,701900,4845000
2026-09-20T00:58:07.190Z,20783,99620,161500
2026-09-20T00:58:07.190Z,15601,767700,767800
2026-09-20T00:58:07.190Z,80813,150100000,400200000
2026-09-20T00:58:07.190Z,96333,37500000,45430000
2026-09-20T00:58:07.190Z,15466,3450000,3639000
2026-09-20T00:58:07.190Z,48199,261800000,580000000
2026-09-20T00:58:07.190Z,42779,400500,3498000
2026-09-20T00:58:07.190Z,87573,989400000,1395000000
2026-09-20T00:58:07.190Z,28375,19670000,33000000
2026-09-20T00:58:07.190Z,83293,1000,74950
2026-09-20T00:58:07.190Z,83064,0.02,100000
2026-09-20T00:58:07.190Z,3264,4052000,70700000
2026-09-20T00:58:07.190Z,88456,1000,149900
2026-09-20T00:58:07.190Z,28752,138300000,149400000
2026-09-20T00:58:07.190Z,55616,10010,315000
2026-09-20T00:58:07.190Z,62523,26.32,27.49
2026-09-20T00:58:07.190Z,47549,249100,6967000
2026-09-20T00:58:07.190Z,19177,118700000,141600000
2026-09-20T00:58:07.190Z,34747,12690,3811000
2026-09-20T00:58:07.190Z,18833,609200,988500
2026-09-20T00:58:07.190Z,85001,9000000,11680000000
2026-09-20T00:58:07.190Z,41047,60050000,421700000
2026-09-20T00:58:07.190Z,3721,4000,37790
2026-09-20T00:58:07.190Z,20895,16020000,37600000
2026-09-20T00:58:07.190Z,19206,187500000,232600000
2026-09-20T00:58:07.190Z,88540,220000,1447000
2026-09-20T00:58:07.190Z,23077,231800,299000
2026-09-20T00:58:07.190Z,31035,1071000,1273000
2026-09-20T00:58:07.190Z,27252,104300000,119300000
2026-09-20T00:58:07.190Z,21084,10000,62500
2026-09-20T00:58:07.190Z,47699,91980,99960
2026-09-20T00:58:07.190Z,41252,73270000,90050000
2026-09-20T00:58:07.190Z,33920,53340000,81000000
2026-09-20T00:58:07.190Z,56132,108300,144600
2026-09-20T00:58:07.190Z,15887,38850000,43210000
2026-09-20T00:58:07.190Z,17676,502,1649
2026-09-20T00:58:07.190Z,19299,66570000,114800000
2026-09-20T00:58:07.190Z,45534,220200000,284100000
2026-09-20T00:58:07.190Z,20314,90.03,58000
2026-09-20T00:58:07.190Z,27858,11510000,29250000
2026-09-20T00:58:07.190Z,18867,56010000,59900000
2026-09-20T00:58:07.190Z,91959,5411000,44720000
2026-09-20T00:58:07.190Z,15164,258500,227900000
2026-09-20T00:58:07.190Z,49957,588100000,1398000000
2026-09-20T00:58:07.190Z,77114,50490000,54320000
2026-09-20T00:58:07.190Z,18702,74660000,96380000
2026-09-20T00:58:07.190Z,14086,82360,82370
2026-09-20T00:58:07.190Z,47141,8409000,18420000
2026-09-20T00:58:07.190Z,21527,8233000,10310000
2026-09-20T00:58:07.190Z,3168,3366000,5781000
2026-09-20T00:58:07.190Z,7247,655800,899200
2026-09-20T00:58:07.190Z,31882,1537000,1658000
2026-09-20T00:58:07.190Z,84410,1793,260000
2026-09-20T00:58:07.190Z,1294,,24460
2026-09-20T00:58:07.190Z,81011,369000000,522100000
2026-09-20T00:58:07.190Z,15816,376500,3000000
2026-09-20T00:58:07.190Z,85399,7503,8497
2026-09-20T00:58:07.190Z,7743,108400,249200
2026-09-20T00:58:07.190Z,3575,230000000,306300000
2026-09-20T00:58:07.190Z,7827,244900,358100
2026-09-20T00:58:07.190Z,60368,,8540000
2026-09-20T00:58:07.190Z,48418,842600,2897000
2026-09-20T00:58:07.190Z,46520,26520000,45440000
2026-09-20T00:58:07.190Z,64096,915100000,2225000000
2026-09-20T00:58:07.190Z,60372,,10790000
2026-09-20T00:58:07.190Z,88627,320100,3919000
2026-09-20T00:58:07.190Z,47903,18830000,19600000
2026-09-20T00:58:07.190Z,93666,,49960000
2026-09-20T00:58:07.190Z,34042,21580000,46940000
2026-09-20T00:58:07.190Z,7541,4035,17760
2026-09-20T00:58:07.190Z,3128,3002000,6176000
2026-09-20T00:58:07.190Z,33404,226700000,291800000
2026-09-20T00:58:07.190Z,14027,13030,100000
2026-09-20T00:58:07.190Z,7579,381300,525000
2026-09-20T00:58:07.190Z,46216,17970000,20200000
2026-09-20T00:58:07.190Z,26430,14210000,20570000
2026-09-20T00:58:07.190Z,34164,2261000,17160000
2026-09-20T00:58:07.190Z,61226,,9000000
2026-09-20T00:58:07.190Z,29057,51030,319700
2026-09-20T00:58:07.190Z,43751,1287000,10000000
2026-09-20T00:58:07.190Z,48744,219400000,286600000
2026-09-20T00:58:07.190Z,28801,929000000,1089000000
2026-09-20T00:58:07.190Z,74533,2665,4188
2026-09-20T00:58:07.190Z,62032,820.8,18000
2026-09-20T00:58:07.190Z,79726,73100,6165000
2026-09-20T00:58:07.190Z,31376,3222000,3845000
2026-09-20T00:58:07.190Z,17549,14030000,25170000
2026-09-20T00:58:07.190Z,589,266500,359900
2026-09-20T00:58:07.190Z,40486,,5000000000
2026-09-20T00:58:07.190Z,36813,,1198000000
2026-09-20T00:58:07.190Z,46376,37310000,120000000
2026-09-20T00:58:07.190Z,40493,,1500000000
2026-09-20T00:58:07.190Z,34607,6864000,130000000
2026-09-20T00:58:07.190Z,15460,883400,990000
2026-09-20T00:58:07.190Z,76176,1001000,248000000
2026-09-20T00:58:07.190Z,1810,10,15.99
2026-09-20T00:58:07.190Z,19327,601300000,663700000
2026-09-20T00:58:07.190Z,76167,3026000,76000000
2026-09-20T00:58:07.190Z,27351,1912,2155
2026-09-20T00:58:07.190Z,76170,1000000,10800000
2026-09-20T00:58:07.190Z,27603,676100000,1150000000
2026-09-20T00:58:07.190Z,3266,80070000,95200000
2026-09-20T00:58:07.190Z,15947,181600000,243800000
2026-09-20T00:58:07.190Z,15238,225000,195000000
2026-09-20T00:58:07.190Z,93655,130000000,2990000000
2026-09-20T00:58:07.190Z,93706,45000000,99000000
2026-09-20T00:58:07.190Z,198,61,75
2026-09-20T00:58:07.190Z,88680,6200000,29490000
2026-09-20T00:58:07.190Z,90642,4000000,19000000
2026-09-20T00:58:07.190Z,27453,949.1,1066
2026-09-20T00:58:07.190Z,32414,21710000,24890000
2026-09-20T00:58:07.190Z,47129,17730000,92750000
2026-09-20T00:58:07.190Z,54535,656700000,3500000000
2026-09-20T00:58:07.190Z,2270,4.1,4.54
2026-09-20T00:58:07.190Z,11343,6155,6156
2026-09-20T00:58:07.190Z,33391,100000,4900000
2026-09-20T00:58:07.190Z,20867,35020,540000
2026-09-20T00:58:07.190Z,13001,1408000,1517000
2026-09-20T00:58:07.190Z,33232,100000,25000000
2026-09-20T00:58:07.190Z,33388,100000,3900000
2026-09-20T00:58:07.190Z,33386,100000,4900000
2026-09-20T00:58:07.190Z,33392,100000,3900000
2026-09-20T00:58:07.190Z,33224,100000,3900000
2026-09-20T00:58:07.190Z,33228,100100,4900000
2026-09-20T00:58:07.190Z,33373,250100,4900000
2026-09-20T00:58:07.190Z,33374,100000,4900000
2026-09-20T00:58:07.190Z,33390,550100,3900000
2026-09-20T00:58:07.190Z,33225,350100,4900000
2026-09-20T00:58:07.190Z,33227,200100,4900000
2026-09-20T00:58:07.190Z,33226,210100,15080000
2026-09-20T00:58:07.190Z,33230,100000,15000000
2026-09-20T00:58:07.190Z,33387,510100,4900000
2026-09-20T00:58:07.190Z,12530,2231,7949
2026-09-20T00:58:07.190Z,15810,114400000,122100000
2026-09-20T00:58:07.190Z,14526,1314000000,2448000000
2026-09-20T00:58:07.190Z,56604,2340000,6000000
2026-09-20T00:58:07.190Z,23166,104.6,135
2026-09-20T00:58:07.190Z,54943,100,219900
2026-09-20T00:58:07.190Z,12818,115500,137800
2026-09-20T00:58:07.190Z,59406,330100,3697000
2026-09-20T00:58:07.190Z,47142,15220000,20180000
2026-09-20T00:58:07.190Z,33474,1162000,1291000
2026-09-20T00:58:07.190Z,56709,121600,238500
2026-09-20T00:58:07.190Z,46677,5139,5990
2026-09-20T00:58:07.190Z,10631,298800,333500
2026-09-20T00:58:07.190Z,3552,550.7,938.1
2026-09-20T00:58:07.190Z,18756,554400,1471000
2026-09-20T00:58:07.190Z,27251,110600,410000
2026-09-20T00:58:07.190Z,26302,65570000,71400000
2026-09-20T00:58:07.190Z,18935,81360000,101900000
2026-09-20T00:58:07.190Z,16248,111000000,119600000
2026-09-20T00:58:07.190Z,19183,109200000,124900000
2026-09-20T00:58:07.190Z,33360,12950,14280
2026-09-20T00:58:07.190Z,2311,3.4,3.88
2026-09-20T00:58:07.190Z,81020,8031000,18920000
2026-09-20T00:58:07.190Z,54760,,199900000
2026-09-20T00:58:07.190Z,46925,51010,3946000
2026-09-20T00:58:07.190Z,20022,1208,18200
2026-09-20T00:58:07.190Z,52310,53820,60260
2026-09-20T00:58:07.190Z,54829,39210000,45040000
2026-09-20T00:58:07.190Z,55692,1172,55000
2026-09-20T00:58:07.190Z,16646,3050,3260
2026-09-20T00:58:07.190Z,12625,32.41,39
2026-09-20T00:58:07.190Z,83921,785000,2979000
2026-09-20T00:58:07.190Z,81069,88.44,76570
2026-09-20T00:58:07.190Z,52273,909,99980
2026-09-20T00:58:07.190Z,54944,17000,49960
2026-09-20T00:58:07.190Z,13965,13950000,18350000
2026-09-20T00:58:07.190Z,35944,69850000,143000000
2026-09-20T00:58:07.190Z,58878,200900,2995000
2026-09-20T00:58:07.190Z,28209,1459000,1738000
2026-09-20T00:58:07.190Z,42882,10020000,13580000
2026-09-20T00:58:07.190Z,47641,13570000,19980000000
2026-09-20T00:58:07.190Z,16064,95000000,104600000
2026-09-20T00:58:07.190Z,17244,521200,780000
2026-09-20T00:58:07.190Z,22919,14520000,38650000
2026-09-20T00:58:07.190Z,27066,209000000,449100000
2026-09-20T00:58:07.190Z,19231,115100000,139800000
2026-09-20T00:58:07.190Z,52231,44120000,51750000
2026-09-20T00:58:07.190Z,95720,420200000,720100000
2026-09-20T00:58:07.190Z,27250,90010000,120500000
2026-09-20T00:58:07.190Z,37603,117600000,352100000
2026-09-20T00:58:07.190Z,79942,150000000,400000000
2026-09-20T00:58:07.190Z,21586,772700,1680000
2026-09-20T00:58:07.190Z,19548,104800000,119800000
2026-09-20T00:58:07.190Z,3318,1105,75000
2026-09-20T00:58:07.190Z,3137,82040000,96890000
2026-09-20T00:58:07.190Z,3966,2550000,76760000
2026-09-20T00:58:07.190Z,13228,125500,19430000
2026-09-20T00:58:07.190Z,87514,2264000,4998000
2026-09-20T00:58:07.190Z,37289,62560000,98550000
2026-09-20T00:58:07.190Z,2613,55,55.17
2026-09-20T00:58:07.190Z,19313,15820000,25960000
2026-09-20T00:58:07.190Z,45898,30000,3950000
2026-09-20T00:58:07.190Z,57533,30200000,98900000
2026-09-20T00:58:07.190Z,27855,2191000,13950000
2026-09-20T00:58:07.190Z,4345,432300000,474400000
2026-09-20T00:58:07.190Z,33287,321200000,340000000
2026-09-20T00:58:07.190Z,20410,93230,99240
2026-09-20T00:58:07.190Z,31330,11540000,16030000
2026-09-20T00:58:07.190Z,54402,276500000,338300000
2026-09-20T00:58:07.190Z,31003,5000000,5358000
2026-09-20T00:58:07.190Z,47073,78930000,118500000
2026-09-20T00:58:07.190Z,19073,0.05,581000
2026-09-20T00:58:07.190Z,4156,105300000,355000000
2026-09-20T00:58:07.190Z,81359,41000000,180000000
2026-09-20T00:58:07.190Z,82315,800.9,1119
2026-09-20T00:58:07.190Z,2203,3117,3500
2026-09-20T00:58:07.190Z,3488,613500,731000
2026-09-20T00:58:07.190Z,91615,293500000,388000000
2026-09-20T00:58:07.190Z,1816,14,21.29
2026-09-20T00:58:07.190Z,11228,9999,785000
2026-09-20T00:58:07.190Z,55530,1023,40000
2026-09-20T00:58:07.190Z,2194,103200,6000000
2026-09-20T00:58:07.190Z,40526,2850000,47370000
2026-09-20T00:58:07.190Z,55344,118.7,55000
2026-09-20T00:58:07.190Z,2477,1100000,4000000
2026-09-20T00:58:07.190Z,47935,2117,2995
2026-09-20T00:58:07.190Z,33017,9008000,76800000
2026-09-20T00:58:07.190Z,34646,1895000,189900000
2026-09-20T00:58:07.190Z,16055,200300,80000000
2026-09-20T00:58:07.190Z,4302,62380000,70520000
2026-09-20T00:58:07.190Z,79841,255700000,519900000
2026-09-20T00:58:07.190Z,3256,4857000,6553000
2026-09-20T00:58:07.190Z,2272,3.19,4.43
2026-09-20T00:58:07.190Z,58862,5059000,25060000
2026-09-20T00:58:07.190Z,31676,4117000,9614000
2026-09-20T00:58:07.190Z,16415,45000,99690
2026-09-20T00:58:07.190Z,7707,40000,64770
2026-09-20T00:58:07.190Z,31967,114500000,125000000
2026-09-20T00:58:07.190Z,21553,733100,2150000
2026-09-20T00:58:07.190Z,1893,17310000,49790000
2026-09-20T00:58:07.190Z,46884,,999500
2026-09-20T00:58:07.190Z,25268,42060,52060
2026-09-20T00:58:07.190Z,57484,4606000,6848000
2026-09-20T00:58:07.190Z,57481,4995000,5872000
2026-09-20T00:58:07.190Z,54731,117000000,155900000
2026-09-20T00:58:07.190Z,78921,1500000000,3308000000
2026-09-20T00:58:07.190Z,89955,2623000,3783000
2026-09-20T00:58:07.190Z,49719,,1261000
2026-09-20T00:58:07.190Z,12257,38350,199500
2026-09-20T00:58:07.190Z,20501,114400000,130000000
2026-09-20T00:58:07.190Z,47466,205300000,222400000
2026-09-20T00:58:07.190Z,62020,41350,9896000
2026-09-20T00:58:07.190Z,21074,3008000,3970000
2026-09-20T00:58:07.190Z,16525,3656,13510
2026-09-20T00:58:07.190Z,88458,10000,377900
2026-09-20T00:58:07.190Z,40364,6052000,10000000
2026-09-20T00:58:07.190Z,20861,5263000,20000000
2026-09-20T00:58:07.190Z,3269,40810000,91020000
2026-09-20T00:58:07.190Z,3380,20,33000
2026-09-20T00:58:07.190Z,31498,400000,8471000
2026-09-20T00:58:07.190Z,42570,47030000,139800000
2026-09-20T00:58:07.190Z,62537,185.5,189
2026-09-20T00:58:07.190Z,85087,129800000,138800000
2026-09-20T00:58:07.190Z,16345,4031,4058
2026-09-20T00:58:07.190Z,8023,2606,9738
2026-09-20T00:58:07.190Z,7289,3000,17930
2026-09-20T00:58:07.190Z,3532,170600000,264200000
2026-09-20T00:58:07.190Z,37288,62290000,99730000
2026-09-20T00:58:07.190Z,45631,32020000,35580000
2026-09-20T00:58:07.190Z,17194,35050,338900
2026-09-20T00:58:07.190Z,82078,70600000,190600000
2026-09-20T00:58:07.190Z,12275,,499200
2026-09-20T00:58:07.190Z,88647,180500,14940000
2026-09-20T00:58:07.190Z,62648,148000,1945000
2026-09-20T00:58:07.190Z,26888,23400000,26990000
2026-09-20T00:58:07.190Z,442,1603,3890
2026-09-20T00:58:07.190Z,62459,1258,1259
2026-09-20T00:58:07.190Z,55525,5000,90000
2026-09-20T00:58:07.190Z,83214,10020,27980
2026-09-20T00:58:07.190Z,88484,1100,90000
2026-09-20T00:58:07.190Z,45794,2034000,29230000
2026-09-20T00:58:07.190Z,85776,80000,116600
2026-09-20T00:58:07.190Z,24541,400,503.7
2026-09-20T00:58:07.190Z,2905,440300,547400
2026-09-20T00:58:07.190Z,76174,100100,125000000
2026-09-20T00:58:07.190Z,88539,1000,139900
2026-09-20T00:58:07.190Z,20498,9007000,15500000
2026-09-20T00:58:07.190Z,14516,200200000,1300000000
2026-09-20T00:58:07.190Z,55657,10090,125000
2026-09-20T00:58:07.190Z,62392,96060,124800
2026-09-20T00:58:07.190Z,44209,200,4900000
2026-09-20T00:58:07.190Z,44995,392100000,424100000
2026-09-20T00:58:07.190Z,15462,13020000,19310000
2026-09-20T00:58:07.190Z,57052,2000000,3900000
2026-09-20T00:58:07.190Z,28578,503000,611800
2026-09-20T00:58:07.190Z,88682,5400000,11890000
2026-09-20T00:58:07.190Z,93662,170000000,1004000000
2026-09-20T00:58:07.190Z,90017,1004000,6798000
2026-09-20T00:58:07.190Z,41239,131300000,163600000
2026-09-20T00:58:07.190Z,89707,400000000,979900000
2026-09-20T00:58:07.190Z,85690,5008000,9990000
2026-09-20T00:58:07.190Z,82441,61010,3989000
2026-09-20T00:58:07.190Z,16505,93530,263500
2026-09-20T00:58:07.190Z,45801,7536000,173700000
2026-09-20T00:58:07.190Z,42762,225000,2189000
2026-09-20T00:58:07.190Z,33963,28010000,35000000
2026-09-20T00:58:07.190Z,27174,147000000,162800000
2026-09-20T00:58:07.190Z,42881,18000000,27500000
2026-09-20T00:58:07.190Z,21041,9800000,10690000
2026-09-20T00:58:07.190Z,19337,37360000,45850000
2026-09-20T00:58:07.190Z,19315,114200000,122500000
2026-09-20T00:58:07.190Z,90722,2190000,19970000
2026-09-20T00:58:07.190Z,7493,8112,99470
2026-09-20T00:58:07.190Z,16367,333000,333100
2026-09-20T00:58:07.190Z,60236,222200,7688000
2026-09-20T00:58:07.190Z,12205,5001000,8402000
2026-09-20T00:58:07.190Z,3300,3590,21700
2026-09-20T00:58:07.190Z,52279,50000,3291000
2026-09-20T00:58:07.190Z,33061,1000000,9800000
2026-09-20T00:58:07.190Z,85786,1403000,3290000
2026-09-20T00:58:07.190Z,79950,1860000,128000000
2026-09-20T00:58:07.190Z,53130,,240000000
2026-09-20T00:58:07.190Z,16696,1227000,3427000
2026-09-20T00:58:07.190Z,90605,2,10110
2026-09-20T00:58:07.190Z,62394,43760,60400
2026-09-20T00:58:07.190Z,23815,16260000,65730000
2026-09-20T00:58:07.190Z,4058,45650000,96890000
2026-09-20T00:58:07.190Z,15463,4804000,5337000
2026-09-20T00:58:07.190Z,21510,23430000,27000000
2026-09-20T00:58:07.190Z,82353,80000,972900
2026-09-20T00:58:07.190Z,46847,17140000,48540000
2026-09-20T00:58:07.190Z,601,110.7,110.8
2026-09-20T00:58:07.190Z,12486,1165000,2229000
2026-09-20T00:58:07.190Z,43720,2076000000,2997000000
2026-09-20T00:58:07.190Z,14106,36970000,42780000
2026-09-20T00:58:07.190Z,12814,145100,153800
2026-09-20T00:58:07.190Z,31650,2978000,3484000
2026-09-20T00:58:07.190Z,28811,395400000,454900000
2026-09-20T00:58:07.190Z,79952,79250000,148100000
2026-09-20T00:58:07.190Z,87789,623200,2600000
2026-09-20T00:58:07.190Z,41238,40640000,61660000
2026-09-20T00:58:07.190Z,29049,133700,742400
2026-09-20T00:58:07.190Z,92780,,1667000000
2026-09-20T00:58:07.190Z,28812,137000000,143600000
2026-09-20T00:58:07.190Z,52634,18970000,1600000000
2026-09-20T00:58:07.190Z,23821,9912000,41460000
2026-09-20T00:58:07.190Z,37878,23000,8600000
2026-09-20T00:58:07.190Z,78795,405400,1349000
2026-09-20T00:58:07.190Z,50153,50010000,199900000
2026-09-20T00:58:07.190Z,17223,103600,446100
2026-09-20T00:58:07.190Z,55317,,90000
2026-09-20T00:58:07.190Z,84681,2111000,1000000000
2026-09-20T00:58:07.190Z,592,128100,288900
2026-09-20T00:58:07.190Z,47342,80780000,116500000
2026-09-20T00:58:07.190Z,3049,4467000,4954000
2026-09-20T00:58:07.190Z,55556,10000,449700
2026-09-20T00:58:07.190Z,31886,2542000,2853000
2026-09-20T00:58:07.190Z,19087,7013000,7849000
2026-09-20T00:58:07.190Z,47733,49280,75010
2026-09-20T00:58:07.190Z,25950,,5812000
2026-09-20T00:58:07.190Z,56203,747200000,839800000
2026-09-20T00:58:07.190Z,3361,1885,1886
2026-09-20T00:58:07.190Z,31888,1069000,1182000
2026-09-20T00:58:07.190Z,59196,50440,1941000
2026-09-20T00:58:07.190Z,10151,3700000,3800000
2026-09-20T00:58:07.190Z,24471,48.32,60.07
2026-09-20T00:58:07.190Z,63693,,2000000000
2026-09-20T00:58:07.190Z,34726,5400000,6888000
2026-09-20T00:58:07.190Z,42550,141100000,161000000
2026-09-20T00:58:07.190Z,24493,75,92
2026-09-20T00:58:07.190Z,12237,21530000,27890000
2026-09-20T00:58:07.190Z,16227,42910000,53660000
2026-09-20T00:58:07.190Z,3106,562400,869200
2026-09-20T00:58:07.190Z,22937,6860000,38050000
2026-09-20T00:58:07.190Z,63058,266200000,446300000
2026-09-20T00:58:07.190Z,55608,70.01,218900
2026-09-20T00:58:07.190Z,3117,5504000,7884000
2026-09-20T00:58:07.190Z,47511,108400000,4408000000
2026-09-20T00:58:07.190Z,79873,211000000,548700000
2026-09-20T00:58:07.190Z,12102,3383000,3753000
2026-09-20T00:58:07.190Z,25956,17800000,18020000
2026-09-20T00:58:07.190Z,26256,2439,19900
2026-09-20T00:58:07.190Z,93350,120000000,167600000
2026-09-20T00:58:07.190Z,41462,346000000,499000000
2026-09-20T00:58:07.190Z,33298,34160000,373100000
2026-09-20T00:58:07.190Z,43712,250700000,2497000000
2026-09-20T00:58:07.190Z,11995,204300000,222800000
2026-09-20T00:58:07.190Z,26258,150,125000
2026-09-20T00:58:07.190Z,92584,84000000,150000000
2026-09-20T00:58:07.190Z,54378,390600000,475000000
2026-09-20T00:58:07.190Z,88629,20000,2979000
2026-09-20T00:58:07.190Z,22116,86000000,99910000
2026-09-20T00:58:07.190Z,3315,350100,1570000
2026-09-20T00:58:07.190Z,45520,9301000,45000000
2026-09-20T00:58:07.190Z,17796,135300,470000
2026-09-20T00:58:07.190Z,30378,55220,59970
2026-09-20T00:58:07.190Z,54360,300000000,445000000
2026-09-20T00:58:07.190Z,53199,0.01,3900000000
2026-09-20T00:58:07.190Z,18869,34810000,39750000
2026-09-20T00:58:07.190Z,46946,10060,9769000
2026-09-20T00:58:07.190Z,81358,41000000,180000000
2026-09-20T00:58:07.190Z,28742,37740000,49970000
2026-09-20T00:58:07.190Z,33518,1.03,174100000
2026-09-20T00:58:07.190Z,61214,223500,978300
2026-09-20T00:58:07.190Z,1236,365100,412400
2026-09-20T00:58:07.190Z,47122,25710000,74570000
2026-09-20T00:58:07.190Z,15300,179200000,299600000
2026-09-20T00:58:07.190Z,91974,7606000,9705000
2026-09-20T00:58:07.190Z,3563,250000000,299900000
2026-09-20T00:58:07.190Z,28756,31870000,34130000
2026-09-20T00:58:07.190Z,42705,10010,1575000
2026-09-20T00:58:07.190Z,57168,1,5000000
2026-09-20T00:58:07.190Z,44907,1730000,17000000
2026-09-20T00:58:07.190Z,15204,250300000,579800000
2026-09-20T00:58:07.190Z,46538,0.01,7000000000
2026-09-20T00:58:07.190Z,15814,210000,24990000
2026-09-20T00:58:07.190Z,7371,35000,63870
2026-09-20T00:58:07.190Z,46982,336000,4166000
2026-09-20T00:58:07.190Z,46185,9709000,10140000
2026-09-20T00:58:07.190Z,54788,1200000,139900000
2026-09-20T00:58:07.190Z,591,215500,249900
2026-09-20T00:58:07.190Z,14504,3459000000,5495000000
2026-09-20T00:58:07.190Z,79738,1164000,5899000
2026-09-20T00:58:07.190Z,19245,15010000,17870000
2026-09-20T00:58:07.190Z,690,1000000,4800000
2026-09-20T00:58:07.190Z,55305,1000,18000
2026-09-20T00:58:07.190Z,27260,23690000,27410000
2026-09-20T00:58:07.190Z,55309,100,10000
2026-09-20T00:58:07.190Z,41153,22350000,70160000
2026-09-20T00:58:07.190Z,48429,342300,880000
2026-09-20T00:58:07.190Z,88852,963900,999900
2026-09-20T00:58:07.190Z,55519,50010,840000
2026-09-20T00:58:07.190Z,221,16.51,18.3
2026-09-20T00:58:07.190Z,90650,1000,2186000
2026-09-20T00:58:07.190Z,55554,69.7,200000
2026-09-20T00:58:07.190Z,53535,7800000,289600000
2026-09-20T00:58:07.190Z,47014,2601000,13080000
2026-09-20T00:58:07.190Z,93709,,115000000
2026-09-20T00:58:07.190Z,85085,7701000,9593000
2026-09-20T00:58:07.190Z,2183,18330,22330
2026-09-20T00:58:07.190Z,55326,10,23990
2026-09-20T00:58:07.190Z,25275,41220,68950
2026-09-20T00:58:07.190Z,15891,114600000,119400000
2026-09-20T00:58:07.190Z,47632,31030000,120000000
2026-09-20T00:58:07.190Z,2205,316400,360100
2026-09-20T00:58:07.190Z,49935,130100000,744900000
2026-09-20T00:58:07.190Z,55567,5000,165000
2026-09-20T00:58:07.190Z,15812,6150000,8650000
2026-09-20T00:58:07.190Z,90654,1000,250000
2026-09-20T00:58:07.190Z,60944,2206000,5609000
2026-09-20T00:58:07.190Z,62583,6407,9980
2026-09-20T00:58:07.190Z,15889,38690000,43160000
2026-09-20T00:58:07.190Z,47128,34070000,83530000
2026-09-20T00:58:07.190Z,26890,7940000,9698000
2026-09-20T00:58:07.190Z,19925,11010,12000
2026-09-20T00:58:07.190Z,14166,58180000,64170000
2026-09-20T00:58:07.190Z,55575,,45000
2026-09-20T00:58:07.190Z,46972,10100,4860000
2026-09-20T00:58:07.190Z,13240,15130000,16980000
2026-09-20T00:58:07.190Z,405,15000000,24840000
2026-09-20T00:58:07.190Z,23715,1395,4892
2026-09-20T00:58:07.190Z,83201,1000,12500
2026-09-20T00:58:07.190Z,31948,8779000,34700000
2026-09-20T00:58:07.190Z,41040,1042000,1653000
2026-09-20T00:58:07.190Z,87949,61000,499900000
2026-09-20T00:58:07.190Z,55351,100,78000
2026-09-20T00:58:07.190Z,21218,422600,2099000
2026-09-20T00:58:07.190Z,92567,43,150
2026-09-20T00:58:07.190Z,27409,720,1590
2026-09-20T00:58:07.190Z,13791,2236000,6248000
2026-09-20T00:58:07.190Z,55697,500,26900
2026-09-20T00:58:07.190Z,10216,16650000,17780000
2026-09-20T00:58:07.190Z,55645,5000,99990
2026-09-20T00:58:07.190Z,2046,6080,7180
2026-09-20T00:58:07.190Z,84412,1499,1500
2026-09-20T00:58:07.190Z,47151,3332000,9130000
2026-09-20T00:58:07.190Z,85021,2505000000,5900000000
2026-09-20T00:58:07.190Z,55342,10,90000
2026-09-20T00:58:07.190Z,50147,90080000,799900000
2026-09-20T00:58:07.190Z,23512,17010,61140
2026-09-20T00:58:07.190Z,3041,621700,690000
2026-09-20T00:58:07.190Z,45914,5072000,16890000
2026-09-20T00:58:07.190Z,23017,,376.5
2026-09-20T00:58:07.190Z,1174,1001000,8389000
2026-09-20T00:58:07.190Z,60753,5881000,9496000
2026-09-20T00:58:07.190Z,16439,4040,23040
2026-09-20T00:58:07.190Z,17834,8012000,9593000
2026-09-20T00:58:07.190Z,12005,128400000,139800000
2026-09-20T00:58:07.190Z,22452,41710000,52440000
2026-09-20T00:58:07.190Z,49978,325200,12490000
2026-09-20T00:58:07.190Z,91948,1695000,3001000
2026-09-20T00:58:07.190Z,13931,16620000,21490000
2026-09-20T00:58:07.190Z,19027,216300000,236400000
2026-09-20T00:58:07.190Z,47006,25010,1326000
2026-09-20T00:58:07.190Z,82963,100000,299800
2026-09-20T00:58:07.190Z,561,1798,4900
2026-09-20T00:58:07.190Z,33816,64230000,73960000
2026-09-20T00:58:07.190Z,22535,150900000,161900000
2026-09-20T00:58:07.190Z,34737,400000000,730200000
2026-09-20T00:58:07.190Z,48244,90110000,450000000
2026-09-20T00:58:07.190Z,13259,155500,16990000
2026-09-20T00:58:07.190Z,23896,77420000,102300000
2026-09-20T00:58:07.190Z,57501,1000000,10470000
2026-09-20T00:58:07.190Z,28813,778100000,855800000
2026-09-20T00:58:07.190Z,93696,1050000,49390000
2026-09-20T00:58:07.190Z,2287,4.24,4.54
2026-09-20T00:58:07.190Z,11218,10000,785000
2026-09-20T00:58:07.190Z,47839,199500000,259700000
2026-09-20T00:58:07.190Z,46149,130000,44450000
2026-09-20T00:58:07.190Z,9127,900500,1728000
2026-09-20T00:58:07.190Z,12056,56050,81250
2026-09-20T00:58:07.190Z,3520,1657000,1819000
2026-09-20T00:58:07.190Z,5745,2124,6997
2026-09-20T00:58:07.190Z,82397,100100,6999000
2026-09-20T00:58:07.190Z,27397,12450,30760
2026-09-20T00:58:07.190Z,47544,5470,195500
2026-09-20T00:58:07.190Z,61199,861900,1072000
2026-09-20T00:58:07.190Z,41176,34510000,164800000
2026-09-20T00:58:07.190Z,79760,428500000,879900000
2026-09-20T00:58:07.190Z,653,1826000,1990000
2026-09-20T00:58:07.190Z,34631,125700,17980000
2026-09-20T00:58:07.190Z,37523,,2350000000
2026-09-20T00:58:07.190Z,54292,20160,31380
2026-09-20T00:58:07.190Z,31628,12100000,17940000
2026-09-20T00:58:07.190Z,18975,147500000,166200000
2026-09-20T00:58:07.190Z,52274,11610,126600
2026-09-20T00:58:07.190Z,17553,1190,990000
2026-09-20T00:58:07.190Z,21398,5330,17900
2026-09-20T00:58:07.190Z,82355,260000,5392000
2026-09-20T00:58:07.190Z,483,8003,10500
2026-09-20T00:58:07.190Z,22809,75000,149000
2026-09-20T00:58:07.190Z,33922,77300000,98000000
2026-09-20T00:58:07.190Z,3335,38100,1050000
2026-09-20T00:58:07.190Z,3331,150.8,9899
2026-09-20T00:58:07.190Z,1172,80020,4000000
2026-09-20T00:58:07.190Z,28274,231900,319700
2026-09-20T00:58:07.190Z,19204,169900000,188000000
2026-09-20T00:58:07.190Z,62557,3519,4103
2026-09-20T00:58:07.190Z,17683,1000000,10990000
2026-09-20T00:58:07.190Z,14192,229500,19590000
2026-09-20T00:58:07.190Z,40698,77070000,139200000
2026-09-20T00:58:07.190Z,42829,319.9,376.5
2026-09-20T00:58:07.190Z,55331,605.1,605.2
2026-09-20T00:58:07.190Z,17816,1201000,1902000
2026-09-20T00:58:07.190Z,59464,,594700000
2026-09-20T00:58:07.190Z,17557,141,399900
2026-09-20T00:58:07.190Z,45762,100000,1349000
2026-09-20T00:58:07.190Z,46911,156300,1949000
2026-09-20T00:58:07.190Z,30842,3549000000,4274000000
2026-09-20T00:58:07.190Z,11190,14280000,16630000
2026-09-20T00:58:07.190Z,11692,16710,20950
2026-09-20T00:58:07.190Z,87505,,89990000
2026-09-20T00:58:07.190Z,87839,20290,10490000
2026-09-20T00:58:07.190Z,87843,8700000,11300000
2026-09-20T00:58:07.190Z,58876,5059000,30800000
2026-09-20T00:58:07.190Z,31586,214600,303400
2026-09-20T00:58:07.190Z,40734,95670000,141800000
2026-09-20T00:58:07.190Z,55624,69.7,150000
2026-09-20T00:58:07.190Z,11489,167900,269000
2026-09-20T00:58:07.190Z,47626,6100000,17980000
2026-09-20T00:58:07.190Z,954,2101000,5448000
2026-09-20T00:58:07.190Z,31788,209600,237200
2026-09-20T00:58:07.190Z,12304,4100000,5269000
2026-09-20T00:58:07.190Z,57466,350000,458100
2026-09-20T00:58:07.190Z,27567,22000000,42790000
2026-09-20T00:58:07.190Z,27622,113600,8209000
2026-09-20T00:58:07.190Z,89703,180000000,439900000
2026-09-20T00:58:07.190Z,42182,5001000,499000000
2026-09-20T00:58:07.190Z,11533,16460,30260
2026-09-20T00:58:07.190Z,34317,60390000,70860000
2026-09-20T00:58:07.190Z,23013,728.2,1897
2026-09-20T00:58:07.190Z,48771,10.16,3509000
2026-09-20T00:58:07.190Z,83267,1000,147500
2026-09-20T00:58:07.190Z,79874,22010000,49350000
2026-09-20T00:58:07.190Z,52411,1.18,500000
2026-09-20T00:58:07.190Z,55536,1.05,90200
2026-09-20T00:58:07.190Z,52412,6,7497000
2026-09-20T00:58:07.190Z,29069,50650,619500
2026-09-20T00:58:07.190Z,56139,53320000,56890000
2026-09-20T00:58:07.190Z,60105,50030000,899400000
2026-09-20T00:58:07.190Z,62018,25500,1480000
2026-09-20T00:58:07.190Z,92574,81000000,193800000
2026-09-20T00:58:07.190Z,35894,236700000,257400000
2026-09-20T00:58:07.190Z,1978,1097000,1200000
2026-09-20T00:58:07.190Z,2486,7682,8797
2026-09-20T00:58:07.190Z,47377,310900000,939900000
2026-09-20T00:58:07.190Z,33303,,11750000
2026-09-20T00:58:07.190Z,76491,606900,2500000
2026-09-20T00:58:07.190Z,19687,110700000,120500000
2026-09-20T00:58:07.190Z,48082,205300000,437900000
2026-09-20T00:58:07.190Z,31942,27170000,32720000
2026-09-20T00:58:07.190Z,63029,100000,7740000
2026-09-20T00:58:07.190Z,50148,184600000,1000000000
2026-09-20T00:58:07.190Z,19697,110100000,122500000
2026-09-20T00:58:07.190Z,73879,619400,64300000
2026-09-20T00:58:07.190Z,24348,1860000,2012000
2026-09-20T00:58:07.190Z,34685,24000000,298000000
2026-09-20T00:58:07.190Z,26424,5797000,22670000
2026-09-20T00:58:07.190Z,2082,166200000,175000000
2026-09-20T00:58:07.190Z,25896,5851000,8580000
2026-09-20T00:58:07.190Z,42210,92170000,110300000
2026-09-20T00:58:07.190Z,76163,500700,19290000
2026-09-20T00:58:07.190Z,41191,58650000,61250000
2026-09-20T00:58:07.190Z,27770,3001000,20870000
2026-09-20T00:58:07.190Z,17526,25550000,27800000
2026-09-20T00:58:07.190Z,61189,95030000,148800000
2026-09-20T00:58:07.190Z,25955,24990,1308000
2026-09-20T00:58:07.190Z,34680,155500,4219000
2026-09-20T00:58:07.190Z,24640,90010000,122100000
2026-09-20T00:58:07.190Z,23035,647.4,5000
2026-09-20T00:58:07.190Z,43716,125000000,2497000000
2026-09-20T00:58:07.190Z,26338,37460000,98930000
2026-09-20T00:58:07.190Z,42591,3886000,388600000
2026-09-20T00:58:07.190Z,11452,9899000,13680000
2026-09-20T00:58:07.190Z,35959,7317000,14410000
2026-09-20T00:58:07.190Z,5299,9108,9109
2026-09-20T00:58:07.190Z,58971,954300,1331000
2026-09-20T00:58:07.190Z,77118,5001,6995
2026-09-20T00:58:07.190Z,84012,260000,780000
2026-09-20T00:58:07.190Z,42172,,1499000000
2026-09-20T00:58:07.190Z,27195,437700,800000
2026-09-20T00:58:07.190Z,24517,256.1,470
2026-09-20T00:58:07.190Z,31686,893000,1590000
2026-09-20T00:58:07.190Z,41305,0.03,85.09
2026-09-20T00:58:07.190Z,45745,404400000,534000000
2026-09-20T00:58:07.190Z,59405,908400,3897000
2026-09-20T00:58:07.190Z,37454,6953000,7970000
2026-09-20T00:58:07.190Z,49712,40010000,46490000
2026-09-20T00:58:07.190Z,82469,40010,4645000
2026-09-20T00:58:07.190Z,28609,25360000,36970000
2026-09-20T00:58:07.190Z,13892,9110000,12650000
2026-09-20T00:58:07.190Z,47182,20000,300000
2026-09-20T00:58:07.190Z,9956,3670000,4392000
2026-09-20T00:58:07.190Z,10692,12300,24830
2026-09-20T00:58:07.190Z,27786,405400000,3065000000
2026-09-20T00:58:07.190Z,31149,404600,7890000
2026-09-20T00:58:07.190Z,25602,7179,8100
2026-09-20T00:58:07.190Z,47029,6032000,16400000
2026-09-20T00:58:07.190Z,55932,9296000,9744000
2026-09-20T00:58:07.190Z,93471,41000000,120000000
2026-09-20T00:58:07.190Z,93472,40000000,120000000
2026-09-20T00:58:07.190Z,47822,3458000,4221000
2026-09-20T00:58:07.190Z,21733,3501000,4390000
2026-09-20T00:58:07.190Z,20504,118800000,150200000
2026-09-20T00:58:07.190Z,36910,30180000,36800000
2026-09-20T00:58:07.190Z,34168,26070000,66120000
2026-09-20T00:58:07.190Z,55659,1000,46350
2026-09-20T00:58:07.190Z,52401,65000000,319900000
2026-09-20T00:58:07.190Z,46842,20030,1430000
2026-09-20T00:58:07.190Z,18893,83350000,166700000
2026-09-20T00:58:07.190Z,27077,490300,749000
2026-09-20T00:58:07.190Z,27775,4008000,34920000
2026-09-20T00:58:07.190Z,56929,,550000000
2026-09-20T00:58:07.190Z,84520,160000,400000
2026-09-20T00:58:07.190Z,31618,257600000,618600000
2026-09-20T00:58:07.190Z,62222,2505000000,4363000000
2026-09-20T00:58:07.190Z,18967,119500000,133400000
2026-09-20T00:58:07.190Z,48430,4344000,15320000
2026-09-20T00:58:07.190Z,63644,900800,9191000
2026-09-20T00:58:07.190Z,29103,1165000,1724000
2026-09-20T00:58:07.190Z,26400,1627000,58860000
2026-09-20T00:58:07.190Z,17713,34100000,35000000
2026-09-20T00:58:07.190Z,28682,1780000,2034000
2026-09-20T00:58:07.190Z,57060,600400,3489000
2026-09-20T00:58:07.190Z,24594,303,1397
2026-09-20T00:58:07.190Z,91516,5346000000,7000000000
2026-09-20T00:58:07.190Z,43778,18160,19900000
2026-09-20T00:58:07.190Z,14256,34730000,37190000
2026-09-20T00:58:07.190Z,46678,2534,3490
2026-09-20T00:58:07.190Z,47621,15200000,96960000
2026-09-20T00:58:07.190Z,95268,161100000,445000000
2026-09-20T00:58:07.190Z,19470,49000000,149100000
2026-09-20T00:58:07.190Z,14853,519000000,971900000
2026-09-20T00:58:07.190Z,18635,136800,154900
2026-09-20T00:58:07.190Z,31936,10050000,11650000
2026-09-20T00:58:07.190Z,88603,20000,99890
2026-09-20T00:58:07.190Z,46816,35000,479800
2026-09-20T00:58:07.190Z,45944,111500,906000
2026-09-20T00:58:07.190Z,92790,,1300000000
2026-09-20T00:58:07.190Z,14512,3750000000,4500000000
2026-09-20T00:58:07.190Z,88473,80000,1000000
2026-09-20T00:58:07.190Z,55315,166100,450000
2026-09-20T00:58:07.190Z,71733,,1499000000
2026-09-20T00:58:07.190Z,34165,15460000,27960000
2026-09-20T00:58:07.190Z,184,12.04,24.4
2026-09-20T00:58:07.190Z,16443,10000,59990
2026-09-20T00:58:07.190Z,3236,5048000,6849000
2026-09-20T00:58:07.190Z,47131,16560000,20980000
2026-09-20T00:58:07.190Z,84130,103200000,193000000
2026-09-20T00:58:07.190Z,34161,32050000,79930000
2026-09-20T00:58:07.190Z,14960,157300000,444000000
2026-09-20T00:58:07.190Z,46750,367800,917000
2026-09-20T00:58:07.190Z,40565,24930000,27290000
2026-09-20T00:58:07.190Z,27634,2300000,23980000
2026-09-20T00:58:07.190Z,20777,760.4,5073
2026-09-20T00:58:07.190Z,52722,,590000000
2026-09-20T00:58:07.190Z,88580,10010,7975000
2026-09-20T00:58:07.190Z,54408,239400,188000000
2026-09-20T00:58:07.190Z,87781,1200000,1800000
2026-09-20T00:58:07.190Z,15836,355000,2254000
2026-09-20T00:58:07.190Z,91260,156500000,299000000
2026-09-20T00:58:07.190Z,31288,58350,169400
2026-09-20T00:58:07.190Z,54558,31140000,169700000
2026-09-20T00:58:07.190Z,14431,1879000,2197000000
2026-09-20T00:58:07.190Z,45867,1017000,128500000
2026-09-20T00:58:07.190Z,33591,3382000,4340000
2026-09-20T00:58:07.190Z,22881,,2960000
2026-09-20T00:58:07.190Z,59407,901000,1899000
2026-09-20T00:58:07.190Z,18720,5000,1100000
2026-09-20T00:58:07.190Z,13823,950100,1994000
2026-09-20T00:58:07.190Z,20641,635500,4375000
2026-09-20T00:58:07.190Z,27551,200000,49480000
2026-09-20T00:58:07.190Z,641,139400000,151400000
2026-09-20T00:58:07.190Z,82310,737.8,1290
2026-09-20T00:58:07.190Z,85747,18330000,19970000
2026-09-20T00:58:07.190Z,88658,401000,9670000
2026-09-20T00:58:07.190Z,45807,1010000,4745000
2026-09-20T00:58:07.190Z,20565,22210000,42730000
2026-09-20T00:58:07.190Z,16229,49300000,56990000
2026-09-20T00:58:07.190Z,31870,2151000,2358000
2026-09-20T00:58:07.190Z,62379,50550,55340
2026-09-20T00:58:07.190Z,16216,56400000,84970000
2026-09-20T00:58:07.190Z,16275,4680,4991
2026-09-20T00:58:07.190Z,11457,207.5,692
2026-09-20T00:58:07.190Z,96044,,96720000
2026-09-20T00:58:07.190Z,2306,2.99,3.97
2026-09-20T00:58:07.190Z,55606,,95000
2026-09-20T00:58:07.190Z,33093,1303,48500
2026-09-20T00:58:07.190Z,19268,20760000,22000000
2026-09-20T00:58:07.190Z,45978,3001000,17520000
2026-09-20T00:58:07.190Z,46237,7041000,9450000
2026-09-20T00:58:07.190Z,52284,910200,13990000
2026-09-20T00:58:07.190Z,23001,380,1188
2026-09-20T00:58:07.190Z,54381,40930000,199900000
2026-09-20T00:58:07.190Z,46368,436100,2982000
2026-09-20T00:58:07.190Z,91123,955000000,5569000000
2026-09-20T00:58:07.190Z,83361,10010,379900
2026-09-20T00:58:07.190Z,33592,0.02,35900000
2026-09-20T00:58:07.190Z,53496,50270,1249000000
2026-09-20T00:58:07.190Z,45927,4002000,21960000
2026-09-20T00:58:07.190Z,85665,20090000,38750000
2026-09-20T00:58:07.190Z,28294,432800,690700
2026-09-20T00:58:07.190Z,44939,12010000,19010000
2026-09-20T00:58:07.190Z,47119,24470000,60380000
2026-09-20T00:58:07.190Z,44908,3130000,18750000
2026-09-20T00:58:07.190Z,42790,564300,11450000
2026-09-20T00:58:07.190Z,83325,10000,164900
2026-09-20T00:58:07.190Z,13968,1000000,1386000
2026-09-20T00:58:07.190Z,27227,111600000,130700000
2026-09-20T00:58:07.190Z,15080,628700000,1889000000
2026-09-20T00:58:07.190Z,7367,80220,159800
2026-09-20T00:58:07.190Z,46393,,387700000
2026-09-20T00:58:07.190Z,25715,984500,1316000
2026-09-20T00:58:07.190Z,85454,,1498000000
2026-09-20T00:58:07.190Z,4236,22780000,40000000
2026-09-20T00:58:07.190Z,82448,10000,409900
2026-09-20T00:58:07.190Z,28530,44230000,148900000
2026-09-20T00:58:07.190Z,42619,1602000,18090000
2026-09-20T00:58:07.190Z,62630,42570000,54920000
2026-09-20T00:58:07.190Z,11279,952600,1368000
2026-09-20T00:58:07.190Z,41306,6.2,440
2026-09-20T00:58:07.190Z,85537,347000000,595000000
2026-09-20T00:58:07.190Z,56711,5432000,11400000
2026-09-20T00:58:07.190Z,57011,715100,7400000
2026-09-20T00:58:07.190Z,27630,5001000,28830000
2026-09-20T00:58:07.190Z,22907,2072000,3969000
2026-09-20T00:58:07.190Z,29075,57240,653500
2026-09-20T00:58:07.190Z,77959,567000000,999000000
2026-09-20T00:58:07.190Z,12994,7461000,369000000
2026-09-20T00:58:07.190Z,25279,24750,26890
2026-09-20T00:58:07.190Z,42743,28010,1884000
2026-09-20T00:58:07.190Z,57059,1002000,1322000000
2026-09-20T00:58:07.190Z,93713,10140,37000000
2026-09-20T00:58:07.190Z,33962,89660000,99600000
2026-09-20T00:58:07.190Z,3086,33240000,75000000
2026-09-20T00:58:07.190Z,77960,251000000,850000000
2026-09-20T00:58:07.190Z,27489,1437,1723
2026-09-20T00:58:07.190Z,33848,84280000,106200000
2026-09-20T00:58:07.190Z,33091,10030,10040
2026-09-20T00:58:07.190Z,82181,61000000,119100000
2026-09-20T00:58:07.190Z,42582,288,389600000
2026-09-20T00:58:07.190Z,55529,5.02,40000
2026-09-20T00:58:07.190Z,59239,0.01,3500000000
2026-09-20T00:58:07.190Z,25305,73060000,282400000
2026-09-20T00:58:07.190Z,31718,79010,109800
2026-09-20T00:58:07.190Z,27193,372500,799600
2026-09-20T00:58:07.190Z,672,13350,15540
2026-09-20T00:58:07.190Z,20637,73200000,98390000
2026-09-20T00:58:07.190Z,23047,995.6,2956
2026-09-20T00:58:07.190Z,5245,1100,4814
2026-09-20T00:58:07.190Z,14914,2551000,3000000000
2026-09-20T00:58:07.190Z,54365,275400000,497800000
2026-09-20T00:58:07.190Z,11449,9742000,13740000
2026-09-20T00:58:07.190Z,55341,1010,98600
2026-09-20T00:58:07.190Z,84408,8105,71990
2026-09-20T00:58:07.190Z,40636,128200000,161700000
2026-09-20T00:58:07.190Z,45749,17400000,31500000
2026-09-20T00:58:07.190Z,27437,138000,311900
2026-09-20T00:58:07.190Z,53952,289600,647500000
2026-09-20T00:58:07.190Z,46122,44100000,148900000
2026-09-20T00:58:07.190Z,42765,230500,2098000
2026-09-20T00:58:07.190Z,22120,25590000,34000000
2026-09-20T00:58:07.190Z,48758,50000000,597900000
2026-09-20T00:58:07.190Z,89513,558100000,1090000000
2026-09-20T00:58:07.190Z,47731,515900,642400
2026-09-20T00:58:07.190Z,85442,170000000,237700000
2026-09-20T00:58:07.190Z,48765,1.07,148000
2026-09-20T00:58:07.190Z,95407,95010000,199100000
2026-09-20T00:58:07.190Z,54746,205700000,289000000
2026-09-20T00:58:07.190Z,3947,66540,247900
2026-09-20T00:58:07.190Z,17220,8115,39970
2026-09-20T00:58:07.190Z,590,243300,449100
2026-09-20T00:58:07.190Z,56595,1312000,44990000
2026-09-20T00:58:07.190Z,91286,2300000,6924000
2026-09-20T00:58:07.190Z,53380,60100,89700
2026-09-20T00:58:07.190Z,48769,,5900000
2026-09-20T00:58:07.190Z,13256,15180000,16550000
2026-09-20T00:58:07.190Z,47835,21000000,29030000
2026-09-20T00:58:07.190Z,84937,222100000,272000000
2026-09-20T00:58:07.190Z,75290,4390,6000
2026-09-20T00:58:07.190Z,46980,1802000,53990000
2026-09-20T00:58:07.190Z,48772,53.09,10360000
2026-09-20T00:58:07.190Z,41479,15760000,35240000
2026-09-20T00:58:07.190Z,3243,,1999000
2026-09-20T00:58:07.190Z,14640,751800000,1546000000
2026-09-20T00:58:07.190Z,93718,10000000,41990000
2026-09-20T00:58:07.190Z,12551,136200,136300
2026-09-20T00:58:07.190Z,41504,83790000,94160000
2026-09-20T00:58:07.190Z,84500,1000000,50990000
2026-09-20T00:58:07.190Z,34662,17460000,19990000
2026-09-20T00:58:07.190Z,47104,126800000,498200000
2026-09-20T00:58:07.190Z,29097,500800,1490000
2026-09-20T00:58:07.190Z,193,108,169.8
2026-09-20T00:58:07.190Z,85460,16010000,43000000
2026-09-20T00:58:07.190Z,11084,661100,1128000
2026-09-20T00:58:07.190Z,17769,32160,38380
2026-09-20T00:58:07.190Z,9899,7301000,8089000
2026-09-20T00:58:07.190Z,87797,675000,260000000
2026-09-20T00:58:07.190Z,14160,32830000,41660000
2026-09-20T00:58:07.190Z,20933,523.9,15940
2026-09-20T00:58:07.190Z,45953,2001000,5001000
2026-09-20T00:58:07.190Z,73789,18220000,20580000
2026-09-20T00:58:07.190Z,42212,195600000,216600000
2026-09-20T00:58:07.190Z,52556,9899000,1461000000
2026-09-20T00:58:07.190Z,89784,2132000,4993000
2026-09-20T00:58:07.190Z,43833,32000000,59950000
2026-09-20T00:58:07.190Z,54375,25310000,40970000
2026-09-20T00:58:07.190Z,31578,160100,29990000
2026-09-20T00:58:07.190Z,26294,74260000,81990000
2026-09-20T00:58:07.190Z,16278,2903000,3397000
2026-09-20T00:58:07.190Z,15957,4890000,8947000
2026-09-20T00:58:07.190Z,15685,111,1500000
2026-09-20T00:58:07.190Z,7621,25070,176300
2026-09-20T00:58:07.190Z,62373,360000000,2355000000
2026-09-20T00:58:07.190Z,533,22310,53500
2026-09-20T00:58:07.190Z,11453,11600000,13680000
2026-09-20T00:58:07.190Z,24529,1185,1362
2026-09-20T00:58:07.190Z,22542,18310,29500
2026-09-20T00:58:07.190Z,15778,15000000,46990000
2026-09-20T00:58:07.190Z,92791,,250000000
2026-09-20T00:58:07.190Z,14696,2051000000,2400000000
2026-09-20T00:58:07.190Z,43660,127600000,157500000
2026-09-20T00:58:07.190Z,5365,6752,12980
2026-09-20T00:58:07.190Z,35945,6350000,29700000
2026-09-20T00:58:07.190Z,56903,,394900000
2026-09-20T00:58:07.190Z,56299,10000,14990
2026-09-20T00:58:07.190Z,27240,120000,769600
2026-09-20T00:58:07.190Z,82479,10010,6578000
2026-09-20T00:58:07.190Z,12559,0.01,82090
2026-09-20T00:58:07.190Z,26394,49670000,91510000
2026-09-20T00:58:07.190Z,1999,706600,796200
2026-09-20T00:58:07.190Z,2328,6344,7480
2026-09-20T00:58:07.190Z,2545,6752,45950
2026-09-20T00:58:07.190Z,41251,65960000,93160000
2026-09-20T00:58:07.190Z,52294,10000,1000000
2026-09-20T00:58:07.190Z,75279,261.9,304.5
2026-09-20T00:58:07.190Z,24515,321.4,365
2026-09-20T00:58:07.190Z,9947,1831000,1999000
2026-09-20T00:58:07.190Z,20633,863000,14830000
2026-09-20T00:58:07.190Z,26388,1529000,7978000
2026-09-20T00:58:07.190Z,56714,237100,587000
2026-09-20T00:58:07.190Z,15703,11360000,18750000
2026-09-20T00:58:07.190Z,63780,22010,390000
2026-09-20T00:58:07.190Z,3195,553100000,627400000
2026-09-20T00:58:07.190Z,77399,127200000,199800000
2026-09-20T00:58:07.190Z,11360,1200,1330000
2026-09-20T00:58:07.190Z,60313,2916000,3229000
2026-09-20T00:58:07.190Z,56906,,490700000
2026-09-20T00:58:07.190Z,55651,1000,35000
2026-09-20T00:58:07.190Z,28381,62610000,71710000
2026-09-20T00:58:07.190Z,92583,140000,339900
2026-09-20T00:58:07.190Z,40524,1110000,9999000
2026-09-20T00:58:07.190Z,34033,111400000,179400000
2026-09-20T00:58:07.190Z,86156,226500000,369000000
2026-09-20T00:58:07.190Z,60099,370000000,1000000000
2026-09-20T00:58:07.190Z,95527,437400000,799900000
2026-09-20T00:58:07.190Z,13776,1065000,5270000
2026-09-20T00:58:07.190Z,15166,,467000000
2026-09-20T00:58:07.190Z,26402,33130000,53000000
2026-09-20T00:58:07.190Z,42772,55060,999700
2026-09-20T00:58:07.190Z,46789,,1978000
2026-09-20T00:58:07.190Z,7623,12110,37000
2026-09-20T00:58:07.190Z,22931,35720000,58100000
2026-09-20T00:58:07.190Z,82066,22640000,49990000
2026-09-20T00:58:07.190Z,27181,142800000,183100000
2026-09-20T00:58:07.190Z,12198,1173000,1200000
2026-09-20T00:58:07.190Z,83582,17920000,37930000
2026-09-20T00:58:07.190Z,44141,,1140000
2026-09-20T00:58:07.190Z,14732,,67000000
2026-09-20T00:58:07.190Z,42747,220000,1178000
2026-09-20T00:58:07.190Z,31484,735500,986500
2026-09-20T00:58:07.190Z,54443,16540000,52330000
2026-09-20T00:58:07.190Z,84400,1117,5000
2026-09-20T00:58:07.190Z,15881,22400000,28030000
2026-09-20T00:58:07.190Z,55348,500,98600
2026-09-20T00:58:07.190Z,48368,415800000,1976000000
2026-09-20T00:58:07.190Z,42581,,137700000
2026-09-20T00:58:07.190Z,14421,10660000,499600000
2026-09-20T00:58:07.190Z,87709,60420000,338100000
2026-09-20T00:58:07.190Z,17715,196300000,205000000
2026-09-20T00:58:07.190Z,15742,57560000,88900000
2026-09-20T00:58:07.190Z,33201,886300,978300
2026-09-20T00:58:07.190Z,29009,10040,211000
2026-09-20T00:58:07.190Z,47120,31670000,100400000
2026-09-20T00:58:07.190Z,29065,104100,486400
2026-09-20T00:58:07.190Z,93698,230000000,990000000
2026-09-20T00:58:07.190Z,33362,11500,11540
2026-09-20T00:58:07.190Z,45736,407000000,544800000
2026-09-20T00:58:07.190Z,55622,70.01,169200
2026-09-20T00:58:07.190Z,21857,164.1,164.2
2026-09-20T00:58:07.190Z,62536,176.4,189
2026-09-20T00:58:07.190Z,48649,13450000,248400000
2026-09-20T00:58:07.190Z,3829,21910,34700
2026-09-20T00:58:07.190Z,14118,81760000,103000000
2026-09-20T00:58:07.190Z,56885,100300000,288000000
2026-09-20T00:58:07.190Z,26434,5830000,49030000
2026-09-20T00:58:07.190Z,84997,,626300000
2026-09-20T00:58:07.190Z,15206,425000000,914900000
2026-09-20T00:58:07.190Z,32780,2540000,3668000
2026-09-20T00:58:07.190Z,95406,40000,65000
2026-09-20T00:58:07.190Z,22576,20500,43360
2026-09-20T00:58:07.190Z,52582,60000000,588600000
2026-09-20T00:58:07.190Z,33223,500100,4900000
2026-09-20T00:58:07.190Z,26080,17730,378500
2026-09-20T00:58:07.190Z,79742,36300000,250000000
2026-09-20T00:58:07.190Z,26432,2548000,14040000
2026-09-20T00:58:07.190Z,3287,27110000,85000000
2026-09-20T00:58:07.190Z,60229,46930,999000
2026-09-20T00:58:07.190Z,20051,1.02,250
2026-09-20T00:58:07.190Z,31908,19460000,22410000
2026-09-20T00:58:07.190Z,19550,109200000,117800000
2026-09-20T00:58:07.190Z,88650,100000,3413000
2026-09-20T00:58:07.190Z,17528,78550000,93660000
2026-09-20T00:58:07.190Z,239,1119,1593
2026-09-20T00:58:07.190Z,54307,4809000,19220000
2026-09-20T00:58:07.190Z,29109,351000,474700
2026-09-20T00:58:07.190Z,84962,9505000,12300000000
2026-09-20T00:58:07.190Z,82308,731.4,1031
2026-09-20T00:58:07.190Z,82309,722.2,1090
2026-09-20T00:58:07.190Z,16069,1223,66740
2026-09-20T00:58:07.190Z,32051,59030,554900
2026-09-20T00:58:07.190Z,23674,524800000,820500000
2026-09-20T00:58:07.190Z,36395,0.01,3000000000
2026-09-20T00:58:07.190Z,18696,313800000,368900000
2026-09-20T00:58:07.190Z,90885,600400000,1077000000
2026-09-20T00:58:07.190Z,41202,413300000,479200000
2026-09-20T00:58:07.190Z,52699,4056000000,23560000000
2026-09-20T00:58:07.190Z,12068,2922000,3233000
2026-09-20T00:58:07.190Z,62709,6000,332900
2026-09-20T00:58:07.190Z,27103,32100,260000
2026-09-20T00:58:07.190Z,93664,8008000,217800000
2026-09-20T00:58:07.190Z,52705,9899000,999900000
2026-09-20T00:58:07.190Z,32871,1000000,1900000
2026-09-20T00:58:07.190Z,53538,19000000,35160000
2026-09-20T00:58:07.190Z,73459,300000,1300000
2026-09-20T00:58:07.190Z,38660,100000,3699000
2026-09-20T00:58:07.190Z,3471,1273000,6080000
2026-09-20T00:58:07.190Z,37170,2301000000,2697000000
2026-09-20T00:58:07.190Z,78409,,120000000
2026-09-20T00:58:07.190Z,17224,11060,989000
2026-09-20T00:58:07.190Z,44996,8990000000,9440000000
2026-09-20T00:58:07.190Z,46876,75010,4937000
2026-09-20T00:58:07.190Z,46148,5993000,58900000
2026-09-20T00:58:07.190Z,28367,151100,430000
2026-09-20T00:58:07.190Z,27259,108300,239800
2026-09-20T00:58:07.190Z,4180,21540000,59880000
2026-09-20T00:58:07.190Z,11455,811900,1995000
2026-09-20T00:58:07.190Z,85750,60080000,135900000
2026-09-20T00:58:07.190Z,15012,637800000,1803000000
2026-09-20T00:58:07.190Z,37586,5280000,59980000
2026-09-20T00:58:07.190Z,47188,7997,389900
2026-09-20T00:58:07.190Z,45565,,148700000
2026-09-20T00:58:07.190Z,27673,10050000,74740000
2026-09-20T00:58:07.190Z,45619,29280000,35080000
2026-09-20T00:58:07.190Z,45576,,189700000
2026-09-20T00:58:07.190Z,46868,275600,3291000
2026-09-20T00:58:07.190Z,13236,127300,14080000
2026-09-20T00:58:07.190Z,89241,25500,119600
2026-09-20T00:58:07.190Z,48578,606800000,990000000
2026-09-20T00:58:07.190Z,41218,25850000,27770000
2026-09-20T00:58:07.190Z,17404,151000,2200000
2026-09-20T00:58:07.190Z,43841,21870,2971000
2026-09-20T00:58:07.190Z,13231,,17950000
2026-09-20T00:58:07.190Z,33981,9268000,12890000
2026-09-20T00:58:07.190Z,28534,50640000,255000000
2026-09-20T00:58:07.190Z,83369,10000,192000
2026-09-20T00:58:07.190Z,20765,5142,23760
2026-09-20T00:58:07.190Z,28423,100.2,5325
2026-09-20T00:58:07.190Z,56712,100000,17890000
2026-09-20T00:58:07.190Z,88173,,2500
2026-09-20T00:58:07.190Z,23073,11750,298000
2026-09-20T00:58:07.190Z,88470,20000,20010
2026-09-20T00:58:07.190Z,14874,1022000,60000000
2026-09-20T00:58:07.190Z,3663,100000,499800
2026-09-20T00:58:07.190Z,3079,200900000,536200000
2026-09-20T00:58:07.190Z,85847,340000,1639000
2026-09-20T00:58:07.190Z,22546,193500000,211900000
2026-09-20T00:58:07.190Z,14880,1022000,250000000
2026-09-20T00:58:07.190Z,62549,659.5,924
2026-09-20T00:58:07.190Z,21536,12310000,26270000
2026-09-20T00:58:07.190Z,33898,7634000,9924000
2026-09-20T00:58:07.190Z,46815,11040,5022000
2026-09-20T00:58:07.190Z,18660,78110000,82890000
2026-09-20T00:58:07.190Z,25241,44000,125000
2026-09-20T00:58:07.190Z,21628,8000000,18000000
2026-09-20T00:58:07.190Z,86121,3005000,38950000
2026-09-20T00:58:07.190Z,3451,4601,93000
2026-09-20T00:58:07.190Z,3196,717200,5899000
2026-09-20T00:58:07.190Z,45882,203100,2078000
2026-09-20T00:58:07.190Z,31762,20240000,33180000
2026-09-20T00:58:07.190Z,3455,12.01,43990
2026-09-20T00:58:07.190Z,46825,700000,4999000
2026-09-20T00:58:07.190Z,34347,29970000,47350000
2026-09-20T00:58:07.190Z,87767,1401000,6874000
2026-09-20T00:58:07.190Z,21540,21170000,25010000
2026-09-20T00:58:07.190Z,33790,37490000,65090000
2026-09-20T00:58:07.190Z,34776,100,3000000
2026-09-20T00:58:07.190Z,33818,202500000,228400000
2026-09-20T00:58:07.190Z,87829,260100,1491000
2026-09-20T00:58:07.190Z,45816,12010,2888000
2026-09-20T00:58:07.190Z,84943,71010000,480000000
2026-09-20T00:58:07.190Z,83589,5079000,27500000
2026-09-20T00:58:07.190Z,94013,10000000,3000000000
2026-09-20T00:58:07.190Z,88607,1000,296000
2026-09-20T00:58:07.190Z,3388,100.4,275000
2026-09-20T00:58:07.190Z,57116,55500000,80000000
2026-09-20T00:58:07.190Z,84174,60000,122500
2026-09-20T00:58:07.190Z,53377,20020,899700
2026-09-20T00:58:07.190Z,23147,11000,11010
2026-09-20T00:58:07.190Z,81603,12600000,15980000
2026-09-20T00:58:07.190Z,35892,758500000,1100000000
2026-09-20T00:58:07.190Z,90641,10200,10210
2026-09-20T00:58:07.190Z,83351,4401000,5000000
2026-09-20T00:58:07.190Z,30478,101100,485400
2026-09-20T00:58:07.190Z,83241,15000,420800
2026-09-20T00:58:07.190Z,88528,20010,977500
2026-09-20T00:58:07.190Z,82398,20000,1962000
2026-09-20T00:58:07.190Z,83290,1000,49900
2026-09-20T00:58:07.190Z,12215,5030000,7693000
2026-09-20T00:58:07.190Z,53508,3999000,15000000
2026-09-20T00:58:07.190Z,14728,206700000,950800000
2026-09-20T00:58:07.190Z,46025,20000000,417400000
2026-09-20T00:58:07.190Z,47038,7232000,40900000
2026-09-20T00:58:07.190Z,58863,100300,14100000
2026-09-20T00:58:07.190Z,20599,24700000,53670000
2026-09-20T00:58:07.190Z,88666,1000000,234900000
2026-09-20T00:58:07.190Z,84115,142000000,590000000
2026-09-20T00:58:07.190Z,84970,205000000,575000000
2026-09-20T00:58:07.190Z,46487,1601000000,2849000000
2026-09-20T00:58:07.190Z,83066,41000,99900
2026-09-20T00:58:07.190Z,4215,5005000,74990000
2026-09-20T00:58:07.190Z,3437,1005,59000
2026-09-20T00:58:07.190Z,20919,70.11,450
2026-09-20T00:58:07.190Z,9291,140000,236000
2026-09-20T00:58:07.190Z,47364,41100000,79630000
2026-09-20T00:58:07.190Z,27232,202500,57980000
2026-09-20T00:58:07.190Z,43850,,29500000
2026-09-20T00:58:07.190Z,60568,700000,4300000
2026-09-20T00:58:07.190Z,28740,19420000,30800000
2026-09-20T00:58:07.190Z,14102,20500000,23990000
2026-09-20T00:58:07.190Z,29984,215200000,229200000
2026-09-20T00:58:07.190Z,53309,,99000000
2026-09-20T00:58:07.190Z,33021,520000,50000000
2026-09-20T00:58:07.190Z,62508,12010,15980
2026-09-20T00:58:07.190Z,14461,1541000,800000000
2026-09-20T00:58:07.190Z,84166,3046000,17990000
2026-09-20T00:58:07.190Z,24574,80030000,129800000
2026-09-20T00:58:07.190Z,24696,46610000,51900000
2026-09-20T00:58:07.190Z,24656,455300000,817400000
2026-09-20T00:58:07.190Z,26386,383200,3990000
2026-09-20T00:58:07.190Z,63031,300000,1180000
2026-09-20T00:58:07.190Z,16179,263.1,250000
2026-09-20T00:58:07.190Z,3424,1500,78000
2026-09-20T00:58:07.190Z,485,9899,13190
2026-09-20T00:58:07.190Z,61864,3333000,15000000
2026-09-20T00:58:07.190Z,47072,33430000,63820000
2026-09-20T00:58:07.190Z,19251,21580000,48000000
2026-09-20T00:58:07.190Z,2020,143100,168000
2026-09-20T00:58:07.190Z,59328,1241000000,1900000000
2026-09-20T00:58:07.190Z,11694,267,19400
2026-09-20T00:58:07.190Z,63692,9210000,434600000
2026-09-20T00:58:07.190Z,25342,852200,3481000
2026-09-20T00:58:07.190Z,25547,4000,19000
2026-09-20T00:58:07.190Z,1355,423400,553800
2026-09-20T00:58:07.190Z,57208,11280000,20290000
2026-09-20T00:58:07.190Z,84077,2721000,100000000
2026-09-20T00:58:07.190Z,93729,31220000,76810000
2026-09-20T00:58:07.190Z,52922,575100000,812500000
2026-09-20T00:58:07.190Z,55571,69.01,100000
2026-09-20T00:58:07.190Z,3183,546100000,668800000
2026-09-20T00:58:07.190Z,61861,80850,5000000
2026-09-20T00:58:07.190Z,42548,41010000,499900000
2026-09-20T00:58:07.190Z,33794,6074000,28950000
2026-09-20T00:58:07.190Z,28792,164300000,230900000
2026-09-20T00:58:07.190Z,40667,11570000,68270000
2026-09-20T00:58:07.190Z,3134,62430000,99420000
2026-09-20T00:58:07.190Z,62581,6502,11320
2026-09-20T00:58:07.190Z,3292,63660000,97560000
2026-09-20T00:58:07.190Z,3097,30100000,99960000
2026-09-20T00:58:07.190Z,3291,1197000,7462000
2026-09-20T00:58:07.190Z,47334,80720000,114800000
2026-09-20T00:58:07.190Z,82349,1000,1190000
2026-09-20T00:58:07.190Z,34178,18600000,55610000
2026-09-20T00:58:07.190Z,55619,,6350
2026-09-20T00:58:07.190Z,13829,22440000,29600000
2026-09-20T00:58:07.190Z,91387,,998400
2026-09-20T00:58:07.190Z,34056,201400000,400000000
2026-09-20T00:58:07.190Z,18700,74150000,124400000
2026-09-20T00:58:07.190Z,22136,8046000,8749000
2026-09-20T00:58:07.190Z,23803,91630000,99920000
2026-09-20T00:58:07.190Z,45480,320000000,7451000000
2026-09-20T00:58:07.190Z,31163,26810000,29900000
2026-09-20T00:58:07.190Z,15852,30020000,59850000
2026-09-20T00:58:07.190Z,33822,5104,24460
2026-09-20T00:58:07.190Z,571,350400,974200
2026-09-20T00:58:07.190Z,490,96190,119900
2026-09-20T00:58:07.190Z,33973,152900000,180000000
2026-09-20T00:58:07.190Z,94158,300200,2366000
2026-09-20T00:58:07.190Z,85446,308900000,563900000
2026-09-20T00:58:07.190Z,54404,64370000,81090000
2026-09-20T00:58:07.190Z,47630,9220000,22000000
2026-09-20T00:58:07.190Z,89701,425000000,774000000
2026-09-20T00:58:07.190Z,28308,21020000,26210000
2026-09-20T00:58:07.190Z,19259,1278000,5700000
2026-09-20T00:58:07.190Z,27075,450000,660400
2026-09-20T00:58:07.190Z,90406,1478000000,2658000000
2026-09-20T00:58:07.190Z,30471,,10470000
2026-09-20T00:58:07.190Z,19692,110700000,129800000
2026-09-20T00:58:07.190Z,11464,62.11,450
2026-09-20T00:58:07.190Z,46882,50000,1249000
2026-09-20T00:58:07.190Z,55546,15000,200000
2026-09-20T00:58:07.190Z,31684,69010,47380000
2026-09-20T00:58:07.190Z,3078,8197000,22700000
2026-09-20T00:58:07.190Z,3426,502.9,18730
2026-09-20T00:58:07.190Z,27580,0.01,9500000
2026-09-20T00:58:07.190Z,31123,958900,1264000
2026-09-20T00:58:07.190Z,24637,90010000,120900000
2026-09-20T00:58:07.190Z,84973,2260000000,3842000000
2026-09-20T00:58:07.190Z,27124,97170000,120400000
2026-09-20T00:58:07.190Z,85406,3203000,4444000
2026-09-20T00:58:07.190Z,85674,34000000,498700000
2026-09-20T00:58:07.190Z,42561,15000000,34900000
2026-09-20T00:58:07.190Z,10836,25120,37990
2026-09-20T00:58:07.190Z,28850,6104000000,6399000000
2026-09-20T00:58:07.190Z,54328,1.12,300000
2026-09-20T00:58:07.190Z,20060,105900000,122000000
2026-09-20T00:58:07.190Z,41415,117100000,127700000
2026-09-20T00:58:07.190Z,15701,101,899900
2026-09-20T00:58:07.190Z,90648,10000,360100
2026-09-20T00:58:07.190Z,20024,2535,45000
2026-09-20T00:58:07.190Z,3713,2542,8000
2026-09-20T00:58:07.190Z,77873,13100000,33980000
2026-09-20T00:58:07.190Z,87785,54000000,72000000
2026-09-20T00:58:07.190Z,88600,1000000,9999000
2026-09-20T00:58:07.190Z,84741,232100000,497900000
2026-09-20T00:58:07.190Z,14405,2445000,3199000000
2026-09-20T00:58:07.190Z,18891,69880000,99290000
2026-09-20T00:58:07.190Z,15314,531000000,1200000000
2026-09-20T00:58:07.190Z,3431,501.2,120000
2026-09-20T00:58:07.190Z,15847,18040000,27400000
2026-09-20T00:58:07.190Z,93014,4008000,75000000
2026-09-20T00:58:07.190Z,27672,3797000,4677000
2026-09-20T00:58:07.190Z,46828,117400,2773000
2026-09-20T00:58:07.190Z,92282,120800000,128800000
2026-09-20T00:58:07.190Z,82063,2313000,52320000
2026-09-20T00:58:07.190Z,47039,12160000,49180000
2026-09-20T00:58:07.190Z,14343,4850000,7950000
2026-09-20T00:58:07.190Z,46873,50020,4193000
2026-09-20T00:58:07.190Z,28585,21000000,31500000
2026-09-20T00:58:07.190Z,42734,53100000,374000000
2026-09-20T00:58:07.190Z,565,4205,43500
2026-09-20T00:58:07.190Z,19103,46960000,66870000
2026-09-20T00:58:07.190Z,78622,65010000,70020000
2026-09-20T00:58:07.190Z,93663,88000000,880100000
2026-09-20T00:58:07.190Z,15827,820000,3450000
2026-09-20T00:58:07.190Z,54162,5231000,17700000
2026-09-20T00:58:07.190Z,81084,6404000,8622000
2026-09-20T00:58:07.190Z,6807,20050,29400
2026-09-20T00:58:07.190Z,88264,,9600000000
2026-09-20T00:58:07.190Z,33052,141100,2000000
2026-09-20T00:58:07.190Z,33005,128300,275000
2026-09-20T00:58:07.190Z,28262,138400,216000
2026-09-20T00:58:07.190Z,22933,31390000,87400000
2026-09-20T00:58:07.190Z,40464,52560,13980000
2026-09-20T00:58:07.190Z,42748,13510,299900
2026-09-20T00:58:07.190Z,48719,15000000,38000000
2026-09-20T00:58:07.190Z,56205,751900000,3857000000
2026-09-20T00:58:07.190Z,92029,,580200
2026-09-20T00:58:07.190Z,3126,79810000,98880000
2026-09-20T00:58:07.190Z,16313,3090,3159
2026-09-20T00:58:07.190Z,19145,97470000,135000000
2026-09-20T00:58:07.190Z,14662,30010000,30000000000
2026-09-20T00:58:07.190Z,60579,0.01,20000000000
2026-09-20T00:58:07.190Z,40347,14050000,15610000
2026-09-20T00:58:07.190Z,76485,4458000,10190000
2026-09-20T00:58:07.190Z,25544,28230000,34890000
2026-09-20T00:58:07.190Z,14510,2267000,2995000000
2026-09-20T00:58:07.190Z,3322,6019,39000
2026-09-20T00:58:07.190Z,40665,402900,40490000
2026-09-20T00:58:07.190Z,52292,5011,499900
2026-09-20T00:58:07.190Z,46365,56110,388500
2026-09-20T00:58:07.190Z,14425,1828000,1999000000
2026-09-20T00:58:07.190Z,45617,19470000,36320000
2026-09-20T00:58:07.190Z,92386,270000000,590000000
2026-09-20T00:58:07.190Z,18,28.13,48.41
2026-09-20T00:58:07.190Z,1285,10,2240000
2026-09-20T00:58:07.190Z,42585,6000000,134600000
2026-09-20T00:58:07.190Z,41154,222300000,676500000
2026-09-20T00:58:07.190Z,76283,,319600000
2026-09-20T00:58:07.190Z,88043,224700,4983000
2026-09-20T00:58:07.190Z,20891,13460,12600000
2026-09-20T00:58:07.190Z,31292,653100,1016000
2026-09-20T00:58:07.190Z,21071,5012,90000
2026-09-20T00:58:07.190Z,17266,2333000,2334000
2026-09-20T00:58:07.190Z,42185,560000000,1099000000
2026-09-20T00:58:07.190Z,23566,1009,730000
2026-09-20T00:58:07.190Z,85756,24000000,43990000
2026-09-20T00:58:07.190Z,14753,920800,896900000
2026-09-20T00:58:07.190Z,606,2002,19350
2026-09-20T00:58:07.190Z,42147,250000,1000000000
2026-09-20T00:58:07.190Z,46680,641.9,1180
2026-09-20T00:58:07.190Z,21910,555,936.3
2026-09-20T00:58:07.190Z,18915,122700000,144100000
2026-09-20T00:58:07.190Z,21274,758400,1899000
2026-09-20T00:58:07.190Z,46809,892600,7293000
2026-09-20T00:58:07.190Z,21474,54530000,88190000
2026-09-20T00:58:07.190Z,14712,91010000,400000000
2026-09-20T00:58:07.190Z,32119,120100,9897000
2026-09-20T00:58:07.190Z,14708,30200000,77010000
2026-09-20T00:58:07.190Z,21288,3350000,6243000
2026-09-20T00:58:07.190Z,33155,122800000,134100000
2026-09-20T00:58:07.190Z,14680,626500000,980000000
2026-09-20T00:58:07.190Z,95528,810000000,1400000000
2026-09-20T00:58:07.190Z,28744,69410000,85850000
2026-09-20T00:58:07.190Z,91120,21010000,49950000
2026-09-20T00:58:07.190Z,29095,252500,958100
2026-09-20T00:58:07.190Z,36397,150000000,1252000000
2026-09-20T00:58:07.190Z,93466,31060000,150000000
2026-09-20T00:58:07.190Z,35947,28010000,30830000
2026-09-20T00:58:07.190Z,37578,8216000,97000000
2026-09-20T00:58:07.190Z,57073,30010,1340000
2026-09-20T00:58:07.190Z,44935,5027000,49780000
2026-09-20T00:58:07.190Z,14148,16710000,23600000
2026-09-20T00:58:07.190Z,21500,3003000,13100000
2026-09-20T00:58:07.190Z,53371,50570,1460000
2026-09-20T00:58:07.190Z,3077,699300,2069000
2026-09-20T00:58:07.190Z,64190,,1196000
2026-09-20T00:58:07.190Z,81025,55000000,144100000
2026-09-20T00:58:07.190Z,11561,187100,416300
2026-09-20T00:58:07.190Z,3756,43350000,49500000
2026-09-20T00:58:07.190Z,17514,14000000,345900000
2026-09-20T00:58:07.190Z,41409,29000000,31500000
2026-09-20T00:58:07.190Z,21853,420.3,30000
2026-09-20T00:58:07.190Z,15863,2704000,13590000
2026-09-20T00:58:07.190Z,31588,520000,1232000
2026-09-20T00:58:07.190Z,53314,685600000,6550000000
2026-09-20T00:58:07.190Z,47360,48760000,59500000
2026-09-20T00:58:07.190Z,62591,23190000,31230000
2026-09-20T00:58:07.190Z,47134,17340000,87990000
2026-09-20T00:58:07.190Z,46287,250.9,9000
2026-09-20T00:58:07.190Z,85667,1975000,28950000
2026-09-20T00:58:07.190Z,18905,78540000,122300000
2026-09-20T00:58:07.190Z,28788,103700000,114800000
2026-09-20T00:58:07.190Z,16187,1967,183700
2026-09-20T00:58:07.190Z,55562,1075,44790
2026-09-20T00:58:07.190Z,27425,25430,35900
2026-09-20T00:58:07.190Z,42,1026,17000
2026-09-20T00:58:07.190Z,76156,1000000,193000000
2026-09-20T00:58:07.190Z,15242,634100000,930900000
2026-09-20T00:58:07.190Z,46097,5215000,383500000
2026-09-20T00:58:07.190Z,44269,1070,2240
2026-09-20T00:58:07.190Z,56891,90310000,349800000
2026-09-20T00:58:07.190Z,54907,0.01,1800000000
2026-09-20T00:58:07.190Z,3122,2462000,3177000
2026-09-20T00:58:07.190Z,42162,29060000,249300000
2026-09-20T00:58:07.190Z,42166,,1100000000
2026-09-20T00:58:07.190Z,26077,24990,1500000
2026-09-20T00:58:07.190Z,44901,6228000,11490000
2026-09-20T00:58:07.190Z,53378,55000,5897000
2026-09-20T00:58:07.190Z,21855,107800,440400
2026-09-20T00:58:07.190Z,50141,38500000,59760000
2026-09-20T00:58:07.190Z,47012,22440,1784000
2026-09-20T00:58:07.190Z,91947,2018000,2998000
2026-09-20T00:58:07.190Z,7581,15800,118000
2026-09-20T00:58:07.190Z,53512,250700,9971000
2026-09-20T00:58:07.190Z,55644,100,15000
2026-09-20T00:58:07.190Z,19040,250100000,284300000
2026-09-20T00:58:07.190Z,23009,1350,1499
2026-09-20T00:58:07.190Z,57333,3140000,2489000000
2026-09-20T00:58:07.190Z,44185,100000,1389000
2026-09-20T00:58:07.190Z,34618,0.01,799900000
2026-09-20T00:58:07.190Z,56946,221100000,4099000000
2026-09-20T00:58:07.190Z,62475,138.3,1922
2026-09-20T00:58:07.190Z,47813,73390,290000
2026-09-20T00:58:07.190Z,27085,300300,603000
2026-09-20T00:58:07.190Z,53364,10070,888000
2026-09-20T00:58:07.190Z,31043,52110000,393400000
2026-09-20T00:58:07.190Z,46280,611.5,1149
2026-09-20T00:58:07.190Z,53289,81370,189600
2026-09-20T00:58:07.190Z,46276,10000000,1229000000
2026-09-20T00:58:07.190Z,2361,98880,112200
2026-09-20T00:58:07.190Z,46311,147.1,8000000
2026-09-20T00:58:07.190Z,58892,191100,4446000
2026-09-20T00:58:07.190Z,4296,515700,1343000
2026-09-20T00:58:07.190Z,62016,10670,100000
2026-09-20T00:58:07.190Z,25936,5002,286000
2026-09-20T00:58:07.190Z,34669,22290000,135000000
2026-09-20T00:58:07.190Z,28207,930000,1179000
2026-09-20T00:58:07.190Z,48517,12010000,374400000
2026-09-20T00:58:07.190Z,27904,10570,108900
2026-09-20T00:58:07.190Z,26017,24990,1500000
2026-09-20T00:58:07.190Z,46805,100200,12980000
2026-09-20T00:58:07.190Z,31719,25100,1000000
2026-09-20T00:58:07.190Z,10156,19620000,24730000
2026-09-20T00:58:07.190Z,16051,15300000,99310000
2026-09-20T00:58:07.190Z,47546,203000,7979000
2026-09-20T00:58:07.190Z,31601,10000,1000000
2026-09-20T00:58:07.190Z,2038,501500,579400
2026-09-20T00:58:07.190Z,55347,101,50000
2026-09-20T00:58:07.190Z,41150,28330000,199200000
2026-09-20T00:58:07.190Z,84679,172400000,237900000
2026-09-20T00:58:07.190Z,14980,760500000,1426000000
2026-09-20T00:58:07.190Z,93722,155000000,398400000
2026-09-20T00:58:07.190Z,40309,55680000,994100000
2026-09-20T00:58:07.190Z,88053,981600,638900000
2026-09-20T00:58:07.190Z,15635,1227,96000
2026-09-20T00:58:07.190Z,82452,20010,2620000
2026-09-20T00:58:07.190Z,42578,31000000,169700000
2026-09-20T00:58:07.190Z,17646,702000,2160000
2026-09-20T00:58:07.190Z,18724,21330,10000000
2026-09-20T00:58:07.190Z,89266,100000,2987000
2026-09-20T00:58:07.190Z,16321,4000,9499
2026-09-20T00:58:07.190Z,11294,5000,250000
2026-09-20T00:58:07.190Z,45609,33830000,38230000
2026-09-20T00:58:07.190Z,31034,,650000
2026-09-20T00:58:07.190Z,31084,,1100000
2026-09-20T00:58:07.190Z,31064,,650000
2026-09-20T00:58:07.190Z,30998,,1144000
2026-09-20T00:58:07.190Z,31046,100000,1135000
2026-09-20T00:58:07.190Z,24513,400.2,433.7
2026-09-20T00:58:07.190Z,14110,25000000,33380000
2026-09-20T00:58:07.190Z,11566,80310,174000
2026-09-20T00:58:07.190Z,83250,1000,119900
2026-09-20T00:58:07.190Z,25588,2206,2207
2026-09-20T00:58:07.190Z,42796,200100,1600000
2026-09-20T00:58:07.190Z,93003,968900,69830000
2026-09-20T00:58:07.190Z,47015,1009000,10670000
2026-09-20T00:58:07.190Z,17495,1998000,4994000
2026-09-20T00:58:07.190Z,93358,37000000,50690000
2026-09-20T00:58:07.190Z,57395,90100000,771800000
2026-09-20T00:58:07.190Z,40635,58630000,205400000
2026-09-20T00:58:07.190Z,82343,1000,579100
2026-09-20T00:58:07.190Z,54965,1450000,3600000
2026-09-20T00:58:07.190Z,40608,7511000,650000000
2026-09-20T00:58:07.190Z,56934,4900000,199800000
2026-09-20T00:58:07.190Z,84128,140100000,279000000
2026-09-20T00:58:07.190Z,47032,43100000,59450000
2026-09-20T00:58:07.190Z,42201,86190000,101700000
2026-09-20T00:58:07.190Z,3423,501.5,180000
2026-09-20T00:58:07.190Z,650,1568000,1734000
2026-09-20T00:58:07.190Z,12367,131300,170000
2026-09-20T00:58:07.190Z,21059,75000,183000
2026-09-20T00:58:07.190Z,56280,22260,99880000
2026-09-20T00:58:07.190Z,91017,75430,1044000
2026-09-20T00:58:07.190Z,45942,110300,2995000
2026-09-20T00:58:07.190Z,44887,100000000,410000000
2026-09-20T00:58:07.190Z,81016,7921000,12040000
2026-09-20T00:58:07.190Z,15278,1750000000,1897000000
2026-09-20T00:58:07.190Z,35928,950000000,1265000000
2026-09-20T00:58:07.190Z,47125,6057000,35940000
2026-09-20T00:58:07.190Z,46093,,499500000
2026-09-20T00:58:07.190Z,61186,23000000,73230000
2026-09-20T00:58:07.190Z,24764,25460000,37000000
2026-09-20T00:58:07.190Z,82178,570600000,1200000000
2026-09-20T00:58:07.190Z,52884,35040000,1134000000
2026-09-20T00:58:07.190Z,12207,2007000,9790000
2026-09-20T00:58:07.190Z,3299,532000000,640800000
2026-09-20T00:58:07.190Z,31108,10000,785000
2026-09-20T00:58:07.190Z,4237,500000,10000000
2026-09-20T00:58:07.190Z,57535,3311000,139900000
2026-09-20T00:58:07.190Z,44927,3605000,46990000
2026-09-20T00:58:07.190Z,22536,1000,939800
2026-09-20T00:58:07.190Z,54740,112500000,164100000
2026-09-20T00:58:07.190Z,54369,22000000,44990000
2026-09-20T00:58:07.190Z,20609,217200,4399000
2026-09-20T00:58:07.190Z,70843,210100000,3768000000
2026-09-20T00:58:07.190Z,46922,1000000,5489000
2026-09-20T00:58:07.190Z,64380,335500000,438900000
2026-09-20T00:58:07.190Z,1196,,799900
2026-09-20T00:58:07.190Z,45607,33990000,37040000
2026-09-20T00:58:07.190Z,83234,10000,300000
2026-09-20T00:58:07.190Z,53362,27220,1012000
2026-09-20T00:58:07.190Z,91414,1000,2599000
2026-09-20T00:58:07.190Z,53436,129400000,167700000
2026-09-20T00:58:07.190Z,54749,839300000,1060000000
2026-09-20T00:58:07.190Z,47637,15100000,35450000
2026-09-20T00:58:07.190Z,28302,193400,234900
2026-09-20T00:58:07.190Z,3496,796300,1008000
2026-09-20T00:58:07.190Z,45784,50400000,181000000
2026-09-20T00:58:07.190Z,46793,522100,14990000
2026-09-20T00:58:07.190Z,48225,4332000,156200000
2026-09-20T00:58:07.190Z,26892,3568000,9948000
2026-09-20T00:58:07.190Z,56277,15080000,159900000
2026-09-20T00:58:07.190Z,27323,8160,22920
2026-09-20T00:58:07.190Z,27932,10710,116600
2026-09-20T00:58:07.190Z,31792,28000000,31340000
2026-09-20T00:58:07.190Z,73424,341100000,2400000000
2026-09-20T00:58:07.190Z,20839,808200,1368000
2026-09-20T00:58:07.190Z,43826,881000,950000000
2026-09-20T00:58:07.190Z,17295,5528000,43010000
2026-09-20T00:58:07.190Z,43840,32580000,125000000
2026-09-20T00:58:07.190Z,43812,94380000,380000000
2026-09-20T00:58:07.190Z,61870,2159,8003000
2026-09-20T00:58:07.190Z,3771,130.2,50000
2026-09-20T00:58:07.190Z,2292,9999,820000
2026-09-20T00:58:07.190Z,33055,140100,1500000
2026-09-20T00:58:07.190Z,40522,4687000,70870000
2026-09-20T00:58:07.190Z,14500,1999000,1192000000
2026-09-20T00:58:07.190Z,93905,838200000,996800000
2026-09-20T00:58:07.190Z,88119,43280000,75000000
2026-09-20T00:58:07.190Z,57458,8323000,8829000
2026-09-20T00:58:07.190Z,47135,13270000,50380000
2026-09-20T00:58:07.190Z,82362,1600000,3349000
2026-09-20T00:58:07.190Z,88668,40010,4900000
2026-09-20T00:58:07.190Z,4243,65220000,123100000
2026-09-20T00:58:07.190Z,12189,54480,549800
2026-09-20T00:58:07.190Z,49992,1400,9990
2026-09-20T00:58:07.190Z,23069,40000000,79490000
2026-09-20T00:58:07.190Z,32995,2501,4920
2026-09-20T00:58:07.190Z,31191,10440,1262000
2026-09-20T00:58:07.190Z,13992,8329000,10870000
2026-09-20T00:58:07.190Z,82377,180000,1631000
2026-09-20T00:58:07.190Z,56292,100,79860
2026-09-20T00:58:07.190Z,15697,16,699700
2026-09-20T00:58:07.190Z,48559,0.01,790000000
2026-09-20T00:58:07.190Z,42754,260000,2699000
2026-09-20T00:58:07.190Z,77175,110000000,139100000
2026-09-20T00:58:07.190Z,46112,,399200000
2026-09-20T00:58:07.190Z,62545,701.3,1100
2026-09-20T00:58:07.190Z,46043,0.01,9382000000
2026-09-20T00:58:07.190Z,92666,221000000,589800000
2026-09-20T00:58:07.190Z,17493,15990000,167000000
2026-09-20T00:58:07.190Z,58829,170000,298000
2026-09-20T00:58:07.190Z,32041,50000,149700
2026-09-20T00:58:07.190Z,56861,5005,206900
2026-09-20T00:58:07.190Z,44148,5003,493000
2026-09-20T00:58:07.190Z,33046,230400,1400000
2026-09-20T00:58:07.190Z,22985,113.9,606
2026-09-20T00:58:07.190Z,17258,1150000,1151000
2026-09-20T00:58:07.190Z,2537,6554,49560
2026-09-20T00:58:07.190Z,42600,152100000,318900000
2026-09-20T00:58:07.190Z,14606,,420000000
2026-09-20T00:58:07.190Z,46782,50.11,3923000
2026-09-20T00:58:07.190Z,45764,77420,2500000
2026-09-20T00:58:07.190Z,12213,100300,798900
2026-09-20T00:58:07.190Z,28272,10160000,12490000
2026-09-20T00:58:07.190Z,12267,2360000,2805000
2026-09-20T00:58:07.190Z,82074,5906000,15910000
2026-09-20T00:58:07.190Z,92392,7559000,8646000
2026-09-20T00:58:07.190Z,61191,38270000,198300000
2026-09-20T00:58:07.190Z,33836,677800000,1150000000
2026-09-20T00:58:07.190Z,47258,22510000,26790000
2026-09-20T00:58:07.190Z,45840,1010000,9899000
2026-09-20T00:58:07.190Z,46819,,799900
2026-09-20T00:58:07.190Z,88541,20010,144900
2026-09-20T00:58:07.190Z,30497,4700,5589
2026-09-20T00:58:07.190Z,25916,1770000,8499000
2026-09-20T00:58:07.190Z,55670,1000,99440
2026-09-20T00:58:07.190Z,45808,2883000,109800000
2026-09-20T00:58:07.190Z,45899,319500,3317000
2026-09-20T00:58:07.190Z,88172,1.01,2500
2026-09-20T00:58:07.190Z,15605,4120000,4765000
2026-09-20T00:58:07.190Z,87520,421100000,2188000000
2026-09-20T00:58:07.190Z,73451,36950000,2449000000
2026-09-20T00:58:07.190Z,62501,443.1,3687
2026-09-20T00:58:07.190Z,46024,210100000,245400000
2026-09-20T00:58:07.190Z,940,901000,3952000
2026-09-20T00:58:07.190Z,57017,3214000,9974000
2026-09-20T00:58:07.190Z,93908,67500000,107700000
2026-09-20T00:58:07.190Z,45782,511300,15100000
2026-09-20T00:58:07.190Z,46245,122400000,250000000
2026-09-20T00:58:07.190Z,45780,321400,17130000
2026-09-20T00:58:07.190Z,45928,4249000,54990000
2026-09-20T00:58:07.190Z,3158,72420000,101400000
2026-09-20T00:58:07.190Z,42244,91900000,97490000
2026-09-20T00:58:07.190Z,28802,106400000,120400000
2026-09-20T00:58:07.190Z,13237,15120000,16980000
2026-09-20T00:58:07.190Z,44175,151.8,549900
2026-09-20T00:58:07.190Z,40685,,74000000
2026-09-20T00:58:07.190Z,21023,12330000,14710000
2026-09-20T00:58:07.190Z,60919,128400,2851000
2026-09-20T00:58:07.190Z,562,3504,19600
2026-09-20T00:58:07.190Z,23528,50060,2230000
2026-09-20T00:58:07.190Z,45768,10010,399900
2026-09-20T00:58:07.190Z,18885,9278000,39770000
2026-09-20T00:58:07.190Z,92026,,825200
2026-09-20T00:58:07.190Z,87217,150000,150100
2026-09-20T00:58:07.190Z,92003,,449200
2026-09-20T00:58:07.190Z,3987,563500,722500
2026-09-20T00:58:07.190Z,31151,9155000,19750000
2026-09-20T00:58:07.190Z,7539,660.3,9998
2026-09-20T00:58:07.190Z,70846,1783000000,3894000000
2026-09-20T00:58:07.190Z,82312,772.2,968
2026-09-20T00:58:07.190Z,62675,0.01,1217000000
2026-09-20T00:58:07.190Z,32052,10000,1000000
2026-09-20T00:58:07.190Z,32060,10000,1000000
2026-09-20T00:58:07.190Z,82183,1810000000,2229000000
2026-09-20T00:58:07.190Z,60290,101000,3631000
2026-09-20T00:58:07.190Z,88576,60000,2057000
2026-09-20T00:58:07.190Z,31440,14660000,77210000
2026-09-20T00:58:07.190Z,55564,311,98400
2026-09-20T00:58:07.190Z,9411,512000,978200
2026-09-20T00:58:07.190Z,56204,3715000000,4317000000
2026-09-20T00:58:07.190Z,55677,0.02,89990
2026-09-20T00:58:07.190Z,15806,89600000,97540000
2026-09-20T00:58:07.190Z,47894,1790000,3790000
2026-09-20T00:58:07.190Z,86260,34440000,53990000
2026-09-20T00:58:07.190Z,27647,6779000,24190000
2026-09-20T00:58:07.190Z,3231,2032000,7923000
2026-09-20T00:58:07.190Z,60164,578100000,1030000000
2026-09-20T00:58:07.190Z,53315,110000000,911000000
2026-09-20T00:58:07.190Z,3230,252100000,599800000
2026-09-20T00:58:07.190Z,23842,1861000,25200000
2026-09-20T00:58:07.190Z,53987,1500000,1811000
2026-09-20T00:58:07.190Z,78367,102100000,113100000
2026-09-20T00:58:07.190Z,35825,520200000,594500000
2026-09-20T00:58:07.190Z,60239,3908,1700000
2026-09-20T00:58:07.190Z,31192,10000,1000000
2026-09-20T00:58:07.190Z,21803,12340000,21790000
2026-09-20T00:58:07.190Z,47801,55250,183000
2026-09-20T00:58:07.190Z,42763,600000,2695000
2026-09-20T00:58:07.190Z,34068,80010000,750000000
2026-09-20T00:58:07.190Z,3395,101,70000
2026-09-20T00:58:07.190Z,44146,102.1,946000
2026-09-20T00:58:07.190Z,42798,570100,3493000
2026-09-20T00:58:07.190Z,4106,22500000,99000000
2026-09-20T00:58:07.190Z,55339,10000,27500
2026-09-20T00:58:07.190Z,91403,100,199900
2026-09-20T00:58:07.190Z,84968,3797000000,5296000000
2026-09-20T00:58:07.190Z,27321,475.2,614
2026-09-20T00:58:07.190Z,37504,,13900000000
2026-09-20T00:58:07.190Z,34288,1108000,4402000
2026-09-20T00:58:07.190Z,55716,499900000,15900000000
2026-09-20T00:58:07.190Z,33051,142500,1999000
2026-09-20T00:58:07.190Z,85232,1250000,273100000
2026-09-20T00:58:07.190Z,46879,158000,1500000
2026-09-20T00:58:07.190Z,31630,81700000,525800000
2026-09-20T00:58:07.190Z,88177,,350000
2026-09-20T00:58:07.190Z,19694,108000000,119900000
2026-09-20T00:58:07.190Z,53131,2817000,319900000
2026-09-20T00:58:07.190Z,53138,305000000,469000000
2026-09-20T00:58:07.190Z,53244,75000000,320000000
2026-09-20T00:58:07.190Z,82368,10000,45670000
2026-09-20T00:58:07.190Z,46894,25000,1188000
2026-09-20T00:58:07.190Z,52767,70000000,699600000
2026-09-20T00:58:07.190Z,20605,373800,3347000
2026-09-20T00:58:07.190Z,55301,,69990
2026-09-20T00:58:07.190Z,32072,10000,1000000
2026-09-20T00:58:07.190Z,3439,82310,270000
2026-09-20T00:58:07.190Z,49962,1001000000,3748000000
2026-09-20T00:58:07.190Z,33585,13100,48980000
2026-09-20T00:58:07.190Z,95526,560100000,2000000000
2026-09-20T00:58:07.190Z,95525,350100000,800000000
2026-09-20T00:58:07.190Z,34603,64310000,549900000
2026-09-20T00:58:07.190Z,45824,512800,1700000
2026-09-20T00:58:07.190Z,33902,43110000,46390000
2026-09-20T00:58:07.190Z,3578,1480000,1736000
2026-09-20T00:58:07.190Z,28432,163.3,1600
2026-09-20T00:58:07.190Z,82342,80010,2465000
2026-09-20T00:58:07.190Z,61872,27330000,36000000
2026-09-20T00:58:07.190Z,55349,294,195000
2026-09-20T00:58:07.190Z,945,1551000,3200000
2026-09-20T00:58:07.190Z,41249,60140000,73240000
2026-09-20T00:58:07.190Z,84986,47200000,493000000
2026-09-20T00:58:07.190Z,15478,15350000,17490000
2026-09-20T00:58:07.190Z,43709,2204000000,2549000000
2026-09-20T00:58:07.190Z,77167,57000000,100000000
2026-09-20T00:58:07.190Z,54230,236400000,498000000
2026-09-20T00:58:07.190Z,83356,10010,488800
2026-09-20T00:58:07.190Z,7043,240000,255000
2026-09-20T00:58:07.190Z,53134,175000000,480000000
2026-09-20T00:58:07.190Z,13959,55850000,73470000
2026-09-20T00:58:07.190Z,28790,52080000,76000000
2026-09-20T00:58:07.190Z,55033,15630000,21680000
2026-09-20T00:58:07.190Z,48749,1000000,196900000
2026-09-20T00:58:07.190Z,651,2314000,2458000
2026-09-20T00:58:07.190Z,1284,1010,20990
2026-09-20T00:58:07.190Z,90594,540100,7919000
2026-09-20T00:58:07.190Z,11306,200400,3500000
2026-09-20T00:58:07.190Z,33038,131100,2000000
2026-09-20T00:58:07.190Z,11278,50510,2620000
2026-09-20T00:58:07.190Z,30997,132400,397700
2026-09-20T00:58:07.190Z,11298,50000,2000000
2026-09-20T00:58:07.190Z,21328,24,393.9
2026-09-20T00:58:07.190Z,24568,,11900000
2026-09-20T00:58:07.190Z,57080,1100000,5988000
2026-09-20T00:58:07.190Z,11280,251300,7350000
2026-09-20T00:58:07.190Z,59367,802000,1999000
2026-09-20T00:58:07.190Z,14982,1351000000,2587000000
2026-09-20T00:58:07.190Z,55565,1000,2500000
2026-09-20T00:58:07.190Z,46707,201100,1889000
2026-09-20T00:58:07.190Z,59843,,3843000000
2026-09-20T00:58:07.190Z,37820,19550000,23670000
2026-09-20T00:58:07.190Z,26360,48490000,61510000
2026-09-20T00:58:07.190Z,3121,45000000,86640000
2026-09-20T00:58:07.190Z,44150,,897900
2026-09-20T00:58:07.190Z,31215,30310,128500
2026-09-20T00:58:07.190Z,57780,15000000,780000000
2026-09-20T00:58:07.190Z,3207,22610000,100000000
2026-09-20T00:58:07.190Z,61200,100400,899700
2026-09-20T00:58:07.190Z,70844,1008000000,3763000000
2026-09-20T00:58:07.190Z,955,2005000,3490000
2026-09-20T00:58:07.190Z,20312,830000,1100000
2026-09-20T00:58:07.190Z,81021,52000000,150000000
2026-09-20T00:58:07.190Z,34623,1201000,13490000
2026-09-20T00:58:07.190Z,15302,253800000,400000000
2026-09-20T00:58:07.190Z,24494,75.31,89.25
2026-09-20T00:58:07.190Z,1178,5000,150000
2026-09-20T00:58:07.190Z,27076,23000,597000
2026-09-20T00:58:07.190Z,23819,75010000,129100000
2026-09-20T00:58:07.190Z,93841,131000000,174600000
2026-09-20T00:58:07.190Z,11290,1713000,5250000
2026-09-20T00:58:07.190Z,46414,111000000,1984000000
2026-09-20T00:58:07.190Z,836,5000,100000
2026-09-20T00:58:07.190Z,28687,77290,149900
2026-09-20T00:58:07.190Z,835,5001,75000
2026-09-20T00:58:07.190Z,24657,,571500000
2026-09-20T00:58:07.190Z,14996,2283000000,4872000000
2026-09-20T00:58:07.190Z,27249,20,47000
2026-09-20T00:58:07.190Z,91122,36010000,65000000
2026-09-20T00:58:07.190Z,33006,,7997000
2026-09-20T00:58:07.190Z,46136,,849000000
2026-09-20T00:58:07.190Z,56853,80630000,173500000
2026-09-20T00:58:07.190Z,94060,260400000,479900000
2026-09-20T00:58:07.190Z,10209,90100000,97980000
2026-09-20T00:58:07.190Z,57056,462900,9998000
2026-09-20T00:58:07.190Z,14774,570000000,798000000
2026-09-20T00:58:07.190Z,11628,5003,225000
2026-09-20T00:58:07.190Z,31572,26090000,276400000
2026-09-20T00:58:07.190Z,15270,281000,190000000
2026-09-20T00:58:07.190Z,33608,13100,47900000
2026-09-20T00:58:07.190Z,27194,176000000,199900000
2026-09-20T00:58:07.190Z,22925,4571000,44700000
2026-09-20T00:58:07.190Z,14184,26000000,32990000
2026-09-20T00:58:07.190Z,4172,43250000,123600000
2026-09-20T00:58:07.190Z,4235,75100,8955000
2026-09-20T00:58:07.190Z,13830,6104000,10610000
2026-09-20T00:58:07.190Z,82363,10000,10800000
2026-09-20T00:58:07.190Z,4098,600000,132100000
2026-09-20T00:58:07.190Z,17180,2404000,6000000
2026-09-20T00:58:07.190Z,47149,9859000,18230000
2026-09-20T00:58:07.190Z,17840,601,10500
2026-09-20T00:58:07.190Z,62507,9901,13960
2026-09-20T00:58:07.190Z,508,1290000,2692000
2026-09-20T00:58:07.190Z,59844,,1000000000
2026-09-20T00:58:07.190Z,33066,100000,47840000
2026-09-20T00:58:07.190Z,3417,1003,59980
2026-09-20T00:58:07.190Z,48490,,16250000
2026-09-20T00:58:07.190Z,52707,2042000,99000000
2026-09-20T00:58:07.190Z,3279,14060000,99390000
2026-09-20T00:58:07.190Z,3302,502.1,50000
2026-09-20T00:58:07.190Z,75265,22050000,100000000
2026-09-20T00:58:07.190Z,81117,320100000,510900000
2026-09-20T00:58:07.190Z,62624,33380000,39760000
2026-09-20T00:58:07.190Z,15860,16360000,45000000
2026-09-20T00:58:07.190Z,14746,3830000000,5576000000
2026-09-20T00:58:07.190Z,3129,53010000,104700000
2026-09-20T00:58:07.190Z,93344,130000000,374900000
2026-09-20T00:58:07.190Z,95298,6926000,50000000
2026-09-20T00:58:07.190Z,82467,80030,8612000
2026-09-20T00:58:07.190Z,82345,200100,14950000
2026-09-20T00:58:07.190Z,47121,14210000,77570000
2026-09-20T00:58:07.190Z,50156,3631000000,18250000000
2026-09-20T00:58:07.190Z,63784,259000,389100
2026-09-20T00:58:07.190Z,28416,0.01,19590
2026-09-20T00:58:07.190Z,33083,5701000000,8184000000
2026-09-20T00:58:07.190Z,33775,18150000,63190000
2026-09-20T00:58:07.190Z,43789,451300,1499000
2026-09-20T00:58:07.190Z,33785,14040000,85180000
2026-09-20T00:58:07.190Z,33937,7001000,23900000
2026-09-20T00:58:07.190Z,14399,,6885000000
2026-09-20T00:58:07.190Z,20863,50000000,88000000
2026-09-20T00:58:07.190Z,42776,286100,2437000
2026-09-20T00:58:07.190Z,42174,,2999000000
2026-09-20T00:58:07.190Z,88893,32050000,1087000000
2026-09-20T00:58:07.190Z,20833,1032,750000
2026-09-20T00:58:07.190Z,63208,99510000,994800000
2026-09-20T00:58:07.190Z,12095,1114000,6998000
2026-09-20T00:58:07.190Z,53023,9000000,58890000000
2026-09-20T00:58:07.190Z,61876,2000000,28900000
2026-09-20T00:58:07.190Z,79008,10000000,589900000
2026-09-20T00:58:07.190Z,59463,,399000000
2026-09-20T00:58:07.190Z,43727,50000000,13960000000
2026-09-20T00:58:07.190Z,15691,20,598900
2026-09-20T00:58:07.190Z,11690,19350,20030
2026-09-20T00:58:07.190Z,32123,14020,8448000
2026-09-20T00:58:07.190Z,32075,9268000,27010000
2026-09-20T00:58:07.190Z,4170,14320000,231100000
2026-09-20T00:58:07.190Z,57389,67000000,561900000
2026-09-20T00:58:07.190Z,88787,1000000,4790000
2026-09-20T00:58:07.190Z,33755,45000000,48890000
2026-09-20T00:58:07.190Z,43725,50000000,13970000000
2026-09-20T00:58:07.190Z,2295,43100,349900
2026-09-20T00:58:07.190Z,88655,13300000,40120000
2026-09-20T00:58:07.190Z,23029,700.4,1018
2026-09-20T00:58:07.190Z,48548,0.01,2800000000
2026-09-20T00:58:07.190Z,43883,76000000,112000000
2026-09-20T00:58:07.190Z,59810,1021000,2999000000
2026-09-20T00:58:07.190Z,60098,304100000,700000000
2026-09-20T00:58:07.190Z,49647,22010,15000000
2026-09-20T00:58:07.190Z,18662,61720000,99640000
2026-09-20T00:58:07.190Z,42152,,250000000
2026-09-20T00:58:07.190Z,85009,367100000,1198000000
2026-09-20T00:58:07.190Z,34778,12000,3500000
2026-09-20T00:58:07.190Z,499,1633,19390
2026-09-20T00:58:07.190Z,20851,10250,370100
2026-09-20T00:58:07.190Z,21078,10010,50000
2026-09-20T00:58:07.190Z,47325,270900000,324900000
2026-09-20T00:58:07.190Z,34774,10000,4000000
2026-09-20T00:58:07.190Z,36957,77660000,186000000
2026-09-20T00:58:07.190Z,892,,2100000
2026-09-20T00:58:07.190Z,76374,2422,9298
2026-09-20T00:58:07.190Z,31646,300000,1237000
2026-09-20T00:58:07.190Z,59859,31690000,3999000000
2026-09-20T00:58:07.190Z,11872,10020,649900
2026-09-20T00:58:07.190Z,33928,149600000,204800000
2026-09-20T00:58:07.190Z,85548,96230000,185000000
2026-09-20T00:58:07.190Z,37896,26000,399300
2026-09-20T00:58:07.190Z,55597,0.02,39990
2026-09-20T00:58:07.190Z,83308,0.02,185500
2026-09-20T00:58:07.190Z,11887,10010,649900
2026-09-20T00:58:07.190Z,2547,511800,675800
2026-09-20T00:58:07.190Z,11891,5000,649900
2026-09-20T00:58:07.190Z,46575,230800000,283900000
2026-09-20T00:58:07.190Z,88683,300000,3249000
2026-09-20T00:58:07.190Z,21470,56030000,141600000
2026-09-20T00:58:07.190Z,43800,4005000,40990000
2026-09-20T00:58:07.190Z,26062,,563000
2026-09-20T00:58:07.190Z,50151,,998000000
2026-09-20T00:58:07.190Z,53368,20010,934100
2026-09-20T00:58:07.190Z,15786,30930000,37900000
2026-09-20T00:58:07.190Z,3685,498.6,884.3
2026-09-20T00:58:07.190Z,46859,17110,8000000
2026-09-20T00:58:07.190Z,46885,25000,974900
2026-09-20T00:58:07.190Z,86115,15000000,239900000
2026-09-20T00:58:07.190Z,47827,3623000,7794000
2026-09-20T00:58:07.190Z,84179,440000,760000
2026-09-20T00:58:07.190Z,3320,4111,80000
2026-09-20T00:58:07.190Z,46993,170,1390000
2026-09-20T00:58:07.190Z,21668,6004000,15500000
2026-09-20T00:58:07.190Z,32089,,295800
2026-09-20T00:58:07.190Z,27192,163200000,183300000
2026-09-20T00:58:07.190Z,34777,112,700000
2026-09-20T00:58:07.190Z,3270,524300000,589900000
2026-09-20T00:58:07.190Z,31081,108500000,446100000
2026-09-20T00:58:07.190Z,55303,1046,14900
2026-09-20T00:58:07.190Z,36358,15300000,69900000
2026-09-20T00:58:07.190Z,47617,0.01,1340000000
2026-09-20T00:58:07.190Z,36766,,899900000
2026-09-20T00:58:07.190Z,28421,11,3999
2026-09-20T00:58:07.190Z,15753,41240000,54340000
2026-09-20T00:58:07.190Z,88712,4381000000,8992000000
2026-09-20T00:58:07.190Z,54926,149500,15500000
2026-09-20T00:58:07.190Z,46725,93500000,2905000000
2026-09-20T00:58:07.190Z,55632,1000,430000
2026-09-20T00:58:07.190Z,27455,65190,135000
2026-09-20T00:58:07.190Z,11640,391100,502000
2026-09-20T00:58:07.190Z,1295,10,2355000
2026-09-20T00:58:07.190Z,87776,10000000,29000000
2026-09-20T00:58:07.190Z,20871,8010000,12000000
2026-09-20T00:58:07.190Z,16631,150400,2018000
2026-09-20T00:58:07.190Z,55660,69.73,1000000
2026-09-20T00:58:07.190Z,14918,142000000,249900000
2026-09-20T00:58:07.190Z,46736,40970000,250000000
2026-09-20T00:58:07.190Z,12710,,1299000
2026-09-20T00:58:07.190Z,55654,,850000
2026-09-20T00:58:07.190Z,31347,,200000
2026-09-20T00:58:07.190Z,55676,69.05,250000
2026-09-20T00:58:07.190Z,79721,148900,4980000
2026-09-20T00:58:07.190Z,93237,4500000,29890000
2026-09-20T00:58:07.190Z,27565,15180000,149300000
2026-09-20T00:58:07.190Z,46845,,1499000
2026-09-20T00:58:07.190Z,76291,160100000,330400000
2026-09-20T00:58:07.190Z,85518,21700000,38890000
2026-09-20T00:58:07.190Z,21011,7660000,11630000
2026-09-20T00:58:07.190Z,56889,10010000,289900000
2026-09-20T00:58:07.190Z,22993,862,1050
2026-09-20T00:58:07.190Z,93015,7200000,44990000
2026-09-20T00:58:07.190Z,59820,,499000000
2026-09-20T00:58:07.190Z,77962,200000000,679900000
2026-09-20T00:58:07.190Z,93483,53000000,90000000
2026-09-20T00:58:07.190Z,17441,552.4,999
2026-09-20T00:58:07.190Z,55755,41000,741100
2026-09-20T00:58:07.190Z,84969,7795000,7321000000
2026-09-20T00:58:07.190Z,81118,33330000,87330000
2026-09-20T00:58:07.190Z,20207,600000000,1198000000
2026-09-20T00:58:07.190Z,89116,23820,967900
2026-09-20T00:58:07.190Z,85028,,3401000000
2026-09-20T00:58:07.190Z,33012,,781500
2026-09-20T00:58:07.190Z,33927,55610000,70000000
2026-09-20T00:58:07.190Z,88615,600000,9899000
2026-09-20T00:58:07.190Z,40580,6002,62980000
2026-09-20T00:58:07.190Z,47254,1051,27500
2026-09-20T00:58:07.190Z,28770,64110000,212000000
2026-09-20T00:58:07.190Z,23025,2152,2485
2026-09-20T00:58:07.190Z,91613,455000000,6399000000
2026-09-20T00:58:07.190Z,33079,4411000000,6700000000
2026-09-20T00:58:07.190Z,41255,917200000,1987000000
2026-09-20T00:58:07.190Z,36288,,6025000000
2026-09-20T00:58:07.190Z,92568,161,750
2026-09-20T00:58:07.190Z,33060,4110000,14960000
2026-09-20T00:58:07.190Z,56863,555100,14370000
2026-09-20T00:58:07.190Z,40357,124500000,150800000
2026-09-20T00:58:07.190Z,30325,9001000,16900000
2026-09-20T00:58:07.190Z,17832,6033000,13860000
2026-09-20T00:58:07.190Z,83591,4021000,90000000
2026-09-20T00:58:07.190Z,33389,100000,3900000
2026-09-20T00:58:07.190Z,33385,100000,15000000
2026-09-20T00:58:07.190Z,62543,372.5,569.7
2026-09-20T00:58:07.190Z,32245,50850000,181100000
2026-09-20T00:58:07.190Z,62643,913100,7497000
2026-09-20T00:58:07.190Z,4363,3609000000,6098000000
2026-09-20T00:58:07.190Z,33403,237100000,280000000
2026-09-20T00:58:07.190Z,82444,40000,996600
2026-09-20T00:58:07.190Z,55329,20.03,89800
2026-09-20T00:58:07.190Z,20047,5.02,60
2026-09-20T00:58:07.190Z,86261,56900000,82790000
2026-09-20T00:58:07.190Z,29081,318900,1821000
2026-09-20T00:58:07.190Z,29085,119300,745000
2026-09-20T00:58:07.190Z,56748,91370,115800
2026-09-20T00:58:07.190Z,33043,131100,2000000
2026-09-20T00:58:07.190Z,59632,0.02,108600000
2026-09-20T00:58:07.190Z,78406,1971000000,4000000000
2026-09-20T00:58:07.190Z,20008,15.2,1495
2026-09-20T00:58:07.190Z,35965,5360000,29570000
2026-09-20T00:58:07.190Z,76240,140000000,1999000000
2026-09-20T00:58:07.190Z,53308,72120000,104800000
2026-09-20T00:58:07.190Z,36649,,5025000000
2026-09-20T00:58:07.190Z,40467,,2500000000
2026-09-20T00:58:07.190Z,46137,2003000,1329000000
2026-09-20T00:58:07.190Z,46955,137500,1375000
2026-09-20T00:58:07.190Z,31147,0.01,897000
2026-09-20T00:58:07.190Z,3767,15050,5865000
2026-09-20T00:58:07.190Z,34688,500000,41900000
2026-09-20T00:58:07.190Z,13265,13330000,16910000
2026-09-20T00:58:07.190Z,12826,153000,188000
2026-09-20T00:58:07.190Z,23618,50330,80000
2026-09-20T00:58:07.190Z,41517,804,15910
2026-09-20T00:58:07.190Z,23729,12010,35000
2026-09-20T00:58:07.190Z,11579,4702000,6999000
2026-09-20T00:58:07.190Z,44921,21100000,120000000
2026-09-20T00:58:07.190Z,36827,0.01,5025000000
2026-09-20T00:58:07.190Z,36654,,5025000000
2026-09-20T00:58:07.190Z,37485,,5025000000
2026-09-20T00:58:07.190Z,11632,4999,210000
2026-09-20T00:58:07.190Z,80812,131000000,529600000
2026-09-20T00:58:07.190Z,82460,20200,4986000
2026-09-20T00:58:07.190Z,37621,1.05,17370000
2026-09-20T00:58:07.190Z,81050,16680000,31890000
2026-09-20T00:58:07.190Z,12053,765500,1654000
2026-09-20T00:58:07.190Z,4165,47550000,100100000
2026-09-20T00:58:07.190Z,62579,8500,10800
2026-09-20T00:58:07.190Z,93656,130000000,160000000
2026-09-20T00:58:07.190Z,36839,,2525000000
2026-09-20T00:58:07.190Z,36818,,2525000000
2026-09-20T00:58:07.190Z,28793,239100000,408000000
2026-09-20T00:58:07.190Z,26057,24990,1500000
2026-09-20T00:58:07.190Z,20016,78710,250000
2026-09-20T00:58:07.190Z,83587,5522000,14000000
2026-09-20T00:58:07.190Z,45997,50100000,3999000000
2026-09-20T00:58:07.190Z,64598,,1099000000
2026-09-20T00:58:07.190Z,59366,701000,1540000
2026-09-20T00:58:07.190Z,85006,80000000,190500000
2026-09-20T00:58:07.190Z,47610,1016000,4834000
2026-09-20T00:58:07.190Z,54226,,287900
2026-09-20T00:58:07.190Z,2204,80000,498200
2026-09-20T00:58:07.190Z,23107,850200,1431000
2026-09-20T00:58:07.190Z,11629,5000,325000
2026-09-20T00:58:07.190Z,14492,900000000,1903000000
2026-09-20T00:58:07.190Z,20064,92430000,118400000
2026-09-20T00:58:07.190Z,48557,0.01,2900000000
2026-09-20T00:58:07.190Z,41608,10,48000000
2026-09-20T00:58:07.190Z,11859,5000,649900
2026-09-20T00:58:07.190Z,26063,24990,1500000
2026-09-20T00:58:07.190Z,28607,5100000,950600000
2026-09-20T00:58:07.190Z,26069,24990,1500000
2026-09-20T00:58:07.190Z,54742,97210000,114300000
2026-09-20T00:58:07.190Z,82459,60040,3194000
2026-09-20T00:58:07.190Z,26059,24990,1500000
2026-09-20T00:58:07.190Z,45862,1481000,72310000
2026-09-20T00:58:07.190Z,31120,,785000
2026-09-20T00:58:07.190Z,31180,9999,1000000
2026-09-20T00:58:07.190Z,31671,9999,1000000
2026-09-20T00:58:07.190Z,31695,9999,1000000
2026-09-20T00:58:07.190Z,46218,0.03,19990000
2026-09-20T00:58:07.190Z,47635,3215000,26900000
2026-09-20T00:58:07.190Z,31106,5000,131000
2026-09-20T00:58:07.190Z,62483,1441,2094
2026-09-20T00:58:07.190Z,31130,5000,225000
2026-09-20T00:58:07.190Z,14724,1243000,80000000
2026-09-20T00:58:07.190Z,32117,3545000,7499000
2026-09-20T00:58:07.190Z,31669,5000,130800
2026-09-20T00:58:07.190Z,32099,10000,500000
2026-09-20T00:58:07.190Z,31705,5000,225000
2026-09-20T00:58:07.190Z,31190,5000,225000
2026-09-20T00:58:07.190Z,33179,9999,950000
2026-09-20T00:58:07.190Z,47625,25020000,55900000
2026-09-20T00:58:07.190Z,33177,9999,800000
2026-09-20T00:58:07.190Z,57076,550000,2977000
2026-09-20T00:58:07.190Z,49155,,2386000000
2026-09-20T00:58:07.190Z,23866,134200,32000000
2026-09-20T00:58:07.190Z,63052,2000000,22300000
2026-09-20T00:58:07.190Z,46636,1155000000,1460000000
2026-09-20T00:58:07.190Z,53493,251000,2497000
2026-09-20T00:58:07.190Z,85879,210000000,240000000
2026-09-20T00:58:07.190Z,3278,114300,9492000
2026-09-20T00:58:07.190Z,75287,3239,4444
2026-09-20T00:58:07.190Z,89687,140300,83000000
2026-09-20T00:58:07.190Z,31287,,100000
2026-09-20T00:58:07.190Z,55563,500.1,59000
2026-09-20T00:58:07.190Z,4103,46910000,108800000
2026-09-20T00:58:07.190Z,24624,15240000,23000000
2026-09-20T00:58:07.190Z,28387,135200,17800000
2026-09-20T00:58:07.190Z,3321,604.4,59000
2026-09-20T00:58:07.190Z,62478,805.1,1500
2026-09-20T00:58:07.190Z,29041,103400,707300
2026-09-20T00:58:07.190Z,44949,11030000,93890000
2026-09-20T00:58:07.190Z,894,,2800000
2026-09-20T00:58:07.190Z,91082,26960,999900
2026-09-20T00:58:07.190Z,3333,141100,999900
2026-09-20T00:58:07.190Z,95405,170000000,315000000
2026-09-20T00:58:07.190Z,15849,2125000,8800000
2026-09-20T00:58:07.190Z,25811,234.2,1080000
2026-09-20T00:58:07.190Z,95401,170000000,219500000
2026-09-20T00:58:07.190Z,95418,45000000,350000000
2026-09-20T00:58:07.190Z,83585,5095000,31770000
2026-09-20T00:58:07.190Z,2575,1263000,1455000
2026-09-20T00:58:07.190Z,54562,1000000,5598000
2026-09-20T00:58:07.190Z,47622,13200000,57000000
2026-09-20T00:58:07.190Z,28731,17720000,22190000
2026-09-20T00:58:07.190Z,14820,856000,2737000000
2026-09-20T00:58:07.190Z,84683,30670000,150000000
2026-09-20T00:58:07.190Z,46096,601400,870000000
2026-09-20T00:58:07.190Z,27550,30070000,38090000
2026-09-20T00:58:07.190Z,41194,2343000000,3994000000
2026-09-20T00:58:07.190Z,20315,1762000,2650000
2026-09-20T00:58:07.190Z,85005,255000000,905700000
2026-09-20T00:58:07.190Z,87786,1600000000,10990000000
2026-09-20T00:58:07.190Z,14884,403700000,496000000
2026-09-20T00:58:07.190Z,88892,298900000,750000000
2026-09-20T00:58:07.190Z,17643,5850000,7499000
2026-09-20T00:58:07.190Z,11631,5003,225000
2026-09-20T00:58:07.190Z,10630,5001,35000
2026-09-20T00:58:07.190Z,59335,0.01,1495000000
2026-09-20T00:58:07.190Z,2530,50000,200000
2026-09-20T00:58:07.190Z,19417,48040000,51000000
2026-09-20T00:58:07.190Z,36754,2000000,29430000
2026-09-20T00:58:07.190Z,55354,1000,60000
2026-09-20T00:58:07.190Z,49926,92910000,668800000
2026-09-20T00:58:07.190Z,55578,11020,127900
2026-09-20T00:58:07.190Z,4316,10530,10930000
2026-09-20T00:58:07.190Z,1162,400000,740000
2026-09-20T00:58:07.190Z,49433,10160000,18750000
2026-09-20T00:58:07.190Z,41104,101900000,349900000
2026-09-20T00:58:07.190Z,48519,19640000,284900000
2026-09-20T00:58:07.190Z,88675,1000,193600
2026-09-20T00:58:07.190Z,82389,10100,2046000
2026-09-20T00:58:07.190Z,60763,118100000,219500000
2026-09-20T00:58:07.190Z,20175,11550,7461000
2026-09-20T00:58:07.190Z,49153,0.01,6800000000
2026-09-20T00:58:07.190Z,822,10,1180000
2026-09-20T00:58:07.190Z,11277,41100,201300
2026-09-20T00:58:07.190Z,45966,94100,2991000
2026-09-20T00:58:07.190Z,63164,20010000,741300000
2026-09-20T00:58:07.190Z,17546,201800,248600000
2026-09-20T00:58:07.190Z,48504,1010000,97500000
2026-09-20T00:58:07.190Z,15060,1868000000,2393000000
2026-09-20T00:58:07.190Z,12305,5031,140000
2026-09-20T00:58:07.190Z,76178,5046000,196800000
2026-09-20T00:58:07.190Z,56592,15780000,865000000
2026-09-20T00:58:07.190Z,15014,2001000000,3000000000
2026-09-20T00:58:07.190Z,34533,201500,1045000
2026-09-20T00:58:07.190Z,44218,25180000,245000000
2026-09-20T00:58:07.190Z,92798,,1556000000
2026-09-20T00:58:07.190Z,3425,22.07,98000
2026-09-20T00:58:07.190Z,63861,20000,1126000
2026-09-20T00:58:07.190Z,33840,3038000000,3631000000
2026-09-20T00:58:07.190Z,92797,,777800000
2026-09-20T00:58:07.190Z,24484,601000000,1249000000
2026-09-20T00:58:07.190Z,22947,12880000,68600000
2026-09-20T00:58:07.190Z,34657,66140000,892800000
2026-09-20T00:58:07.190Z,27902,10210,150000
2026-09-20T00:58:07.190Z,45494,62.12,2300
2026-09-20T00:58:07.190Z,20817,6620,90000
2026-09-20T00:58:07.190Z,56919,,364900000
2026-09-20T00:58:07.190Z,28797,110400000,120800000
2026-09-20T00:58:07.190Z,49923,81060000,393900000
2026-09-20T00:58:07.190Z,46235,50000000,125000000
2026-09-20T00:58:07.190Z,83469,2314000,2431000
2026-09-20T00:58:07.190Z,48233,3215000,70000000
2026-09-20T00:58:07.190Z,52555,91570000,1500000000
2026-09-20T00:58:07.190Z,54764,21000000,409700000
2026-09-20T00:58:07.190Z,14518,1500000,705000000
2026-09-20T00:58:07.190Z,44257,20910000,2900000000
2026-09-20T00:58:07.190Z,44896,4659000,8987000
2026-09-20T00:58:07.190Z,89709,640000000,889000000
2026-09-20T00:58:07.190Z,40515,,999900000
2026-09-20T00:58:07.190Z,48224,2500000,134600000
2026-09-20T00:58:07.190Z,48515,1.05,214000000
2026-09-20T00:58:07.190Z,23510,6406,58220
2026-09-20T00:58:07.190Z,54782,9444,12980
2026-09-20T00:58:07.190Z,4309,317100000,708300000
2026-09-20T00:58:07.190Z,36830,0.01,4999000000
2026-09-20T00:58:07.190Z,11889,5000,649900
2026-09-20T00:58:07.190Z,974,70030000,99600000
2026-09-20T00:58:07.190Z,21939,405,519.6
2026-09-20T00:58:07.190Z,17253,155000000,434800000
2026-09-20T00:58:07.190Z,4313,,10940000
2026-09-20T00:58:07.190Z,1265,4999,60000
2026-09-20T00:58:07.190Z,41582,889000000,1048000000
2026-09-20T00:58:07.190Z,82381,240000,3347000
2026-09-20T00:58:07.190Z,32059,655700,811700
2026-09-20T00:58:07.190Z,20889,149400,7095000
2026-09-20T00:58:07.190Z,62021,12460,5997000
2026-09-20T00:58:07.190Z,52306,4760,14700
2026-09-20T00:58:07.190Z,44926,2543000,30000000
2026-09-20T00:58:07.190Z,41419,104400000,850000000
2026-09-20T00:58:07.190Z,53178,,475000000
2026-09-20T00:58:07.190Z,456,5101,113900
2026-09-20T00:58:07.190Z,92788,,1556000000
2026-09-20T00:58:07.190Z,45009,116300000,129700000
2026-09-20T00:58:07.190Z,31093,33690000,393000000
2026-09-20T00:58:07.190Z,47130,22090000,101100000
2026-09-20T00:58:07.190Z,54225,160000,1990000
2026-09-20T00:58:07.190Z,34754,1,19000000
2026-09-20T00:58:07.190Z,31660,18200,13020000
2026-09-20T00:58:07.190Z,52300,9375,1888000
2026-09-20T00:58:07.190Z,20775,3496,8736
2026-09-20T00:58:07.190Z,88718,2625000000,3199000000
2026-09-20T00:58:07.190Z,17184,2032000,9137000
2026-09-20T00:58:07.190Z,43911,17090000,38000000
2026-09-20T00:58:07.190Z,58827,250000000,1400000000
2026-09-20T00:58:07.190Z,59181,122000,563400
2026-09-20T00:58:07.190Z,11284,50300,1850000
2026-09-20T00:58:07.190Z,48579,7910000,3500000000
2026-09-20T00:58:07.190Z,87708,49000000,419000000
2026-09-20T00:58:07.190Z,40479,,2298000000
2026-09-20T00:58:07.190Z,36763,,5000000000
2026-09-20T00:58:07.190Z,46852,10000,2499000
2026-09-20T00:58:07.190Z,2184,1007000,1949000
2026-09-20T00:58:07.190Z,42707,120000,1128000
2026-09-20T00:58:07.190Z,46827,505000,3000000
2026-09-20T00:58:07.190Z,52874,123500,728000000
2026-09-20T00:58:07.190Z,77886,17130000,40000000
2026-09-20T00:58:07.190Z,23594,510.1,680000
2026-09-20T00:58:07.190Z,55758,20100,849000
2026-09-20T00:58:07.190Z,3222,1570000,6183000
2026-09-20T00:58:07.190Z,59823,,799000000
2026-09-20T00:58:07.190Z,41514,3590000,299000000
2026-09-20T00:58:07.190Z,19461,12720000,1000000000
2026-09-20T00:58:07.190Z,40615,0.01,5025000000
2026-09-20T00:58:07.190Z,88654,10010,3874000
2026-09-20T00:58:07.190Z,83255,,445500
2026-09-20T00:58:07.190Z,30324,9001000,15880000
2026-09-20T00:58:07.190Z,42621,104600000,824500000
2026-09-20T00:58:07.190Z,26346,500000,4984000
2026-09-20T00:58:07.190Z,36313,,5000000000
2026-09-20T00:58:07.190Z,41310,10,9999
2026-09-20T00:58:07.190Z,34772,10000,6000000
2026-09-20T00:58:07.190Z,54900,185400000,523100000
2026-09-20T00:58:07.190Z,87705,30010000,458700000
2026-09-20T00:58:07.190Z,33010,,579200
2026-09-20T00:58:07.190Z,48850,0.01,1178000000
2026-09-20T00:58:07.190Z,90659,,141100000
2026-09-20T00:58:07.190Z,881,,500000
2026-09-20T00:58:07.190Z,53143,75000000,320000000
2026-09-20T00:58:07.190Z,21346,50.23,934.3
2026-09-20T00:58:07.190Z,56918,2000000,243900000
2026-09-20T00:58:07.190Z,56936,,1189000000
2026-09-20T00:58:07.190Z,93610,75040000,140000000
2026-09-20T00:58:07.190Z,34797,53000000,249500000
2026-09-20T00:58:07.190Z,41210,30100000000,35480000000
2026-09-20T00:58:07.190Z,27653,5000000,16440000
2026-09-20T00:58:07.190Z,46787,10140,7219000
2026-09-20T00:58:07.190Z,76244,65000000,1199000000
2026-09-20T00:58:07.190Z,4212,2510000,60000000
2026-09-20T00:58:07.190Z,87308,230000000,466900000
2026-09-20T00:58:07.190Z,59824,,6498000000
2026-09-20T00:58:07.190Z,53376,100300,8949000
2026-09-20T00:58:07.190Z,46577,141600000,398700000
2026-09-20T00:58:07.190Z,45915,9456000,35150000
2026-09-20T00:58:07.190Z,27547,5150000,43300000
2026-09-20T00:58:07.190Z,21294,1938000,34800000
2026-09-20T00:58:07.190Z,15134,794100000,1192000000
2026-09-20T00:58:07.190Z,16180,1596,49870
2026-09-20T00:58:07.190Z,55324,,75000
2026-09-20T00:58:07.190Z,21334,66.54,846
2026-09-20T00:58:07.190Z,15980,22170,33000000
2026-09-20T00:58:07.190Z,46089,,277000000
2026-09-20T00:58:07.190Z,56867,6058,998000
2026-09-20T00:58:07.190Z,57334,387500000,991800000
2026-09-20T00:58:07.190Z,34671,,7525000000
2026-09-20T00:58:07.190Z,23912,750100000,1323000000
2026-09-20T00:58:07.190Z,47106,368200000,938300000
2026-09-20T00:58:07.190Z,34683,1000000,150000000
2026-09-20T00:58:07.190Z,30652,1680000,2150000
2026-09-20T00:58:07.190Z,48566,387800000,635000000
2026-09-20T00:58:07.190Z,40754,39210000,87630000
2026-09-20T00:58:07.190Z,57781,21000000,285000000
2026-09-20T00:58:07.190Z,20881,103100,1694000
2026-09-20T00:58:07.190Z,57779,6683000,450000000
2026-09-20T00:58:07.190Z,21260,26580,446900
2026-09-20T00:58:07.190Z,53172,0.01,1399000000
2026-09-20T00:58:07.190Z,62451,70000000,159800000
2026-09-20T00:58:07.190Z,79717,453000,11900000
2026-09-20T00:58:07.190Z,53171,,989000000
2026-09-20T00:58:07.190Z,47177,164600000,897300000
2026-09-20T00:58:07.190Z,84964,1999000,9899000000
2026-09-20T00:58:07.190Z,28385,400500,744000
2026-09-20T00:58:07.190Z,47320,27600000,140400000
2026-09-20T00:58:07.190Z,4153,21030000,57220000
2026-09-20T00:58:07.190Z,28844,6782000000,7196000000
2026-09-20T00:58:07.190Z,46804,800000,2500000
2026-09-20T00:58:07.190Z,27121,107300000,120200000
2026-09-20T00:58:07.190Z,60280,10010,108000
2026-09-20T00:58:07.190Z,37168,2301000000,2597000000
2026-09-20T00:58:07.190Z,11268,10060,1050000
2026-09-20T00:58:07.190Z,33047,142000,3400000
2026-09-20T00:58:07.190Z,15020,1.01,95000000
2026-09-20T00:58:07.190Z,85741,410000000,2499000000
2026-09-20T00:58:07.190Z,47638,3100,83000000
2026-09-20T00:58:07.190Z,15194,158900000,295900000
2026-09-20T00:58:07.190Z,37248,976300000,1375000000
2026-09-20T00:58:07.190Z,62039,8.35,10000
2026-09-20T00:58:07.190Z,3288,,272900
2026-09-20T00:58:07.190Z,4195,5620000,49980000
2026-09-20T00:58:07.190Z,56710,480600,829500
2026-09-20T00:58:07.190Z,88674,5001000,379300000
2026-09-20T00:58:07.190Z,55629,500,74000
2026-09-20T00:58:07.190Z,52898,,1992000000
2026-09-20T00:58:07.190Z,90403,669900000,998000000
2026-09-20T00:58:07.190Z,90402,422000000,629500000
2026-09-20T00:58:07.190Z,4062,311000000,9759000000
2026-09-20T00:58:07.190Z,42148,,249700000
2026-09-20T00:58:07.190Z,54539,9788000000,20000000000
2026-09-20T00:58:07.190Z,52641,65000000,2400000000
2026-09-20T00:58:07.190Z,56210,72100000,179900000
2026-09-20T00:58:07.190Z,32864,,4986000
2026-09-20T00:58:07.190Z,82497,198200000,367700000
2026-09-20T00:58:07.190Z,43662,51170000,185100000
2026-09-20T00:58:07.190Z,84985,409700000,628600000
2026-09-20T00:58:07.190Z,14852,421000000,790700000
2026-09-20T00:58:07.190Z,37805,21980000,24770000
2026-09-20T00:58:07.190Z,52845,,1000000000
2026-09-20T00:58:07.190Z,37517,0.01,2498000000
2026-09-20T00:58:07.190Z,42165,485000000,1198000000
2026-09-20T00:58:07.190Z,48546,0.01,1800000000
2026-09-20T00:58:07.190Z,33379,,534400000
2026-09-20T00:58:07.190Z,501,20000,76900
2026-09-20T00:58:07.190Z,76246,75000000,4445000000
2026-09-20T00:58:07.190Z,85739,210000000,500000000
2026-09-20T00:58:07.190Z,46159,,15680000
2026-09-20T00:58:07.190Z,58813,0.01,4000000000
2026-09-20T00:58:07.190Z,31048,,3000000
2026-09-20T00:58:07.190Z,13778,26710000,83780000
2026-09-20T00:58:07.190Z,89115,7600000,16930000
2026-09-20T00:58:07.190Z,15851,2419000,242000000
2026-09-20T00:58:07.190Z,33024,1000000,99000000
2026-09-20T00:58:07.190Z,41286,2213,10000
2026-09-20T00:58:07.190Z,46907,308100,1971000
2026-09-20T00:58:07.190Z,93754,2200000000,40000000000
2026-09-20T00:58:07.190Z,21284,6950000,35640000
2026-09-20T00:58:07.190Z,82387,1000,93380000
2026-09-20T00:58:07.190Z,27082,303000,639000
2026-09-20T00:58:07.190Z,82311,720,1492
2026-09-20T00:58:07.190Z,19663,1505,129900
2026-09-20T00:58:07.190Z,49811,34210000,239900000
2026-09-20T00:58:07.190Z,47126,7781000,29020000
2026-09-20T00:58:07.190Z,85306,165000,498500
2026-09-20T00:58:07.190Z,88635,6200000,19990000
2026-09-20T00:58:07.190Z,53490,354000,14990000
2026-09-20T00:58:07.190Z,88637,12080000,84350000
2026-09-20T00:58:07.190Z,32943,225000000,442000000
2026-09-20T00:58:07.190Z,36480,38210000,444600000
2026-09-20T00:58:07.190Z,14469,5000000,7398000000
2026-09-20T00:58:07.190Z,49681,112300,1200000
2026-09-20T00:58:07.190Z,33595,13100,48000000
2026-09-20T00:58:07.190Z,45653,785500,1130000
2026-09-20T00:58:07.190Z,90120,4902000,9879000
2026-09-20T00:58:07.190Z,19317,106700000,164000000
2026-09-20T00:58:07.190Z,84080,77080000,858100000
2026-09-20T00:58:07.190Z,15200,1034000,357800000
2026-09-20T00:58:07.190Z,59855,,699000000
2026-09-20T00:58:07.190Z,34174,49170000,79000000
2026-09-20T00:58:07.190Z,61234,,10000000
2026-09-20T00:58:07.190Z,91388,720000,2100000
2026-09-20T00:58:07.190Z,21204,203400,497900
2026-09-20T00:58:07.190Z,31142,5000,127000
2026-09-20T00:58:07.190Z,45858,1225000,26920000
2026-09-20T00:58:07.190Z,48563,470000000,1514000000
2026-09-20T00:58:07.190Z,22552,19040,803000
2026-09-20T00:58:07.190Z,1262,50000,14550000
2026-09-20T00:58:07.190Z,79759,71000000,196300000
2026-09-20T00:58:07.190Z,36509,250000000,3960000000
2026-09-20T00:58:07.190Z,14755,4346000000,7900000000
2026-09-20T00:58:07.190Z,59860,,499000000
2026-09-20T00:58:07.190Z,54974,30000000,91490000
2026-09-20T00:58:07.190Z,16188,87370,15000000
2026-09-20T00:58:07.190Z,59472,,397500000
2026-09-20T00:58:07.190Z,52405,135100000,320000000
2026-09-20T00:58:07.190Z,2739,43760000,50000000
2026-09-20T00:58:07.190Z,92786,,753900000
2026-09-20T00:58:07.190Z,92787,,1556000000
2026-09-20T00:58:07.190Z,46830,45100,9895000
2026-09-20T00:58:07.190Z,92789,,1556000000
2026-09-20T00:58:07.190Z,42173,,350000000
2026-09-20T00:58:07.190Z,22543,9999,262000
2026-09-20T00:58:07.190Z,14855,2809000000,5381000000
2026-09-20T00:58:07.190Z,20589,299000,4979000
2026-09-20T00:58:07.190Z,46490,325100000,380400000
2026-09-20T00:58:07.190Z,88649,1019000,49990000
2026-09-20T00:58:07.190Z,42744,1801000,209000000
2026-09-20T00:58:07.190Z,89699,365000000,459000000
2026-09-20T00:58:07.190Z,59473,24670000,649300000
2026-09-20T00:58:07.190Z,27912,1483000,1696000
2026-09-20T00:58:07.190Z,32951,2208000000,3295000000
2026-09-20T00:58:07.190Z,55671,100,73990
2026-09-20T00:58:07.190Z,85968,21000000,700000000
2026-09-20T00:58:07.190Z,15028,2828000000,3704000000
2026-09-20T00:58:07.190Z,50152,,1150000000
2026-09-20T00:58:07.190Z,33033,130100,2000000
2026-09-20T00:58:07.190Z,33054,440000,2000000
2026-09-20T00:58:07.190Z,2406,90450,1200000
2026-09-20T00:58:07.190Z,91254,46290000,68000000
2026-09-20T00:58:07.190Z,37260,1151000000,1425000000
2026-09-20T00:58:07.190Z,88644,21000,93050000
2026-09-20T00:58:07.190Z,20819,6622,89000
2026-09-20T00:58:07.190Z,33018,3310000,14200000
2026-09-20T00:58:07.190Z,14854,2910000000,5675000000
2026-09-20T00:58:07.190Z,40469,,999600000
2026-09-20T00:58:07.190Z,40319,,5000000000
2026-09-20T00:58:07.190Z,40617,2877000,2877000000
2026-09-20T00:58:07.190Z,46410,0.01,5000000000
2026-09-20T00:58:07.190Z,46411,,5000000000
2026-09-20T00:58:07.190Z,56089,6003000,499300000
2026-09-20T00:58:07.190Z,33081,5739000000,7537000000
2026-09-20T00:58:07.190Z,56882,45000000,249800000
2026-09-20T00:58:07.190Z,47137,24280000,49940000
2026-09-20T00:58:07.190Z,90637,1000,188300
2026-09-20T00:58:07.190Z,55559,20010,6000000
2026-09-20T00:58:07.190Z,92792,,640000000
2026-09-20T00:58:07.190Z,82455,160000,4951000
2026-09-20T00:58:07.190Z,41048,494000,463000000
2026-09-20T00:58:07.190Z,1159,,4999000
2026-09-20T00:58:07.190Z,34769,160000,10000000
2026-09-20T00:58:07.190Z,92795,,1380000000
2026-09-20T00:58:07.190Z,92796,,1380000000
2026-09-20T00:58:07.190Z,34770,112000,10000000
2026-09-20T00:58:07.190Z,45881,,1995000
2026-09-20T00:58:07.190Z,17229,25000,15000000
2026-09-20T00:58:07.190Z,41132,,82000000
2026-09-20T00:58:07.190Z,41086,,86000000
2026-09-20T00:58:07.190Z,52431,219900000,2000000000
2026-09-20T00:58:07.190Z,56883,35080000,297500000
2026-09-20T00:58:07.190Z,53016,9300000,27500000
2026-09-20T00:58:07.190Z,44256,,3000000000
2026-09-20T00:58:07.190Z,20957,20.25,5897
2026-09-20T00:58:07.190Z,53163,,1285000000
2026-09-20T00:58:07.190Z,61192,90010000,237200000
2026-09-20T00:58:07.190Z,24636,97410000,124800000
2026-09-20T00:58:07.190Z,46248,30810000,192700000
2026-09-20T00:58:07.190Z,819,1000,21000
2026-09-20T00:58:07.190Z,45965,212000,9933000
2026-09-20T00:58:07.190Z,14441,,7987000000
2026-09-20T00:58:07.190Z,32858,10000,250000
2026-09-20T00:58:07.190Z,34773,10000,5500000
2026-09-20T00:58:07.190Z,55693,,21060
2026-09-20T00:58:07.190Z,34775,10000,7500000
2026-09-20T00:58:07.190Z,57534,26260000,147900000
2026-09-20T00:58:07.190Z,60210,36230000,218700000
2026-09-20T00:58:07.190Z,88626,40000,149700
2026-09-20T00:58:07.190Z,21360,1.28,119.8
2026-09-20T00:58:07.190Z,62470,505.5,5500
2026-09-20T00:58:07.190Z,33053,141100,4000000
2026-09-20T00:58:07.190Z,60378,520000,1000000
2026-09-20T00:58:07.190Z,16221,14780000,34990000
2026-09-20T00:58:07.190Z,15258,4132000000,5999000000
2026-09-20T00:58:07.190Z,60264,32300000,127500000
2026-09-20T00:58:07.190Z,61230,,10000000
2026-09-20T00:58:07.190Z,31965,50980000,70910000
2026-09-20T00:58:07.190Z,14459,24000000,42070000000
2026-09-20T00:58:07.190Z,64398,6005000,225000000
2026-09-20T00:58:07.190Z,3341,32000,523800
2026-09-20T00:58:07.190Z,57513,160000000,1589000000
2026-09-20T00:58:07.190Z,11890,5000,649900
2026-09-20T00:58:07.190Z,21022,,1423000000
2026-09-20T00:58:07.190Z,15072,503300,500000000
2026-09-20T00:58:07.190Z,44216,0.01,100000000
2026-09-20T00:58:07.190Z,45567,,249800000
2026-09-20T00:58:07.190Z,999,1002000000,1741000000
2026-09-20T00:58:07.190Z,52754,0.01,2495000000
2026-09-20T00:58:07.190Z,15062,633000000,2599000000
2026-09-20T00:58:07.190Z,78408,,1950000000
2026-09-20T00:58:07.190Z,93590,60000000,364200000
2026-09-20T00:58:07.190Z,3577,10000,735000
2026-09-20T00:58:07.190Z,62496,1450,2500
2026-09-20T00:58:07.190Z,2162,50000,4368000
2026-09-20T00:58:07.190Z,48503,,99900000
2026-09-20T00:58:07.190Z,79763,271000000,599900000
2026-09-20T00:58:07.190Z,45554,18810000,250000000
2026-09-20T00:58:07.190Z,48564,2036000000,7842000000
2026-09-20T00:58:07.190Z,53150,,998900000
2026-09-20T00:58:07.190Z,41442,200500000,1198000000
2026-09-20T00:58:07.190Z,80943,8100000000,27000000000
2026-09-20T00:58:07.190Z,45842,226300,7838000
2026-09-20T00:58:07.190Z,93661,90000000,559300000
2026-09-20T00:58:07.190Z,90612,2002000,17970000
2026-09-20T00:58:07.190Z,63770,1015,3000000
2026-09-20T00:58:07.190Z,24701,95100000,629500000
2026-09-20T00:58:07.190Z,79941,500100000,970000000
2026-09-20T00:58:07.190Z,45738,1102000,47960000
2026-09-20T00:58:07.190Z,94053,190000000,1867000000
2026-09-20T00:58:07.190Z,85403,340000,4991000
2026-09-20T00:58:07.190Z,11258,9999,785000
2026-09-20T00:58:07.190Z,53628,,1296000000
2026-09-20T00:58:07.190Z,93479,26040000,70000000
2026-09-20T00:58:07.190Z,46497,250000000,34970000000
2026-09-20T00:58:07.190Z,54787,,229900000
2026-09-20T00:58:07.190Z,56925,0.01,345000000
2026-09-20T00:58:07.190Z,27934,,30830000
2026-09-20T00:58:07.190Z,14445,8033000,9000000000
2026-09-20T00:58:07.190Z,62505,10010,16620
2026-09-20T00:58:07.190Z,14603,5702000000,13060000000
2026-09-20T00:58:07.190Z,3723,1630,8000
2026-09-20T00:58:07.190Z,56273,4351000,18000000
2026-09-20T00:58:07.190Z,11564,50000,1600000
2026-09-20T00:58:07.190Z,49963,2513000000,4486000000
2026-09-20T00:58:07.190Z,85688,10000000,214800000
2026-09-20T00:58:07.190Z,37893,4500,789900
2026-09-20T00:58:07.190Z,17432,4966,4976
2026-09-20T00:58:07.190Z,63209,,555500000
2026-09-20T00:58:07.190Z,45577,,1198000000
2026-09-20T00:58:07.190Z,62017,,15000000
2026-09-20T00:58:07.190Z,88896,1327000000,1640000000
2026-09-20T00:58:07.190Z,46489,1602000000,3497000000
2026-09-20T00:58:07.190Z,36355,5015000,97740000
2026-09-20T00:58:07.190Z,4018,170000000,298100000
2026-09-20T00:58:07.190Z,37863,751000000,973300000
2026-09-20T00:58:07.190Z,41458,268400000,1200000000
2026-09-20T00:58:07.190Z,33305,36070000,102700000
2026-09-20T00:58:07.190Z,31464,18110,18990000
2026-09-20T00:58:07.190Z,54902,42000000,1053000000
2026-09-20T00:58:07.190Z,36829,0.01,5025000000
2026-09-20T00:58:07.190Z,14882,496900,545000000
2026-09-20T00:58:07.190Z,52442,285000000,1880000000
2026-09-20T00:58:07.190Z,22853,397900000,23000000000
2026-09-20T00:58:07.190Z,43787,1501000,60000000
2026-09-20T00:58:07.190Z,17665,,8000000
2026-09-20T00:58:07.190Z,16234,316100000,594500000
2026-09-20T00:58:07.190Z,17677,111400,8000000
2026-09-20T00:58:07.190Z,25957,,1308000
2026-09-20T00:58:07.190Z,28418,100500,699600
2026-09-20T00:58:07.190Z,78740,2146000,4488000000
2026-09-20T00:58:07.190Z,64097,135100000,9980000000
2026-09-20T00:58:07.190Z,43723,50000000,13970000000
2026-09-20T00:58:07.190Z,47655,11740000,15000000000
2026-09-20T00:58:07.190Z,14818,124200000,550000000
2026-09-20T00:58:07.190Z,25283,134100,999900
2026-09-20T00:58:07.190Z,33714,16110000,89990000
2026-09-20T00:58:07.190Z,85035,3834000000,6383000000
2026-09-20T00:58:07.190Z,31278,,34000000
2026-09-20T00:58:07.190Z,17865,1620,3990
2026-09-20T00:58:07.190Z,31589,10020,825000
2026-09-20T00:58:07.190Z,54799,4733000,119900000
2026-09-20T00:58:07.190Z,2294,50000,1250000
2026-09-20T00:58:07.190Z,54798,11000000,299900000
2026-09-20T00:58:07.190Z,22808,75000,220000
2026-09-20T00:58:07.190Z,3350,501,205000
2026-09-20T00:58:07.190Z,93609,70010000,90000000
2026-09-20T00:58:07.190Z,20581,17510000,29980000
2026-09-20T00:58:07.190Z,11304,1755000,3665000
2026-09-20T00:58:07.190Z,3397,160000,1800000
2026-09-20T00:58:07.190Z,3430,104900,750000
2026-09-20T00:58:07.190Z,42889,296500,294100000
2026-09-20T00:58:07.190Z,50034,20000000,998000000
2026-09-20T00:58:07.190Z,46433,0.01,25000000000
2026-09-20T00:58:07.190Z,28419,22290,1650000
2026-09-20T00:58:07.190Z,41067,54160000,479900000
2026-09-20T00:58:07.190Z,46932,75000,3500000
2026-09-20T00:58:07.190Z,53595,,399000000
2026-09-20T00:58:07.190Z,28374,9000000,1054000000
2026-09-20T00:58:07.190Z,77403,0.01,799800000
2026-09-20T00:58:07.190Z,33050,110100,15000000
2026-09-20T00:58:07.190Z,14568,1022000,300000000
2026-09-20T00:58:07.190Z,15030,1665000000,5499000000
2026-09-20T00:58:07.190Z,40491,,2111000000
2026-09-20T00:58:07.190Z,88685,200100,95210000
2026-09-20T00:58:07.190Z,37859,200.4,20000000
2026-09-20T00:58:07.190Z,15004,387300,320100000
2026-09-20T00:58:07.190Z,14522,2125000000,4499000000
2026-09-20T00:58:07.190Z,40510,,999900000
2026-09-20T00:58:07.190Z,47482,510100000,5991000000
2026-09-20T00:58:07.190Z,34659,1900000,68900000
2026-09-20T00:58:07.190Z,17323,4001000,7000000
2026-09-20T00:58:07.190Z,46419,0.01,3500000000
2026-09-20T00:58:07.190Z,52321,1661000000,5998000000
2026-09-20T00:58:07.190Z,44940,5158000,49900000
2026-09-20T00:58:07.190Z,3188,53680000,119000000
2026-09-20T00:58:07.190Z,73398,1008000,14950000
2026-09-20T00:58:07.190Z,55856,3717000000,320400000000
2026-09-20T00:58:07.190Z,1128,5000,300000
2026-09-20T00:58:07.190Z,57387,3586000,233500000
2026-09-20T00:58:07.190Z,90744,8000000,40000000
2026-09-20T00:58:07.190Z,4048,581600000,1400000000
2026-09-20T00:58:07.190Z,46406,,3500000000
2026-09-20T00:58:07.190Z,54544,3151000000,11230000000
2026-09-20T00:58:07.190Z,93589,110000000,398200000
2026-09-20T00:58:07.190Z,47163,,599900000
2026-09-20T00:58:07.190Z,28424,90.24,9000
2026-09-20T00:58:07.190Z,47166,,699900000
2026-09-20T00:58:07.190Z,22765,118100,204800
2026-09-20T00:58:07.190Z,44913,16700000,25950000
2026-09-20T00:58:07.190Z,25951,24990,1500000
2026-09-20T00:58:07.190Z,47501,2315000,120000000
2026-09-20T00:58:07.190Z,36842,,5000000000
2026-09-20T00:58:07.190Z,36809,,1000000000
2026-09-20T00:58:07.190Z,3373,50040,1990000
2026-09-20T00:58:07.190Z,27309,,13000000
2026-09-20T00:58:07.190Z,26061,24990,1500000
2026-09-20T00:58:07.190Z,42562,11000000,49490000
2026-09-20T00:58:07.190Z,50158,2732000000,12280000000
2026-09-20T00:58:07.190Z,61185,58040000,289000000
2026-09-20T00:58:07.190Z,26043,24990,1500000
2026-09-20T00:58:07.190Z,76239,96000000,2000000000
2026-09-20T00:58:07.190Z,43730,50000000,13960000000
2026-09-20T00:58:07.190Z,31253,10000,1000000
2026-09-20T00:58:07.190Z,76242,360000000,3492000000
2026-09-20T00:58:07.190Z,83643,218700,2995000000
2026-09-20T00:58:07.190Z,18025,125700,523200
2026-09-20T00:58:07.190Z,34629,9506000,134900000
2026-09-20T00:58:07.190Z,54545,8133000000,18370000000
2026-09-20T00:58:07.190Z,34350,1500000000,8491000000
2026-09-20T00:58:07.190Z,25739,306.9,515000
2026-09-20T00:58:07.190Z,15274,3545000000,4500000000
2026-09-20T00:58:07.190Z,17663,,7350000
2026-09-20T00:58:07.190Z,19760,503.1,500000
2026-09-20T00:58:07.190Z,87179,6000000,8000000
2026-09-20T00:58:07.190Z,32797,20000,990000
2026-09-20T00:58:07.190Z,62375,610900000,6787000000
2026-09-20T00:58:07.190Z,16281,,999000
2026-09-20T00:58:07.190Z,26261,108700,690000
2026-09-20T00:58:07.190Z,43545,1122,2000000
2026-09-20T00:58:07.190Z,25235,1.16,490000
2026-09-20T00:58:07.190Z,16594,772600,2900000
2026-09-20T00:58:07.190Z,43785,15290000,169000000
2026-09-20T00:58:07.190Z,52557,5169000,1899000000
2026-09-20T00:58:07.190Z,93668,130000000,322400000
2026-09-20T00:58:07.190Z,30553,3027000,6900000
2026-09-20T00:58:07.190Z,33000,,310000
2026-09-20T00:58:07.190Z,3113,42250000,100000000
2026-09-20T00:58:07.190Z,59852,,842000000
2026-09-20T00:58:07.190Z,80940,612000000,2096000000
2026-09-20T00:58:07.190Z,14750,257600,317800000
2026-09-20T00:58:07.190Z,57778,30210000,547800000
2026-09-20T00:58:07.190Z,84100,721400000,2496000000
2026-09-20T00:58:07.190Z,59238,,3500000000
2026-09-20T00:58:07.190Z,46270,46160000,96160000
2026-09-20T00:58:07.190Z,48228,10880000,200000000
2026-09-20T00:58:07.190Z,36645,,2997000000
2026-09-20T00:58:07.190Z,46041,0.01,3000000000
2026-09-20T00:58:07.190Z,3317,15000,260300
2026-09-20T00:58:07.190Z,85472,45060000,50000000
2026-09-20T00:58:07.190Z,21914,256.9,529
2026-09-20T00:58:07.190Z,62513,4815,9803
2026-09-20T00:58:07.190Z,27646,20140000,79990000
2026-09-20T00:58:07.190Z,92779,,555600000
2026-09-20T00:58:07.190Z,53191,0.01,3999000000
2026-09-20T00:58:07.190Z,17248,25000000,50000000
2026-09-20T00:58:07.190Z,34744,35600000,100000000
2026-09-20T00:58:07.190Z,890,,1200000
2026-09-20T00:58:07.190Z,48551,0.01,3200000000
2026-09-20T00:58:07.190Z,60754,0.01,4028000000
2026-09-20T00:58:07.190Z,91162,1235000000,19400000000
2026-09-20T00:58:07.190Z,48214,0.01,14400000000
2026-09-20T00:58:07.190Z,31308,40190000,349900000
2026-09-20T00:58:07.190Z,82396,80000,4499000
2026-09-20T00:58:07.190Z,56911,,379000000
2026-09-20T00:58:07.190Z,34699,,820200000
2026-09-20T00:58:07.190Z,14524,9300000,625400000
2026-09-20T00:58:07.190Z,11584,40010,84990
2026-09-20T00:58:07.190Z,61222,,9000000
2026-09-20T00:58:07.190Z,23537,,8200000
2026-09-20T00:58:07.190Z,83579,13260000,45000000
2026-09-20T00:58:07.190Z,59854,,2500000000
2026-09-20T00:58:07.190Z,46153,,19000000
2026-09-20T00:58:07.190Z,90056,,9990000
2026-09-20T00:58:07.190Z,59470,0.01,348900000
2026-09-20T00:58:07.190Z,50142,,152200000
2026-09-20T00:58:07.190Z,42878,,10000000
2026-09-20T00:58:07.190Z,42884,250000,10000000
2026-09-20T00:58:07.190Z,42885,500000,10000000
2026-09-20T00:58:07.190Z,88262,2689000,2988000000
2026-09-20T00:58:07.190Z,996,133700,1339000000
2026-09-20T00:58:07.190Z,17483,4009000,19130000
2026-09-20T00:58:07.190Z,62468,255.6,1450
2026-09-20T00:58:07.190Z,2296,10000,850000
2026-09-20T00:58:07.190Z,91116,700000000,4900000000
2026-09-20T00:58:07.190Z,60374,,20990000
2026-09-20T00:58:07.190Z,42625,148000000,6660000000
2026-09-20T00:58:07.190Z,46686,23.02,
2026-09-20T00:58:07.190Z,87801,6500000,
2026-09-20T00:58:07.190Z,15815,20000000,
2026-09-20T00:58:07.190Z,43702,31060,
2026-09-20T00:58:07.190Z,32957,5558000000,
2026-09-20T00:58:07.190Z,33675,300000000,
2026-09-20T00:58:07.190Z,78414,5222000,
2026-09-20T00:58:07.190Z,16185,2136,
2026-09-20T00:58:07.190Z,76243,65000000,
2026-09-20T00:58:07.190Z,15873,1670000,
2026-09-20T00:58:07.190Z,15136,1509000000,
2026-09-20T00:58:07.190Z,36390,320000000,
2026-09-20T00:58:07.190Z,76249,90000000,
2026-09-20T00:58:07.190Z,17240,25500000,
2026-09-20T00:58:07.190Z,3273,140200,
2026-09-20T00:58:07.190Z,91412,5000000,
2026-09-20T00:58:07.190Z,3254,3540000,
2026-09-20T00:58:07.190Z,42231,50700000,
2026-09-20T00:58:07.190Z,76237,90000000,
2026-09-20T00:58:07.190Z,18655,450,
2026-09-20T00:58:07.190Z,90664,263400000,
2026-09-20T00:58:07.190Z,3731,110100,
2026-09-20T00:58:07.190Z,91127,640000000,
2026-09-20T00:58:07.190Z,37057,20180000,
2026-09-20T00:58:07.190Z,91629,84040000,
2026-09-20T00:58:07.190Z,94136,38740000,
2026-09-20T00:58:07.190Z,58870,52000,
2026-09-20T00:58:07.190Z,91619,3000000,
2026-09-20T00:58:07.190Z,94132,42540000,
2026-09-20T00:58:07.190Z,53022,2455000000,
2026-09-20T00:58:07.190Z,83584,2387000,
2026-09-20T00:58:07.190Z,19726,2096000000,
2026-09-20T00:58:07.190Z,45852,5018000,
2026-09-20T00:58:07.190Z,74526,10000,
2026-09-20T00:58:07.190Z,74527,10000,
2026-09-20T00:58:07.190Z,4123,13100000,
2026-09-20T00:58:07.190Z,24483,1958000000,
2026-09-20T00:58:07.190Z,94121,50900000,
2026-09-20T00:58:07.190Z,94126,51100000,
2026-09-20T00:58:07.190Z,17667,2004000,
2026-09-20T00:58:07.190Z,89945,30210000,
2026-09-20T00:58:07.190Z,47074,83660000,
2026-09-20T00:58:07.190Z,85651,68050000,
2026-09-20T00:58:07.190Z,94143,500000000,
2026-09-20T00:58:07.190Z,89268,1000000000,
2026-09-20T00:58:07.190Z,96047,110100000,
2026-09-20T00:58:07.190Z,96048,85010000,
2026-09-20T00:58:07.190Z,96046,80010000,
2026-09-20T00:58:07.190Z,17466,5462,
2026-09-20T00:58:07.190Z,36966,638100000,
2026-09-20T00:58:07.190Z,83583,7068000,
2026-09-20T00:58:07.190Z,91125,275000000,
2026-09-20T00:58:07.190Z,91149,340000000,
2026-09-20T00:58:07.190Z,94141,350600000,
2026-09-20T00:58:07.190Z,41457,372600000,
2026-09-20T00:58:07.190Z,11572,25460,
2026-09-20T00:58:07.190Z,28563,96600000,
2026-09-20T00:58:07.190Z,94134,36370000,
2026-09-20T00:58:07.190Z,93701,140000000,
2026-09-20T00:58:07.190Z,76247,90000000,
2026-09-20T00:58:07.190Z,76235,70000000,
2026-09-20T00:58:07.190Z,94130,44230000,
2026-09-20T00:58:07.190Z,87618,80430000,
2026-09-20T00:58:07.190Z,71734,511900000,
2026-09-20T00:58:07.190Z,75280,240.6,
2026-09-20T00:58:07.190Z,75281,250.6,
2026-09-20T00:58:07.190Z,75288,3600,
2026-09-20T00:58:07.190Z,48733,51620000,
2026-09-20T00:58:07.190Z,15266,1462000000,
2026-09-20T00:58:07.190Z,91169,710000000,
2026-09-20T00:58:07.190Z,15046,4377000000,
2026-09-20T00:58:07.190Z,64595,6099000,
2026-09-20T00:58:07.190Z,63749,4625000000,
2026-09-20T00:58:07.190Z,78862,26230000,
2026-09-20T00:58:07.190Z,62469,110,
2026-09-20T00:58:07.190Z,46407,27150000,
2026-09-20T00:58:07.190Z,27236,850600,
2026-09-20T00:58:07.190Z,28426,44.54,
2026-09-20T00:58:07.190Z,91167,6522000,
2026-09-20T00:58:07.190Z,88204,1006,
2026-09-20T00:58:07.190Z,47684,10110000,
2026-09-20T00:58:07.190Z,90040,300000,
2026-09-20T00:58:07.190Z,55719,1000000000,
2026-09-20T00:58:07.190Z,18055,130600,
2026-09-20T00:58:07.190Z,55721,0.03,
2026-09-20T00:58:07.190Z,16184,1994,
2026-09-20T00:58:07.190Z,91630,3000000,
2026-09-20T00:58:07.190Z,56270,406000000,
2026-09-20T00:58:07.190Z,12109,100100,
2026-09-20T00:58:07.190Z,45647,18100000,
2026-09-20T00:58:07.190Z,33517,100100,
2026-09-20T00:58:07.190Z,84111,240000000,
2026-09-20T00:58:07.190Z,84101,70000000,
2026-09-20T00:58:07.190Z,36430,5.17,
2026-09-20T00:58:07.190Z,57078,110000,
2026-09-20T00:58:07.190Z,46704,201600,
2026-09-20T00:58:07.190Z,50069,105300000,
2026-09-20T00:58:07.190Z,16186,2890,
2026-09-20T00:58:07.190Z,37799,500100,
2026-09-20T00:58:07.190Z,56627,6500,
2026-09-20T00:58:07.190Z,46291,10000,
2026-09-20T00:58:07.190Z,48853,1311000,
2026-09-20T00:58:07.190Z,11886,0.01,
2026-09-20T00:58:07.190Z,94012,243400000,
2026-09-20T00:58:07.190Z,36497,850100000,
2026-09-20T00:58:07.190Z,49925,1227000,
2026-09-20T00:58:07.190Z,36977,1112000000,
2026-09-20T00:58:07.190Z,36978,1724000000,
2026-09-20T00:58:07.190Z,16266,1,
2026-09-20T00:58:07.190Z,28401,179.4,
2026-09-20T00:58:07.190Z,15250,2757000000,
2026-09-20T00:58:07.190Z,48554,14480000,
2026-09-20T00:58:07.190Z,91163,135200000,
2026-09-20T00:58:07.190Z,46547,180000000,
2026-09-20T00:58:07.190Z,88175,1,
2026-09-20T00:58:07.190Z,17978,1,
2026-09-20T00:58:07.190Z,28879,701200,
2026-09-20T00:58:07.190Z,88206,10020,
2026-09-20T00:58:07.190Z,15008,139700000,
2026-09-20T00:58:07.190Z,92664,592000000,
2026-09-20T00:58:07.190Z,893,13900,
2026-09-20T00:58:07.190Z,52397,1490000,
2026-09-20T00:58:07.190Z,41502,52870000,
2026-09-20T00:58:07.190Z,58793,250000000,
2026-09-20T00:58:07.190Z,15044,4463000000,
2026-09-20T00:58:07.190Z,40594,1,
2026-09-20T00:58:07.190Z,17271,150000000,
2026-09-20T00:58:07.190Z,48757,333100,
2026-09-20T00:58:07.190Z,14198,2525000,
2026-09-20T00:58:07.190Z,26041,10,
2026-09-20T00:58:07.190Z,37587,50030000,
2026-09-20T00:58:07.190Z,52755,90100000,
2026-09-20T00:58:07.190Z,84967,5501000,
2026-09-20T00:58:07.190Z,91639,1500000,
2026-09-20T00:58:07.190Z,50140,175100000,
2026-09-20T00:58:07.190Z,14449,1734000,
2026-09-20T00:58:07.190Z,16183,1895,
2026-09-20T00:58:07.190Z,4131,10000000,
2026-09-20T00:58:07.190Z,56600,3000000,
2026-09-20T00:58:07.190Z,92565,62.13,
2026-09-20T00:58:07.190Z,84104,110000000,
2026-09-20T00:58:07.190Z,84110,200000000,
2026-09-20T00:58:07.190Z,44204,56110000,
2026-09-20T00:58:07.190Z,31483,0.02,
2026-09-20T00:58:07.190Z,14896,67,
2026-09-20T00:58:07.190Z,44212,101,
2026-09-20T00:58:07.190Z,55723,29990000,
2026-09-20T00:58:07.190Z,17542,1100,
2026-09-20T00:58:07.190Z,17540,1100,
2026-09-20T00:58:07.190Z,17538,1100,
2026-09-20T00:58:07.190Z,17544,1100,
2026-09-20T00:58:07.190Z,31423,0.02,
2026-09-20T00:58:07.190Z,85027,850000000,
2026-09-20T00:58:07.190Z,3277,0.01,
