timestamp,type_id,best_buy,best_sell
2026-09-17T01:17:51.653Z,62404,18800,21250
2026-09-17T01:17:51.653Z,12529,27380000,32850000
2026-09-17T01:17:51.653Z,25614,85000,85020
2026-09-17T01:17:51.653Z,52224,3623000,4293000
2026-09-17T01:17:51.653Z,3111,14610000,53900000
2026-09-17T01:17:51.653Z,37613,188800000,292300000
2026-09-17T01:17:51.653Z,3689,9969,10300
2026-09-17T01:17:51.653Z,12038,16640000,17150000
2026-09-17T01:17:51.653Z,45996,2483000,9798000
2026-09-17T01:17:51.653Z,12058,1877000,2010000
2026-09-17T01:17:51.653Z,62521,20.27,22
2026-09-17T01:17:51.653Z,3651,9,90
2026-09-17T01:17:51.653Z,16242,987200,1155000
2026-09-17T01:17:51.653Z,29988,214600000,224500000
2026-09-17T01:17:51.653Z,14033,259000,747600
2026-09-17T01:17:51.653Z,57733,10000000,17100000
2026-09-17T01:17:51.653Z,62403,5635,6590
2026-09-17T01:17:51.653Z,61533,100000,740000
2026-09-17T01:17:51.653Z,40362,9995000,19340000
2026-09-17T01:17:51.653Z,35962,1195000,12370000
2026-09-17T01:17:51.653Z,2389,555.2,569
2026-09-17T01:17:51.653Z,21955,27090000,111400000
2026-09-17T01:17:51.653Z,1403,12500,14990
2026-09-17T01:17:51.653Z,3831,443000,464000
2026-09-17T01:17:51.653Z,3888,791000,845500
2026-09-17T01:17:51.653Z,17795,163900,400100
2026-09-17T01:17:51.653Z,33573,449.1,449.2
2026-09-17T01:17:51.653Z,14767,55000000000,128900000000
2026-09-17T01:17:51.653Z,55621,20000,290000
2026-09-17T01:17:51.653Z,20420,88390,97880
2026-09-17T01:17:51.653Z,43898,,5037000
2026-09-17T01:17:51.653Z,37295,125000000,172000000
2026-09-17T01:17:51.653Z,40354,32460000,39250000
2026-09-17T01:17:51.653Z,57079,810.3,689400
2026-09-17T01:17:51.653Z,47930,1100,1225
2026-09-17T01:17:51.653Z,44897,11000000,38900000
2026-09-17T01:17:51.653Z,16652,47500,50950
2026-09-17T01:17:51.653Z,22428,760000000,813900000
2026-09-17T01:17:51.653Z,27513,1166,1396
2026-09-17T01:17:51.653Z,60662,120000,1200000
2026-09-17T01:17:51.653Z,58823,710600000,1796000000
2026-09-17T01:17:51.653Z,87572,1721000000,1927000000
2026-09-17T01:17:51.653Z,2301,1263000,1386000
2026-09-17T01:17:51.653Z,85086,406300000,428300000
2026-09-17T01:17:51.653Z,25625,835000,871700
2026-09-17T01:17:51.653Z,19189,108600000,136400000
2026-09-17T01:17:51.653Z,58919,28710,37950
2026-09-17T01:17:51.653Z,14090,69420,205100
2026-09-17T01:17:51.653Z,16303,61440,92080
2026-09-17T01:17:51.653Z,17243,1600,15990
2026-09-17T01:17:51.653Z,37,153.4,164.8
2026-09-17T01:17:51.653Z,2366,102400,117600
2026-09-17T01:17:51.653Z,46812,2600000,5375000
2026-09-17T01:17:51.653Z,85515,8403000,16000000
2026-09-17T01:17:51.653Z,26344,,3678000
2026-09-17T01:17:51.653Z,14704,255300000,495000000
2026-09-17T01:17:51.653Z,33702,172300000,183800000
2026-09-17T01:17:51.653Z,12537,3839000,4090000
2026-09-17T01:17:51.653Z,603,102000,102100
2026-09-17T01:17:51.653Z,47886,600,789.4
2026-09-17T01:17:51.653Z,18668,75110000,83920000
2026-09-17T01:17:51.653Z,597,317300,435100
2026-09-17T01:17:51.653Z,49774,25330000,30640000
2026-09-17T01:17:51.653Z,92384,135600000,378000000
2026-09-17T01:17:51.653Z,57459,100000,416000
2026-09-17T01:17:51.653Z,20621,596500,994800
2026-09-17T01:17:51.653Z,27255,401000,779900
2026-09-17T01:17:51.653Z,14174,11920000,12740000
2026-09-17T01:17:51.653Z,16375,295200,325000
2026-09-17T01:17:51.653Z,78776,101000,489700
2026-09-17T01:17:51.653Z,35661,539500,565800
2026-09-17T01:17:51.653Z,31894,2602000,3043000
2026-09-17T01:17:51.653Z,8101,15000,16950
2026-09-17T01:17:51.653Z,22122,163300000,190000000
2026-09-17T01:17:51.653Z,52410,106.1,319900
2026-09-17T01:17:51.653Z,54396,615300000,736600000
2026-09-17T01:17:51.653Z,18676,87010000,93340000
2026-09-17T01:17:51.653Z,46369,95340,203700
2026-09-17T01:17:51.653Z,27092,406100,549900
2026-09-17T01:17:51.653Z,32458,7259000,564100000
2026-09-17T01:17:51.653Z,90699,,89630
2026-09-17T01:17:51.653Z,15635,1225,97000
2026-09-17T01:17:51.653Z,97199,17390000,52900000
2026-09-17T01:17:51.653Z,31932,30600000,32680000
2026-09-17T01:17:51.653Z,19015,19160000,21100000
2026-09-17T01:17:51.653Z,19071,501,149800
2026-09-17T01:17:51.653Z,20959,14000,29000
2026-09-17T01:17:51.653Z,81083,43490000,47580000
2026-09-17T01:17:51.653Z,19196,281800000,498200000
2026-09-17T01:17:51.653Z,44890,1317000,14900000
2026-09-17T01:17:51.653Z,3949,790600,1128000
2026-09-17T01:17:51.653Z,43823,340000000,649000000
2026-09-17T01:17:51.653Z,20843,820000,2488000
2026-09-17T01:17:51.653Z,44102,2975000,4775000
2026-09-17T01:17:51.653Z,52554,500600000,689600000
2026-09-17T01:17:51.653Z,16667,25500,30270
2026-09-17T01:17:51.653Z,42559,15000000,44880000
2026-09-17T01:17:51.653Z,25530,79000000,90210000
2026-09-17T01:17:51.653Z,49728,5233000,5732000
2026-09-17T01:17:51.653Z,43825,262000000,398500000
2026-09-17T01:17:51.653Z,31504,0.02,978900
2026-09-17T01:17:51.653Z,826,10080,2000000
2026-09-17T01:17:51.653Z,15826,7586000,17320000
2026-09-17T01:17:51.653Z,41238,43530000,53630000
2026-09-17T01:17:51.653Z,85521,505700000,695200000
2026-09-17T01:17:51.653Z,639,141800000,152400000
2026-09-17T01:17:51.653Z,83473,2542000,2680000
2026-09-17T01:17:51.653Z,47765,17860,23140
2026-09-17T01:17:51.653Z,13969,188400000,194700000
2026-09-17T01:17:51.653Z,78796,500000,1996000
2026-09-17T01:17:51.653Z,14003,10610000,12300000
2026-09-17T01:17:51.653Z,58864,118000,9466000
2026-09-17T01:17:51.653Z,21484,38920000,57940000
2026-09-17T01:17:51.653Z,19051,28690000,31030000
2026-09-17T01:17:51.653Z,11441,28280,450000
2026-09-17T01:17:51.653Z,81349,20,38.97
2026-09-17T01:17:51.653Z,828,100,2628000
2026-09-17T01:17:51.653Z,29101,61400,897600
2026-09-17T01:17:51.653Z,33468,84610000,89460000
2026-09-17T01:17:51.653Z,29990,220600000,236500000
2026-09-17T01:17:51.653Z,2367,115700,121200
2026-09-17T01:17:51.653Z,59337,70590000,324900000
2026-09-17T01:17:51.653Z,47904,49790,57900
2026-09-17T01:17:51.653Z,31552,,831400
2026-09-17T01:17:51.653Z,54397,841200000,1111000000
2026-09-17T01:17:51.653Z,14047,9917000,10960000
2026-09-17T01:17:51.653Z,34575,922600,1042000
2026-09-17T01:17:51.653Z,9415,100000,146900
2026-09-17T01:17:51.653Z,3655,1491000,2039000
2026-09-17T01:17:51.653Z,94157,3002000,5698000
2026-09-17T01:17:51.653Z,80815,321700000,1090000000
2026-09-17T01:17:51.653Z,60922,1427000,9794000
2026-09-17T01:17:51.653Z,638,148200000,158000000
2026-09-17T01:17:51.653Z,232,31,37.89
2026-09-17T01:17:51.653Z,73369,200000,750000
2026-09-17T01:17:51.653Z,23659,,2486
2026-09-17T01:17:51.653Z,6073,17320,18970
2026-09-17T01:17:51.653Z,25711,21770,21780
2026-09-17T01:17:51.653Z,31962,16130000,21720000
2026-09-17T01:17:51.653Z,29067,352900,795100
2026-09-17T01:17:51.653Z,88709,1650000000,2200000000
2026-09-17T01:17:51.653Z,2333,357400,600000
2026-09-17T01:17:51.653Z,85488,1012000,21960000
2026-09-17T01:17:51.653Z,73371,100000,900000
2026-09-17T01:17:51.653Z,8115,21550,21560
2026-09-17T01:17:51.653Z,46888,552.4,2859000
2026-09-17T01:17:51.653Z,58880,2500000,6985000
2026-09-17T01:17:51.653Z,20414,92160,98950
2026-09-17T01:17:51.653Z,87836,260300,4559000
2026-09-17T01:17:51.653Z,74147,433300,5635000
2026-09-17T01:17:51.653Z,52236,190300000,317800000
2026-09-17T01:17:51.653Z,42209,347700000,403100000
2026-09-17T01:17:51.653Z,53291,146700000,191800000
2026-09-17T01:17:51.653Z,14250,56340000,62990000
2026-09-17T01:17:51.653Z,17868,96.27,112
2026-09-17T01:17:51.653Z,32325,9500000,19330000
2026-09-17T01:17:51.653Z,62530,31.25,37.49
2026-09-17T01:17:51.653Z,55831,564200,576200
2026-09-17T01:17:51.653Z,28796,80140000,99890000
2026-09-17T01:17:51.653Z,28606,855000000,1172000000
2026-09-17T01:17:51.653Z,31928,12200000,13040000
2026-09-17T01:17:51.653Z,5599,23660,36850
2026-09-17T01:17:51.653Z,27778,3852000,29000000
2026-09-17T01:17:51.653Z,33894,1846000,2051000
2026-09-17T01:17:51.653Z,28436,282500,325600
2026-09-17T01:17:51.653Z,19198,495400000,524800000
2026-09-17T01:17:51.653Z,45485,60050000,323900000
2026-09-17T01:17:51.653Z,14206,138300000,152000000
2026-09-17T01:17:51.653Z,28659,910000000,976000000
2026-09-17T01:17:51.653Z,25611,105800,115300
2026-09-17T01:17:51.653Z,43497,240000,1399000
2026-09-17T01:17:51.653Z,78919,1512000000,6743000000
2026-09-17T01:17:51.653Z,203,157.2,176.5
2026-09-17T01:17:51.653Z,41263,20.12,64
2026-09-17T01:17:51.653Z,35,16.02,17.23
2026-09-17T01:17:51.653Z,22177,30000,44690
2026-09-17T01:17:51.653Z,16357,207500,222200
2026-09-17T01:17:51.653Z,31045,,368500
2026-09-17T01:17:51.653Z,31955,19100000,23510000
2026-09-17T01:17:51.653Z,2870,1062000,1110000
2026-09-17T01:17:51.653Z,1405,276600,307000
2026-09-17T01:17:51.653Z,11105,178100,201100
2026-09-17T01:17:51.653Z,62518,11.39,13
2026-09-17T01:17:51.653Z,9491,538100,538200
2026-09-17T01:17:51.653Z,63858,615300,4797000
2026-09-17T01:17:51.653Z,30999,1113000,1572000
2026-09-17T01:17:51.653Z,7787,370200,439900
2026-09-17T01:17:51.653Z,54733,1021000000,1188000000
2026-09-17T01:17:51.653Z,28799,495000000,589000000
2026-09-17T01:17:51.653Z,56068,6985000,7800000
2026-09-17T01:17:51.653Z,16274,687,710
2026-09-17T01:17:51.653Z,35662,508700,566000
2026-09-17T01:17:51.653Z,25597,497.2,497.3
2026-09-17T01:17:51.653Z,16273,94.02,99.44
2026-09-17T01:17:51.653Z,19810,9000,18000
2026-09-17T01:17:51.653Z,20969,103.2,4017
2026-09-17T01:17:51.653Z,78789,100000,1100000
2026-09-17T01:17:51.653Z,33359,9774,9972
2026-09-17T01:17:51.653Z,47821,12670,149600
2026-09-17T01:17:51.653Z,23011,416.3,467
2026-09-17T01:17:51.653Z,85774,140000,299900
2026-09-17T01:17:51.653Z,25868,5188000000,7899000000
2026-09-17T01:17:51.653Z,47923,57660000,62670000
2026-09-17T01:17:51.653Z,48430,4006000,12950000
2026-09-17T01:17:51.653Z,25591,65110,65120
2026-09-17T01:17:51.653Z,16633,369.5,379.8
2026-09-17T01:17:51.653Z,3217,500100,7485000
2026-09-17T01:17:51.653Z,17317,48960,56340
2026-09-17T01:17:51.653Z,13820,129700,899900
2026-09-17T01:17:51.653Z,94139,60000,294800
2026-09-17T01:17:51.653Z,85935,2001000,8998000
2026-09-17T01:17:51.653Z,40584,570800,1056000
2026-09-17T01:17:51.653Z,33361,13010,13590
2026-09-17T01:17:51.653Z,24507,340,429
2026-09-17T01:17:51.653Z,41330,953300,1201000
2026-09-17T01:17:51.653Z,18660,78530000,83000000
2026-09-17T01:17:51.653Z,34483,78460000,86340000
2026-09-17T01:17:51.653Z,54293,21190,25970
2026-09-17T01:17:51.653Z,43496,260100,2399000
2026-09-17T01:17:51.653Z,85776,80000,116700
2026-09-17T01:17:51.653Z,31734,200400,1020000
2026-09-17T01:17:51.653Z,76160,700700,17700000
2026-09-17T01:17:51.653Z,76158,276200,9999000
2026-09-17T01:17:51.653Z,24547,19560000,22410000
2026-09-17T01:17:51.653Z,15625,4500,4501
2026-09-17T01:17:51.653Z,74150,156900,9586000
2026-09-17T01:17:51.653Z,16238,524900,574300
2026-09-17T01:17:51.653Z,82454,200000,999900
2026-09-17T01:17:51.653Z,204,190.4,197.3
2026-09-17T01:17:51.653Z,32058,5000,225000
2026-09-17T01:17:51.653Z,53705,137900000,150800000
2026-09-17T01:17:51.653Z,56709,121600,238800
2026-09-17T01:17:51.653Z,31087,129000,40000000
2026-09-17T01:17:51.653Z,94160,11610000,11640000
2026-09-17T01:17:51.653Z,31183,960000,1004000
2026-09-17T01:17:51.653Z,16635,232.1,257.9
2026-09-17T01:17:51.653Z,16230,350000000,618700000
2026-09-17T01:17:51.653Z,33552,248000000,1196000000
2026-09-17T01:17:51.653Z,94142,41000,41010
2026-09-17T01:17:51.653Z,57013,568800,4982000
2026-09-17T01:17:51.653Z,83346,300000,1665000
2026-09-17T01:17:51.653Z,25599,520.3,520.4
2026-09-17T01:17:51.653Z,44155,25000,2899000
2026-09-17T01:17:51.653Z,12003,121000000,132200000
2026-09-17T01:17:51.653Z,9808,464500,484500
2026-09-17T01:17:51.653Z,58877,290000,1950000
2026-09-17T01:17:51.653Z,22127,100400000,110500000
2026-09-17T01:17:51.653Z,93659,10000,53020000
2026-09-17T01:17:51.653Z,62581,6502,11330
2026-09-17T01:17:51.653Z,19047,11100000,22900000
2026-09-17T01:17:51.653Z,14297,3383000,3995000
2026-09-17T01:17:51.653Z,53704,117200000,127800000
2026-09-17T01:17:51.653Z,8639,355700,396300
2026-09-17T01:17:51.653Z,53307,8604000,74900000
2026-09-17T01:17:51.653Z,629,8538000,10100000
2026-09-17T01:17:51.653Z,2396,321.2,337.8
2026-09-17T01:17:51.653Z,8521,383500,440300
2026-09-17T01:17:51.653Z,28694,88520,93770
2026-09-17T01:17:51.653Z,44154,33000,1465000
2026-09-17T01:17:51.653Z,16497,350300,456000
2026-09-17T01:17:51.653Z,49710,25020000,26680000
2026-09-17T01:17:51.653Z,60473,30990000,34440000
2026-09-17T01:17:51.653Z,23140,11120,282800
2026-09-17T01:17:51.653Z,89697,20020,11630000
2026-09-17T01:17:51.653Z,47933,784.3,938.5
2026-09-17T01:17:51.653Z,57447,876200,939400
2026-09-17T01:17:51.653Z,20965,74.11,425
2026-09-17T01:17:51.653Z,11381,17360000,18860000
2026-09-17T01:17:51.653Z,79609,21000000,49900000
2026-09-17T01:17:51.653Z,13805,20400000,35500000
2026-09-17T01:17:51.653Z,93072,58020000,90000000
2026-09-17T01:17:51.653Z,19931,7502,21050
2026-09-17T01:17:51.653Z,25538,8584000,10910000
2026-09-17T01:17:51.653Z,57813,21000000,170000000
2026-09-17T01:17:51.653Z,41214,27150000,27180000
2026-09-17T01:17:51.653Z,25606,9910,10720
2026-09-17T01:17:51.653Z,45581,22510000,312500000
2026-09-17T01:17:51.653Z,11327,550000,589000
2026-09-17T01:17:51.653Z,42746,16000,299000
2026-09-17T01:17:51.653Z,33149,15330000,18970000
2026-09-17T01:17:51.653Z,41585,793000000,1082000000
2026-09-17T01:17:51.653Z,44941,1110000,9875000
2026-09-17T01:17:51.653Z,15593,100000,109800
2026-09-17T01:17:51.653Z,2889,473800,527500
2026-09-17T01:17:51.653Z,14299,3533000,3926000
2026-09-17T01:17:51.653Z,31282,12110000,14380000
2026-09-17T01:17:51.653Z,53707,276100000,298500000
2026-09-17T01:17:51.653Z,43801,1000000,40000000
2026-09-17T01:17:51.653Z,28298,557800,649800
2026-09-17T01:17:51.653Z,11554,48090,50690
2026-09-17T01:17:51.653Z,3434,606,6000
2026-09-17T01:17:51.653Z,28203,502000,605000
2026-09-17T01:17:51.653Z,47297,22540000,30920000
2026-09-17T01:17:51.653Z,4959,8485000,12840000
2026-09-17T01:17:51.653Z,54914,216300000,898900000
2026-09-17T01:17:51.653Z,60909,2100000,17000000
2026-09-17T01:17:51.653Z,12084,8261000,9540000
2026-09-17T01:17:51.653Z,31027,1005000,4749000
2026-09-17T01:17:51.653Z,88133,2251000,3345000
2026-09-17T01:17:51.653Z,30259,17310,22880
2026-09-17T01:17:51.653Z,19253,10580000,15580000
2026-09-17T01:17:51.653Z,3898,25910000,27690000
2026-09-17T01:17:51.653Z,19689,95000000,109700000
2026-09-17T01:17:51.653Z,582,135000,154300
2026-09-17T01:17:51.653Z,97198,500200000,1991000000
2026-09-17T01:17:51.653Z,93924,200000,200100
2026-09-17T01:17:51.653Z,12543,42390,179800
2026-09-17T01:17:51.653Z,33539,404300,459800
2026-09-17T01:17:51.653Z,85308,180000,889400
2026-09-17T01:17:51.653Z,23031,614.1,714
2026-09-17T01:17:51.653Z,35660,7370,10390
2026-09-17T01:17:51.653Z,45569,125000,145900000
2026-09-17T01:17:51.653Z,20306,86.1,98.99
2026-09-17T01:17:51.653Z,25624,1651000,1731000
2026-09-17T01:17:51.653Z,35925,50180000,58770000
2026-09-17T01:17:51.653Z,47302,7000,15990
2026-09-17T01:17:51.653Z,5093,6197,6997
2026-09-17T01:17:51.653Z,23821,8585000,42000000
2026-09-17T01:17:51.653Z,23155,837800,2222000
2026-09-17T01:17:51.653Z,13246,7100000,9852000
2026-09-17T01:17:51.653Z,44942,1164000,18480000
2026-09-17T01:17:51.653Z,53042,40300000,80000000
2026-09-17T01:17:51.653Z,31712,2346000,5477000
2026-09-17T01:17:51.653Z,14172,8535000,13490000
2026-09-17T01:17:51.653Z,19744,1577000,2235000
2026-09-17T01:17:51.653Z,42717,10010,4064000
2026-09-17T01:17:51.653Z,2867,1794000,1904000
2026-09-17T01:17:51.653Z,34294,21320000,23320000
2026-09-17T01:17:51.653Z,651,2313000,2450000
2026-09-17T01:17:51.653Z,79872,261000000,1300000000
2026-09-17T01:17:51.653Z,263,68.1,185.8
2026-09-17T01:17:51.653Z,14116,54260000,57980000
2026-09-17T01:17:51.653Z,14130,5514000,6692000
2026-09-17T01:17:51.653Z,31820,27330000,29840000
2026-09-17T01:17:51.653Z,42890,185000000,216300000
2026-09-17T01:17:51.653Z,31802,1123000,1277000
2026-09-17T01:17:51.653Z,31706,100.1,233200
2026-09-17T01:17:51.653Z,8789,522000,663500
2026-09-17T01:17:51.653Z,33975,141400000,158600000
2026-09-17T01:17:51.653Z,19187,61880000,66950000
2026-09-17T01:17:51.653Z,33919,20380000,50300000
2026-09-17T01:17:51.653Z,33953,19210000,27960000
2026-09-17T01:17:51.653Z,33966,2186000,4000000
2026-09-17T01:17:51.653Z,53152,301600,947600
2026-09-17T01:17:51.653Z,16537,11860000,14630000
2026-09-17T01:17:51.653Z,18865,55240000,63260000
2026-09-17T01:17:51.653Z,13953,23340000,28430000
2026-09-17T01:17:51.653Z,28746,60050000,69760000
2026-09-17T01:17:51.653Z,26448,65310000,75920000
2026-09-17T01:17:51.653Z,14268,149700000,167900000
2026-09-17T01:17:51.653Z,21013,12680000,13800000
2026-09-17T01:17:51.653Z,46316,3085,999800
2026-09-17T01:17:51.653Z,12259,3418000,3746000
2026-09-17T01:17:51.653Z,11396,19320,26680
2026-09-17T01:17:51.653Z,13943,125700000,154900000
2026-09-17T01:17:51.653Z,47889,2257000,2620000
2026-09-17T01:17:51.653Z,56796,210000,1180000
2026-09-17T01:17:51.653Z,13891,6123000,23240000
2026-09-17T01:17:51.653Z,54291,112400,190200
2026-09-17T01:17:51.653Z,49746,155800,448900
2026-09-17T01:17:51.653Z,92039,4006000,4498000
2026-09-17T01:17:51.653Z,85754,672000,4698000
2026-09-17T01:17:51.653Z,58767,4.01,554700
2026-09-17T01:17:51.653Z,90522,330600,498200
2026-09-17T01:17:51.653Z,16535,568200,692600
2026-09-17T01:17:51.653Z,59853,0.01,498000000
2026-09-17T01:17:51.653Z,2291,67250,256600
2026-09-17T01:17:51.653Z,47888,35850,43750
2026-09-17T01:17:51.653Z,34755,32560000,120000000
2026-09-17T01:17:51.653Z,48735,2002000000,150100000000
2026-09-17T01:17:51.653Z,18877,31010000,52520000
2026-09-17T01:17:51.653Z,15725,1074000,2883000
2026-09-17T01:17:51.653Z,202,280,287.3
2026-09-17T01:17:51.653Z,62405,54580,58850
2026-09-17T01:17:51.653Z,41224,75120000,166900000
2026-09-17T01:17:51.653Z,93593,3507000,4989000
2026-09-17T01:17:51.653Z,15729,43360000,48400000
2026-09-17T01:17:51.653Z,15480,3251000,4183000
2026-09-17T01:17:51.653Z,8419,18620,28060
2026-09-17T01:17:51.653Z,20004,207.8,699.9
2026-09-17T01:17:51.653Z,27238,21200000,24260000
2026-09-17T01:17:51.653Z,57451,17180000,18870000
2026-09-17T01:17:51.653Z,79733,10010,3000000
2026-09-17T01:17:51.653Z,31724,2301000,2715000
2026-09-17T01:17:51.653Z,12032,15790000,17100000
2026-09-17T01:17:51.653Z,43819,21000000,219900000
2026-09-17T01:17:51.653Z,10225,16680000,17990000
2026-09-17T01:17:51.653Z,53598,3600000,89450000
2026-09-17T01:17:51.653Z,9728,430000,476000
2026-09-17T01:17:51.653Z,31546,7510000,32750000
2026-09-17T01:17:51.653Z,47700,85720000,99450000
2026-09-17T01:17:51.653Z,79727,859000,7110000
2026-09-17T01:17:51.653Z,85233,1004000,8499000
2026-09-17T01:17:51.653Z,19111,27100000,31390000
2026-09-17T01:17:51.653Z,73367,101000,1199000
2026-09-17T01:17:51.653Z,16449,36000,95990
2026-09-17T01:17:51.653Z,5839,1563000,1689000
2026-09-17T01:17:51.653Z,49729,20190000,21470000
2026-09-17T01:17:51.653Z,35658,44380,50840
2026-09-17T01:17:51.653Z,43817,11000000,169900000
2026-09-17T01:17:51.653Z,17887,586,615.9
2026-09-17T01:17:51.653Z,92469,1610000,2003000
2026-09-17T01:17:51.653Z,27345,1833,1963
2026-09-17T01:17:51.653Z,21815,2305000,2549000
2026-09-17T01:17:51.653Z,90048,1050,564600
2026-09-17T01:17:51.653Z,32309,386500000,414800000
2026-09-17T01:17:51.653Z,41579,5300000,12870000
2026-09-17T01:17:51.653Z,25608,336500,365000
2026-09-17T01:17:51.653Z,5945,535900,560000
2026-09-17T01:17:51.653Z,31944,29920000,33120000
2026-09-17T01:17:51.653Z,13286,16490,31500
2026-09-17T01:17:51.653Z,57449,379400000,419900000
2026-09-17T01:17:51.653Z,3683,437,437.8
2026-09-17T01:17:51.653Z,55314,332100,599000
2026-09-17T01:17:51.653Z,12017,217100000,238400000
2026-09-17T01:17:51.653Z,41217,41670000,48690000
2026-09-17T01:17:51.653Z,57444,82530000,90810000
2026-09-17T01:17:51.653Z,14270,49860000,54850000
2026-09-17T01:17:51.653Z,54915,225900000,649900000
2026-09-17T01:17:51.653Z,81066,7219,7690
2026-09-17T01:17:51.653Z,19284,36180000,44640000
2026-09-17T01:17:51.653Z,42795,241100,1849000
2026-09-17T01:17:51.653Z,17928,88790000,97690000
2026-09-17T01:17:51.653Z,245,2012,5502
2026-09-17T01:17:51.653Z,7049,250000,244500
2026-09-17T01:17:51.653Z,23711,6092,12070
2026-09-17T01:17:51.653Z,89512,5023000,8905000
2026-09-17T01:17:51.653Z,76951,810100000,3800000000
2026-09-17T01:17:51.653Z,15615,3598000,3989000
2026-09-17T01:17:51.653Z,95298,6606000,41030000
2026-09-17T01:17:51.653Z,29248,420500,495600
2026-09-17T01:17:51.653Z,21364,50.03,395.9
2026-09-17T01:17:51.653Z,41204,5029000000,5973000000
2026-09-17T01:17:51.653Z,5339,1225,6996
2026-09-17T01:17:51.653Z,9608,4200,6999
2026-09-17T01:17:51.653Z,55830,750,750.1
2026-09-17T01:17:51.653Z,77427,114500,299900
2026-09-17T01:17:51.653Z,31298,25060,50490
2026-09-17T01:17:51.653Z,46864,345500,8984000
2026-09-17T01:17:51.653Z,46823,178900,1743000
2026-09-17T01:17:51.653Z,47479,23000,92800
2026-09-17T01:17:51.653Z,86262,67480000,118900000
2026-09-17T01:17:51.653Z,31035,1059000,1299000
2026-09-17T01:17:51.653Z,20498,8969000,14990000
2026-09-17T01:17:51.653Z,18760,71000,448700
2026-09-17T01:17:51.653Z,27064,34580000,39970000
2026-09-17T01:17:51.653Z,257,19020,22000
2026-09-17T01:17:51.653Z,53854,56980000,78990000
2026-09-17T01:17:51.653Z,32872,948000,1150000
2026-09-17T01:17:51.653Z,3162,320300,400000
2026-09-17T01:17:51.653Z,16697,400000,4000000
2026-09-17T01:17:51.653Z,32071,76240,1200000
2026-09-17T01:17:51.653Z,12818,114100,138600
2026-09-17T01:17:51.653Z,31904,8501000,12600000
2026-09-17T01:17:51.653Z,39,929.4,1073
2026-09-17T01:17:51.653Z,16662,6005,12060
2026-09-17T01:17:51.653Z,21922,662.8,750.6
2026-09-17T01:17:51.653Z,17726,396700000,433400000
2026-09-17T01:17:51.653Z,25604,19670,19680
2026-09-17T01:17:51.653Z,49672,25490,819200
2026-09-17T01:17:51.653Z,42158,10950000,244900000
2026-09-17T01:17:51.653Z,2969,1341000,1477000
2026-09-17T01:17:51.653Z,30002,11550000,12410000
2026-09-17T01:17:51.653Z,77961,721000000,1299000000
2026-09-17T01:17:51.653Z,52225,26330000,28760000
2026-09-17T01:17:51.653Z,57474,81600000,99950000
2026-09-17T01:17:51.653Z,86260,40960000,55960000
2026-09-17T01:17:51.653Z,42703,11,1011000
2026-09-17T01:17:51.653Z,59218,5001000,1990000000
2026-09-17T01:17:51.653Z,25592,12870,12880
2026-09-17T01:17:51.653Z,52229,1100000,2446000
2026-09-17T01:17:51.653Z,19952,12800,19070
2026-09-17T01:17:51.653Z,12787,155.9,187.5
2026-09-17T01:17:51.653Z,25613,395300,413400
2026-09-17T01:17:51.653Z,46776,500500,3443000
2026-09-17T01:17:51.653Z,79007,44000000,174400000
2026-09-17T01:17:51.653Z,21512,45400,26890000
2026-09-17T01:17:51.653Z,20012,123.5,43120
2026-09-17T01:17:51.653Z,11399,16080,17020
2026-09-17T01:17:51.653Z,37611,2737000,2880000
2026-09-17T01:17:51.653Z,17932,54030000,59430000
2026-09-17T01:17:51.653Z,89265,15000,1574000
2026-09-17T01:17:51.653Z,47774,253600,485200
2026-09-17T01:17:51.653Z,90701,,5000000
2026-09-17T01:17:51.653Z,31760,2769000,2822000
2026-09-17T01:17:51.653Z,52244,446700000,619800000
2026-09-17T01:17:51.653Z,47822,3441000,4279000
2026-09-17T01:17:51.653Z,28794,55150000,145900000
2026-09-17T01:17:51.653Z,2399,840.5,902.3
2026-09-17T01:17:51.653Z,9660,15000,28410
2026-09-17T01:17:51.653Z,60911,35760,3798000
2026-09-17T01:17:51.653Z,31280,2957000,3170000
2026-09-17T01:17:51.653Z,86108,50160,1490000
2026-09-17T01:17:51.653Z,90697,,100100
2026-09-17T01:17:51.653Z,6923,49840,219600
2026-09-17T01:17:51.653Z,5239,1000,7992
2026-09-17T01:17:51.653Z,19137,17000000,21340000
2026-09-17T01:17:51.653Z,47843,51720000,81270000
2026-09-17T01:17:51.653Z,14142,30010000,32770000
2026-09-17T01:17:51.653Z,3530,917400,1066000
2026-09-17T01:17:51.653Z,89119,7100000,22950000
2026-09-17T01:17:51.653Z,21508,8012000,15000000
2026-09-17T01:17:51.653Z,31105,197400,261100
2026-09-17T01:17:51.653Z,31900,38390000,40580000
2026-09-17T01:17:51.653Z,62516,10.79,12
2026-09-17T01:17:51.653Z,12005,131200000,135000000
2026-09-17T01:17:51.653Z,32073,86170,3254000
2026-09-17T01:17:51.653Z,41529,151000000,201500000
2026-09-17T01:17:51.653Z,11447,31630,837400
2026-09-17T01:17:51.653Z,25594,72530,84190
2026-09-17T01:17:51.653Z,33958,305000000,399900000
2026-09-17T01:17:51.653Z,94129,10000,154400
2026-09-17T01:17:51.653Z,24283,57240000,66710000
2026-09-17T01:17:51.653Z,23158,26.69,26.7
2026-09-17T01:17:51.653Z,2488,294800,324000
2026-09-17T01:17:51.653Z,31538,222100,337400
2026-09-17T01:17:51.653Z,2873,256300,299800
2026-09-17T01:17:51.653Z,45629,34540000,36920000
2026-09-17T01:17:51.653Z,89943,140000,487400
2026-09-17T01:17:51.653Z,31616,8080000,13720000
2026-09-17T01:17:51.653Z,60915,426000,3574000
2026-09-17T01:17:51.653Z,19147,20570000,22350000
2026-09-17T01:17:51.653Z,60753,5881000,9345000
2026-09-17T01:17:51.653Z,41404,17100000,37000000
2026-09-17T01:17:51.653Z,40,2160,2225
2026-09-17T01:17:51.653Z,28280,4101000,4899000
2026-09-17T01:17:51.653Z,85143,300000,440000
2026-09-17T01:17:51.653Z,57738,1100000,1967000
2026-09-17T01:17:51.653Z,9838,10650,11290
2026-09-17T01:17:51.653Z,237,64.01,75
2026-09-17T01:17:51.653Z,12565,80250,86890
2026-09-17T01:17:51.653Z,85778,1000,263500
2026-09-17T01:17:51.653Z,31091,16070000,17070000
2026-09-17T01:17:51.653Z,5533,42580,67240
2026-09-17T01:17:51.653Z,6719,228000,396700
2026-09-17T01:17:51.653Z,41367,40010000,380000000
2026-09-17T01:17:51.653Z,18670,75130000,80830000
2026-09-17T01:17:51.653Z,25620,16900,18480
2026-09-17T01:17:51.653Z,60657,60100,299800
2026-09-17T01:17:51.653Z,25274,61100,69970
2026-09-17T01:17:51.653Z,13224,172300,474800
2026-09-17T01:17:51.653Z,93877,200000,200100
2026-09-17T01:17:51.653Z,40734,95700000,146900000
2026-09-17T01:17:51.653Z,47035,7250000,9621000
2026-09-17T01:17:51.653Z,18686,31550000,40950000
2026-09-17T01:17:51.653Z,25612,615200,620000
2026-09-17T01:17:51.653Z,21596,56.03,56.04
2026-09-17T01:17:51.653Z,23527,410200,455500
2026-09-17T01:17:51.653Z,28808,71800000,83330000
2026-09-17T01:17:51.653Z,91569,557000,4996000
2026-09-17T01:17:51.653Z,88621,40010,2725000
2026-09-17T01:17:51.653Z,3240,4529000,5886000
2026-09-17T01:17:51.653Z,15592,804000,899800
2026-09-17T01:17:51.653Z,33589,22850000,29220000
2026-09-17T01:17:51.653Z,46227,3015000,9925000
2026-09-17T01:17:51.653Z,52226,222400000,329700000
2026-09-17T01:17:51.653Z,17619,7203000,7987000
2026-09-17T01:17:51.653Z,3578,1466000,1640000
2026-09-17T01:17:51.653Z,20987,1027,3799
2026-09-17T01:17:51.653Z,5321,3572,7800
2026-09-17T01:17:51.653Z,16383,252700,270100
2026-09-17T01:17:51.653Z,18664,53000000,58000000
2026-09-17T01:17:51.653Z,12013,198500000,211000000
2026-09-17T01:17:51.653Z,23473,50000,96510
2026-09-17T01:17:51.653Z,46781,105000,890000
2026-09-17T01:17:51.653Z,40571,22950000,27780000
2026-09-17T01:17:51.653Z,16640,590.9,635.5
2026-09-17T01:17:51.653Z,25861,21100,50340
2026-09-17T01:17:51.653Z,587,259300,300000
2026-09-17T01:17:51.653Z,16664,6511,7240
2026-09-17T01:17:51.653Z,42149,258400,2567000
2026-09-17T01:17:51.653Z,33440,24590,70580
2026-09-17T01:17:51.653Z,56209,140000000,323000000
2026-09-17T01:17:51.653Z,84173,4409000,5894000
2026-09-17T01:17:51.653Z,9580,161800,186200
2026-09-17T01:17:51.653Z,57453,890,940
2026-09-17T01:17:51.653Z,20505,501000000,559900000
2026-09-17T01:17:51.653Z,47890,9407000,10090000
2026-09-17T01:17:51.653Z,17889,489.1,502.9
2026-09-17T01:17:51.653Z,41490,753200,810900
2026-09-17T01:17:51.653Z,15681,119200000,123700000
2026-09-17T01:17:51.653Z,86678,10100,989400
2026-09-17T01:17:51.653Z,29986,216500000,236900000
2026-09-17T01:17:51.653Z,46822,25010,1399000
2026-09-17T01:17:51.653Z,92456,126300000,167900000
2026-09-17T01:17:51.653Z,44936,8204000,39780000
2026-09-17T01:17:51.653Z,47899,10000000,10860000
2026-09-17T01:17:51.653Z,56299,10000,15000
2026-09-17T01:17:51.653Z,22291,692200,754000
2026-09-17T01:17:51.653Z,10204,1345000,1821000
2026-09-17T01:17:51.653Z,247,6000,28500
2026-09-17T01:17:51.653Z,31346,19010,68550
2026-09-17T01:17:51.653Z,250,1693,6656
2026-09-17T01:17:51.653Z,20569,16060000,17990000
2026-09-17T01:17:51.653Z,219,6.87,12.54
2026-09-17T01:17:51.653Z,11987,122300000,128000000
2026-09-17T01:17:51.653Z,35659,12830,15920
2026-09-17T01:17:51.653Z,17634,36050000,37000000
2026-09-17T01:17:51.653Z,33455,26390000,1377000000
2026-09-17T01:17:51.653Z,47780,66500,199500
2026-09-17T01:17:51.653Z,92454,212000000,246700000
2026-09-17T01:17:51.653Z,519,755800,835900
2026-09-17T01:17:51.653Z,11538,40640,43300
2026-09-17T01:17:51.653Z,15955,117700000,127900000
2026-09-17T01:17:51.653Z,52920,306000000,342200000
2026-09-17T01:17:51.653Z,30615,7305000,7727000
2026-09-17T01:17:51.653Z,27779,8129000,35000000
2026-09-17T01:17:51.653Z,15594,3837000,4138000
2026-09-17T01:17:51.653Z,18694,592100000,739900000
2026-09-17T01:17:51.653Z,13320,16140,93490
2026-09-17T01:17:51.653Z,27081,456300,716500
2026-09-17T01:17:51.653Z,46878,1104000,4436000
2026-09-17T01:17:51.653Z,56890,136300000,447000000
2026-09-17T01:17:51.653Z,79730,3009000,18190000
2026-09-17T01:17:51.653Z,56904,1210000,375000000
2026-09-17T01:17:51.653Z,57024,546900,4125000
2026-09-17T01:17:51.653Z,44180,53000,2319000
2026-09-17T01:17:51.653Z,34163,12500000,152200000
2026-09-17T01:17:51.653Z,19295,65460000,70700000
2026-09-17T01:17:51.653Z,35943,15990000,18060000
2026-09-17T01:17:51.653Z,42831,125.3,286
2026-09-17T01:17:51.653Z,30753,26010000,29540000
2026-09-17T01:17:51.653Z,10850,451100,451200
2026-09-17T01:17:51.653Z,21096,2208000,2583000
2026-09-17T01:17:51.653Z,93832,2202000,2813000
2026-09-17T01:17:51.653Z,41198,3961000,4887000
2026-09-17T01:17:51.653Z,47921,6785000,10430000
2026-09-17T01:17:51.653Z,85756,23250000,44440000
2026-09-17T01:17:51.653Z,42522,90450000,108100000
2026-09-17T01:17:51.653Z,13963,9001000,10790000
2026-09-17T01:17:51.653Z,19288,13520000,14170000
2026-09-17T01:17:51.653Z,13964,8402000,10390000
2026-09-17T01:17:51.653Z,521,9848000,17040000
2026-09-17T01:17:51.653Z,3237,5640000,7313000
2026-09-17T01:17:51.653Z,45833,61320,1000000
2026-09-17T01:17:51.653Z,88529,10000,71000
2026-09-17T01:17:51.653Z,53977,53000,64850
2026-09-17T01:17:51.653Z,49711,138100000,146800000
2026-09-17T01:17:51.653Z,17186,3008000,7355000
2026-09-17T01:17:51.653Z,83334,20000,120900
2026-09-17T01:17:51.653Z,42785,1612000,13440000
2026-09-17T01:17:51.653Z,85401,6001,8986
2026-09-17T01:17:51.653Z,1445,19280,23060
2026-09-17T01:17:51.653Z,93783,,9899000
2026-09-17T01:17:51.653Z,19273,11920000,14410000
2026-09-17T01:17:51.653Z,56605,3506000,15000000
2026-09-17T01:17:51.653Z,88604,60010,1391000
2026-09-17T01:17:51.653Z,25602,7161,7390
2026-09-17T01:17:51.653Z,11959,133200000,141900000
2026-09-17T01:17:51.653Z,85738,100800000,198000000
2026-09-17T01:17:51.653Z,85402,4050,7228
2026-09-17T01:17:51.653Z,15673,1556000,1698000
2026-09-17T01:17:51.653Z,42206,66370000,73170000
2026-09-17T01:17:51.653Z,2329,11700,12160
2026-09-17T01:17:51.653Z,81348,7,20
2026-09-17T01:17:51.653Z,45946,126100,1450000
2026-09-17T01:17:51.653Z,60283,372900,418900
2026-09-17T01:17:51.653Z,19272,2324000,5288000
2026-09-17T01:17:51.653Z,56598,,8386000000
2026-09-17T01:17:51.653Z,594,91090,115000
2026-09-17T01:17:51.653Z,40716,36350000,57990000
2026-09-17T01:17:51.653Z,9848,80190,81700
2026-09-17T01:17:51.653Z,3348,502,40000
2026-09-17T01:17:51.653Z,56601,,340500000
2026-09-17T01:17:51.653Z,11259,250000,5468000
2026-09-17T01:17:51.653Z,4002,3010000000,10000000000
2026-09-17T01:17:51.653Z,32853,520200000,988900000
2026-09-17T01:17:51.653Z,61867,85900000,189500000
2026-09-17T01:17:51.653Z,25605,25000,26890
2026-09-17T01:17:51.653Z,33214,1000000,28900000
2026-09-17T01:17:51.653Z,4239,1550,3414000
2026-09-17T01:17:51.653Z,33475,7916000,8495000
2026-09-17T01:17:51.653Z,46780,5168,2300000
2026-09-17T01:17:51.653Z,3186,4583000,4902000
2026-09-17T01:17:51.653Z,4166,5893000,11170000
2026-09-17T01:17:51.653Z,46960,100000,3800000
2026-09-17T01:17:51.653Z,90468,9157000,9761000
2026-09-17T01:17:51.653Z,46817,50.01,4893000
2026-09-17T01:17:51.653Z,57005,1001000,2345000
2026-09-17T01:17:51.653Z,37866,51.02,139900
2026-09-17T01:17:51.653Z,60680,202500,2100000
2026-09-17T01:17:51.653Z,8821,21660,55250
2026-09-17T01:17:51.653Z,20014,20130,20140
2026-09-17T01:17:51.653Z,40335,7018,12940
2026-09-17T01:17:51.653Z,23525,225500,339200
2026-09-17T01:17:51.653Z,32880,191400,230300
2026-09-17T01:17:51.653Z,35656,12710,22290
2026-09-17T01:17:51.653Z,25619,1812000,1849000
2026-09-17T01:17:51.653Z,234,40,55
2026-09-17T01:17:51.653Z,2397,695.3,729.7
2026-09-17T01:17:51.653Z,2410,1089000,1233000
2026-09-17T01:17:51.653Z,54557,50000000,75000000
2026-09-17T01:17:51.653Z,27142,110400000,118600000
2026-09-17T01:17:51.653Z,11531,32310,32500
2026-09-17T01:17:51.653Z,32307,381000000,414700000
2026-09-17T01:17:51.653Z,56201,594700000,650000000
2026-09-17T01:17:51.653Z,94316,,245000000
2026-09-17T01:17:51.653Z,47494,1000000,4288000
2026-09-17T01:17:51.653Z,25707,42550,74990
2026-09-17T01:17:51.653Z,14252,100500000,107900000
2026-09-17T01:17:51.653Z,42207,97520000,115700000
2026-09-17T01:17:51.653Z,21570,651100,1369000
2026-09-17T01:17:51.653Z,87837,160000,543800
2026-09-17T01:17:51.653Z,52413,6,7997000
2026-09-17T01:17:51.653Z,33985,68530000,79000000
2026-09-17T01:17:51.653Z,24519,1409,1499
2026-09-17T01:17:51.653Z,92570,1511,2725
2026-09-17T01:17:51.653Z,83307,10000,134100
2026-09-17T01:17:51.653Z,18843,1466000,4768000
2026-09-17T01:17:51.653Z,45635,139400000,149400000
2026-09-17T01:17:51.653Z,82473,260100,1500000
2026-09-17T01:17:51.653Z,16649,12080,12800
2026-09-17T01:17:51.653Z,12745,129200000,139200000
2026-09-17T01:17:51.653Z,49955,541700000,1395000000
2026-09-17T01:17:51.653Z,37258,851000000,1400000000
2026-09-17T01:17:51.653Z,78781,201100,9990000
2026-09-17T01:17:51.653Z,73876,2005000,30990000
2026-09-17T01:17:51.653Z,1800,6707000,60480000
2026-09-17T01:17:51.653Z,16469,85080,117000
2026-09-17T01:17:51.653Z,30251,221100,228800
2026-09-17T01:17:51.653Z,46899,12760,3964000
2026-09-17T01:17:51.653Z,47730,6000000,6622000
2026-09-17T01:17:51.653Z,48112,32040,34200
2026-09-17T01:17:51.653Z,24688,130100000,143500000
2026-09-17T01:17:51.653Z,79764,31550000,99900000
2026-09-17T01:17:51.653Z,14104,34830000,46900000
2026-09-17T01:17:51.653Z,37228,103700000,110700000
2026-09-17T01:17:51.653Z,1282,1000,13810000
2026-09-17T01:17:51.653Z,31213,19480,68920
2026-09-17T01:17:51.653Z,44904,26,22870000
2026-09-17T01:17:51.653Z,86120,3182000,14370000
2026-09-17T01:17:51.653Z,4188,121000,26640000
2026-09-17T01:17:51.653Z,90491,8267000,9498000
2026-09-17T01:17:51.653Z,81019,91000000,171000000
2026-09-17T01:17:51.653Z,25609,1630000,1721000
2026-09-17T01:17:51.653Z,48589,0.01,1000000
2026-09-17T01:17:51.653Z,11196,11580000,12960000
2026-09-17T01:17:51.653Z,84342,400000,3976000
2026-09-17T01:17:51.653Z,57450,97060000,111600000
2026-09-17T01:17:51.653Z,48492,10000000,200000000
2026-09-17T01:17:51.653Z,14648,13620000000,18900000000
2026-09-17T01:17:51.653Z,85965,50090000,284400000
2026-09-17T01:17:51.653Z,15477,5337000,6038000
2026-09-17T01:17:51.653Z,3573,273800000,359200000
2026-09-17T01:17:51.653Z,31952,28580000,30440000
2026-09-17T01:17:51.653Z,46897,1003000,11970000
2026-09-17T01:17:51.653Z,63777,7246,90000
2026-09-17T01:17:51.653Z,58873,12000000,28010000
2026-09-17T01:17:51.653Z,22436,728600000,764700000
2026-09-17T01:17:51.653Z,43879,101000000,124000000
2026-09-17T01:17:51.653Z,52314,65000,70770
2026-09-17T01:17:51.653Z,33516,143000000,154100000
2026-09-17T01:17:51.653Z,25617,198400,208300
2026-09-17T01:17:51.653Z,18789,181100000,199800000
2026-09-17T01:17:51.653Z,47299,1367000,1462000
2026-09-17T01:17:51.653Z,47915,36920000,39500000
2026-09-17T01:17:51.653Z,14296,3500000,3891000
2026-09-17T01:17:51.653Z,22175,35180,53490
2026-09-17T01:17:51.653Z,88713,3281000000,10000000000
2026-09-17T01:17:51.653Z,47544,5485,589000
2026-09-17T01:17:51.653Z,40756,39310000,54880000
2026-09-17T01:17:51.653Z,83354,20000,499900
2026-09-17T01:17:51.653Z,7453,444500,540600
2026-09-17T01:17:51.653Z,41031,2855,4847
2026-09-17T01:17:51.653Z,83218,1000,74990
2026-09-17T01:17:51.653Z,47763,500,2390
2026-09-17T01:17:51.653Z,46976,2811000,9185000
2026-09-17T01:17:51.653Z,12532,9035000,9897000
2026-09-17T01:17:51.653Z,3839,50860,89970
2026-09-17T01:17:51.653Z,41034,41990,71740
2026-09-17T01:17:51.653Z,16002,186800,247800
2026-09-17T01:17:51.653Z,3098,220000,405800
2026-09-17T01:17:51.653Z,36,50.21,51.13
2026-09-17T01:17:51.653Z,26342,300100,4498000
2026-09-17T01:17:51.653Z,83366,160000,1296000
2026-09-17T01:17:51.653Z,19257,6003000,14890000
2026-09-17T01:17:51.653Z,15937,22040000,100000000
2026-09-17T01:17:51.653Z,33180,68250,88000
2026-09-17T01:17:51.653Z,7249,1861,10000
2026-09-17T01:17:51.653Z,54401,199700000,225800000
2026-09-17T01:17:51.653Z,93912,600200000,983500000
2026-09-17T01:17:51.653Z,33199,507700,934300
2026-09-17T01:17:51.653Z,15612,25900,41000
2026-09-17T01:17:51.653Z,3544,267900000,400600000
2026-09-17T01:17:51.653Z,178,3.55,5.49
2026-09-17T01:17:51.653Z,95716,22090000,74850000
2026-09-17T01:17:51.653Z,83378,10000,369900
2026-09-17T01:17:51.653Z,19036,236500000,263600000
2026-09-17T01:17:51.653Z,19363,4261000,5767000
2026-09-17T01:17:51.653Z,19301,32130000,36980000
2026-09-17T01:17:51.653Z,47900,32100,42980
2026-09-17T01:17:51.653Z,21638,756100,792100
2026-09-17T01:17:51.653Z,94131,11000,11010
2026-09-17T01:17:51.653Z,19978,20,1845
2026-09-17T01:17:51.653Z,47819,5176000,8071000
2026-09-17T01:17:51.653Z,31564,400000,950000
2026-09-17T01:17:51.653Z,47925,364.3,394.2
2026-09-17T01:17:51.653Z,29266,654100,845000
2026-09-17T01:17:51.653Z,46841,2227000,6228000
2026-09-17T01:17:51.653Z,41212,13010000,14890000
2026-09-17T01:17:51.653Z,41480,373100,518800
2026-09-17T01:17:51.653Z,95400,80000,95000
2026-09-17T01:17:51.653Z,64397,3007000,639600000
2026-09-17T01:17:51.653Z,183,3.04,17
2026-09-17T01:17:51.653Z,63123,2510000,202400000
2026-09-17T01:17:51.653Z,12608,65.04,69.91
2026-09-17T01:17:51.653Z,18809,147200000,176500000
2026-09-17T01:17:51.653Z,33892,1193000,2892000
2026-09-17T01:17:51.653Z,57448,976100,1042000
2026-09-17T01:17:51.653Z,15589,15000,15010
2026-09-17T01:17:51.653Z,85087,146800000,155900000
2026-09-17T01:17:51.653Z,73464,1101000,11500000
2026-09-17T01:17:51.653Z,1804,793300,10000000
2026-09-17T01:17:51.653Z,82488,10010,1406000
2026-09-17T01:17:51.653Z,20455,,39890000
2026-09-17T01:17:51.653Z,15661,1041000,1142000
2026-09-17T01:17:51.653Z,16634,180.1,202.9
2026-09-17T01:17:51.653Z,57343,50000000,119700000
2026-09-17T01:17:51.653Z,19225,2442000,5388000
2026-09-17T01:17:51.653Z,22474,256200000,270400000
2026-09-17T01:17:51.653Z,9840,13500,14140
2026-09-17T01:17:51.653Z,47269,17930000,20280000
2026-09-17T01:17:51.653Z,46230,500500,2244000
2026-09-17T01:17:51.653Z,17715,190600000,205500000
2026-09-17T01:17:51.653Z,15604,969100,1234000
2026-09-17T01:17:51.653Z,44174,120000,1245000
2026-09-17T01:17:51.653Z,26068,5610000,6678000
2026-09-17T01:17:51.653Z,19739,2204000,2347000
2026-09-17T01:17:51.653Z,13998,88730000,99980000
2026-09-17T01:17:51.653Z,60288,217100,289800
2026-09-17T01:17:51.653Z,61875,1011000,5812000
2026-09-17T01:17:51.653Z,57014,3300000,12130000
2026-09-17T01:17:51.653Z,31049,284000000,439500000
2026-09-17T01:17:51.653Z,31358,648300,754300
2026-09-17T01:17:51.653Z,12789,70.07,79.95
2026-09-17T01:17:51.653Z,2420,3884000,4197000
2026-09-17T01:17:51.653Z,45783,,2953000
2026-09-17T01:17:51.653Z,15460,882400,995000
2026-09-17T01:17:51.653Z,47037,17920000,23110000
2026-09-17T01:17:51.653Z,18626,21570,108000
2026-09-17T01:17:51.653Z,15628,111300,114400
2026-09-17T01:17:51.653Z,5683,200100,217600
2026-09-17T01:17:51.653Z,45608,34740000,37670000
2026-09-17T01:17:51.653Z,15898,14350000,21390000
2026-09-17T01:17:51.653Z,47500,441600,2990000
2026-09-17T01:17:51.653Z,72557,675000000,4079000000
2026-09-17T01:17:51.653Z,19179,145500000,161600000
2026-09-17T01:17:51.653Z,2539,470100,631400
2026-09-17T01:17:51.653Z,22126,43700000,48710000
2026-09-17T01:17:51.653Z,56078,80160,89020
2026-09-17T01:17:51.653Z,62631,71620000,75900000
2026-09-17T01:17:51.653Z,19317,121700000,137300000
2026-09-17T01:17:51.653Z,2811,1398,1649
2026-09-17T01:17:51.653Z,33974,200200000,335000000
2026-09-17T01:17:51.653Z,81143,2031,2185
2026-09-17T01:17:51.653Z,40568,24260000,31850000
2026-09-17T01:17:51.653Z,13997,189500,299600
2026-09-17T01:17:51.653Z,12836,73820,79990
2026-09-17T01:17:51.653Z,31374,19710000,22020000
2026-09-17T01:17:51.653Z,26376,61690000,89980000
2026-09-17T01:17:51.653Z,23152,19140000,22970000
2026-09-17T01:17:51.653Z,25894,6706000,7811000
2026-09-17T01:17:51.653Z,20308,62,71.89
2026-09-17T01:17:51.653Z,56134,8049,14400
2026-09-17T01:17:51.653Z,52311,385200,496300
2026-09-17T01:17:51.653Z,27313,18.12,67
2026-09-17T01:17:51.653Z,57786,221500000,370000000
2026-09-17T01:17:51.653Z,17205,1188000,1700000
2026-09-17T01:17:51.653Z,16122,65340,136000
2026-09-17T01:17:51.653Z,56140,43500000,47460000
2026-09-17T01:17:51.653Z,43867,358800000,384000000
2026-09-17T01:17:51.653Z,13241,300000,3000000
2026-09-17T01:17:51.653Z,15650,2000000,2298000
2026-09-17T01:17:51.653Z,54359,210200000,539100000
2026-09-17T01:17:51.653Z,41621,,64900000
2026-09-17T01:17:51.653Z,35891,138600,170200000
2026-09-17T01:17:51.653Z,37848,11220,11650
2026-09-17T01:17:51.653Z,85393,50000,61660
2026-09-17T01:17:51.653Z,54966,2601000,6095000
2026-09-17T01:17:51.653Z,12545,1802,4194
2026-09-17T01:17:51.653Z,16057,50000000,122600000
2026-09-17T01:17:51.653Z,25908,1519000,6065000
2026-09-17T01:17:51.653Z,47750,813000,998900
2026-09-17T01:17:51.653Z,4246,16420,17540
2026-09-17T01:17:51.653Z,44943,110300,24980000
2026-09-17T01:17:51.653Z,47903,17850000,18800000
2026-09-17T01:17:51.653Z,47875,93390000,100000000
2026-09-17T01:17:51.653Z,47902,9605000,10410000
2026-09-17T01:17:51.653Z,34206,300900,328800
2026-09-17T01:17:51.653Z,37135,10790000,11720000
2026-09-17T01:17:51.653Z,76490,1000000,2999000
2026-09-17T01:17:51.653Z,3893,30500000,36200000
2026-09-17T01:17:51.653Z,27579,9023000,32010000
2026-09-17T01:17:51.653Z,47319,15480000,149000000
2026-09-17T01:17:51.653Z,20419,90720,99230
2026-09-17T01:17:51.653Z,42211,127000000,148700000
2026-09-17T01:17:51.653Z,2020,141000,167000
2026-09-17T01:17:51.653Z,60907,2245000,3646000
2026-09-17T01:17:51.653Z,52313,29010,35330
2026-09-17T01:17:51.653Z,4871,24510,34740
2026-09-17T01:17:51.653Z,14049,10840000,11750000
2026-09-17T01:17:51.653Z,41614,,100700000
2026-09-17T01:17:51.653Z,3775,12750,13200
2026-09-17T01:17:51.653Z,35771,657400,736500
2026-09-17T01:17:51.653Z,43805,5033000,145000000
2026-09-17T01:17:51.653Z,50075,1000000,12590000000
2026-09-17T01:17:51.653Z,9830,11140,11910
2026-09-17T01:17:51.653Z,21720,7399000,10280000
2026-09-17T01:17:51.653Z,18985,36010000,39390000
2026-09-17T01:17:51.653Z,79738,1139000,8000000
2026-09-17T01:17:51.653Z,14258,99420000,123900000
2026-09-17T01:17:51.653Z,38,603.1,669.4
2026-09-17T01:17:51.653Z,41615,100,101600000
2026-09-17T01:17:51.653Z,3645,451,458.5
2026-09-17T01:17:51.653Z,33918,8722000,23490000
2026-09-17T01:17:51.653Z,89942,1401000,2800000
2026-09-17T01:17:51.653Z,31884,2056000,2253000
2026-09-17T01:17:51.653Z,13925,35920000,44780000
2026-09-17T01:17:51.653Z,26286,55080000,73920000
2026-09-17T01:17:51.653Z,86113,131800,1996000
2026-09-17T01:17:51.653Z,31958,28080000,41570000
2026-09-17T01:17:51.653Z,1816,14,21.36
2026-09-17T01:17:51.653Z,82468,200000,999100
2026-09-17T01:17:51.653Z,224,13.07,13.08
2026-09-17T01:17:51.653Z,5747,4905,7599
2026-09-17T01:17:51.653Z,5933,16270,61850
2026-09-17T01:17:51.653Z,7747,136400,237900
2026-09-17T01:17:51.653Z,221,16.81,17.19
2026-09-17T01:17:51.653Z,14278,162400,368500
2026-09-17T01:17:51.653Z,14068,15990000,17430000
2026-09-17T01:17:51.653Z,3941,169300,213900
2026-09-17T01:17:51.653Z,90045,3999,393800
2026-09-17T01:17:51.653Z,52231,37020000,70950000
2026-09-17T01:17:51.653Z,259,25000,28110
2026-09-17T01:17:51.653Z,18847,11000000,13330000
2026-09-17T01:17:51.653Z,3532,141300000,210000000
2026-09-17T01:17:51.653Z,47905,1704000,1905000
2026-09-17T01:17:51.653Z,22464,39800000,42180000
2026-09-17T01:17:51.653Z,47806,95490000,107200000
2026-09-17T01:17:51.653Z,90469,85090000,99850000
2026-09-17T01:17:51.653Z,56143,26330000,29040000
2026-09-17T01:17:51.653Z,47791,21480000,23670000
2026-09-17T01:17:51.653Z,6759,1005,171700
2026-09-17T01:17:51.653Z,12271,4053000,4400000
2026-09-17T01:17:51.653Z,45631,31900000,35910000
2026-09-17T01:17:51.653Z,33332,12620,13460
2026-09-17T01:17:51.653Z,63860,55300,5000000
2026-09-17T01:17:51.653Z,24539,603.3,665.9
2026-09-17T01:17:51.653Z,7579,375500,548600
2026-09-17T01:17:51.653Z,47906,7421000,7994000
2026-09-17T01:17:51.653Z,17194,26820,500000
2026-09-17T01:17:51.653Z,82440,10010,748900
2026-09-17T01:17:51.653Z,3999,100600000,1049000000
2026-09-17T01:17:51.653Z,4348,624300000,685600000
2026-09-17T01:17:51.653Z,84959,1161000000,1747000000
2026-09-17T01:17:51.653Z,11613,2003,99940
2026-09-17T01:17:51.653Z,90413,711100,9300000
2026-09-17T01:17:51.653Z,33472,854000000,906300000
2026-09-17T01:17:51.653Z,56065,3253,7500
2026-09-17T01:17:51.653Z,89949,4402000,43990000
2026-09-17T01:17:51.653Z,88673,1000,349900
2026-09-17T01:17:51.653Z,45866,10000000,37950000
2026-09-17T01:17:51.653Z,41038,143300000,162500000
2026-09-17T01:17:51.653Z,14100,38940000,45930000
2026-09-17T01:17:51.653Z,88647,160100,14500000
2026-09-17T01:17:51.653Z,14152,4489000,5847000
2026-09-17T01:17:51.653Z,14214,3726000,8399000
2026-09-17T01:17:51.653Z,6865,30020,244700
2026-09-17T01:17:51.653Z,8905,6000,14440
2026-09-17T01:17:51.653Z,1820,91.1,105.8
2026-09-17T01:17:51.653Z,16451,39000,97970
2026-09-17T01:17:51.653Z,13782,31870000,55890000
2026-09-17T01:17:51.653Z,260,47020,51500
2026-09-17T01:17:51.653Z,20827,76920,1000000
2026-09-17T01:17:51.653Z,15626,8000,8001
2026-09-17T01:17:51.653Z,3143,550700000,621400000
2026-09-17T01:17:51.653Z,7047,240000,240000
2026-09-17T01:17:51.653Z,41415,120200000,128300000
2026-09-17T01:17:51.653Z,19046,386700000,457200000
2026-09-17T01:17:51.653Z,17207,31290000,36300000
2026-09-17T01:17:51.653Z,16365,340300,368500
2026-09-17T01:17:51.653Z,13321,,749970
2026-09-17T01:17:51.653Z,15683,99520000,115500000
2026-09-17T01:17:51.653Z,18973,55310000,69470000
2026-09-17T01:17:51.653Z,31796,16810000,17060000
2026-09-17T01:17:51.653Z,47270,63170000,68670000
2026-09-17T01:17:51.653Z,95720,417000000,734100000
2026-09-17T01:17:51.653Z,19553,182700000,191400000
2026-09-17T01:17:51.653Z,45972,2000000,30830000
2026-09-17T01:17:51.653Z,37624,62450000,69870000
2026-09-17T01:17:51.653Z,49737,17220000,18780000
2026-09-17T01:17:51.653Z,25563,989900,1594000
2026-09-17T01:17:51.653Z,6963,70000,87240
2026-09-17T01:17:51.653Z,61127,2096000,29680000
2026-09-17T01:17:51.653Z,92467,329600,449200
2026-09-17T01:17:51.653Z,15461,4329000,5662000
2026-09-17T01:17:51.653Z,14013,4112,49580
2026-09-17T01:17:51.653Z,41264,56.21,500
2026-09-17T01:17:51.653Z,13995,461000,845100
2026-09-17T01:17:51.653Z,15465,26550000,30000000
2026-09-17T01:17:51.653Z,85443,10140000,13970000
2026-09-17T01:17:51.653Z,60295,965200,1024000
2026-09-17T01:17:51.653Z,30028,40010,48470
2026-09-17T01:17:51.653Z,11444,66230,999000
2026-09-17T01:17:51.653Z,27086,,699400
2026-09-17T01:17:51.653Z,31416,55150000,577000000
2026-09-17T01:17:51.653Z,19200,124500000,147900000
2026-09-17T01:17:51.653Z,78333,86010000,93000000
2026-09-17T01:17:51.653Z,10228,15110000,16190000
2026-09-17T01:17:51.653Z,8529,46100,55010
2026-09-17T01:17:51.653Z,59227,523400000,9976000000
2026-09-17T01:17:51.653Z,586,412900,547000
2026-09-17T01:17:51.653Z,3540,1752000,1950000
2026-09-17T01:17:51.653Z,64596,2795,2797000000
2026-09-17T01:17:51.653Z,25615,44320,54640
2026-09-17T01:17:51.653Z,2344,60420,69280
2026-09-17T01:17:51.653Z,20767,73210,136000
2026-09-17T01:17:51.653Z,6003,3947,7474
2026-09-17T01:17:51.653Z,15768,94460000,114000000
2026-09-17T01:17:51.653Z,2317,9036,9298
2026-09-17T01:17:51.653Z,14065,11740000,13150000
2026-09-17T01:17:51.653Z,56639,3600,47990
2026-09-17T01:17:51.653Z,28363,230600,287800
2026-09-17T01:17:51.653Z,46016,200400000,12210000000
2026-09-17T01:17:51.653Z,2559,808500,999500
2026-09-17T01:17:51.653Z,24698,42980000,47970000
2026-09-17T01:17:51.653Z,17728,374400000,399000000
2026-09-17T01:17:51.653Z,233,30,54.79
2026-09-17T01:17:51.653Z,76157,3202000,18100000
2026-09-17T01:17:51.653Z,41220,56010000,61160000
2026-09-17T01:17:51.653Z,23161,26.01,26.02
2026-09-17T01:17:51.653Z,33555,87190000,118800000
2026-09-17T01:17:51.653Z,31120,,800000
2026-09-17T01:17:51.653Z,34049,10000000,77900000
2026-09-17T01:17:51.653Z,43555,1770000,2010000
2026-09-17T01:17:51.653Z,24417,863000,945800
2026-09-17T01:17:51.653Z,3536,269800000,319900000
2026-09-17T01:17:51.653Z,82388,20000,950000
2026-09-17T01:17:51.653Z,26076,200000,337000
2026-09-17T01:17:51.653Z,27625,200000,15000000
2026-09-17T01:17:51.653Z,2444,98050,120500
2026-09-17T01:17:51.653Z,87830,440000,1212000
2026-09-17T01:17:51.653Z,621,8999000,9988000
2026-09-17T01:17:51.653Z,11269,683400,743300
2026-09-17T01:17:51.653Z,37820,18590000,23860000
2026-09-17T01:17:51.653Z,48416,43420,143400
2026-09-17T01:17:51.653Z,35682,90070000,1420000000
2026-09-17T01:17:51.653Z,95414,25230000,810100000
2026-09-17T01:17:51.653Z,46189,1000000,10120000
2026-09-17T01:17:51.653Z,47919,61530000,65740000
2026-09-17T01:17:51.653Z,37846,6637,12380
2026-09-17T01:17:51.653Z,47801,55190,185200
2026-09-17T01:17:51.653Z,81951,873100000,1000000000
2026-09-17T01:17:51.653Z,33746,15000000,54990000
2026-09-17T01:17:51.653Z,88619,20010,1836000
2026-09-17T01:17:51.653Z,31798,330100000,379500000
2026-09-17T01:17:51.653Z,3268,1516000,5746000
2026-09-17T01:17:51.653Z,4471,9307,14580
2026-09-17T01:17:51.653Z,64593,12570000,1500000000
2026-09-17T01:17:51.653Z,76488,3001000,4897000
2026-09-17T01:17:51.653Z,11371,17750000,18680000
2026-09-17T01:17:51.653Z,16673,47.7,52.48
2026-09-17T01:17:51.653Z,33828,2576000,7795000
2026-09-17T01:17:51.653Z,17960,26040,29000
2026-09-17T01:17:51.653Z,90523,14750000,16370000
2026-09-17T01:17:51.653Z,27179,152600000,164400000
2026-09-17T01:17:51.653Z,42189,3003000,3497000000
2026-09-17T01:17:51.653Z,85089,163500,171500
2026-09-17T01:17:51.653Z,84073,1014000,4999000
2026-09-17T01:17:51.653Z,16636,335,363.2
2026-09-17T01:17:51.653Z,87769,10000000,32800000
2026-09-17T01:17:51.653Z,2108,38220,68130
2026-09-17T01:17:51.653Z,2398,366.1,409
2026-09-17T01:17:51.653Z,18766,7326000,8098000
2026-09-17T01:17:51.653Z,56608,5043000,53870000
2026-09-17T01:17:51.653Z,26340,11540000,79900000
2026-09-17T01:17:51.653Z,31378,11430000,11830000
2026-09-17T01:17:51.653Z,47466,205600000,224300000
2026-09-17T01:17:51.653Z,56141,24520000,26880000
2026-09-17T01:17:51.653Z,91150,320100,7998000
2026-09-17T01:17:51.653Z,3455,12.01,43990
2026-09-17T01:17:51.653Z,22178,5000,348000
2026-09-17T01:17:51.653Z,201,217,234.7
2026-09-17T01:17:51.653Z,42202,30410000,37780000
2026-09-17T01:17:51.653Z,8103,15140,15150
2026-09-17T01:17:51.653Z,41036,50000000,369900000
2026-09-17T01:17:51.653Z,82458,20000,1846000
2026-09-17T01:17:51.653Z,44138,0.25,439700
2026-09-17T01:17:51.653Z,20729,,271.3
2026-09-17T01:17:51.653Z,218,8.08,11
2026-09-17T01:17:51.653Z,27176,14270000,25480000
2026-09-17T01:17:51.653Z,12049,65280,65290
2026-09-17T01:17:51.653Z,46803,500000,14960000
2026-09-17T01:17:51.653Z,17200,51220,366900
2026-09-17T01:17:51.653Z,2392,645.9,660
2026-09-17T01:17:51.653Z,5493,46850,59820
2026-09-17T01:17:51.653Z,33527,281800000,318000000
2026-09-17T01:17:51.653Z,8025,643.5,9993
2026-09-17T01:17:51.653Z,25713,21970,21990
2026-09-17T01:17:51.653Z,266,3.48,5.39
2026-09-17T01:17:51.653Z,88549,80100,563100
2026-09-17T01:17:51.653Z,42837,203.4,449.5
2026-09-17T01:17:51.653Z,19812,1,2548
2026-09-17T01:17:51.653Z,6527,557.7,979.9
2026-09-17T01:17:51.653Z,5403,18620,23800
2026-09-17T01:17:51.653Z,85396,48000,56190
2026-09-17T01:17:51.653Z,13988,201800,8004000
2026-09-17T01:17:51.653Z,216,6.05,7.5
2026-09-17T01:17:51.653Z,28999,3001,16890
2026-09-17T01:17:51.653Z,12546,339800,459700
2026-09-17T01:17:51.653Z,25237,53100,69900
2026-09-17T01:17:51.653Z,25333,24010,44970
2026-09-17T01:17:51.653Z,44183,25000,1215000
2026-09-17T01:17:51.653Z,82393,620000,1945000
2026-09-17T01:17:51.653Z,33287,321100000,346000000
2026-09-17T01:17:51.653Z,642,141000000,154300000
2026-09-17T01:17:51.653Z,56923,1000000,5990000
2026-09-17T01:17:51.653Z,4349,366300000,398000000
2026-09-17T01:17:51.653Z,47648,327800,1980000
2026-09-17T01:17:51.653Z,20749,990,2589
2026-09-17T01:17:51.653Z,22977,300.4,612.8
2026-09-17T01:17:51.653Z,57166,10000,1893000
2026-09-17T01:17:51.653Z,25590,78520,84990
2026-09-17T01:17:51.653Z,13775,26890000,29600000
2026-09-17T01:17:51.653Z,34266,,191000
2026-09-17T01:17:51.653Z,20963,1.28,437.4
2026-09-17T01:17:51.653Z,62402,10300,11510
2026-09-17T01:17:51.653Z,88622,40000,400000
2026-09-17T01:17:51.653Z,83360,360000,2520000
2026-09-17T01:17:51.653Z,28782,117300,65000000
2026-09-17T01:17:51.653Z,33790,37060000,64100000
2026-09-17T01:17:51.653Z,19311,66190000,77890000
2026-09-17T01:17:51.653Z,83286,1000,87990
2026-09-17T01:17:51.653Z,24443,719800,900000
2026-09-17T01:17:51.653Z,20448,59550000,73960000
2026-09-17T01:17:51.653Z,2046,5948,7692
2026-09-17T01:17:51.653Z,31119,190400,221000
2026-09-17T01:17:51.653Z,2400,433,449
2026-09-17T01:17:51.653Z,91148,11100,185000
2026-09-17T01:17:51.653Z,188,14.28,28.49
2026-09-17T01:17:51.653Z,12538,18630,53990
2026-09-17T01:17:51.653Z,88587,80000,1481000
2026-09-17T01:17:51.653Z,91137,41000,92310
2026-09-17T01:17:51.653Z,88677,60000,1500000
2026-09-17T01:17:51.653Z,85758,35050,49990
2026-09-17T01:17:51.653Z,22559,42250000,46190000
2026-09-17T01:17:51.653Z,21928,447.5,557.6
2026-09-17T01:17:51.653Z,47271,402200000,431400000
2026-09-17T01:17:51.653Z,599,160800,299400
2026-09-17T01:17:51.653Z,18939,171700000,180800000
2026-09-17T01:17:51.653Z,18935,78260000,95570000
2026-09-17T01:17:51.653Z,18923,57650000,67310000
2026-09-17T01:17:51.653Z,18943,63010000,67760000
2026-09-17T01:17:51.653Z,14840,951800000,1570000000
2026-09-17T01:17:51.653Z,47918,31530000,33700000
2026-09-17T01:17:51.653Z,19303,45110000,49500000
2026-09-17T01:17:51.653Z,3542,291600000,319300000
2026-09-17T01:17:51.653Z,3213,334000000,668200000
2026-09-17T01:17:51.653Z,13927,9001000,11270000
2026-09-17T01:17:51.653Z,18708,195400000,215700000
2026-09-17T01:17:51.653Z,18813,3273000,8793000
2026-09-17T01:17:51.653Z,45591,35540000,35550000
2026-09-17T01:17:51.653Z,19181,99070000,119800000
2026-09-17T01:17:51.653Z,23015,2021,2268
2026-09-17T01:17:51.653Z,34290,3150000,3518000
2026-09-17T01:17:51.653Z,43682,,38900000
2026-09-17T01:17:51.653Z,41530,100700000,270800000
2026-09-17T01:17:51.653Z,23128,18840000,19970000
2026-09-17T01:17:51.653Z,26406,70060000,85620000
2026-09-17T01:17:51.653Z,87509,4128000,6000000
2026-09-17T01:17:51.653Z,17924,83730000,96710000
2026-09-17T01:17:51.653Z,84179,440000,820900
2026-09-17T01:17:51.653Z,41267,99170,109700
2026-09-17T01:17:51.653Z,57452,11680000,13090000
2026-09-17T01:17:51.653Z,8427,68670,82340
2026-09-17T01:17:51.653Z,19349,59480000,68500000
2026-09-17T01:17:51.653Z,83202,80000,150000
2026-09-17T01:17:51.653Z,20043,2.11,179.9
2026-09-17T01:17:51.653Z,498,1021000,2013000
2026-09-17T01:17:51.653Z,3841,857200,857300
2026-09-17T01:17:51.653Z,14045,31190000,36550000
2026-09-17T01:17:51.653Z,57457,3530,3548
2026-09-17T01:17:51.653Z,46393,0.01,387700000
2026-09-17T01:17:51.653Z,48586,0.01,4365000
2026-09-17T01:17:51.653Z,44899,6573000,23080000
2026-09-17T01:17:51.653Z,45998,5908000,6396000
2026-09-17T01:17:51.653Z,46003,13910000,16500000
2026-09-17T01:17:51.653Z,15707,2500000,4698000
2026-09-17T01:17:51.653Z,21904,628.5,717.8
2026-09-17T01:17:51.653Z,17888,581,611.7
2026-09-17T01:17:51.653Z,25622,162100,178800
2026-09-17T01:17:51.653Z,27175,110000,288400
2026-09-17T01:17:51.653Z,19081,4270000,6400000
2026-09-17T01:17:51.653Z,3204,4314000,6392000
2026-09-17T01:17:51.653Z,4358,58750,88100
2026-09-17T01:17:51.653Z,15591,30000,30010
2026-09-17T01:17:51.653Z,31782,400000,1065000
2026-09-17T01:17:51.653Z,52436,2600000,7885000
2026-09-17T01:17:51.653Z,9646,21030,24990
2026-09-17T01:17:51.653Z,45735,9900000,29900000
2026-09-17T01:17:51.653Z,45788,113500,7411000
2026-09-17T01:17:51.653Z,45983,12170000,36150000
2026-09-17T01:17:51.653Z,17491,46050000,74690000
2026-09-17T01:17:51.653Z,24694,142000000,153500000
2026-09-17T01:17:51.653Z,34016,130000000,299900000
2026-09-17T01:17:51.653Z,83256,1000,567500
2026-09-17T01:17:51.653Z,53142,10000000,550000000
2026-09-17T01:17:51.653Z,20741,4224,4683
2026-09-17T01:17:51.653Z,28691,75510,125500
2026-09-17T01:17:51.653Z,12076,3801000,3803000
2026-09-17T01:17:51.653Z,23071,252700,287800
2026-09-17T01:17:51.653Z,57443,11410000,12180000
2026-09-17T01:17:51.653Z,23115,620400,932900
2026-09-17T01:17:51.653Z,19359,142000000,148900000
2026-09-17T01:17:51.653Z,6176,1400,2598
2026-09-17T01:17:51.653Z,2364,792100,800000
2026-09-17T01:17:51.653Z,19685,112200000,119300000
2026-09-17T01:17:51.653Z,54783,14500,18330
2026-09-17T01:17:51.653Z,84413,2000,17700
2026-09-17T01:17:51.653Z,3102,1504000,94640000
2026-09-17T01:17:51.653Z,53382,127300,19990000
2026-09-17T01:17:51.653Z,11540,36260,37560
2026-09-17T01:17:51.653Z,41059,82800000,98000000
2026-09-17T01:17:51.653Z,30309,31590,35120
2026-09-17T01:17:51.653Z,48386,2318000,6574000
2026-09-17T01:17:51.653Z,40661,39570000,46940000
2026-09-17T01:17:51.653Z,18897,60130000,89560000
2026-09-17T01:17:51.653Z,28201,400100,467700
2026-09-17T01:17:51.653Z,2185,756700,809300
2026-09-17T01:17:51.653Z,47755,71170000,80000000
2026-09-17T01:17:51.653Z,20829,303100,1475000
2026-09-17T01:17:51.653Z,7489,7665,23930
2026-09-17T01:17:51.653Z,3232,75000000,83250000
2026-09-17T01:17:51.653Z,46006,16760000,16780000
2026-09-17T01:17:51.653Z,34726,5500000,6888000
2026-09-17T01:17:51.653Z,62550,704.5,954
2026-09-17T01:17:51.653Z,16228,602600,540000000
2026-09-17T01:17:51.653Z,60474,3194000,3778000
2026-09-17T01:17:51.653Z,74529,2003,3750
2026-09-17T01:17:51.653Z,57486,75800,77900
2026-09-17T01:17:51.653Z,47895,15910000,17450000
2026-09-17T01:17:51.653Z,45871,2000,3703000
2026-09-17T01:17:51.653Z,41250,84000000,109000000
2026-09-17T01:17:51.653Z,76489,800000,2365000
2026-09-17T01:17:51.653Z,18941,70370000,74990000
2026-09-17T01:17:51.653Z,89267,320000,577900
2026-09-17T01:17:51.653Z,47752,4415000,5416000
2026-09-17T01:17:51.653Z,16239,177400,8416400
2026-09-17T01:17:51.653Z,14037,476300,693500
2026-09-17T01:17:51.653Z,45951,218000,3933000
2026-09-17T01:17:51.653Z,19282,110500000,121600000
2026-09-17T01:17:51.653Z,32108,4131000,16740000
2026-09-17T01:17:51.653Z,1236,363600,405700
2026-09-17T01:17:51.653Z,90405,118000000,879600000
2026-09-17T01:17:51.653Z,34562,50000000,65760000
2026-09-17T01:17:51.653Z,31270,371400,3095000
2026-09-17T01:17:51.653Z,628,8059000,9060000
2026-09-17T01:17:51.653Z,32109,4000000,16930000
2026-09-17T01:17:51.653Z,17264,5001,12480
2026-09-17T01:17:51.653Z,18983,28040000,32480000
2026-09-17T01:17:51.653Z,27349,150.2,489.8
2026-09-17T01:17:51.653Z,19205,147400000,163000000
2026-09-17T01:17:51.653Z,62555,1940,2099
2026-09-17T01:17:51.653Z,13787,881000,2495000
2026-09-17T01:17:51.653Z,41533,265700000,287500000
2026-09-17T01:17:51.653Z,80941,,640000000
2026-09-17T01:17:51.653Z,235,65.01,77.95
2026-09-17T01:17:51.653Z,31990,35890,41400
2026-09-17T01:17:51.653Z,20199,5510000,6882000
2026-09-17T01:17:51.653Z,12828,260800,315800
2026-09-17T01:17:51.653Z,18682,70040000,76140000
2026-09-17T01:17:51.653Z,47739,3948000,5437000
2026-09-17T01:17:51.653Z,28848,6923000000,7053000000
2026-09-17T01:17:51.653Z,45620,32900000,36110000
2026-09-17T01:17:51.653Z,19139,15300000,17960000
2026-09-17T01:17:51.653Z,75909,1520000000,3194000000
2026-09-17T01:17:51.653Z,47885,320.1,379.4
2026-09-17T01:17:51.653Z,16519,20030,29870
2026-09-17T01:17:51.653Z,28213,1681000,1980000
2026-09-17T01:17:51.653Z,25812,4538000,4898000
2026-09-17T01:17:51.653Z,41156,24100000,178000000
2026-09-17T01:17:51.653Z,31770,0.02,3910000
2026-09-17T01:17:51.653Z,60193,456800000,1794000000
2026-09-17T01:17:51.653Z,62399,4303,4783
2026-09-17T01:17:51.653Z,54436,5767000,79500000
2026-09-17T01:17:51.653Z,33938,31310000,63910000
2026-09-17T01:17:51.653Z,3101,,6500000
2026-09-17T01:17:51.653Z,79722,699200,4931000
2026-09-17T01:17:51.653Z,15764,88840000,97570000
2026-09-17T01:17:51.653Z,42772,55060,999900
2026-09-17T01:17:51.653Z,62567,2735,3416
2026-09-17T01:17:51.653Z,8585,8800,11690
2026-09-17T01:17:51.653Z,454,18300,56650
2026-09-17T01:17:51.653Z,17858,3000000,100000000
2026-09-17T01:17:51.653Z,45568,6530000,245000000
2026-09-17T01:17:51.653Z,62406,31900,32900
2026-09-17T01:17:51.653Z,23902,25580000,62730000
2026-09-17T01:17:51.653Z,624,9915000,11100000
2026-09-17T01:17:51.653Z,17860,,80000000
2026-09-17T01:17:51.653Z,89117,51000000,119600000
2026-09-17T01:17:51.653Z,55590,255500,999900
2026-09-17T01:17:51.653Z,17559,49060000,52870000
2026-09-17T01:17:51.653Z,32111,6518000,18530000
2026-09-17T01:17:51.653Z,84009,20100,58620
2026-09-17T01:17:51.653Z,19223,55590000,59990000
2026-09-17T01:17:51.653Z,41314,2473,2549
2026-09-17T01:17:51.653Z,48426,1570000,2660000
2026-09-17T01:17:51.653Z,89662,30220000,83880000
2026-09-17T01:17:51.653Z,17862,,90000000
2026-09-17T01:17:51.653Z,1335,171300,200000
2026-09-17T01:17:51.653Z,31177,40250,56630
2026-09-17T01:17:51.653Z,85536,42430,16900000
2026-09-17T01:17:51.653Z,47734,14250000,15200000
2026-09-17T01:17:51.653Z,56139,54080000,58610000
2026-09-17T01:17:51.653Z,85559,46120000,54900000
2026-09-17T01:17:51.653Z,18829,100500000,119800000
2026-09-17T01:17:51.653Z,49733,13070000,17940000
2026-09-17T01:17:51.653Z,4383,2580000,2600000
2026-09-17T01:17:51.653Z,90528,2511000,4400000
2026-09-17T01:17:51.653Z,49727,1284000,1437000
2026-09-17T01:17:51.653Z,56142,24020000,25000000
2026-09-17T01:17:51.653Z,92375,171800,348700
2026-09-17T01:17:51.653Z,17864,,70000000
2026-09-17T01:17:51.653Z,85640,120600,1899000
2026-09-17T01:17:51.653Z,83353,10000,413900
2026-09-17T01:17:51.653Z,87325,25390000,34890000
2026-09-17T01:17:51.653Z,60465,703200,1088000
2026-09-17T01:17:51.653Z,90611,156600,946700
2026-09-17T01:17:51.653Z,60460,400000,546500
2026-09-17T01:17:51.653Z,60471,205300,412900
2026-09-17T01:17:51.653Z,55576,1079,51990
2026-09-17T01:17:51.653Z,12200,18260000,19530000
2026-09-17T01:17:51.653Z,19727,783800000,1950000000
2026-09-17T01:17:51.653Z,89240,2924000,3273000
2026-09-17T01:17:51.653Z,21906,450.6,543.8
2026-09-17T01:17:51.653Z,644,139500000,151500000
2026-09-17T01:17:51.653Z,20186,1451000000,2000000000
2026-09-17T01:17:51.653Z,54972,1509,3249
2026-09-17T01:17:51.653Z,44110,550,550.1
2026-09-17T01:17:51.653Z,47450,166700,666800
2026-09-17T01:17:51.653Z,56077,769600,955800
2026-09-17T01:17:51.653Z,53983,8531000,9879000
2026-09-17T01:17:51.653Z,380,181400,228400
2026-09-17T01:17:51.653Z,92380,21000000,299800000
2026-09-17T01:17:51.653Z,88640,10000,1181000
2026-09-17T01:17:51.653Z,20449,1312000,46052412
2026-09-17T01:17:51.653Z,53893,293400000,448300000
2026-09-17T01:17:51.653Z,31762,19560000,33770000
2026-09-17T01:17:51.653Z,40733,21360000,103700000
2026-09-17T01:17:51.653Z,81051,52020,81000
2026-09-17T01:17:51.653Z,34436,13660000,18470000
2026-09-17T01:17:51.653Z,20540,,54371388
2026-09-17T01:17:51.653Z,3995,1702000,2110000
2026-09-17T01:17:51.653Z,83292,60000,167300
2026-09-17T01:17:51.653Z,83224,60000,556700
2026-09-17T01:17:51.653Z,83236,1000,316900
2026-09-17T01:17:51.653Z,4124,278200000,1875000000
2026-09-17T01:17:51.653Z,76151,200300,28000000
2026-09-17T01:17:51.653Z,83209,10000,1087000
2026-09-17T01:17:51.653Z,31015,4784000,5150000
2026-09-17T01:17:51.653Z,60670,19000,980000
2026-09-17T01:17:51.653Z,83472,3001000,3251000
2026-09-17T01:17:51.653Z,31600,683800,1235000
2026-09-17T01:17:51.653Z,89672,315000000,1356000000
2026-09-17T01:17:51.653Z,640,109000000,116900000
2026-09-17T01:17:51.653Z,25948,3860000,4169000
2026-09-17T01:17:51.653Z,46205,0.02,17990000
2026-09-17T01:17:51.653Z,45936,100500,1409000
2026-09-17T01:17:51.653Z,21014,,1202763200
2026-09-17T01:17:51.653Z,17547,149900000,400000000
2026-09-17T01:17:51.653Z,44265,1131,2299
2026-09-17T01:17:51.653Z,7451,459700,546700
2026-09-17T01:17:51.653Z,13209,40830000,48250000
2026-09-17T01:17:51.653Z,8537,30010,40000
2026-09-17T01:17:51.653Z,21024,218800000,1306728000
2026-09-17T01:17:51.653Z,3142,75110000,99200000
2026-09-17T01:17:51.653Z,1832,100,171.8
2026-09-17T01:17:51.653Z,12052,254100,370000
2026-09-17T01:17:51.653Z,46927,117200,3496000
2026-09-17T01:17:51.653Z,23117,625400,987000
2026-09-17T01:17:51.653Z,44922,8001000,350000000
2026-09-17T01:17:51.653Z,21026,,1663964800
2026-09-17T01:17:51.653Z,41242,1.05,19000000
2026-09-17T01:17:51.653Z,79729,2110000,5000000
2026-09-17T01:17:51.653Z,56596,650000,4170000
2026-09-17T01:17:51.653Z,21028,502100000,833702400
2026-09-17T01:17:51.653Z,60669,1501000,13000000
2026-09-17T01:17:51.653Z,11556,31560,34440
2026-09-17T01:17:51.653Z,48367,632700000,4992000000
2026-09-17T01:17:51.653Z,60213,1200000,4994000
2026-09-17T01:17:51.653Z,2629,361.5,393.9
2026-09-17T01:17:51.653Z,21036,,1228398800
2026-09-17T01:17:51.653Z,57062,70730000,149600000
2026-09-17T01:17:51.653Z,49790,66010000,77110000
2026-09-17T01:17:51.653Z,14190,212000000,232100000
2026-09-17T01:17:51.653Z,41219,31320000,44250000
2026-09-17T01:17:51.653Z,28846,6017000000,6695000000
2026-09-17T01:17:51.653Z,493,51000,230500
2026-09-17T01:17:51.653Z,21040,,1543366400
2026-09-17T01:17:51.653Z,89618,271200000,390100000
2026-09-17T01:17:51.653Z,47898,520400,575100
2026-09-17T01:17:51.653Z,90606,840000,2000000
2026-09-17T01:17:51.653Z,60224,700100,5000000
2026-09-17T01:17:51.653Z,3304,1313,90000
2026-09-17T01:17:51.653Z,40500,,499900000
2026-09-17T01:17:51.653Z,45615,35010000,35020000
2026-09-17T01:17:51.653Z,34202,1880000,2048000
2026-09-17T01:17:51.653Z,88051,302100000,599400000
2026-09-17T01:17:51.653Z,21604,,31372640
2026-09-17T01:17:51.653Z,90050,410000,1001000
2026-09-17T01:17:51.653Z,28205,1154000,1489000
2026-09-17T01:17:51.653Z,7997,14010,39990
2026-09-17T01:17:51.653Z,33140,29910000,32590000
2026-09-17T01:17:51.653Z,93592,5680,5836
2026-09-17T01:17:51.653Z,3482,560100000,625100000
2026-09-17T01:17:51.653Z,30308,12100,13010
2026-09-17T01:17:51.653Z,25278,25040,32870
2026-09-17T01:17:51.653Z,11558,29480,31450
2026-09-17T01:17:51.653Z,10246,9068,11990
2026-09-17T01:17:51.653Z,49741,58240000,63920000
2026-09-17T01:17:51.653Z,60476,363300000,399700000
2026-09-17T01:17:51.653Z,21727,19700,173200
2026-09-17T01:17:51.653Z,13827,40990000,54500000
2026-09-17T01:17:51.653Z,11640,380900,493300
2026-09-17T01:17:51.653Z,89261,100000,384600
2026-09-17T01:17:51.653Z,47249,22200000,100000000
2026-09-17T01:17:51.653Z,44913,7700000,25000000
2026-09-17T01:17:51.653Z,2393,432.2,448
2026-09-17T01:17:51.653Z,26428,5012000,12510000
2026-09-17T01:17:51.653Z,41083,138000000,836900000
2026-09-17T01:17:51.653Z,88546,10010,999700
2026-09-17T01:17:51.653Z,3284,115000,17000000
2026-09-17T01:17:51.653Z,12198,1167000,1252000
2026-09-17T01:17:51.653Z,2303,947000,1081000
2026-09-17T01:17:51.653Z,18919,143700000,154700000
2026-09-17T01:17:51.653Z,92588,110000000,173900000
2026-09-17T01:17:51.653Z,47009,506200,9931000
2026-09-17T01:17:51.653Z,90041,2002,42980
2026-09-17T01:17:51.653Z,37877,50000,1600000
2026-09-17T01:17:51.653Z,95674,2521000,3296000
2026-09-17T01:17:51.653Z,44924,880000,11870000
2026-09-17T01:17:51.653Z,11537,19000,22830
2026-09-17T01:17:51.653Z,60666,408300,6898000
2026-09-17T01:17:51.653Z,54784,5215,6400
2026-09-17T01:17:51.653Z,44898,,38000000
2026-09-17T01:17:51.653Z,20413,92730,98730
2026-09-17T01:17:51.653Z,19001,40180000,43970000
2026-09-17T01:17:51.653Z,18837,8468000,9731000
2026-09-17T01:17:51.653Z,15709,11000000,13800000
2026-09-17T01:17:51.653Z,19013,15470000,19950000
2026-09-17T01:17:51.653Z,91952,10530000,15990000
2026-09-17T01:17:51.653Z,44145,10000,876400
2026-09-17T01:17:51.653Z,23736,,598300000
2026-09-17T01:17:51.653Z,28672,2449000,2623000
2026-09-17T01:17:51.653Z,80942,69750000,490000000
2026-09-17T01:17:51.653Z,44908,3130000,18000000
2026-09-17T01:17:51.653Z,20631,21300000,31950000
2026-09-17T01:17:51.653Z,33969,2225000,13390000
2026-09-17T01:17:51.653Z,21918,1093,1168
2026-09-17T01:17:51.653Z,85652,8276000,18750000
2026-09-17T01:17:51.653Z,15605,3636000,4425000
2026-09-17T01:17:51.653Z,54392,248400000,274400000
2026-09-17T01:17:51.653Z,42695,527.3,649.6
2026-09-17T01:17:51.653Z,11229,405700,479800
2026-09-17T01:17:51.653Z,14295,3549000,3885000
2026-09-17T01:17:51.653Z,5439,1141,12380
2026-09-17T01:17:51.653Z,15614,142000,145900
2026-09-17T01:17:51.653Z,27102,10010,421700
2026-09-17T01:17:51.653Z,15656,90170,109400
2026-09-17T01:17:51.653Z,45595,36260000,39300000
2026-09-17T01:17:51.653Z,23093,307000,389500
2026-09-17T01:17:51.653Z,62644,20030,1392000
2026-09-17T01:17:51.653Z,10216,16710000,17000000
2026-09-17T01:17:51.653Z,14298,3528000,4698000
2026-09-17T01:17:51.653Z,15660,30000,30010
2026-09-17T01:17:51.653Z,20424,25260,27690
2026-09-17T01:17:51.653Z,28710,901900000,951800000
2026-09-17T01:17:51.653Z,88625,1000000,7995000
2026-09-17T01:17:51.653Z,44888,100000,27360000
2026-09-17T01:17:51.653Z,57118,107300000,143200000
2026-09-17T01:17:51.653Z,17859,2100,4878
2026-09-17T01:17:51.653Z,24349,,90000
2026-09-17T01:17:51.653Z,43729,758100000,997000000
2026-09-17T01:17:51.653Z,11530,31310,34060
2026-09-17T01:17:51.653Z,91284,45000,1485000
2026-09-17T01:17:51.653Z,31029,7318000,9263000
2026-09-17T01:17:51.653Z,34810,921000000,2820000000
2026-09-17T01:17:51.653Z,93666,,49980000
2026-09-17T01:17:51.653Z,47874,739700,2139000
2026-09-17T01:17:51.653Z,491,63570,200000
2026-09-17T01:17:51.653Z,9678,505200,572000
2026-09-17T01:17:51.653Z,11552,34400,41490
2026-09-17T01:17:51.653Z,96332,6122000,31370000
2026-09-17T01:17:51.653Z,17812,7503000,8148000
2026-09-17T01:17:51.653Z,31662,500000,4297000
2026-09-17T01:17:51.653Z,11478,625.6,848.6
2026-09-17T01:17:51.653Z,60633,20000,1000000
2026-09-17T01:17:51.653Z,24548,,1683418400
2026-09-17T01:17:51.653Z,47837,30010000,59850000
2026-09-17T01:17:51.653Z,54395,427500000,460000000
2026-09-17T01:17:51.653Z,40560,27080000,28910000
2026-09-17T01:17:51.653Z,11746,309.7,1499
2026-09-17T01:17:51.653Z,28780,72130000,79450000
2026-09-17T01:17:51.653Z,15780,8043000,12180000
2026-09-17T01:17:51.653Z,19315,113600000,127100000
2026-09-17T01:17:51.653Z,47312,7349000,27000000
2026-09-17T01:17:51.653Z,25598,2783,2784
2026-09-17T01:17:51.653Z,256,38500,41510
2026-09-17T01:17:51.653Z,42701,120000,1000000
2026-09-17T01:17:51.653Z,20453,,48000000
2026-09-17T01:17:51.653Z,45864,500000,8000000
2026-09-17T01:17:51.653Z,24553,,240947786
2026-09-17T01:17:51.653Z,24305,5198000,5914000
2026-09-17T01:17:51.653Z,83278,1000,191500
2026-09-17T01:17:51.653Z,14136,21460000,23590000
2026-09-17T01:17:51.653Z,24557,,2146886800
2026-09-17T01:17:51.653Z,58905,41020000,190000000
2026-09-17T01:17:51.653Z,20211,1070000,1967000
2026-09-17T01:17:51.653Z,58860,410300,3300000
2026-09-17T01:17:51.653Z,13955,5214000,7494000
2026-09-17T01:17:51.653Z,23813,22380000,53080000
2026-09-17T01:17:51.653Z,31918,14700000,17030000
2026-09-17T01:17:51.653Z,31908,19390000,22470000
2026-09-17T01:17:51.653Z,6757,3118,14120
2026-09-17T01:17:51.653Z,24559,170300000,1697361200
2026-09-17T01:17:51.653Z,200,125,173.5
2026-09-17T01:17:51.653Z,31736,2116000,2689000
2026-09-17T01:17:51.653Z,45519,92000000,525000000
2026-09-17T01:17:51.653Z,56864,5025000,13490000
2026-09-17T01:17:51.653Z,50050,219000000,500000000
2026-09-17T01:17:51.653Z,31710,,2599000
2026-09-17T01:17:51.653Z,24561,,1670784800
2026-09-17T01:17:51.653Z,2872,1932000,2032000
2026-09-17T01:17:51.653Z,33941,59200000,64040000
2026-09-17T01:17:51.653Z,57396,150200000,500000000
2026-09-17T01:17:51.653Z,62528,30.52,33
2026-09-17T01:17:51.653Z,24645,,399900000
2026-09-17T01:17:51.653Z,29015,9039,13190
2026-09-17T01:17:51.653Z,18907,84420000,107400000
2026-09-17T01:17:51.653Z,18921,66030000,77930000
2026-09-17T01:17:51.653Z,24689,215000000,1650000000
2026-09-17T01:17:51.653Z,46942,,3999000
2026-09-17T01:17:51.653Z,18857,14600000,29120000
2026-09-17T01:17:51.653Z,41503,10950000,69890000
2026-09-17T01:17:51.653Z,33141,38170000,40880000
2026-09-17T01:17:51.653Z,42685,12910000,13840000
2026-09-17T01:17:51.653Z,2869,963400,1039000
2026-09-17T01:17:51.653Z,24699,503100000,580000000
2026-09-17T01:17:51.653Z,44162,25000,1271000
2026-09-17T01:17:51.653Z,199,105,130.2
2026-09-17T01:17:51.653Z,2161,297500,355000
2026-09-17T01:17:51.653Z,92662,5108000,34990000
2026-09-17T01:17:51.653Z,34432,334000,2000000
2026-09-17T01:17:51.653Z,96333,45060000,54840000
2026-09-17T01:17:51.653Z,54394,341800000,375500000
2026-09-17T01:17:51.653Z,60573,45000000,89850000
2026-09-17T01:17:51.653Z,26760,,600000
2026-09-17T01:17:51.653Z,12822,173800,207900
2026-09-17T01:17:51.653Z,21088,1648000,6189000
2026-09-17T01:17:51.653Z,26761,11000,600000
2026-09-17T01:17:51.653Z,28754,171000000,183400000
2026-09-17T01:17:51.653Z,13976,7252000,9324000
2026-09-17T01:17:51.653Z,45955,1000000,2877000
2026-09-17T01:17:51.653Z,17738,725000000,764500000
2026-09-17T01:17:51.653Z,85972,379100000,1191000000
2026-09-17T01:17:51.653Z,14684,3108000000,3496000000
2026-09-17T01:17:51.653Z,25715,957100,957200
2026-09-17T01:17:51.653Z,33915,562600,648800
2026-09-17T01:17:51.653Z,18726,283700,3898000
2026-09-17T01:17:51.653Z,26302,65250000,71890000
2026-09-17T01:17:51.653Z,26762,,600000
2026-09-17T01:17:51.653Z,17720,161700000,177800000
2026-09-17T01:17:51.653Z,393,19190,19200
2026-09-17T01:17:51.653Z,61865,260300,9319000
2026-09-17T01:17:51.653Z,37874,50100,800000
2026-09-17T01:17:51.653Z,22107,20430000,22580000
2026-09-17T01:17:51.653Z,18750,216.1,579800
2026-09-17T01:17:51.653Z,22460,35800000,39300000
2026-09-17T01:17:51.653Z,15602,604200,669600
2026-09-17T01:17:51.653Z,14768,259700000,483100000
2026-09-17T01:17:51.653Z,13821,401400,2691000
2026-09-17T01:17:51.653Z,45633,32620000,35750000
2026-09-17T01:17:51.653Z,43765,3333000,14750000
2026-09-17T01:17:51.653Z,22440,726300000,784000000
2026-09-17T01:17:51.653Z,4393,36130,68800
2026-09-17T01:17:51.653Z,34204,909400,973600
2026-09-17T01:17:51.653Z,27679,,51000000
2026-09-17T01:17:51.653Z,33681,198000000,213800000
2026-09-17T01:17:51.653Z,48950,,13980000
2026-09-17T01:17:51.653Z,44912,130500,25000000
2026-09-17T01:17:51.653Z,593,200000,412500
2026-09-17T01:17:51.653Z,27913,12200000,200000000
2026-09-17T01:17:51.653Z,15931,115700000,126000000
2026-09-17T01:17:51.653Z,43764,319200,3869000
2026-09-17T01:17:51.653Z,84086,67480000,129900000
2026-09-17T01:17:51.653Z,18692,42030000,45430000
2026-09-17T01:17:51.653Z,44925,3650000,17400000
2026-09-17T01:17:51.653Z,46799,1018,1490000
2026-09-17T01:17:51.653Z,27923,150300,150000000
2026-09-17T01:17:51.653Z,15770,38390000,41430000
2026-09-17T01:17:51.653Z,1183,433800,463300
2026-09-17T01:17:51.653Z,81026,7101000,17860000
2026-09-17T01:17:51.653Z,90620,1104000,4766000
2026-09-17T01:17:51.653Z,4309,317100000,708300000
2026-09-17T01:17:51.653Z,36953,150100000,200000000
2026-09-17T01:17:51.653Z,30013,4265,8900
2026-09-17T01:17:51.653Z,56070,221600,281400
2026-09-17T01:17:51.653Z,45970,302000,9382000
2026-09-17T01:17:51.653Z,27952,3.01,522349680
2026-09-17T01:17:51.653Z,82476,160800,1700000
2026-09-17T01:17:51.653Z,44207,4100,7499000
2026-09-17T01:17:51.653Z,45859,40000000,84200000
2026-09-17T01:17:51.653Z,46712,561900,2750000
2026-09-17T01:17:51.653Z,14234,13120000,15670000
2026-09-17T01:17:51.653Z,45596,33880000,39560000
2026-09-17T01:17:51.653Z,47764,500,5100
2026-09-17T01:17:51.653Z,14230,30840000,43400000
2026-09-17T01:17:51.653Z,15893,99500000,107500000
2026-09-17T01:17:51.653Z,49748,,2298000
2026-09-17T01:17:51.653Z,22981,100.8,734.9
2026-09-17T01:17:51.653Z,31039,5025000,5487000
2026-09-17T01:17:51.653Z,28584,4002000,400000000
2026-09-17T01:17:51.653Z,36954,150300000,200000000
2026-09-17T01:17:51.653Z,56074,135200,183100
2026-09-17T01:17:51.653Z,17836,5879000,8598000
2026-09-17T01:17:51.653Z,23159,41.21,41.22
2026-09-17T01:17:51.653Z,13945,65410000,72930000
2026-09-17T01:17:51.653Z,4403,1521000,1647000
2026-09-17T01:17:51.653Z,28647,,31372640
2026-09-17T01:17:51.653Z,82313,783.4,1036
2026-09-17T01:17:51.653Z,21968,1.01,200000000
2026-09-17T01:17:51.653Z,63253,126600000,289500000
2026-09-17T01:17:51.653Z,28653,48020,481455760
2026-09-17T01:17:51.653Z,92283,110000000,133700000
2026-09-17T01:17:51.653Z,62464,1140,1459
2026-09-17T01:17:51.653Z,23811,47760000,72960000
2026-09-17T01:17:51.653Z,84085,25160000,109100000
2026-09-17T01:17:51.653Z,10872,13010,16910
2026-09-17T01:17:51.653Z,53891,210300000,259200000
2026-09-17T01:17:51.653Z,33529,2236000000,2892000000
2026-09-17T01:17:51.653Z,14158,17040000,24280000
2026-09-17T01:17:51.653Z,14413,11000000,449000000
2026-09-17T01:17:51.653Z,27395,1450,1522
2026-09-17T01:17:51.653Z,11311,105000,130500
2026-09-17T01:17:51.653Z,91921,1671000,2794000
2026-09-17T01:17:51.653Z,22534,20680000,22670000
2026-09-17T01:17:51.653Z,47636,31040000,87900000
2026-09-17T01:17:51.653Z,22129,66250000,72080000
2026-09-17T01:17:51.653Z,33360,12000,12620
2026-09-17T01:17:51.653Z,21725,2009000,2880000
2026-09-17T01:17:51.653Z,41332,1195000,1477000
2026-09-17T01:17:51.653Z,29000,100000,1500000
2026-09-17T01:17:51.653Z,9944,31000,59590
2026-09-17T01:17:51.653Z,85452,247500000,340000000
2026-09-17T01:17:51.653Z,62050,1301000,10000000
2026-09-17T01:17:51.653Z,52679,14000000,41920000
2026-09-17T01:17:51.653Z,42759,50100,1100000
2026-09-17T01:17:51.653Z,11481,423.5,549.7
2026-09-17T01:17:51.653Z,27196,25440000,26300000
2026-09-17T01:17:51.653Z,19009,48200000,54990000
2026-09-17T01:17:51.653Z,92644,493100000,850000000
2026-09-17T01:17:51.653Z,60645,802000,2386000
2026-09-17T01:17:51.653Z,84331,300000,4899000
2026-09-17T01:17:51.653Z,23713,7988,38430
2026-09-17T01:17:51.653Z,83344,10000,2673000
2026-09-17T01:17:51.653Z,14922,29400000,298000000
2026-09-17T01:17:51.653Z,12777,128.1,148.6
2026-09-17T01:17:51.653Z,33157,105100000,113600000
2026-09-17T01:17:51.653Z,48121,95000,95600
2026-09-17T01:17:51.653Z,11965,139800000,154300000
2026-09-17T01:17:51.653Z,22993,850.1,1088
2026-09-17T01:17:51.653Z,88584,1000,96990
2026-09-17T01:17:51.653Z,49646,480100,9790000
2026-09-17T01:17:51.653Z,88680,6200000,15000000
2026-09-17T01:17:51.653Z,61216,262300,1746000
2026-09-17T01:17:51.653Z,29006,100300,1500000
2026-09-17T01:17:51.653Z,35794,12100,19290
2026-09-17T01:17:51.653Z,20018,21160,48000
2026-09-17T01:17:51.653Z,82587,4248000,419800000
2026-09-17T01:17:51.653Z,21790,200,50000
2026-09-17T01:17:51.653Z,29011,12010,15190
2026-09-17T01:17:51.653Z,29008,25190,1500000
2026-09-17T01:17:51.653Z,49653,222000,2398000
2026-09-17T01:17:51.653Z,29010,25180,1500000
2026-09-17T01:17:51.653Z,23170,20030,290000
2026-09-17T01:17:51.653Z,14433,56600000,373900000
2026-09-17T01:17:51.653Z,34676,,190000000
2026-09-17T01:17:51.653Z,19283,9770000,11760000
2026-09-17T01:17:51.653Z,79954,3600000,29800000
2026-09-17T01:17:51.653Z,49648,130000,4800000
2026-09-17T01:17:51.653Z,16660,915.8,998
2026-09-17T01:17:51.653Z,29014,99990,1500000
2026-09-17T01:17:51.653Z,47928,641.9,719.1
2026-09-17T01:17:51.653Z,29016,49990,1500000
2026-09-17T01:17:51.653Z,90415,1500000,4240000
2026-09-17T01:17:51.653Z,2953,3052000,4282000
2026-09-17T01:17:51.653Z,57509,30000000,50000000
2026-09-17T01:17:51.653Z,37627,245900000,271800000
2026-09-17T01:17:51.653Z,17938,18800,19870
2026-09-17T01:17:51.653Z,31153,212000,240000
2026-09-17T01:17:51.653Z,23803,90700000,108200000
2026-09-17T01:17:51.653Z,32069,530.1,98960
2026-09-17T01:17:51.653Z,29040,0.01,15000000
2026-09-17T01:17:51.653Z,61212,641200,979400
2026-09-17T01:17:51.653Z,55753,152300,1520000
2026-09-17T01:17:51.653Z,48438,218700000,239000000
2026-09-17T01:17:51.653Z,17722,257800000,274000000
2026-09-17T01:17:51.653Z,14178,25170000,28450000
2026-09-17T01:17:51.653Z,52312,556200,617700
2026-09-17T01:17:51.653Z,14280,750000,695000
2026-09-17T01:17:51.653Z,31892,1899000,2008000
2026-09-17T01:17:51.653Z,31408,1347000,1743000
2026-09-17T01:17:51.653Z,28798,273800000,319000000
2026-09-17T01:17:51.653Z,25978,219200,2071000
2026-09-17T01:17:51.653Z,29042,1222000,15000000
2026-09-17T01:17:51.653Z,62049,400000,5000000
2026-09-17T01:17:51.653Z,53712,420200000,454200000
2026-09-17T01:17:51.653Z,80001,306400,2000000
2026-09-17T01:17:51.653Z,27924,959900,1388000
2026-09-17T01:17:51.653Z,82472,125000,2999000
2026-09-17T01:17:51.653Z,18945,206400000,243500000
2026-09-17T01:17:51.653Z,56072,155200,193200
2026-09-17T01:17:51.653Z,20623,813400,2930000
2026-09-17T01:17:51.653Z,29044,,15000000
2026-09-17T01:17:51.653Z,81044,65000000,84690000
2026-09-17T01:17:51.653Z,18863,40820000,46920000
2026-09-17T01:17:51.653Z,11451,156800,1235000
2026-09-17T01:17:51.653Z,49634,57000,1800000
2026-09-17T01:17:51.653Z,91936,2339000,3195000
2026-09-17T01:17:51.653Z,47814,4781000,7995000
2026-09-17T01:17:51.653Z,47771,6641000,10250000
2026-09-17T01:17:51.653Z,29046,,15000000
2026-09-17T01:17:51.653Z,3084,554800000,602700000
2026-09-17T01:17:51.653Z,15130,,769900000
2026-09-17T01:17:51.653Z,85966,204900000,596100000
2026-09-17T01:17:51.653Z,60563,310200,1000000
2026-09-17T01:17:51.653Z,34481,45910000,46990000
2026-09-17T01:17:51.653Z,3198,496700000,620200000
2026-09-17T01:17:51.653Z,49732,2745000,2746000
2026-09-17T01:17:51.653Z,17838,12610000,18900000
2026-09-17T01:17:51.653Z,24550,393900000,648000000
2026-09-17T01:17:51.653Z,16487,46200,60520
2026-09-17T01:17:51.653Z,43697,122600000,364000000
2026-09-17T01:17:51.653Z,29050,1.05,14990000
2026-09-17T01:17:51.653Z,18937,156300000,166900000
2026-09-17T01:17:51.653Z,16643,5974,6285
2026-09-17T01:17:51.653Z,47826,26280000,29330000
2026-09-17T01:17:51.653Z,584,360100,472400
2026-09-17T01:17:51.653Z,90486,367400,549900
2026-09-17T01:17:51.653Z,25266,2023000,2904000
2026-09-17T01:17:51.653Z,591,214900,280000
2026-09-17T01:17:51.653Z,14029,50100,121700
2026-09-17T01:17:51.653Z,31612,22600,26000000
2026-09-17T01:17:51.653Z,27112,2800000,25800000
2026-09-17T01:17:51.653Z,605,387300,419900
2026-09-17T01:17:51.653Z,89121,41000000,139900000
2026-09-17T01:17:51.653Z,43699,48500,58830
2026-09-17T01:17:51.653Z,34088,580200000,978600000
2026-09-17T01:17:51.653Z,29054,1.05,15000000
2026-09-17T01:17:51.653Z,2299,880300,882400
2026-09-17T01:17:51.653Z,2195,1563000,1730000
2026-09-17T01:17:51.653Z,2390,546.5,583.7
2026-09-17T01:17:51.653Z,29056,0.01,15000000
2026-09-17T01:17:51.653Z,2351,69050,77490
2026-09-17T01:17:51.653Z,14674,2300000000,2800000000
2026-09-17T01:17:51.653Z,64568,824200,2083000
2026-09-17T01:17:51.653Z,91950,2568000,2998000
2026-09-17T01:17:51.653Z,29058,0.01,15000000
2026-09-17T01:17:51.653Z,44134,60000,1273000
2026-09-17T01:17:51.653Z,14525,490300000,874500000
2026-09-17T01:17:51.653Z,5399,2030,12370
2026-09-17T01:17:51.653Z,29060,0.01,15000000
2026-09-17T01:17:51.653Z,12539,378100,417700
2026-09-17T01:17:51.653Z,41230,49990,1500000
2026-09-17T01:17:51.653Z,16477,249000,272300
2026-09-17T01:17:51.653Z,21418,25.04,2000
2026-09-17T01:17:51.653Z,21400,7.47,100
2026-09-17T01:17:51.653Z,41208,9719000000,11500000000
2026-09-17T01:17:51.653Z,82491,100000,597500
2026-09-17T01:17:51.653Z,29062,0.01,15000000
2026-09-17T01:17:51.653Z,23055,4209000,5574000
2026-09-17T01:17:51.653Z,41463,51230000,57610000
2026-09-17T01:17:51.653Z,20443,187600000,267900000
2026-09-17T01:17:51.653Z,14074,18270000,20610000
2026-09-17T01:17:51.653Z,26000,1000,5171000
2026-09-17T01:17:51.653Z,3090,4129000,5320000
2026-09-17T01:17:51.653Z,29064,0.01,15000000
2026-09-17T01:17:51.653Z,42767,55100,2300000
2026-09-17T01:17:51.653Z,44137,,999800
2026-09-17T01:17:51.653Z,13974,6340000,8977000
2026-09-17T01:17:51.653Z,82373,40000,93570000
2026-09-17T01:17:51.653Z,29066,,15000000
2026-09-17T01:17:51.653Z,3568,379000,464300
2026-09-17T01:17:51.653Z,92541,1242000000,1403000000
2026-09-17T01:17:51.653Z,95294,86580000,149900000
2026-09-17T01:17:51.653Z,41363,35010000,380000000
2026-09-17T01:17:51.653Z,31898,590700,1560000
2026-09-17T01:17:51.653Z,29068,0.01,15000000
2026-09-17T01:17:51.653Z,17499,37200000,43690000
2026-09-17T01:17:51.653Z,88670,60010,15980000
2026-09-17T01:17:51.653Z,34393,109000,887900
2026-09-17T01:17:51.653Z,19173,151100000,172000000
2026-09-17T01:17:51.653Z,41266,5851,9404
2026-09-17T01:17:51.653Z,29070,1.05,15000000
2026-09-17T01:17:51.653Z,46004,141700,164300
2026-09-17T01:17:51.653Z,9942,7408000,8278000
2026-09-17T01:17:51.653Z,23058,27040000,233300000
2026-09-17T01:17:51.653Z,17136,72130,75170
2026-09-17T01:17:51.653Z,56922,25410000,394900000
2026-09-17T01:17:51.653Z,33151,117200000,124600000
2026-09-17T01:17:51.653Z,47911,2073000,2182000
2026-09-17T01:17:51.653Z,79725,366600,3568000
2026-09-17T01:17:51.653Z,34110,1008000000,3190000000
2026-09-17T01:17:51.653Z,45560,0.01,250000000
2026-09-17T01:17:51.653Z,62522,21.1,25.19
2026-09-17T01:17:51.653Z,23062,25010000,280000000
2026-09-17T01:17:51.653Z,21074,3122000,4097000
2026-09-17T01:17:51.653Z,29074,1.05,15000000
2026-09-17T01:17:51.653Z,26260,35.03,2000
2026-09-17T01:17:51.653Z,90592,700000,1295000
2026-09-17T01:17:51.653Z,56930,1019000,212700000
2026-09-17T01:17:51.653Z,32876,802800,931700
2026-09-17T01:17:51.653Z,47123,20020000,38100000
2026-09-17T01:17:51.653Z,29076,,15000000
2026-09-17T01:17:51.653Z,46098,1200000,698000000
2026-09-17T01:17:51.653Z,45587,27080000,29400000
2026-09-17T01:17:51.653Z,34638,180000000,294900000
2026-09-17T01:17:51.653Z,17182,2532000,5213000
2026-09-17T01:17:51.653Z,5697,157600,216900
2026-09-17T01:17:51.653Z,16650,50260,54740
2026-09-17T01:17:51.653Z,3235,442000000,701900000
2026-09-17T01:17:51.653Z,41385,30010000,280000000
2026-09-17T01:17:51.653Z,29078,,15000000
2026-09-17T01:17:51.653Z,19325,33000000,35490000
2026-09-17T01:17:51.653Z,60168,157100000,300000000
2026-09-17T01:17:51.653Z,34424,1000,1250000
2026-09-17T01:17:51.653Z,73877,708100,17000000
2026-09-17T01:17:51.653Z,56901,0.02,350000000
2026-09-17T01:17:51.653Z,29080,,15000000
2026-09-17T01:17:51.653Z,57488,717200000,737400000
2026-09-17T01:17:51.653Z,54773,34270,40870
2026-09-17T01:17:51.653Z,14726,45160000,175000000
2026-09-17T01:17:51.653Z,2272,3.13,3.49
2026-09-17T01:17:51.653Z,19935,10130,14940
2026-09-17T01:17:51.653Z,4250,2455000,2721000
2026-09-17T01:17:51.653Z,30586,3748000,3749000
2026-09-17T01:17:51.653Z,27540,2289000000,5850000000
2026-09-17T01:17:51.653Z,23785,50450000,95830000
2026-09-17T01:17:51.653Z,19281,45180000,51970000
2026-09-17T01:17:51.653Z,23056,26010000,280400000
2026-09-17T01:17:51.653Z,56910,0.01,394900000
2026-09-17T01:17:51.653Z,42875,2000000,11800000
2026-09-17T01:17:51.653Z,79728,104100,11310000
2026-09-17T01:17:51.653Z,90591,4103,15100
2026-09-17T01:17:51.653Z,9834,78230,81580
2026-09-17T01:17:51.653Z,41361,35010000,380000000
2026-09-17T01:17:51.653Z,17653,,2089000
2026-09-17T01:17:51.653Z,3096,3530000,5905000
2026-09-17T01:17:51.653Z,82302,239.2,345.5
2026-09-17T01:17:51.653Z,55359,130400,199900
2026-09-17T01:17:51.653Z,29086,0.01,15000000
2026-09-17T01:17:51.653Z,3119,546300000,604200000
2026-09-17T01:17:51.653Z,7783,351300,440600
2026-09-17T01:17:51.653Z,32343,35010000,380000000
2026-09-17T01:17:51.653Z,84349,200000,998000
2026-09-17T01:17:51.653Z,9836,9355,9948
2026-09-17T01:17:51.653Z,88577,10000,133600
2026-09-17T01:17:51.653Z,33965,5108000,7996000
2026-09-17T01:17:51.653Z,22131,925300,4943000
2026-09-17T01:17:51.653Z,82958,61000,979900
2026-09-17T01:17:51.653Z,85783,20000,249000
2026-09-17T01:17:51.653Z,33973,170600000,177000000
2026-09-17T01:17:51.653Z,57463,847200,1196000
2026-09-17T01:17:51.653Z,45967,1118000,4995000
2026-09-17T01:17:51.653Z,626,9699000,10870000
2026-09-17T01:17:51.653Z,19695,90600000,99650000
2026-09-17T01:17:51.653Z,25593,4119,4120
2026-09-17T01:17:51.653Z,17452,154.1,168
2026-09-17T01:17:51.653Z,29088,1.05,15000000
2026-09-17T01:17:51.653Z,89609,28000000,59980000
2026-09-17T01:17:51.653Z,16527,405500,532200
2026-09-17T01:17:51.653Z,49736,3624000,4175000
2026-09-17T01:17:51.653Z,27920,1315000,1663000
2026-09-17T01:17:51.653Z,45579,6083000,184900000
2026-09-17T01:17:51.653Z,19021,209900000,233900000
2026-09-17T01:17:51.653Z,34709,123600,117700000
2026-09-17T01:17:51.653Z,40555,8251000,11820000
2026-09-17T01:17:51.653Z,3239,543700000,628400000
2026-09-17T01:17:51.653Z,29092,0.01,15000000
2026-09-17T01:17:51.653Z,84425,85110,245500
2026-09-17T01:17:51.653Z,3466,29060,56810
2026-09-17T01:17:51.653Z,57319,28390000,31270000
2026-09-17T01:17:51.653Z,41312,1428,5000
2026-09-17T01:17:51.653Z,93361,20000,89990
2026-09-17T01:17:51.653Z,29094,1.05,15000000
2026-09-17T01:17:51.653Z,41565,49930000,75490000
2026-09-17T01:17:51.653Z,77418,5001,5002
2026-09-17T01:17:51.653Z,77421,5001,5003
2026-09-17T01:17:51.653Z,77419,5001,5002
2026-09-17T01:17:51.653Z,19219,6384000,6828000
2026-09-17T01:17:51.653Z,85491,76190000,199900000
2026-09-17T01:17:51.653Z,81826,668700000,689500000
2026-09-17T01:17:51.653Z,28797,105500000,143900000
2026-09-17T01:17:51.653Z,3224,527000000,612800000
2026-09-17T01:17:51.653Z,15957,4789000,9190000
2026-09-17T01:17:51.653Z,88580,10010,7975000
2026-09-17T01:17:51.653Z,42208,182900000,198000000
2026-09-17T01:17:51.653Z,73226,,28690000
2026-09-17T01:17:51.653Z,81046,158900000,163900000
2026-09-17T01:17:51.653Z,4787,17530,22980
2026-09-17T01:17:51.653Z,14015,15250,74980
2026-09-17T01:17:51.653Z,25565,1082,28590
2026-09-17T01:17:51.653Z,81350,100,149.9
2026-09-17T01:17:51.653Z,17894,750300,849200
2026-09-17T01:17:51.653Z,20280,73920000,84330000
2026-09-17T01:17:51.653Z,45611,32470000,36190000
2026-09-17T01:17:51.653Z,5757,179400,211800
2026-09-17T01:17:51.653Z,85456,38930000,58800000
2026-09-17T01:17:51.653Z,41500,300800000,385300000
2026-09-17T01:17:51.653Z,47924,321.1,396.7
2026-09-17T01:17:51.653Z,527,753500,818300
2026-09-17T01:17:51.653Z,45612,28960000,34690000
2026-09-17T01:17:51.653Z,46944,0.02,900000
2026-09-17T01:17:51.653Z,52189,57010,1500000
2026-09-17T01:17:51.653Z,81067,36600,38000
2026-09-17T01:17:51.653Z,93704,105000000,724600000
2026-09-17T01:17:51.653Z,30486,460400,471900
2026-09-17T01:17:51.653Z,37483,37680000,39320000
2026-09-17T01:17:51.653Z,60472,7153000,8192000
2026-09-17T01:17:51.653Z,648,803800,1000000
2026-09-17T01:17:51.653Z,31089,5149000,5460000
2026-09-17T01:17:51.653Z,41200,221700000,237800000
2026-09-17T01:17:51.653Z,3289,140500,20000000
2026-09-17T01:17:51.653Z,24521,1294,1403
2026-09-17T01:17:51.653Z,22109,67190000,73950000
2026-09-17T01:17:51.653Z,53394,1000,700000
2026-09-17T01:17:51.653Z,22444,260600000,270300000
2026-09-17T01:17:51.653Z,27117,,727300
2026-09-17T01:17:51.653Z,17636,386400000,411000000
2026-09-17T01:17:51.653Z,9497,500200,552900
2026-09-17T01:17:51.653Z,20702,1312000,49800000
2026-09-17T01:17:51.653Z,43872,276400000,425000000
2026-09-17T01:17:51.653Z,73456,81010000,199900000
2026-09-17T01:17:51.653Z,20201,492100,195800000
2026-09-17T01:17:51.653Z,27187,25050000,27990000
2026-09-17T01:17:51.653Z,30376,20560,20910
2026-09-17T01:17:51.653Z,30372,8330,9085
2026-09-17T01:17:51.653Z,30373,7031,7639
2026-09-17T01:17:51.653Z,28680,2053000,2198000
2026-09-17T01:17:51.653Z,43552,1667000,1885000
2026-09-17T01:17:51.653Z,61866,10030000,29340000
2026-09-17T01:17:51.653Z,60171,3300000000,4999000000
2026-09-17T01:17:51.653Z,17482,3083000,3243000
2026-09-17T01:17:51.653Z,27935,,38000000
2026-09-17T01:17:51.653Z,36481,14640,481800
2026-09-17T01:17:51.653Z,45626,32730000,32740000
2026-09-17T01:17:51.653Z,14411,2012000,184000000
2026-09-17T01:17:51.653Z,29043,50200,916600
2026-09-17T01:17:51.653Z,12743,93470000,96930000
2026-09-17T01:17:51.653Z,48115,81210000,86690000
2026-09-17T01:17:51.653Z,4200,19870000,85390000
2026-09-17T01:17:51.653Z,84344,560600,3980000
2026-09-17T01:17:51.653Z,47897,200100,250000
2026-09-17T01:17:51.653Z,13956,113000000,124900000
2026-09-17T01:17:51.653Z,60461,602900,800600
2026-09-17T01:17:51.653Z,88632,1000,3874000
2026-09-17T01:17:51.653Z,48380,28000000,124900000
2026-09-17T01:17:51.653Z,627,9182000,11420000
2026-09-17T01:17:51.653Z,3725,9860,10850
2026-09-17T01:17:51.653Z,6863,902100,1037000
2026-09-17T01:17:51.653Z,31812,15300000,16790000
2026-09-17T01:17:51.653Z,9293,240000,240100
2026-09-17T01:17:51.653Z,17665,,7900000
2026-09-17T01:17:51.653Z,3779,838.7,887.9
2026-09-17T01:17:51.653Z,42205,46580000,50740000
2026-09-17T01:17:51.653Z,30628,16610000,20570000
2026-09-17T01:17:51.653Z,2456,291700,309900
2026-09-17T01:17:51.653Z,15825,72190000,139000000
2026-09-17T01:17:51.653Z,63054,68060000,169600000
2026-09-17T01:17:51.653Z,85782,1200000,4599000
2026-09-17T01:17:51.653Z,72903,7000000,7997000
2026-09-17T01:17:51.653Z,40552,10890000,15090000
2026-09-17T01:17:51.653Z,56080,184000,286800
2026-09-17T01:17:51.653Z,5445,23020,27020
2026-09-17T01:17:51.653Z,15689,15150,300000
2026-09-17T01:17:51.653Z,28750,131400000,158700000
2026-09-17T01:17:51.653Z,17841,7103000,8133000
2026-09-17T01:17:51.653Z,88672,6200000,10910000
2026-09-17T01:17:51.653Z,48582,56660000,61940000
2026-09-17T01:17:51.653Z,252,4354,33740
2026-09-17T01:17:51.653Z,32782,1.32,12.85
2026-09-17T01:17:51.653Z,90459,881400,1089000
2026-09-17T01:17:51.653Z,49724,1827000,2041000
2026-09-17T01:17:51.653Z,47815,324900,988900
2026-09-17T01:17:51.653Z,33470,262500000,280700000
2026-09-17T01:17:51.653Z,12625,30.79,50.71
2026-09-17T01:17:51.653Z,47816,436300,713200
2026-09-17T01:17:51.653Z,17773,7013000,11000000
2026-09-17T01:17:51.653Z,21640,773200,827500
2026-09-17T01:17:51.653Z,45613,32370000,35960000
2026-09-17T01:17:51.653Z,17674,1703,2419
2026-09-17T01:17:51.653Z,49773,11830000,12800000
2026-09-17T01:17:51.653Z,4022,110000000,899900000
2026-09-17T01:17:51.653Z,85752,545000,9898000
2026-09-17T01:17:51.653Z,74149,1002000,17010000
2026-09-17T01:17:51.653Z,58884,25400,899000
2026-09-17T01:17:51.653Z,22961,357.1,449.4
2026-09-17T01:17:51.653Z,16233,47120000,51870000
2026-09-17T01:17:51.653Z,3907,163800,14450000
2026-09-17T01:17:51.653Z,37805,21460000,24410000
2026-09-17T01:17:51.653Z,14053,3603,39800
2026-09-17T01:17:51.653Z,19183,118400000,128600000
2026-09-17T01:17:51.653Z,3140,556700000,612500000
2026-09-17T01:17:51.653Z,3475,547200000,618500000
2026-09-17T01:17:51.653Z,59223,158100000,2790000000
2026-09-17T01:17:51.653Z,36784,16000000,1831000000
2026-09-17T01:17:51.653Z,29045,724100,2026000
2026-09-17T01:17:51.653Z,13003,1254000,1328000
2026-09-17T01:17:51.653Z,21009,12000000,13090000
2026-09-17T01:17:51.653Z,34201,365200,375000
2026-09-17T01:17:51.653Z,60951,41500000,98990000
2026-09-17T01:17:51.653Z,54308,2211000,31770000
2026-09-17T01:17:51.653Z,3586,3109,22670
2026-09-17T01:17:51.653Z,17655,,5200000
2026-09-17T01:17:51.653Z,1822,49,53.93
2026-09-17T01:17:51.653Z,31390,3031000,5066000
2026-09-17T01:17:51.653Z,92035,6059000,7148000
2026-09-17T01:17:51.653Z,19057,45700000,61930000
2026-09-17T01:17:51.653Z,17661,4051,3800000
2026-09-17T01:17:51.653Z,23533,6792,15360
2026-09-17T01:17:51.653Z,82392,780000,2893000
2026-09-17T01:17:51.653Z,29059,447700,1643000
2026-09-17T01:17:51.653Z,2929,3656000,4000000
2026-09-17T01:17:51.653Z,41275,5178,8925
2026-09-17T01:17:51.653Z,17262,5000,79800
2026-09-17T01:17:51.653Z,52280,506200,3000000
2026-09-17T01:17:51.653Z,21079,600.2,50000
2026-09-17T01:17:51.653Z,42766,122800,3600000
2026-09-17T01:17:51.653Z,41155,11730,14600
2026-09-17T01:17:51.653Z,22911,,8354000
2026-09-17T01:17:51.653Z,37882,,238900
2026-09-17T01:17:51.653Z,92034,5117000,6390000
2026-09-17T01:17:51.653Z,41491,30130000,57740000
2026-09-17T01:17:51.653Z,8517,4563000,4980000
2026-09-17T01:17:51.653Z,41236,29520000,41430000
2026-09-17T01:17:51.653Z,92465,1008000,1396000
2026-09-17T01:17:51.653Z,14007,2603,5294
2026-09-17T01:17:51.653Z,16655,3219,4123
2026-09-17T01:17:51.653Z,41411,38110000,42600000
2026-09-17T01:17:51.653Z,90609,8038000,10380000
2026-09-17T01:17:51.653Z,19208,227700000,247300000
2026-09-17T01:17:51.653Z,93713,10140,36000000
2026-09-17T01:17:51.653Z,96327,15000000,28780000
2026-09-17T01:17:51.653Z,56748,89910,115400
2026-09-17T01:17:51.653Z,83233,20000,240900
2026-09-17T01:17:51.653Z,92381,801000,1298000
2026-09-17T01:17:51.653Z,55860,126500,2569000
2026-09-17T01:17:51.653Z,18957,13440000,30000000
2026-09-17T01:17:51.653Z,17478,35760000,41420000
2026-09-17T01:17:51.653Z,42721,55350,1600000
2026-09-17T01:17:51.653Z,57464,1190000,1362000
2026-09-17T01:17:51.653Z,31930,28000000,30940000
2026-09-17T01:17:51.653Z,56974,113.2,29990
2026-09-17T01:17:51.653Z,42784,1600000,4500000
2026-09-17T01:17:51.653Z,20171,88150,92020
2026-09-17T01:17:51.653Z,18961,68070000,88630000
2026-09-17T01:17:51.653Z,10631,298000,319200
2026-09-17T01:17:51.653Z,8531,23000,38710
2026-09-17T01:17:51.653Z,91019,15880,125000
2026-09-17T01:17:51.653Z,57478,45010,47500
2026-09-17T01:17:51.653Z,482,655000,748600
2026-09-17T01:17:51.653Z,90604,40020,18040000
2026-09-17T01:17:51.653Z,21953,29980000,97990000
2026-09-17T01:17:51.653Z,17687,1000000,43870000
2026-09-17T01:17:51.653Z,21898,425.9,466.2
2026-09-17T01:17:51.653Z,18963,140900000,163600000
2026-09-17T01:17:51.653Z,47729,80170,129400
2026-09-17T01:17:51.653Z,60029,,2224000000
2026-09-17T01:17:51.653Z,60463,1636000,2400000
2026-09-17T01:17:51.653Z,60466,783300,977000
2026-09-17T01:17:51.653Z,60462,265200,400000
2026-09-17T01:17:51.653Z,5443,44310,68670
2026-09-17T01:17:51.653Z,3280,515600,4496000
2026-09-17T01:17:51.653Z,46021,30080000,1899000000
2026-09-17T01:17:51.653Z,15590,20110,20120
2026-09-17T01:17:51.653Z,20617,151300,450000
2026-09-17T01:17:51.653Z,3274,142700,7405000
2026-09-17T01:17:51.653Z,88710,1800000000,2036000000
2026-09-17T01:17:51.653Z,31654,283000000,339300000
2026-09-17T01:17:51.653Z,42749,33020,990000
2026-09-17T01:17:51.653Z,53709,386900000,435600000
2026-09-17T01:17:51.653Z,19017,68100000,75900000
2026-09-17T01:17:51.653Z,184,12,24.98
2026-09-17T01:17:51.653Z,13890,1299000,2597000
2026-09-17T01:17:51.653Z,31207,827000,1064000
2026-09-17T01:17:51.653Z,47751,17930000,20640000
2026-09-17T01:17:51.653Z,35683,65260000,69520000
2026-09-17T01:17:51.653Z,19029,39900000,42830000
2026-09-17T01:17:51.653Z,2024,708100,769700
2026-09-17T01:17:51.653Z,60468,1474000,2075000
2026-09-17T01:17:51.653Z,47743,15610000,18060000
2026-09-17T01:17:51.653Z,19285,1800000,2000000
2026-09-17T01:17:51.653Z,34272,1757000,2186000
2026-09-17T01:17:51.653Z,25970,,1184000
2026-09-17T01:17:51.653Z,56131,75290,99790
2026-09-17T01:17:51.653Z,53857,112000000,184700000
2026-09-17T01:17:51.653Z,41485,11400000,20950000
2026-09-17T01:17:51.653Z,8817,3003,11930
2026-09-17T01:17:51.653Z,20416,93850,97850
2026-09-17T01:17:51.653Z,56067,500000,1374000
2026-09-17T01:17:51.653Z,16231,50400000,57390000
2026-09-17T01:17:51.653Z,89607,1850000000,1951000000
2026-09-17T01:17:51.653Z,61207,688100,2042000
2026-09-17T01:17:51.653Z,41526,322000000,469100000
2026-09-17T01:17:51.653Z,22430,709500000,739000000
2026-09-17T01:17:51.653Z,89702,80000,672800
2026-09-17T01:17:51.653Z,6001,23090,27160
2026-09-17T01:17:51.653Z,4046,506700000,2900000000
2026-09-17T01:17:51.653Z,15630,71760,96360
2026-09-17T01:17:51.653Z,56133,70000,58000
2026-09-17T01:17:51.653Z,91099,277200000,975000000
2026-09-17T01:17:51.653Z,655,2217000,2598000
2026-09-17T01:17:51.653Z,19003,50820000,56300000
2026-09-17T01:17:51.653Z,60097,750000000,1024000000
2026-09-17T01:17:51.653Z,47892,23310,40750
2026-09-17T01:17:51.653Z,14756,,450000000
2026-09-17T01:17:51.653Z,15719,3001000,9790000
2026-09-17T01:17:51.653Z,30370,4425,4828
2026-09-17T01:17:51.653Z,27245,112300000,119000000
2026-09-17T01:17:51.653Z,91976,9995000,19990000
2026-09-17T01:17:51.653Z,19207,137700000,156600000
2026-09-17T01:17:51.653Z,47147,5062000,7000000
2026-09-17T01:17:51.653Z,93238,900000,17600000
2026-09-17T01:17:51.653Z,40520,699900000,740000000
2026-09-17T01:17:51.653Z,33393,361100000,404900000
2026-09-17T01:17:51.653Z,3691,8326,9027
2026-09-17T01:17:51.653Z,185,21.39,27.8
2026-09-17T01:17:51.653Z,47830,26090000,29690000
2026-09-17T01:17:51.653Z,33295,22170000,338900000
2026-09-17T01:17:51.653Z,31376,3139000,3470000
2026-09-17T01:17:51.653Z,25736,4132000,6649000
2026-09-17T01:17:51.653Z,33076,10950,17990
2026-09-17T01:17:51.653Z,26420,61880000,78000000
2026-09-17T01:17:51.653Z,24525,1303,1460
2026-09-17T01:17:51.653Z,26310,49290000,57060000
2026-09-17T01:17:51.653Z,28742,39170000,49970000
2026-09-17T01:17:51.653Z,31666,185000,38990000
2026-09-17T01:17:51.653Z,91960,10290000,18090000
2026-09-17T01:17:51.653Z,3363,5009,41000
2026-09-17T01:17:51.653Z,57344,77680000,219100000
2026-09-17T01:17:51.653Z,47499,2300000,23830000
2026-09-17T01:17:51.653Z,56973,1,169900
2026-09-17T01:17:51.653Z,3939,25550,650000
2026-09-17T01:17:51.653Z,25888,5138000,6650000
2026-09-17T01:17:51.653Z,7169,306400,538200
2026-09-17T01:17:51.653Z,267,215,215.1
2026-09-17T01:17:51.653Z,1830,156,175.1
2026-09-17T01:17:51.653Z,64098,765100000,11750000000
2026-09-17T01:17:51.653Z,12223,1560000,67650000
2026-09-17T01:17:51.653Z,9668,470000,504000
2026-09-17T01:17:51.653Z,37610,2774000,2897000
2026-09-17T01:17:51.653Z,47133,14040000,29780000
2026-09-17T01:17:51.653Z,8105,545600,593100
2026-09-17T01:17:51.653Z,46930,30010,1000000
2026-09-17T01:17:51.653Z,57476,45000000,98740000
2026-09-17T01:17:51.653Z,17203,132000,549900
2026-09-17T01:17:51.653Z,76166,0.11,34000000
2026-09-17T01:17:51.653Z,62536,176.2,180
2026-09-17T01:17:51.653Z,25336,166200,345200
2026-09-17T01:17:51.653Z,3175,247400000,508300000
2026-09-17T01:17:51.653Z,89695,1206000,5875000
2026-09-17T01:17:51.653Z,60675,82000,5699000
2026-09-17T01:17:51.653Z,31698,0.02,1411000
2026-09-17T01:17:51.653Z,19035,87310000,178400000
2026-09-17T01:17:51.653Z,3828,9802,10800
2026-09-17T01:17:51.653Z,9327,364000,752400
2026-09-17T01:17:51.653Z,47932,600.3,878.5
2026-09-17T01:17:51.653Z,47274,39700000,42880000
2026-09-17T01:17:51.653Z,60464,9979000,10680000
2026-09-17T01:17:51.653Z,31051,4586000,4970000
2026-09-17T01:17:51.653Z,19119,49470000,53970000
2026-09-17T01:17:51.653Z,10858,780900,782800
2026-09-17T01:17:51.653Z,35790,1101000,1191000
2026-09-17T01:17:51.653Z,31922,1510000,1926000
2026-09-17T01:17:51.653Z,58869,1226,1500000
2026-09-17T01:17:51.653Z,17217,18130000,20820000
2026-09-17T01:17:51.653Z,91627,136100000,195000000
2026-09-17T01:17:51.653Z,2281,1600000,1719000
2026-09-17T01:17:51.653Z,1855,672200,916600
2026-09-17T01:17:51.653Z,62591,29040000,31100000
2026-09-17T01:17:51.653Z,1987,567300,772500
2026-09-17T01:17:51.653Z,10165,2079000,3417000
2026-09-17T01:17:51.653Z,17244,330300,798900
2026-09-17T01:17:51.653Z,19361,,12780000
2026-09-17T01:17:51.653Z,40349,49020000,51930000
2026-09-17T01:17:51.653Z,33178,70530,91400
2026-09-17T01:17:51.653Z,62622,7265000,8200000
2026-09-17T01:17:51.653Z,62517,11.49,12.4
2026-09-17T01:17:51.653Z,33922,77300000,89310000
2026-09-17T01:17:51.653Z,27333,549.3,621.9
2026-09-17T01:17:51.653Z,79838,310000000,900000000
2026-09-17T01:17:51.653Z,34203,678500,738400
2026-09-17T01:17:51.653Z,56075,218600,525000
2026-09-17T01:17:51.653Z,25610,2350000,2385000
2026-09-17T01:17:51.653Z,52275,200000,200100
2026-09-17T01:17:51.653Z,13833,1039000,1900000
2026-09-17T01:17:51.653Z,17526,25380000,26830000
2026-09-17T01:17:51.653Z,33700,11670000,30660000
2026-09-17T01:17:51.653Z,53710,242200000,259400000
2026-09-17T01:17:51.653Z,4027,43120,56940
2026-09-17T01:17:51.653Z,6173,1090,19800
2026-09-17T01:17:51.653Z,23163,20.3,20.31
2026-09-17T01:17:51.653Z,54748,188800000,199000000
2026-09-17T01:17:51.653Z,21594,9.23,9.24
2026-09-17T01:17:51.653Z,16646,3033,3212
2026-09-17T01:17:51.653Z,23167,91.35,91.36
2026-09-17T01:17:51.653Z,4248,5704000,7672000
2026-09-17T01:17:51.653Z,895,26140,1390000
2026-09-17T01:17:51.653Z,11691,17350,17980
2026-09-17T01:17:51.653Z,85140,160100,2680000
2026-09-17T01:17:51.653Z,8433,1941000,2039000
2026-09-17T01:17:51.653Z,54774,24150,49460
2026-09-17T01:17:51.653Z,33739,13300000,49500000
2026-09-17T01:17:51.653Z,61205,120600,620700
2026-09-17T01:17:51.653Z,32342,14360000,17950000
2026-09-17T01:17:51.653Z,37625,55800000,68160000
2026-09-17T01:17:51.653Z,62533,82.38,119.9
2026-09-17T01:17:51.653Z,33826,25370000,31850000
2026-09-17T01:17:51.653Z,2454,3517,4300
2026-09-17T01:17:51.653Z,7407,52020,69890
2026-09-17T01:17:51.653Z,608,80550,448900
2026-09-17T01:17:51.653Z,16679,635.4,699.3
2026-09-17T01:17:51.653Z,3829,21680,34750
2026-09-17T01:17:51.653Z,85012,6.11,4990000000
2026-09-17T01:17:51.653Z,18803,2660000,5371000
2026-09-17T01:17:51.653Z,3170,490800,500000
2026-09-17T01:17:51.653Z,34700,5000000,226400000
2026-09-17T01:17:51.653Z,14080,85300,85310
2026-09-17T01:17:51.653Z,53384,21120,594000
2026-09-17T01:17:51.653Z,31071,14080000,17020000
2026-09-17T01:17:51.653Z,84689,3586000,8800000
2026-09-17T01:17:51.653Z,7127,300000,429900
2026-09-17T01:17:51.653Z,32254,286200000,306200000
2026-09-17T01:17:51.653Z,34260,177000,376800
2026-09-17T01:17:51.653Z,8759,754900,2996000
2026-09-17T01:17:51.653Z,82314,669,1072
2026-09-17T01:17:51.653Z,1802,2000000,19760000
2026-09-17T01:17:51.653Z,62529,34.5,35.5
2026-09-17T01:17:51.653Z,60311,1403000,1709000
2026-09-17T01:17:51.653Z,73872,2806000,6789000
2026-09-17T01:17:51.653Z,75268,1450000000,2445000000
2026-09-17T01:17:51.653Z,27507,411.1,1390
2026-09-17T01:17:51.653Z,83237,10000,289600
2026-09-17T01:17:51.653Z,3095,555400000,595000000
2026-09-17T01:17:51.653Z,83266,1000,49980
2026-09-17T01:17:51.653Z,53381,115.1,399000
2026-09-17T01:17:51.653Z,21412,2217,7390
2026-09-17T01:17:51.653Z,73366,602500,2999000
2026-09-17T01:17:51.653Z,2807,150000,100000000
2026-09-17T01:17:51.653Z,14407,33370000,373000000
2026-09-17T01:17:51.653Z,13785,46990000,63580000
2026-09-17T01:17:51.653Z,81945,200200,1396000
2026-09-17T01:17:51.653Z,83318,10000,158300
2026-09-17T01:17:51.653Z,46635,308300000,312000000
2026-09-17T01:17:51.653Z,32874,837000,931200
2026-09-17T01:17:51.653Z,6675,51450,124300
2026-09-17T01:17:51.653Z,90135,1448000,1717000
2026-09-17T01:17:51.653Z,56793,52000,600000
2026-09-17T01:17:51.653Z,46872,751200,7899000
2026-09-17T01:17:51.653Z,14228,6003000,18350000
2026-09-17T01:17:51.653Z,56208,1793000000,13000000000
2026-09-17T01:17:51.653Z,83370,340000,1774000
2026-09-17T01:17:51.653Z,23123,35080,209100
2026-09-17T01:17:51.653Z,31556,0.02,3688000
2026-09-17T01:17:51.653Z,45512,6181,11870
2026-09-17T01:17:51.653Z,60293,135400,542000
2026-09-17T01:17:51.653Z,7087,421300,496500
2026-09-17T01:17:51.653Z,19202,165100000,181800000
2026-09-17T01:17:51.653Z,44171,25010,1218000
2026-09-17T01:17:51.653Z,46790,102000,6900000
2026-09-17T01:17:51.653Z,92092,36010000,87980000
2026-09-17T01:17:51.653Z,3901,101100,24990000
2026-09-17T01:17:51.653Z,57074,100,578600
2026-09-17T01:17:51.653Z,92038,1150000,2166000
2026-09-17T01:17:51.653Z,48172,41000000,159900000
2026-09-17T01:17:51.653Z,88542,160000,2989000
2026-09-17T01:17:51.653Z,57466,347700,457700
2026-09-17T01:17:51.653Z,31364,3210000,3405000
2026-09-17T01:17:51.653Z,27519,889,1388
2026-09-17T01:17:51.653Z,84427,6210,99900
2026-09-17T01:17:51.653Z,18883,784100000,866900000
2026-09-17T01:17:51.653Z,95293,12250000,39510000
2026-09-17T01:17:51.653Z,47741,12740000,14190000
2026-09-17T01:17:51.653Z,22919,14190000,38400000
2026-09-17T01:17:51.653Z,12531,25040,267900
2026-09-17T01:17:51.653Z,47929,620,798.8
2026-09-17T01:17:51.653Z,62670,,243000000
2026-09-17T01:17:51.653Z,52252,646400000,723900000
2026-09-17T01:17:51.653Z,20847,2651000,3123000
2026-09-17T01:17:51.653Z,15813,35530000,45560000
2026-09-17T01:17:51.653Z,15104,6656000000,8000000000
2026-09-17T01:17:51.653Z,46381,5823000,6983000
2026-09-17T01:17:51.653Z,4394,,600000
2026-09-17T01:17:51.653Z,83213,1000,4350000
2026-09-17T01:17:51.653Z,74154,1139000,6887000
2026-09-17T01:17:51.653Z,645,145200000,155700000
2026-09-17T01:17:51.653Z,22953,17230000,36090000
2026-09-17T01:17:51.653Z,92579,60000,129900
2026-09-17T01:17:51.653Z,15132,,973900000
2026-09-17T01:17:51.653Z,3253,1500000,7325000
2026-09-17T01:17:51.653Z,37565,9020,27000000
2026-09-17T01:17:51.653Z,34207,3495000,5197000
2026-09-17T01:17:51.653Z,7705,30000,54620
2026-09-17T01:17:51.653Z,93645,202700,228600
2026-09-17T01:17:51.653Z,22112,220900000,234600000
2026-09-17T01:17:51.653Z,85553,77770000,221300000
2026-09-17T01:17:51.653Z,13284,412800,674900
2026-09-17T01:17:51.653Z,8815,21300,274300
2026-09-17T01:17:51.653Z,37515,13010000,174700000
2026-09-17T01:17:51.653Z,9371,475000,432200
2026-09-17T01:17:51.653Z,14544,1174000000,2000000000
2026-09-17T01:17:51.653Z,12771,99.2,147.8
2026-09-17T01:17:51.653Z,847,,13670000
2026-09-17T01:17:51.653Z,25887,90020,97000
2026-09-17T01:17:51.653Z,14043,5509000,6979000
2026-09-17T01:17:51.653Z,11393,22290000,23640000
2026-09-17T01:17:51.653Z,42830,302.6,347.9
2026-09-17T01:17:51.653Z,53954,10000000,2451000000
2026-09-17T01:17:51.653Z,52254,456200000,488100000
2026-09-17T01:17:51.653Z,43486,4900000,1900000000
2026-09-17T01:17:51.653Z,37626,86610000,112600000
2026-09-17T01:17:51.653Z,47183,20000,230000
2026-09-17T01:17:51.653Z,14063,2104000,2575000
2026-09-17T01:17:51.653Z,48516,10150000,498600000
2026-09-17T01:17:51.653Z,19023,75050000,83440000
2026-09-17T01:17:51.653Z,20989,3554,8000
2026-09-17T01:17:51.653Z,21855,107800,440700
2026-09-17T01:17:51.653Z,23164,28.27,28.28
2026-09-17T01:17:51.653Z,41196,52320000,59600000
2026-09-17T01:17:51.653Z,37608,2680000,2834000
2026-09-17T01:17:51.653Z,2478,1393000,1447000
2026-09-17T01:17:51.653Z,72811,112100000,118000000
2026-09-17T01:17:51.653Z,47132,10220000,20060000
2026-09-17T01:17:51.653Z,83206,280000,14590000
2026-09-17T01:17:51.653Z,78917,30030000,285000000
2026-09-17T01:17:51.653Z,16267,281300,478800
2026-09-17T01:17:51.653Z,42151,12350,249500000
2026-09-17T01:17:51.653Z,58899,25000,1499000
2026-09-17T01:17:51.653Z,25589,801.1,801.2
2026-09-17T01:17:51.653Z,90419,107300000,248400000
2026-09-17T01:17:51.653Z,31731,750,500000
2026-09-17T01:17:51.653Z,20503,278600000,300000000
2026-09-17T01:17:51.653Z,24490,80.25,92.69
2026-09-17T01:17:51.653Z,4112,20210000,74130000
2026-09-17T01:17:51.653Z,2808,,50000000
2026-09-17T01:17:51.653Z,1319,275100,306500
2026-09-17T01:17:51.653Z,17918,706100000,761600000
2026-09-17T01:17:51.653Z,47146,6028000,11770000
2026-09-17T01:17:51.653Z,41033,11750,13210
2026-09-17T01:17:51.653Z,47623,1510000,20990000
2026-09-17T01:17:51.653Z,54398,99470000,138800000
2026-09-17T01:17:51.653Z,56713,100100,377400
2026-09-17T01:17:51.653Z,42700,151100,1397000
2026-09-17T01:17:51.653Z,28576,503400,568200
2026-09-17T01:17:51.653Z,13939,68230000,78160000
2026-09-17T01:17:51.653Z,12015,134300000,147500000
2026-09-17T01:17:51.653Z,262,120200,131100
2026-09-17T01:17:51.653Z,236,58.01,58.02
2026-09-17T01:17:51.653Z,26384,1.05,2490000
2026-09-17T01:17:51.653Z,13892,9002000,12710000
2026-09-17T01:17:51.653Z,24495,60.19,66.94
2026-09-17T01:17:51.653Z,87841,543100,2884000
2026-09-17T01:17:51.653Z,42753,18310,2700000
2026-09-17T01:17:51.653Z,16641,6053,6292
2026-09-17T01:17:51.653Z,228,13.02,13.03
2026-09-17T01:17:51.653Z,84167,60130,99900
2026-09-17T01:17:51.653Z,57112,51890000,100000000
2026-09-17T01:17:51.653Z,47927,801.6,926.1
2026-09-17T01:17:51.653Z,26328,32010000,75400000
2026-09-17T01:17:51.653Z,23177,5681000,8669000
2026-09-17T01:17:51.653Z,27225,123500,110000000
2026-09-17T01:17:51.653Z,12779,310.2,342.8
2026-09-17T01:17:51.653Z,14072,45690000,51680000
2026-09-17T01:17:51.653Z,59178,121100,10850000
2026-09-17T01:17:51.653Z,88582,140200,6991000
2026-09-17T01:17:51.653Z,15510,29950,34490
2026-09-17T01:17:51.653Z,24523,1566,1644
2026-09-17T01:17:51.653Z,574,1720000,1770000
2026-09-17T01:17:51.653Z,84350,300000,980000
2026-09-17T01:17:51.653Z,5755,188300,210000
2026-09-17T01:17:51.653Z,7125,466000,421900
2026-09-17T01:17:51.653Z,14286,745000,832400
2026-09-17T01:17:51.653Z,9493,436300,528700
2026-09-17T01:17:51.653Z,10880,45380,54910
2026-09-17T01:17:51.653Z,5849,69030,75960
2026-09-17T01:17:51.653Z,18823,50000000,59770000
2026-09-17T01:17:51.653Z,4613,12000,54990
2026-09-17T01:17:51.653Z,25601,3790,3791
2026-09-17T01:17:51.653Z,11349,57000,65940
2026-09-17T01:17:51.653Z,37543,36740,45000
2026-09-17T01:17:51.653Z,57530,1381000,39000000
2026-09-17T01:17:51.653Z,41055,691200,742300
2026-09-17T01:17:51.653Z,85155,10000,1600000
2026-09-17T01:17:51.653Z,46974,598500,7992000
2026-09-17T01:17:51.653Z,14868,4014000000,8000000000
2026-09-17T01:17:51.653Z,41201,213000000,232900000
2026-09-17T01:17:51.653Z,26450,75460000,79690000
2026-09-17T01:17:51.653Z,23160,26.32,26.33
2026-09-17T01:17:51.653Z,43855,374500000,410000000
2026-09-17T01:17:51.653Z,17939,1215,264000
2026-09-17T01:17:51.653Z,14168,65700000,71610000
2026-09-17T01:17:51.653Z,89691,60000,251300
2026-09-17T01:17:51.653Z,19215,10330000,11270000
2026-09-17T01:17:51.653Z,27613,119400,21900000
2026-09-17T01:17:51.653Z,2876,1981000,2110000
2026-09-17T01:17:51.653Z,75271,51000000,197000000
2026-09-17T01:17:51.653Z,53906,10000000,175000000
2026-09-17T01:17:51.653Z,83294,10000,199900
2026-09-17T01:17:51.653Z,11445,26110,139700
2026-09-17T01:17:51.653Z,37879,10000,1788000
2026-09-17T01:17:51.653Z,56590,39910000,3000000000
2026-09-17T01:17:51.653Z,56073,71130,178800
2026-09-17T01:17:51.653Z,21476,68160000,119500000
2026-09-17T01:17:51.653Z,91020,1555,1199000
2026-09-17T01:17:51.653Z,96331,10390000,24990000
2026-09-17T01:17:51.653Z,60470,1383000,1947000
2026-09-17T01:17:51.653Z,90607,20000,54210
2026-09-17T01:17:51.653Z,55327,1000,89900
2026-09-17T01:17:51.653Z,23156,8710000,14980000
2026-09-17T01:17:51.653Z,13992,8314000,11740000
2026-09-17T01:17:51.653Z,1828,360.7,374.8
2026-09-17T01:17:51.653Z,42838,160.1,477.4
2026-09-17T01:17:51.653Z,18742,85100,208000
2026-09-17T01:17:51.653Z,47007,157000,1622000
2026-09-17T01:17:51.653Z,19143,38370000,44540000
2026-09-17T01:17:51.653Z,54769,18590,31870
2026-09-17T01:17:51.653Z,14242,103500000,110800000
2026-09-17T01:17:51.653Z,37254,976300000,1397000000
2026-09-17T01:17:51.653Z,2868,2135000,2382000
2026-09-17T01:17:51.653Z,53631,3025000,118000000
2026-09-17T01:17:51.653Z,60165,2500000000,4500000000
2026-09-17T01:17:51.653Z,12487,685100,999000
2026-09-17T01:17:51.653Z,15198,20030000,168000000
2026-09-17T01:17:51.653Z,31628,17820000,18340000
2026-09-17T01:17:51.653Z,19413,20300000,21090000
2026-09-17T01:17:51.653Z,19412,15950000,16650000
2026-09-17T01:17:51.653Z,19414,27070000,28390000
2026-09-17T01:17:51.653Z,31532,2358000,3019000
2026-09-17T01:17:51.653Z,41237,47210000,61090000
2026-09-17T01:17:51.653Z,3504,1364000,1516000
2026-09-17T01:17:51.653Z,57385,1317000,95900000
2026-09-17T01:17:51.653Z,46851,155100,3000000
2026-09-17T01:17:51.653Z,14001,11780000,12380000
2026-09-17T01:17:51.653Z,34205,305000,324600
2026-09-17T01:17:51.653Z,15865,16400000,24890000
2026-09-17T01:17:51.653Z,46219,259000,1999000
2026-09-17T01:17:51.653Z,2328,6901,7301
2026-09-17T01:17:51.653Z,83326,10000,178100
2026-09-17T01:17:51.653Z,11693,17490,20260
2026-09-17T01:17:51.653Z,1436,504700,627900
2026-09-17T01:17:51.653Z,3897,2557000,19900000
2026-09-17T01:17:51.653Z,92463,3020000,3299000
2026-09-17T01:17:51.653Z,91117,40000,250000
2026-09-17T01:17:51.653Z,84084,60020000,519900000
2026-09-17T01:17:51.653Z,31936,9913000,11920000
2026-09-17T01:17:51.653Z,48590,126000,4910000
2026-09-17T01:17:51.653Z,47169,40010000,760900000
2026-09-17T01:17:51.653Z,85392,56300,104600
2026-09-17T01:17:51.653Z,85394,11230,19930
2026-09-17T01:17:51.653Z,13982,12350000,15760000
2026-09-17T01:17:51.653Z,27233,0.01,727700
2026-09-17T01:17:51.653Z,47445,35520000,85000000
2026-09-17T01:17:51.653Z,19549,112200000,112300000
2026-09-17T01:17:51.653Z,78777,110000,1199000
2026-09-17T01:17:51.653Z,26380,4833000,7820000
2026-09-17T01:17:51.653Z,48113,37310000,42220000
2026-09-17T01:17:51.653Z,27116,111800000,119500000
2026-09-17T01:17:51.653Z,3279,14060000,89250000
2026-09-17T01:17:51.653Z,44889,4400000,6077000
2026-09-17T01:17:51.653Z,15917,13590000,17870000
2026-09-17T01:17:51.653Z,83252,10000,197300
2026-09-17T01:17:51.653Z,92464,308000,439000
2026-09-17T01:17:51.653Z,31714,46650000,68930000
2026-09-17T01:17:51.653Z,19221,4891000,5788000
2026-09-17T01:17:51.653Z,83282,10000,410600
2026-09-17T01:17:51.653Z,45557,2100000,4979000
2026-09-17T01:17:51.653Z,45952,400000,2931000
2026-09-17T01:17:51.653Z,53984,213600,213700
2026-09-17T01:17:51.653Z,12612,24,37
2026-09-17T01:17:51.653Z,3082,1102000,1284000
2026-09-17T01:17:51.653Z,20421,90320,95320
2026-09-17T01:17:51.653Z,95275,718000000,886900000
2026-09-17T01:17:51.653Z,46244,149400000,400000000
2026-09-17T01:17:51.653Z,47127,19090000,80870000
2026-09-17T01:17:51.653Z,31544,2126000,2860000
2026-09-17T01:17:51.653Z,88532,20010,695700
2026-09-17T01:17:51.653Z,44160,123.5,200000
2026-09-17T01:17:51.653Z,91857,15070000,17970000
2026-09-17T01:17:51.653Z,15963,196000000,224600000
2026-09-17T01:17:51.653Z,20825,198000,198100
2026-09-17T01:17:51.653Z,47143,9103000,18120000
2026-09-17T01:17:51.653Z,33153,112600000,120500000
2026-09-17T01:17:51.653Z,14248,109600000,119900000
2026-09-17T01:17:51.653Z,21258,1205,349900
2026-09-17T01:17:51.653Z,33844,123300000,135400000
2026-09-17T01:17:51.653Z,30488,405200,429000
2026-09-17T01:17:51.653Z,46234,211700,970000
2026-09-17T01:17:51.653Z,34351,221000,1497000
2026-09-17T01:17:51.653Z,90590,3814,3815
2026-09-17T01:17:51.653Z,56591,409000,1999000
2026-09-17T01:17:51.653Z,88653,5406000,15000000
2026-09-17T01:17:51.653Z,5723,200000,219800
2026-09-17T01:17:51.653Z,31864,1121000,1194000
2026-09-17T01:17:51.653Z,23103,200100,398100
2026-09-17T01:17:51.653Z,57739,701000,1706000
2026-09-17T01:17:51.653Z,53667,75440000,350000000
2026-09-17T01:17:51.653Z,3958,4000000,415100000
2026-09-17T01:17:51.653Z,34328,750100000,1194000000
2026-09-17T01:17:51.653Z,21382,1359,4834
2026-09-17T01:17:51.653Z,52242,1538000000,1823000000
2026-09-17T01:17:51.653Z,14114,12600000,24230000
2026-09-17T01:17:51.653Z,57461,411200,495300
2026-09-17T01:17:51.653Z,631,7108000,7499000
2026-09-17T01:17:51.653Z,62454,870.3,1000
2026-09-17T01:17:51.653Z,75266,126300000,299900000
2026-09-17T01:17:51.653Z,23119,665500,738100
2026-09-17T01:17:51.653Z,28393,9360,1478000
2026-09-17T01:17:51.653Z,47193,10000,55000
2026-09-17T01:17:51.653Z,19278,29030000,33000000
2026-09-17T01:17:51.653Z,22933,30600000,87010000
2026-09-17T01:17:51.653Z,85737,61660000,168800000
2026-09-17T01:17:51.653Z,21236,116100,1560000
2026-09-17T01:17:51.653Z,26370,120500000,152300000
2026-09-17T01:17:51.653Z,13929,60200000,68170000
2026-09-17T01:17:51.653Z,83471,2632000,2881000
2026-09-17T01:17:51.653Z,18871,28160000,30680000
2026-09-17T01:17:51.653Z,20499,93160000,96000000
2026-09-17T01:17:51.653Z,11182,15750000,16850000
2026-09-17T01:17:51.653Z,3766,226900,324200
2026-09-17T01:17:51.653Z,90610,363000,694900
2026-09-17T01:17:51.653Z,196,40,52
2026-09-17T01:17:51.653Z,49713,599200000,688700000
2026-09-17T01:17:51.653Z,25892,5026000,6300000
2026-09-17T01:17:51.653Z,37178,252000000,34950000000
2026-09-17T01:17:51.653Z,84341,250100,1486000
2026-09-17T01:17:51.653Z,40558,10050000,10860000
2026-09-17T01:17:51.653Z,46186,5674000,10010000
2026-09-17T01:17:51.653Z,52307,132400,1590000
2026-09-17T01:17:51.653Z,7001,,77400
2026-09-17T01:17:51.653Z,12108,529100,707000
2026-09-17T01:17:51.653Z,47733,69530,159300
2026-09-17T01:17:51.653Z,46231,8023000,11000000
2026-09-17T01:17:51.653Z,47831,5077000,6720000
2026-09-17T01:17:51.653Z,17487,20540000,23480000
2026-09-17T01:17:51.653Z,17765,140800,491300
2026-09-17T01:17:51.653Z,44179,,1393000
2026-09-17T01:17:51.653Z,7287,151000,175000
2026-09-17T01:17:51.653Z,45956,201000,1995000
2026-09-17T01:17:51.653Z,41316,1158,1543
2026-09-17T01:17:51.653Z,20731,,1030
2026-09-17T01:17:51.653Z,572,67530,200000
2026-09-17T01:17:51.653Z,33450,1910000,1911000
2026-09-17T01:17:51.653Z,73794,17000000,17970000
2026-09-17T01:17:51.653Z,52428,500000000,1438000000
2026-09-17T01:17:51.653Z,74525,,290
2026-09-17T01:17:51.653Z,18989,39660000,46120000
2026-09-17T01:17:51.653Z,42177,2800000,98000000
2026-09-17T01:17:51.653Z,25618,4803,5362
2026-09-17T01:17:51.653Z,2173,25310,29090
2026-09-17T01:17:51.653Z,27922,850200,1229000
2026-09-17T01:17:51.653Z,31764,3022,23400
2026-09-17T01:17:51.653Z,33476,53340000,56190000
2026-09-17T01:17:51.653Z,11944,67010,183900
2026-09-17T01:17:51.653Z,16272,111.7,114
2026-09-17T01:17:51.653Z,25349,18100000,19710000
2026-09-17T01:17:51.653Z,34487,99740000,141300000
2026-09-17T01:17:51.653Z,13996,50000,87970
2026-09-17T01:17:51.653Z,4310,64960000,72380000
2026-09-17T01:17:51.653Z,29344,35530000,39600000
2026-09-17T01:17:51.653Z,54732,451600000,574000000
2026-09-17T01:17:51.653Z,11184,12650000,14250000
2026-09-17T01:17:51.653Z,238,187,243
2026-09-17T01:17:51.653Z,14084,161300,489900
2026-09-17T01:17:51.653Z,34126,221500000,259800000
2026-09-17T01:17:51.653Z,21246,1920000,5097000
2026-09-17T01:17:51.653Z,79186,30030000,36330000
2026-09-17T01:17:51.653Z,28278,268000,352300
2026-09-17T01:17:51.653Z,27074,272000,499700
2026-09-17T01:17:51.653Z,31826,346900000,401500000
2026-09-17T01:17:51.653Z,60575,8230000,9020000
2026-09-17T01:17:51.653Z,20743,2261,2993
2026-09-17T01:17:51.653Z,90484,100.1,100.2
2026-09-17T01:17:51.653Z,13223,4283000,4955000
2026-09-17T01:17:51.653Z,84118,41010000,169900000
2026-09-17T01:17:51.653Z,31758,1303000,1334000
2026-09-17T01:17:51.653Z,33528,202000000,229100000
2026-09-17T01:17:51.653Z,21430,36280,68970
2026-09-17T01:17:51.653Z,83586,4000000,58740000
2026-09-17T01:17:51.653Z,48485,2000,33600000
2026-09-17T01:17:51.653Z,90613,40000,68990
2026-09-17T01:17:51.653Z,11433,1641000,4463000
2026-09-17T01:17:51.653Z,13788,1587000,2686000
2026-09-17T01:17:51.653Z,83592,5007000,136200000
2026-09-17T01:17:51.653Z,22541,7002000,11800000
2026-09-17T01:17:51.653Z,31368,514600000,789600000
2026-09-17T01:17:51.653Z,21254,2550000,5490000
2026-09-17T01:17:51.653Z,20189,1447000000,1516000000
2026-09-17T01:17:51.653Z,14108,44220000,49890000
2026-09-17T01:17:51.653Z,43544,,4260000
2026-09-17T01:17:51.653Z,19270,891800,999000
2026-09-17T01:17:51.653Z,78773,100000,999000
2026-09-17T01:17:51.653Z,2937,826700,1392000
2026-09-17T01:17:51.653Z,4409,20410,49780
2026-09-17T01:17:51.653Z,12267,2333000,2490000
2026-09-17T01:17:51.653Z,56957,70400000,182900000
2026-09-17T01:17:51.653Z,60673,7780,379500
2026-09-17T01:17:51.653Z,57495,20010000,42000000
2026-09-17T01:17:51.653Z,57504,,12000000
2026-09-17T01:17:51.653Z,47314,51020000,444400000
2026-09-17T01:17:51.653Z,85316,427000,459900
2026-09-17T01:17:51.653Z,47762,9470,14800
2026-09-17T01:17:51.653Z,56908,375100,490000000
2026-09-17T01:17:51.653Z,16642,1985,2146
2026-09-17T01:17:51.653Z,22895,7763000,12980000
2026-09-17T01:17:51.653Z,26252,120,24990
2026-09-17T01:17:51.653Z,89611,32290,500000
2026-09-17T01:17:51.653Z,43501,369800,5699000
2026-09-17T01:17:51.653Z,43487,210600,4394000
2026-09-17T01:17:51.653Z,29093,455500,798400
2026-09-17T01:17:51.653Z,78793,100000,970000
2026-09-17T01:17:51.653Z,90728,16000000,21370000
2026-09-17T01:17:51.653Z,11176,15510000,17010000
2026-09-17T01:17:51.653Z,2361,99130,109200
2026-09-17T01:17:51.653Z,41410,5000000,32900000
2026-09-17T01:17:51.653Z,47310,1681000,48990000
2026-09-17T01:17:51.653Z,2647,52.04,56.12
2026-09-17T01:17:51.653Z,33563,123600000,140600000
2026-09-17T01:17:51.653Z,1952,807900,808100
2026-09-17T01:17:51.653Z,60760,60000000,695800000
2026-09-17T01:17:51.653Z,40573,40000000,115900000
2026-09-17T01:17:51.653Z,26020,2515000,6609000
2026-09-17T01:17:51.653Z,21011,7628000,10240000
2026-09-17T01:17:51.653Z,57127,650000000,748500000
2026-09-17T01:17:51.653Z,31926,12660000,13120000
2026-09-17T01:17:51.653Z,12865,50.12,296.9
2026-09-17T01:17:51.653Z,45570,60000000,189900000
2026-09-17T01:17:51.653Z,19688,113000000,119500000
2026-09-17T01:17:51.653Z,52240,404500000,514100000
2026-09-17T01:17:51.653Z,37580,5000000,38920000
2026-09-17T01:17:51.653Z,36431,5001000,43970000
2026-09-17T01:17:51.653Z,3057,4334000,4999000
2026-09-17T01:17:51.653Z,60678,151000,3500000
2026-09-17T01:17:51.653Z,37294,140500000,183300000
2026-09-17T01:17:51.653Z,44996,8990000000,9480000000
2026-09-17T01:17:51.653Z,78918,200000000,360000000
2026-09-17T01:17:51.653Z,6809,779000,2113000
2026-09-17T01:17:51.653Z,45593,30690000,35320000
2026-09-17T01:17:51.653Z,8863,181100,258700
2026-09-17T01:17:51.653Z,31890,1556000,1649000
2026-09-17T01:17:51.653Z,8263,24450,54770
2026-09-17T01:17:51.653Z,2346,83000,87150
2026-09-17T01:17:51.653Z,37579,5424000,42280000
2026-09-17T01:17:51.653Z,27387,713,737.8
2026-09-17T01:17:51.653Z,11299,582200,843200
2026-09-17T01:17:51.653Z,54927,350100,6000000
2026-09-17T01:17:51.653Z,2553,661500,753100
2026-09-17T01:17:51.653Z,32050,5000,225000
2026-09-17T01:17:51.653Z,62534,106.9,122
2026-09-17T01:17:51.653Z,62558,3118,4212
2026-09-17T01:17:51.653Z,62532,90.26,105
2026-09-17T01:17:51.653Z,40563,21730000,24340000
2026-09-17T01:17:51.653Z,883,,500000
2026-09-17T01:17:51.653Z,23953,960000000,1094000000
2026-09-17T01:17:51.653Z,21888,44040000,48020000
2026-09-17T01:17:51.653Z,54786,8134,8798
2026-09-17T01:17:51.653Z,40334,9148,18520
2026-09-17T01:17:51.653Z,23023,597.7,783.8
2026-09-17T01:17:51.653Z,45999,8406000,8997000
2026-09-17T01:17:51.653Z,28678,1922000,2112000
2026-09-17T01:17:51.653Z,27143,531200,692000
2026-09-17T01:17:51.653Z,10221,16960000,17990000
2026-09-17T01:17:51.653Z,10208,16130000,17990000
2026-09-17T01:17:51.653Z,10226,92830000,97120000
2026-09-17T01:17:51.653Z,31906,7305000,8700000
2026-09-17T01:17:51.653Z,11563,259300,284600
2026-09-17T01:17:51.653Z,41215,19770000,21100000
2026-09-17T01:17:51.653Z,52694,3980000,4246000
2026-09-17T01:17:51.653Z,33846,83060000,88400000
2026-09-17T01:17:51.653Z,24395,205000,422800
2026-09-17T01:17:51.653Z,16391,376300,438200
2026-09-17T01:17:51.653Z,231,24.01,24.02
2026-09-17T01:17:51.653Z,22576,20130,29990
2026-09-17T01:17:51.653Z,24499,62.03,68.77
2026-09-17T01:17:51.653Z,13935,105300000,113600000
2026-09-17T01:17:51.653Z,55655,1000,100000
2026-09-17T01:17:51.653Z,31563,,400000
2026-09-17T01:17:51.653Z,48720,30110000,196600000
2026-09-17T01:17:51.653Z,94009,1511000000,1828000000
2026-09-17T01:17:51.653Z,44254,10010000,1448000000
2026-09-17T01:17:51.653Z,58824,1103000,1188000000
2026-09-17T01:17:51.653Z,11648,1723000,2170000
2026-09-17T01:17:51.653Z,42557,11000000,95000000
2026-09-17T01:17:51.653Z,45774,258800,1495000
2026-09-17T01:17:51.653Z,19968,4.13,289.8
2026-09-17T01:17:51.653Z,21248,3500,5350000
2026-09-17T01:17:51.653Z,82391,1000,499700
2026-09-17T01:17:51.653Z,45837,10300000,29750000
2026-09-17T01:17:51.653Z,4399,3267000,4807000
2026-09-17T01:17:51.653Z,13954,41690000,50320000
2026-09-17T01:17:51.653Z,41405,5200000,35000000
2026-09-17T01:17:51.653Z,15331,952.3,952.4
2026-09-17T01:17:51.653Z,15627,15000,15010
2026-09-17T01:17:51.653Z,34677,53230,16890000
2026-09-17T01:17:51.653Z,91139,1401000,5999000
2026-09-17T01:17:51.653Z,46127,20030000,476900000
2026-09-17T01:17:51.653Z,29103,1150000,1642000
2026-09-17T01:17:51.653Z,84992,4947000000,5993000000
2026-09-17T01:17:51.653Z,47315,8601000,21500000
2026-09-17T01:17:51.653Z,56854,4005000,5393000
2026-09-17T01:17:51.653Z,23536,1070,84000
2026-09-17T01:17:51.653Z,18827,61500000,73990000
2026-09-17T01:17:51.653Z,32780,3450000,3697000
2026-09-17T01:17:51.653Z,41508,1890000000,2200000000
2026-09-17T01:17:51.653Z,41528,63590000,75000000
2026-09-17T01:17:51.653Z,49712,40450000,46850000
2026-09-17T01:17:51.653Z,20061,244200000,298800000
2026-09-17T01:17:51.653Z,23013,707.5,2956
2026-09-17T01:17:51.653Z,20833,100000,750000
2026-09-17T01:17:51.653Z,45775,200000,2990000
2026-09-17T01:17:51.653Z,44931,10010000,59900000
2026-09-17T01:17:51.653Z,7293,5200,25000
2026-09-17T01:17:51.653Z,45020,155500000,351700000
2026-09-17T01:17:51.653Z,35789,5805000,6667000
2026-09-17T01:17:51.653Z,33279,33140000,329600000
2026-09-17T01:17:51.653Z,3092,557500000,624000000
2026-09-17T01:17:51.653Z,84099,220000000,1630000000
2026-09-17T01:17:51.653Z,33778,486600,23990000
2026-09-17T01:17:51.653Z,28444,190100,200000
2026-09-17T01:17:51.653Z,56146,260000000,26240000000
2026-09-17T01:17:51.653Z,17181,2356000,5184000
2026-09-17T01:17:51.653Z,30588,114300,125700
2026-09-17T01:17:51.653Z,60381,21000000,24490000
2026-09-17T01:17:51.653Z,90526,1200,2201
2026-09-17T01:17:51.653Z,44125,10,577000
2026-09-17T01:17:51.653Z,54975,38150000,41380000
2026-09-17T01:17:51.653Z,32039,2103000,13980000
2026-09-17T01:17:51.653Z,19204,168000000,185700000
2026-09-17T01:17:51.653Z,32047,15880000,16900000
2026-09-17T01:17:51.653Z,89661,101000000,259900000
2026-09-17T01:17:51.653Z,23077,231000,290000
2026-09-17T01:17:51.653Z,87780,1401000,9977000
2026-09-17T01:17:51.653Z,62400,8870,9710
2026-09-17T01:17:51.653Z,23101,350000,457900
2026-09-17T01:17:51.653Z,11957,105700000,134900000
2026-09-17T01:17:51.653Z,41456,292000000,352600000
2026-09-17T01:17:51.653Z,19966,2.14,18
2026-09-17T01:17:51.653Z,82487,80000,1177000
2026-09-17T01:17:51.653Z,21290,250900,2900000
2026-09-17T01:17:51.653Z,78786,100000,1500000
2026-09-17T01:17:51.653Z,12614,35.01,39.79
2026-09-17T01:17:51.653Z,28652,20830000,22690000
2026-09-17T01:17:51.653Z,34720,12460,500000000
2026-09-17T01:17:51.653Z,55545,33150,2996000
2026-09-17T01:17:51.653Z,49927,38120000,371200000
2026-09-17T01:17:51.653Z,33852,72020000,80380000
2026-09-17T01:17:51.653Z,18951,53170000,66730000
2026-09-17T01:17:51.653Z,18971,134400000,182600000
2026-09-17T01:17:51.653Z,34496,2843000,4077000
2026-09-17T01:17:51.653Z,46800,,2125000
2026-09-17T01:17:51.653Z,458,1,249400
2026-09-17T01:17:51.653Z,31240,58880,205000
2026-09-17T01:17:51.653Z,50051,20260000,113000000
2026-09-17T01:17:51.653Z,86153,155000000,253000000
2026-09-17T01:17:51.653Z,4238,60080,2890000
2026-09-17T01:17:51.653Z,47360,48950000,59720000
2026-09-17T01:17:51.653Z,25595,1879,2366
2026-09-17T01:17:51.653Z,32085,,3397000
2026-09-17T01:17:51.653Z,84521,162.1,489700
2026-09-17T01:17:51.653Z,20845,,2883000
2026-09-17T01:17:51.653Z,20951,7.01,111
2026-09-17T01:17:51.653Z,37847,9480,12550
2026-09-17T01:17:51.653Z,47139,8803000,10490000
2026-09-17T01:17:51.653Z,32246,35170000,39040000
2026-09-17T01:17:51.653Z,31256,1000,899900
2026-09-17T01:17:51.653Z,78913,195000000,1219000000
2026-09-17T01:17:51.653Z,11577,3254000,3568000
2026-09-17T01:17:51.653Z,2881,253700,304600
2026-09-17T01:17:51.653Z,45804,512500,3860000
2026-09-17T01:17:51.653Z,21394,322.1,3396
2026-09-17T01:17:51.653Z,11551,38340,42610
2026-09-17T01:17:51.653Z,5233,258600000,819700000
2026-09-17T01:17:51.653Z,11961,135600000,145000000
2026-09-17T01:17:51.653Z,18783,11340,445400
2026-09-17T01:17:51.653Z,55643,500,29800
2026-09-17T01:17:51.653Z,31560,25050,140000000
2026-09-17T01:17:51.653Z,13920,61220000,67890000
2026-09-17T01:17:51.653Z,60920,415500,4332000
2026-09-17T01:17:51.653Z,3146,1707000,1886000
2026-09-17T01:17:51.653Z,95267,,250000000
2026-09-17T01:17:51.653Z,33967,3577000,28000000
2026-09-17T01:17:51.653Z,56136,10530,21400
2026-09-17T01:17:51.653Z,35949,35070000,39730000
2026-09-17T01:17:51.653Z,33732,70140000,349900000
2026-09-17T01:17:51.653Z,75269,200000000,1200000000
2026-09-17T01:17:51.653Z,60301,1097000,1141000
2026-09-17T01:17:51.653Z,90649,2200000,9000000
2026-09-17T01:17:51.653Z,19055,36160000,42150000
2026-09-17T01:17:51.653Z,26096,37640,3760000
2026-09-17T01:17:51.653Z,30747,4648000,4801000
2026-09-17T01:17:51.653Z,20841,1050000,1893000
2026-09-17T01:17:51.653Z,26374,45050000,54700000
2026-09-17T01:17:51.653Z,42908,387100,5394000
2026-09-17T01:17:51.653Z,57735,802000,6598000
2026-09-17T01:17:51.653Z,87461,131000000,494900000
2026-09-17T01:17:51.653Z,83268,80000,154200
2026-09-17T01:17:51.653Z,47028,37020000,47880000
2026-09-17T01:17:51.653Z,29039,843100,1424000
2026-09-17T01:17:51.653Z,20509,1249000000,1498000000
2026-09-17T01:17:51.653Z,15881,22270000,28730000
2026-09-17T01:17:51.653Z,35947,29050000,32140000
2026-09-17T01:17:51.653Z,31366,30520000,31840000
2026-09-17T01:17:51.653Z,31788,206000,237800
2026-09-17T01:17:51.653Z,42756,307.5,9300000
2026-09-17T01:17:51.653Z,45800,25000000,42190000
2026-09-17T01:17:51.653Z,64410,52070000,488400000
2026-09-17T01:17:51.653Z,41254,1175000000,1488000000
2026-09-17T01:17:51.653Z,86106,50000000,77000000
2026-09-17T01:17:51.653Z,46325,391100000,399000000
2026-09-17T01:17:51.653Z,17920,860600000,924800000
2026-09-17T01:17:51.653Z,17740,764200000,896500000
2026-09-17T01:17:51.653Z,633,7750000,8830000
2026-09-17T01:17:51.653Z,11999,141000000,152000000
2026-09-17T01:17:51.653Z,11978,112300000,120300000
2026-09-17T01:17:51.653Z,29984,214200000,227800000
2026-09-17T01:17:51.653Z,33382,268500000,474900000
2026-09-17T01:17:51.653Z,62556,3091,3905
2026-09-17T01:17:51.653Z,82438,10020,1266000
2026-09-17T01:17:51.653Z,84103,600100000,1149000000
2026-09-17T01:17:51.653Z,62535,129.3,129.8
2026-09-17T01:17:51.653Z,84416,215500,496800
2026-09-17T01:17:51.653Z,31876,1969000,2039000
2026-09-17T01:17:51.653Z,53144,16000000,160000000
2026-09-17T01:17:51.653Z,52406,16000000,160000000
2026-09-17T01:17:51.653Z,82351,60000,118500
2026-09-17T01:17:51.653Z,25600,40970,43890
2026-09-17T01:17:51.653Z,46200,1000000,10000000
2026-09-17T01:17:51.653Z,93778,,42890
2026-09-17T01:17:51.653Z,45826,525800,3889000
2026-09-17T01:17:51.653Z,15784,50000000,64860000
2026-09-17T01:17:51.653Z,18704,118300000,144200000
2026-09-17T01:17:51.653Z,18981,16390000,28000000
2026-09-17T01:17:51.653Z,18779,62290000,111900000
2026-09-17T01:17:51.653Z,1422,340700,340800
2026-09-17T01:17:51.653Z,45990,4000000,69960000
2026-09-17T01:17:51.653Z,14538,3991000000,6589000000
2026-09-17T01:17:51.653Z,41482,1835000,2612000
2026-09-17T01:17:51.653Z,42586,51000000,159800000
2026-09-17T01:17:51.653Z,21867,30,60
2026-09-17T01:17:51.653Z,34641,55000000,148800000
2026-09-17T01:17:51.653Z,35833,8458000000,9508000000
2026-09-17T01:17:51.653Z,47030,32800000,68620000
2026-09-17T01:17:51.653Z,46415,7026000,359000000
2026-09-17T01:17:51.653Z,45921,1003000,35000000
2026-09-17T01:17:51.653Z,36637,100000,58880000
2026-09-17T01:17:51.653Z,44,13350,14140
2026-09-17T01:17:51.653Z,16653,27080,28080
2026-09-17T01:17:51.653Z,4158,17500000,367000000
2026-09-17T01:17:51.653Z,90411,56230000,67920000
2026-09-17T01:17:51.653Z,88638,10000,733100
2026-09-17T01:17:51.653Z,24595,774,2390
2026-09-17T01:17:51.653Z,46145,2033000,889900000
2026-09-17T01:17:51.653Z,86216,2788000,3000000
2026-09-17T01:17:51.653Z,83222,140000,750000
2026-09-17T01:17:51.653Z,49619,1300000,3999000
2026-09-17T01:17:51.653Z,47870,2029,214500
2026-09-17T01:17:51.653Z,31580,1400000,1598000
2026-09-17T01:17:51.653Z,60677,67800,879900
2026-09-17T01:17:51.653Z,19042,242000000,322400000
2026-09-17T01:17:51.653Z,21428,3105,9986
2026-09-17T01:17:51.653Z,33513,405000000,452400000
2026-09-17T01:17:51.653Z,29096,0.01,15000000
2026-09-17T01:17:51.653Z,4258,952500,1104000
2026-09-17T01:17:51.653Z,3269,42570000,91030000
2026-09-17T01:17:51.653Z,31640,9702000,14910000
2026-09-17T01:17:51.653Z,31748,1386000,2423000
2026-09-17T01:17:51.653Z,3105,53200,6899000
2026-09-17T01:17:51.653Z,4256,2656000,3639000
2026-09-17T01:17:51.653Z,29098,1501000,15000000
2026-09-17T01:17:51.653Z,91947,1937000,2799000
2026-09-17T01:17:51.653Z,3124,348600000,485000000
2026-09-17T01:17:51.653Z,90608,201000000,234400000
2026-09-17T01:17:51.653Z,88663,20000,4997000
2026-09-17T01:17:51.653Z,33520,294400,2359000
2026-09-17T01:17:51.653Z,34828,61030000,65420000
2026-09-17T01:17:51.653Z,29102,0.01,15000000
2026-09-17T01:17:51.653Z,13832,15220000,18000000
2026-09-17T01:17:51.653Z,11483,500,598.9
2026-09-17T01:17:51.653Z,21587,16.03,16.04
2026-09-17T01:17:51.653Z,29104,1.05,15000000
2026-09-17T01:17:51.653Z,49647,10000,50000000
2026-09-17T01:17:51.653Z,11289,5505,7248
2026-09-17T01:17:51.653Z,91964,1534000,2646000
2026-09-17T01:17:51.653Z,19209,40100,100000
2026-09-17T01:17:51.653Z,49742,8000,642700
2026-09-17T01:17:51.653Z,79955,24070000,99000000
2026-09-17T01:17:51.653Z,13999,13220000,17260000
2026-09-17T01:17:51.653Z,47138,8695000,12020000
2026-09-17T01:17:51.653Z,46890,51000,1500000
2026-09-17T01:17:51.653Z,14762,3643000,195000000
2026-09-17T01:17:51.653Z,64377,5511000,7698000
2026-09-17T01:17:51.653Z,29108,1.05,15000000
2026-09-17T01:17:51.653Z,13924,78620000,86940000
2026-09-17T01:17:51.653Z,10998,12950,21750
2026-09-17T01:17:51.653Z,29110,1.05,15000000
2026-09-17T01:17:51.653Z,44993,454300000,490900000
2026-09-17T01:17:51.653Z,21740,4761,6416
2026-09-17T01:17:51.653Z,19105,33210000,36690000
2026-09-17T01:17:51.653Z,34423,201,149900
2026-09-17T01:17:51.653Z,95299,35000000,74290000
2026-09-17T01:17:51.653Z,3177,50100000,93890000
2026-09-17T01:17:51.653Z,45755,215000,1533000
2026-09-17T01:17:51.653Z,78768,222400,698000
2026-09-17T01:17:51.653Z,19417,48040000,50000000
2026-09-17T01:17:51.653Z,45756,1365,768100
2026-09-17T01:17:51.653Z,55515,10020,162100
2026-09-17T01:17:51.653Z,28700,81620,82830
2026-09-17T01:17:51.653Z,85753,3600000,11900000
2026-09-17T01:17:51.653Z,85969,,245800000
2026-09-17T01:17:51.653Z,2175,868400,970000
2026-09-17T01:17:51.653Z,43732,275700000,395000000
2026-09-17T01:17:51.653Z,47887,1115,1187
2026-09-17T01:17:51.653Z,54292,20160,31380
2026-09-17T01:17:51.653Z,94065,118900000,194000000
2026-09-17T01:17:51.653Z,17659,12120,9000000
2026-09-17T01:17:51.653Z,47071,132100000,183800000
2026-09-17T01:17:51.653Z,88479,50000,8435000
2026-09-17T01:17:51.653Z,15672,35580,3450000
2026-09-17T01:17:51.653Z,26914,2003000,2004000
2026-09-17T01:17:51.653Z,46370,333200,1339000
2026-09-17T01:17:51.653Z,23134,25720000,27490000
2026-09-17T01:17:51.653Z,20185,1495000000,1592000000
2026-09-17T01:17:51.653Z,41239,127400000,165400000
2026-09-17T01:17:51.653Z,5973,302000,319000
2026-09-17T01:17:51.653Z,34124,9787000,12520000
2026-09-17T01:17:51.653Z,19339,84120000,89920000
2026-09-17T01:17:51.653Z,564,27000,40890
2026-09-17T01:17:51.653Z,34431,1,198900
2026-09-17T01:17:51.653Z,31133,203100,28100000
2026-09-17T01:17:51.653Z,42614,10000000,14000000
2026-09-17T01:17:51.653Z,42834,128.2,476.4
2026-09-17T01:17:51.653Z,76288,151000000,499900000
2026-09-17T01:17:51.653Z,53383,0.01,567900
2026-09-17T01:17:51.653Z,55648,10000,24990
2026-09-17T01:17:51.653Z,28697,100000,105000
2026-09-17T01:17:51.653Z,82319,100.3,134
2026-09-17T01:17:51.653Z,18881,871200000,971400000
2026-09-17T01:17:51.653Z,85397,21730,33490
2026-09-17T01:17:51.653Z,96328,930400,1497000
2026-09-17T01:17:51.653Z,56076,509000,1288000
2026-09-17T01:17:51.653Z,632,6172000,8667000
2026-09-17T01:17:51.653Z,15228,111800,165000000
2026-09-17T01:17:51.653Z,56899,375800,494900000
2026-09-17T01:17:51.653Z,47931,950.2,1479
2026-09-17T01:17:51.653Z,56846,36000000,49840000
2026-09-17T01:17:51.653Z,11225,36100,1327000
2026-09-17T01:17:51.653Z,85775,1000,350000
2026-09-17T01:17:51.653Z,85681,76620000,344800000
2026-09-17T01:17:51.653Z,22535,153100000,166400000
2026-09-17T01:17:51.653Z,43675,69970,200000000
2026-09-17T01:17:51.653Z,12210,392500,696900
2026-09-17T01:17:51.653Z,23135,41010,79950
2026-09-17T01:17:51.653Z,31069,3146000,4688000
2026-09-17T01:17:51.653Z,40556,9346000,11910000
2026-09-17T01:17:51.653Z,11303,46550,245900
2026-09-17T01:17:51.653Z,269,12,21.98
2026-09-17T01:17:51.653Z,19540,88050000,110400000
2026-09-17T01:17:51.653Z,75286,2000,4298
2026-09-17T01:17:51.653Z,47699,91800,148900
2026-09-17T01:17:51.653Z,2613,55.16,55.21
2026-09-17T01:17:51.653Z,60163,1633000000,2400000000
2026-09-17T01:17:51.653Z,33577,457200,460100
2026-09-17T01:17:51.653Z,28422,12.25,2150
2026-09-17T01:17:51.653Z,191,13.17,91
2026-09-17T01:17:51.653Z,48420,38300,38310
2026-09-17T01:17:51.653Z,34264,2461000,2562000
2026-09-17T01:17:51.653Z,48432,68300,135900
2026-09-17T01:17:51.653Z,20038,11.8,823.8
2026-09-17T01:17:51.653Z,31872,1135000,1213000
2026-09-17T01:17:51.653Z,57054,44040000,74980000
2026-09-17T01:17:51.653Z,35840,110500000,599700000
2026-09-17T01:17:51.653Z,45522,1407000,23940000
2026-09-17T01:17:51.653Z,84170,503900,699200
2026-09-17T01:17:51.653Z,86105,27280000,68690000
2026-09-17T01:17:51.653Z,16689,6609000,12700000
2026-09-17T01:17:51.653Z,46838,1000,1149000
2026-09-17T01:17:51.653Z,62552,2055,2154
2026-09-17T01:17:51.653Z,41299,2533,4500
2026-09-17T01:17:51.653Z,14451,4574000000,7960000000
2026-09-17T01:17:51.653Z,92966,67100000,109900000
2026-09-17T01:17:51.653Z,14642,2642000000,2892000000
2026-09-17T01:17:51.653Z,26046,200100,1435000
2026-09-17T01:17:51.653Z,28810,230900000,245000000
2026-09-17T01:17:51.653Z,92782,10000000,799900000
2026-09-17T01:17:51.653Z,93478,11000000,70000000
2026-09-17T01:17:51.653Z,941,200000,4869000
2026-09-17T01:17:51.653Z,60766,53500000,71000000
2026-09-17T01:17:51.653Z,40692,648200000,879900000
2026-09-17T01:17:51.653Z,17691,1000000,13600000
2026-09-17T01:17:51.653Z,17234,15030,48000
2026-09-17T01:17:51.653Z,11172,14830000,15610000
2026-09-17T01:17:51.653Z,48387,6095000,14930000
2026-09-17T01:17:51.653Z,85682,7005000,63980000
2026-09-17T01:17:51.653Z,52559,,995000000
2026-09-17T01:17:51.653Z,57056,462900,5000000
2026-09-17T01:17:51.653Z,15695,140.1,800000
2026-09-17T01:17:51.653Z,9209,30010,49990
2026-09-17T01:17:51.653Z,2006,9924000,10890000
2026-09-17T01:17:51.653Z,64570,,168900000
2026-09-17T01:17:51.653Z,18975,150600000,161800000
2026-09-17T01:17:51.653Z,52285,3505000,7599000
2026-09-17T01:17:51.653Z,1315,93300,799900
2026-09-17T01:17:51.653Z,42546,4400000,12000000
2026-09-17T01:17:51.653Z,53955,241000000,500000000
2026-09-17T01:17:51.653Z,1306,260600,284000
2026-09-17T01:17:51.653Z,28434,237900,243000
2026-09-17T01:17:51.653Z,4051,16880,17380
2026-09-17T01:17:51.653Z,57706,600000000,3883000000
2026-09-17T01:17:51.653Z,62573,8003,10990
2026-09-17T01:17:51.653Z,91166,263600000,395300000
2026-09-17T01:17:51.653Z,15919,252600,6000000
2026-09-17T01:17:51.653Z,14154,4072000,4565000
2026-09-17T01:17:51.653Z,20613,9000000,10880000
2026-09-17T01:17:51.653Z,25955,24990,1496000
2026-09-17T01:17:51.653Z,6005,2600,4173
2026-09-17T01:17:51.653Z,28435,362600,462500
2026-09-17T01:17:51.653Z,55985,122000000,230500000
2026-09-17T01:17:51.653Z,43788,4752000,44970000
2026-09-17T01:17:51.653Z,46837,5000,1098000
2026-09-17T01:17:51.653Z,28437,371500,485800
2026-09-17T01:17:51.653Z,27563,17090000,29900000
2026-09-17T01:17:51.653Z,85395,350900,398900
2026-09-17T01:17:51.653Z,46832,10030,2473000
2026-09-17T01:17:51.653Z,14463,1550000000,6550000000
2026-09-17T01:17:51.653Z,47926,901.5,1009
2026-09-17T01:17:51.653Z,21896,663.9,763.6
2026-09-17T01:17:51.653Z,27339,1969,2220
2026-09-17T01:17:51.653Z,17272,5000,5001
2026-09-17T01:17:51.653Z,55555,500,99990
2026-09-17T01:17:51.653Z,2571,1049000,1318000
2026-09-17T01:17:51.653Z,19231,136000000,149000000
2026-09-17T01:17:51.653Z,37248,976300000,1397000000
2026-09-17T01:17:51.653Z,31467,,1099000
2026-09-17T01:17:51.653Z,41302,1269,7811
2026-09-17T01:17:51.653Z,54400,186300000,214000000
2026-09-17T01:17:51.653Z,3153,126100,90000000
2026-09-17T01:17:51.653Z,11969,140200000,145000000
2026-09-17T01:17:51.653Z,26081,,1250000
2026-09-17T01:17:51.653Z,49751,240000000,1000000000
2026-09-17T01:17:51.653Z,53986,9121000,14000000
2026-09-17T01:17:51.653Z,14025,13870,92680
2026-09-17T01:17:51.653Z,81383,350000,485000
2026-09-17T01:17:51.653Z,33779,12500000,87490000
2026-09-17T01:17:51.653Z,88483,1000,478000
2026-09-17T01:17:51.653Z,41326,1150,2139
2026-09-17T01:17:51.653Z,3152,,4968000
2026-09-17T01:17:51.653Z,28439,240100,295800
2026-09-17T01:17:51.653Z,28209,1380000,1482000
2026-09-17T01:17:51.653Z,62031,6002,199700
2026-09-17T01:17:51.653Z,3127,552000000,628100000
2026-09-17T01:17:51.653Z,5975,7321,9109
2026-09-17T01:17:51.653Z,48576,13780000,17490000
2026-09-17T01:17:51.653Z,14710,60010000,179900000
2026-09-17T01:17:51.653Z,50131,10,299800
2026-09-17T01:17:51.653Z,2044,61000,390000000
2026-09-17T01:17:51.653Z,45872,110300,500000
2026-09-17T01:17:51.653Z,2551,69550,95000
2026-09-17T01:17:51.653Z,43771,15230000,89000000
2026-09-17T01:17:51.653Z,41598,1001000,21890000
2026-09-17T01:17:51.653Z,13815,13810000,20000000
2026-09-17T01:17:51.653Z,22111,39330000,44870000
2026-09-17T01:17:51.653Z,84337,601000,14580000
2026-09-17T01:17:51.653Z,6637,34010,50100
2026-09-17T01:17:51.653Z,12021,188300000,215600000
2026-09-17T01:17:51.653Z,17684,91060,1459000
2026-09-17T01:17:51.653Z,20611,5105000,8259000
2026-09-17T01:17:51.653Z,19406,553800,569400
2026-09-17T01:17:51.653Z,10190,765500,800000
2026-09-17T01:17:51.653Z,16467,148500,193700
2026-09-17T01:17:51.653Z,19038,231700000,276800000
2026-09-17T01:17:51.653Z,31356,22000000,344900000
2026-09-17T01:17:51.653Z,90134,2002000,2980000
2026-09-17T01:17:51.653Z,3148,1012000,388800000
2026-09-17T01:17:51.653Z,31469,,1800000
2026-09-17T01:17:51.653Z,27126,109400000,118900000
2026-09-17T01:17:51.653Z,9950,2204000,2918000
2026-09-17T01:17:51.653Z,36671,129000000,15000000000
2026-09-17T01:17:51.653Z,46979,1612000,3293000
2026-09-17T01:17:51.653Z,34745,3066000,75000000
2026-09-17T01:17:51.653Z,80939,14000000,1000000000
2026-09-17T01:17:51.653Z,36764,7800000,96930000
2026-09-17T01:17:51.653Z,36828,5000000,5000000000
2026-09-17T01:17:51.653Z,45597,29370000,37790000
2026-09-17T01:17:51.653Z,14994,453300000,718900000
2026-09-17T01:17:51.653Z,90739,3086000,4853000
2026-09-17T01:17:51.653Z,90315,130600000,159500000
2026-09-17T01:17:51.653Z,28304,4611000,5099000
2026-09-17T01:17:51.653Z,15829,8373000,64990000
2026-09-17T01:17:51.653Z,24479,29.13,36.75
2026-09-17T01:17:51.653Z,33101,1415000,1558000
2026-09-17T01:17:51.653Z,44260,535,1044
2026-09-17T01:17:51.653Z,21232,17000,393800
2026-09-17T01:17:51.653Z,21234,370000,859000
2026-09-17T01:17:51.653Z,33032,100000,1899000
2026-09-17T01:17:51.653Z,84332,100000,998900
2026-09-17T01:17:51.653Z,6671,2539,30000
2026-09-17T01:17:51.653Z,447,75010,99640
2026-09-17T01:17:51.653Z,73870,1013000,6480000
2026-09-17T01:17:51.653Z,10692,12260,24900
2026-09-17T01:17:51.653Z,2533,71010,85000
2026-09-17T01:17:51.653Z,21817,2730000000,3179000000
2026-09-17T01:17:51.653Z,79732,124500,2499000
2026-09-17T01:17:51.653Z,42781,1103000,3985000
2026-09-17T01:17:51.653Z,21731,32740,175000
2026-09-17T01:17:51.653Z,92027,,1997000
2026-09-17T01:17:51.653Z,3608,862300,862800
2026-09-17T01:17:51.653Z,54911,40060000,1485000000
2026-09-17T01:17:51.653Z,5971,16640,21970
2026-09-17T01:17:51.653Z,17769,32040,38690
2026-09-17T01:17:51.653Z,93909,110000000,197500000
2026-09-17T01:17:51.653Z,3271,13810,3375000
2026-09-17T01:17:51.653Z,33923,31330000,45250000
2026-09-17T01:17:51.653Z,82966,100000,1976000
2026-09-17T01:17:51.653Z,18608,1009000,1238000
2026-09-17T01:17:51.653Z,85153,1405000,2700000
2026-09-17T01:17:51.653Z,21037,7307000,8147000
2026-09-17T01:17:51.653Z,57465,1018000,1189000
2026-09-17T01:17:51.653Z,3174,10000000,90450000
2026-09-17T01:17:51.653Z,985,1100000,5968000
2026-09-17T01:17:51.653Z,16433,6000,17550
2026-09-17T01:17:51.653Z,47048,6810000,60600000
2026-09-17T01:17:51.653Z,55308,1000,74000
2026-09-17T01:17:51.653Z,23073,11350,297500
2026-09-17T01:17:51.653Z,37576,2118000,70000000
2026-09-17T01:17:51.653Z,18913,116300000,151700000
2026-09-17T01:17:51.653Z,54393,305800000,346900000
2026-09-17T01:17:51.653Z,27773,22000000,58160000
2026-09-17T01:17:51.653Z,59475,17780000,999000000
2026-09-17T01:17:51.653Z,94133,10000,10010
2026-09-17T01:17:51.653Z,90736,6413,100000
2026-09-17T01:17:51.653Z,13236,127300,10500000
2026-09-17T01:17:51.653Z,73403,1502000,2902000
2026-09-17T01:17:51.653Z,84685,401000000,1600000000
2026-09-17T01:17:51.653Z,17464,20.6,22.84
2026-09-17T01:17:51.653Z,4306,54260000,69990000
2026-09-17T01:17:51.653Z,2358,88440,102400
2026-09-17T01:17:51.653Z,50140,175100000,538900000
2026-09-17T01:17:51.653Z,23137,11500000,15280000
2026-09-17T01:17:51.653Z,15675,39340000,42840000
2026-09-17T01:17:51.653Z,85118,140000,453900
2026-09-17T01:17:51.653Z,62563,6000,6997
2026-09-17T01:17:51.653Z,206,40,66
2026-09-17T01:17:51.653Z,92964,7001000,19890000
2026-09-17T01:17:51.653Z,14686,3655000000,4699000000
2026-09-17T01:17:51.653Z,47347,31250000,41930000
2026-09-17T01:17:51.653Z,7619,216300,899800
2026-09-17T01:17:51.653Z,85152,1802000,6400000
2026-09-17T01:17:51.653Z,46740,102000000,2466000000
2026-09-17T01:17:51.653Z,31370,154800,196900
2026-09-17T01:17:51.653Z,24660,3500000,10790000
2026-09-17T01:17:51.653Z,20059,221400000,277200000
2026-09-17T01:17:51.653Z,33942,77250000,97000000
2026-09-17T01:17:51.653Z,43519,53770000,116600000
2026-09-17T01:17:51.653Z,32110,6290000,21870000
2026-09-17T01:17:51.653Z,25616,1016,1018
2026-09-17T01:17:51.653Z,11541,35000,37870
2026-09-17T01:17:51.653Z,45761,500000,2255000
2026-09-17T01:17:51.653Z,48135,1000000,144000000
2026-09-17T01:17:51.653Z,85543,13300000,20200000
2026-09-17T01:17:51.653Z,37292,189700000,202400000
2026-09-17T01:17:51.653Z,16683,25050,26430
2026-09-17T01:17:51.653Z,2817,56.11,123.6
2026-09-17T01:17:51.653Z,438,1584000,1720000
2026-09-17T01:17:51.653Z,23045,1459,1623
2026-09-17T01:17:51.653Z,15965,76990000,85900000
2026-09-17T01:17:51.653Z,84673,2870000,1100000000
2026-09-17T01:17:51.653Z,28397,1624,225000
2026-09-17T01:17:51.653Z,19185,293500000,344600000
2026-09-17T01:17:51.653Z,28288,17290000,19980000
2026-09-17T01:17:51.653Z,94150,1800000,6491000
2026-09-17T01:17:51.653Z,18795,71420,149800
2026-09-17T01:17:51.653Z,45829,101300,999500
2026-09-17T01:17:51.653Z,19274,8201000,8590000
2026-09-17T01:17:51.653Z,7083,289200,343200
2026-09-17T01:17:51.653Z,15082,622100000,1990000000
2026-09-17T01:17:51.653Z,14749,75190,149000000
2026-09-17T01:17:51.653Z,31142,5000,126000
2026-09-17T01:17:51.653Z,20026,,3299000
2026-09-17T01:17:51.653Z,27123,12,200000
2026-09-17T01:17:51.653Z,94159,30010000,83430000
2026-09-17T01:17:51.653Z,7449,481500,530600
2026-09-17T01:17:51.653Z,46385,55170000,969800000
2026-09-17T01:17:51.653Z,84075,5325000,314200000
2026-09-17T01:17:51.653Z,85484,1497000,1496000000
2026-09-17T01:17:51.653Z,34276,9965000,11540000
2026-09-17T01:17:51.653Z,57012,5074000,9700000
2026-09-17T01:17:51.653Z,17199,3019,3020
2026-09-17T01:17:51.653Z,20927,500.1,500.3
2026-09-17T01:17:51.653Z,27226,1.02,123800
2026-09-17T01:17:51.653Z,83204,10000,449900
2026-09-17T01:17:51.653Z,54375,25310000,40750000
2026-09-17T01:17:51.653Z,85400,17460,32690
2026-09-17T01:17:51.653Z,43798,16500000,160000000
2026-09-17T01:17:51.653Z,42833,551.1,636.9
2026-09-17T01:17:51.653Z,48231,27770,14140000
2026-09-17T01:17:51.653Z,62046,1013000,4000000
2026-09-17T01:17:51.653Z,1999,704300,704400
2026-09-17T01:17:51.653Z,46835,0.01,1348000
2026-09-17T01:17:51.653Z,60276,27050,57990
2026-09-17T01:17:51.653Z,15646,50000,50010
2026-09-17T01:17:51.653Z,11267,167800,219500
2026-09-17T01:17:51.653Z,16672,82.74,89.74
2026-09-17T01:17:51.653Z,14658,1935000000,2997000000
2026-09-17T01:17:51.653Z,8089,13530,16930
2026-09-17T01:17:51.653Z,35700,53480000,349300000
2026-09-17T01:17:51.653Z,62520,20.1,23.24
2026-09-17T01:17:51.653Z,22133,4805000,6900000
2026-09-17T01:17:51.653Z,14738,640100000,1300000000
2026-09-17T01:17:51.653Z,91390,3000000,5000000
2026-09-17T01:17:51.653Z,2078,200000000,225000000
2026-09-17T01:17:51.653Z,17209,1353,39000
2026-09-17T01:17:51.653Z,16669,26500,29310
2026-09-17T01:17:51.653Z,62625,13630000,16000000
2026-09-17T01:17:51.653Z,79616,90000000,195000000
2026-09-17T01:17:51.653Z,60925,11290000,97370000
2026-09-17T01:17:51.653Z,43782,,134000000
2026-09-17T01:17:51.653Z,21025,16720000,17190000
2026-09-17T01:17:51.653Z,19011,17710000,25380000
2026-09-17T01:17:51.653Z,31017,8075000,9195000
2026-09-17T01:17:51.653Z,79618,131000000,359800000
2026-09-17T01:17:51.653Z,95501,2022000,5900000
2026-09-17T01:17:51.653Z,82447,80000,955500
2026-09-17T01:17:51.653Z,24527,1553,1633
2026-09-17T01:17:51.653Z,47448,298700000,372100000
2026-09-17T01:17:51.653Z,49650,1000,1966000
2026-09-17T01:17:51.653Z,93077,163000000,193700000
2026-09-17T01:17:51.653Z,12620,9.66,15.45
2026-09-17T01:17:51.653Z,33816,70570000,74950000
2026-09-17T01:17:51.653Z,20559,7271000,15840000
2026-09-17T01:17:51.653Z,15887,37550000,43210000
2026-09-17T01:17:51.653Z,84995,,590500000
2026-09-17T01:17:51.653Z,27650,3980000,18960000
2026-09-17T01:17:51.653Z,85967,133500000,899900000
2026-09-17T01:17:51.653Z,34308,1700000,38890000
2026-09-17T01:17:51.653Z,47872,90760,131400
2026-09-17T01:17:51.653Z,27108,15380000,17140000
2026-09-17T01:17:51.653Z,12631,44.01,69.77
2026-09-17T01:17:51.653Z,43890,50000000,2197000000
2026-09-17T01:17:51.653Z,22134,17330000,24820000
2026-09-17T01:17:51.653Z,15998,50000,50010
2026-09-17T01:17:51.653Z,44905,500000,19140000
2026-09-17T01:17:51.653Z,17514,17070000,359600000
2026-09-17T01:17:51.653Z,4391,106700,204800
2026-09-17T01:17:51.653Z,2109,901800,901900
2026-09-17T01:17:51.653Z,45592,36780000,39880000
2026-09-17T01:17:51.653Z,64034,225500000,288800000
2026-09-17T01:17:51.653Z,23009,1346,1494
2026-09-17T01:17:51.653Z,84113,110000000,149800000
2026-09-17T01:17:51.653Z,31777,4999,248900
2026-09-17T01:17:51.653Z,26082,111700,579800
2026-09-17T01:17:51.653Z,20213,3661000,4900000
2026-09-17T01:17:51.653Z,44937,494.2,44000000
2026-09-17T01:17:51.653Z,46324,1038000000,2822000000
2026-09-17T01:17:51.653Z,31107,724000,1005000
2026-09-17T01:17:51.653Z,34208,5645000,5700000
2026-09-17T01:17:51.653Z,43803,1589000,98980000
2026-09-17T01:17:51.653Z,439,11120,14000
2026-09-17T01:17:51.653Z,31878,2347000,2549000
2026-09-17T01:17:51.653Z,22913,,11200000
2026-09-17T01:17:51.653Z,27453,948.4,1075
2026-09-17T01:17:51.653Z,33824,650100,747500
2026-09-17T01:17:51.653Z,21534,11040000,33940000
2026-09-17T01:17:51.653Z,92383,27530000,339100000
2026-09-17T01:17:51.653Z,3275,70130000,97740000
2026-09-17T01:17:51.653Z,37558,9000000,179600000
2026-09-17T01:17:51.653Z,90318,106500000,399800000
2026-09-17T01:17:51.653Z,3251,25040000,93980000
2026-09-17T01:17:51.653Z,52562,6966000,49720000
2026-09-17T01:17:51.653Z,53713,609600000,649900000
2026-09-17T01:17:51.653Z,43829,1065000,200000000
2026-09-17T01:17:51.653Z,76165,2012000,22790000
2026-09-17T01:17:51.653Z,20418,95290,96430
2026-09-17T01:17:51.653Z,53021,8150000,18000000
2026-09-17T01:17:51.653Z,79840,0.01,597900000
2026-09-17T01:17:51.653Z,63778,1000,149900
2026-09-17T01:17:51.653Z,4242,202300,3238000
2026-09-17T01:17:51.653Z,43830,0.01,99850000
2026-09-17T01:17:51.653Z,63787,31010,950000
2026-09-17T01:17:51.653Z,3223,39620000,97540000
2026-09-17T01:17:51.653Z,84675,53000000,127900000
2026-09-17T01:17:51.653Z,19053,24540000,30090000
2026-09-17T01:17:51.653Z,45598,33430000,35910000
2026-09-17T01:17:51.653Z,56603,17710000,37840000
2026-09-17T01:17:51.653Z,85473,751900000,1070000000
2026-09-17T01:17:51.653Z,45821,800000,9995000
2026-09-17T01:17:51.653Z,15997,30000,30010
2026-09-17T01:17:51.653Z,48146,125200000,213800000
2026-09-17T01:17:51.653Z,33736,249000000,636500000
2026-09-17T01:17:51.653Z,46792,10160,2226000
2026-09-17T01:17:51.653Z,22470,291300000,309300000
2026-09-17T01:17:51.653Z,23113,632300,711500
2026-09-17T01:17:51.653Z,33848,81020000,96880000
2026-09-17T01:17:51.653Z,19806,733900,900000
2026-09-17T01:17:51.653Z,84078,56000000,478100000
2026-09-17T01:17:51.653Z,88120,31300000,75700000
2026-09-17T01:17:51.653Z,91394,50000,1165000
2026-09-17T01:17:51.653Z,33983,13300000,14320000
2026-09-17T01:17:51.653Z,33400,7128000,7677000
2026-09-17T01:17:51.653Z,45898,30000,3920000
2026-09-17T01:17:51.653Z,62559,3912,4450
2026-09-17T01:17:51.653Z,2341,154100,646700
2026-09-17T01:17:51.653Z,44173,166,599900
2026-09-17T01:17:51.653Z,33729,193900000,399900000
2026-09-17T01:17:51.653Z,3244,952600,952700
2026-09-17T01:17:51.653Z,41192,635300000,1000000000
2026-09-17T01:17:51.653Z,34434,90000,90010
2026-09-17T01:17:51.653Z,45599,32250000,36460000
2026-09-17T01:17:51.653Z,58878,200900,2996000
2026-09-17T01:17:51.653Z,29001,8001,26000
2026-09-17T01:17:51.653Z,4292,100600000,106400000
2026-09-17T01:17:51.653Z,27186,25030000,27670000
2026-09-17T01:17:51.653Z,14041,10970000,11950000
2026-09-17T01:17:51.653Z,75899,251700000,359800000
2026-09-17T01:17:51.653Z,90813,500300,4993000
2026-09-17T01:17:51.653Z,60668,310000,1100000
2026-09-17T01:17:51.653Z,26255,250.4,24920
2026-09-17T01:17:51.653Z,47896,7518,16520
2026-09-17T01:17:51.653Z,21506,10030000,13940000
2026-09-17T01:17:51.653Z,27776,5011000,15480000
2026-09-17T01:17:51.653Z,29089,404500,593900
2026-09-17T01:17:51.653Z,88591,100000,3948000
2026-09-17T01:17:51.653Z,59180,1000000,1469000
2026-09-17T01:17:51.653Z,47797,12630,12640
2026-09-17T01:17:51.653Z,27421,40250,79700
2026-09-17T01:17:51.653Z,88664,8200000,17000000
2026-09-17T01:17:51.653Z,31810,4075000,4844000
2026-09-17T01:17:51.653Z,17289,6000,13900000
2026-09-17T01:17:51.653Z,488,11060,47290
2026-09-17T01:17:51.653Z,3465,70000,108300
2026-09-17T01:17:51.653Z,85032,135800000,274700000
2026-09-17T01:17:51.653Z,27553,11200000,29950000
2026-09-17T01:17:51.653Z,14660,5749000000,11910000000
2026-09-17T01:17:51.653Z,43822,271000000,649900000
2026-09-17T01:17:51.653Z,18710,178800000,199100000
2026-09-17T01:17:51.653Z,88531,20000,178200
2026-09-17T01:17:51.653Z,41493,104700000,114300000
2026-09-17T01:17:51.653Z,31484,731500,994000
2026-09-17T01:17:51.653Z,15186,170100000,198900000
2026-09-17T01:17:51.653Z,37231,232500000,426000000
2026-09-17T01:17:51.653Z,33957,61050000,68960000
2026-09-17T01:17:51.653Z,35695,48850000,130000000
2026-09-17T01:17:51.653Z,63785,63010,947000
2026-09-17T01:17:51.653Z,57472,18670000,22370000
2026-09-17T01:17:51.653Z,24663,101800000,111300000
2026-09-17T01:17:51.653Z,48422,442000,989800
2026-09-17T01:17:51.653Z,77874,21100000,64880000
2026-09-17T01:17:51.653Z,27341,61860,192300
2026-09-17T01:17:51.653Z,92453,194100000,289200000
2026-09-17T01:17:51.653Z,49154,101000000,954100000
2026-09-17T01:17:51.653Z,34282,13270000,14700000
2026-09-17T01:17:51.653Z,20327,6030000,17800000
2026-09-17T01:17:51.653Z,55986,60020000,348700000
2026-09-17T01:17:51.653Z,85542,390800,4599000
2026-09-17T01:17:51.653Z,87603,118,3238000
2026-09-17T01:17:51.653Z,45623,32560000,35430000
2026-09-17T01:17:51.653Z,55587,100,189200
2026-09-17T01:17:51.653Z,43821,110000000,229900000
2026-09-17T01:17:51.653Z,3697,13760,13780
2026-09-17T01:17:51.653Z,83061,,164800
2026-09-17T01:17:51.653Z,53432,1080000,500000000
2026-09-17T01:17:51.653Z,47371,0.01,2500000000
2026-09-17T01:17:51.653Z,82964,10000,188200
2026-09-17T01:17:51.653Z,448,1165000,1224000
2026-09-17T01:17:51.653Z,47340,81710000,112800000
2026-09-17T01:17:51.653Z,82375,120000,728000
2026-09-17T01:17:51.653Z,56635,600000,1077000
2026-09-17T01:17:51.653Z,54559,4707000,49100000
2026-09-17T01:17:51.653Z,16682,6389,6542
2026-09-17T01:17:51.653Z,25973,10,2339000
2026-09-17T01:17:51.653Z,60565,3103000,21970000
2026-09-17T01:17:51.653Z,76250,470000000,4445000000
2026-09-17T01:17:51.653Z,19005,15910000,34900000
2026-09-17T01:17:51.653Z,45614,33600000,33610000
2026-09-17T01:17:51.653Z,60905,442.6,1143
2026-09-17T01:17:51.653Z,50039,16250,1960000
2026-09-17T01:17:51.653Z,28802,104300000,122700000
2026-09-17T01:17:51.653Z,23511,30040,7900000
2026-09-17T01:17:51.653Z,27185,5162,70790
2026-09-17T01:17:51.653Z,36710,53010000,430000000
2026-09-17T01:17:51.653Z,34489,268200000,295900000
2026-09-17T01:17:51.653Z,27104,3000,249500
2026-09-17T01:17:51.653Z,53437,115200000,178800000
2026-09-17T01:17:51.653Z,78788,105000,948100
2026-09-17T01:17:51.653Z,57454,120400,138200
2026-09-17T01:17:51.653Z,1447,370700,416200
2026-09-17T01:17:51.653Z,46867,1052000,3499000
2026-09-17T01:17:51.653Z,79735,62990,2700000
2026-09-17T01:17:51.653Z,46836,703000,3993000
2026-09-17T01:17:51.653Z,46986,3810000,9996000
2026-09-17T01:17:51.653Z,11305,52000,114900
2026-09-17T01:17:51.653Z,46937,175100,4167000
2026-09-17T01:17:51.653Z,46969,10000,2320000
2026-09-17T01:17:51.653Z,46920,4489000,18930000
2026-09-17T01:17:51.653Z,28274,229200,339400
2026-09-17T01:17:51.653Z,62223,700000000,1240000000
2026-09-17T01:17:51.653Z,20347,371300,455100
2026-09-17T01:17:51.653Z,3017,255300,596600
2026-09-17T01:17:51.653Z,13980,1658000,1933000
2026-09-17T01:17:51.653Z,18787,,3217000
2026-09-17T01:17:51.653Z,9411,510500,798100
2026-09-17T01:17:51.653Z,30582,13020000,17760000
2026-09-17T01:17:51.653Z,40697,63440000,149000000
2026-09-17T01:17:51.653Z,44210,1000,13490000
2026-09-17T01:17:51.653Z,30656,1000000,9999000
2026-09-17T01:17:51.653Z,27239,144400000,168000000
2026-09-17T01:17:51.653Z,40328,3102000,6000000
2026-09-17T01:17:51.653Z,62525,29.5,31.1
2026-09-17T01:17:51.653Z,82358,40000,2899000
2026-09-17T01:17:51.653Z,82041,2200000,70000000
2026-09-17T01:17:51.653Z,90652,1000,466100
2026-09-17T01:17:51.653Z,93069,1701000,3987000
2026-09-17T01:17:51.653Z,46945,10020,1969000
2026-09-17T01:17:51.653Z,833,100,16790000
2026-09-17T01:17:51.653Z,19944,15060,69680
2026-09-17T01:17:51.653Z,28752,133200000,143200000
2026-09-17T01:17:51.653Z,45601,37180000,37190000
2026-09-17T01:17:51.653Z,16455,26010,72310
2026-09-17T01:17:51.653Z,34425,10000,1163000
2026-09-17T01:17:51.653Z,57020,1295000,4500000
2026-09-17T01:17:51.653Z,87264,1251,4200000
2026-09-17T01:17:51.653Z,88678,7401000,24000000
2026-09-17T01:17:51.653Z,3962,78560000,89000000
2026-09-17T01:17:51.653Z,14703,2421000000,2900000000
2026-09-17T01:17:51.653Z,55623,0.01,74000
2026-09-17T01:17:51.653Z,21949,26010000,42290000
2026-09-17T01:17:51.653Z,830,100,7240000
2026-09-17T01:17:51.653Z,3665,1027000,2143000
2026-09-17T01:17:51.653Z,52922,564700000,816500000
2026-09-17T01:17:51.653Z,19929,15670,20490
2026-09-17T01:17:51.653Z,18947,247500000,277800000
2026-09-17T01:17:51.653Z,28238,701500,4846000
2026-09-17T01:17:51.653Z,81621,177400000,449900000
2026-09-17T01:17:51.653Z,33838,1545000000,1898000000
2026-09-17T01:17:51.653Z,44168,173,788500
2026-09-17T01:17:51.653Z,80813,150100000,455000000
2026-09-17T01:17:51.653Z,16435,3803,24950
2026-09-17T01:17:51.653Z,52201,10140,539700
2026-09-17T01:17:51.653Z,230,72.53,82.86
2026-09-17T01:17:51.653Z,90122,181500000,380000000
2026-09-17T01:17:51.653Z,43554,1614000,1836000
2026-09-17T01:17:51.653Z,54228,,1983000
2026-09-17T01:17:51.653Z,34654,408000000,1164000000
2026-09-17T01:17:51.653Z,91408,1800000,4500000
2026-09-17T01:17:51.653Z,43556,1785000,1985000
2026-09-17T01:17:51.653Z,34292,3252000,3816000
2026-09-17T01:17:51.653Z,13923,5350000,6974000
2026-09-17T01:17:51.653Z,5051,60320,113600
2026-09-17T01:17:51.653Z,22783,,27300000
2026-09-17T01:17:51.653Z,20879,10080000,344100000
2026-09-17T01:17:51.653Z,6635,134400,184700
2026-09-17T01:17:51.653Z,17444,643.6,1000
2026-09-17T01:17:51.653Z,41050,203000000,499000000
2026-09-17T01:17:51.653Z,42779,400500,3500000
2026-09-17T01:17:51.653Z,8583,10820,47760
2026-09-17T01:17:51.653Z,21593,16.04,64.99
2026-09-17T01:17:51.653Z,9943,7462000,8216000
2026-09-17T01:17:51.653Z,21368,3803,4587
2026-09-17T01:17:51.653Z,41662,25500000,55000000
2026-09-17T01:17:51.653Z,46289,0.01,65000
2026-09-17T01:17:51.653Z,17548,9031000,10860000
2026-09-17T01:17:51.653Z,61878,3638000,60210000
2026-09-17T01:17:51.653Z,36450,5800000,42980000
2026-09-17T01:17:51.653Z,88476,1000,169000
2026-09-17T01:17:51.653Z,83305,20000,179300
2026-09-17T01:17:51.653Z,83254,10000,79900
2026-09-17T01:17:51.653Z,3264,4052000,69060000
2026-09-17T01:17:51.653Z,88456,1000,119000
2026-09-17T01:17:51.653Z,15871,490000,1387000
2026-09-17T01:17:51.653Z,34708,12160000,129800000
2026-09-17T01:17:51.653Z,2463,8104,8304
2026-09-17T01:17:51.653Z,17445,653.6,900
2026-09-17T01:17:51.653Z,33830,2101000,4996000
2026-09-17T01:17:51.653Z,21588,5.03,5.04
2026-09-17T01:17:51.653Z,46020,141000000,347000000
2026-09-17T01:17:51.653Z,42526,292500,630000
2026-09-17T01:17:51.653Z,21791,750,8988
2026-09-17T01:17:51.653Z,90612,2001000,12000000
2026-09-17T01:17:51.653Z,85971,55140000,108700000
2026-09-17T01:17:51.653Z,55694,500,114000
2026-09-17T01:17:51.653Z,47191,41240,599900
2026-09-17T01:17:51.653Z,21592,16.04,16.05
2026-09-17T01:17:51.653Z,93697,165000000,320000000
2026-09-17T01:17:51.653Z,59325,1910000000,3736000000
2026-09-17T01:17:51.653Z,18879,28200000,30890000
2026-09-17T01:17:51.653Z,88597,10100,149900
2026-09-17T01:17:51.653Z,21474,53030000,80000000
2026-09-17T01:17:51.653Z,11255,1053,680000
2026-09-17T01:17:51.653Z,10694,149500,262400
2026-09-17T01:17:51.653Z,46677,5139,6000
2026-09-17T01:17:51.653Z,20701,57960000,73810000
2026-09-17T01:17:51.653Z,41492,73340000,77740000
2026-09-17T01:17:51.653Z,11642,1750000,1834000
2026-09-17T01:17:51.653Z,18797,5659000,14710000
2026-09-17T01:17:51.653Z,87952,50000,96840
2026-09-17T01:17:51.653Z,21935,896.3,1000
2026-09-17T01:17:51.653Z,56851,910000000,1200000000
2026-09-17T01:17:51.653Z,91977,52510000,82580000
2026-09-17T01:17:51.653Z,21084,11050,246900
2026-09-17T01:17:51.653Z,86270,,690000000
2026-09-17T01:17:51.653Z,7247,655900,956500
2026-09-17T01:17:51.653Z,45777,400000,500000
2026-09-17T01:17:51.653Z,56132,105900,147000
2026-09-17T01:17:51.653Z,34268,849300,997000
2026-09-17T01:17:51.653Z,85026,7777000,9123000000
2026-09-17T01:17:51.653Z,31954,18430000,36270000
2026-09-17T01:17:51.653Z,1161,2011,399000
2026-09-17T01:17:51.653Z,3329,10.03,14000
2026-09-17T01:17:51.653Z,27127,443000,704600
2026-09-17T01:17:51.653Z,28676,1735000,1922000
2026-09-17T01:17:51.653Z,12011,100200000,107900000
2026-09-17T01:17:51.653Z,46778,0.01,1122000
2026-09-17T01:17:51.653Z,55684,0.02,129100
2026-09-17T01:17:51.653Z,13774,189700,847600
2026-09-17T01:17:51.653Z,440,2552000,2737000
2026-09-17T01:17:51.653Z,18867,56010000,60140000
2026-09-17T01:17:51.653Z,73910,480700000,550000000
2026-09-17T01:17:51.653Z,35150,610.1,610.2
2026-09-17T01:17:51.653Z,62523,26.28,32.94
2026-09-17T01:17:51.653Z,91959,5357000,44950000
2026-09-17T01:17:51.653Z,15609,7712,13560
2026-09-17T01:17:51.653Z,34,3.92,4
2026-09-17T01:17:51.653Z,40553,9529000,9985000
2026-09-17T01:17:51.653Z,49957,581300000,999000000
2026-09-17T01:17:51.653Z,77114,50010000,54110000
2026-09-17T01:17:51.653Z,9139,33400,38350
2026-09-17T01:17:51.653Z,3283,1,394900
2026-09-17T01:17:51.653Z,56795,5000000,22000000
2026-09-17T01:17:51.653Z,18702,74420000,96550000
2026-09-17T01:17:51.653Z,33453,22200000,25730000
2026-09-17T01:17:51.653Z,563,,17000
2026-09-17T01:17:51.653Z,27419,976.1,1070
2026-09-17T01:17:51.653Z,2038,500100,570400
2026-09-17T01:17:51.653Z,47547,25110,374800
2026-09-17T01:17:51.653Z,35586,0.01,90010
2026-09-17T01:17:51.653Z,21527,8233000,10570000
2026-09-17T01:17:51.653Z,3168,3362000,5785000
2026-09-17T01:17:51.653Z,31201,50100,50110
2026-09-17T01:17:51.653Z,52870,100200,644000000
2026-09-17T01:17:51.653Z,31048,,5780000
2026-09-17T01:17:51.653Z,17363,50010,239200
2026-09-17T01:17:51.653Z,27235,1,389700
2026-09-17T01:17:51.653Z,57121,259000000,337700000
2026-09-17T01:17:51.653Z,53711,290200000,308500000
2026-09-17T01:17:51.653Z,13229,15000000,16920000
2026-09-17T01:17:51.653Z,55596,2001,94990
2026-09-17T01:17:51.653Z,31304,120100,2982000
2026-09-17T01:17:51.653Z,46375,34250000,36940000
2026-09-17T01:17:51.653Z,76293,112200000,449900000
2026-09-17T01:17:51.653Z,1294,,24500
2026-09-17T01:17:51.653Z,34074,162400000,438700000
2026-09-17T01:17:51.653Z,15816,776400,3585000
2026-09-17T01:17:51.653Z,85399,8400,9985
2026-09-17T01:17:51.653Z,2348,119900,131000
2026-09-17T01:17:51.653Z,3575,225100000,307400000
2026-09-17T01:17:51.653Z,17664,4,316.7
2026-09-17T01:17:51.653Z,85003,,990000000
2026-09-17T01:17:51.653Z,54166,203000,2299000
2026-09-17T01:17:51.653Z,27237,210000,365200
2026-09-17T01:17:51.653Z,88535,10000,168200
2026-09-17T01:17:51.653Z,46782,50.08,3935000
2026-09-17T01:17:51.653Z,7367,81550,130000
2026-09-17T01:17:51.653Z,45739,2031,189900
2026-09-17T01:17:51.653Z,28686,96000,139200
2026-09-17T01:17:51.653Z,15759,16350000,24190000
2026-09-17T01:17:51.653Z,19117,51190000,110000000
2026-09-17T01:17:51.653Z,88652,60000,171300
2026-09-17T01:17:51.653Z,31175,150600000,298200000
2026-09-17T01:17:51.653Z,34042,21580000,49000000
2026-09-17T01:17:51.653Z,41489,11060,12450
2026-09-17T01:17:51.653Z,19107,8350000,10020000
2026-09-17T01:17:51.653Z,27231,1211,379800
2026-09-17T01:17:51.653Z,82356,10000,94980
2026-09-17T01:17:51.653Z,42751,35010,675000
2026-09-17T01:17:51.653Z,60658,30000,139800
2026-09-17T01:17:51.653Z,56797,1110000,3799000
2026-09-17T01:17:51.653Z,3128,4005000,6175000
2026-09-17T01:17:51.653Z,14027,13010,125400
2026-09-17T01:17:51.653Z,27771,1000000,19850000
2026-09-17T01:17:51.653Z,46216,17970000,20200000
2026-09-17T01:17:51.653Z,47908,771800,845900
2026-09-17T01:17:51.653Z,26430,10330000,17050000
2026-09-17T01:17:51.653Z,84172,160000,999000
2026-09-17T01:17:51.653Z,60280,10010,109900
2026-09-17T01:17:51.653Z,91935,1560000,2799000
2026-09-17T01:17:51.653Z,49099,6848000,8554000
2026-09-17T01:17:51.653Z,28646,6284000,6847000
2026-09-17T01:17:51.653Z,83207,441500,994300
2026-09-17T01:17:51.653Z,37220,75710000,120000000
2026-09-17T01:17:51.653Z,43751,1287000,11960000
2026-09-17T01:17:51.653Z,3193,5241000,7333000
2026-09-17T01:17:51.653Z,28607,5100000,951900000
2026-09-17T01:17:51.653Z,46488,374000000,387000000
2026-09-17T01:17:51.653Z,33947,64630000,85790000
2026-09-17T01:17:51.653Z,43887,100100000,125000000
2026-09-17T01:17:51.653Z,82394,10000,262000
2026-09-17T01:17:51.653Z,17471,12.03,12.78
2026-09-17T01:17:51.653Z,2352,73690,89990
2026-09-17T01:17:51.653Z,28801,899300000,999900000
2026-09-17T01:17:51.653Z,15792,99240000,112700000
2026-09-17T01:17:51.653Z,33927,53550000,71930000
2026-09-17T01:17:51.653Z,85144,0.01,700000
2026-09-17T01:17:51.653Z,32772,426300,522000
2026-09-17T01:17:51.653Z,82461,10000,261000
2026-09-17T01:17:51.653Z,11646,1606000,1760000
2026-09-17T01:17:51.653Z,32053,36420,1999000
2026-09-17T01:17:51.653Z,44186,500000,2058000
2026-09-17T01:17:51.653Z,79939,27010000,67400000
2026-09-17T01:17:51.653Z,589,266200,358800
2026-09-17T01:17:51.653Z,91146,21000,59870
2026-09-17T01:17:51.653Z,36666,140000000,5000000000
2026-09-17T01:17:51.653Z,40485,25810000,1846000000
2026-09-17T01:17:51.653Z,36658,46010000,5000000000
2026-09-17T01:17:51.653Z,46130,50000000,574800000
2026-09-17T01:17:51.653Z,36678,100100000,1254000000
2026-09-17T01:17:51.653Z,45868,25030000,72210000
2026-09-17T01:17:51.653Z,34660,150000000,1474000000
2026-09-17T01:17:51.653Z,36307,175500000,10000000000
2026-09-17T01:17:51.653Z,36292,142500000,10000000000
2026-09-17T01:17:51.653Z,36664,250000000,5000000000
2026-09-17T01:17:51.653Z,46134,75010000,543000000
2026-09-17T01:17:51.653Z,40591,98340000,3000000000
2026-09-17T01:17:51.653Z,40508,167600000,999900000
2026-09-17T01:17:51.653Z,36837,0.01,25000000000
2026-09-17T01:17:51.653Z,34666,710000000,10000000000
2026-09-17T01:17:51.653Z,43749,324200,1700000
2026-09-17T01:17:51.653Z,40360,2367000,7200000
2026-09-17T01:17:51.653Z,89485,36000000,40000000
2026-09-17T01:17:51.653Z,45590,24490000,24500000
2026-09-17T01:17:51.653Z,17190,300100,999700
2026-09-17T01:17:51.653Z,33041,101000,2998000
2026-09-17T01:17:51.653Z,8535,35120,79910
2026-09-17T01:17:51.653Z,26061,24990,1308000
2026-09-17T01:17:51.653Z,17287,150100,9600000
2026-09-17T01:17:51.653Z,41534,525600000,578700000
2026-09-17T01:17:51.653Z,21890,42520000,46290000
2026-09-17T01:17:51.653Z,43863,1154000000,1515000000
2026-09-17T01:17:51.653Z,84498,22120000,174700000
2026-09-17T01:17:51.653Z,41474,508700000,1000000000
2026-09-17T01:17:51.653Z,31246,726200,2886000
2026-09-17T01:17:51.653Z,43892,651000000,795000000
2026-09-17T01:17:51.653Z,47748,874500,1297000
2026-09-17T01:17:51.653Z,83349,10000,460500
2026-09-17T01:17:51.653Z,88642,10000,899800
2026-09-17T01:17:51.653Z,45926,118000,6890000
2026-09-17T01:17:51.653Z,82433,10000,297700
2026-09-17T01:17:51.653Z,83227,10000,225400
2026-09-17T01:17:51.653Z,82369,60000,1249000
2026-09-17T01:17:51.653Z,82385,10000,444600
2026-09-17T01:17:51.653Z,82470,20000,586800
2026-09-17T01:17:51.653Z,56979,3800,196700
2026-09-17T01:17:51.653Z,83385,20000,399600
2026-09-17T01:17:51.653Z,93470,24980000,249800000
2026-09-17T01:17:51.653Z,91409,10000000,14100000
2026-09-17T01:17:51.653Z,27246,202700,596000
2026-09-17T01:17:51.653Z,81144,5035,5698
2026-09-17T01:17:51.653Z,36435,108600,25000000
2026-09-17T01:17:51.653Z,84343,7199000,9800000
2026-09-17T01:17:51.653Z,91243,51000000,84920000
2026-09-17T01:17:51.653Z,14984,25080000,531000000
2026-09-17T01:17:51.653Z,34433,82000,747400
2026-09-17T01:17:51.653Z,28661,831300000,844000000
2026-09-17T01:17:51.653Z,2349,87570,105000
2026-09-17T01:17:51.653Z,18839,8017000,8892000
2026-09-17T01:17:51.653Z,18967,119300000,139900000
2026-09-17T01:17:51.653Z,36958,35060000,98400000
2026-09-17T01:17:51.653Z,53010,701000,4743000
2026-09-17T01:17:51.653Z,82367,10000,232900
2026-09-17T01:17:51.653Z,55832,67700,96890
2026-09-17T01:17:51.653Z,33197,627200,861600
2026-09-17T01:17:51.653Z,4312,17730,18100
2026-09-17T01:17:51.653Z,82478,10010,988000
2026-09-17T01:17:51.653Z,40561,18130000,25890000
2026-09-17T01:17:51.653Z,1230,11.31,12.61
2026-09-17T01:17:51.653Z,47802,24550000,37950000
2026-09-17T01:17:51.653Z,33522,25570000,30870000
2026-09-17T01:17:51.653Z,4252,4170000,25790000
2026-09-17T01:17:51.653Z,33932,4404000,29990000
2026-09-17T01:17:51.653Z,46992,3100000,9997000
2026-09-17T01:17:51.653Z,84083,4103000,47000000
2026-09-17T01:17:51.653Z,15208,2429000000,4078000000
2026-09-17T01:17:51.653Z,47770,138600,168500
2026-09-17T01:17:51.653Z,36437,3000000,14000000
2026-09-17T01:17:51.653Z,45831,220000,4980000
2026-09-17T01:17:51.653Z,27423,1394,1458
2026-09-17T01:17:51.653Z,9734,506400,508900
2026-09-17T01:17:51.653Z,4529,2418,5987
2026-09-17T01:17:51.653Z,90470,12.67,100
2026-09-17T01:17:51.653Z,14718,60000000,98000000
2026-09-17T01:17:51.653Z,82379,201000,421600
2026-09-17T01:17:51.653Z,60917,6710000,9711000
2026-09-17T01:17:51.653Z,34728,1220000,2293000
2026-09-17T01:17:51.653Z,62571,4253,5147
2026-09-17T01:17:51.653Z,31279,,58000000
2026-09-17T01:17:51.653Z,45573,19850000,178900000
2026-09-17T01:17:51.653Z,28670,1550000,1975000
2026-09-17T01:17:51.653Z,78767,301200,1600000
2026-09-17T01:17:51.653Z,89704,40000,75690
2026-09-17T01:17:51.653Z,91922,1052000,1852000
2026-09-17T01:17:51.653Z,82496,53420000,128100000
2026-09-17T01:17:51.653Z,33138,792600,1449000
2026-09-17T01:17:51.653Z,88364,2810000,3463000
2026-09-17T01:17:51.653Z,83311,10000,119000
2026-09-17T01:17:51.653Z,13263,12810000,14750000
2026-09-17T01:17:51.653Z,85670,19010000,3399000000
2026-09-17T01:17:51.653Z,14706,662000000,1322000000
2026-09-17T01:17:51.653Z,2875,1195000,1260000
2026-09-17T01:17:51.653Z,92982,2200000,17910000
2026-09-17T01:17:51.653Z,93345,340000,121100000
2026-09-17T01:17:51.653Z,16680,785.2,817
2026-09-17T01:17:51.653Z,11454,83050,664000
2026-09-17T01:17:51.653Z,43753,5010000,34850000
2026-09-17T01:17:51.653Z,43733,270000000,549000000
2026-09-17T01:17:51.653Z,16069,1223,66730
2026-09-17T01:17:51.653Z,92468,1209000,1328000
2026-09-17T01:17:51.653Z,21194,2238,43950
2026-09-17T01:17:51.653Z,85746,3892,4071
2026-09-17T01:17:51.653Z,3265,5427000,6324000
2026-09-17T01:17:51.653Z,2605,212300,226900
2026-09-17T01:17:51.653Z,1826,178,217
2026-09-17T01:17:51.653Z,27409,730.7,969.9
2026-09-17T01:17:51.653Z,40663,153800000,764600000
2026-09-17T01:17:51.653Z,31462,1800000,2195000
2026-09-17T01:17:51.653Z,31478,126.1,98930
2026-09-17T01:17:51.653Z,207,65.04,82
2026-09-17T01:17:51.653Z,31117,51100,62980
2026-09-17T01:17:51.653Z,31165,2702000,2835000
2026-09-17T01:17:51.653Z,31686,892900,1486000
2026-09-17T01:17:51.653Z,15889,38040000,41090000
2026-09-17T01:17:51.653Z,45605,35720000,41660000
2026-09-17T01:17:51.653Z,40714,22820000,35260000
2026-09-17T01:17:51.653Z,27536,220000000,2077000000
2026-09-17T01:17:51.653Z,57015,3006000,4827000
2026-09-17T01:17:51.653Z,44113,35010,320000000
2026-09-17T01:17:51.653Z,27359,1944,2033
2026-09-17T01:17:51.653Z,60200,75000000,90000000
2026-09-17T01:17:51.653Z,45849,3005000,14480000
2026-09-17T01:17:51.653Z,33404,222400000,296300000
2026-09-17T01:17:51.653Z,18841,736200,1746000
2026-09-17T01:17:51.653Z,34626,199200,198500000
2026-09-17T01:17:51.653Z,45830,128100,3955000
2026-09-17T01:17:51.653Z,27911,16500000,23000000
2026-09-17T01:17:51.653Z,1539,22050,24450
2026-09-17T01:17:51.653Z,40660,43260000,57710000
2026-09-17T01:17:51.653Z,27573,61330000,139400000
2026-09-17T01:17:51.653Z,90635,1100,100000
2026-09-17T01:17:51.653Z,85506,850200,9000000
2026-09-17T01:17:51.653Z,79736,131500,3092000
2026-09-17T01:17:51.653Z,47327,320800000,408900000
2026-09-17T01:17:51.653Z,44945,12100000,38430000
2026-09-17T01:17:51.653Z,34692,3011000,16980000
2026-09-17T01:17:51.653Z,20161,803400000,919400000
2026-09-17T01:17:51.653Z,17736,913100000,957900000
2026-09-17T01:17:51.653Z,19996,1.23,11.23
2026-09-17T01:17:51.653Z,47001,151400,3690000
2026-09-17T01:17:51.653Z,57009,361600,3237000
2026-09-17T01:17:51.653Z,14958,4215000,419000000
2026-09-17T01:17:51.653Z,3273,140000,144200000
2026-09-17T01:17:51.653Z,11539,35330,42260
2026-09-17T01:17:51.653Z,36659,,80740000
2026-09-17T01:17:51.653Z,55358,30120,90110
2026-09-17T01:17:51.653Z,83376,10000,1869000
2026-09-17T01:17:51.653Z,31419,,1183000
2026-09-17T01:17:51.653Z,47263,8500000000,12490000000
2026-09-17T01:17:51.653Z,47867,4607,40600
2026-09-17T01:17:51.653Z,83275,10000,147900
2026-09-17T01:17:51.653Z,88466,20000,450000
2026-09-17T01:17:51.653Z,88471,30000,8901000
2026-09-17T01:17:51.653Z,20747,3526,4513
2026-09-17T01:17:51.653Z,23920,410400000,23000000000
2026-09-17T01:17:51.653Z,33092,1013,9000
2026-09-17T01:17:51.653Z,53013,3100000,9800000
2026-09-17T01:17:51.653Z,41507,132000000,139000000
2026-09-17T01:17:51.653Z,46529,400400000,7855000000
2026-09-17T01:17:51.653Z,1274,2187,17860
2026-09-17T01:17:51.653Z,57120,175300000,216800000
2026-09-17T01:17:51.653Z,79724,256000,1739000
2026-09-17T01:17:51.653Z,41240,494200000,876200000
2026-09-17T01:17:51.653Z,57022,3600000,11390000
2026-09-17T01:17:51.653Z,26298,79740000,98570000
2026-09-17T01:17:51.653Z,3446,350.1,350.2
2026-09-17T01:17:51.653Z,30744,175000,191600
2026-09-17T01:17:51.653Z,578,147400,171600
2026-09-17T01:17:51.653Z,3276,501600000,704300000
2026-09-17T01:17:51.653Z,15828,601400,2599000
2026-09-17T01:17:51.653Z,84074,2050000,143700000
2026-09-17T01:17:51.653Z,88657,6200000,13000000
2026-09-17T01:17:51.653Z,14638,2702000000,3150000000
2026-09-17T01:17:51.653Z,2464,5200,5887
2026-09-17T01:17:51.653Z,79715,515100,2400000
2026-09-17T01:17:51.653Z,83267,1000,116400
2026-09-17T01:17:51.653Z,45943,100000,2772000
2026-09-17T01:17:51.653Z,24575,,17500000000
2026-09-17T01:17:51.653Z,24700,46760000,52450000
2026-09-17T01:17:51.653Z,80940,511000000,2096000000
2026-09-17T01:17:51.653Z,9702,452500,23700000
2026-09-17T01:17:51.653Z,45836,19010,3985000
2026-09-17T01:17:51.653Z,87842,92020000,237900000
2026-09-17T01:17:51.653Z,85391,39030,50000
2026-09-17T01:17:51.653Z,85532,721200,6696000
2026-09-17T01:17:51.653Z,88649,1006000,13800000
2026-09-17T01:17:51.653Z,60197,16100000,99960000
2026-09-17T01:17:51.653Z,94020,225500000,392500000
2026-09-17T01:17:51.653Z,16505,93030,131900
2026-09-17T01:17:51.653Z,4247,18440,18920
2026-09-17T01:17:51.653Z,83467,2111000,2309000
2026-09-17T01:17:51.653Z,78267,9667000000,12960000000
2026-09-17T01:17:51.653Z,43551,1754000,2054000
2026-09-17T01:17:51.653Z,92954,18560,24910
2026-09-17T01:17:51.653Z,37299,223900000,260100000
2026-09-17T01:17:51.653Z,16696,1227000,3520000
2026-09-17T01:17:51.653Z,7491,343.5,49990
2026-09-17T01:17:51.653Z,45770,162000,399900
2026-09-17T01:17:51.653Z,47799,47970,190800
2026-09-17T01:17:51.653Z,47798,144600,900000
2026-09-17T01:17:51.653Z,23095,280000,611900
2026-09-17T01:17:51.653Z,33330,5209,6445
2026-09-17T01:17:51.653Z,60199,13020,38020000
2026-09-17T01:17:51.653Z,52316,6014,9000
2026-09-17T01:17:51.653Z,48081,208000000,290000000
2026-09-17T01:17:51.653Z,4345,451400000,493300000
2026-09-17T01:17:51.653Z,20703,77620000,89820000
2026-09-17T01:17:51.653Z,27607,4000000,4700000000
2026-09-17T01:17:51.653Z,47532,8007000,28870000
2026-09-17T01:17:51.653Z,81008,13690000,14660000
2026-09-17T01:17:51.653Z,21857,164.1,164.2
2026-09-17T01:17:51.653Z,19201,139000000,148200000
2026-09-17T01:17:51.653Z,88467,100000,2772000
2026-09-17T01:17:51.653Z,63864,50.01,1680000
2026-09-17T01:17:51.653Z,73796,17190000,19960000
2026-09-17T01:17:51.653Z,6159,4556,6984
2026-09-17T01:17:51.653Z,78795,405000,1400000
2026-09-17T01:17:51.653Z,46675,3203,3204
2026-09-17T01:17:51.653Z,46786,150100,3976000
2026-09-17T01:17:51.653Z,31880,1091000,1201000
2026-09-17T01:17:51.653Z,33294,,55900000
2026-09-17T01:17:51.653Z,27435,972.9,1081
2026-09-17T01:17:51.653Z,34653,304400000,55040000000
2026-09-17T01:17:51.653Z,15172,209500,162100000
2026-09-17T01:17:51.653Z,30632,4765000,4767000
2026-09-17T01:17:51.653Z,57815,332200000,480000000
2026-09-17T01:17:51.653Z,75907,1204000000,1400000000
2026-09-17T01:17:51.653Z,45900,1001000,23550000
2026-09-17T01:17:51.653Z,19686,109400000,119000000
2026-09-17T01:17:51.653Z,36801,606200,1698000
2026-09-17T01:17:51.653Z,44177,5000,994900
2026-09-17T01:17:51.653Z,8635,384500,407800
2026-09-17T01:17:51.653Z,57058,1000000,429900000
2026-09-17T01:17:51.653Z,33285,5003000,35000000
2026-09-17T01:17:51.653Z,84988,,1903000000
2026-09-17T01:17:51.653Z,91961,46980000,99900000
2026-09-17T01:17:51.653Z,83287,10000,76870
2026-09-17T01:17:51.653Z,48203,103800000,153800000
2026-09-17T01:17:51.653Z,31410,36580000,48280000
2026-09-17T01:17:51.653Z,85465,359900000,900000000
2026-09-17T01:17:51.653Z,42584,15100000,98910000
2026-09-17T01:17:51.653Z,208,63,67
2026-09-17T01:17:51.653Z,9957,14390000,16470000
2026-09-17T01:17:51.653Z,11365,17140000,19120000
2026-09-17T01:17:51.653Z,23133,47620,218700
2026-09-17T01:17:51.653Z,82499,20580000,109900000
2026-09-17T01:17:51.653Z,46225,765600,5800000
2026-09-17T01:17:51.653Z,47318,8000000,31690000
2026-09-17T01:17:51.653Z,32877,3275000,8795138
2026-09-17T01:17:51.653Z,13918,50,69980
2026-09-17T01:17:51.653Z,45909,1100000,8498000
2026-09-17T01:17:51.653Z,41058,51290000,56420000
2026-09-17T01:17:51.653Z,82498,382200000,495100000
2026-09-17T01:17:51.653Z,14455,4566000000,9108000000
2026-09-17T01:17:51.653Z,11578,4802000,5074000
2026-09-17T01:17:51.653Z,52190,54,20660000
2026-09-17T01:17:51.653Z,31902,30590000,34590000
2026-09-17T01:17:51.653Z,3185,3256000,6467000
2026-09-17T01:17:51.653Z,29109,351200,395800
2026-09-17T01:17:51.653Z,9762,483000,507100
2026-09-17T01:17:51.653Z,2679,100.1,138.6
2026-09-17T01:17:51.653Z,45791,5000000,10090000
2026-09-17T01:17:51.653Z,45781,880100,3881000
2026-09-17T01:17:51.653Z,85533,1838000,7475000
2026-09-17T01:17:51.653Z,4036,140000000,200000000
2026-09-17T01:17:51.653Z,46963,8021,3969000
2026-09-17T01:17:51.653Z,15462,12450000,19420000
2026-09-17T01:17:51.653Z,60956,103100000,988000000
2026-09-17T01:17:51.653Z,41499,93750000,114200000
2026-09-17T01:17:51.653Z,82352,10000,1343000
2026-09-17T01:17:51.653Z,10156,19280000,21830000
2026-09-17T01:17:51.653Z,82456,40000,970100
2026-09-17T01:17:51.653Z,11453,11380000,11390000
2026-09-17T01:17:51.653Z,40696,131700000,188500000
2026-09-17T01:17:51.653Z,76289,46110000,90980000
2026-09-17T01:17:51.653Z,85747,18280000,19700000
2026-09-17T01:17:51.653Z,88176,2521,5000
2026-09-17T01:17:51.653Z,89938,40000,99990
2026-09-17T01:17:51.653Z,28377,93440000,100000000
2026-09-17T01:17:51.653Z,83371,10000,246900
2026-09-17T01:17:51.653Z,85230,18730000,25400000
2026-09-17T01:17:51.653Z,14019,132,6388
2026-09-17T01:17:51.653Z,47871,36270,84540
2026-09-17T01:17:51.653Z,43814,1070000,125000000
2026-09-17T01:17:51.653Z,88468,10000,172500
2026-09-17T01:17:51.653Z,27672,3792000,4688000
2026-09-17T01:17:51.653Z,47264,360000,575700
2026-09-17T01:17:51.653Z,36425,212500,7420000
2026-09-17T01:17:51.653Z,3345,2180000000,6800000000
2026-09-17T01:17:51.653Z,6569,268.3,1848
2026-09-17T01:17:51.653Z,3192,550400000,651700000
2026-09-17T01:17:51.653Z,9367,432800,709300
2026-09-17T01:17:51.653Z,11227,42440,334900
2026-09-17T01:17:51.653Z,46813,20000,1945000
2026-09-17T01:17:51.653Z,41461,470000000,500000000
2026-09-17T01:17:51.653Z,3266,80420000,95600000
2026-09-17T01:17:51.653Z,52772,500000,42320000
2026-09-17T01:17:51.653Z,41140,16150000,91000000
2026-09-17T01:17:51.653Z,14532,6421000000,7298000000
2026-09-17T01:17:51.653Z,76171,3022000,11500000
2026-09-17T01:17:51.653Z,15238,224000,200000000
2026-09-17T01:17:51.653Z,11550,88470,99450
2026-09-17T01:17:51.653Z,16601,2800000000,3455000000
2026-09-17T01:17:51.653Z,40309,55680000,994200000
2026-09-17T01:17:51.653Z,93706,41410000,99000000
2026-09-17T01:17:51.653Z,88031,3501000,9900000
2026-09-17T01:17:51.653Z,60752,442400,899900
2026-09-17T01:17:51.653Z,48421,135000,393400
2026-09-17T01:17:51.653Z,37583,23200000,47860000
2026-09-17T01:17:51.653Z,46834,0.01,1494000
2026-09-17T01:17:51.653Z,87950,113200000,480000000
2026-09-17T01:17:51.653Z,88686,17000000,73320000
2026-09-17T01:17:51.653Z,28756,30170000,34270000
2026-09-17T01:17:51.653Z,32414,21580000,23240000
2026-09-17T01:17:51.653Z,14488,10.04,5689000000
2026-09-17T01:17:51.653Z,33904,230200000,246000000
2026-09-17T01:17:51.653Z,54772,5570,20990
2026-09-17T01:17:51.653Z,32339,68100000,115700000
2026-09-17T01:17:51.653Z,46494,294200000,385000000
2026-09-17T01:17:51.653Z,23805,176900000,199500000
2026-09-17T01:17:51.653Z,11545,5289,5998
2026-09-17T01:17:51.653Z,53648,0.01,985000000
2026-09-17T01:17:51.653Z,18927,127100000,134600000
2026-09-17T01:17:51.653Z,20307,40,58.07
2026-09-17T01:17:51.653Z,11343,6130,15900
2026-09-17T01:17:51.653Z,34758,100000000,2990000000
2026-09-17T01:17:51.653Z,47478,37050,519800
2026-09-17T01:17:51.653Z,34278,3295000,4786000
2026-09-17T01:17:51.653Z,95640,720,7906
2026-09-17T01:17:51.653Z,3478,553800000,621400000
2026-09-17T01:17:51.653Z,615,5511000000,6000000000
2026-09-17T01:17:51.653Z,2183,18110,22360
2026-09-17T01:17:51.653Z,14540,9202000000,9829000000
2026-09-17T01:17:51.653Z,61188,143600000,558300000
2026-09-17T01:17:51.653Z,42175,185000000,2090000000
2026-09-17T01:17:51.653Z,56783,3249000,39800000
2026-09-17T01:17:51.653Z,46895,213800,3442000
2026-09-17T01:17:51.653Z,23165,10.41,10.42
2026-09-17T01:17:51.653Z,47786,132500,232600
2026-09-17T01:17:51.653Z,33215,3218000,49900000
2026-09-17T01:17:51.653Z,78369,458800000,499800000
2026-09-17T01:17:51.653Z,37883,10000,789700
2026-09-17T01:17:51.653Z,19937,4239,33520
2026-09-17T01:17:51.653Z,17463,19.17,20.39
2026-09-17T01:17:51.653Z,61217,1260000,8800000
2026-09-17T01:17:51.653Z,27361,720.1,748.6
2026-09-17T01:17:51.653Z,3154,3857000,4373000
2026-09-17T01:17:51.653Z,16691,50090,5776000
2026-09-17T01:17:51.653Z,14282,738300,734900
2026-09-17T01:17:51.653Z,31882,1538000,1631000
2026-09-17T01:17:51.653Z,601,110.6,2499
2026-09-17T01:17:51.653Z,33231,550100,10000000
2026-09-17T01:17:51.653Z,37885,10200,1379000
2026-09-17T01:17:51.653Z,56202,643500000,724600000
2026-09-17T01:17:51.653Z,37518,200100000,2818000000
2026-09-17T01:17:51.653Z,41639,2001000,39000000
2026-09-17T01:17:51.653Z,35705,220000000,886000000
2026-09-17T01:17:51.653Z,15810,112500000,126000000
2026-09-17T01:17:51.653Z,3520,1602000,1772000
2026-09-17T01:17:51.653Z,14526,1189000000,2448000000
2026-09-17T01:17:51.653Z,26346,500000,4985000
2026-09-17T01:17:51.653Z,34422,180500,1000000
2026-09-17T01:17:51.653Z,85479,2447000,12000000
2026-09-17T01:17:51.653Z,18887,51410000,106700000
2026-09-17T01:17:51.653Z,49817,300000000,1182000000
2026-09-17T01:17:51.653Z,28699,88300,91790
2026-09-17T01:17:51.653Z,54943,100,249000
2026-09-17T01:17:51.653Z,901,5003,2248000
2026-09-17T01:17:51.653Z,88465,10010,2976000
2026-09-17T01:17:51.653Z,14011,1612,98030
2026-09-17T01:17:51.653Z,3552,550.3,944.1
2026-09-17T01:17:51.653Z,47351,32480000,54980000
2026-09-17T01:17:51.653Z,14383,,12490000000
2026-09-17T01:17:51.653Z,45922,5080000,18880000
2026-09-17T01:17:51.653Z,44167,12530,999500
2026-09-17T01:17:51.653Z,56788,780100,961000
2026-09-17T01:17:51.653Z,90481,100,100.1
2026-09-17T01:17:51.653Z,33789,11250000,194900000
2026-09-17T01:17:51.653Z,27090,100100,424900
2026-09-17T01:17:51.653Z,60244,51060000,60000000
2026-09-17T01:17:51.653Z,2311,3.4,3.87
2026-09-17T01:17:51.653Z,11549,94460,103400
2026-09-17T01:17:51.653Z,634,8432000,10900000
2026-09-17T01:17:51.653Z,46925,51010,3946000
2026-09-17T01:17:51.653Z,48510,,189800000
2026-09-17T01:17:51.653Z,11400,16210000,16690000
2026-09-17T01:17:51.653Z,48767,3.16,14550000
2026-09-17T01:17:51.653Z,85844,80000,349900
2026-09-17T01:17:51.653Z,17425,2255,6037
2026-09-17T01:17:51.653Z,20607,642600,3125000
2026-09-17T01:17:51.653Z,17426,2202,8000
2026-09-17T01:17:51.653Z,73875,1.01,13990000
2026-09-17T01:17:51.653Z,64202,2530000,255000000
2026-09-17T01:17:51.653Z,54775,25090,27410
2026-09-17T01:17:51.653Z,17893,503300,570000
2026-09-17T01:17:51.653Z,53393,11000,999300
2026-09-17T01:17:51.653Z,64271,5804000,128900000
2026-09-17T01:17:51.653Z,80909,700000000,1098000000
2026-09-17T01:17:51.653Z,45021,0.01,949000000
2026-09-17T01:17:51.653Z,21589,27.09,27.1
2026-09-17T01:17:51.653Z,73474,2000000,10000000
2026-09-17T01:17:51.653Z,55524,1001,98900
2026-09-17T01:17:51.653Z,73465,4010000,7890000
2026-09-17T01:17:51.653Z,13883,300000,1364000
2026-09-17T01:17:51.653Z,54944,17000,88920
2026-09-17T01:17:51.653Z,42787,1009000,21990000
2026-09-17T01:17:51.653Z,32081,25020,125100
2026-09-17T01:17:51.653Z,42882,12000000,13580000
2026-09-17T01:17:51.653Z,16064,94050000,107600000
2026-09-17T01:17:51.653Z,85845,80090,768700
2026-09-17T01:17:51.653Z,36493,22510000,570000000
2026-09-17T01:17:51.653Z,12199,2291000,3171000
2026-09-17T01:17:51.653Z,46961,1528000,14890000
2026-09-17T01:17:51.653Z,44206,3000000,19000000
2026-09-17T01:17:51.653Z,60661,201000,994100
2026-09-17T01:17:51.653Z,41068,,47910000
2026-09-17T01:17:51.653Z,41336,1721000,2336000
2026-09-17T01:17:51.653Z,19329,186700000,215500000
2026-09-17T01:17:51.653Z,9945,,249940
2026-09-17T01:17:51.653Z,57021,2820000,23330000
2026-09-17T01:17:51.653Z,34018,5000000,99600000
2026-09-17T01:17:51.653Z,14254,108200000,114400000
2026-09-17T01:17:51.653Z,34306,4009000,5292000
2026-09-17T01:17:51.653Z,55758,20100,794800
2026-09-17T01:17:51.653Z,52443,360100000,850000000
2026-09-17T01:17:51.653Z,48859,38000000,68940000
2026-09-17T01:17:51.653Z,31709,0.02,59870000
2026-09-17T01:17:51.653Z,79942,150000000,349800000
2026-09-17T01:17:51.653Z,19548,101200000,119900000
2026-09-17T01:17:51.653Z,89664,92000000,154400000
2026-09-17T01:17:51.653Z,3137,81130000,96920000
2026-09-17T01:17:51.653Z,57069,4001000000,29500000000
2026-09-17T01:17:51.653Z,21358,70.02,252.7
2026-09-17T01:17:51.653Z,41644,500000,19740000
2026-09-17T01:17:51.653Z,258,27000,29010
2026-09-17T01:17:51.653Z,31592,3140000,3243000
2026-09-17T01:17:51.653Z,8865,10000,10010
2026-09-17T01:17:51.653Z,46954,600000,2988000
2026-09-17T01:17:51.653Z,89708,20000,255000
2026-09-17T01:17:51.653Z,37289,62560000,98610000
2026-09-17T01:17:51.653Z,91134,100000,169900
2026-09-17T01:17:51.653Z,57479,2848000,3129000
2026-09-17T01:17:51.653Z,88641,4400000,14470000
2026-09-17T01:17:51.653Z,75288,3600,5851
2026-09-17T01:17:51.653Z,31608,170000,290800
2026-09-17T01:17:51.653Z,78915,10000000,142300000
2026-09-17T01:17:51.653Z,41062,101200000,126400000
2026-09-17T01:17:51.653Z,60032,37020000,76960000
2026-09-17T01:17:51.653Z,46170,,10450000
2026-09-17T01:17:51.653Z,39585,55400000,2414000000
2026-09-17T01:17:51.653Z,4113,22840000,115000000
2026-09-17T01:17:51.653Z,47272,15710000,18960000
2026-09-17T01:17:51.653Z,17975,1,477700
2026-09-17T01:17:51.653Z,81902,259,990
2026-09-17T01:17:51.653Z,47548,10000,905000
2026-09-17T01:17:51.653Z,17341,,7000000
2026-09-17T01:17:51.653Z,93745,171500000,279200000
2026-09-17T01:17:51.653Z,17470,11.43,12.79
2026-09-17T01:17:51.653Z,24284,,57790000
2026-09-17T01:17:51.653Z,14264,82320000,99580000
2026-09-17T01:17:51.653Z,91916,1621000,2608000
2026-09-17T01:17:51.653Z,17337,,8000000
2026-09-17T01:17:51.653Z,15508,27770,32390
2026-09-17T01:17:51.653Z,34595,84780000,140000000
2026-09-17T01:17:51.653Z,91615,291800000,388900000
2026-09-17T01:17:51.653Z,45794,2000000,29230000
2026-09-17T01:17:51.653Z,13256,15490000,16760000
2026-09-17T01:17:51.653Z,47258,21390000,23980000
2026-09-17T01:17:51.653Z,41607,1032000,29620000
2026-09-17T01:17:51.653Z,16067,81290000,106800000
2026-09-17T01:17:51.653Z,45607,34000000,37180000
2026-09-17T01:17:51.653Z,1075,999.9,21000
2026-09-17T01:17:51.653Z,83223,10000,220000
2026-09-17T01:17:51.653Z,83261,10000,134700
2026-09-17T01:17:51.653Z,20447,,51870000
2026-09-17T01:17:51.653Z,33939,7004000,16950000
2026-09-17T01:17:51.653Z,21298,162600,30000000
2026-09-17T01:17:51.653Z,27415,24680,39840
2026-09-17T01:17:51.653Z,56638,151,1699000
2026-09-17T01:17:51.653Z,1798,30120000,37990000
2026-09-17T01:17:51.653Z,88539,1000,143600
2026-09-17T01:17:51.653Z,83216,1000,344000
2026-09-17T01:17:51.653Z,14534,10580000000,17410000000
2026-09-17T01:17:51.653Z,80025,90.27,6899
2026-09-17T01:17:51.653Z,46717,1600000,11980000
2026-09-17T01:17:51.653Z,27784,152200000,495000000
2026-09-17T01:17:51.653Z,75290,5100,5989
2026-09-17T01:17:51.653Z,14644,6803000000,7994000000
2026-09-17T01:17:51.653Z,14516,141800000,1300000000
2026-09-17T01:17:51.653Z,45609,33140000,38320000
2026-09-17T01:17:51.653Z,31720,601000,3491000
2026-09-17T01:17:51.653Z,32311,384600000,399200000
2026-09-17T01:17:51.653Z,4477,9360,21880
2026-09-17T01:17:51.653Z,14760,28510000,508000000
2026-09-17T01:17:51.653Z,56880,70000000,134900000
2026-09-17T01:17:51.653Z,24632,15590000,17400000
2026-09-17T01:17:51.653Z,44209,200,5000000
2026-09-17T01:17:51.653Z,19323,133500000,174400000
2026-09-17T01:17:51.653Z,10152,14310000,17010000
2026-09-17T01:17:51.653Z,28800,167300000,203900000
2026-09-17T01:17:51.653Z,31974,10000000,17800000
2026-09-17T01:17:51.653Z,13894,300100,300200
2026-09-17T01:17:51.653Z,47032,43230000,65580000
2026-09-17T01:17:51.653Z,28578,499400,553200
2026-09-17T01:17:51.653Z,47189,284000,690000
2026-09-17T01:17:51.653Z,13970,2810000,4000000
2026-09-17T01:17:51.653Z,88538,360000,3439000
2026-09-17T01:17:51.653Z,31746,1210000,1344000
2026-09-17T01:17:51.653Z,31652,14020000,15250000
2026-09-17T01:17:51.653Z,17254,30000,30010
2026-09-17T01:17:51.653Z,26912,1216000,1481000
2026-09-17T01:17:51.653Z,77169,142000000,399900000
2026-09-17T01:17:51.653Z,19335,253100000,285600000
2026-09-17T01:17:51.653Z,42762,225000,2189000
2026-09-17T01:17:51.653Z,87493,499900000,799700000
2026-09-17T01:17:51.653Z,54408,151400000,192800000
2026-09-17T01:17:51.653Z,19407,1115000,1149000
2026-09-17T01:17:51.653Z,41334,2152000,2815000
2026-09-17T01:17:51.653Z,27174,145600000,168300000
2026-09-17T01:17:51.653Z,47508,5047000,31700000
2026-09-17T01:17:51.653Z,19268,20310000,23990000
2026-09-17T01:17:51.653Z,54556,33010000,199000000
2026-09-17T01:17:51.653Z,967,100,50000
2026-09-17T01:17:51.653Z,12354,435700,892800
2026-09-17T01:17:51.653Z,85644,5054000,13000000
2026-09-17T01:17:51.653Z,46250,372700000,1250000000
2026-09-17T01:17:51.653Z,55754,51000,730000
2026-09-17T01:17:51.653Z,53132,5095000,160000000
2026-09-17T01:17:51.653Z,43700,2330000,2493000
2026-09-17T01:17:51.653Z,16367,332000,377700
2026-09-17T01:17:51.653Z,5175,672.3,3915
2026-09-17T01:17:51.653Z,49799,100100,1773000
2026-09-17T01:17:51.653Z,23053,1454,1677
2026-09-17T01:17:51.653Z,46857,1000000,17410000
2026-09-17T01:17:51.653Z,85527,,300000000
2026-09-17T01:17:51.653Z,73871,600100,7943000
2026-09-17T01:17:51.653Z,7707,40000,67200
2026-09-17T01:17:51.653Z,33442,500.2,16900
2026-09-17T01:17:51.653Z,19534,13450000,14830000
2026-09-17T01:17:51.653Z,72552,82010000,1969000000
2026-09-17T01:17:51.653Z,17392,96000,100000
2026-09-17T01:17:51.653Z,42530,230700,414000
2026-09-17T01:17:51.653Z,31253,10000,785000
2026-09-17T01:17:51.653Z,91287,238600000,310000000
2026-09-17T01:17:51.653Z,45589,35360000,39200000
2026-09-17T01:17:51.653Z,33034,351100,2000000
2026-09-17T01:17:51.653Z,45981,16890000,336800000
2026-09-17T01:17:51.653Z,47934,3106,3557
2026-09-17T01:17:51.653Z,82055,1000000,19800000
2026-09-17T01:17:51.653Z,22442,238600000,255600000
2026-09-17T01:17:51.653Z,22997,500,1040
2026-09-17T01:17:51.653Z,81357,855000000,1499000000
2026-09-17T01:17:51.653Z,8903,90450,194700
2026-09-17T01:17:51.653Z,24646,667100000,871400000
2026-09-17T01:17:51.653Z,45873,55140,599400
2026-09-17T01:17:51.653Z,18869,33190000,38970000
2026-09-17T01:17:51.653Z,55346,10000,2888000
2026-09-17T01:17:51.653Z,81360,51010000,259900000
2026-09-17T01:17:51.653Z,76958,820100000,2399000000
2026-09-17T01:17:51.653Z,46946,10010,9780000
2026-09-17T01:17:51.653Z,62473,125.6,2999
2026-09-17T01:17:51.653Z,32051,59030,556000
2026-09-17T01:17:51.653Z,81361,281100000,450000000
2026-09-17T01:17:51.653Z,85504,233200,3868000
2026-09-17T01:17:51.653Z,3719,2501,2502
2026-09-17T01:17:51.653Z,47510,120000000,999900000
2026-09-17T01:17:51.653Z,60305,363500,582600
2026-09-17T01:17:51.653Z,60308,453300,1747000
2026-09-17T01:17:51.653Z,85390,21000,23580
2026-09-17T01:17:51.653Z,37451,1133000,1345000
2026-09-17T01:17:51.653Z,33782,1000000,11700000
2026-09-17T01:17:51.653Z,91974,7819000,9777000
2026-09-17T01:17:51.653Z,28334,603.4,664.9
2026-09-17T01:17:51.653Z,88210,37500000,246800000
2026-09-17T01:17:51.653Z,16441,14540,44130
2026-09-17T01:17:51.653Z,45802,5010000,36000000
2026-09-17T01:17:51.653Z,31450,86400,1664000
2026-09-17T01:17:51.653Z,15310,,447700000
2026-09-17T01:17:51.653Z,42705,10010,1576000
2026-09-17T01:17:51.653Z,53041,0.02,1787000
2026-09-17T01:17:51.653Z,57168,1,7189000
2026-09-17T01:17:51.653Z,23111,613000,886900
2026-09-17T01:17:51.653Z,96045,1100000,3900000
2026-09-17T01:17:51.653Z,7411,62120,79800
2026-09-17T01:17:51.653Z,86112,4523000,45650000
2026-09-17T01:17:51.653Z,15204,250300000,580000000
2026-09-17T01:17:51.653Z,45870,1438,1192000
2026-09-17T01:17:51.653Z,84346,500800,3980000
2026-09-17T01:17:51.653Z,15653,16290,139300
2026-09-17T01:17:51.653Z,15296,5522000000,8499000000
2026-09-17T01:17:51.653Z,22611,10450000,14890000
2026-09-17T01:17:51.653Z,14862,118200000,249500000
2026-09-17T01:17:51.653Z,83372,20000,176500
2026-09-17T01:17:51.653Z,12019,152900000,164600000
2026-09-17T01:17:51.653Z,27638,5001000,12990000
2026-09-17T01:17:51.653Z,85693,20860000,54000000
2026-09-17T01:17:51.653Z,62047,920000,3000000
2026-09-17T01:17:51.653Z,45507,,987600000
2026-09-17T01:17:51.653Z,54371,392300000,1491000000
2026-09-17T01:17:51.653Z,43672,1283000000,2750000000
2026-09-17T01:17:51.653Z,47010,303400,4662000
2026-09-17T01:17:51.653Z,14838,831900000,1215000000
2026-09-17T01:17:51.653Z,52277,75000,75010
2026-09-17T01:17:51.653Z,55930,92970,96680
2026-09-17T01:17:51.653Z,15669,2123000,2163000
2026-09-17T01:17:51.653Z,42780,220100,3198000
2026-09-17T01:17:51.653Z,32037,1990,1657000
2026-09-17T01:17:51.653Z,85010,,4213000000
2026-09-17T01:17:51.653Z,82442,10010,600400
2026-09-17T01:17:51.653Z,22119,24380000,26980000
2026-09-17T01:17:51.653Z,15144,2098000000,2700000000
2026-09-17T01:17:51.653Z,561,1798,5740
2026-09-17T01:17:51.653Z,45825,20110,1992000
2026-09-17T01:17:51.653Z,49721,0.02,300000000
2026-09-17T01:17:51.653Z,46905,454700,3191000
2026-09-17T01:17:51.653Z,46391,1951,84990000
2026-09-17T01:17:51.653Z,47257,280200,334100
2026-09-17T01:17:51.653Z,15600,26130,48610
2026-09-17T01:17:51.653Z,62579,8500,10750
2026-09-17T01:17:51.653Z,27122,109300000,119200000
2026-09-17T01:17:51.653Z,4122,956300000,1800000000
2026-09-17T01:17:51.653Z,5759,171700,219600
2026-09-17T01:17:51.653Z,2948,1662000000,2421000000
2026-09-17T01:17:51.653Z,34737,400000000,730500000
2026-09-17T01:17:51.653Z,84333,200000,1800000
2026-09-17T01:17:51.653Z,45667,3022000,500000000
2026-09-17T01:17:51.653Z,48244,85260000,450000000
2026-09-17T01:17:51.653Z,47869,1116000,1284000
2026-09-17T01:17:51.653Z,83468,2775000,3100000
2026-09-17T01:17:51.653Z,93696,1050000,49400000
2026-09-17T01:17:51.653Z,48591,720000,9990000
2026-09-17T01:17:51.653Z,47306,,17000000
2026-09-17T01:17:51.653Z,3118,83510000,93900000
2026-09-17T01:17:51.653Z,11218,10000,1250000
2026-09-17T01:17:51.653Z,64189,30000,1146000
2026-09-17T01:17:51.653Z,46540,513400000,7374000000
2026-09-17T01:17:51.653Z,3292,63300000,99680000
2026-09-17T01:17:51.653Z,91174,350900000,379000000
2026-09-17T01:17:51.653Z,46163,,19000000
2026-09-17T01:17:51.653Z,18728,144600,4487000
2026-09-17T01:17:51.653Z,33022,23110000,37980000
2026-09-17T01:17:51.653Z,13931,16600000,24500000
2026-09-17T01:17:51.653Z,81010,53980000,225000000
2026-09-17T01:17:51.653Z,90602,221000,1094000
2026-09-17T01:17:51.653Z,46831,116900,4490000
2026-09-17T01:17:51.653Z,61199,1000000,1062000
2026-09-17T01:17:51.653Z,11370,1812000,2000000
2026-09-17T01:17:51.653Z,13166,15380000,16890000
2026-09-17T01:17:51.653Z,14681,,1998000000
2026-09-17T01:17:51.653Z,32340,8901000,17570000
2026-09-17T01:17:51.653Z,34710,28620000,223200000
2026-09-17T01:17:51.653Z,33890,331400,399000
2026-09-17T01:17:51.653Z,15647,50000,50010
2026-09-17T01:17:51.653Z,41176,34510000,167900000
2026-09-17T01:17:51.653Z,2905,440100,440200
2026-09-17T01:17:51.653Z,653,1823000,2040000
2026-09-17T01:17:51.653Z,48139,1501000,87990000
2026-09-17T01:17:51.653Z,27447,914.1,998.8
2026-09-17T01:17:51.653Z,31218,0.02,59800000
2026-09-17T01:17:51.653Z,91628,110000000,216500000
2026-09-17T01:17:51.653Z,45905,504200,11990000
2026-09-17T01:17:51.653Z,31752,16700,29200
2026-09-17T01:17:51.653Z,91135,50000000,250000000
2026-09-17T01:17:51.653Z,2043,61000,367200000
2026-09-17T01:17:51.653Z,2395,797.4,843.4
2026-09-17T01:17:51.653Z,86154,2222000000,6894000000
2026-09-17T01:17:51.653Z,60906,506400,4499000
2026-09-17T01:17:51.653Z,17222,30000,30010
2026-09-17T01:17:51.653Z,40476,254100,2085000
2026-09-17T01:17:51.653Z,34740,3044000,40990000
2026-09-17T01:17:51.653Z,56862,500200,5558000
2026-09-17T01:17:51.653Z,3350,501,178900
2026-09-17T01:17:51.653Z,45740,5.02,149900
2026-09-17T01:17:51.653Z,31685,0.02,59760000
2026-09-17T01:17:51.653Z,7665,36030,78900
2026-09-17T01:17:51.653Z,31673,0.02,59760000
2026-09-17T01:17:51.653Z,82355,260000,5394000
2026-09-17T01:17:51.653Z,87319,10000,116100
2026-09-17T01:17:51.653Z,87787,220000,643800
2026-09-17T01:17:51.653Z,80937,202300,1699000
2026-09-17T01:17:51.653Z,36516,110000000,1198000000
2026-09-17T01:17:51.653Z,28809,87020000,99740000
2026-09-17T01:17:51.653Z,4302,62340000,70880000
2026-09-17T01:17:51.653Z,46111,1020000,2980000
2026-09-17T01:17:51.653Z,23715,1380,4880
2026-09-17T01:17:51.653Z,36394,17000000,800000000
2026-09-17T01:17:51.653Z,32933,812300000,1699000000
2026-09-17T01:17:51.653Z,78367,101700000,112900000
2026-09-17T01:17:51.653Z,22807,1014,149900
2026-09-17T01:17:51.653Z,3732,6010000,10000000
2026-09-17T01:17:51.653Z,82480,80010,1098000
2026-09-17T01:17:51.653Z,25268,39580,83970
2026-09-17T01:17:51.653Z,53133,28170000,239900000
2026-09-17T01:17:51.653Z,34663,63830000,546000000
2026-09-17T01:17:51.653Z,54561,75050000,542600000
2026-09-17T01:17:51.653Z,64572,62630000,998600000
2026-09-17T01:17:51.653Z,42733,2800,999000
2026-09-17T01:17:51.653Z,40506,1016000,290000000
2026-09-17T01:17:51.653Z,31399,0.02,58000000
2026-09-17T01:17:51.653Z,40698,79650000,140200000
2026-09-17T01:17:51.653Z,52737,318900,413900000
2026-09-17T01:17:51.653Z,47922,47420000,53490000
2026-09-17T01:17:51.653Z,1969,892500,892600
2026-09-17T01:17:51.653Z,21041,9829000,10760000
2026-09-17T01:17:51.653Z,17555,12.49,764900
2026-09-17T01:17:51.653Z,42829,318.7,364.4
2026-09-17T01:17:51.653Z,34170,156000000,954100000
2026-09-17T01:17:51.653Z,3301,503.8,25490
2026-09-17T01:17:51.653Z,46326,1037000000,2786000000
2026-09-17T01:17:51.653Z,20797,40590,165400
2026-09-17T01:17:51.653Z,85137,640000,1997000
2026-09-17T01:17:51.653Z,2525,71500,95000
2026-09-17T01:17:51.653Z,85929,108900000,253700000
2026-09-17T01:17:51.653Z,17816,1100000,2000000
2026-09-17T01:17:51.653Z,59464,0.01,594700000
2026-09-17T01:17:51.653Z,23017,,376.6
2026-09-17T01:17:51.653Z,21553,733100,2165000
2026-09-17T01:17:51.653Z,82474,10010,794900
2026-09-17T01:17:51.653Z,33017,17310000,77500000
2026-09-17T01:17:51.653Z,48200,135000000,799900000
2026-09-17T01:17:51.653Z,31351,0.02,58990000
2026-09-17T01:17:51.653Z,34646,,189900000
2026-09-17T01:17:51.653Z,46232,100600,1777000
2026-09-17T01:17:51.653Z,89955,2611000,3844000
2026-09-17T01:17:51.653Z,46220,135000,999000
2026-09-17T01:17:51.653Z,34171,275000000,990000000
2026-09-17T01:17:51.653Z,9947,1840000,2088000
2026-09-17T01:17:51.653Z,46919,2006000,12330000
2026-09-17T01:17:51.653Z,33931,3251000,12000000
2026-09-17T01:17:51.653Z,30987,253600,294600
2026-09-17T01:17:51.653Z,85462,100000000,1500000000
2026-09-17T01:17:51.653Z,31146,,57990000
2026-09-17T01:17:51.653Z,86261,55650000,81980000
2026-09-17T01:17:51.653Z,3488,656600,738000
2026-09-17T01:17:51.653Z,3208,29550000,73800000
2026-09-17T01:17:51.653Z,46708,310700,1450000
2026-09-17T01:17:51.653Z,56894,325900,369800000
2026-09-17T01:17:51.653Z,82378,1000,370000
2026-09-17T01:17:51.653Z,52856,102900,349700000
2026-09-17T01:17:51.653Z,47251,60080000,169900000
2026-09-17T01:17:51.653Z,89953,20000,251000
2026-09-17T01:17:51.653Z,31110,,58000000
2026-09-17T01:17:51.653Z,34356,1112,4992000
2026-09-17T01:17:51.653Z,31457,,1739000
2026-09-17T01:17:51.653Z,19025,115900000,128600000
2026-09-17T01:17:51.653Z,55514,2,18970
2026-09-17T01:17:51.653Z,15038,91110000,414200000
2026-09-17T01:17:51.653Z,26040,101200,960300
2026-09-17T01:17:51.653Z,31868,2703000,2985000
2026-09-17T01:17:51.653Z,90650,1000,2188000
2026-09-17T01:17:51.653Z,47188,7991,350000
2026-09-17T01:17:51.653Z,55553,170.1,97780
2026-09-17T01:17:51.653Z,85968,21000000,666000000
2026-09-17T01:17:51.653Z,40762,333000000,1000000000
2026-09-17T01:17:51.653Z,84212,40000,79090
2026-09-17T01:17:51.653Z,47116,3050000,23860000
2026-09-17T01:17:51.653Z,55573,10000,174000
2026-09-17T01:17:51.653Z,85501,551400,7500000
2026-09-17T01:17:51.653Z,85085,7687000,9595000
2026-09-17T01:17:51.653Z,48857,1000000,2249000000
2026-09-17T01:17:51.653Z,25275,40730,74800
2026-09-17T01:17:51.653Z,59471,176500000,998400000
2026-09-17T01:17:51.653Z,21020,0.02,1204000000
2026-09-17T01:17:51.653Z,45879,200000,8895000
2026-09-17T01:17:51.653Z,7535,8350,109800
2026-09-17T01:17:51.653Z,31318,3479000,8355000
2026-09-17T01:17:51.653Z,57117,86210000,115400000
2026-09-17T01:17:51.653Z,4308,63640000,69610000
2026-09-17T01:17:51.653Z,43870,50000000,385000000
2026-09-17T01:17:51.653Z,13119,44.27,89.9
2026-09-17T01:17:51.653Z,90654,1000,313000
2026-09-17T01:17:51.653Z,5745,2110,7880
2026-09-17T01:17:51.653Z,60944,2206000,6620000
2026-09-17T01:17:51.653Z,52745,6010000,35000000
2026-09-17T01:17:51.653Z,47128,33750000,85300000
2026-09-17T01:17:51.653Z,24569,24610000,41830000
2026-09-17T01:17:51.653Z,19988,114,533.9
2026-09-17T01:17:51.653Z,55575,0.01,64000
2026-09-17T01:17:51.653Z,1182,4391,13750
2026-09-17T01:17:51.653Z,11356,1000,1029000
2026-09-17T01:17:51.653Z,82582,29010000,287700000
2026-09-17T01:17:51.653Z,7585,38970,324700
2026-09-17T01:17:51.653Z,46972,9000,4865000
2026-09-17T01:17:51.653Z,75911,16100000000,34000000000
2026-09-17T01:17:51.653Z,33559,134400000,159900000
2026-09-17T01:17:51.653Z,21926,707.3,1063
2026-09-17T01:17:51.653Z,32817,406100,548700
2026-09-17T01:17:51.653Z,47756,8035000,9055000
2026-09-17T01:17:51.653Z,82353,80000,973200
2026-09-17T01:17:51.653Z,20507,181100000,198800000
2026-09-17T01:17:51.653Z,45932,1002,500000
2026-09-17T01:17:51.653Z,42909,167600,1169000
2026-09-17T01:17:51.653Z,42741,10000000,165000000
2026-09-17T01:17:51.653Z,54307,4596000,19400000
2026-09-17T01:17:51.653Z,87573,955400000,1350000000
2026-09-17T01:17:51.653Z,37878,20000,8698000
2026-09-17T01:17:51.653Z,4168,6450000,111300000
2026-09-17T01:17:51.653Z,5011,3779,12090
2026-09-17T01:17:51.653Z,82205,500,4500
2026-09-17T01:17:51.653Z,17440,526.6,792
2026-09-17T01:17:51.653Z,45632,32660000,36280000
2026-09-17T01:17:51.653Z,34412,21580000,32990000
2026-09-17T01:17:51.653Z,43809,306200000,900000000
2026-09-17T01:17:51.653Z,31340,2403000,4831000
2026-09-17T01:17:51.653Z,52432,210500000,1176000000
2026-09-17T01:17:51.653Z,41657,29900000,37900000
2026-09-17T01:17:51.653Z,37305,27560000,195700000
2026-09-17T01:17:51.653Z,88457,20010,298900
2026-09-17T01:17:51.653Z,32248,1267000,2698000
2026-09-17T01:17:51.653Z,23815,35080000,67970000
2026-09-17T01:17:51.653Z,15114,184500000,329900000
2026-09-17T01:17:51.653Z,4169,3408000,114800000
2026-09-17T01:17:51.653Z,28811,394800000,433700000
2026-09-17T01:17:51.653Z,31181,1200000,30000000
2026-09-17T01:17:51.653Z,21078,10010,30000
2026-09-17T01:17:51.653Z,79952,79250000,152000000
2026-09-17T01:17:51.653Z,52866,10010000,149000000
2026-09-17T01:17:51.653Z,37886,127400,23260000
2026-09-17T01:17:51.653Z,61868,4500000,49510000
2026-09-17T01:17:51.653Z,80938,310000000,1999000000
2026-09-17T01:17:51.653Z,92780,10000000,1667000000
2026-09-17T01:17:51.653Z,15272,102000,400000000
2026-09-17T01:17:51.653Z,28778,113700,70000000
2026-09-17T01:17:51.653Z,2327,14610,15700
2026-09-17T01:17:51.653Z,22899,1110000,2388000
2026-09-17T01:17:51.653Z,37511,2.01,1613000000
2026-09-17T01:17:51.653Z,88784,120000000,180000000
2026-09-17T01:17:51.653Z,52634,18950000,1841000000
2026-09-17T01:17:51.653Z,46634,1151000000,1659000000
2026-09-17T01:17:51.653Z,28237,2187000,4795000
2026-09-17T01:17:51.653Z,52427,124200000,1000000000
2026-09-17T01:17:51.653Z,88147,182100000,206300000
2026-09-17T01:17:51.653Z,45654,95600,1100000
2026-09-17T01:17:51.653Z,50153,50000000,199900000
2026-09-17T01:17:51.653Z,55522,10000,129900
2026-09-17T01:17:51.653Z,14118,79330000,110000000
2026-09-17T01:17:51.653Z,84681,813800000,1000000000
2026-09-17T01:17:51.653Z,33525,186100000,206500000
2026-09-17T01:17:51.653Z,79756,7137000,89210000
2026-09-17T01:17:51.653Z,47342,80140000,117300000
2026-09-17T01:17:51.653Z,19550,108000000,118900000
2026-09-17T01:17:51.653Z,36910,30110000,37100000
2026-09-17T01:17:51.653Z,16297,8510,8511
2026-09-17T01:17:51.653Z,46934,505000,1591000
2026-09-17T01:17:51.653Z,17912,4909000,5496000
2026-09-17T01:17:51.653Z,46923,300300,3096000
2026-09-17T01:17:51.653Z,57307,100000000,200000000
2026-09-17T01:17:51.653Z,83211,100000,487900
2026-09-17T01:17:51.653Z,46910,2010000,7000000
2026-09-17T01:17:51.653Z,19087,7012000,9972000
2026-09-17T01:17:51.653Z,45969,321500,12950000
2026-09-17T01:17:51.653Z,88475,160000,3393000
2026-09-17T01:17:51.653Z,25950,,3600000
2026-09-17T01:17:51.653Z,37875,222000,1577000
2026-09-17T01:17:51.653Z,53851,,19640000
2026-09-17T01:17:51.653Z,31481,,1729000
2026-09-17T01:17:51.653Z,63783,1000,700000
2026-09-17T01:17:51.653Z,61210,167100,299600
2026-09-17T01:17:51.653Z,55640,1000,48990
2026-09-17T01:17:51.653Z,63693,50480000,2000000000
2026-09-17T01:17:51.653Z,25900,7870000,9700000
2026-09-17T01:17:51.653Z,7743,104700,257000
2026-09-17T01:17:51.653Z,89658,83070000,198900000
2026-09-17T01:17:51.653Z,13882,334300,1899000
2026-09-17T01:17:51.653Z,21228,2618,498500
2026-09-17T01:17:51.653Z,12237,21110000,27980000
2026-09-17T01:17:51.653Z,85649,218000,3200000
2026-09-17T01:17:51.653Z,20983,12.61,1492
2026-09-17T01:17:51.653Z,3512,993300,1230000
2026-09-17T01:17:51.653Z,54779,40780,49700
2026-09-17T01:17:51.653Z,48218,4034000,59890000
2026-09-17T01:17:51.653Z,14486,877600000,1443000000
2026-09-17T01:17:51.653Z,47060,920100,1987000
2026-09-17T01:17:51.653Z,19227,28040000,29850000
2026-09-17T01:17:51.653Z,41448,,449900000
2026-09-17T01:17:51.653Z,18680,29950000,43930000
2026-09-17T01:17:51.653Z,63058,262300000,446700000
2026-09-17T01:17:51.653Z,55608,70.02,218900
2026-09-17T01:17:51.653Z,3117,5504000,7905000
2026-09-17T01:17:51.653Z,47511,107300000,4408000000
2026-09-17T01:17:51.653Z,53985,2420000,9709000
2026-09-17T01:17:51.653Z,25956,17820000,18670000
2026-09-17T01:17:51.653Z,10209,90220000,97550000
2026-09-17T01:17:51.653Z,1957,8503,44980
2026-09-17T01:17:51.653Z,26256,2137,39900
2026-09-17T01:17:51.653Z,93350,120000000,167700000
2026-09-17T01:17:51.653Z,81352,100000,100100
2026-09-17T01:17:51.653Z,46750,367600,996700
2026-09-17T01:17:51.653Z,9828,727.3,770.8
2026-09-17T01:17:51.653Z,26254,2053,69000
2026-09-17T01:17:51.653Z,31129,3041,37910
2026-09-17T01:17:51.653Z,2913,1576000,1577000
2026-09-17T01:17:51.653Z,34038,34480000,115900000
2026-09-17T01:17:51.653Z,9417,230000,449600
2026-09-17T01:17:51.653Z,28197,1434000,2620000
2026-09-17T01:17:51.653Z,59224,,999500000
2026-09-17T01:17:51.653Z,47119,24350000,60380000
2026-09-17T01:17:51.653Z,78858,2608000,3205000
2026-09-17T01:17:51.653Z,12054,462000,1498000
2026-09-17T01:17:51.653Z,55318,401,90000
2026-09-17T01:17:51.653Z,47366,57330000,120300000
2026-09-17T01:17:51.653Z,53229,100200,3029000
2026-09-17T01:17:51.653Z,45960,1000000,3887000
2026-09-17T01:17:51.653Z,85438,410900,1440000
2026-09-17T01:17:51.653Z,27649,7800000,35510000
2026-09-17T01:17:51.653Z,78769,520000,1987000
2026-09-17T01:17:51.653Z,87831,1600000,3746000
2026-09-17T01:17:51.653Z,31409,,2948000
2026-09-17T01:17:51.653Z,93718,10300,44400000
2026-09-17T01:17:51.653Z,92282,119400000,130300000
2026-09-17T01:17:51.653Z,49800,507600,2874000
2026-09-17T01:17:51.653Z,30378,54550,58460
2026-09-17T01:17:51.653Z,3895,16260000,20920000
2026-09-17T01:17:51.653Z,52228,565500,1099000
2026-09-17T01:17:51.653Z,85151,340000,1244000
2026-09-17T01:17:51.653Z,41527,249500000,360000000
2026-09-17T01:17:51.653Z,34715,35360000,2931000000
2026-09-17T01:17:51.653Z,90895,36390,234400
2026-09-17T01:17:51.653Z,87815,110100,365300000
2026-09-17T01:17:51.653Z,87949,61000,499800000
2026-09-17T01:17:51.653Z,21218,422600,2100000
2026-09-17T01:17:51.653Z,53956,112400000,2321000000
2026-09-17T01:17:51.653Z,25347,250000,5000000
2026-09-17T01:17:51.653Z,2993,378500,498200
2026-09-17T01:17:51.653Z,47151,3303000,10000000
2026-09-17T01:17:51.653Z,85002,455900000,1098000000
2026-09-17T01:17:51.653Z,31587,4999,130800
2026-09-17T01:17:51.653Z,21035,11360000,12890000
2026-09-17T01:17:51.653Z,13950,24760000,41980000
2026-09-17T01:17:51.653Z,90702,,1899000
2026-09-17T01:17:51.653Z,90307,19050,20370
2026-09-17T01:17:51.653Z,14156,17550000,18830000
2026-09-17T01:17:51.653Z,57006,1408000,5974000
2026-09-17T01:17:51.653Z,77524,5001,5002
2026-09-17T01:17:51.653Z,62539,,230
2026-09-17T01:17:51.653Z,3041,650100,701300
2026-09-17T01:17:51.653Z,54903,3000000,797900000
2026-09-17T01:17:51.653Z,84347,964000,6700000
2026-09-17T01:17:51.653Z,17455,32.04,37.88
2026-09-17T01:17:51.653Z,20423,87930,98560
2026-09-17T01:17:51.653Z,27774,2019000,16810000
2026-09-17T01:17:51.653Z,16439,4040,24430
2026-09-17T01:17:51.653Z,47290,201200000,400000000
2026-09-17T01:17:51.653Z,85179,2503,966500
2026-09-17T01:17:51.653Z,55307,69.7,199000
2026-09-17T01:17:51.653Z,25335,250000,288600
2026-09-17T01:17:51.653Z,30745,458300,476800
2026-09-17T01:17:51.653Z,22975,168.3,515
2026-09-17T01:17:51.653Z,1175,201000,2700000
2026-09-17T01:17:51.653Z,42598,11000000,123000000
2026-09-17T01:17:51.653Z,47292,1500000000,17960000000
2026-09-17T01:17:51.653Z,47250,12090000,278600000
2026-09-17T01:17:51.653Z,57737,610800,1858000
2026-09-17T01:17:51.653Z,92569,1650,2149
2026-09-17T01:17:51.653Z,52743,2316000,250000000
2026-09-17T01:17:51.653Z,261,67020,72010
2026-09-17T01:17:51.653Z,31554,114000,98950000
2026-09-17T01:17:51.653Z,47006,25010,1339000
2026-09-17T01:17:51.653Z,42623,251100000,2496000000
2026-09-17T01:17:51.653Z,47509,400000000,1999000000
2026-09-17T01:17:51.653Z,27389,24110,43990
2026-09-17T01:17:51.653Z,37454,6956000,8625000
2026-09-17T01:17:51.653Z,57446,975100,1092000
2026-09-17T01:17:51.653Z,55297,100,40000
2026-09-17T01:17:51.653Z,17460,26.61,28
2026-09-17T01:17:51.653Z,83384,180000,1491000
2026-09-17T01:17:51.653Z,45762,100000,1595000
2026-09-17T01:17:51.653Z,46912,2102000,14220000
2026-09-17T01:17:51.653Z,30842,3422000000,4274000000
2026-09-17T01:17:51.653Z,55309,100,28660
2026-09-17T01:17:51.653Z,55591,30030,1299000
2026-09-17T01:17:51.653Z,1164,1004,440000
2026-09-17T01:17:51.653Z,53706,206300000,222700000
2026-09-17T01:17:51.653Z,55344,118.1,77990
2026-09-17T01:17:51.653Z,87307,32060000,288000000
2026-09-17T01:17:51.653Z,87843,8700000,11400000
2026-09-17T01:17:51.653Z,83220,60000,487600
2026-09-17T01:17:51.653Z,52250,289200000,319800000
2026-09-17T01:17:51.653Z,55624,69.7,200000
2026-09-17T01:17:51.653Z,11489,167800,267500
2026-09-17T01:17:51.653Z,47626,6120000,17990000
2026-09-17T01:17:51.653Z,52595,1002000,306000000
2026-09-17T01:17:51.653Z,1163,,870000
2026-09-17T01:17:51.653Z,29079,1300000,1465000
2026-09-17T01:17:51.653Z,46193,1000000,10110000
2026-09-17T01:17:51.653Z,47136,25710000,45400000
2026-09-17T01:17:51.653Z,88636,10000,1453000
2026-09-17T01:17:51.653Z,9127,900000,1390000
2026-09-17T01:17:51.653Z,57462,341300,420700
2026-09-17T01:17:51.653Z,44258,50000,491000000
2026-09-17T01:17:51.653Z,15735,438900,2220000
2026-09-17T01:17:51.653Z,47171,4211000,797800000
2026-09-17T01:17:51.653Z,52195,2.17,310000
2026-09-17T01:17:51.653Z,47682,760800000,1418000000
2026-09-17T01:17:51.653Z,61184,25000000,596900000
2026-09-17T01:17:51.653Z,28264,18040000,19450000
2026-09-17T01:17:51.653Z,47173,1600000,995900000
2026-09-17T01:17:51.653Z,52408,53.19,740000
2026-09-17T01:17:51.653Z,44927,3605000,47000000
2026-09-17T01:17:51.653Z,1167,,840000
2026-09-17T01:17:51.653Z,44266,2300000,12980000
2026-09-17T01:17:51.653Z,48778,53.02,150000
2026-09-17T01:17:51.653Z,48526,33990000,23990000000
2026-09-17T01:17:51.653Z,11475,434.5,713.9
2026-09-17T01:17:51.653Z,40361,5649000,6278000
2026-09-17T01:17:51.653Z,45982,72670000,143000000
2026-09-17T01:17:51.653Z,52196,1.21,516600
2026-09-17T01:17:51.653Z,54229,30000000,240000000
2026-09-17T01:17:51.653Z,89703,170000000,440000000
2026-09-17T01:17:51.653Z,52409,3.04,148300
2026-09-17T01:17:51.653Z,56896,3970000,396000000
2026-09-17T01:17:51.653Z,14548,3927000000,6979000000
2026-09-17T01:17:51.653Z,42182,5001000,499500000
2026-09-17T01:17:51.653Z,607,80230,497300
2026-09-17T01:17:51.653Z,11533,16200,30950
2026-09-17T01:17:51.653Z,52197,1.16,750000
2026-09-17T01:17:51.653Z,34317,57860000,73250000
2026-09-17T01:17:51.653Z,62228,5000000000,9258000000
2026-09-17T01:17:51.653Z,19195,512100000,583300000
2026-09-17T01:17:51.653Z,48577,9029000,125000000
2026-09-17T01:17:51.653Z,15705,11650000,13910000
2026-09-17T01:17:51.653Z,34073,220700000,1000000000
2026-09-17T01:17:51.653Z,3699,18.4,51.28
2026-09-17T01:17:51.653Z,19405,324400,347500
2026-09-17T01:17:51.653Z,48771,10.16,3980000
2026-09-17T01:17:51.653Z,1166,,1300000
2026-09-17T01:17:51.653Z,90323,55000000,119000000
2026-09-17T01:17:51.653Z,89653,11020000,97900000
2026-09-17T01:17:51.653Z,20883,157900,734800
2026-09-17T01:17:51.653Z,48518,281800000,539000000
2026-09-17T01:17:51.653Z,506,100.1,1979000
2026-09-17T01:17:51.653Z,55751,10000,548800
2026-09-17T01:17:51.653Z,3214,557700000,630700000
2026-09-17T01:17:51.653Z,79874,22010000,57620000
2026-09-17T01:17:51.653Z,52411,1.18,520000
2026-09-17T01:17:51.653Z,90704,200,39860
2026-09-17T01:17:51.653Z,87789,620000,2799000
2026-09-17T01:17:51.653Z,55536,1.05,100000
2026-09-17T01:17:51.653Z,52412,6,7998000
2026-09-17T01:17:51.653Z,29061,420100,755500
2026-09-17T01:17:51.653Z,29081,317500,1367000
2026-09-17T01:17:51.653Z,31063,72310,394100
2026-09-17T01:17:51.653Z,459,103800,414000
2026-09-17T01:17:51.653Z,55752,106000,1500000
2026-09-17T01:17:51.653Z,47287,880800000,999900000
2026-09-17T01:17:51.653Z,49752,100000000,1000000000
2026-09-17T01:17:51.653Z,92574,81000000,193900000
2026-09-17T01:17:51.653Z,35894,235100000,258600000
2026-09-17T01:17:51.653Z,1978,1102000,1199000
2026-09-17T01:17:51.653Z,47377,306300000,943900000
2026-09-17T01:17:51.653Z,60169,88000000,425000000
2026-09-17T01:17:51.653Z,55343,1000,113900
2026-09-17T01:17:51.653Z,26069,24990,1308000
2026-09-17T01:17:51.653Z,37452,55460000,61970000
2026-09-17T01:17:51.653Z,2360,57640,69950
2026-09-17T01:17:51.653Z,3200,10870000,73990000
2026-09-17T01:17:51.653Z,1158,,15700
2026-09-17T01:17:51.653Z,56279,,1383000000
2026-09-17T01:17:51.653Z,36487,8000000,49900000
2026-09-17T01:17:51.653Z,31886,2541000,2797000
2026-09-17T01:17:51.653Z,31690,26560000,88740000
2026-09-17T01:17:51.653Z,57732,810000,1784000
2026-09-17T01:17:51.653Z,76486,1500000,3334000
2026-09-17T01:17:51.653Z,42145,17530000,20980000
2026-09-17T01:17:51.653Z,86143,360000,3926000
2026-09-17T01:17:51.653Z,42570,47020000,139800000
2026-09-17T01:17:51.653Z,48213,304000000,3885000000
2026-09-17T01:17:51.653Z,42210,90850000,112600000
2026-09-17T01:17:51.653Z,90698,,88000
2026-09-17T01:17:51.653Z,45743,200000,3317000
2026-09-17T01:17:51.653Z,44178,1000,850000
2026-09-17T01:17:51.653Z,60166,300000000,1117000000
2026-09-17T01:17:51.653Z,3355,34.11,950
2026-09-17T01:17:51.653Z,12102,3351000,3353000
2026-09-17T01:17:51.653Z,84941,36120000,99960000
2026-09-17T01:17:51.653Z,36670,10440000,85000000
2026-09-17T01:17:51.653Z,87605,120,23990000
2026-09-17T01:17:51.653Z,1419,1789000,4998000
2026-09-17T01:17:51.653Z,73879,619200,64500000
2026-09-17T01:17:51.653Z,62232,3000000000,7993000000
2026-09-17T01:17:51.653Z,17692,,769800
2026-09-17T01:17:51.653Z,87309,500000000,1500000000
2026-09-17T01:17:51.653Z,20183,1780000,1448000000
2026-09-17T01:17:51.653Z,33813,246300000,1094000000
2026-09-17T01:17:51.653Z,46310,200.6,2398
2026-09-17T01:17:51.653Z,2082,166300000,180000000
2026-09-17T01:17:51.653Z,1156,,11000
2026-09-17T01:17:51.653Z,95539,55050,3631000
2026-09-17T01:17:51.653Z,74160,22110000,48990000
2026-09-17T01:17:51.653Z,20314,90.02,40000
2026-09-17T01:17:51.653Z,49924,60370000,329100000
2026-09-17T01:17:51.653Z,91118,76000000,114900000
2026-09-17T01:17:51.653Z,92971,10000,8999000
2026-09-17T01:17:51.653Z,47190,9000,23000
2026-09-17T01:17:51.653Z,41488,2455000000,3036000000
2026-09-17T01:17:51.653Z,60265,10120000,173900000
2026-09-17T01:17:51.653Z,57067,129600000,5599000000
2026-09-17T01:17:51.653Z,31061,302700000,343800000
2026-09-17T01:17:51.653Z,15733,1563,235000
2026-09-17T01:17:51.653Z,46747,485000,484900000
2026-09-17T01:17:51.653Z,62457,602,638
2026-09-17T01:17:51.653Z,27768,4000000,29970000
2026-09-17T01:17:51.653Z,74155,12000000,59360000
2026-09-17T01:17:51.653Z,45895,176600,4591000
2026-09-17T01:17:51.653Z,45789,360800,2976000
2026-09-17T01:17:51.653Z,11132,12040,15460
2026-09-17T01:17:51.653Z,26338,36540000,99980000
2026-09-17T01:17:51.653Z,43521,219900000,447900000
2026-09-17T01:17:51.653Z,84994,,339000000
2026-09-17T01:17:51.653Z,20935,1200,13950
2026-09-17T01:17:51.653Z,74157,5100000,23480000
2026-09-17T01:17:51.653Z,47307,5428000,20920000
2026-09-17T01:17:51.653Z,2305,3.32,4.1
2026-09-17T01:17:51.653Z,91404,10000,3990000
2026-09-17T01:17:51.653Z,18979,200100000,234800000
2026-09-17T01:17:51.653Z,35877,5207000,799900000
2026-09-17T01:17:51.653Z,87525,430300000,600000000
2026-09-17T01:17:51.653Z,95533,3300000,15000000
2026-09-17T01:17:51.653Z,31220,984700,1098000
2026-09-17T01:17:51.653Z,18825,16950000,35450000
2026-09-17T01:17:51.653Z,20771,393,393.1
2026-09-17T01:17:51.653Z,18775,85000,333400
2026-09-17T01:17:51.653Z,47935,2004,2419
2026-09-17T01:17:51.653Z,46854,10000,999800
2026-09-17T01:17:51.653Z,84012,260100,999000
2026-09-17T01:17:51.653Z,88590,10000,153300
2026-09-17T01:17:51.653Z,56902,0.01,1190000000
2026-09-17T01:17:51.653Z,83302,20000,374900
2026-09-17T01:17:51.653Z,88775,420000,2440000
2026-09-17T01:17:51.653Z,52864,3230000,493900000
2026-09-17T01:17:51.653Z,76173,10360,12000000
2026-09-17T01:17:51.653Z,88480,1000,228900
2026-09-17T01:17:51.653Z,21606,4631000000,5300000000
2026-09-17T01:17:51.653Z,45745,396900000,534000000
2026-09-17T01:17:51.653Z,59405,908400,3897000
2026-09-17T01:17:51.653Z,55656,86010,899000
2026-09-17T01:17:51.653Z,22118,16340000,204600000
2026-09-17T01:17:51.653Z,13779,2707000,22840000
2026-09-17T01:17:51.653Z,45618,32930000,35920000
2026-09-17T01:17:51.653Z,31866,1627000,1933000
2026-09-17T01:17:51.653Z,26085,24990,1500000
2026-09-17T01:17:51.653Z,46236,,44900000
2026-09-17T01:17:51.653Z,33735,355300000,997600000
2026-09-17T01:17:51.653Z,42704,72000,329900
2026-09-17T01:17:51.653Z,9956,3565000,4100000
2026-09-17T01:17:51.653Z,53380,60100,89690
2026-09-17T01:17:51.653Z,40569,24810000,34190000
2026-09-17T01:17:51.653Z,57487,186900000,209700000
2026-09-17T01:17:51.653Z,3977,770200,947500
2026-09-17T01:17:51.653Z,74533,2665,4190
2026-09-17T01:17:51.653Z,55661,6000,200000
2026-09-17T01:17:51.653Z,27786,405400000,3071000000
2026-09-17T01:17:51.653Z,22468,250000000,274600000
2026-09-17T01:17:51.653Z,43658,126100000,179700000
2026-09-17T01:17:51.653Z,3195,556300000,633500000
2026-09-17T01:17:51.653Z,43883,101600000,116000000
2026-09-17T01:17:51.653Z,47634,61010000,139900000
2026-09-17T01:17:51.653Z,31438,,448000
2026-09-17T01:17:51.653Z,4061,15100000,1100000000
2026-09-17T01:17:51.653Z,42732,35010000,318900000
2026-09-17T01:17:51.653Z,17897,2300,6674
2026-09-17T01:17:51.653Z,32459,821.9,17760
2026-09-17T01:17:51.653Z,16525,3649,14850
2026-09-17T01:17:51.653Z,43861,981900000,1875000000
2026-09-17T01:17:51.653Z,46784,1.11,2241000
2026-09-17T01:17:51.653Z,34017,221600000,599900000
2026-09-17T01:17:51.653Z,32102,5621000,26370000
2026-09-17T01:17:51.653Z,83369,10010,192000
2026-09-17T01:17:51.653Z,23109,625500,750000
2026-09-17T01:17:51.653Z,14734,56360000,689900000
2026-09-17T01:17:51.653Z,2436,1529000,1574000
2026-09-17T01:17:51.653Z,11188,17620000,18990000
2026-09-17T01:17:51.653Z,12023,136400000,148300000
2026-09-17T01:17:51.653Z,15717,15000000,17980000
2026-09-17T01:17:51.653Z,12241,80000000,523100000
2026-09-17T01:17:51.653Z,78624,260000000,320000000
2026-09-17T01:17:51.653Z,26362,1050000,20590000
2026-09-17T01:17:51.653Z,47011,,1141000
2026-09-17T01:17:51.653Z,62569,3787,4990
2026-09-17T01:17:51.653Z,30187,18070000,22770000
2026-09-17T01:17:51.653Z,82062,4235000,9400000
2026-09-17T01:17:51.653Z,12239,34020000,41850000
2026-09-17T01:17:51.653Z,33109,280000000,445500000
2026-09-17T01:17:51.653Z,90412,1622000,21490000
2026-09-17T01:17:51.653Z,46821,207300,2999000
2026-09-17T01:17:51.653Z,25980,100000,1890000
2026-09-17T01:17:51.653Z,25914,3006,3486000
2026-09-17T01:17:51.653Z,31041,6172000,9736000
2026-09-17T01:17:51.653Z,42874,2000000,10800000
2026-09-17T01:17:51.653Z,14822,191800000,1076000000
2026-09-17T01:17:51.653Z,30371,4247,4644
2026-09-17T01:17:51.653Z,58894,25000,864100
2026-09-17T01:17:51.653Z,27234,3285000,72490000
2026-09-17T01:17:51.653Z,31185,2990000,3318000
2026-09-17T01:17:51.653Z,2465,150000,400000
2026-09-17T01:17:51.653Z,60379,588000,3971000
2026-09-17T01:17:51.653Z,47105,105200000,799800000
2026-09-17T01:17:51.653Z,2455,7009,265100
2026-09-17T01:17:51.653Z,90040,300000,5236000
2026-09-17T01:17:51.653Z,33728,160100000,2226000000
2026-09-17T01:17:51.653Z,43722,740700000,925000000
2026-09-17T01:17:51.653Z,43701,32470000,37190000
2026-09-17T01:17:51.653Z,28351,93020000,149100000
2026-09-17T01:17:51.653Z,95538,1,11930
2026-09-17T01:17:51.653Z,46283,503.8,3300
2026-09-17T01:17:51.653Z,31195,111200,1495000
2026-09-17T01:17:51.653Z,42167,1,219900000
2026-09-17T01:17:51.653Z,88623,1600000,29690000
2026-09-17T01:17:51.653Z,40686,,68900000
2026-09-17T01:17:51.653Z,83593,2033000,119900000
2026-09-17T01:17:51.653Z,47761,68370,96230
2026-09-17T01:17:51.653Z,78921,1500000000,3319000000
2026-09-17T01:17:51.653Z,45627,26920000,35470000
2026-09-17T01:17:51.653Z,57207,59670000,69660000
2026-09-17T01:17:51.653Z,27628,6582000,50000000
2026-09-17T01:17:51.653Z,21450,2158,122000
2026-09-17T01:17:51.653Z,2829,0.02,100000000
2026-09-17T01:17:51.653Z,53639,80880000,747400000
2026-09-17T01:17:51.653Z,87791,33100000,41660000
2026-09-17T01:17:51.653Z,85755,130000000,171100000
2026-09-17T01:17:51.653Z,85679,20740000,60000000
2026-09-17T01:17:51.653Z,91986,40290,297000
2026-09-17T01:17:51.653Z,27918,964600,1697000
2026-09-17T01:17:51.653Z,87513,693100000,1140000000
2026-09-17T01:17:51.653Z,83228,10000,124900
2026-09-17T01:17:51.653Z,15212,900000,320000000
2026-09-17T01:17:51.653Z,31169,316000000,324200000
2026-09-17T01:17:51.653Z,32437,800100,80000000
2026-09-17T01:17:51.653Z,82443,10000,501800
2026-09-17T01:17:51.653Z,44262,600,827
2026-09-17T01:17:51.653Z,83362,340100,1861000
2026-09-17T01:17:51.653Z,20532,122100000,159900000
2026-09-17T01:17:51.653Z,84411,1005,146300
2026-09-17T01:17:51.653Z,43482,100000,736500
2026-09-17T01:17:51.653Z,88620,1000,99890
2026-09-17T01:17:51.653Z,2531,576000,839500
2026-09-17T01:17:51.653Z,82462,10000,991300
2026-09-17T01:17:51.653Z,31290,,220000000
2026-09-17T01:17:51.653Z,26320,550600,36900000
2026-09-17T01:17:51.653Z,32439,701000,70000000
2026-09-17T01:17:51.653Z,54993,82850000,145600000
2026-09-17T01:17:51.653Z,83319,20100,159600
2026-09-17T01:17:51.653Z,22108,25360000,30910000
2026-09-17T01:17:51.653Z,43666,420000000,925900000
2026-09-17T01:17:51.653Z,1118,,200000
2026-09-17T01:17:51.653Z,63113,359200000,600000000
2026-09-17T01:17:51.653Z,37155,992900000,1850000000
2026-09-17T01:17:51.653Z,1119,,1200000
2026-09-17T01:17:51.653Z,21406,288.6,745.9
2026-09-17T01:17:51.653Z,1120,,900000
2026-09-17T01:17:51.653Z,60655,1101000,1498000
2026-09-17T01:17:51.653Z,1121,,1500000
2026-09-17T01:17:51.653Z,56275,18000,69990
2026-09-17T01:17:51.653Z,27367,100,320.7
2026-09-17T01:17:51.653Z,16003,80170000,119300000
2026-09-17T01:17:51.653Z,1122,,6000000
2026-09-17T01:17:51.653Z,21721,3558000,4469000
2026-09-17T01:17:51.653Z,85028,,3800000000
2026-09-17T01:17:51.653Z,87828,380100,419900
2026-09-17T01:17:51.653Z,1123,,2000000
2026-09-17T01:17:51.653Z,78622,65000000,76570000
2026-09-17T01:17:51.653Z,45617,34010000,36110000
2026-09-17T01:17:51.653Z,33001,50600,249000
2026-09-17T01:17:51.653Z,91126,7835000,32990000
2026-09-17T01:17:51.653Z,3496,607600,907400
2026-09-17T01:17:51.653Z,17767,809500,2941000
2026-09-17T01:17:51.653Z,1125,,15000000
2026-09-17T01:17:51.653Z,32999,,287800
2026-09-17T01:17:51.653Z,14196,2561000,2850000000
2026-09-17T01:17:51.653Z,2363,24140,37770
2026-09-17T01:17:51.653Z,1126,,9000000
2026-09-17T01:17:51.653Z,1130,,20000
2026-09-17T01:17:51.653Z,47056,18010000,35000000
2026-09-17T01:17:51.653Z,1131,100,30000
2026-09-17T01:17:51.653Z,41495,4250000000,6000000000
2026-09-17T01:17:51.653Z,84422,3511000,17830000
2026-09-17T01:17:51.653Z,8007,3244,19520
2026-09-17T01:17:51.653Z,19213,96100,120000
2026-09-17T01:17:51.653Z,58966,1226000,1594000
2026-09-17T01:17:51.653Z,1133,100,50000
2026-09-17T01:17:51.653Z,18891,67840000,99340000
2026-09-17T01:17:51.653Z,15202,81000000,600000000
2026-09-17T01:17:51.653Z,1134,2400,50000
2026-09-17T01:17:51.653Z,45763,102500,1777000
2026-09-17T01:17:51.653Z,23174,3617000,4299000
2026-09-17T01:17:51.653Z,1135,,70000
2026-09-17T01:17:51.653Z,15178,130800000,250000000
2026-09-17T01:17:51.653Z,42577,221000000,539600000
2026-09-17T01:17:51.653Z,1136,100,80000
2026-09-17T01:17:51.653Z,52191,3.02,240000
2026-09-17T01:17:51.653Z,57471,21570000,23220000
2026-09-17T01:17:51.653Z,40633,665000000,855600000
2026-09-17T01:17:51.653Z,91632,300800000,364800000
2026-09-17T01:17:51.653Z,15184,,158000000
2026-09-17T01:17:51.653Z,1138,,80000
2026-09-17T01:17:51.653Z,82371,10000,11610000
2026-09-17T01:17:51.653Z,1139,1000,110000
2026-09-17T01:17:51.653Z,1246,9600,20720
2026-09-17T01:17:51.653Z,1140,1201,150000
2026-09-17T01:17:51.653Z,53536,20540000,147600000
2026-09-17T01:17:51.653Z,57008,509700,2299000
2026-09-17T01:17:51.653Z,2476,40700,57990
2026-09-17T01:17:51.653Z,3913,1581000,37590000
2026-09-17T01:17:51.653Z,75279,254.8,425.5
2026-09-17T01:17:51.653Z,46732,,1635000000
2026-09-17T01:17:51.653Z,33446,53140000,83750000
2026-09-17T01:17:51.653Z,48764,170.6,200000
2026-09-17T01:17:51.653Z,1142,1000,225000
2026-09-17T01:17:51.653Z,3216,400000000,593000000
2026-09-17T01:17:51.653Z,1143,5,275000
2026-09-17T01:17:51.653Z,15176,315000,318000000
2026-09-17T01:17:51.653Z,1144,1000,325000
2026-09-17T01:17:51.653Z,14754,66730000,600000000
2026-09-17T01:17:51.653Z,79719,607200,5200000
2026-09-17T01:17:51.653Z,19692,103500000,128800000
2026-09-17T01:17:51.653Z,1146,5,200000
2026-09-17T01:17:51.653Z,60570,9217000,21800000
2026-09-17T01:17:51.653Z,54447,20020000,538900000
2026-09-17T01:17:51.653Z,43889,100100000,122000000
2026-09-17T01:17:51.653Z,1944,1034000,2497000
2026-09-17T01:17:51.653Z,90049,46930,2739000
2026-09-17T01:17:51.653Z,83379,180000,3374000
2026-09-17T01:17:51.653Z,1148,5,400000
2026-09-17T01:17:51.653Z,89946,214100,5490000
2026-09-17T01:17:51.653Z,48513,1110000,589400000
2026-09-17T01:17:51.653Z,1149,5,500000
2026-09-17T01:17:51.653Z,40564,13950000,19830000
2026-09-17T01:17:51.653Z,45896,3024000,13000000
2026-09-17T01:17:51.653Z,1150,1000,600000
2026-09-17T01:17:51.653Z,45937,100000,2001000
2026-09-17T01:17:51.653Z,54295,23000,27970
2026-09-17T01:17:51.653Z,54770,2000,9300
2026-09-17T01:17:51.653Z,73370,100000,1001000
2026-09-17T01:17:51.653Z,1151,10000,700000
2026-09-17T01:17:51.653Z,11357,22220,56600
2026-09-17T01:17:51.653Z,88628,10000,134900
2026-09-17T01:17:51.653Z,1152,1000,800000
2026-09-17T01:17:51.653Z,1210,250000,416640
2026-09-17T01:17:51.653Z,49801,555000,2949000
2026-09-17T01:17:51.653Z,20064,91550000,127400000
2026-09-17T01:17:51.653Z,1096,1000,1300000
2026-09-17T01:17:51.653Z,79008,10000000,580000000
2026-09-17T01:17:51.653Z,1214,1500000,5000000
2026-09-17T01:17:51.653Z,15152,1248000000,2810000000
2026-09-17T01:17:51.653Z,45949,22010,500000
2026-09-17T01:17:51.653Z,94154,22340000,55210000
2026-09-17T01:17:51.653Z,34809,123500000,1070000000
2026-09-17T01:17:51.653Z,53960,1011000000,2446000000
2026-09-17T01:17:51.653Z,1216,1133,180000
2026-09-17T01:17:51.653Z,42880,1115000,17880000
2026-09-17T01:17:51.653Z,32122,3201000,14100000
2026-09-17T01:17:51.653Z,1220,5,45000
2026-09-17T01:17:51.653Z,15254,5371000,179000000
2026-09-17T01:17:51.653Z,1221,10,9000000
2026-09-17T01:17:51.653Z,1247,,41600
2026-09-17T01:17:51.653Z,1255,,41600
2026-09-17T01:17:51.653Z,4411,131200,700000
2026-09-17T01:17:51.653Z,1354,,99200
2026-09-17T01:17:51.653Z,32115,5252000,11740000
2026-09-17T01:17:51.653Z,31664,769000,2634000
2026-09-17T01:17:51.653Z,1446,,97440
2026-09-17T01:17:51.653Z,88774,1000,146600
2026-09-17T01:17:51.653Z,1540,,99200
2026-09-17T01:17:51.653Z,74428,,1000
2026-09-17T01:17:51.653Z,13834,17100000,21360000
2026-09-17T01:17:51.653Z,1811,13400,150000
2026-09-17T01:17:51.653Z,88524,60000,1344000
2026-09-17T01:17:51.653Z,1815,179.5,140000
2026-09-17T01:17:51.653Z,15226,191100000,516000000
2026-09-17T01:17:51.653Z,45850,1224000,9610000
2026-09-17T01:17:51.653Z,1817,,160000
2026-09-17T01:17:51.653Z,46247,43810000,128000000
2026-09-17T01:17:51.653Z,46856,5008000,24470000
2026-09-17T01:17:51.653Z,88595,1000,449900
2026-09-17T01:17:51.653Z,21027,12170000,13320000
2026-09-17T01:17:51.653Z,1286,26740,144900
2026-09-17T01:17:51.653Z,56849,28000000,33890000
2026-09-17T01:17:51.653Z,20504,146000000,174100000
2026-09-17T01:17:51.653Z,34168,25180000,66340000
2026-09-17T01:17:51.653Z,17867,100.6,107.9
2026-09-17T01:17:51.653Z,90316,110000000,119900000
2026-09-17T01:17:51.653Z,11985,125400000,134900000
2026-09-17T01:17:51.653Z,18893,82490000,169000000
2026-09-17T01:17:51.653Z,55352,315500,759900
2026-09-17T01:17:51.653Z,45979,5730000,34480000
2026-09-17T01:17:51.653Z,46918,39100,11910000
2026-09-17T01:17:51.653Z,27083,155400,424000
2026-09-17T01:17:51.653Z,22123,44580000,63990000
2026-09-17T01:17:51.653Z,17230,7501,49900
2026-09-17T01:17:51.653Z,27556,15120000,58900000
2026-09-17T01:17:51.653Z,63143,12600,400000
2026-09-17T01:17:51.653Z,3405,2012,23600
2026-09-17T01:17:51.653Z,55530,1023,74900
2026-09-17T01:17:51.653Z,21270,55000000,141800000
2026-09-17T01:17:51.653Z,24313,463900000,588900000
2026-09-17T01:17:51.653Z,61862,579900,17000000
2026-09-17T01:17:51.653Z,83248,10000,238700
2026-09-17T01:17:51.653Z,28292,25010000,26960000
2026-09-17T01:17:51.653Z,14496,3964000000,5067000000
2026-09-17T01:17:51.653Z,46356,894300,993700
2026-09-17T01:17:51.653Z,60453,3100000000,5080000000
2026-09-17T01:17:51.653Z,41030,180100000,193800000
2026-09-17T01:17:51.653Z,92582,92000000,229800000
2026-09-17T01:17:51.653Z,26400,1616000,59940000
2026-09-17T01:17:51.653Z,46848,704100,4975000
2026-09-17T01:17:51.653Z,31352,,3488000
2026-09-17T01:17:51.653Z,82591,40020000,399900000
2026-09-17T01:17:51.653Z,17895,3873000,4443000
2026-09-17T01:17:51.653Z,15042,2100000,1000000000
2026-09-17T01:17:51.653Z,37631,285700000,311900000
2026-09-17T01:17:51.653Z,3452,144.6,13990
2026-09-17T01:17:51.653Z,85449,2589000,5150000
2026-09-17T01:17:51.653Z,47894,1594000,1793000
2026-09-17T01:17:51.653Z,24592,8,999
2026-09-17T01:17:51.653Z,56211,1920000000,19000000000
2026-09-17T01:17:51.653Z,13260,14470000,16840000
2026-09-17T01:17:51.653Z,2345,79030,84900
2026-09-17T01:17:51.653Z,31335,5000,250000
2026-09-17T01:17:51.653Z,14256,34460000,37330000
2026-09-17T01:17:51.653Z,46720,590000000,10000000000
2026-09-17T01:17:51.653Z,48845,3210000,10000000000
2026-09-17T01:17:51.653Z,24554,424800000,569700000
2026-09-17T01:17:51.653Z,14853,516900000,971900000
2026-09-17T01:17:51.653Z,18635,135700,154600
2026-09-17T01:17:51.653Z,14705,231000000,490000000
2026-09-17T01:17:51.653Z,92967,337000000,537100000
2026-09-17T01:17:51.653Z,31258,11530,1225000
2026-09-17T01:17:51.653Z,45944,110500,1846000
2026-09-17T01:17:51.653Z,80873,85150,99500
2026-09-17T01:17:51.653Z,92790,10000000,1300000000
2026-09-17T01:17:51.653Z,17406,7610000,13170000
2026-09-17T01:17:51.653Z,20821,122300,339900
2026-09-17T01:17:51.653Z,21262,1084000,5077000
2026-09-17T01:17:51.653Z,44926,2543000,21000000
2026-09-17T01:17:51.653Z,27627,1940000,19640000
2026-09-17T01:17:51.653Z,88473,80000,989900
2026-09-17T01:17:51.653Z,45759,101200,3822000
2026-09-17T01:17:51.653Z,31789,5000,225000
2026-09-17T01:17:51.653Z,57010,351200,14700000
2026-09-17T01:17:51.653Z,93703,44400000,58870000
2026-09-17T01:17:51.653Z,54430,28050000,280500000
2026-09-17T01:17:51.653Z,34167,45330,595400
2026-09-17T01:17:51.653Z,46731,,1697000000
2026-09-17T01:17:51.653Z,42574,22000000,187900000
2026-09-17T01:17:51.653Z,37552,112200,11860000
2026-09-17T01:17:51.653Z,50040,,24900000
2026-09-17T01:17:51.653Z,84428,109600,698600
2026-09-17T01:17:51.653Z,56785,100000,1200000
2026-09-17T01:17:51.653Z,32113,1006000,10810000
2026-09-17T01:17:51.653Z,57455,871,917.9
2026-09-17T01:17:51.653Z,27535,500400000,2550000000
2026-09-17T01:17:51.653Z,92821,253.5,285
2026-09-17T01:17:51.653Z,27147,15450000,18600000
2026-09-17T01:17:51.653Z,42580,11000000,67690000
2026-09-17T01:17:51.653Z,49707,82000,698900
2026-09-17T01:17:51.653Z,12215,5036000,7696000
2026-09-17T01:17:51.653Z,42554,4100000,57700000
2026-09-17T01:17:51.653Z,45744,11030000,26020000
2026-09-17T01:17:51.653Z,33971,65000000,80020000
2026-09-17T01:17:51.653Z,28231,5000000,5001000
2026-09-17T01:17:51.653Z,84409,2004,135500
2026-09-17T01:17:51.653Z,14902,193600000,258000000
2026-09-17T01:17:51.653Z,89937,60000,110900
2026-09-17T01:17:51.653Z,46425,25000000,284900000
2026-09-17T01:17:51.653Z,55630,111.1,94000
2026-09-17T01:17:51.653Z,28236,5000000,5001000
2026-09-17T01:17:51.653Z,28758,33340000,35800000
2026-09-17T01:17:51.653Z,45930,20160000,44750000
2026-09-17T01:17:51.653Z,31411,,58000000
2026-09-17T01:17:51.653Z,31579,,58000000
2026-09-17T01:17:51.653Z,31363,,58000000
2026-09-17T01:17:51.653Z,33282,,56000000
2026-09-17T01:17:51.653Z,33299,,56000000
2026-09-17T01:17:51.653Z,41632,,109900000
2026-09-17T01:17:51.653Z,31531,,58000000
2026-09-17T01:17:51.653Z,83257,10000,118800
2026-09-17T01:17:51.653Z,36444,11000000,34000000
2026-09-17T01:17:51.653Z,52682,30010000,104500000
2026-09-17T01:17:51.653Z,520,40200,56640
2026-09-17T01:17:51.653Z,46039,78590000,173700000
2026-09-17T01:17:51.653Z,31505,,1500000
2026-09-17T01:17:51.653Z,31570,7453000,18710000
2026-09-17T01:17:51.653Z,31517,,1500000
2026-09-17T01:17:51.653Z,27351,1903,2183
2026-09-17T01:17:51.653Z,36512,0.01,150000000
2026-09-17T01:17:51.653Z,83350,20010,2241000
2026-09-17T01:17:51.653Z,52680,25000000,47930000
2026-09-17T01:17:51.653Z,74387,18000,148900
2026-09-17T01:17:51.653Z,52674,20190000,29820000
2026-09-17T01:17:51.653Z,33591,3380000,4513000
2026-09-17T01:17:51.653Z,74143,39860,1864000
2026-09-17T01:17:51.653Z,55616,10000,319500
2026-09-17T01:17:51.653Z,46038,48260000,92500000
2026-09-17T01:17:51.653Z,21910,500,900
2026-09-17T01:17:51.653Z,3715,10,104
2026-09-17T01:17:51.653Z,27256,111100000,120700000
2026-09-17T01:17:51.653Z,14722,325500000,773600000
2026-09-17T01:17:51.653Z,46775,10100,1896000
2026-09-17T01:17:51.653Z,56615,51150000,1850000000
2026-09-17T01:17:51.653Z,15048,251800,140000000
2026-09-17T01:17:51.653Z,2446,1303000,1444000
2026-09-17T01:17:51.653Z,47003,61260,5897000
2026-09-17T01:17:51.653Z,1265,4999,51760
2026-09-17T01:17:51.653Z,31972,15100000,29600000
2026-09-17T01:17:51.653Z,43842,401500,5184000
2026-09-17T01:17:51.653Z,45894,100000,2682000
2026-09-17T01:17:51.653Z,23840,995200,1510000
2026-09-17T01:17:51.653Z,28420,155200,589400
2026-09-17T01:17:51.653Z,6715,10020,76490
2026-09-17T01:17:51.653Z,16265,186400,201400
2026-09-17T01:17:51.653Z,34362,313300,7686000
2026-09-17T01:17:51.653Z,2050,328300000,442500000
2026-09-17T01:17:51.653Z,83212,10000,99980
2026-09-17T01:17:51.653Z,24427,785200,977700
2026-09-17T01:17:51.653Z,2563,903000,1295000
2026-09-17T01:17:51.653Z,28414,55110,4974000
2026-09-17T01:17:51.653Z,13237,15400000,17190000
2026-09-17T01:17:51.653Z,53166,2001000,9639000
2026-09-17T01:17:51.653Z,35835,754700000,849100000
2026-09-17T01:17:51.653Z,37297,10740000,90000000
2026-09-17T01:17:51.653Z,210,11.63,13.43
2026-09-17T01:17:51.653Z,85513,1839000,9466000
2026-09-17T01:17:51.653Z,60939,7400,22900
2026-09-17T01:17:51.653Z,19687,109400000,119800000
2026-09-17T01:17:51.653Z,46933,156.7,973000
2026-09-17T01:17:51.653Z,45865,5003000,15010000
2026-09-17T01:17:51.653Z,17688,515500,1999000
2026-09-17T01:17:51.653Z,52916,9301,10890
2026-09-17T01:17:51.653Z,20745,600,2283
2026-09-17T01:17:51.653Z,58875,125200,1873000
2026-09-17T01:17:51.653Z,27075,450000,699800
2026-09-17T01:17:51.653Z,43531,10350000,255500000
2026-09-17T01:17:51.653Z,13968,1000000,1662000
2026-09-17T01:17:51.653Z,79948,2656000,93760000
2026-09-17T01:17:51.653Z,34165,15460000,28270000
2026-09-17T01:17:51.653Z,34161,30130000,80530000
2026-09-17T01:17:51.653Z,45772,121300,1759000
2026-09-17T01:17:51.653Z,33581,1000000,947500000
2026-09-17T01:17:51.653Z,28974,73010,78960
2026-09-17T01:17:51.653Z,42212,194900000,217600000
2026-09-17T01:17:51.653Z,14826,870000,622900000
2026-09-17T01:17:51.653Z,40565,24600000,31130000
2026-09-17T01:17:51.653Z,45832,1000000,64500000
2026-09-17T01:17:51.653Z,22778,80620,88390
2026-09-17T01:17:51.653Z,3442,581800,1000000
2026-09-17T01:17:51.653Z,3806,6614,40900
2026-09-17T01:17:51.653Z,12250,2,99990
2026-09-17T01:17:51.653Z,44895,8810000,17000000
2026-09-17T01:17:51.653Z,64379,112000,16990000
2026-09-17T01:17:51.653Z,49978,321500,15890000
2026-09-17T01:17:51.653Z,14439,,1393000000
2026-09-17T01:17:51.653Z,27631,1140000,11400000
2026-09-17T01:17:51.653Z,46238,6222000,8998000
2026-09-17T01:17:51.653Z,36912,22010000,24460000
2026-09-17T01:17:51.653Z,45523,922100,4497000
2026-09-17T01:17:51.653Z,83328,10000,295900
2026-09-17T01:17:51.653Z,17355,,6800000
2026-09-17T01:17:51.653Z,14437,2493,388000000
2026-09-17T01:17:51.653Z,57065,21470000,1961000000
2026-09-17T01:17:51.653Z,41175,50400000,91000000
2026-09-17T01:17:51.653Z,88617,260000,4733000
2026-09-17T01:17:51.653Z,33195,10930,16740
2026-09-17T01:17:51.653Z,87781,1200000,1887000
2026-09-17T01:17:51.653Z,91934,1517000,2873000
2026-09-17T01:17:51.653Z,84340,19510000,24930000
2026-09-17T01:17:51.653Z,40730,38160000,45000000
2026-09-17T01:17:51.653Z,91260,156500000,320000000
2026-09-17T01:17:51.653Z,14806,2954000000,3100000000
2026-09-17T01:17:51.653Z,22120,21940000,36980000
2026-09-17T01:17:51.653Z,11741,3121,50000
2026-09-17T01:17:51.653Z,24638,113900000,119000000
2026-09-17T01:17:51.653Z,40364,5932000,10000000
2026-09-17T01:17:51.653Z,90641,10200,90000
2026-09-17T01:17:51.653Z,26290,57190000,63860000
2026-09-17T01:17:51.653Z,40670,404900000,885000000
2026-09-17T01:17:51.653Z,95269,220000000,299900000
2026-09-17T01:17:51.653Z,4066,518200000,3500000000
2026-09-17T01:17:51.653Z,18720,2553,1100000
2026-09-17T01:17:51.653Z,20641,635500,4388000
2026-09-17T01:17:51.653Z,87800,229100,19950000
2026-09-17T01:17:51.653Z,83203,10000,342800
2026-09-17T01:17:51.653Z,14986,55600000,395600000
2026-09-17T01:17:51.653Z,32869,,3153000
2026-09-17T01:17:51.653Z,35795,10000,11980
2026-09-17T01:17:51.653Z,33706,8214,11590
2026-09-17T01:17:51.653Z,41303,4017,10980
2026-09-17T01:17:51.653Z,33176,56220,96760
2026-09-17T01:17:51.653Z,17292,5200,3800000
2026-09-17T01:17:51.653Z,41506,98040000,112800000
2026-09-17T01:17:51.653Z,40741,,5000000
2026-09-17T01:17:51.653Z,91927,3687000,9651000
2026-09-17T01:17:51.653Z,74001,100000,100100
2026-09-17T01:17:51.653Z,27644,8220000,38490000
2026-09-17T01:17:51.653Z,88602,880000,2898000
2026-09-17T01:17:51.653Z,56976,1210,146700
2026-09-17T01:17:51.653Z,79761,110000000,389400000
2026-09-17T01:17:51.653Z,43853,1860000,17090000
2026-09-17T01:17:51.653Z,20203,1279000,325700000
2026-09-17T01:17:51.653Z,76287,11010000,240000000
2026-09-17T01:17:51.653Z,56856,66890000,109900000
2026-09-17T01:17:51.653Z,31386,59000,64990000
2026-09-17T01:17:51.653Z,46637,281000000,306500000
2026-09-17T01:17:51.653Z,62379,50540,55360
2026-09-17T01:17:51.653Z,88615,600000,9880000
2026-09-17T01:17:51.653Z,16275,4545,4783
2026-09-17T01:17:51.653Z,64270,200000,238000000
2026-09-17T01:17:51.653Z,42740,7402000,74000000
2026-09-17T01:17:51.653Z,24471,48.1,60.06
2026-09-17T01:17:51.653Z,25277,32040,55130
2026-09-17T01:17:51.653Z,21018,330200000,1356000000
2026-09-17T01:17:51.653Z,33970,61810000,98500000
2026-09-17T01:17:51.653Z,95537,1,995900
2026-09-17T01:17:51.653Z,45988,250000,17110000
2026-09-17T01:17:51.653Z,32918,270.6,39000
2026-09-17T01:17:51.653Z,45925,1165000,8170000
2026-09-17T01:17:51.653Z,33972,64330000,94980000
2026-09-17T01:17:51.653Z,14096,70180,364200
2026-09-17T01:17:51.653Z,22915,1510000,26530000
2026-09-17T01:17:51.653Z,94135,10000,10010
2026-09-17T01:17:51.653Z,93738,50070000,149300000
2026-09-17T01:17:51.653Z,63115,94000000,120000000
2026-09-17T01:17:51.653Z,95532,2567000,4690000
2026-09-17T01:17:51.653Z,46237,7041000,9860000
2026-09-17T01:17:51.653Z,73463,1000000,4991000
2026-09-17T01:17:51.653Z,7371,40000,64960
2026-09-17T01:17:51.653Z,88682,5600000,11700000
2026-09-17T01:17:51.653Z,24639,100200000,118300000
2026-09-17T01:17:51.653Z,52284,901400,11990000
2026-09-17T01:17:51.653Z,46795,13340,8981000
2026-09-17T01:17:51.653Z,47150,8919000,15070000
2026-09-17T01:17:51.653Z,88212,300000000,1500000000
2026-09-17T01:17:51.653Z,12217,20480,266900
2026-09-17T01:17:51.653Z,82959,1000,394900
2026-09-17T01:17:51.653Z,20591,816800,1890000
2026-09-17T01:17:51.653Z,83361,10000,378900
2026-09-17T01:17:51.653Z,15098,2349000000,2807000000
2026-09-17T01:17:51.653Z,18770,1708,80000
2026-09-17T01:17:51.653Z,1875,1320,58900
2026-09-17T01:17:51.653Z,82070,13470000,47800000
2026-09-17T01:17:51.653Z,11989,119600000,131000000
2026-09-17T01:17:51.653Z,28332,909.8,1058
2026-09-17T01:17:51.653Z,43498,0.03,3657000
2026-09-17T01:17:51.653Z,37821,80370,180500
2026-09-17T01:17:51.653Z,3212,328800000,535000000
2026-09-17T01:17:51.653Z,25273,49050,65490
2026-09-17T01:17:51.653Z,84999,340900000,2500000000
2026-09-17T01:17:51.653Z,452,5121,31850
2026-09-17T01:17:51.653Z,25975,,2290000
2026-09-17T01:17:51.653Z,22877,80590000,118600000
2026-09-17T01:17:51.653Z,27560,12000000,29000000
2026-09-17T01:17:51.653Z,41257,,168000000
2026-09-17T01:17:51.653Z,26306,500000,10720000
2026-09-17T01:17:51.653Z,31688,4022000,7101000
2026-09-17T01:17:51.653Z,84120,88000000,200000000
2026-09-17T01:17:51.653Z,45754,5500,1176000
2026-09-17T01:17:51.653Z,60266,10100000,199000000
2026-09-17T01:17:51.653Z,15891,111800000,125000000
2026-09-17T01:17:51.653Z,87464,460000000,948900000
2026-09-17T01:17:51.653Z,55315,166100,499000
2026-09-17T01:17:51.653Z,85450,4472000,45000000
2026-09-17T01:17:51.653Z,14808,4470000000,5000000000
2026-09-17T01:17:51.653Z,976,53020000,85990000
2026-09-17T01:17:51.653Z,93001,300000,38000000
2026-09-17T01:17:51.653Z,31594,20840000,22510000
2026-09-17T01:17:51.653Z,90414,205400000,439500000
2026-09-17T01:17:51.653Z,15010,,425000000
2026-09-17T01:17:51.653Z,82448,10000,411300
2026-09-17T01:17:51.653Z,20723,3.75,25
2026-09-17T01:17:51.653Z,24513,401,433.6
2026-09-17T01:17:51.653Z,34824,44010000,974000000
2026-09-17T01:17:51.653Z,28336,452.6,510.9
2026-09-17T01:17:51.653Z,27777,2760000,17800000
2026-09-17T01:17:51.653Z,52750,550100000,1997000000
2026-09-17T01:17:51.653Z,12068,2886000,2887000
2026-09-17T01:17:51.653Z,7369,45000,66650
2026-09-17T01:17:51.653Z,29091,360600,731400
2026-09-17T01:17:51.653Z,3116,549000000,595800000
2026-09-17T01:17:51.653Z,48587,880000,5600000
2026-09-17T01:17:51.653Z,32441,1079000,90000000
2026-09-17T01:17:51.653Z,47551,0.01,689700000
2026-09-17T01:17:51.653Z,15907,84780000,95860000
2026-09-17T01:17:51.653Z,21542,,9450000
2026-09-17T01:17:51.653Z,54363,1540000,128200000
2026-09-17T01:17:51.653Z,34658,1443000000,3973000000
2026-09-17T01:17:51.653Z,20595,14820000,18300000
2026-09-17T01:17:51.653Z,79734,300100,4998000
2026-09-17T01:17:51.653Z,57126,436000000,649500000
2026-09-17T01:17:51.653Z,14070,51660000,53800000
2026-09-17T01:17:51.653Z,32443,1.08,100000000
2026-09-17T01:17:51.653Z,21292,420000,18300000
2026-09-17T01:17:51.653Z,87953,89640000,194900000
2026-09-17T01:17:51.653Z,93691,175000000,696600000
2026-09-17T01:17:51.653Z,15234,1482000000,2499000000
2026-09-17T01:17:51.653Z,89649,43520000,45100000
2026-09-17T01:17:51.653Z,32445,,54371388
2026-09-17T01:17:51.653Z,73460,700000,4927000
2026-09-17T01:17:51.653Z,83240,1000,950000
2026-09-17T01:17:51.653Z,82307,604.1,995
2026-09-17T01:17:51.653Z,1818,65,69.4
2026-09-17T01:17:51.653Z,27182,427.5,347500
2026-09-17T01:17:51.653Z,45947,441000,2475000
2026-09-17T01:17:51.653Z,685,100100,2350000
2026-09-17T01:17:51.653Z,20506,16870000,33980000
2026-09-17T01:17:51.653Z,686,40810000,80500000
2026-09-17T01:17:51.653Z,27317,8106,27250
2026-09-17T01:17:51.653Z,46001,111200,126400
2026-09-17T01:17:51.653Z,687,58380000,82500000
2026-09-17T01:17:51.653Z,42204,37420000,40440000
2026-09-17T01:17:51.653Z,91940,49390000,74430000
2026-09-17T01:17:51.653Z,786,,60000
2026-09-17T01:17:51.653Z,790,,999960
2026-09-17T01:17:51.653Z,12110,35010,40000
2026-09-17T01:17:51.653Z,48385,201500000,332200000
2026-09-17T01:17:51.653Z,803,2000000,5000000
2026-09-17T01:17:51.653Z,804,1500000,3000000
2026-09-17T01:17:51.653Z,84330,701100,3800000
2026-09-17T01:17:51.653Z,62039,8.35,9800
2026-09-17T01:17:51.653Z,806,,2500000
2026-09-17T01:17:51.653Z,11476,312,599.5
2026-09-17T01:17:51.653Z,42647,44020000,298900000
2026-09-17T01:17:51.653Z,807,1000,700000
2026-09-17T01:17:51.653Z,808,5000,900000
2026-09-17T01:17:51.653Z,43691,2,38950000
2026-09-17T01:17:51.653Z,54840,43500000,49000000
2026-09-17T01:17:51.653Z,810,45060,750000
2026-09-17T01:17:51.653Z,811,5,150000
2026-09-17T01:17:51.653Z,73273,1000000,24000000
2026-09-17T01:17:51.653Z,812,5000,160000
2026-09-17T01:17:51.653Z,42159,271100,260000000
2026-09-17T01:17:51.653Z,813,21020,180000
2026-09-17T01:17:51.653Z,52293,1233000,13960000
2026-09-17T01:17:51.653Z,61536,275100000,370000000
2026-09-17T01:17:51.653Z,814,5000,140000
2026-09-17T01:17:51.653Z,24558,15320000,16910000
2026-09-17T01:17:51.653Z,41045,159700000,559000000
2026-09-17T01:17:51.653Z,31131,100000,1725000
2026-09-17T01:17:51.653Z,19700,76060000,99000000
2026-09-17T01:17:51.653Z,949,10,2850000
2026-09-17T01:17:51.653Z,52780,26310000,4199000000
2026-09-17T01:17:51.653Z,950,613300,2850000
2026-09-17T01:17:51.653Z,46935,0.01,1790000
2026-09-17T01:17:51.653Z,63260,454300,449900000
2026-09-17T01:17:51.653Z,952,501000,2750000
2026-09-17T01:17:51.653Z,55029,2003,817800
2026-09-17T01:17:51.653Z,968,62020000,83500000
2026-09-17T01:17:51.653Z,45820,2000000,16660000
2026-09-17T01:17:51.653Z,57068,790200000,1200000000
2026-09-17T01:17:51.653Z,977,26010000,81500000
2026-09-17T01:17:51.653Z,91102,194300000,429000000
2026-09-17T01:17:51.653Z,983,15130,3487500
2026-09-17T01:17:51.653Z,31083,262900,355800
2026-09-17T01:17:51.653Z,984,200100,7425000
2026-09-17T01:17:51.653Z,73436,600000000,2098000000
2026-09-17T01:17:51.653Z,91105,500500,964000
2026-09-17T01:17:51.653Z,33006,,7997000
2026-09-17T01:17:51.653Z,1112,8000,20000
2026-09-17T01:17:51.653Z,14788,3432000000,3690000000
2026-09-17T01:17:51.653Z,1116,,150000
2026-09-17T01:17:51.653Z,88265,5505000000,6199000000
2026-09-17T01:17:51.653Z,1117,,600000
2026-09-17T01:17:51.653Z,1819,5002,750000
2026-09-17T01:17:51.653Z,20036,11.98,497
2026-09-17T01:17:51.653Z,40524,1110000,10490000
2026-09-17T01:17:51.653Z,37159,1006000000,1797000000
2026-09-17T01:17:51.653Z,1821,,900000
2026-09-17T01:17:51.653Z,1823,2101,700000
2026-09-17T01:17:51.653Z,1825,19020,800000
2026-09-17T01:17:51.653Z,64378,573000000,1121000000
2026-09-17T01:17:51.653Z,14397,227300000,905000000
2026-09-17T01:17:51.653Z,1827,800500,3000000
2026-09-17T01:17:51.653Z,1829,612700,5000000
2026-09-17T01:17:51.653Z,41504,79040000,94180000
2026-09-17T01:17:51.653Z,1831,50110,2500000
2026-09-17T01:17:51.653Z,87265,1061,4100000
2026-09-17T01:17:51.653Z,1833,17100,4000000
2026-09-17T01:17:51.653Z,54193,5510000,59900000
2026-09-17T01:17:51.653Z,1876,,90000
2026-09-17T01:17:51.653Z,88469,100000,2083000
2026-09-17T01:17:51.653Z,2254,52010,95980
2026-09-17T01:17:51.653Z,76375,,1000000000
2026-09-17T01:17:51.653Z,2194,2501000,6000000
2026-09-17T01:17:51.653Z,21350,180.8,1231
2026-09-17T01:17:51.653Z,2332,,97440
2026-09-17T01:17:51.653Z,33462,3704000,2590000000
2026-09-17T01:17:51.653Z,20953,30.86,1231
2026-09-17T01:17:51.653Z,20060,105800000,119600000
2026-09-17T01:17:51.653Z,85490,2309000,13920000
2026-09-17T01:17:51.653Z,2477,1001000,4000000
2026-09-17T01:17:51.653Z,2507,1000,7000000
2026-09-17T01:17:51.653Z,2509,15360,10000000
2026-09-17T01:17:51.653Z,37152,1052000000,1499000000
2026-09-17T01:17:51.653Z,2511,100100,8000000
2026-09-17T01:17:51.653Z,31681,5000,130800
2026-09-17T01:17:51.653Z,2513,5,35000
2026-09-17T01:17:51.653Z,2515,5,40000
2026-09-17T01:17:51.653Z,79841,255700000,519800000
2026-09-17T01:17:51.653Z,3256,4791000,6425000
2026-09-17T01:17:51.653Z,2517,1392,50000
2026-09-17T01:17:51.653Z,58862,5051000,44960000
2026-09-17T01:17:51.653Z,23727,1322,2739
2026-09-17T01:17:51.653Z,3998,205400000,1075000000
2026-09-17T01:17:51.653Z,14552,160900000,298100000
2026-09-17T01:17:51.653Z,46996,50000,1697000
2026-09-17T01:17:51.653Z,37250,350100000,1397000000
2026-09-17T01:17:51.653Z,1893,17010000,49900000
2026-09-17T01:17:51.653Z,53624,100100,489000000
2026-09-17T01:17:51.653Z,46884,0.01,999500
2026-09-17T01:17:51.653Z,92968,82160000,171100000
2026-09-17T01:17:51.653Z,9211,45000,54980
2026-09-17T01:17:51.653Z,3529,10,400000
2026-09-17T01:17:51.653Z,64574,277100000,2762000000
2026-09-17T01:17:51.653Z,57481,4985000,5882000
2026-09-17T01:17:51.653Z,46728,834200000,1885000000
2026-09-17T01:17:51.653Z,62224,501900000,1100000000
2026-09-17T01:17:51.653Z,49708,59320,549800
2026-09-17T01:17:51.653Z,46804,800000,4996000
2026-09-17T01:17:51.653Z,92586,76000000,181000000
2026-09-17T01:17:51.653Z,3830,,124740
2026-09-17T01:17:51.653Z,20501,109600000,119600000
2026-09-17T01:17:51.653Z,3840,50000,312420
2026-09-17T01:17:51.653Z,3978,,3000000
2026-09-17T01:17:51.653Z,49151,9001000,7086000000
2026-09-17T01:17:51.653Z,10217,90020000,97240000
2026-09-17T01:17:51.653Z,3982,50940,3200000
2026-09-17T01:17:51.653Z,88458,10000,378000
2026-09-17T01:17:51.653Z,19194,186400000,214800000
2026-09-17T01:17:51.653Z,3988,,3400000
2026-09-17T01:17:51.653Z,3994,,3600000
2026-09-17T01:17:51.653Z,18821,15170000,29690000
2026-09-17T01:17:51.653Z,31674,981800,1612000
2026-09-17T01:17:51.653Z,492,68180,292900
2026-09-17T01:17:51.653Z,85014,,1969000000
2026-09-17T01:17:51.653Z,89156,19540000,24000000
2026-09-17T01:17:51.653Z,79611,389300000,550000000
2026-09-17T01:17:51.653Z,10679,,90000
2026-09-17T01:17:51.653Z,53950,114400000,1139000000
2026-09-17T01:17:51.653Z,10837,,364640
2026-09-17T01:17:51.653Z,3228,3183000,6813000
2026-09-17T01:17:51.653Z,10839,899900,1458560
2026-09-17T01:17:51.653Z,62010,1059,399000
2026-09-17T01:17:51.653Z,57011,715000,7400000
2026-09-17T01:17:51.653Z,28410,1.37,30000
2026-09-17T01:17:51.653Z,53059,2552000,28650000
2026-09-17T01:17:51.653Z,43820,56000000,79990000
2026-09-17T01:17:51.653Z,93733,81260000,103300000
2026-09-17T01:17:51.653Z,4106,22500000,100000000
2026-09-17T01:17:51.653Z,41270,3618,10800
2026-09-17T01:17:51.653Z,11448,8079000,13890000
2026-09-17T01:17:51.653Z,42620,120500000,2000000000
2026-09-17T01:17:51.653Z,91963,1943000,2991000
2026-09-17T01:17:51.653Z,29075,57160,655900
2026-09-17T01:17:51.653Z,27230,1277000,15280000
2026-09-17T01:17:51.653Z,25279,24630,26870
2026-09-17T01:17:51.653Z,57059,1000000,1322000000
2026-09-17T01:17:51.653Z,18969,59780000,73980000
2026-09-17T01:17:51.653Z,42726,1011,1045000
2026-09-17T01:17:51.653Z,85500,512800,1381000
2026-09-17T01:17:51.653Z,83205,10000,8000000
2026-09-17T01:17:51.653Z,87469,21000000,189800000
2026-09-17T01:17:51.653Z,24556,20020000,27490000
2026-09-17T01:17:51.653Z,14946,16180000000,24990000000
2026-09-17T01:17:51.653Z,27193,637500,969000
2026-09-17T01:17:51.653Z,81020,8021000,18990000
2026-09-17T01:17:51.653Z,57063,1000000000,2556000000
2026-09-17T01:17:51.653Z,26029,24990,1308000
2026-09-17T01:17:51.653Z,20637,73010000,88100000
2026-09-17T01:17:51.653Z,57080,1100000,6997000
2026-09-17T01:17:51.653Z,27655,11320000,65000000
2026-09-17T01:17:51.653Z,55511,22500000,33300000
2026-09-17T01:17:51.653Z,40505,1057000,489500000
2026-09-17T01:17:51.653Z,54365,275400000,498300000
2026-09-17T01:17:51.653Z,24696,49530000,54430000
2026-09-17T01:17:51.653Z,23674,600000000,824100000
2026-09-17T01:17:51.653Z,28812,139300000,152900000
2026-09-17T01:17:51.653Z,34760,141200000,805000000
2026-09-17T01:17:51.653Z,27601,120100000,1189000000
2026-09-17T01:17:51.653Z,45749,17400000,34900000
2026-09-17T01:17:51.653Z,49787,10000,40000000
2026-09-17T01:17:51.653Z,20931,1002,11540
2026-09-17T01:17:51.653Z,92021,,343500
2026-09-17T01:17:51.653Z,53645,3752000,2999000000
2026-09-17T01:17:51.653Z,40469,0.01,999600000
2026-09-17T01:17:51.653Z,36785,204300000,5000000000
2026-09-17T01:17:51.653Z,60170,1500000000,2198000000
2026-09-17T01:17:51.653Z,42765,230500,2100000
2026-09-17T01:17:51.653Z,2871,1451000,1515000
2026-09-17T01:17:51.653Z,77175,100000000,139800000
2026-09-17T01:17:51.653Z,48758,48000000,597900000
2026-09-17T01:17:51.653Z,35770,1,39000
2026-09-17T01:17:51.653Z,939,10,4900000
2026-09-17T01:17:51.653Z,91965,2608000,3100000
2026-09-17T01:17:51.653Z,27641,2799000,10900000
2026-09-17T01:17:51.653Z,53964,130200000,999900000
2026-09-17T01:17:51.653Z,54444,10410000,313000000
2026-09-17T01:17:51.653Z,44264,22000,33230
2026-09-17T01:17:51.653Z,42706,100100,3579000
2026-09-17T01:17:51.653Z,20939,1343,11690
2026-09-17T01:17:51.653Z,31682,11120,322400
2026-09-17T01:17:51.653Z,33218,12000000,175000000
2026-09-17T01:17:51.653Z,34327,6005000,45000000
2026-09-17T01:17:51.653Z,74146,284500,4398000
2026-09-17T01:17:51.653Z,27097,,800000
2026-09-17T01:17:51.653Z,55523,140000,499000
2026-09-17T01:17:51.653Z,60639,77010,2976000
2026-09-17T01:17:51.653Z,95407,95000000,199300000
2026-09-17T01:17:51.653Z,48777,1.06,148000
2026-09-17T01:17:51.653Z,31122,,58000000
2026-09-17T01:17:51.653Z,93485,38000000,100000000
2026-09-17T01:17:51.653Z,17220,8115,39980
2026-09-17T01:17:51.653Z,12235,132100000,463200000
2026-09-17T01:17:51.653Z,64033,1000000,1001000
2026-09-17T01:17:51.653Z,43845,1521000,17120000
2026-09-17T01:17:51.653Z,34647,5700000,57800000
2026-09-17T01:17:51.653Z,23107,677100,987700
2026-09-17T01:17:51.653Z,91286,2300000,6940000
2026-09-17T01:17:51.653Z,14208,138300000,154400000
2026-09-17T01:17:51.653Z,88789,119800000,949800000
2026-09-17T01:17:51.653Z,52192,1.16,750000
2026-09-17T01:17:51.653Z,46917,498800,6985000
2026-09-17T01:17:51.653Z,57708,25210000000,64500000000
2026-09-17T01:17:51.653Z,2047,50000,293800
2026-09-17T01:17:51.653Z,47835,21210000,29340000
2026-09-17T01:17:51.653Z,84937,207200000,273300000
2026-09-17T01:17:51.653Z,57485,1215000,6198000
2026-09-17T01:17:51.653Z,37574,902000,16900000
2026-09-17T01:17:51.653Z,3771,130.2,90400
2026-09-17T01:17:51.653Z,46980,1802000,54000000
2026-09-17T01:17:51.653Z,45888,511000,3983000
2026-09-17T01:17:51.653Z,48772,53.09,10940000
2026-09-17T01:17:51.653Z,89659,44110000,119500000
2026-09-17T01:17:51.653Z,25337,250000,1628000
2026-09-17T01:17:51.653Z,77707,200000,200100
2026-09-17T01:17:51.653Z,62651,160000000,490000000
2026-09-17T01:17:51.653Z,45948,451500,2977000
2026-09-17T01:17:51.653Z,54164,2000000,7993000
2026-09-17T01:17:51.653Z,14640,751600000,1550000000
2026-09-17T01:17:51.653Z,34711,50000000,433600000
2026-09-17T01:17:51.653Z,49152,100000000,9745000000
2026-09-17T01:17:51.653Z,47506,503500,9496000
2026-09-17T01:17:51.653Z,12551,136100,396200
2026-09-17T01:17:51.653Z,81619,50000000,494600000
2026-09-17T01:17:51.653Z,45968,2561000,9989000
2026-09-17T01:17:51.653Z,84500,1000000,51000000
2026-09-17T01:17:51.653Z,88211,387700000,699800000
2026-09-17T01:17:51.653Z,85970,41490000,949900000
2026-09-17T01:17:51.653Z,11553,34270,40670
2026-09-17T01:17:51.653Z,11971,130600000,146200000
2026-09-17T01:17:51.653Z,19327,601300000,664600000
2026-09-17T01:17:51.653Z,37818,8734000000,13790000000
2026-09-17T01:17:51.653Z,17206,500.1,5690
2026-09-17T01:17:51.653Z,33217,240000,50000000
2026-09-17T01:17:51.653Z,73468,0.01,4300000
2026-09-17T01:17:51.653Z,9899,7503000,8142000
2026-09-17T01:17:51.653Z,60659,200000,1100000
2026-09-17T01:17:51.653Z,81047,210700000,219000000
2026-09-17T01:17:51.653Z,31380,237500000,257000000
2026-09-17T01:17:51.653Z,15755,100400000,135300000
2026-09-17T01:17:51.653Z,83063,20000,287800
2026-09-17T01:17:51.653Z,49148,56010000,1700000000
2026-09-17T01:17:51.653Z,89693,430000000,587800000
2026-09-17T01:17:51.653Z,47362,132100000,190700000
2026-09-17T01:17:51.653Z,54948,10,520000
2026-09-17T01:17:51.653Z,1228,18.84,20.9
2026-09-17T01:17:51.653Z,1951,5430,3130000
2026-09-17T01:17:51.653Z,33362,11400,11660
2026-09-17T01:17:51.653Z,56714,237100,617800
2026-09-17T01:17:51.653Z,82586,18020000,174800000
2026-09-17T01:17:51.653Z,47913,9048000,17900000
2026-09-17T01:17:51.653Z,19251,19800000,51930000
2026-09-17T01:17:51.653Z,55356,500,66100
2026-09-17T01:17:51.653Z,47803,890000,1346000
2026-09-17T01:17:51.653Z,31784,156000,1393000
2026-09-17T01:17:51.653Z,81012,349900000,688200000
2026-09-17T01:17:51.653Z,34733,6117000,28900000
2026-09-17T01:17:51.653Z,11360,1200,1329000
2026-09-17T01:17:51.653Z,28438,168300,168400
2026-09-17T01:17:51.653Z,55651,1000,99990
2026-09-17T01:17:51.653Z,13244,15250000,16940000
2026-09-17T01:17:51.653Z,45516,570100000,697900000
2026-09-17T01:17:51.653Z,20057,251,1000
2026-09-17T01:17:51.653Z,45603,30460000,35270000
2026-09-17T01:17:51.653Z,27609,624400000,1187000000
2026-09-17T01:17:51.653Z,3302,502.1,29900
2026-09-17T01:17:51.653Z,45656,,13000000
2026-09-17T01:17:51.653Z,32444,44000000,84470000
2026-09-17T01:17:51.653Z,32919,3173000000,3793000000
2026-09-17T01:17:51.653Z,46558,2222,2680000000
2026-09-17T01:17:51.653Z,42906,3600000,7000000
2026-09-17T01:17:51.653Z,45765,167000,2610000
2026-09-17T01:17:51.653Z,2180,5327,9996
2026-09-17T01:17:51.653Z,46148,5993000,59000000
2026-09-17T01:17:51.653Z,82185,52460000,149900000
2026-09-17T01:17:51.653Z,95527,429500000,841600000
2026-09-17T01:17:51.653Z,29993,,13000000
2026-09-17T01:17:51.653Z,78405,171300000,600000000
2026-09-17T01:17:51.653Z,33786,132400000,987600000
2026-09-17T01:17:51.653Z,59232,319000000,10890000000
2026-09-17T01:17:51.653Z,44122,3000,624000
2026-09-17T01:17:51.653Z,27377,1516,1680
2026-09-17T01:17:51.653Z,87710,20350000,155000000
2026-09-17T01:17:51.653Z,85650,100100000,1000000000
2026-09-17T01:17:51.653Z,53438,2125000,2280000000
2026-09-17T01:17:51.653Z,58829,170000,299400
2026-09-17T01:17:51.653Z,1240,369200,2649000
2026-09-17T01:17:51.653Z,88179,187000000,3200000000
2026-09-17T01:17:51.653Z,88711,251700000,295000000
2026-09-17T01:17:51.653Z,46296,505,195000
2026-09-17T01:17:51.653Z,19113,31180000,42660000
2026-09-17T01:17:51.653Z,46801,128100,3595000
2026-09-17T01:17:51.653Z,41100,12170000,100000000
2026-09-17T01:17:51.653Z,22931,31860000,58270000
2026-09-17T01:17:51.653Z,82066,22570000,59000000
2026-09-17T01:17:51.653Z,36441,4000000,2789000000
2026-09-17T01:17:51.653Z,42702,501000,2249000
2026-09-17T01:17:51.653Z,34616,168100000,1670000000
2026-09-17T01:17:51.653Z,44141,0.01,1144000
2026-09-17T01:17:51.653Z,17366,11610,25000
2026-09-17T01:17:51.653Z,45908,1003000,7765000
2026-09-17T01:17:51.653Z,42747,220000,1180000
2026-09-17T01:17:51.653Z,40625,370000000,3700000000
2026-09-17T01:17:51.653Z,45953,2001000,6996000
2026-09-17T01:17:51.653Z,73789,19510000,20660000
2026-09-17T01:17:51.653Z,85023,4910000000,5995000000
2026-09-17T01:17:51.653Z,84108,750000000,1640000000
2026-09-17T01:17:51.653Z,33976,401600000,497100000
2026-09-17T01:17:51.653Z,40773,28560000,288300000
2026-09-17T01:17:51.653Z,41043,215400000,405400000
2026-09-17T01:17:51.653Z,36838,39010000,290000000
2026-09-17T01:17:51.653Z,55620,1,12490
2026-09-17T01:17:51.653Z,35941,7010000,11810000
2026-09-17T01:17:51.653Z,82439,150800,433900
2026-09-17T01:17:51.653Z,31388,0.1,839600
2026-09-17T01:17:51.653Z,31578,160200,29990000
2026-09-17T01:17:51.653Z,43834,20000000,300000000
2026-09-17T01:17:51.653Z,7621,25060,178300
2026-09-17T01:17:51.653Z,48498,1125000,67940000
2026-09-17T01:17:51.653Z,41287,1867,9797
2026-09-17T01:17:51.653Z,26294,74260000,82510000
2026-09-17T01:17:51.653Z,31414,21070000,23260000
2026-09-17T01:17:51.653Z,40365,7010000,14980000
2026-09-17T01:17:51.653Z,31632,113100,264400
2026-09-17T01:17:51.653Z,46882,50000,1249000
2026-09-17T01:17:51.653Z,45563,1000000,208200000
2026-09-17T01:17:51.653Z,53314,675600000,6550000000
2026-09-17T01:17:51.653Z,62373,355000000,2355000000
2026-09-17T01:17:51.653Z,88777,40300,6548000
2026-09-17T01:17:51.653Z,31656,5210,64440
2026-09-17T01:17:51.653Z,88669,120000,810000
2026-09-17T01:17:51.653Z,31397,10000,785000
2026-09-17T01:17:51.653Z,35841,864800000,1140000000
2026-09-17T01:17:51.653Z,48220,1105000,69490000
2026-09-17T01:17:51.653Z,33756,20000000,57670000
2026-09-17T01:17:51.653Z,35940,23550000,28320000
2026-09-17T01:17:51.653Z,43893,100100000,122000000
2026-09-17T01:17:51.653Z,31599,5000,225000
2026-09-17T01:17:51.653Z,85692,1555000,50000000
2026-09-17T01:17:51.653Z,27383,121.1,245.2
2026-09-17T01:17:51.653Z,3108,194200,45000000
2026-09-17T01:17:51.653Z,76209,0.01,779100
2026-09-17T01:17:51.653Z,92791,10000000,250000000
2026-09-17T01:17:51.653Z,44121,1001,250000
2026-09-17T01:17:51.653Z,1244,22980,87890
2026-09-17T01:17:51.653Z,29618,6789,12960
2026-09-17T01:17:51.653Z,48486,2.02,87110000
2026-09-17T01:17:51.653Z,3393,3013,37900
2026-09-17T01:17:51.653Z,47368,5240000,48990000
2026-09-17T01:17:51.653Z,41392,,65000000
2026-09-17T01:17:51.653Z,53140,25380000,98880000
2026-09-17T01:17:51.653Z,33036,100000,2000000
2026-09-17T01:17:51.653Z,53036,14070000,87990000
2026-09-17T01:17:51.653Z,84168,380000,2345000
2026-09-17T01:17:51.653Z,46953,3001,605000
2026-09-17T01:17:51.653Z,22542,16600,29680
2026-09-17T01:17:51.653Z,28374,9000000,1082000000
2026-09-17T01:17:51.653Z,55639,25.01,44990
2026-09-17T01:17:51.653Z,76957,833000000,2400000000
2026-09-17T01:17:51.653Z,71731,51070000,404300000
2026-09-17T01:17:51.653Z,31163,26830000,29340000
2026-09-17T01:17:51.653Z,95452,55010000,500000000
2026-09-17T01:17:51.653Z,85031,99170000,550000000
2026-09-17T01:17:51.653Z,89656,42000000,179000000
2026-09-17T01:17:51.653Z,82340,80000,878300
2026-09-17T01:17:51.653Z,42188,11280000,399100000
2026-09-17T01:17:51.653Z,40673,,50000000
2026-09-17T01:17:51.653Z,14690,11930000000,16300000000
2026-09-17T01:17:51.653Z,62499,1642,10000
2026-09-17T01:17:51.653Z,59187,4083,1493000
2026-09-17T01:17:51.653Z,31448,960100,994700
2026-09-17T01:17:51.653Z,83341,10000,195700
2026-09-17T01:17:51.653Z,47538,1008000000,3740000000
2026-09-17T01:17:51.653Z,48366,2709000,1644000000
2026-09-17T01:17:51.653Z,24473,23.32,72.71
2026-09-17T01:17:51.653Z,95543,2229000,4950000
2026-09-17T01:17:51.653Z,52573,40000000,400000000
2026-09-17T01:17:51.653Z,20205,312000000,982000000
2026-09-17T01:17:51.653Z,85441,1139000,3450000
2026-09-17T01:17:51.653Z,18815,2790000,3870000
2026-09-17T01:17:51.653Z,52583,135000000,1290000000
2026-09-17T01:17:51.653Z,46791,535600,5275000
2026-09-17T01:17:51.653Z,83262,10000,245000
2026-09-17T01:17:51.653Z,52588,151000000,1500000000
2026-09-17T01:17:51.653Z,55348,500,98610
2026-09-17T01:17:51.653Z,48368,405800000,1976000000
2026-09-17T01:17:51.653Z,33019,1010000,8000000
2026-09-17T01:17:51.653Z,14421,10660000,232800000
2026-09-17T01:17:51.653Z,88229,157600000,455700000
2026-09-17T01:17:51.653Z,14528,3772000000,4798000000
2026-09-17T01:17:51.653Z,33710,1561000,2439000
2026-09-17T01:17:51.653Z,93346,110000000,140000000
2026-09-17T01:17:51.653Z,49750,125700000,1190000000
2026-09-17T01:17:51.653Z,9093,3006,49000
2026-09-17T01:17:51.653Z,52704,300000000,1042000000
2026-09-17T01:17:51.653Z,47120,31540000,100400000
2026-09-17T01:17:51.653Z,6805,20060,98970
2026-09-17T01:17:51.653Z,29065,103100,492600
2026-09-17T01:17:51.653Z,88633,180100,9000000
2026-09-17T01:17:51.653Z,93698,225000000,990000000
2026-09-17T01:17:51.653Z,50138,17000,35820
2026-09-17T01:17:51.653Z,45665,10010000,700000000
2026-09-17T01:17:51.653Z,4347,1238000000,1337000000
2026-09-17T01:17:51.653Z,47495,28110,1488000
2026-09-17T01:17:51.653Z,55316,220000,986100
2026-09-17T01:17:51.653Z,45917,29000,21000000
2026-09-17T01:17:51.653Z,94056,254600000,280000000
2026-09-17T01:17:51.653Z,92990,820000,95800000
2026-09-17T01:17:51.653Z,93741,125800000,188900000
2026-09-17T01:17:51.653Z,52576,65000000,499600000
2026-09-17T01:17:51.653Z,15613,301600,331900
2026-09-17T01:17:51.653Z,44101,40480000,648800000
2026-09-17T01:17:51.653Z,96042,4101000,8378000
2026-09-17T01:17:51.653Z,44995,381000000,424400000
2026-09-17T01:17:51.653Z,47031,13260000,81020000
2026-09-17T01:17:51.653Z,92985,3000000,44990000
2026-09-17T01:17:51.653Z,89707,390000000,980000000
2026-09-17T01:17:51.653Z,20869,411600,1409000
2026-09-17T01:17:51.653Z,37895,10000,357000
2026-09-17T01:17:51.653Z,52578,100000000,999900000
2026-09-17T01:17:51.653Z,92799,12020000,2556000000
2026-09-17T01:17:51.653Z,31267,0.02,58000000
2026-09-17T01:17:51.653Z,46527,91600000,440000000
2026-09-17T01:17:51.653Z,88683,300000,3294000
2026-09-17T01:17:51.653Z,15256,2824000,200000000
2026-09-17T01:17:51.653Z,41487,2098000000,2490000000
2026-09-17T01:17:51.653Z,70847,270100000,444500000
2026-09-17T01:17:51.653Z,31445,,1719000
2026-09-17T01:17:51.653Z,48774,1.06,149000
2026-09-17T01:17:51.653Z,92590,120000000,199800000
2026-09-17T01:17:51.653Z,85672,12590000,50000000
2026-09-17T01:17:51.653Z,61876,2000000,31370000
2026-09-17T01:17:51.653Z,55757,157000,800000
2026-09-17T01:17:51.653Z,52587,100000000,979200000
2026-09-17T01:17:51.653Z,60299,108100,497900
2026-09-17T01:17:51.653Z,31000,,2750000
2026-09-17T01:17:51.653Z,31582,2247000,12650000
2026-09-17T01:17:51.653Z,209,51.15,63.97
2026-09-17T01:17:51.653Z,45521,200200000,450000000
2026-09-17T01:17:51.653Z,23035,617.7,1198
2026-09-17T01:17:51.653Z,18905,78180000,122700000
2026-09-17T01:17:51.653Z,79731,29100000,63350000
2026-09-17T01:17:51.653Z,52577,1034000,748200000
2026-09-17T01:17:51.653Z,34797,53000000,311700000
2026-09-17T01:17:51.653Z,43763,50340,4438000
2026-09-17T01:17:51.653Z,41138,12450000,247900000
2026-09-17T01:17:51.653Z,79742,34270000,289000000
2026-09-17T01:17:51.653Z,77174,73020000,279800000
2026-09-17T01:17:51.653Z,46099,889900,999000000
2026-09-17T01:17:51.653Z,82182,360500000,478900000
2026-09-17T01:17:51.653Z,88581,20000,600000
2026-09-17T01:17:51.653Z,40737,765600000,995100000
2026-09-17T01:17:51.653Z,52586,70000000,700000000
2026-09-17T01:17:51.653Z,40482,101000,297000000
2026-09-17T01:17:51.653Z,42888,500000,11990000
2026-09-17T01:17:51.653Z,85847,340000,1639000
2026-09-17T01:17:51.653Z,82361,10000,74970000
2026-09-17T01:17:51.653Z,48369,300000000,2988000000
2026-09-17T01:17:51.653Z,59809,7517000,737700000
2026-09-17T01:17:51.653Z,14385,32030000,36990000000
2026-09-17T01:17:51.653Z,3814,34.84,36
2026-09-17T01:17:51.653Z,32865,,1399000
2026-09-17T01:17:51.653Z,21536,11130000,26270000
2026-09-17T01:17:51.653Z,55626,11550,259000
2026-09-17T01:17:51.653Z,46815,11040,5026000
2026-09-17T01:17:51.653Z,87954,146900000,450000000
2026-09-17T01:17:51.653Z,34594,,260000000
2026-09-17T01:17:51.653Z,3453,20.02,30000
2026-09-17T01:17:51.653Z,53846,,88530000
2026-09-17T01:17:51.653Z,13001,1293000,1590000
2026-09-17T01:17:51.653Z,41403,17040000,31500000
2026-09-17T01:17:51.653Z,11690,19200,20040
2026-09-17T01:17:51.653Z,48650,401300000,898800000
2026-09-17T01:17:51.653Z,52581,70000000,600000000
2026-09-17T01:17:51.653Z,3451,4601,94000
2026-09-17T01:17:51.653Z,47064,10010,17750000
2026-09-17T01:17:51.653Z,47962,2609000,158000000
2026-09-17T01:17:51.653Z,37888,600000,1200000
2026-09-17T01:17:51.653Z,60572,25090000,185500000
2026-09-17T01:17:51.653Z,44906,2032000,22480000
2026-09-17T01:17:51.653Z,87767,1401000,6875000
2026-09-17T01:17:51.653Z,41206,8001000,7986000000
2026-09-17T01:17:51.653Z,49984,0.01,843800
2026-09-17T01:17:51.653Z,87829,260100,1492000
2026-09-17T01:17:51.653Z,49985,166700,1499000
2026-09-17T01:17:51.653Z,95416,240000,2890000
2026-09-17T01:17:51.653Z,58828,1398000,1400000000
2026-09-17T01:17:51.653Z,94014,,3000000000
2026-09-17T01:17:51.653Z,95411,880000,3480000
2026-09-17T01:17:51.653Z,60167,36280000,399700000
2026-09-17T01:17:51.653Z,83291,1000,48890
2026-09-17T01:17:51.653Z,11265,5018000,7922000
2026-09-17T01:17:51.653Z,40527,0.01,36000000
2026-09-17T01:17:51.653Z,59408,1140000,3698000
2026-09-17T01:17:51.653Z,15655,58730,8930000
2026-09-17T01:17:51.653Z,3255,308400000,592700000
2026-09-17T01:17:51.653Z,27636,2514000,35520000
2026-09-17T01:17:51.653Z,11555,28110,31700
2026-09-17T01:17:51.653Z,23526,1021000,17000000
2026-09-17T01:17:51.653Z,64594,10000000,2500000000
2026-09-17T01:17:51.653Z,32931,201400000,884300000
2026-09-17T01:17:51.653Z,85008,170700000,1343000000
2026-09-17T01:17:51.653Z,54403,300800000,446900000
2026-09-17T01:17:51.653Z,28788,102300000,115400000
2026-09-17T01:17:51.653Z,19766,1000,828600
2026-09-17T01:17:51.653Z,17670,,1495
2026-09-17T01:17:51.653Z,44918,1000,27900000
2026-09-17T01:17:51.653Z,34050,173100000,1299000000
2026-09-17T01:17:51.653Z,45009,115600000,125400000
2026-09-17T01:17:51.653Z,52310,53480,53500
2026-09-17T01:17:51.653Z,49645,550000,1332000
2026-09-17T01:17:51.653Z,41116,51150000,121000000
2026-09-17T01:17:51.653Z,34396,5749000,6033000
2026-09-17T01:17:51.653Z,28684,903500,1359000
2026-09-17T01:17:51.653Z,31744,0.01,4999000
2026-09-17T01:17:51.653Z,47293,1413000,985600000
2026-09-17T01:17:51.653Z,64268,54310000,117300000
2026-09-17T01:17:51.653Z,47161,1833000,209100000
2026-09-17T01:17:51.653Z,2021,,29970000
2026-09-17T01:17:51.653Z,15478,15250000,17800000
2026-09-17T01:17:51.653Z,2203,3104,3379
2026-09-17T01:17:51.653Z,11217,50000,148000
2026-09-17T01:17:51.653Z,45958,4200000,12190000
2026-09-17T01:17:51.653Z,61198,111200,499500
2026-09-17T01:17:51.653Z,15006,2468000,240900000
2026-09-17T01:17:51.653Z,95540,432400,2199000
2026-09-17T01:17:51.653Z,15058,700500,275000000
2026-09-17T01:17:51.653Z,31277,10000,785000
2026-09-17T01:17:51.653Z,92991,3400000,9900000
2026-09-17T01:17:51.653Z,18859,34000000,36780000
2026-09-17T01:17:51.653Z,33406,244300000,287100000
2026-09-17T01:17:51.653Z,14972,300000,150000000
2026-09-17T01:17:51.653Z,17500,50580000,56250000
2026-09-17T01:17:51.653Z,37166,2076000000,2897000000
2026-09-17T01:17:51.653Z,46820,66670,1749000
2026-09-17T01:17:51.653Z,3201,190800000,398600000
2026-09-17T01:17:51.653Z,33733,620100000,1108000000
2026-09-17T01:17:51.653Z,2863,26040000,29910000
2026-09-17T01:17:51.653Z,61206,50220,547100
2026-09-17T01:17:51.653Z,34426,1601000,1602000
2026-09-17T01:17:51.653Z,27103,100000,288900
2026-09-17T01:17:51.653Z,52705,9899000,1438000000
2026-09-17T01:17:51.653Z,11548,105000,108700
2026-09-17T01:17:51.653Z,33744,143200000,377900000
2026-09-17T01:17:51.653Z,31292,653000,1016000
2026-09-17T01:17:51.653Z,43783,71080000,128900000
2026-09-17T01:17:51.653Z,73455,50010000,97780000
2026-09-17T01:17:51.653Z,91923,2500000,19790000
2026-09-17T01:17:51.653Z,73459,300000,1400000
2026-09-17T01:17:51.653Z,45625,24060000,24090000
2026-09-17T01:17:51.653Z,43848,51240000,131900000
2026-09-17T01:17:51.653Z,57489,18000000000,20240000000
2026-09-17T01:17:51.653Z,31494,111000,109900000
2026-09-17T01:17:51.653Z,83060,20000,499900
2026-09-17T01:17:51.653Z,54921,4000000,2075000000
2026-09-17T01:17:51.653Z,82380,10000,890000
2026-09-17T01:17:51.653Z,3151,81000000,592900000
2026-09-17T01:17:51.653Z,46876,75010,4939000
2026-09-17T01:17:51.653Z,27769,3001000,24000000
2026-09-17T01:17:51.653Z,53953,104100000,3499000000
2026-09-17T01:17:51.653Z,23039,545.3,713.3
2026-09-17T01:17:51.653Z,21486,9008000,22980000
2026-09-17T01:17:51.653Z,4180,20430000,66270000
2026-09-17T01:17:51.653Z,43806,,100000000
2026-09-17T01:17:51.653Z,54231,195300000,400000000
2026-09-17T01:17:51.653Z,41413,35030000,59000000
2026-09-17T01:17:51.653Z,17402,6015000,11960000
2026-09-17T01:17:51.653Z,45567,,249700000
2026-09-17T01:17:51.653Z,91920,1460000,3830000
2026-09-17T01:17:51.653Z,27673,10050000,74800000
2026-09-17T01:17:51.653Z,82370,10000,728800
2026-09-17T01:17:51.653Z,22110,114600000,127500000
2026-09-17T01:17:51.653Z,19145,96950000,118500000
2026-09-17T01:17:51.653Z,50074,1005000,12500000000
2026-09-17T01:17:51.653Z,22117,112600,21990000
2026-09-17T01:17:51.653Z,31768,,5999000
2026-09-17T01:17:51.653Z,14834,908300000,1300000000
2026-09-17T01:17:51.653Z,45576,0.01,189700000
2026-09-17T01:17:51.653Z,45885,285500,9996000
2026-09-17T01:17:51.653Z,93353,32000000,138900000
2026-09-17T01:17:51.653Z,46868,275600,3296000
2026-09-17T01:17:51.653Z,33062,1410000,3999000
2026-09-17T01:17:51.653Z,89241,25400,118800
2026-09-17T01:17:51.653Z,20635,1800000,5751000
2026-09-17T01:17:51.653Z,46689,20,194
2026-09-17T01:17:51.653Z,11443,806400,5800000
2026-09-17T01:17:51.653Z,88474,10000,385800
2026-09-17T01:17:51.653Z,34593,20050000,25000000
2026-09-17T01:17:51.653Z,46951,250500,4896000
2026-09-17T01:17:51.653Z,82464,10000,688600
2026-09-17T01:17:51.653Z,88174,1.01,100000
2026-09-17T01:17:51.653Z,84967,6257000,8750000000
2026-09-17T01:17:51.653Z,18662,60390000,99860000
2026-09-17T01:17:51.653Z,75287,4000,4400
2026-09-17T01:17:51.653Z,24640,111300000,118500000
2026-09-17T01:17:51.653Z,1317,1923,4000
2026-09-17T01:17:51.653Z,27082,303000,638900
2026-09-17T01:17:51.653Z,14702,115000000,735000000
2026-09-17T01:17:51.653Z,56712,100000,18820000
2026-09-17T01:17:51.653Z,88173,,5000
2026-09-17T01:17:51.653Z,7253,15500,75000
2026-09-17T01:17:51.653Z,14744,20000000,1378000000
2026-09-17T01:17:51.653Z,59633,30720000,66760000
2026-09-17T01:17:51.653Z,12225,102500,793300
2026-09-17T01:17:51.653Z,31482,200000,120000000
2026-09-17T01:17:51.653Z,44213,1800000,15600000
2026-09-17T01:17:51.653Z,88470,20000,104900
2026-09-17T01:17:51.653Z,15288,3193000000,3482000000
2026-09-17T01:17:51.653Z,36787,110000000,1100000000
2026-09-17T01:17:51.653Z,79714,371100,9082000
2026-09-17T01:17:51.653Z,3188,53680000,119700000
2026-09-17T01:17:51.653Z,49824,5500000,6000000000
2026-09-17T01:17:51.653Z,14429,2278000,1692000000
2026-09-17T01:17:51.653Z,60918,500000,2981000
2026-09-17T01:17:51.653Z,20789,111.9,1485
2026-09-17T01:17:51.653Z,34748,1011000,6000000
2026-09-17T01:17:51.653Z,52681,45160000,66720000
2026-09-17T01:17:51.653Z,24637,111400000,121600000
2026-09-17T01:17:51.653Z,27128,40000,100000000
2026-09-17T01:17:51.653Z,48487,2018000,26500000
2026-09-17T01:17:51.653Z,42743,28010,1885000
2026-09-17T01:17:51.653Z,85727,,4898000
2026-09-17T01:17:51.653Z,33456,123000000,2189000000
2026-09-17T01:17:51.653Z,56958,350500000,500000000
2026-09-17T01:17:51.653Z,88671,1000,350000
2026-09-17T01:17:51.653Z,94058,1021000,34800000
2026-09-17T01:17:51.653Z,46906,25000,1762000
2026-09-17T01:17:51.653Z,42748,13510,300000
2026-09-17T01:17:51.653Z,85507,131300000,219500000
2026-09-17T01:17:51.653Z,17680,0.01,1175000
2026-09-17T01:17:51.653Z,85406,3400000,4445000
2026-09-17T01:17:51.653Z,52919,259100000,324000000
2026-09-17T01:17:51.653Z,92663,50010000,166300000
2026-09-17T01:17:51.653Z,52299,811100,4527000
2026-09-17T01:17:51.653Z,54431,200000000,5199000000
2026-09-17T01:17:51.653Z,14520,1452000000,2177000000
2026-09-17T01:17:51.653Z,46226,730000,9996000
2026-09-17T01:17:51.653Z,14683,610400000,10490000000
2026-09-17T01:17:51.653Z,37307,181300000,217500000
2026-09-17T01:17:51.653Z,15701,100.1,899900
2026-09-17T01:17:51.653Z,90648,20000,360100
2026-09-17T01:17:51.653Z,87785,54000000,73900000
2026-09-17T01:17:51.653Z,88600,1000000,10000000
2026-09-17T01:17:51.653Z,88684,18000000,44830000
2026-09-17T01:17:51.653Z,14393,251600,372300000
2026-09-17T01:17:51.653Z,41313,,198000000
2026-09-17T01:17:51.653Z,55517,50000,4318000
2026-09-17T01:17:51.653Z,45780,321400,17140000
2026-09-17T01:17:51.653Z,44923,3094000,18840000
2026-09-17T01:17:51.653Z,52426,185700000,1870000000
2026-09-17T01:17:51.653Z,22909,978800,9983000
2026-09-17T01:17:51.653Z,90615,166700,6660000
2026-09-17T01:17:51.653Z,3431,501.2,125000
2026-09-17T01:17:51.653Z,88624,20000,238200
2026-09-17T01:17:51.653Z,46931,10510,3996000
2026-09-17T01:17:51.653Z,3987,553400,722500
2026-09-17T01:17:51.653Z,43921,991600000,1497000000
2026-09-17T01:17:51.653Z,76955,300000000,2900000000
2026-09-17T01:17:51.653Z,19723,1216000000,1942000000
2026-09-17T01:17:51.653Z,57170,515000,10480000
2026-09-17T01:17:51.653Z,43865,391600000,440000000
2026-09-17T01:17:51.653Z,23147,11000,62530
2026-09-17T01:17:51.653Z,46941,410400,4987000
2026-09-17T01:17:51.653Z,47823,406200,986600
2026-09-17T01:17:51.653Z,55614,1,224700
2026-09-17T01:17:51.653Z,81603,15110000,17230000
2026-09-17T01:17:51.653Z,48181,13340000,2000000000
2026-09-17T01:17:51.653Z,83333,,5000000
2026-09-17T01:17:51.653Z,43856,290300000,475000000
2026-09-17T01:17:51.653Z,78774,101000,1200000
2026-09-17T01:17:51.653Z,41051,240300000,538900000
2026-09-17T01:17:51.653Z,42736,30000000,176700000
2026-09-17T01:17:51.653Z,78920,63620000,950400000
2026-09-17T01:17:51.653Z,3477,72470000,97710000
2026-09-17T01:17:51.653Z,34620,225100000,1249000000
2026-09-17T01:17:51.653Z,27790,314200000,1424000000
2026-09-17T01:17:51.653Z,34695,100000000,998000000
2026-09-17T01:17:51.653Z,20757,75,286.6
2026-09-17T01:17:51.653Z,90605,10100,54200
2026-09-17T01:17:51.653Z,88485,40000,489600
2026-09-17T01:17:51.653Z,26930,,5999000
2026-09-17T01:17:51.653Z,62382,79470,84450
2026-09-17T01:17:51.653Z,84970,205000000,634300000
2026-09-17T01:17:51.653Z,63201,70000000,800000000
2026-09-17T01:17:51.653Z,61861,80850,5871000
2026-09-17T01:17:51.653Z,42196,1500000,3495000
2026-09-17T01:17:51.653Z,3282,237600,180000000
2026-09-17T01:17:51.653Z,85740,55240000,116300000
2026-09-17T01:17:51.653Z,45962,115000,7991000
2026-09-17T01:17:51.653Z,48164,53760000,2400000000
2026-09-17T01:17:51.653Z,37217,224000000,499700000
2026-09-17T01:17:51.653Z,45980,10120000,192200000
2026-09-17T01:17:51.653Z,15070,503000,200000000
2026-09-17T01:17:51.653Z,3437,1005,58900
2026-09-17T01:17:51.653Z,48544,225000000,489600000
2026-09-17T01:17:51.653Z,47364,41100000,80000000
2026-09-17T01:17:51.653Z,27125,601,499900
2026-09-17T01:17:51.653Z,46531,100000000,3780000000
2026-09-17T01:17:51.653Z,27232,202500,57990000
2026-09-17T01:17:51.653Z,47135,13140000,50380000
2026-09-17T01:17:51.653Z,46984,267400,8175000
2026-09-17T01:17:51.653Z,45480,316200000,7451000000
2026-09-17T01:17:51.653Z,90521,210,11000
2026-09-17T01:17:51.653Z,56932,,470900000
2026-09-17T01:17:51.653Z,31121,4024000,6700000
2026-09-17T01:17:51.653Z,41525,58730000,71340000
2026-09-17T01:17:51.653Z,33955,50640000,62990000
2026-09-17T01:17:51.653Z,62472,231.2,2800
2026-09-17T01:17:51.653Z,62471,901.1,1990
2026-09-17T01:17:51.653Z,21012,,1530000000
2026-09-17T01:17:51.653Z,62508,11300,15980
2026-09-17T01:17:51.653Z,15659,1216,467700
2026-09-17T01:17:51.653Z,17477,1000000000,2157000000
2026-09-17T01:17:51.653Z,62507,9842,13960
2026-09-17T01:17:51.653Z,47627,7106000,79990000
2026-09-17T01:17:51.653Z,78923,57200000,233900000
2026-09-17T01:17:51.653Z,95458,28600000,250200000
2026-09-17T01:17:51.653Z,52401,60000000,319900000
2026-09-17T01:17:51.653Z,95647,109100,1200000
2026-09-17T01:17:51.653Z,26386,382900,3996000
2026-09-17T01:17:51.653Z,13888,8667000,13660000
2026-09-17T01:17:51.653Z,48928,,3000000000
2026-09-17T01:17:51.653Z,19416,40150000,41750000
2026-09-17T01:17:51.653Z,16247,68020000,89720000
2026-09-17T01:17:51.653Z,14274,27830,40000
2026-09-17T01:17:51.653Z,63683,11750000,388000000
2026-09-17T01:17:51.653Z,14778,797200000,1407000000
2026-09-17T01:17:51.653Z,63705,65000000,95010000
2026-09-17T01:17:51.653Z,63706,,97560000
2026-09-17T01:17:51.653Z,42214,536900000,609800000
2026-09-17T01:17:51.653Z,33029,511000,10000000
2026-09-17T01:17:51.653Z,17459,23.15,29.19
2026-09-17T01:17:51.653Z,45640,25000000,396000000
2026-09-17T01:17:51.653Z,31750,70000,61990000
2026-09-17T01:17:51.653Z,19970,1.04,1.05
2026-09-17T01:17:51.653Z,63692,9209000,434600000
2026-09-17T01:17:51.653Z,14759,1100000000,1590000000
2026-09-17T01:17:51.653Z,25338,456000,739800
2026-09-17T01:17:51.653Z,25242,85010,94800
2026-09-17T01:17:51.653Z,25330,58470,154000
2026-09-17T01:17:51.653Z,25334,32120,78300
2026-09-17T01:17:51.653Z,25342,852200,3484000
2026-09-17T01:17:51.653Z,3429,500.3,133000
2026-09-17T01:17:51.653Z,27577,2000000,18000000
2026-09-17T01:17:51.653Z,36650,10260000,68890000
2026-09-17T01:17:51.653Z,57208,11010000,20310000
2026-09-17T01:17:51.653Z,84077,2720000,89000000
2026-09-17T01:17:51.653Z,85149,48330000,69920000
2026-09-17T01:17:51.653Z,34427,302300,669000
2026-09-17T01:17:51.653Z,27788,565300000,1000000000
2026-09-17T01:17:51.653Z,4157,25100000,485000000
2026-09-17T01:17:51.653Z,87838,8819000,53990000
2026-09-17T01:17:51.653Z,78823,13500000,99630000
2026-09-17T01:17:51.653Z,45481,28710000,12500000000
2026-09-17T01:17:51.653Z,3183,551000000,671000000
2026-09-17T01:17:51.653Z,42593,41000000,199600000
2026-09-17T01:17:51.653Z,42595,21000000,109700000
2026-09-17T01:17:51.653Z,42543,11000000,88000000
2026-09-17T01:17:51.653Z,42556,11000000,359900000
2026-09-17T01:17:51.653Z,42579,51000000,199900000
2026-09-17T01:17:51.653Z,42599,81000000,309700000
2026-09-17T01:17:51.653Z,1245,5000,325000
2026-09-17T01:17:51.653Z,3248,22000000,83940000
2026-09-17T01:17:51.653Z,43876,358800000,383000000
2026-09-17T01:17:51.653Z,37808,570000000,12500000000
2026-09-17T01:17:51.653Z,49819,502700000,7394000000
2026-09-17T01:17:51.653Z,41475,132400,129700000
2026-09-17T01:17:51.653Z,33026,50000,6800000
2026-09-17T01:17:51.653Z,55569,569.1,109500
2026-09-17T01:17:51.653Z,26890,7447000,9766000
2026-09-17T01:17:51.653Z,3097,30100000,99990000
2026-09-17T01:17:51.653Z,53491,575000,8489000
2026-09-17T01:17:51.653Z,84690,222700000,3799000000
2026-09-17T01:17:51.653Z,17850,4310000,8410000
2026-09-17T01:17:51.653Z,34645,75000000,2499000000
2026-09-17T01:17:51.653Z,46975,1055000,9441000
2026-09-17T01:17:51.653Z,93663,340000000,880100000
2026-09-17T01:17:51.653Z,19921,158.5,6000
2026-09-17T01:17:51.653Z,52883,101100,599000000
2026-09-17T01:17:51.653Z,88786,,1200000000
2026-09-17T01:17:51.653Z,34178,18600000,60000000
2026-09-17T01:17:51.653Z,33898,6601000,9933000
2026-09-17T01:17:51.653Z,25341,122000,299500
2026-09-17T01:17:51.653Z,583,359800,440400
2026-09-17T01:17:51.653Z,91387,,998500
2026-09-17T01:17:51.653Z,90281,0.03,60000000
2026-09-17T01:17:51.653Z,18700,70980000,125500000
2026-09-17T01:17:51.653Z,10213,90560000,97260000
2026-09-17T01:17:51.653Z,3436,109,30000
2026-09-17T01:17:51.653Z,90276,0.03,60000000
2026-09-17T01:17:51.653Z,3206,1832000,5987000
2026-09-17T01:17:51.653Z,23829,18610000,26000000
2026-09-17T01:17:51.653Z,47839,186500000,271400000
2026-09-17T01:17:51.653Z,15806,81840000,98570000
2026-09-17T01:17:51.653Z,87772,280000000,699900000
2026-09-17T01:17:51.653Z,74536,2500,6224
2026-09-17T01:17:51.653Z,28430,900,1450
2026-09-17T01:17:51.653Z,20055,21.12,819.9
2026-09-17T01:17:51.653Z,42587,111000000,256200000
2026-09-17T01:17:51.653Z,40503,,499900000
2026-09-17T01:17:51.653Z,55593,5000,88990
2026-09-17T01:17:51.653Z,41128,15100000,149700000
2026-09-17T01:17:51.653Z,54194,92080,123500000
2026-09-17T01:17:51.653Z,495,210100,1665000
2026-09-17T01:17:51.653Z,4167,40440000,90000000
2026-09-17T01:17:51.653Z,74158,6207000,69600000
2026-09-17T01:17:51.653Z,84965,7051000000,8129000000
2026-09-17T01:17:51.653Z,60221,600000,4989000
2026-09-17T01:17:51.653Z,28772,50760000,99000000
2026-09-17T01:17:51.653Z,19259,1305000,5800000
2026-09-17T01:17:51.653Z,34642,20000000,246400000
2026-09-17T01:17:51.653Z,27088,100500,239900
2026-09-17T01:17:51.653Z,34556,779200,689900000
2026-09-17T01:17:51.653Z,48768,,999800
2026-09-17T01:17:51.653Z,56594,10000000,9976000000
2026-09-17T01:17:51.653Z,62592,1.05,100000000
2026-09-17T01:17:51.653Z,62593,,260000000
2026-09-17T01:17:51.653Z,91280,10950000,40000000
2026-09-17T01:17:51.653Z,23057,4878000,5725000
2026-09-17T01:17:51.653Z,91407,10000,1945000
2026-09-17T01:17:51.653Z,70852,300000000,1959000000
2026-09-17T01:17:51.653Z,90594,540100,7910000
2026-09-17T01:17:51.653Z,23029,690.1,999.8
2026-09-17T01:17:51.653Z,37510,2154000,34680000
2026-09-17T01:17:51.653Z,44170,205900,1419000
2026-09-17T01:17:51.653Z,90121,206300000,899800000
2026-09-17T01:17:51.653Z,15847,18040000,27500000
2026-09-17T01:17:51.653Z,56604,2339000,6999000
2026-09-17T01:17:51.653Z,52770,7299000,3000000000
2026-09-17T01:17:51.653Z,93014,3500000,75000000
2026-09-17T01:17:51.653Z,85544,62990000,76980000
2026-09-17T01:17:51.653Z,46828,117100,2800000
2026-09-17T01:17:51.653Z,59202,371000000,3983000000
2026-09-17T01:17:51.653Z,47039,11450000,49190000
2026-09-17T01:17:51.653Z,36501,890000000,5989000000
2026-09-17T01:17:51.653Z,83247,10000,599700
2026-09-17T01:17:51.653Z,84076,100300,45000000
2026-09-17T01:17:51.653Z,36503,280000000,6180000000
2026-09-17T01:17:51.653Z,44181,115000,2190000
2026-09-17T01:17:51.653Z,15939,137800000,155400000
2026-09-17T01:17:51.653Z,36490,35000000,2980000000
2026-09-17T01:17:51.653Z,57526,1,3000000000
2026-09-17T01:17:51.653Z,57512,500400000,1500000000
2026-09-17T01:17:51.653Z,57515,75070000,150000000
2026-09-17T01:17:51.653Z,57516,401400000,750000000
2026-09-17T01:17:51.653Z,57517,7502000,750000000
2026-09-17T01:17:51.653Z,57518,701200000,1500000000
2026-09-17T01:17:51.653Z,57519,1,3000000000
2026-09-17T01:17:51.653Z,57520,1503000,1499000000
2026-09-17T01:17:51.653Z,57521,701200000,1500000000
2026-09-17T01:17:51.653Z,57522,701200000,1500000000
2026-09-17T01:17:51.653Z,57523,121400000,150000000
2026-09-17T01:17:51.653Z,28585,21000000,31800000
2026-09-17T01:17:51.653Z,57524,1002000000,1500000000
2026-09-17T01:17:51.653Z,57525,150200,1500000000
2026-09-17T01:17:51.653Z,41044,212600000,1484000000
2026-09-17T01:17:51.653Z,463,1059000,1891000
2026-09-17T01:17:51.653Z,48198,210000000,611000000
2026-09-17T01:17:51.653Z,15818,114700,55000000
2026-09-17T01:17:51.653Z,49822,235900000,1795000000
2026-09-17T01:17:51.653Z,43794,4000000,12000000
2026-09-17T01:17:51.653Z,239,1119,1593
2026-09-17T01:17:51.653Z,41046,203300000,961500000
2026-09-17T01:17:51.653Z,32875,1600000,9970000
2026-09-17T01:17:51.653Z,15298,17270000000,23990000000
2026-09-17T01:17:51.653Z,31786,2038000,32500000
2026-09-17T01:17:51.653Z,34718,2600000,9000000
2026-09-17T01:17:51.653Z,71722,97030000,957600000
2026-09-17T01:17:51.653Z,47827,3607000,4600000
2026-09-17T01:17:51.653Z,83277,1000,78300
2026-09-17T01:17:51.653Z,54968,1310000,24640000
2026-09-17T01:17:51.653Z,61209,104600,709500
2026-09-17T01:17:51.653Z,15834,31800,5998000
2026-09-17T01:17:51.653Z,93360,34000000,59900000
2026-09-17T01:17:51.653Z,85525,105900,7299000
2026-09-17T01:17:51.653Z,17479,1010000000,1897000000
2026-09-17T01:17:51.653Z,44153,100900,1861000
2026-09-17T01:17:51.653Z,10222,86990000,97580000
2026-09-17T01:17:51.653Z,40590,4739000,4696000000
2026-09-17T01:17:51.653Z,88264,6156000000,9790000000
2026-09-17T01:17:51.653Z,46808,575000,2900000
2026-09-17T01:17:51.653Z,89690,360000000,468000000
2026-09-17T01:17:51.653Z,71725,90010000,884900000
2026-09-17T01:17:51.653Z,4085,250300000,700400000
2026-09-17T01:17:51.653Z,58872,1000000,20760000
2026-09-17T01:17:51.653Z,21967,31760000,60400000
2026-09-17T01:17:51.653Z,42589,62000000,259800000
2026-09-17T01:17:51.653Z,4299,123000,1185000
2026-09-17T01:17:51.653Z,42590,21000000,147400000
2026-09-17T01:17:51.653Z,62628,34080000,37890000
2026-09-17T01:17:51.653Z,52879,215000,233300000
2026-09-17T01:17:51.653Z,90599,40000,95000
2026-09-17T01:17:51.653Z,56145,34300000,149900000
2026-09-17T01:17:51.653Z,50084,112200000,4968000000
2026-09-17T01:17:51.653Z,27857,11110000,19120000
2026-09-17T01:17:51.653Z,3467,5513,10670
2026-09-17T01:17:51.653Z,84943,71010000,490000000
2026-09-17T01:17:51.653Z,43852,3442000,31860000
2026-09-17T01:17:51.653Z,52788,71460000,109900000
2026-09-17T01:17:51.653Z,45580,100000,126100000
2026-09-17T01:17:51.653Z,37573,3800000,25470000
2026-09-17T01:17:51.653Z,95534,,250000
2026-09-17T01:17:51.653Z,43793,7500000,29900000
2026-09-17T01:17:51.653Z,20991,18400,21410
2026-09-17T01:17:51.653Z,85686,8500000,41870000
2026-09-17T01:17:51.653Z,85685,9655000,59400000
2026-09-17T01:17:51.653Z,11617,5000,313900
2026-09-17T01:17:51.653Z,59468,1.06,500000000
2026-09-17T01:17:51.653Z,31568,2616000,3364000
2026-09-17T01:17:51.653Z,15276,501000000,1735000000
2026-09-17T01:17:51.653Z,81355,21010000,180000000
2026-09-17T01:17:51.653Z,70846,1768000000,3894000000
2026-09-17T01:17:51.653Z,16279,6489000,19000000
2026-09-17T01:17:51.653Z,45556,3831000,6000000000
2026-09-17T01:17:51.653Z,26396,33690000,77470000
2026-09-17T01:17:51.653Z,45517,217200000,390000000
2026-09-17T01:17:51.653Z,40347,8843000,15650000
2026-09-17T01:17:51.653Z,37256,980500000,1397000000
2026-09-17T01:17:51.653Z,83470,2237000,2384000
2026-09-17T01:17:51.653Z,47303,0.01,79500
2026-09-17T01:17:51.653Z,20783,99450,131400
2026-09-17T01:17:51.653Z,13777,5739000,12550000
2026-09-17T01:17:51.653Z,14510,2267000,2997000000
2026-09-17T01:17:51.653Z,88616,40000,433200
2026-09-17T01:17:51.653Z,3322,6018,120000
2026-09-17T01:17:51.653Z,59467,,749000000
2026-09-17T01:17:51.653Z,88599,10000,246500
2026-09-17T01:17:51.653Z,77739,50000000,549200000
2026-09-17T01:17:51.653Z,72553,205000000,699900000
2026-09-17T01:17:51.653Z,14425,1808000,1999000000
2026-09-17T01:17:51.653Z,46824,5554000,78900000
2026-09-17T01:17:51.653Z,92386,262000000,590000000
2026-09-17T01:17:51.653Z,14698,4756000000,8579000000
2026-09-17T01:17:51.653Z,50071,1244000000,24980000000
2026-09-17T01:17:51.653Z,4314,5000000,10400000
2026-09-17T01:17:51.653Z,36396,210000000,1110000000
2026-09-17T01:17:51.653Z,14736,,2100000000
2026-09-17T01:17:51.653Z,57386,6305000,142400000
2026-09-17T01:17:51.653Z,47298,129500000,144900000
2026-09-17T01:17:51.653Z,40752,43900000,67210000
2026-09-17T01:17:51.653Z,36729,200000,748900
2026-09-17T01:17:51.653Z,23168,181900,990000
2026-09-17T01:17:51.653Z,14720,274200,312800000
2026-09-17T01:17:51.653Z,84114,31010000,59000000
2026-09-17T01:17:51.653Z,52699,4006000000,23560000000
2026-09-17T01:17:51.653Z,34160,395000000,1051000000
2026-09-17T01:17:51.653Z,30538,4154000,5400000
2026-09-17T01:17:51.653Z,3241,77720000,100300000
2026-09-17T01:17:51.653Z,34721,200000000,1979000000
2026-09-17T01:17:51.653Z,17693,1000000,16490000
2026-09-17T01:17:51.653Z,40495,101100,999900000
2026-09-17T01:17:51.653Z,85133,100000,171700
2026-09-17T01:17:51.653Z,21426,2015,6496
2026-09-17T01:17:51.653Z,14730,1751000000,3388000000
2026-09-17T01:17:51.653Z,42544,6100000,27990000
2026-09-17T01:17:51.653Z,896,,1540000
2026-09-17T01:17:51.653Z,43728,25300000,220000000
2026-09-17T01:17:51.653Z,54805,1.19,5098000
2026-09-17T01:17:51.653Z,27076,23000,597900
2026-09-17T01:17:51.653Z,48144,100000,69880000
2026-09-17T01:17:51.653Z,14753,918700,896900000
2026-09-17T01:17:51.653Z,46223,1000000,10780000
2026-09-17T01:17:51.653Z,14752,115000,188000000
2026-09-17T01:17:51.653Z,88121,133800,100000000
2026-09-17T01:17:51.653Z,50079,1104000000,24980000000
2026-09-17T01:17:51.653Z,48141,1000000,64910000
2026-09-17T01:17:51.653Z,17528,76790000,83800000
2026-09-17T01:17:51.653Z,89118,201100000,355000000
2026-09-17T01:17:51.653Z,15192,1181000,249900000
2026-09-17T01:17:51.653Z,56972,10000,497700
2026-09-17T01:17:51.653Z,54806,1.19,4099000
2026-09-17T01:17:51.653Z,31347,,243700
2026-09-17T01:17:51.653Z,3306,2114,389900
2026-09-17T01:17:51.653Z,56971,50000,900000
2026-09-17T01:17:51.653Z,30551,2302000,5300000
2026-09-17T01:17:51.653Z,13978,2355000,4148000
2026-09-17T01:17:51.653Z,46680,641.9,1179
2026-09-17T01:17:51.653Z,36513,101000000,2390000000
2026-09-17T01:17:51.653Z,42789,9002000,16000000
2026-09-17T01:17:51.653Z,30554,3596000,5299000
2026-09-17T01:17:51.653Z,14701,208500000,749000000
2026-09-17T01:17:51.653Z,49620,160000,4149000
2026-09-17T01:17:51.653Z,55649,2002,43210
2026-09-17T01:17:51.653Z,15128,873900000,1290000000
2026-09-17T01:17:51.653Z,14708,20060000,77010000
2026-09-17T01:17:51.653Z,21288,3350000,6826000
2026-09-17T01:17:51.653Z,14680,626400000,980000000
2026-09-17T01:17:51.653Z,46973,8100,5988000
2026-09-17T01:17:51.653Z,31056,,1800000
2026-09-17T01:17:51.653Z,31036,,1800000
2026-09-17T01:17:51.653Z,31086,,1800000
2026-09-17T01:17:51.653Z,31074,100000,1800000
2026-09-17T01:17:51.653Z,31066,,1800000
2026-09-17T01:17:51.653Z,31024,,1800000
2026-09-17T01:17:51.653Z,31012,,1800000
2026-09-17T01:17:51.653Z,31493,,1799000
2026-09-17T01:17:51.653Z,31518,,210900000
2026-09-17T01:17:51.653Z,95541,2,1298000
2026-09-17T01:17:51.653Z,52865,1011000,1500000000
2026-09-17T01:17:51.653Z,91397,200000,250000
2026-09-17T01:17:51.653Z,4367,600000000,1700000000
2026-09-17T01:17:51.653Z,84175,2200000,6798000
2026-09-17T01:17:51.653Z,28744,68880000,77520000
2026-09-17T01:17:51.653Z,23850,5061000,35000000
2026-09-17T01:17:51.653Z,14774,570000000,790000000
2026-09-17T01:17:51.653Z,91975,28760000,47800000
2026-09-17T01:17:51.653Z,40693,814100000,1943000000
2026-09-17T01:17:51.653Z,37578,8216000,99000000
2026-09-17T01:17:51.653Z,15122,410300,882200000
2026-09-17T01:17:51.653Z,1272,112100,4980000
2026-09-17T01:17:51.653Z,41498,85390000,93870000
2026-09-17T01:17:51.653Z,93469,21000000,55470000
2026-09-17T01:17:51.653Z,91136,930000000,1600000000
2026-09-17T01:17:51.653Z,3433,1003,220000
2026-09-17T01:17:51.653Z,58769,15000,528700
2026-09-17T01:17:51.653Z,81354,201100000,360000000
2026-09-17T01:17:51.653Z,53371,30530,1474000
2026-09-17T01:17:51.653Z,44114,17070000,44700000
2026-09-17T01:17:51.653Z,56897,100100,899800000
2026-09-17T01:17:51.653Z,3077,699300,2068000
2026-09-17T01:17:51.653Z,20949,18.18,250
2026-09-17T01:17:51.653Z,93344,130000000,420000000
2026-09-17T01:17:51.653Z,17682,32160,789900
2026-09-17T01:17:51.653Z,92379,26200000,100000000
2026-09-17T01:17:51.653Z,672,13350,14870
2026-09-17T01:17:51.653Z,46492,324100000,499000000
2026-09-17T01:17:51.653Z,3454,500.1,523100
2026-09-17T01:17:51.653Z,40336,,1500000
2026-09-17T01:17:51.653Z,57342,14360000,598900000
2026-09-17T01:17:51.653Z,46319,685,49990
2026-09-17T01:17:51.653Z,14536,3900000000,4405000000
2026-09-17T01:17:51.653Z,3427,21530,133100
2026-09-17T01:17:51.653Z,55563,500,50780
2026-09-17T01:17:51.653Z,9826,253.1,343.1
2026-09-17T01:17:51.653Z,43780,1292000,46480000
2026-09-17T01:17:51.653Z,15024,,476900000
2026-09-17T01:17:51.653Z,3723,1630,3999
2026-09-17T01:17:51.653Z,40337,100000,1500000
2026-09-17T01:17:51.653Z,691,1000000,3900000
2026-09-17T01:17:51.653Z,34757,52000000,1280000000
2026-09-17T01:17:51.653Z,77868,53010000,119700000
2026-09-17T01:17:51.653Z,48525,2005000000,6540000000
2026-09-17T01:17:51.653Z,14423,600000,643500000
2026-09-17T01:17:51.653Z,19745,1002000,6900000
2026-09-17T01:17:51.653Z,93484,42010000,70000000
2026-09-17T01:17:51.653Z,55562,1075,85000
2026-09-17T01:17:51.653Z,43888,581700000,794800000
2026-09-17T01:17:51.653Z,81356,7204000,42100000
2026-09-17T01:17:51.653Z,36488,76000000,1250000000
2026-09-17T01:17:51.653Z,1204,10,2645000
2026-09-17T01:17:51.653Z,46089,0.01,277000000
2026-09-17T01:17:51.653Z,34681,5209000,150000000
2026-09-17T01:17:51.653Z,45882,200000,2096000
2026-09-17T01:17:51.653Z,31162,9999,850000
2026-09-17T01:17:51.653Z,76374,2422,9298
2026-09-17T01:17:51.653Z,54830,14110,580000
2026-09-17T01:17:51.653Z,34665,24110000,100500000
2026-09-17T01:17:51.653Z,46774,304000,1999000
2026-09-17T01:17:51.653Z,40597,9998000,998800000
2026-09-17T01:17:51.653Z,40587,110100000,997000000
2026-09-17T01:17:51.653Z,34643,11750000,635000000
2026-09-17T01:17:51.653Z,73372,110200,599800
2026-09-17T01:17:51.653Z,46121,161900,990000000
2026-09-17T01:17:51.653Z,84131,495300000,989600000
2026-09-17T01:17:51.653Z,938,303900,3900000
2026-09-17T01:17:51.653Z,45024,31000000,344700000
2026-09-17T01:17:51.653Z,26902,1103000,2497000
2026-09-17T01:17:51.653Z,85000,1115000000,3022000000
2026-09-17T01:17:51.653Z,60028,76440000,1049000000
2026-09-17T01:17:51.653Z,46730,,1200000000
2026-09-17T01:17:51.653Z,34046,151400000,1824000000
2026-09-17T01:17:51.653Z,52420,3105000,24500000
2026-09-17T01:17:51.653Z,41117,33560000,193500000
2026-09-17T01:17:51.653Z,11487,70000000,389400000000
2026-09-17T01:17:51.653Z,52353,100200000,746900000
2026-09-17T01:17:51.653Z,17143,104000,6900000
2026-09-17T01:17:51.653Z,42168,10060000,116800000
2026-09-17T01:17:51.653Z,83279,10000,259900
2026-09-17T01:17:51.653Z,21302,100200000,429700000
2026-09-17T01:17:51.653Z,91415,123.5,3280000
2026-09-17T01:17:51.653Z,11735,5500,14000
2026-09-17T01:17:51.653Z,62033,1.01,1600000
2026-09-17T01:17:51.653Z,36768,97500000,1739000000
2026-09-17T01:17:51.653Z,43667,1255000000,5100000000
2026-09-17T01:17:51.653Z,46896,2828000,4885000
2026-09-17T01:17:51.653Z,91393,280000,310000
2026-09-17T01:17:51.653Z,55658,1000,97840
2026-09-17T01:17:51.653Z,53512,250700,9972000
2026-09-17T01:17:51.653Z,9844,50.16,5000
2026-09-17T01:17:51.653Z,451,1003,15980
2026-09-17T01:17:51.653Z,46090,100200,649800000
2026-09-17T01:17:51.653Z,46105,11000000,798300000
2026-09-17T01:17:51.653Z,42646,83000000,503700000
2026-09-17T01:17:51.653Z,46100,100000,449000000
2026-09-17T01:17:51.653Z,82359,10000,1075000
2026-09-17T01:17:51.653Z,90072,90000,96550
2026-09-17T01:17:51.653Z,20941,570,8999
2026-09-17T01:17:51.653Z,654,2359000,2784000
2026-09-17T01:17:51.653Z,46128,11320000,499900000
2026-09-17T01:17:51.653Z,62709,6000,348700
2026-09-17T01:17:51.653Z,56946,220500000,4099000000
2026-09-17T01:17:51.653Z,55650,1004,199000
2026-09-17T01:17:51.653Z,20063,,273300000
2026-09-17T01:17:51.653Z,60027,,798700000
2026-09-17T01:17:51.653Z,15855,121100,29000000
2026-09-17T01:17:51.653Z,85306,165000,498600
2026-09-17T01:17:51.653Z,82485,10000,293300
2026-09-17T01:17:51.653Z,47813,72920,296000
2026-09-17T01:17:51.653Z,10151,3700000,3993000
2026-09-17T01:17:51.653Z,49992,1400,9990
2026-09-17T01:17:51.653Z,91932,2272000,2697000
2026-09-17T01:17:51.653Z,83064,10000,160900
2026-09-17T01:17:51.653Z,83339,20000,4284000
2026-09-17T01:17:51.653Z,88667,10000,389900
2026-09-17T01:17:51.653Z,48137,1000000,124000000
2026-09-17T01:17:51.653Z,46123,,409700000
2026-09-17T01:17:51.653Z,34675,502700000,2897000000
2026-09-17T01:17:51.653Z,44939,2007000,19010000
2026-09-17T01:17:51.653Z,4194,1810000,87810000
2026-09-17T01:17:51.653Z,31043,52110000,393600000
2026-09-17T01:17:51.653Z,91621,46000000,69000000
2026-09-17T01:17:51.653Z,45657,,10500000
2026-09-17T01:17:51.653Z,56792,1368,1166000
2026-09-17T01:17:51.653Z,76284,2572000,994900000
2026-09-17T01:17:51.653Z,21252,1450000,8750000
2026-09-17T01:17:51.653Z,21667,16000000,16800000
2026-09-17T01:17:51.653Z,93358,37000000,50840000
2026-09-17T01:17:51.653Z,20526,65360000,87900000
2026-09-17T01:17:51.653Z,21242,2001000,4490000
2026-09-17T01:17:51.653Z,60759,99990000,135700000
2026-09-17T01:17:51.653Z,13872,12000000,18980000
2026-09-17T01:17:51.653Z,88545,10000,731800
2026-09-17T01:17:51.653Z,60214,300100,2999000
2026-09-17T01:17:51.653Z,82343,1000,580300
2026-09-17T01:17:51.653Z,21250,2514000,5250000
2026-09-17T01:17:51.653Z,56784,100000,1199000
2026-09-17T01:17:51.653Z,26041,10,1879000
2026-09-17T01:17:51.653Z,41158,15100000,188000000
2026-09-17T01:17:51.653Z,62480,1589,2649
2026-09-17T01:17:51.653Z,49682,91390,676200
2026-09-17T01:17:51.653Z,41379,25080000,283300000
2026-09-17T01:17:51.653Z,650,1567000,1750000
2026-09-17T01:17:51.653Z,42597,41010000,119700000
2026-09-17T01:17:51.653Z,2374,101.2,500000
2026-09-17T01:17:51.653Z,91017,75430,1044000
2026-09-17T01:17:51.653Z,25233,5007,149000
2026-09-17T01:17:51.653Z,3444,69100,100000
2026-09-17T01:17:51.653Z,33058,7200000,11300000
2026-09-17T01:17:51.653Z,43815,20100000,39980000
2026-09-17T01:17:51.653Z,17296,51000,10930000
2026-09-17T01:17:51.653Z,32955,2519000000,3291000000
2026-09-17T01:17:51.653Z,91954,20490000,49550000
2026-09-17T01:17:51.653Z,42154,,790000000
2026-09-17T01:17:51.653Z,42171,18140000,1199000000
2026-09-17T01:17:51.653Z,34756,150000000,1496000000
2026-09-17T01:17:51.653Z,42192,7305000,199400000
2026-09-17T01:17:51.653Z,60218,1000000,1999000
2026-09-17T01:17:51.653Z,82350,1000,1997000
2026-09-17T01:17:51.653Z,31446,5100000,70000000
2026-09-17T01:17:51.653Z,46109,65000000,890000000
2026-09-17T01:17:51.653Z,46093,0.01,499500000
2026-09-17T01:17:51.653Z,55642,10000,49900
2026-09-17T01:17:51.653Z,90721,362500,2000000
2026-09-17T01:17:51.653Z,33519,1,38000000
2026-09-17T01:17:51.653Z,42193,2502000,226800000
2026-09-17T01:17:51.653Z,2985,1581000,3577000
2026-09-17T01:17:51.653Z,18029,7864,23990
2026-09-17T01:17:51.653Z,23169,52580,455700
2026-09-17T01:17:51.653Z,21344,,218
2026-09-17T01:17:51.653Z,34727,4000000,96620000
2026-09-17T01:17:51.653Z,37502,3202000,29610000
2026-09-17T01:17:51.653Z,42184,200400000,499000000
2026-09-17T01:17:51.653Z,45526,250000000,449600000
2026-09-17T01:17:51.653Z,42618,34010000,2789000000
2026-09-17T01:17:51.653Z,31507,,58000000
2026-09-17T01:17:51.653Z,33286,,58000000
2026-09-17T01:17:51.653Z,46094,11200,198200000
2026-09-17T01:17:51.653Z,46276,10000000,1297000000
2026-09-17T01:17:51.653Z,26300,24160000,80000000
2026-09-17T01:17:51.653Z,48140,20000000,141800000
2026-09-17T01:17:51.653Z,56857,24080000,750000000
2026-09-17T01:17:51.653Z,19721,600100000,2104000000
2026-09-17T01:17:51.653Z,47805,501300,824900
2026-09-17T01:17:51.653Z,76954,146000000,400000000
2026-09-17T01:17:51.653Z,46533,6826000,6000000000
2026-09-17T01:17:51.653Z,3553,25250,525000
2026-09-17T01:17:51.653Z,84410,1792,270000
2026-09-17T01:17:51.653Z,34056,201400000,497300000
2026-09-17T01:17:51.653Z,44928,7340000,39000000
2026-09-17T01:17:51.653Z,11294,5000,210000
2026-09-17T01:17:51.653Z,27069,,1050000
2026-09-17T01:17:51.653Z,31010,,1149000
2026-09-17T01:17:51.653Z,31491,,890000
2026-09-17T01:17:51.653Z,31479,,989900
2026-09-17T01:17:51.653Z,31455,,1049000
2026-09-17T01:17:51.653Z,31431,,969900
2026-09-17T01:17:51.653Z,15014,2000000000,3000000000
2026-09-17T01:17:51.653Z,48952,,20000000
2026-09-17T01:17:51.653Z,92986,1000000,25990000
2026-09-17T01:17:51.653Z,42709,10000000,88000000
2026-09-17T01:17:51.653Z,48953,1,30000000
2026-09-17T01:17:51.653Z,11302,100000,3000000
2026-09-17T01:17:51.653Z,83250,1000,120000
2026-09-17T01:17:51.653Z,83289,10000,555000
2026-09-17T01:17:51.653Z,82446,10010,802900
2026-09-17T01:17:51.653Z,46017,229400000,5940000000
2026-09-17T01:17:51.653Z,88175,1,5000
2026-09-17T01:17:51.653Z,48760,200100000,449900000
2026-09-17T01:17:51.653Z,41390,,51000000
2026-09-17T01:17:51.653Z,56852,377500000,649300000
2026-09-17T01:17:51.653Z,41393,,51000000
2026-09-17T01:17:51.653Z,88534,1400000,7518000
2026-09-17T01:17:51.653Z,3449,55.01,29500
2026-09-17T01:17:51.653Z,32226,66000000,197000000
2026-09-17T01:17:51.653Z,54920,4675000,2190000000
2026-09-17T01:17:51.653Z,91108,,124400000
2026-09-17T01:17:51.653Z,47868,30300,40760
2026-09-17T01:17:51.653Z,41394,,51000000
2026-09-17T01:17:51.653Z,40774,2001000,33980000
2026-09-17T01:17:51.653Z,22578,0.12,97000
2026-09-17T01:17:51.653Z,48199,261100000,580000000
2026-09-17T01:17:51.653Z,13811,7012000,15560000
2026-09-17T01:17:51.653Z,58871,236700,12580000
2026-09-17T01:17:51.653Z,54369,22000000,36060000
2026-09-17T01:17:51.653Z,20609,217200,4400000
2026-09-17T01:17:51.653Z,45889,301000,1783000
2026-09-17T01:17:51.653Z,85405,20000,1300000
2026-09-17T01:17:51.653Z,87853,1440000000,3199000000
2026-09-17T01:17:51.653Z,26109,24990,1500000
2026-09-17T01:17:51.653Z,2042,61000,229800000
2026-09-17T01:17:51.653Z,42549,11200000,47500000
2026-09-17T01:17:51.653Z,52748,400000000,1095000000
2026-09-17T01:17:51.653Z,46213,0.03,22000000
2026-09-17T01:17:51.653Z,31387,0.02,58000000
2026-09-17T01:17:51.653Z,62504,8077,11870
2026-09-17T01:17:51.653Z,44136,100,300000
2026-09-17T01:17:51.653Z,64380,336100000,440000000
2026-09-17T01:17:51.653Z,25901,,2360000
2026-09-17T01:17:51.653Z,25899,,2360000
2026-09-17T01:17:51.653Z,25891,100000,2360000
2026-09-17T01:17:51.653Z,25889,,2360000
2026-09-17T01:17:51.653Z,25969,,2359000
2026-09-17T01:17:51.653Z,25981,,2359000
2026-09-17T01:17:51.653Z,25979,,2232000
2026-09-17T01:17:51.653Z,25971,,2369000
2026-09-17T01:17:51.653Z,25897,,2360000
2026-09-17T01:17:51.653Z,25977,,2360000
2026-09-17T01:17:51.653Z,1196,,775000
2026-09-17T01:17:51.653Z,31966,12260000,27970000
2026-09-17T01:17:51.653Z,43769,90840000,165000000
2026-09-17T01:17:51.653Z,40743,,3345000
2026-09-17T01:17:51.653Z,20721,,23
2026-09-17T01:17:51.653Z,33899,,2360000
2026-09-17T01:17:51.653Z,25893,,2360000
2026-09-17T01:17:51.653Z,25903,,2360000
2026-09-17T01:17:51.653Z,43767,,35980000
2026-09-17T01:17:51.653Z,56844,4100000,38850000
2026-09-17T01:17:51.653Z,37148,275400000,650000000
2026-09-17T01:17:51.653Z,47148,6117000,18120000
2026-09-17T01:17:51.653Z,55625,11750,432100
2026-09-17T01:17:51.653Z,11574,3501000,4891000
2026-09-17T01:17:51.653Z,13829,22440000,29590000
2026-09-17T01:17:51.653Z,45784,50320000,181000000
2026-09-17T01:17:51.653Z,45853,1106000,15000000
2026-09-17T01:17:51.653Z,45989,10300000,293000000
2026-09-17T01:17:51.653Z,45915,9456000,34330000
2026-09-17T01:17:51.653Z,45963,,7050000
2026-09-17T01:17:51.653Z,36506,70720,1354000
2026-09-17T01:17:51.653Z,48751,300100000,445000000
2026-09-17T01:17:51.653Z,26110,,880000
2026-09-17T01:17:51.653Z,14222,37180000,54940000
2026-09-17T01:17:51.653Z,34610,3000000,29310000
2026-09-17T01:17:51.653Z,14936,453800000,997200000
2026-09-17T01:17:51.653Z,455,1940,32970
2026-09-17T01:17:51.653Z,46183,,10540000
2026-09-17T01:17:51.653Z,59230,485500000,4803000000
2026-09-17T01:17:51.653Z,33787,1910000,38870000
2026-09-17T01:17:51.653Z,91941,4250000,15930000
2026-09-17T01:17:51.653Z,86116,4000000,39100000
2026-09-17T01:17:51.653Z,84345,754300,7000000
2026-09-17T01:17:51.653Z,60195,400000000,1588000000
2026-09-17T01:17:51.653Z,32124,1000000,10870000
2026-09-17T01:17:51.653Z,25917,24990,1500000
2026-09-17T01:17:51.653Z,24693,189000,1887000000
2026-09-17T01:17:51.653Z,31792,27730000,31980000
2026-09-17T01:17:51.653Z,14530,3538000000,4893000000
2026-09-17T01:17:51.653Z,52579,70000000,700000000
2026-09-17T01:17:51.653Z,20839,808200,1098000
2026-09-17T01:17:51.653Z,43826,878800,950000000
2026-09-17T01:17:51.653Z,17295,4528000,44990000
2026-09-17T01:17:51.653Z,47311,12540000,105900000
2026-09-17T01:17:51.653Z,37889,10000,131000
2026-09-17T01:17:51.653Z,43760,40040000,99000000
2026-09-17T01:17:51.653Z,21538,44580000,72800000
2026-09-17T01:17:51.653Z,43802,1000000,53000000
2026-09-17T01:17:51.653Z,2547,508300,794500
2026-09-17T01:17:51.653Z,45544,251000000,449900000
2026-09-17T01:17:51.653Z,40522,3202000,71850000
2026-09-17T01:17:51.653Z,16004,111200000,118900000
2026-09-17T01:17:51.653Z,60674,7120,999000
2026-09-17T01:17:51.653Z,46228,27460,840000
2026-09-17T01:17:51.653Z,33935,6743000,18000000
2026-09-17T01:17:51.653Z,43810,248000000,400000000
2026-09-17T01:17:51.653Z,53023,9000000,58870000000
2026-09-17T01:17:51.653Z,91416,220000,5000000
2026-09-17T01:17:51.653Z,79941,500100000,879800000
2026-09-17T01:17:51.653Z,33040,200100,1900000
2026-09-17T01:17:51.653Z,33037,90000,3200000
2026-09-17T01:17:51.653Z,34682,244800,7750000
2026-09-17T01:17:51.653Z,88119,41290000,76990000
2026-09-17T01:17:51.653Z,16597,18000000,21490000
2026-09-17T01:17:51.653Z,88665,1000,646000
2026-09-17T01:17:51.653Z,41511,150200,143800000
2026-09-17T01:17:51.653Z,88088,710000000,1996000000
2026-09-17T01:17:51.653Z,32260,170000000,220700000
2026-09-17T01:17:51.653Z,22619,4489000,14250000
2026-09-17T01:17:51.653Z,55602,400,381000
2026-09-17T01:17:51.653Z,53022,2452000000,13950000000
2026-09-17T01:17:51.653Z,59185,200100,878300
2026-09-17T01:17:51.653Z,21023,12130000,14830000
2026-09-17T01:17:51.653Z,31191,10410,1279000
2026-09-17T01:17:51.653Z,46129,29000000,492600000
2026-09-17T01:17:51.653Z,61874,13050000,36000000
2026-09-17T01:17:51.653Z,2290,,850000
2026-09-17T01:17:51.653Z,64204,7162,477000000
2026-09-17T01:17:51.653Z,2292,9999,785000
2026-09-17T01:17:51.653Z,15697,2,699700
2026-09-17T01:17:51.653Z,1968,15160,51550
2026-09-17T01:17:51.653Z,33788,23580000,369800000
2026-09-17T01:17:51.653Z,92029,,580100
2026-09-17T01:17:51.653Z,15737,71050,575700
2026-09-17T01:17:51.653Z,44948,140800,18500000
2026-09-17T01:17:51.653Z,1242,101100,5099000
2026-09-17T01:17:51.653Z,45578,1000000,848800000
2026-09-17T01:17:51.653Z,34688,500000,38990000
2026-09-17T01:17:51.653Z,62566,4503,5883
2026-09-17T01:17:51.653Z,55518,1001,874000
2026-09-17T01:17:51.653Z,27098,70000,149900
2026-09-17T01:17:51.653Z,45555,2000000,999000000
2026-09-17T01:17:51.653Z,29249,2811000,4800000
2026-09-17T01:17:51.653Z,16229,48760000,58990000
2026-09-17T01:17:51.653Z,91144,20000000,35000000
2026-09-17T01:17:51.653Z,36956,32140000,188400000
2026-09-17T01:17:51.653Z,31310,50110,90000
2026-09-17T01:17:51.653Z,12053,765500,1675000
2026-09-17T01:17:51.653Z,92666,221000000,599900000
2026-09-17T01:17:51.653Z,45664,22500000,899900000
2026-09-17T01:17:51.653Z,36386,67510000,900000000
2026-09-17T01:17:51.653Z,34181,3610000,21730000
2026-09-17T01:17:51.653Z,46794,25000,1925000
2026-09-17T01:17:51.653Z,21963,89980000,119900000
2026-09-17T01:17:51.653Z,41119,214500000,660000000
2026-09-17T01:17:51.653Z,21969,30040000,117500000
2026-09-17T01:17:51.653Z,4171,1703000,15430000
2026-09-17T01:17:51.653Z,58892,189500,4449000
2026-09-17T01:17:51.653Z,33526,235900000,281800000
2026-09-17T01:17:51.653Z,42195,0.01,990000000
2026-09-17T01:17:51.653Z,42197,50810000,790000000
2026-09-17T01:17:51.653Z,55712,120700000,650000000
2026-09-17T01:17:51.653Z,75273,8004000,100000000
2026-09-17T01:17:51.653Z,63690,0.02,948400000
2026-09-17T01:17:51.653Z,25936,5001,286200
2026-09-17T01:17:51.653Z,52300,9375,1890000
2026-09-17T01:17:51.653Z,52396,212000000,480000000
2026-09-17T01:17:51.653Z,37798,500000,5244000
2026-09-17T01:17:51.653Z,37147,971800000,1497000000
2026-09-17T01:17:51.653Z,26402,23450000,53470000
2026-09-17T01:17:51.653Z,34712,65600000,495400000
2026-09-17T01:17:51.653Z,34669,22190000,135000000
2026-09-17T01:17:51.653Z,57384,5728000,66500000
2026-09-17T01:17:51.653Z,37175,250000000,19970000000
2026-09-17T01:17:51.653Z,83273,10000,69760
2026-09-17T01:17:51.653Z,43786,,90000000
2026-09-17T01:17:51.653Z,46133,411400000,599900000
2026-09-17T01:17:51.653Z,11248,9999,785000
2026-09-17T01:17:51.653Z,46530,7062000,999900000
2026-09-17T01:17:51.653Z,78911,350000000,500000000
2026-09-17T01:17:51.653Z,36817,5000000,28870000
2026-09-17T01:17:51.653Z,40667,11570000,69600000
2026-09-17T01:17:51.653Z,28441,225000,274000
2026-09-17T01:17:51.653Z,56955,315100000,749900000
2026-09-17T01:17:51.653Z,52703,70710000,999900000
2026-09-17T01:17:51.653Z,41523,2426,23390
2026-09-17T01:17:51.653Z,46692,16.51,2382000
2026-09-17T01:17:51.653Z,84679,121800000,237900000
2026-09-17T01:17:51.653Z,33770,501500000,3486000000
2026-09-17T01:17:51.653Z,83255,11000,441000
2026-09-17T01:17:51.653Z,32059,655700,811600
2026-09-17T01:17:51.653Z,63207,50030000,549900000
2026-09-17T01:17:51.653Z,53894,576300000,815000000
2026-09-17T01:17:51.653Z,60664,100000,800000
2026-09-17T01:17:51.653Z,47004,1718000,11460000
2026-09-17T01:17:51.653Z,54219,78140000,250700000
2026-09-17T01:17:51.653Z,11284,50300,1831000
2026-09-17T01:17:51.653Z,53708,170100000,185300000
2026-09-17T01:17:51.653Z,2487,410000,2066000
2026-09-17T01:17:51.653Z,62519,22.76,33.75
2026-09-17T01:17:51.653Z,37488,400000,1293000
2026-09-17T01:17:51.653Z,89663,81040000,233300000
2026-09-17T01:17:51.653Z,11286,51640,2620000
2026-09-17T01:17:51.653Z,1169,,4200000
2026-09-17T01:17:51.653Z,623,10980000,12960000
2026-09-17T01:17:51.653Z,20971,15.51,1099
2026-09-17T01:17:51.653Z,46490,325100000,390000000
2026-09-17T01:17:51.653Z,31001,4445000,36790000
2026-09-17T01:17:51.653Z,88041,151200000,449400000
2026-09-17T01:17:51.653Z,20943,1000,15980
2026-09-17T01:17:51.653Z,28284,21010000,22790000
2026-09-17T01:17:51.653Z,95477,300000000,5000000000
2026-09-17T01:17:51.653Z,4260,806600,1249000
2026-09-17T01:17:51.653Z,46281,1088,2700
2026-09-17T01:17:51.653Z,31272,29000,27490000
2026-09-17T01:17:51.653Z,22176,5000,365000
2026-09-17T01:17:51.653Z,62502,3999,4380
2026-09-17T01:17:51.653Z,27095,,780000
2026-09-17T01:17:51.653Z,55542,10000,98610
2026-09-17T01:17:51.653Z,83381,20010,3484000
2026-09-17T01:17:51.653Z,58814,70000000,3000000000
2026-09-17T01:17:51.653Z,83321,20000,426100
2026-09-17T01:17:51.653Z,88541,40000,148100
2026-09-17T01:17:51.653Z,88460,1000,200000
2026-09-17T01:17:51.653Z,12262,100000,10350000
2026-09-17T01:17:51.653Z,3413,1013,24980
2026-09-17T01:17:51.653Z,42572,131000000,579800000
2026-09-17T01:17:51.653Z,46779,500000,3221000
2026-09-17T01:17:51.653Z,47038,7230000,40940000
2026-09-17T01:17:51.653Z,43885,103200000,112900000
2026-09-17T01:17:51.653Z,48502,3002000,22950000
2026-09-17T01:17:51.653Z,46114,209000000,339000000
2026-09-17T01:17:51.653Z,1404,5000,57000
2026-09-17T01:17:51.653Z,15851,2419000,60000000
2026-09-17T01:17:51.653Z,28413,280100,2749000
2026-09-17T01:17:51.653Z,43510,260100000,500000000
2026-09-17T01:17:51.653Z,54538,114300000,3100000000
2026-09-17T01:17:51.653Z,88172,1.01,5000
2026-09-17T01:17:51.653Z,43873,970600000,1825000000
2026-09-17T01:17:51.653Z,48727,26750000,299900000
2026-09-17T01:17:51.653Z,33030,,5802000
2026-09-17T01:17:51.653Z,820,1000,100000
2026-09-17T01:17:51.653Z,17330,,9000000
2026-09-17T01:17:51.653Z,2486,7682,7944
2026-09-17T01:17:51.653Z,62501,443.1,3688
2026-09-17T01:17:51.653Z,2028,,273000000
2026-09-17T01:17:51.653Z,46940,40,2196000
2026-09-17T01:17:51.653Z,46024,210000000,245400000
2026-09-17T01:17:51.653Z,79758,171100000,443800000
2026-09-17T01:17:51.653Z,35681,10020000,124400000
2026-09-17T01:17:51.653Z,23130,863700,3858000
2026-09-17T01:17:51.653Z,46584,700000000,6999000000
2026-09-17T01:17:51.653Z,825,10000,700000
2026-09-17T01:17:51.653Z,20188,751300000,2043000000
2026-09-17T01:17:51.653Z,17350,,5900000
2026-09-17T01:17:51.653Z,59200,306000000,667900000
2026-09-17T01:17:51.653Z,17743,,193800
2026-09-17T01:17:51.653Z,92003,,449100
2026-09-17T01:17:51.653Z,82580,30190000,242600000
2026-09-17T01:17:51.653Z,31151,9155000,19760000
2026-09-17T01:17:51.653Z,36505,,512400000
2026-09-17T01:17:51.653Z,45822,150800,2184000
2026-09-17T01:17:51.653Z,52430,290000000,2400000000
2026-09-17T01:17:51.653Z,26106,340000,1377000
2026-09-17T01:17:51.653Z,28520,22080000,399700000
2026-09-17T01:17:51.653Z,82312,772.2,967
2026-09-17T01:17:51.653Z,15838,24930,7900000
2026-09-17T01:17:51.653Z,62476,405.9,1500
2026-09-17T01:17:51.653Z,62674,1,600000000
2026-09-17T01:17:51.653Z,36391,70010000,700100000
2026-09-17T01:17:51.653Z,31742,73050,112900
2026-09-17T01:17:51.653Z,82183,1810000000,2591000000
2026-09-17T01:17:51.653Z,24503,40,50.5
2026-09-17T01:17:51.653Z,32927,519300000,850000000
2026-09-17T01:17:51.653Z,4296,515700,1345000
2026-09-17T01:17:51.653Z,90894,1606,5950000
2026-09-17T01:17:51.653Z,61532,2127000,4120000
2026-09-17T01:17:51.653Z,45910,118100,15000000
2026-09-17T01:17:51.653Z,88043,224200,4993000
2026-09-17T01:17:51.653Z,82957,80000,299900
2026-09-17T01:17:51.653Z,55566,1.05,374700
2026-09-17T01:17:51.653Z,88576,60000,2057000
2026-09-17T01:17:51.653Z,84688,212300000,400000000
2026-09-17T01:17:51.653Z,33712,203400,406800
2026-09-17T01:17:51.653Z,55679,5000,99990
2026-09-17T01:17:51.653Z,31236,25200,74990000
2026-09-17T01:17:51.653Z,27072,269600,695600
2026-09-17T01:17:51.653Z,70842,2959000000,4949000000
2026-09-17T01:17:51.653Z,63782,100800,179200
2026-09-17T01:17:51.653Z,21947,29320000,45380000
2026-09-17T01:17:51.653Z,34059,81010000,2979000000
2026-09-17T01:17:51.653Z,24597,335,9999
2026-09-17T01:17:51.653Z,87607,3200,84990000
2026-09-17T01:17:51.653Z,56195,250100000,2497000000
2026-09-17T01:17:51.653Z,1067,100000,400000
2026-09-17T01:17:51.653Z,42569,41010000,201100000
2026-09-17T01:17:51.653Z,14358,700,700.1
2026-09-17T01:17:51.653Z,83331,10000,282100
2026-09-17T01:17:51.653Z,17252,20070,8987000
2026-09-17T01:17:51.653Z,12067,25020,1700000
2026-09-17T01:17:51.653Z,22883,1008000,2295000
2026-09-17T01:17:51.653Z,86117,442400,6455000
2026-09-17T01:17:51.653Z,36392,25000000,949000000
2026-09-17T01:17:51.653Z,43838,25000000,1925000000
2026-09-17T01:17:51.653Z,45502,2269,1001000
2026-09-17T01:17:51.653Z,15459,15990000,17980000
2026-09-17T01:17:51.653Z,46814,25000,1478000
2026-09-17T01:17:51.653Z,27897,15500000,770600000
2026-09-17T01:17:51.653Z,41486,14970000,22250000
2026-09-17T01:17:51.653Z,33727,230100000,1595000000
2026-09-17T01:17:51.653Z,3158,72420000,101800000
2026-09-17T01:17:51.653Z,15248,485400,465200000
2026-09-17T01:17:51.653Z,3160,21,3250000
2026-09-17T01:17:51.653Z,42244,92130000,102500000
2026-09-17T01:17:51.653Z,28774,20760000,54000000
2026-09-17T01:17:51.653Z,41277,1352,9866
2026-09-17T01:17:51.653Z,60099,359700000,1098000000
2026-09-17T01:17:51.653Z,16457,5000000,5378000
2026-09-17T01:17:51.653Z,46810,552600,3950000
2026-09-17T01:17:51.653Z,88487,100000,1984000
2026-09-17T01:17:51.653Z,44175,151.8,550000
2026-09-17T01:17:51.653Z,22577,6000,350000
2026-09-17T01:17:51.653Z,63694,5227000,1427000000
2026-09-17T01:17:51.653Z,92575,4004000,145000000
2026-09-17T01:17:51.653Z,562,3505,20300
2026-09-17T01:17:51.653Z,42176,213400000,3399000000
2026-09-17T01:17:51.653Z,18885,9099000,39760000
2026-09-17T01:17:51.653Z,25348,100000,3040000
2026-09-17T01:17:51.653Z,47160,810000000,1497000000
2026-09-17T01:17:51.653Z,92026,,825100
2026-09-17T01:17:51.653Z,56888,178300000,384800000
2026-09-17T01:17:51.653Z,52785,42170000,55540000
2026-09-17T01:17:51.653Z,3727,3349,94750
2026-09-17T01:17:51.653Z,84116,93210000,179800000
2026-09-17T01:17:51.653Z,25935,120000,1743000
2026-09-17T01:17:51.653Z,70848,530100000,2775000000
2026-09-17T01:17:51.653Z,46426,167100000,3440000000
2026-09-17T01:17:51.653Z,3263,31970,7300000
2026-09-17T01:17:51.653Z,3395,100,70000
2026-09-17T01:17:51.653Z,43906,24990,1992000
2026-09-17T01:17:51.653Z,46660,401000000,5500000000
2026-09-17T01:17:51.653Z,34746,328400,3135000
2026-09-17T01:17:51.653Z,58787,67000000,2400000000
2026-09-17T01:17:51.653Z,13235,152300,5000000
2026-09-17T01:17:51.653Z,1076,,30000
2026-09-17T01:17:51.653Z,28729,43900000,62400000
2026-09-17T01:17:51.653Z,53209,1300000,24810000
2026-09-17T01:17:51.653Z,91403,100,200000
2026-09-17T01:17:51.653Z,84987,238400000,415000000
2026-09-17T01:17:51.653Z,15086,802700000,1993000000
2026-09-17T01:17:51.653Z,27570,90480000,145000000
2026-09-17T01:17:51.653Z,83325,10000,164900
2026-09-17T01:17:51.653Z,14849,,400000000
2026-09-17T01:17:51.653Z,13781,11120000,30000000
2026-09-17T01:17:51.653Z,17940,503800,1500000
2026-09-17T01:17:51.653Z,20040,261.2,628.1
2026-09-17T01:17:51.653Z,28840,100000,28800000
2026-09-17T01:17:51.653Z,33057,100000,4997000
2026-09-17T01:17:51.653Z,46711,1001000000,2500000000
2026-09-17T01:17:51.653Z,15160,,448700000
2026-09-17T01:17:51.653Z,93668,125000000,322400000
2026-09-17T01:17:51.653Z,28813,740400000,844500000
2026-09-17T01:17:51.653Z,75270,142000000,240000000
2026-09-17T01:17:51.653Z,87510,581000000,1200000000
2026-09-17T01:17:51.653Z,14786,1898000000,3500000000
2026-09-17T01:17:51.653Z,11692,16630,17440
2026-09-17T01:17:51.653Z,89116,23810,967900
2026-09-17T01:17:51.653Z,17815,359500,618000
2026-09-17T01:17:51.653Z,32049,,117200
2026-09-17T01:17:51.653Z,15170,5233000000,13990000000
2026-09-17T01:17:51.653Z,19408,1955000,2077000
2026-09-17T01:17:51.653Z,23534,6002,200000
2026-09-17T01:17:51.653Z,63031,300000,1189000
2026-09-17T01:17:51.653Z,53315,105100000,911000000
2026-09-17T01:17:51.653Z,84687,10000000,98610000
2026-09-17T01:17:51.653Z,4003,370000000,1187000000
2026-09-17T01:17:51.653Z,45510,4269,30000
2026-09-17T01:17:51.653Z,31385,7500,1499000
2026-09-17T01:17:51.653Z,46313,2573,49990
2026-09-17T01:17:51.653Z,59312,297200000,442400000
2026-09-17T01:17:51.653Z,85526,57460,6000000
2026-09-17T01:17:51.653Z,43686,23300000,38950000
2026-09-17T01:17:51.653Z,83364,20020,12550000
2026-09-17T01:17:51.653Z,55647,10000,199000
2026-09-17T01:17:51.653Z,21666,6260000,16750000
2026-09-17T01:17:51.653Z,33834,340000000,740000000
2026-09-17T01:17:51.653Z,28282,420800,520600
2026-09-17T01:17:51.653Z,55328,0.03,79800
2026-09-17T01:17:51.653Z,78889,350000000,419900000
2026-09-17T01:17:51.653Z,53610,100100,999900000
2026-09-17T01:17:51.653Z,47044,72010,1787000
2026-09-17T01:17:51.653Z,3288,,275000
2026-09-17T01:17:51.653Z,31396,491700,646500
2026-09-17T01:17:51.653Z,82481,60010,1813000
2026-09-17T01:17:51.653Z,55716,500400000,15900000000
2026-09-17T01:17:51.653Z,46903,27120,29500000
2026-09-17T01:17:51.653Z,46248,30810000,192600000
2026-09-17T01:17:51.653Z,49798,457300,1453000
2026-09-17T01:17:51.653Z,36299,57000000,569000000
2026-09-17T01:17:51.653Z,32870,,5255000
2026-09-17T01:17:51.653Z,74117,353900000,1668000000
2026-09-17T01:17:51.653Z,53668,623900000,1600000000
2026-09-17T01:17:51.653Z,52561,354800000,1989000000
2026-09-17T01:17:51.653Z,3428,100,99000
2026-09-17T01:17:51.653Z,44917,1505000,14290000
2026-09-17T01:17:51.653Z,81623,61000,484200000
2026-09-17T01:17:51.653Z,53625,30320000,224900000
2026-09-17T01:17:51.653Z,78412,70000000,699000000
2026-09-17T01:17:51.653Z,27148,111300000,119100000
2026-09-17T01:17:51.653Z,88177,,5000
2026-09-17T01:17:51.653Z,42739,27700000,139900000
2026-09-17T01:17:51.653Z,53138,305000000,469200000
2026-09-17T01:17:51.653Z,34083,100000000,1400000000
2026-09-17T01:17:51.653Z,2008,61000,499200000
2026-09-17T01:17:51.653Z,62486,2009,4000
2026-09-17T01:17:51.653Z,41118,141200000,470700000
2026-09-17T01:17:51.653Z,93474,27020000,70000000
2026-09-17T01:17:51.653Z,31157,5810000,26790000
2026-09-17T01:17:51.653Z,43868,981000000,1497000000
2026-09-17T01:17:51.653Z,20605,373800,3350000
2026-09-17T01:17:51.653Z,31144,9999,1000000
2026-09-17T01:17:51.653Z,91251,270400000,892000000
2026-09-17T01:17:51.653Z,41472,501200000,968500000
2026-09-17T01:17:51.653Z,91929,9177000,10460000
2026-09-17T01:17:51.653Z,76294,3078000000,30000000000
2026-09-17T01:17:51.653Z,95395,1.06,21.11
2026-09-17T01:17:51.653Z,60574,144500000,500000000
2026-09-17T01:17:51.653Z,7043,240000,240000
2026-09-17T01:17:51.653Z,43824,110000000,699900000
2026-09-17T01:17:51.653Z,48722,5023000,91750000
2026-09-17T01:17:51.653Z,31073,1500000,1755000
2026-09-17T01:17:51.653Z,70845,172000000,7552000000
2026-09-17T01:17:51.653Z,95526,555100000,2000000000
2026-09-17T01:17:51.653Z,43689,16220000,38980000
2026-09-17T01:17:51.653Z,12559,63200,82140
2026-09-17T01:17:51.653Z,43864,967000000,1875000000
2026-09-17T01:17:51.653Z,28432,163.2,1000
2026-09-17T01:17:51.653Z,46125,95450000,790000000
2026-09-17T01:17:51.653Z,43724,749600000,916000000
2026-09-17T01:17:51.653Z,33610,0.01,50000000
2026-09-17T01:17:51.653Z,48837,1254000,699800000
2026-09-17T01:17:51.653Z,52732,,1999000000
2026-09-17T01:17:51.653Z,46323,390000000,398800000
2026-09-17T01:17:51.653Z,32937,646000000,914000000
2026-09-17T01:17:51.653Z,46096,601400,889900000
2026-09-17T01:17:51.653Z,47102,98030000,400000000
2026-09-17T01:17:51.653Z,44156,161100,2898000
2026-09-17T01:17:51.653Z,41249,65650000,74130000
2026-09-17T01:17:51.653Z,82395,20000,2048000
2026-09-17T01:17:51.653Z,683,501000,2550000
2026-09-17T01:17:51.653Z,62514,5638,9934
2026-09-17T01:17:51.653Z,92802,10010000,3334000000
2026-09-17T01:17:51.653Z,93482,72010000,150000000
2026-09-17T01:17:51.653Z,61122,2101000,59900000
2026-09-17T01:17:51.653Z,37601,5000000000,19490000000
2026-09-17T01:17:51.653Z,62230,15900000,649000000
2026-09-17T01:17:51.653Z,18716,377.9,3400000
2026-09-17T01:17:51.653Z,14676,4937000000,6460000000
2026-09-17T01:17:51.653Z,56977,1000,174900
2026-09-17T01:17:51.653Z,32947,689700000,1250000000
2026-09-17T01:17:51.653Z,20500,14340000,20320000
2026-09-17T01:17:51.653Z,31037,9900000,38920000
2026-09-17T01:17:51.653Z,78912,10010000,1765000000
2026-09-17T01:17:51.653Z,53134,165000000,480000000
2026-09-17T01:17:51.653Z,52297,2237,15170000
2026-09-17T01:17:51.653Z,809,36100,800000
2026-09-17T01:17:51.653Z,21957,27790000,56800000
2026-09-17T01:17:51.653Z,53129,300000000,480000000
2026-09-17T01:17:51.653Z,85134,20000,990000
2026-09-17T01:17:51.653Z,31301,10000,839900
2026-09-17T01:17:51.653Z,55033,15600000,23300000
2026-09-17T01:17:51.653Z,48749,1000000,198000000
2026-09-17T01:17:51.653Z,52393,,320000000
2026-09-17T01:17:51.653Z,47103,168600000,748500000
2026-09-17T01:17:51.653Z,40699,26250000,98990000
2026-09-17T01:17:51.653Z,53141,,240000000
2026-09-17T01:17:51.653Z,33048,100400,1000000
2026-09-17T01:17:51.653Z,57053,23590000,2000000000
2026-09-17T01:17:51.653Z,43669,500500000,1299000000
2026-09-17T01:17:51.653Z,53137,24000000,240000000
2026-09-17T01:17:51.653Z,46672,431900000,2200000000
2026-09-17T01:17:51.653Z,52395,125300000,240000000
2026-09-17T01:17:51.653Z,40772,2000000,7713000
2026-09-17T01:17:51.653Z,19992,,689.4
2026-09-17T01:17:51.653Z,829,100,2000000
2026-09-17T01:17:51.653Z,52402,45000000,160000000
2026-09-17T01:17:51.653Z,56900,22600000,212900000
2026-09-17T01:17:51.653Z,48521,36990000,6594000000
2026-09-17T01:17:51.653Z,73874,915000,9199000
2026-09-17T01:17:51.653Z,21328,24,397.8
2026-09-17T01:17:51.653Z,52417,129000000,12900000000
2026-09-17T01:17:51.653Z,24568,,10650000
2026-09-17T01:17:51.653Z,25867,2371000000,2680000000
2026-09-17T01:17:51.653Z,33809,3000000000,19000000000
2026-09-17T01:17:51.653Z,33772,7503000,550000000
2026-09-17T01:17:51.653Z,3894,24540000,34210000
2026-09-17T01:17:51.653Z,59233,525300000,3322000000
2026-09-17T01:17:51.653Z,45564,11650,547900000
2026-09-17T01:17:51.653Z,15036,230900000,505000000
2026-09-17T01:17:51.653Z,93695,2050000,99990000
2026-09-17T01:17:51.653Z,28389,5401,8500000
2026-09-17T01:17:51.653Z,73454,3301000000,5285000000
2026-09-17T01:17:51.653Z,42758,265000,1874000
2026-09-17T01:17:51.653Z,46158,,15790000
2026-09-17T01:17:51.653Z,43684,,39900000
2026-09-17T01:17:51.653Z,79192,72070,485600
2026-09-17T01:17:51.653Z,13232,1149000,9784000
2026-09-17T01:17:51.653Z,33798,143000000,539000000
2026-09-17T01:17:51.653Z,4149,78080000,298900000
2026-09-17T01:17:51.653Z,33060,4110000,14980000
2026-09-17T01:17:51.653Z,36810,80000000,735000000
2026-09-17T01:17:51.653Z,34825,100100000,1870000000
2026-09-17T01:17:51.653Z,77872,41000000,87000000
2026-09-17T01:17:51.653Z,1176,500200,3840000
2026-09-17T01:17:51.653Z,27600,588600000,1100000000
2026-09-17T01:17:51.653Z,45011,999900,50000000
2026-09-17T01:17:51.653Z,3394,10200,200000
2026-09-17T01:17:51.653Z,23848,6114000,11960000
2026-09-17T01:17:51.653Z,36380,37200000,7200000000
2026-09-17T01:17:51.653Z,47187,2400,945000
2026-09-17T01:17:51.653Z,46902,150.6,10000000
2026-09-17T01:17:51.653Z,10840,241200,1124000
2026-09-17T01:17:51.653Z,14405,2199000,2399000000
2026-09-17T01:17:51.653Z,41441,400000000,679200000
2026-09-17T01:17:51.653Z,70844,1007000000,3764000000
2026-09-17T01:17:51.653Z,59217,,2990000000
2026-09-17T01:17:51.653Z,45015,10430000,619100000
2026-09-17T01:17:51.653Z,57072,1703000000,14000000000
2026-09-17T01:17:51.653Z,805,,4000000
2026-09-17T01:17:51.653Z,34752,20000000,798900000
2026-09-17T01:17:51.653Z,43704,250600000,34970000000
2026-09-17T01:17:51.653Z,37183,10050000000,13970000000
2026-09-17T01:17:51.653Z,46242,13000000,64990000
2026-09-17T01:17:51.653Z,26356,480000,52900000
2026-09-17T01:17:51.653Z,76211,,3001
2026-09-17T01:17:51.653Z,61187,,999700000
2026-09-17T01:17:51.653Z,83265,10000,189700
2026-09-17T01:17:51.653Z,83356,10000,298500
2026-09-17T01:17:51.653Z,44124,26730,1483000
2026-09-17T01:17:51.653Z,54328,1.11,530100
2026-09-17T01:17:51.653Z,46159,,15680000
2026-09-17T01:17:51.653Z,45588,34000000,38000000
2026-09-17T01:17:51.653Z,47063,2000000,4695000
2026-09-17T01:17:51.653Z,47058,5500000,9990000
2026-09-17T01:17:51.653Z,19261,9535000,16990000
2026-09-17T01:17:51.653Z,14401,,386900000
2026-09-17T01:17:51.653Z,13239,2011000,4411000
2026-09-17T01:17:51.653Z,25862,10000,348000
2026-09-17T01:17:51.653Z,28385,400500,744900
2026-09-17T01:17:51.653Z,12098,18310000,27790000
2026-09-17T01:17:51.653Z,18722,500200,1840000
2026-09-17T01:17:51.653Z,41445,,400000000
2026-09-17T01:17:51.653Z,28687,77260,129900
2026-09-17T01:17:51.653Z,28390,3528,996000
2026-09-17T01:17:51.653Z,24657,,590900000
2026-09-17T01:17:51.653Z,56981,60000,597800
2026-09-17T01:17:51.653Z,3387,351,158000
2026-09-17T01:17:51.653Z,46131,1128000,594400000
2026-09-17T01:17:51.653Z,16266,1,300000
2026-09-17T01:17:51.653Z,23819,75010000,97650000
2026-09-17T01:17:51.653Z,17424,9068,29070
2026-09-17T01:17:51.653Z,64195,72000000,112300000
2026-09-17T01:17:51.653Z,44123,141.7,3900000
2026-09-17T01:17:51.653Z,43859,998600000,1475000000
2026-09-17T01:17:51.653Z,85541,130700000,379500000
2026-09-17T01:17:51.653Z,41160,303300000,540000000
2026-09-17T01:17:51.653Z,55521,100000,794000
2026-09-17T01:17:51.653Z,29007,13000,20030
2026-09-17T01:17:51.653Z,56853,80510000,173500000
2026-09-17T01:17:51.653Z,34057,151000000,399800000
2026-09-17T01:17:51.653Z,85524,14900000,894900000
2026-09-17T01:17:51.653Z,94060,260400000,480200000
2026-09-17T01:17:51.653Z,83094,151200000,269900000
2026-09-17T01:17:51.653Z,44159,10000,2803000
2026-09-17T01:17:51.653Z,34157,102500000,999500000
2026-09-17T01:17:51.653Z,37548,1,3410000000
2026-09-17T01:17:51.653Z,91103,823600000,1708000000
2026-09-17T01:17:51.653Z,14746,4923000000,5790000000
2026-09-17T01:17:51.653Z,53187,31000000,190000000
2026-09-17T01:17:51.653Z,53375,250000,940200
2026-09-17T01:17:51.653Z,48187,4799000,19990000
2026-09-17T01:17:51.653Z,79755,200100000,356000000
2026-09-17T01:17:51.653Z,82390,10000,887600
2026-09-17T01:17:51.653Z,34672,15080000,72230000
2026-09-17T01:17:51.653Z,34609,73000000,724500000
2026-09-17T01:17:51.653Z,85154,10000,395800
2026-09-17T01:17:51.653Z,87460,2100000,29970000
2026-09-17T01:17:51.653Z,48210,25950000,997900000
2026-09-17T01:17:51.653Z,82345,200100,14990000
2026-09-17T01:17:51.653Z,82348,10000,1389000
2026-09-17T01:17:51.653Z,14852,772600000,1000000000
2026-09-17T01:17:51.653Z,45773,6500000,11150000
2026-09-17T01:17:51.653Z,90734,15000000,20100000
2026-09-17T01:17:51.653Z,25540,52580000,69800000
2026-09-17T01:17:51.653Z,75285,1900,3945
2026-09-17T01:17:51.653Z,17485,25290000,74980000
2026-09-17T01:17:51.653Z,34655,700000000,894800000
2026-09-17T01:17:51.653Z,56637,1000,2000000
2026-09-17T01:17:51.653Z,20138,81110,126800
2026-09-17T01:17:51.653Z,48216,400000000,3998000000
2026-09-17T01:17:51.653Z,36491,70000000,490000000
2026-09-17T01:17:51.653Z,87706,45010000,449900000
2026-09-17T01:17:51.653Z,15286,,2097000000
2026-09-17T01:17:51.653Z,36504,140000000,2670000000
2026-09-17T01:17:51.653Z,14381,2314000,2498000000
2026-09-17T01:17:51.653Z,46922,1000000,5495000
2026-09-17T01:17:51.653Z,46819,0.01,800000
2026-09-17T01:17:51.653Z,41052,658900,530000000
2026-09-17T01:17:51.653Z,15232,1005000,250000000
2026-09-17T01:17:51.653Z,15270,279000,190000000
2026-09-17T01:17:51.653Z,33808,,1000000000
2026-09-17T01:17:51.653Z,53422,9727000,1895000000
2026-09-17T01:17:51.653Z,73457,463500000,769900000
2026-09-17T01:17:51.653Z,27194,183000000,202000000
2026-09-17T01:17:51.653Z,50157,3558000000,8874000000
2026-09-17T01:17:51.653Z,87790,500000000,4800000000
2026-09-17T01:17:51.653Z,93612,117000000,300000000
2026-09-17T01:17:51.653Z,47550,50000,989000000
2026-09-17T01:17:51.653Z,43774,11030000,15000000
2026-09-17T01:17:51.653Z,84969,7795000,8054000000
2026-09-17T01:17:51.653Z,91082,26960,125000
2026-09-17T01:17:51.653Z,25346,14190,4000000
2026-09-17T01:17:51.653Z,19761,651200,1047000
2026-09-17T01:17:51.653Z,62048,1800000,3000000
2026-09-17T01:17:51.653Z,16443,10000,69990
2026-09-17T01:17:51.653Z,45798,15000000,28000000
2026-09-17T01:17:51.653Z,4135,133000000,999900000
2026-09-17T01:17:51.653Z,57422,53820000,179900000
2026-09-17T01:17:51.653Z,28387,135100,17890000
2026-09-17T01:17:51.653Z,45585,5581,700000
2026-09-17T01:17:51.653Z,46417,8209000,62870000
2026-09-17T01:17:51.653Z,34108,53210000,92370000
2026-09-17T01:17:51.653Z,42698,48000,839700
2026-09-17T01:17:51.653Z,31630,81700000,525800000
2026-09-17T01:17:51.653Z,20861,5263000,20100000
2026-09-17T01:17:51.653Z,33785,13070000,85440000
2026-09-17T01:17:51.653Z,14399,,6986000000
2026-09-17T01:17:51.653Z,91945,15400000,18980000
2026-09-17T01:17:51.653Z,43816,4100000,30100000
2026-09-17T01:17:51.653Z,47186,1000,300000
2026-09-17T01:17:51.653Z,20863,50000000,95900000
2026-09-17T01:17:51.653Z,42161,40020000,398000000
2026-09-17T01:17:51.653Z,49954,1529000000,25000000000
2026-09-17T01:17:51.653Z,35825,513200000,598800000
2026-09-17T01:17:51.653Z,42199,50000000,997400000
2026-09-17T01:17:51.653Z,46187,1000000,10070000
2026-09-17T01:17:51.653Z,28689,40120,100000
2026-09-17T01:17:51.653Z,53961,210000000,1440000000
2026-09-17T01:17:51.653Z,88893,32030000,1087000000
2026-09-17T01:17:51.653Z,23720,125000,1000000
2026-09-17T01:17:51.653Z,84961,4444000,5897000000
2026-09-17T01:17:51.653Z,15124,690000000,777400000
2026-09-17T01:17:51.653Z,34105,1009000000,9000000000
2026-09-17T01:17:51.653Z,52858,3.99,1199000000
2026-09-17T01:17:51.653Z,63208,99500000,994800000
2026-09-17T01:17:51.653Z,83832,202100,2398000
2026-09-17T01:17:51.653Z,95473,270100000,2200000000
2026-09-17T01:17:51.653Z,84339,200500,1400000
2026-09-17T01:17:51.653Z,44143,1000,965000
2026-09-17T01:17:51.653Z,57391,15230000,299900000
2026-09-17T01:17:51.653Z,15116,309300,386000000
2026-09-17T01:17:51.653Z,73228,1000000,14900000
2026-09-17T01:17:51.653Z,56212,609000000,3100000000
2026-09-17T01:17:51.653Z,59463,0.01,399000000
2026-09-17T01:17:51.653Z,62506,14730,30710
2026-09-17T01:17:51.653Z,1168,1051,2700000
2026-09-17T01:17:51.653Z,43727,50000000,14960000000
2026-09-17T01:17:51.653Z,34032,62520000,99910000
2026-09-17T01:17:51.653Z,9141,36200,48730
2026-09-17T01:17:51.653Z,36387,161000000,995000000
2026-09-17T01:17:51.653Z,15599,50310,104700
2026-09-17T01:17:51.653Z,33968,32010000,76640000
2026-09-17T01:17:51.653Z,49743,60560,98380
2026-09-17T01:17:51.653Z,42763,600000,2699000
2026-09-17T01:17:51.653Z,19547,110800000,122500000
2026-09-17T01:17:51.653Z,46852,10000,2788000
2026-09-17T01:17:51.653Z,54445,500000,758900000
2026-09-17T01:17:51.653Z,82592,75180000,739700000
2026-09-17T01:17:51.653Z,46900,20.1,4247000
2026-09-17T01:17:51.653Z,73426,711500000,2000000000
2026-09-17T01:17:51.653Z,1141,5,175000
2026-09-17T01:17:51.653Z,831,100,20000000
2026-09-17T01:17:51.653Z,48500,8005000,54730000
2026-09-17T01:17:51.653Z,23836,201600,5989000
2026-09-17T01:17:51.653Z,2178,6602,12870
2026-09-17T01:17:51.653Z,78821,500700000,4770000000
2026-09-17T01:17:51.653Z,3417,1003,59980
2026-09-17T01:17:51.653Z,28879,701200,990000
2026-09-17T01:17:51.653Z,17212,10240000,12460000
2026-09-17T01:17:51.653Z,55537,50010,864100
2026-09-17T01:17:51.653Z,54428,180600000,1175000000
2026-09-17T01:17:51.653Z,43836,169900000,768500000
2026-09-17T01:17:51.653Z,46195,1000000,10130000
2026-09-17T01:17:51.653Z,45062,300000000,1245000000
2026-09-17T01:17:51.653Z,11455,811700,2080000
2026-09-17T01:17:51.653Z,1145,1000,400000
2026-09-17T01:17:51.653Z,46194,1000000,10160000
2026-09-17T01:17:51.653Z,28511,15010000,300000000
2026-09-17T01:17:51.653Z,50156,3613000000,18250000000
2026-09-17T01:17:51.653Z,43789,451300,1900000
2026-09-17T01:17:51.653Z,46188,1000000,9995000
2026-09-17T01:17:51.653Z,44280,23250000,1998000000
2026-09-17T01:17:51.653Z,28692,36170,74990
2026-09-17T01:17:51.653Z,42622,22000000,4875000000
2026-09-17T01:17:51.653Z,46881,30850,1896000
2026-09-17T01:17:51.653Z,15150,10970000000,15480000000
2026-09-17T01:17:51.653Z,31977,57080000,70750000
2026-09-17T01:17:51.653Z,55597,0.02,77990
2026-09-17T01:17:51.653Z,839,,1250000
2026-09-17T01:17:51.653Z,46916,800100,6497000
2026-09-17T01:17:51.653Z,48499,11320000,111500000
2026-09-17T01:17:51.653Z,42553,51000000,599800000
2026-09-17T01:17:51.653Z,48147,177000000,1499000000
2026-09-17T01:17:51.653Z,11536,16060,18580
2026-09-17T01:17:51.653Z,26348,8.01,5350000
2026-09-17T01:17:51.653Z,17840,601,601.1
2026-09-17T01:17:51.653Z,85015,,3189000000
2026-09-17T01:17:51.653Z,14403,,692300000
2026-09-17T01:17:51.653Z,45509,100000000,749800000
2026-09-17T01:17:51.653Z,33745,35670000,80000000
2026-09-17T01:17:51.653Z,94314,,164900000
2026-09-17T01:17:51.653Z,57511,1608000,1589000000
2026-09-17T01:17:51.653Z,14916,153700000,182800000
2026-09-17T01:17:51.653Z,3343,0.01,523200
2026-09-17T01:17:51.653Z,42198,300000000,2897000000
2026-09-17T01:17:51.653Z,84334,8505000,24980000
2026-09-17T01:17:51.653Z,48501,5300000,44500000
2026-09-17T01:17:51.653Z,88656,20000,629200
2026-09-17T01:17:51.653Z,88655,540200,40160000
2026-09-17T01:17:51.653Z,62570,3030,5000
2026-09-17T01:17:51.653Z,95474,260900000,2999000000
2026-09-17T01:17:51.653Z,42185,560000000,1199000000
2026-09-17T01:17:51.653Z,48775,3.19,1497000
2026-09-17T01:17:51.653Z,85033,17100000,287100000
2026-09-17T01:17:51.653Z,42160,76260000,990000000
2026-09-17T01:17:51.653Z,33065,7410000,19000000
2026-09-17T01:17:51.653Z,36401,215000000,6999000000
2026-09-17T01:17:51.653Z,75906,50100000,998000000
2026-09-17T01:17:51.653Z,42152,1000000,250000000
2026-09-17T01:17:51.653Z,41473,211900000,498900000
2026-09-17T01:17:51.653Z,12207,3710000,9800000
2026-09-17T01:17:51.653Z,33928,158700000,209900000
2026-09-17T01:17:51.653Z,55340,10000,59900
2026-09-17T01:17:51.653Z,33925,80060000,80080000
2026-09-17T01:17:51.653Z,1170,82070,3294000
2026-09-17T01:17:51.653Z,56198,175400000,569600000
2026-09-17T01:17:51.653Z,45760,125000,1972000
2026-09-17T01:17:51.653Z,31458,78020,54990000
2026-09-17T01:17:51.653Z,48497,1000000,298000000
2026-09-17T01:17:51.653Z,37151,1005000000,1799000000
2026-09-17T01:17:51.653Z,17654,3.4,1495
2026-09-17T01:17:51.653Z,14832,909800000,2108000000
2026-09-17T01:17:51.653Z,36957,77660000,187700000
2026-09-17T01:17:51.653Z,46787,10130,7332000
2026-09-17T01:17:51.653Z,90322,15380000,34900000
2026-09-17T01:17:51.653Z,16227,40170000,57480000
2026-09-17T01:17:51.653Z,62671,1,300000000
2026-09-17T01:17:51.653Z,27539,1583000,4999000000
2026-09-17T01:17:51.653Z,46156,6027000,36900000
2026-09-17T01:17:51.653Z,84105,385100000,1625000000
2026-09-17T01:17:51.653Z,45658,,13000000
2026-09-17T01:17:51.653Z,62673,2995000,300000000
2026-09-17T01:17:51.653Z,41154,222300000,724500000
2026-09-17T01:17:51.653Z,83300,10000,117400
2026-09-17T01:17:51.653Z,81953,55710,498000
2026-09-17T01:17:51.653Z,53430,900800000,9990000000
2026-09-17T01:17:51.653Z,77738,1001000000,2630000000
2026-09-17T01:17:51.653Z,47144,15000000,21940000
2026-09-17T01:17:51.653Z,62677,,912750000
2026-09-17T01:17:51.653Z,37896,26000,399500
2026-09-17T01:17:51.653Z,40669,405100000,900000000
2026-09-17T01:17:51.653Z,31470,41090,10000000
2026-09-17T01:17:51.653Z,17624,450,100000
2026-09-17T01:17:51.653Z,2019,,250000
2026-09-17T01:17:51.653Z,61869,96550000,175600000
2026-09-17T01:17:51.653Z,37892,4110,501800
2026-09-17T01:17:51.653Z,46805,100100,13880000
2026-09-17T01:17:51.653Z,57066,109100000,745000000
2026-09-17T01:17:51.653Z,88543,1000,197400
2026-09-17T01:17:51.653Z,83308,10000,185500
2026-09-17T01:17:51.653Z,53368,16410,934300
2026-09-17T01:17:51.653Z,76169,1007,4700000
2026-09-17T01:17:51.653Z,36510,120000000,1680000000
2026-09-17T01:17:51.653Z,77173,24010000,40000000
2026-09-17T01:17:51.653Z,46950,1187000,4987000
2026-09-17T01:17:51.653Z,25895,,2369000
2026-09-17T01:17:51.653Z,23051,904.4,2464
2026-09-17T01:17:51.653Z,25907,24990,1500000
2026-09-17T01:17:51.653Z,90565,450700,1450000
2026-09-17T01:17:51.653Z,41494,4523000000,6500000000
2026-09-17T01:17:51.653Z,22925,4569000,44700000
2026-09-17T01:17:51.653Z,59226,378400000,8895000000
2026-09-17T01:17:51.653Z,88357,80010,1097000
2026-09-17T01:17:51.653Z,4388,45000000000,169400000000
2026-09-17T01:17:51.653Z,55560,1000,129900
2026-09-17T01:17:51.653Z,88579,20000,1384000
2026-09-17T01:17:51.653Z,46859,17110,8000000
2026-09-17T01:17:51.653Z,46885,25000,975000
2026-09-17T01:17:51.653Z,48861,11000000,1737000000
2026-09-17T01:17:51.653Z,19994,10.2,30
2026-09-17T01:17:51.653Z,34694,60000000,945000000
2026-09-17T01:17:51.653Z,89934,282600,1894000
2026-09-17T01:17:51.653Z,15108,17000000000,23600000000
2026-09-17T01:17:51.653Z,14672,,1200000000
2026-09-17T01:17:51.653Z,31398,78100,69260000
2026-09-17T01:17:51.653Z,31566,284000,175000000
2026-09-17T01:17:51.653Z,36298,125600000,1100000000
2026-09-17T01:17:51.653Z,60569,0.01,3499000000
2026-09-17T01:17:51.653Z,63175,18000000,194000000
2026-09-17T01:17:51.653Z,56956,704500000,4951000000
2026-09-17T01:17:51.653Z,50041,,124000000
2026-09-17T01:17:51.653Z,59228,410700000,8606000000
2026-09-17T01:17:51.653Z,37229,232500000,479000000
2026-09-17T01:17:51.653Z,31375,,60000000
2026-09-17T01:17:51.653Z,56197,1054000000,3000000000
2026-09-17T01:17:51.653Z,41460,100800000,574300000
2026-09-17T01:17:51.653Z,24653,91700000,389000000
2026-09-17T01:17:51.653Z,78816,1234000000,2771000000
2026-09-17T01:17:51.653Z,31721,1.05,49000000
2026-09-17T01:17:51.653Z,26078,51610,234000
2026-09-17T01:17:51.653Z,31757,0.02,49000000
2026-09-17T01:17:51.653Z,47121,14130000,77640000
2026-09-17T01:17:51.653Z,46993,170,1392000
2026-09-17T01:17:51.653Z,54912,804000000,9008000000
2026-09-17T01:17:51.653Z,24655,55500000,253900000
2026-09-17T01:17:51.653Z,42644,45000000,8843000000
2026-09-17T01:17:51.653Z,32089,,297800
2026-09-17T01:17:51.653Z,59868,9998000,999000000
2026-09-17T01:17:51.653Z,31275,,246400
2026-09-17T01:17:51.653Z,4164,130000000,350000000
2026-09-17T01:17:51.653Z,36382,96100000,1001000000
2026-09-17T01:17:51.653Z,19169,81010000,140000000
2026-09-17T01:17:51.653Z,2041,61000,219900000
2026-09-17T01:17:51.653Z,13965,11770000,19380000
2026-09-17T01:17:51.653Z,3539,,799900
2026-09-17T01:17:51.653Z,15268,55240000,229200000
2026-09-17T01:17:51.653Z,34364,880000000,1602000000
2026-09-17T01:17:51.653Z,88629,20000,2992000
2026-09-17T01:17:51.653Z,62590,10850000,11500000
2026-09-17T01:17:51.653Z,23729,12000,35000
2026-09-17T01:17:51.653Z,15410,188800000,888800000
2026-09-17T01:17:51.653Z,63780,22020,399000
2026-09-17T01:17:51.653Z,40490,35560000,329200000
2026-09-17T01:17:51.653Z,42651,38000000,2000000000
2026-09-17T01:17:51.653Z,14848,151800000,972800000
2026-09-17T01:17:51.653Z,36766,10000000,899900000
2026-09-17T01:17:51.653Z,31804,,179900000
2026-09-17T01:17:51.653Z,41223,28560000,130900000
2026-09-17T01:17:51.653Z,40771,1001000,20010000
2026-09-17T01:17:51.653Z,94064,478500000,649800000
2026-09-17T01:17:51.653Z,31696,,300000000
2026-09-17T01:17:51.653Z,88712,4368000000,8992000000
2026-09-17T01:17:51.653Z,49816,0.01,2400000000
2026-09-17T01:17:51.653Z,60338,74230,33000000
2026-09-17T01:17:51.653Z,63644,910000,5277000
2026-09-17T01:17:51.653Z,4396,,1500000
2026-09-17T01:17:51.653Z,33823,5000,200000
2026-09-17T01:17:51.653Z,86274,0.01,109600000
2026-09-17T01:17:51.653Z,46725,93500000,2918000000
2026-09-17T01:17:51.653Z,27530,1005000000,1750000000
2026-09-17T01:17:51.653Z,46312,250,12000
2026-09-17T01:17:51.653Z,14851,72000000,720000000
2026-09-17T01:17:51.653Z,31916,21360000,29890000
2026-09-17T01:17:51.653Z,46853,252700,7098000
2026-09-17T01:17:51.653Z,95266,35320000,125000000
2026-09-17T01:17:51.653Z,88263,515300000,5000000000
2026-09-17T01:17:51.653Z,44944,2048000,14900000
2026-09-17T01:17:51.653Z,18933,59770000,84890000
2026-09-17T01:17:51.653Z,71732,6235000,1757000000
2026-09-17T01:17:51.653Z,31265,10000,1200000
2026-09-17T01:17:51.653Z,31289,10000,785000
2026-09-17T01:17:51.653Z,31349,10000,850000
2026-09-17T01:17:51.653Z,79721,148800,4982000
2026-09-17T01:17:51.653Z,73251,12010,100100
2026-09-17T01:17:51.653Z,46807,2101000,13880000
2026-09-17T01:17:51.653Z,32026,5000,225000
2026-09-17T01:17:51.653Z,93237,4405000,29890000
2026-09-17T01:17:51.653Z,27633,2689000,14970000
2026-09-17T01:17:51.653Z,40357,123400000,140000000
2026-09-17T01:17:51.653Z,32070,5000,225000
2026-09-17T01:17:51.653Z,48428,17250,136800
2026-09-17T01:17:51.653Z,34690,101300000,948500000
2026-09-17T01:17:51.653Z,834,1000,25000
2026-09-17T01:17:51.653Z,91946,34390000,133200000
2026-09-17T01:17:51.653Z,91924,51170000,110900000
2026-09-17T01:17:51.653Z,33722,80000000,2000000000
2026-09-17T01:17:51.653Z,31299,5000,200000
2026-09-17T01:17:51.653Z,15118,120100000,499900000
2026-09-17T01:17:51.653Z,12345,,1000000
2026-09-17T01:17:51.653Z,32082,5000,250000
2026-09-17T01:17:51.653Z,1159,,9990000
2026-09-17T01:17:51.653Z,33378,257200000,877500000
2026-09-17T01:17:51.653Z,46582,16240000000,37900000000
2026-09-17T01:17:51.653Z,47629,44030000,79990000
2026-09-17T01:17:51.653Z,12355,,10000000
2026-09-17T01:17:51.653Z,32090,5000,250000
2026-09-17T01:17:51.653Z,14200,6800000,12990000
2026-09-17T01:17:51.653Z,55932,9296000,9700000
2026-09-17T01:17:51.653Z,77164,150000000,499800000
2026-09-17T01:17:51.653Z,93611,70400000,175000000
2026-09-17T01:17:51.653Z,59462,,699000000
2026-09-17T01:17:51.653Z,55528,1.13,44990
2026-09-17T01:17:51.653Z,14688,6338000000,8000000000
2026-09-17T01:17:51.653Z,33023,1800000,4000000
2026-09-17T01:17:51.653Z,57061,103400000,2777000000
2026-09-17T01:17:51.653Z,84942,679600000,843800000
2026-09-17T01:17:51.653Z,33049,100000,2000000
2026-09-17T01:17:51.653Z,15142,1930000000,2065000000
2026-09-17T01:17:51.653Z,33045,250100,2000000
2026-09-17T01:17:51.653Z,14772,564000000,745800000
2026-09-17T01:17:51.653Z,16603,4890000000,5275000000
2026-09-17T01:17:51.653Z,15120,151000000,380600000
2026-09-17T01:17:51.653Z,34640,550500000,2751000000
2026-09-17T01:17:51.653Z,20207,1051000000,1253000000
2026-09-17T01:17:51.653Z,53024,9504000000,23420000000
2026-09-17T01:17:51.653Z,14816,34000000,501600000
2026-09-17T01:17:51.653Z,32091,0.02,1483000
2026-09-17T01:17:51.653Z,78406,1971000000,8000000000
2026-09-17T01:17:51.653Z,59819,277500000,3895000000
2026-09-17T01:17:51.653Z,14846,,6444000000
2026-09-17T01:17:51.653Z,53154,250000,13640000
2026-09-17T01:17:51.653Z,30325,9001000,15900000
2026-09-17T01:17:51.653Z,46796,19.07,3290000
2026-09-17T01:17:51.653Z,25932,,850000
2026-09-17T01:17:51.653Z,46932,75000,2995000
2026-09-17T01:17:51.653Z,46015,250100,12240000000
2026-09-17T01:17:51.653Z,88178,20010000,1000000000
2026-09-17T01:17:51.653Z,47624,6200000,39990000
2026-09-17T01:17:51.653Z,3997,17000000,1700000000
2026-09-17T01:17:51.653Z,41159,21320000,100000000
2026-09-17T01:17:51.653Z,31743,10020,780000
2026-09-17T01:17:51.653Z,20835,150000,150100
2026-09-17T01:17:51.653Z,57787,118200000,2002000000
2026-09-17T01:17:51.653Z,27437,134900,317500
2026-09-17T01:17:51.653Z,848,,16780000
2026-09-17T01:17:51.653Z,82346,1000,259900
2026-09-17T01:17:51.653Z,13255,12350000,16770000
2026-09-17T01:17:51.653Z,29085,117700,738900
2026-09-17T01:17:51.653Z,31325,10000,785000
2026-09-17T01:17:51.653Z,91086,60000000,250000000
2026-09-17T01:17:51.653Z,45786,1200000,9279000
2026-09-17T01:17:51.653Z,52871,100100,1891000000
2026-09-17T01:17:51.653Z,20919,70.11,70.12
2026-09-17T01:17:51.653Z,27597,502900000,1100000000
2026-09-17T01:17:51.653Z,34686,3000000,39900000
2026-09-17T01:17:51.653Z,11358,1000,1129000
2026-09-17T01:17:51.653Z,42178,1000000,478900000
2026-09-17T01:17:51.653Z,27542,182400,19640000
2026-09-17T01:17:51.653Z,59181,122000,563300
2026-09-17T01:17:51.653Z,91613,105000000,6399000000
2026-09-17T01:17:51.653Z,41255,851500000,1988000000
2026-09-17T01:17:51.653Z,88787,870200,4798000
2026-09-17T01:17:51.653Z,36646,0.01,5000000000
2026-09-17T01:17:51.653Z,36288,0.01,6025000000
2026-09-17T01:17:51.653Z,56882,45000000,199900000
2026-09-17T01:17:51.653Z,81353,2110000,26990000
2026-09-17T01:17:51.653Z,56975,10.02,199900
2026-09-17T01:17:51.653Z,56980,12.17,89900
2026-09-17T01:17:51.653Z,92568,161,749
2026-09-17T01:17:51.653Z,77402,,799800000
2026-09-17T01:17:51.653Z,81615,70110000,619600000
2026-09-17T01:17:51.653Z,3110,112400,10000000
2026-09-17T01:17:51.653Z,60950,21000000,550000000
2026-09-17T01:17:51.653Z,82344,720000,2000000
2026-09-17T01:17:51.653Z,49948,8004000000,359900000000
2026-09-17T01:17:51.653Z,17288,5200,11500000
2026-09-17T01:17:51.653Z,83591,4020000,90000000
2026-09-17T01:17:51.653Z,49146,98000000,399000000
2026-09-17T01:17:51.653Z,34792,5200000,34980000
2026-09-17T01:17:51.653Z,85013,3337000,3537000000
2026-09-17T01:17:51.653Z,4237,500000,14000000
2026-09-17T01:17:51.653Z,33377,1626000000,2994000000
2026-09-17T01:17:51.653Z,59829,200000,249900000
2026-09-17T01:17:51.653Z,62226,1096000000,2636000000
2026-09-17T01:17:51.653Z,609,211700,418000
2026-09-17T01:17:51.653Z,28199,1934000,2516000
2026-09-17T01:17:51.653Z,73248,100000,100100
2026-09-17T01:17:51.653Z,48651,149800000,2000000000
2026-09-17T01:17:51.653Z,61194,10000000,696900000
2026-09-17T01:17:51.653Z,34429,30050,309800
2026-09-17T01:17:51.653Z,33291,33310000,387900000
2026-09-17T01:17:51.653Z,48588,1,850000
2026-09-17T01:17:51.653Z,62453,150000000,340000000
2026-09-17T01:17:51.653Z,54226,,443800
2026-09-17T01:17:51.653Z,46379,33010000,898500000
2026-09-17T01:17:51.653Z,46936,1505,700000
2026-09-17T01:17:51.653Z,31676,4059000,10530000
2026-09-17T01:17:51.653Z,88894,110000000,493500000
2026-09-17T01:17:51.653Z,46970,2001,2440000
2026-09-17T01:17:51.653Z,15666,60000,990800
2026-09-17T01:17:51.653Z,85879,210000000,244900000
2026-09-17T01:17:51.653Z,82497,198200000,369000000
2026-09-17T01:17:51.653Z,90124,205200000,297900000
2026-09-17T01:17:51.653Z,36316,166600000,5025000000
2026-09-17T01:17:51.653Z,37522,9241000,2749000000
2026-09-17T01:17:51.653Z,36289,13070000,3525000000
2026-09-17T01:17:51.653Z,37492,135600000,5025000000
2026-09-17T01:17:51.653Z,46412,36150000,2525000000
2026-09-17T01:17:51.653Z,36315,225000000,5025000000
2026-09-17T01:17:51.653Z,34678,12500000,1864000000
2026-09-17T01:17:51.653Z,36293,998000,998900000
2026-09-17T01:17:51.653Z,40621,55660000,2525000000
2026-09-17T01:17:51.653Z,12297,1000000,9600000
2026-09-17T01:17:51.653Z,36347,600000000,1470000000
2026-09-17T01:17:51.653Z,17348,,9000000
2026-09-17T01:17:51.653Z,73373,110000,1000000
2026-09-17T01:17:51.653Z,4001,12060000,489000000
2026-09-17T01:17:51.653Z,845,75000,7191000
2026-09-17T01:17:51.653Z,33774,100000000,980000000
2026-09-17T01:17:51.653Z,45520,9301000,44990000
2026-09-17T01:17:51.653Z,37521,605400000,4669000000
2026-09-17T01:17:51.653Z,46722,101000,1500000
2026-09-17T01:17:51.653Z,32863,59960,3586000
2026-09-17T01:17:51.653Z,53244,65000000,320000000
2026-09-17T01:17:51.653Z,36377,335100000,3344000000
2026-09-17T01:17:51.653Z,31266,,49580000
2026-09-17T01:17:51.653Z,76240,135000000,1999000000
2026-09-17T01:17:51.653Z,37164,250000000,2997000000
2026-09-17T01:17:51.653Z,956,1506,4300000
2026-09-17T01:17:51.653Z,53308,70000000,99000000
2026-09-17T01:17:51.653Z,42573,21000000,300000000
2026-09-17T01:17:51.653Z,36639,46300000,1499000000
2026-09-17T01:17:51.653Z,62227,76000000,615000000
2026-09-17T01:17:51.653Z,40579,55660000,2525000000
2026-09-17T01:17:51.653Z,36814,87010000,2525000000
2026-09-17T01:17:51.653Z,40467,0.01,2500000000
2026-09-17T01:17:51.653Z,36751,6997000,2525000000
2026-09-17T01:17:51.653Z,36820,1000000,5025000000
2026-09-17T01:17:51.653Z,40624,270000000,5025000000
2026-09-17T01:17:51.653Z,46729,,2500000000
2026-09-17T01:17:51.653Z,46904,200100,2000000
2026-09-17T01:17:51.653Z,46955,137500,1300000
2026-09-17T01:17:51.653Z,85404,60000,1083000
2026-09-17T01:17:51.653Z,34814,70010000,9500000000
2026-09-17T01:17:51.653Z,15078,3391000000,3650000000
2026-09-17T01:17:51.653Z,56711,5430000,11400000
2026-09-17T01:17:51.653Z,23618,50310,80000
2026-09-17T01:17:51.653Z,90039,60190000,170000000
2026-09-17T01:17:51.653Z,34808,170000000,1685000000
2026-09-17T01:17:51.653Z,87512,17010000,53000000
2026-09-17T01:17:51.653Z,19694,107400000,119000000
2026-09-17T01:17:51.653Z,32982,30010,39980000
2026-09-17T01:17:51.653Z,85931,110700000,189200000
2026-09-17T01:17:51.653Z,34725,136200000,2885000000
2026-09-17T01:17:51.653Z,42567,2100000,57790000
2026-09-17T01:17:51.653Z,45965,209000,9955000
2026-09-17T01:17:51.653Z,33812,364500000,976300000
2026-09-17T01:17:51.653Z,36482,46140000,1000000000
2026-09-17T01:17:51.653Z,20704,,51002322
2026-09-17T01:17:51.653Z,59827,50000000,2120000000
2026-09-17T01:17:51.653Z,81072,,5400000
2026-09-17T01:17:51.653Z,48725,1092000000,1597000000
2026-09-17T01:17:51.653Z,36762,25060000,2525000000
2026-09-17T01:17:51.653Z,40498,5000000,4525000000
2026-09-17T01:17:51.653Z,36706,77510000,2525000000
2026-09-17T01:17:51.653Z,36718,1001000,2525000000
2026-09-17T01:17:51.653Z,36824,1333000,5025000000
2026-09-17T01:17:51.653Z,37514,66460000,4998000000
2026-09-17T01:17:51.653Z,37485,0.01,5025000000
2026-09-17T01:17:51.653Z,46844,300100,8000000
2026-09-17T01:17:51.653Z,31541,,1500000
2026-09-17T01:17:51.653Z,93364,45000000,78790000
2026-09-17T01:17:51.653Z,84122,96410000,189900000
2026-09-17T01:17:51.653Z,10247,14510000,29980000
2026-09-17T01:17:51.653Z,53603,27000000,273000000
2026-09-17T01:17:51.653Z,21042,,1393368000
2026-09-17T01:17:51.653Z,53666,167900000,389800000
2026-09-17T01:17:51.653Z,37056,3000000000,49440000000
2026-09-17T01:17:51.653Z,4165,46130000,100100000
2026-09-17T01:17:51.653Z,46889,2.01,1382000
2026-09-17T01:17:51.653Z,81362,110000000,880000000
2026-09-17T01:17:51.653Z,93656,120000000,160000000
2026-09-17T01:17:51.653Z,36836,9022000,8724000000
2026-09-17T01:17:51.653Z,36708,3102000,2525000000
2026-09-17T01:17:51.653Z,36839,0.01,2525000000
2026-09-17T01:17:51.653Z,36835,9938000,3025000000
2026-09-17T01:17:51.653Z,21868,,600000
2026-09-17T01:17:51.653Z,53020,6313000,6399000000
2026-09-17T01:17:51.653Z,20016,78710,289700
2026-09-17T01:17:51.653Z,11588,,833900
2026-09-17T01:17:51.653Z,14670,19900000,86000000000
2026-09-17T01:17:51.653Z,32440,1406,6437
2026-09-17T01:17:51.653Z,22891,53780000,127900000
2026-09-17T01:17:51.653Z,79713,88000,687800
2026-09-17T01:17:51.653Z,2009,,485000000
2026-09-17T01:17:51.653Z,54742,96300000,119800000
2026-09-17T01:17:51.653Z,25921,24990,1350000
2026-09-17T01:17:51.653Z,45863,3001000,8870000
2026-09-17T01:17:51.653Z,70838,98320000,400000000
2026-09-17T01:17:51.653Z,52597,32000000,398800000
2026-09-17T01:17:51.653Z,45862,1479000,72300000
2026-09-17T01:17:51.653Z,84743,2100000000,4730000000
2026-09-17T01:17:51.653Z,25925,24990,1500000
2026-09-17T01:17:51.653Z,1302,86830,8683000
2026-09-17T01:17:51.653Z,32326,35010000,319900000
2026-09-17T01:17:51.653Z,32092,10000,1500000
2026-09-17T01:17:51.653Z,32052,10000,850000
2026-09-17T01:17:51.653Z,32084,10000,785000
2026-09-17T01:17:51.653Z,41152,22440000,54600000
2026-09-17T01:17:51.653Z,20837,250200,250300
2026-09-17T01:17:51.653Z,25913,24990,1500000
2026-09-17T01:17:51.653Z,59474,1000000,7498000000
2026-09-17T01:17:51.653Z,52442,280100000,1880000000
2026-09-17T01:17:51.653Z,60161,451500,188500000
2026-09-17T01:17:51.653Z,78766,50000,500000
2026-09-17T01:17:51.653Z,25915,25000,1500000
2026-09-17T01:17:51.653Z,48770,1.07,149500
2026-09-17T01:17:51.653Z,33219,300000,30000000
2026-09-17T01:17:51.653Z,57531,30490000,449000000
2026-09-17T01:17:51.653Z,23918,494700000,18000000000
2026-09-17T01:17:51.653Z,27767,5000000,14930000
2026-09-17T01:17:51.653Z,25911,24990,2000000
2026-09-17T01:17:51.653Z,20755,41.4,986.4
2026-09-17T01:17:51.653Z,36667,750000000,9500000000
2026-09-17T01:17:51.653Z,54761,110000000,749000000
2026-09-17T01:17:51.653Z,46118,0.01,179900000
2026-09-17T01:17:51.653Z,28428,53.17,1500
2026-09-17T01:17:51.653Z,76285,1605000000,4596000000
2026-09-17T01:17:51.653Z,23954,48020,481400000
2026-09-17T01:17:51.653Z,32099,10000,100000000
2026-09-17T01:17:51.653Z,33459,38220000,142200000
2026-09-17T01:17:51.653Z,1318,,17000
2026-09-17T01:17:51.653Z,25951,24990,1308000
2026-09-17T01:17:51.653Z,2054,61000,242000000
2026-09-17T01:17:51.653Z,40672,1312000,28000000
2026-09-17T01:17:51.653Z,34064,2711000000,9667000000
2026-09-17T01:17:51.653Z,46378,233000000,999900000
2026-09-17T01:17:51.653Z,31488,2008000,14990000
2026-09-17T01:17:51.653Z,81073,,7000000
2026-09-17T01:17:51.653Z,15282,5340000000,6122000000
2026-09-17T01:17:51.653Z,73912,157900000,280000000
2026-09-17T01:17:51.653Z,92002,,17980
2026-09-17T01:17:51.653Z,14942,555000000,1749000000
2026-09-17T01:17:51.653Z,11877,0.01,750000
2026-09-17T01:17:51.653Z,14844,3656000000,6315000000
2026-09-17T01:17:51.653Z,23866,34250,37880000
2026-09-17T01:17:51.653Z,62053,20000,3750000
2026-09-17T01:17:51.653Z,53488,14020,1000000
2026-09-17T01:17:51.653Z,54768,9915000,988600000
2026-09-17T01:17:51.653Z,53513,250800,11380000
2026-09-17T01:17:51.653Z,53498,506300,2799000
2026-09-17T01:17:51.653Z,91084,704000,2999000
2026-09-17T01:17:51.653Z,45796,11310000,45000000
2026-09-17T01:17:51.653Z,48836,1066000,100100000
2026-09-17T01:17:51.653Z,3717,157.1,15520
2026-09-17T01:17:51.653Z,91406,163000,899700
2026-09-17T01:17:51.653Z,18785,99000,1193000
2026-09-17T01:17:51.653Z,73458,500000,1501000
2026-09-17T01:17:51.653Z,14453,,4800000000
2026-09-17T01:17:51.653Z,31287,,125000
2026-09-17T01:17:51.653Z,23702,5000,59600
2026-09-17T01:17:51.653Z,23079,225000,245000
2026-09-17T01:17:51.653Z,49956,713100000,980000000
2026-09-17T01:17:51.653Z,61871,6991000,22490000
2026-09-17T01:17:51.653Z,4103,46820000,108700000
2026-09-17T01:17:51.653Z,56917,251100,328800000
2026-09-17T01:17:51.653Z,15699,,900000
2026-09-17T01:17:51.653Z,41584,775200000,1050000000
2026-09-17T01:17:51.653Z,82589,14010000,135000000
2026-09-17T01:17:51.653Z,46135,86930000,622900000
2026-09-17T01:17:51.653Z,41622,,65000000
2026-09-17T01:17:51.653Z,16060,4900000,16000000
2026-09-17T01:17:51.653Z,56196,26100000,4217000000
2026-09-17T01:17:51.653Z,53207,200600,37790000
2026-09-17T01:17:51.653Z,31081,104300000,447200000
2026-09-17T01:17:51.653Z,46971,25000,3850000
2026-09-17T01:17:51.653Z,20937,3013,11190
2026-09-17T01:17:51.653Z,890,,1290000
2026-09-17T01:17:51.653Z,88685,200000,800000
2026-09-17T01:17:51.653Z,14417,150000000,700000000
2026-09-17T01:17:51.653Z,62478,805.1,2903
2026-09-17T01:17:51.653Z,44949,75000000,93890000
2026-09-17T01:17:51.653Z,56613,142000000,999100000
2026-09-17T01:17:51.653Z,63687,2000000,2999000000
2026-09-17T01:17:51.653Z,95405,170000000,319900000
2026-09-17T01:17:51.653Z,45498,601.5,199900
2026-09-17T01:17:51.653Z,53018,1001000000,14760000000
2026-09-17T01:17:51.653Z,16596,22480000,37990000
2026-09-17T01:17:51.653Z,81118,21020000,88880000
2026-09-17T01:17:51.653Z,46863,1002000,9000000
2026-09-17T01:17:51.653Z,94011,240200000,1380000000
2026-09-17T01:17:51.653Z,20190,600200000,1979000000
2026-09-17T01:17:51.653Z,3419,502.7,166700
2026-09-17T01:17:51.653Z,58870,52000,990000
2026-09-17T01:17:51.653Z,47167,1,450000000
2026-09-17T01:17:51.653Z,45907,1000000,9460000
2026-09-17T01:17:51.653Z,36955,150000000,200000000
2026-09-17T01:17:51.653Z,85735,321300000,900000000
2026-09-17T01:17:51.653Z,52304,200000000,890000000
2026-09-17T01:17:51.653Z,34738,134600,6999000
2026-09-17T01:17:51.653Z,1165,,250000
2026-09-17T01:17:51.653Z,29002,24990,1500000
2026-09-17T01:17:51.653Z,2575,1204000,1465000
2026-09-17T01:17:51.653Z,29004,1024000,50000000
2026-09-17T01:17:51.653Z,84683,57670000,200000000
2026-09-17T01:17:51.653Z,40718,88550000,365000000
2026-09-17T01:17:51.653Z,3087,400000000,799900000
2026-09-17T01:17:51.653Z,46777,50000,1748000
2026-09-17T01:17:51.653Z,46811,1371000,4097000
2026-09-17T01:17:51.653Z,3150,54560000,154300000
2026-09-17T01:17:51.653Z,73250,11750,759600
2026-09-17T01:17:51.653Z,27621,169000,16970000
2026-09-17T01:17:51.653Z,48730,37600000,208900000
2026-09-17T01:17:51.653Z,12092,150000,2900000
2026-09-17T01:17:51.653Z,43799,30750000,89000000
2026-09-17T01:17:51.653Z,46427,45050000,2292000000
2026-09-17T01:17:51.653Z,1227,100.1,125
2026-09-17T01:17:51.653Z,87779,92010000,277900000
2026-09-17T01:17:51.653Z,55817,1051000,493000000
2026-09-17T01:17:51.653Z,31708,1189000,79990000
2026-09-17T01:17:51.653Z,37222,106200000,113000000
2026-09-17T01:17:51.653Z,76286,901000000,5199000000
2026-09-17T01:17:51.653Z,34749,171600000,848400000
2026-09-17T01:17:51.653Z,16059,4510000,29750000
2026-09-17T01:17:51.653Z,88892,298900000,745000000
2026-09-17T01:17:51.653Z,46116,55360000,799900000
2026-09-17T01:17:51.653Z,29048,0.01,15000000
2026-09-17T01:17:51.653Z,36486,41030000,648500000
2026-09-17T01:17:51.653Z,27616,2208000,36210000
2026-09-17T01:17:51.653Z,55862,10420,2999000
2026-09-17T01:17:51.653Z,17332,,7000000
2026-09-17T01:17:51.653Z,33717,16110000,80000000
2026-09-17T01:17:51.653Z,46709,100000,9999000000
2026-09-17T01:17:51.653Z,62634,112100000,150200000
2026-09-17T01:17:51.653Z,47529,203400000,5990000000
2026-09-17T01:17:51.653Z,59336,100000,125000000
2026-09-17T01:17:51.653Z,56983,15.45,19970
2026-09-17T01:17:51.653Z,53509,1012000,42240000
2026-09-17T01:17:51.653Z,93347,2300000,30010000
2026-09-17T01:17:51.653Z,37232,80010000,121000000
2026-09-17T01:17:51.653Z,17338,,9000000
2026-09-17T01:17:51.653Z,80017,,7900
2026-09-17T01:17:51.653Z,80022,256.3,16200
2026-09-17T01:17:51.653Z,979,30610000,89000000
2026-09-17T01:17:51.653Z,995,702000000,1317000000
2026-09-17T01:17:51.653Z,81014,25000000,297700000
2026-09-17T01:17:51.653Z,45558,1006000,999000000
2026-09-17T01:17:51.653Z,42165,485000000,1099000000
2026-09-17T01:17:51.653Z,971,55210000,107800000
2026-09-17T01:17:51.653Z,31624,25300,245000000
2026-09-17T01:17:51.653Z,844,,3135000
2026-09-17T01:17:51.653Z,52290,127900,1899000
2026-09-17T01:17:51.653Z,46887,0.02,499700
2026-09-17T01:17:51.653Z,43717,50000000,19970000000
2026-09-17T01:17:51.653Z,73452,1733000000,5000000000
2026-09-17T01:17:51.653Z,79614,2014000000,3199000000
2026-09-17T01:17:51.653Z,47536,100000000,5000000000
2026-09-17T01:17:51.653Z,43708,50000000,19970000000
2026-09-17T01:17:51.653Z,29072,0.01,15000000
2026-09-17T01:17:51.653Z,23807,5047000,49900000
2026-09-17T01:17:51.653Z,3303,502.5,99000
2026-09-17T01:17:51.653Z,3415,63020000,120000000
2026-09-17T01:17:51.653Z,56952,118000000,1148000000
2026-09-17T01:17:51.653Z,23060,25010000,293900000
2026-09-17T01:17:51.653Z,74144,500000,13750000
2026-09-17T01:17:51.653Z,71729,485100000,4800000000
2026-09-17T01:17:51.653Z,56924,3334000,347900000
2026-09-17T01:17:51.653Z,42876,500,10830000
2026-09-17T01:17:51.653Z,43719,125000000,19700000000
2026-09-17T01:17:51.653Z,27445,389.2,1328
2026-09-17T01:17:51.653Z,41104,101800000,349900000
2026-09-17T01:17:51.653Z,29082,0.01,15000000
2026-09-17T01:17:51.653Z,37490,170000000,1700000000
2026-09-17T01:17:51.653Z,48149,619500000,1480000000
2026-09-17T01:17:51.653Z,846,,10520000
2026-09-17T01:17:51.653Z,60564,486000000,4400000000
2026-09-17T01:17:51.653Z,37171,50000000,19970000000
2026-09-17T01:17:51.653Z,59473,24610000,649300000
2026-09-17T01:17:51.653Z,827,,2313000
2026-09-17T01:17:51.653Z,31942,24790000,30050000
2026-09-17T01:17:51.653Z,36834,26220000,197400000
2026-09-17T01:17:51.653Z,21266,5703000,19900000
2026-09-17T01:17:51.653Z,59867,6499000,1199000000
2026-09-17T01:17:51.653Z,824,,1262000
2026-09-17T01:17:51.653Z,83380,40010,919000
2026-09-17T01:17:51.653Z,46981,1203000,4900000
2026-09-17T01:17:51.653Z,17340,,7000000
2026-09-17T01:17:51.653Z,12220,,40000000
2026-09-17T01:17:51.653Z,48755,11000000,198200000
2026-09-17T01:17:51.653Z,31623,10000,1000000
2026-09-17T01:17:51.653Z,41412,,60000000
2026-09-17T01:17:51.653Z,17329,,6000000
2026-09-17T01:17:51.653Z,843,,2628000
2026-09-17T01:17:51.653Z,48504,1010000,90000000
2026-09-17T01:17:51.653Z,15102,3600000000,4899000000
2026-09-17T01:17:51.653Z,91282,28720000,50370000
2026-09-17T01:17:51.653Z,88646,10000,1806000
2026-09-17T01:17:51.653Z,60225,103300000,799800000
2026-09-17T01:17:51.653Z,77725,300500000,548200000
2026-09-17T01:17:51.653Z,40674,,46000000
2026-09-17T01:17:51.653Z,59466,,1700000000
2026-09-17T01:17:51.653Z,82584,21380000,206200000
2026-09-17T01:17:51.653Z,29100,0.01,15000000
2026-09-17T01:17:51.653Z,48508,50000000,279000000
2026-09-17T01:17:51.653Z,24567,100400000,144000000
2026-09-17T01:17:51.653Z,92565,62.13,304
2026-09-17T01:17:51.653Z,59856,250000000,2757000000
2026-09-17T01:17:51.653Z,52900,120000,3499000000
2026-09-17T01:17:51.653Z,72555,110000000,975000000
2026-09-17T01:17:51.653Z,54555,5000000,40980000
2026-09-17T01:17:51.653Z,59858,5022000,2345000000
2026-09-17T01:17:51.653Z,34533,201600,1045000
2026-09-17T01:17:51.653Z,29106,10030000,15000000
2026-09-17T01:17:51.653Z,3349,1001,999600
2026-09-17T01:17:51.653Z,32867,,999900
2026-09-17T01:17:51.653Z,58890,101,999900
2026-09-17T01:17:51.653Z,37157,946500000,1875000000
2026-09-17T01:17:51.653Z,45527,45370000,499600000
2026-09-17T01:17:51.653Z,34759,480300000,2290000000
2026-09-17T01:17:51.653Z,44218,25180000,270000000
2026-09-17T01:17:51.653Z,84996,,4903000000
2026-09-17T01:17:51.653Z,92798,76000000,1556000000
2026-09-17T01:17:51.653Z,54429,80500000,800100000
2026-09-17T01:17:51.653Z,34612,55010000,717400000
2026-09-17T01:17:51.653Z,46168,0.03,11000000
2026-09-17T01:17:51.653Z,64400,6202000,391200000
2026-09-17T01:17:51.653Z,46152,6000000,13000000
2026-09-17T01:17:51.653Z,1186,5000,106000
2026-09-17T01:17:51.653Z,1115,20010,200000
2026-09-17T01:17:51.653Z,55339,10000,44990
2026-09-17T01:17:51.653Z,23560,1403000,14560000
2026-09-17T01:17:51.653Z,74431,,1000
2026-09-17T01:17:51.653Z,34657,66140000,893000000
2026-09-17T01:17:51.653Z,48227,7179000,199700000
2026-09-17T01:17:51.653Z,15026,36200000,325000000
2026-09-17T01:17:51.653Z,48223,19120000,124800000
2026-09-17T01:17:51.653Z,32860,,500000
2026-09-17T01:17:51.653Z,41078,29350000,194800000
2026-09-17T01:17:51.653Z,45878,25150,1899000
2026-09-17T01:17:51.653Z,56616,13530000,284800000
2026-09-17T01:17:51.653Z,49821,1000000,744900000
2026-09-17T01:17:51.653Z,45931,301100,4955000
2026-09-17T01:17:51.653Z,46742,20000000,11900000000
2026-09-17T01:17:51.653Z,49987,10000,3849000
2026-09-17T01:17:51.653Z,565,4102,44980
2026-09-17T01:17:51.653Z,14974,69700,1000000000
2026-09-17T01:17:51.653Z,42652,50000000,378700000
2026-09-17T01:17:51.653Z,4063,153000000,750000000
2026-09-17T01:17:51.653Z,77171,50050000,96000000
2026-09-17T01:17:51.653Z,77170,110000000,449800000
2026-09-17T01:17:51.653Z,58867,122,1000000
2026-09-17T01:17:51.653Z,57593,6000000,256900000
2026-09-17T01:17:51.653Z,43503,518500,592800000
2026-09-17T01:17:51.653Z,32921,3587000000,4999000000
2026-09-17T01:17:51.653Z,70849,2011000000,6690000000
2026-09-17T01:17:51.653Z,28814,5350000,51050000
2026-09-17T01:17:51.653Z,72554,11330000,719000000
2026-09-17T01:17:51.653Z,54764,21000000,409900000
2026-09-17T01:17:51.653Z,47513,80000000000,189900000000
2026-09-17T01:17:51.653Z,20817,6620,95000
2026-09-17T01:17:51.653Z,49823,8073000,5181000000
2026-09-17T01:17:51.653Z,44257,20890000,2900000000
2026-09-17T01:17:51.653Z,46196,1000000,10410000
2026-09-17T01:17:51.653Z,46198,1000000,8999000
2026-09-17T01:17:51.653Z,91164,505000000,3500000000
2026-09-17T01:17:51.653Z,54781,5461,6949
2026-09-17T01:17:51.653Z,41205,6789000000,8686000000
2026-09-17T01:17:51.653Z,83317,10000,243900
2026-09-17T01:17:51.653Z,56903,0.01,394900000
2026-09-17T01:17:51.653Z,37150,280400000,649000000
2026-09-17T01:17:51.653Z,56927,0.01,269900000
2026-09-17T01:17:51.653Z,40514,2000000,1299000000
2026-09-17T01:17:51.653Z,56926,0.01,364900000
2026-09-17T01:17:51.653Z,42645,240200000,2400000000
2026-09-17T01:17:51.653Z,54789,5000000,2800000000
2026-09-17T01:17:51.653Z,56919,0.01,364900000
2026-09-17T01:17:51.653Z,56909,7900000,497900000
2026-09-17T01:17:51.653Z,45562,0.01,750000000
2026-09-17T01:17:51.653Z,53612,0.01,349000000
2026-09-17T01:17:51.653Z,17347,,6900000
2026-09-17T01:17:51.653Z,70840,1009000000,4700000000
2026-09-17T01:17:51.653Z,48142,1000000,50000000
2026-09-17T01:17:51.653Z,43670,1101000000,2250000000
2026-09-17T01:17:51.653Z,60380,310000,1950000
2026-09-17T01:17:51.653Z,17346,,6000000
2026-09-17T01:17:51.653Z,78689,250100000,2230000000
2026-09-17T01:17:51.653Z,41683,48740000,348800000
2026-09-17T01:17:51.653Z,43854,974500000,1549000000
2026-09-17T01:17:51.653Z,78690,50260000,620000000
2026-09-17T01:17:51.653Z,58818,40000000,1600000000
2026-09-17T01:17:51.653Z,52398,22000000,160000000
2026-09-17T01:17:51.653Z,49923,80130000,394500000
2026-09-17T01:17:51.653Z,34670,1104000000,199400000000
2026-09-17T01:17:51.653Z,43827,181000000,299400000
2026-09-17T01:17:51.653Z,42707,100100,1130000
2026-09-17T01:17:51.653Z,1132,1000,40000
2026-09-17T01:17:51.653Z,4119,140400000,234900000
2026-09-17T01:17:51.653Z,46235,50000000,134800000
2026-09-17T01:17:51.653Z,15090,3050000000,3559000000
2026-09-17T01:17:51.653Z,84136,63540000,187800000
2026-09-17T01:17:51.653Z,31320,250100,448900000
2026-09-17T01:17:51.653Z,47639,614800000,2100000000
2026-09-17T01:17:51.653Z,84495,1529000,285400000
2026-09-17T01:17:51.653Z,43734,946700000,1875000000
2026-09-17T01:17:51.653Z,20769,17.69,100
2026-09-17T01:17:51.653Z,24695,1074000000,1719000000
2026-09-17T01:17:51.653Z,48233,3211000,104900000
2026-09-17T01:17:51.653Z,89709,635000000,889200000
2026-09-17T01:17:51.653Z,48558,,382900000
2026-09-17T01:17:51.653Z,17649,262100,13000000
2026-09-17T01:17:51.653Z,41668,,69000000
2026-09-17T01:17:51.653Z,36325,,333000000
2026-09-17T01:17:51.653Z,34741,12660000,30000000
2026-09-17T01:17:51.653Z,46561,18490000,1849000000
2026-09-17T01:17:51.653Z,42190,221700000,1999000000
2026-09-17T01:17:51.653Z,57318,34620000,48000000
2026-09-17T01:17:51.653Z,84938,11120000,45000000
2026-09-17T01:17:51.653Z,40501,,499900000
2026-09-17T01:17:51.653Z,34673,10000000,11990000000
2026-09-17T01:17:51.653Z,40502,9302000,499900000
2026-09-17T01:17:51.653Z,45012,1004000000,9990000000
2026-09-17T01:17:51.653Z,33042,130100,1992000
2026-09-17T01:17:51.653Z,23510,6406,58230
2026-09-17T01:17:51.653Z,48581,525800000,7500000000
2026-09-17T01:17:51.653Z,56293,25400000,225400000
2026-09-17T01:17:51.653Z,84106,765000000,2965000000
2026-09-17T01:17:51.653Z,84100,706600000,1955000000
2026-09-17T01:17:51.653Z,85486,10000000,22000000
2026-09-17T01:17:51.653Z,46423,64650000,8083000000
2026-09-17T01:17:51.653Z,85523,,36640000000
2026-09-17T01:17:51.653Z,11130,100,199700
2026-09-17T01:17:51.653Z,15054,45750000,189400000
2026-09-17T01:17:51.653Z,27244,0.01,463000
2026-09-17T01:17:51.653Z,31672,1500000,22000000
2026-09-17T01:17:51.653Z,82206,511.6,4512
2026-09-17T01:17:51.653Z,50031,6063000,141000000
2026-09-17T01:17:51.653Z,27247,40040000,129800000
2026-09-17T01:17:51.653Z,14391,80000000,249100000
2026-09-17T01:17:51.653Z,48580,12070000,2495000000
2026-09-17T01:17:51.653Z,3222,1569000,6197000
2026-09-17T01:17:51.653Z,34630,24990000,98400000
2026-09-17T01:17:51.653Z,34072,230400000,540000000
2026-09-17T01:17:51.653Z,77405,,699700000
2026-09-17T01:17:51.653Z,15180,,178500000
2026-09-17T01:17:51.653Z,48381,3099000000,7399000000
2026-09-17T01:17:51.653Z,46829,305200,4793000
2026-09-17T01:17:51.653Z,53962,2025000000,3299000000
2026-09-17T01:17:51.653Z,35690,36900000,177900000
2026-09-17T01:17:51.653Z,64589,1000000,208000000
2026-09-17T01:17:51.653Z,21222,142000,3394000
2026-09-17T01:17:51.653Z,28398,334.4,297000
2026-09-17T01:17:51.653Z,47213,0.01,280000000
2026-09-17T01:17:51.653Z,4234,10,4480000
2026-09-17T01:17:51.653Z,1284,1010,16000
2026-09-17T01:17:51.653Z,47222,0.01,200000000
2026-09-17T01:17:51.653Z,19461,12710000,1000000000
2026-09-17T01:17:51.653Z,47216,,280000000
2026-09-17T01:17:51.653Z,40479,0.01,2298000000
2026-09-17T01:17:51.653Z,63174,10000,169800000
2026-09-17T01:17:51.653Z,63638,21220000,679800000
2026-09-17T01:17:51.653Z,34730,5001000,1000000000
2026-09-17T01:17:51.653Z,37163,946400000,1850000000
2026-09-17T01:17:51.653Z,4008,70450000,499900000
2026-09-17T01:17:51.653Z,33044,220100,2299000
2026-09-17T01:17:51.653Z,92800,11000000,2556000000
2026-09-17T01:17:51.653Z,59821,,693000000
2026-09-17T01:17:51.653Z,33056,100000,4980000
2026-09-17T01:17:51.653Z,57071,1107000000,14360000000
2026-09-17T01:17:51.653Z,46045,1111,1200000000
2026-09-17T01:17:51.653Z,28411,12.11,33480
2026-09-17T01:17:51.653Z,74522,10.78,21.88
2026-09-17T01:17:51.653Z,36345,3100000,82500000
2026-09-17T01:17:51.653Z,14932,313900000,350000000
2026-09-17T01:17:51.653Z,11616,,88000
2026-09-17T01:17:51.653Z,52735,25430000,47000000
2026-09-17T01:17:51.653Z,42615,26580000,1965000000
2026-09-17T01:17:51.653Z,46282,436.3,2100
2026-09-17T01:17:51.653Z,62643,912100,7497000
2026-09-17T01:17:51.653Z,1208,,30800
2026-09-17T01:17:51.653Z,997,1021000000,1653000000
2026-09-17T01:17:51.653Z,996,133700,1331000000
2026-09-17T01:17:51.653Z,62054,151400,1248000
2026-09-17T01:17:51.653Z,47168,140000000,972900000
2026-09-17T01:17:51.653Z,56912,1000000,850000000
2026-09-17T01:17:51.653Z,59199,215200000,876400000
2026-09-17T01:17:51.653Z,47042,361000,37200000
2026-09-17T01:17:51.653Z,52306,4757,14700
2026-09-17T01:17:51.653Z,47305,441500,30280000
2026-09-17T01:17:51.653Z,59833,1579000,1700000000
2026-09-17T01:17:51.653Z,42552,21000000,179700000
2026-09-17T01:17:51.653Z,77869,90010000,900000000
2026-09-17T01:17:51.653Z,969,77110000,87990000
2026-09-17T01:17:51.653Z,73453,41000000,117900000
2026-09-17T01:17:51.653Z,31248,58000,26800000
2026-09-17T01:17:51.653Z,52399,30000000,240000000
2026-09-17T01:17:51.653Z,57810,530200000,1347000000
2026-09-17T01:17:51.653Z,24572,3024000,11900000
2026-09-17T01:17:51.653Z,33078,628700,1278000
2026-09-17T01:17:51.653Z,14798,14850000000,29000000000
2026-09-17T01:17:51.653Z,14449,1998000,2499000000
2026-09-17T01:17:51.653Z,48756,200000000,375000000
2026-09-17T01:17:51.653Z,45571,7290000,998900000
2026-09-17T01:17:51.653Z,41419,104600000,850000000
2026-09-17T01:17:51.653Z,14956,136300,499000000
2026-09-17T01:17:51.653Z,60229,46750,999000
2026-09-17T01:17:51.653Z,31229,,1500000
2026-09-17T01:17:51.653Z,24551,,321000000
2026-09-17T01:17:51.653Z,56618,97660000,280000000
2026-09-17T01:17:51.653Z,31338,,40000000
2026-09-17T01:17:51.653Z,31337,10000,999800
2026-09-17T01:17:51.653Z,85691,4400000,80000000
2026-09-17T01:17:51.653Z,75908,201100000,324400000
2026-09-17T01:17:51.653Z,62485,2077,5000
2026-09-17T01:17:51.653Z,42170,165800000,1490000000
2026-09-17T01:17:51.653Z,490,96190,119900
2026-09-17T01:17:51.653Z,23912,750100000,1325000000
2026-09-17T01:17:51.653Z,92788,10000000,1556000000
2026-09-17T01:17:51.653Z,62488,2428,8000
2026-09-17T01:17:51.653Z,43832,310000,99550000
2026-09-17T01:17:51.653Z,14970,99990000,258400000
2026-09-17T01:17:51.653Z,56953,127800000,552400000
2026-09-17T01:17:51.653Z,42592,11000000,299800000
2026-09-17T01:17:51.653Z,83067,10000,249900
2026-09-17T01:17:51.653Z,47130,21660000,101100000
2026-09-17T01:17:51.653Z,33458,384900000,699800000
2026-09-17T01:17:51.653Z,57814,204600000,2499000000
2026-09-17T01:17:51.653Z,45795,4500000,21280000
2026-09-17T01:17:51.653Z,82354,20000,1574000
2026-09-17T01:17:51.653Z,897,27000,1499000
2026-09-17T01:17:51.653Z,31106,5000,130800
2026-09-17T01:17:51.653Z,58874,353600,1669000
2026-09-17T01:17:51.653Z,54225,150000,2000000
2026-09-17T01:17:51.653Z,64587,110000000,539000000
2026-09-17T01:17:51.653Z,41590,99990,5000000
2026-09-17T01:17:51.653Z,49958,5004000000,31000000000
2026-09-17T01:17:51.653Z,40507,202400000,895100000
2026-09-17T01:17:51.653Z,11630,5000,400000
2026-09-17T01:17:51.653Z,60162,1300000,700000000
2026-09-17T01:17:51.653Z,79745,21930,12300000
2026-09-17T01:17:51.653Z,85647,,550000000
2026-09-17T01:17:51.653Z,80811,160000000,348800000
2026-09-17T01:17:51.653Z,42793,1993000,5799000
2026-09-17T01:17:51.653Z,11629,5000,310700
2026-09-17T01:17:51.653Z,45019,13980000,549900000
2026-09-17T01:17:51.653Z,22761,20260000,39000000
2026-09-17T01:17:51.653Z,87707,60300000,388600000
2026-09-17T01:17:51.653Z,31781,0.02,59860000
2026-09-17T01:17:51.653Z,40473,0.01,2499000000
2026-09-17T01:17:51.653Z,72556,319100000,534000000
2026-09-17T01:17:51.653Z,88648,1000,5024000
2026-09-17T01:17:51.653Z,88675,1000,189700
2026-09-17T01:17:51.653Z,88523,10000,141600
2026-09-17T01:17:51.653Z,31255,0.02,58000000
2026-09-17T01:17:51.653Z,25562,5000,261200
2026-09-17T01:17:51.653Z,31291,0.03,58000000
2026-09-17T01:17:51.653Z,15264,,480000000
2026-09-17T01:17:51.653Z,15284,1245000000,1402000000
2026-09-17T01:17:51.653Z,14830,124000000,2423000000
2026-09-17T01:17:51.653Z,79610,95170000,169900000
2026-09-17T01:17:51.653Z,54916,630600000,1940000000
2026-09-17T01:17:51.653Z,3606,4202,74970
2026-09-17T01:17:51.653Z,90125,383000000,698900000
2026-09-17T01:17:51.653Z,58820,81480000,1600000000
2026-09-17T01:17:51.653Z,13797,606100,5606000
2026-09-17T01:17:51.653Z,58817,20010000,2500000000
2026-09-17T01:17:51.653Z,50046,160000000,930000000
2026-09-17T01:17:51.653Z,93480,24010000,70000000
2026-09-17T01:17:51.653Z,93075,150500000,262100000
2026-09-17T01:17:51.653Z,42715,2778,2789000
2026-09-17T01:17:51.653Z,48384,3819000000,19980000000
2026-09-17T01:17:51.653Z,41081,16150000,68150000
2026-09-17T01:17:51.653Z,73878,4200000,13890000
2026-09-17T01:17:51.653Z,46190,1000000,10050000
2026-09-17T01:17:51.653Z,92801,10000000,1495000000
2026-09-17T01:17:51.653Z,55667,1000,132000
2026-09-17T01:17:51.653Z,43791,624000,9500000
2026-09-17T01:17:51.653Z,36769,104600000,2500000000
2026-09-17T01:17:51.653Z,34750,1000,5000000000
2026-09-17T01:17:51.653Z,36755,24660000,5000000000
2026-09-17T01:17:51.653Z,40499,2000000,2293000000
2026-09-17T01:17:51.653Z,36781,5000000,5025000000
2026-09-17T01:17:51.653Z,36763,0.01,5000000000
2026-09-17T01:17:51.653Z,40595,6778000,3739000000
2026-09-17T01:17:51.653Z,34617,100000000,598700000
2026-09-17T01:17:51.653Z,40480,0.01,2500000000
2026-09-17T01:17:51.653Z,46395,46760000,5000000000
2026-09-17T01:17:51.653Z,55526,100000,499900
2026-09-17T01:17:51.653Z,39584,63680000,648600000
2026-09-17T01:17:51.653Z,45869,501100,2397000
2026-09-17T01:17:51.653Z,32034,5000,130800
2026-09-17T01:17:51.653Z,13778,26220000,83860000
2026-09-17T01:17:51.653Z,43800,4000000,40990000
2026-09-17T01:17:51.653Z,3440,3025,523200
2026-09-17T01:17:51.653Z,77886,7133000,40000000
2026-09-17T01:17:51.653Z,23594,509.1,680000
2026-09-17T01:17:51.653Z,88105,6,272
2026-09-17T01:17:51.653Z,3352,1001,523200
2026-09-17T01:17:51.653Z,36783,128000000,5000000000
2026-09-17T01:17:51.653Z,46396,26150000,5000000000
2026-09-17T01:17:51.653Z,36765,0.01,5000000000
2026-09-17T01:17:51.653Z,34731,110200,500000000
2026-09-17T01:17:51.653Z,34621,260000000,5000000000
2026-09-17T01:17:51.653Z,36779,,5000000000
2026-09-17T01:17:51.653Z,40504,220000000,498800000
2026-09-17T01:17:51.653Z,36291,0.01,5025000000
2026-09-17T01:17:51.653Z,34751,0.01,5000000000
2026-09-17T01:17:51.653Z,36756,142300000,2500000000
2026-09-17T01:17:51.653Z,40611,1,4998000000
2026-09-17T01:17:51.653Z,88654,10010,3878000
2026-09-17T01:17:51.653Z,11634,5000,500000
2026-09-17T01:17:51.653Z,457,48170,178500
2026-09-17T01:17:51.653Z,30471,,10540000
2026-09-17T01:17:51.653Z,40474,0.01,5000000000
2026-09-17T01:17:51.653Z,36758,125100000,5000000000
2026-09-17T01:17:51.653Z,40619,350000000,7474000000
2026-09-17T01:17:51.653Z,36296,45550000,5025000000
2026-09-17T01:17:51.653Z,14692,500700000,947600000
2026-09-17T01:17:51.653Z,2735,0.02,575000000
2026-09-17T01:17:51.653Z,32941,2413000000,4987000000
2026-09-17T01:17:51.653Z,14765,1772000000,3119000000
2026-09-17T01:17:51.653Z,14776,450200000,1024000000
2026-09-17T01:17:51.653Z,33840,3316000000,3667000000
2026-09-17T01:17:51.653Z,24606,75000000,144600000
2026-09-17T01:17:51.653Z,46160,,19000000
2026-09-17T01:17:51.653Z,57507,30010000,50000000
2026-09-17T01:17:51.653Z,81117,320100000,511600000
2026-09-17T01:17:51.653Z,55588,10000,119600
2026-09-17T01:17:51.653Z,91248,147500000,296000000
2026-09-17T01:17:51.653Z,13227,12520,11940000
2026-09-17T01:17:51.653Z,56928,10000000,466900000
2026-09-17T01:17:51.653Z,47149,9856000,18400000
2026-09-17T01:17:51.653Z,41582,888000000,1048000000
2026-09-17T01:17:51.653Z,47645,19900000,9999000000
2026-09-17T01:17:51.653Z,18712,,779200
2026-09-17T01:17:51.653Z,42621,103700000,824600000
2026-09-17T01:17:51.653Z,53613,100100,1199000000
2026-09-17T01:17:51.653Z,33008,,1568000
2026-09-17T01:17:51.653Z,31602,29300,43930000
2026-09-17T01:17:51.653Z,46915,750000,3700000
2026-09-17T01:17:51.653Z,75265,22050000,100000000
2026-09-17T01:17:51.653Z,70855,1799000000,5393000000
2026-09-17T01:17:51.653Z,4137,901000,11560000
2026-09-17T01:17:51.653Z,36436,190100000,1640000000
2026-09-17T01:17:51.653Z,17656,56.2,1875
2026-09-17T01:17:51.653Z,61213,154000,348900
2026-09-17T01:17:51.653Z,88233,1208000,1190000000
2026-09-17T01:17:51.653Z,10630,5001,3000000
2026-09-17T01:17:51.653Z,60912,505100,14000000
2026-09-17T01:17:51.653Z,36301,,1000000000
2026-09-17T01:17:51.653Z,74524,10,21
2026-09-17T01:17:51.653Z,63711,,62000000
2026-09-17T01:17:51.653Z,33010,,579200
2026-09-17T01:17:51.653Z,31178,5001,225000
2026-09-17T01:17:51.653Z,79760,500000000,884800000
2026-09-17T01:17:51.653Z,88053,980600,638900000
2026-09-17T01:17:51.653Z,77873,3100000,33980000
2026-09-17T01:17:51.653Z,53016,9300000,27400000
2026-09-17T01:17:51.653Z,83661,,15430000000
2026-09-17T01:17:51.653Z,37165,50000000,19970000000
2026-09-17T01:17:51.653Z,24684,5100000,22980000
2026-09-17T01:17:51.653Z,36502,39000000,1280000000
2026-09-17T01:17:51.653Z,53619,14900000,468000000
2026-09-17T01:17:51.653Z,34353,3300000,45000000
2026-09-17T01:17:51.653Z,57508,30020000,50000000
2026-09-17T01:17:51.653Z,47635,3200000,26900000
2026-09-17T01:17:51.653Z,14864,295000000,1786000000
2026-09-17T01:17:51.653Z,24764,25350000,37700000
2026-09-17T01:17:51.653Z,73272,1214000,14000000
2026-09-17T01:17:51.653Z,78886,1007000,98880000
2026-09-17T01:17:51.653Z,76248,601000000,3109000000
2026-09-17T01:17:51.653Z,20030,1106000,1799000
2026-09-17T01:17:51.653Z,61208,120900,2725000
2026-09-17T01:17:51.653Z,46380,225100000,6994000000
2026-09-17T01:17:51.653Z,41157,1103000,170200000
2026-09-17T01:17:51.653Z,33579,26060000,175000000
2026-09-17T01:17:51.653Z,36489,21000000,598000000
2026-09-17T01:17:51.653Z,47633,12000000,46270000
2026-09-17T01:17:51.653Z,46210,11760000,21500000
2026-09-17T01:17:51.653Z,41509,799900000,1158000000
2026-09-17T01:17:51.653Z,17689,1000000,32980000
2026-09-17T01:17:51.653Z,19411,12260000,12760000
2026-09-17T01:17:51.653Z,693,561200000,1113000000
2026-09-17T01:17:51.653Z,14580,12860000,599000000
2026-09-17T01:17:51.653Z,33329,25200000000,34980000000
2026-09-17T01:17:51.653Z,28396,9204,500000
2026-09-17T01:17:51.653Z,42169,25070000,890000000
2026-09-17T01:17:51.653Z,53143,65000000,320000000
2026-09-17T01:17:51.653Z,16237,600300,11000000
2026-09-17T01:17:51.653Z,52773,275700000,942500000
2026-09-17T01:17:51.653Z,32879,5001000,13900000
2026-09-17T01:17:51.653Z,25331,47030,65000
2026-09-17T01:17:51.653Z,53496,50250,1249000000
2026-09-17T01:17:51.653Z,3559,380000000,440400000
2026-09-17T01:17:51.653Z,37223,261000000,435000000
2026-09-17T01:17:51.653Z,56918,0.01,243900000
2026-09-17T01:17:51.653Z,54901,42000000,742000000
2026-09-17T01:17:51.653Z,52698,3555000000,8755000000
2026-09-17T01:17:51.653Z,42886,500000,14000000
2026-09-17T01:17:51.653Z,88639,4600000,24970000
2026-09-17T01:17:51.653Z,49649,0.01,1944000
2026-09-17T01:17:51.653Z,41225,,48370000
2026-09-17T01:17:51.653Z,46431,19600000,1960000000
2026-09-17T01:17:51.653Z,56905,,635000000
2026-09-17T01:17:51.653Z,37547,1000000,14480000
2026-09-17T01:17:51.653Z,57018,501300,49930000
2026-09-17T01:17:51.653Z,15158,9258000000,17980000000
2026-09-17T01:17:51.653Z,36499,36100000,824500000
2026-09-17T01:17:51.653Z,974,70030000,89000000
2026-09-17T01:17:51.653Z,36483,47100000,577600000
2026-09-17T01:17:51.653Z,14930,187100,500000000
2026-09-17T01:17:51.653Z,56915,111100,387900000
2026-09-17T01:17:51.653Z,54810,1,29990000
2026-09-17T01:17:51.653Z,684,111000,2150000
2026-09-17T01:17:51.653Z,45499,2725,2726
2026-09-17T01:17:51.653Z,40695,10040000000,69840000000
2026-09-17T01:17:51.653Z,64412,200000000,1998000000
2026-09-17T01:17:51.653Z,4068,3600000000,9500000000
2026-09-17T01:17:51.653Z,41406,5020000,38000000
2026-09-17T01:17:51.653Z,61202,50060,299700
2026-09-17T01:17:51.653Z,63748,389100000,2500000000
2026-09-17T01:17:51.653Z,15163,851800000,5300000000
2026-09-17T01:17:51.653Z,41446,,300000000
2026-09-17T01:17:51.653Z,41449,,300000000
2026-09-17T01:17:51.653Z,41583,460100000,1000000000
2026-09-17T01:17:51.653Z,4212,2510000,75750000
2026-09-17T01:17:51.653Z,33457,963100000,1629000000
2026-09-17T01:17:51.653Z,34045,573100000,985000000
2026-09-17T01:17:51.653Z,48553,,1819000000
2026-09-17T01:17:51.653Z,33716,200100000,713500000
2026-09-17T01:17:51.653Z,31230,26300,14000000
2026-09-17T01:17:51.653Z,41591,500000,5000000
2026-09-17T01:17:51.653Z,64401,200000000,387900000
2026-09-17T01:17:51.653Z,46290,75.07,50000
2026-09-17T01:17:51.653Z,27580,0.01,15000000
2026-09-17T01:17:51.653Z,46155,8000000,29200000
2026-09-17T01:17:51.653Z,64408,325300000,3209000000
2026-09-17T01:17:51.653Z,48723,1250000000,1880000000
2026-09-17T01:17:51.653Z,46165,,19000000
2026-09-17T01:17:51.653Z,41592,500000,5000000
2026-09-17T01:17:51.653Z,14810,4977000000,5897000000
2026-09-17T01:17:51.653Z,46177,,11000000
2026-09-17T01:17:51.653Z,45525,140000000,1217000000
2026-09-17T01:17:51.653Z,47219,,280000000
2026-09-17T01:17:51.653Z,41593,500000,5000000
2026-09-17T01:17:51.653Z,14800,2625000000,3038000000
2026-09-17T01:17:51.653Z,34031,191400000,219900000
2026-09-17T01:17:51.653Z,94315,,189000000
2026-09-17T01:17:51.653Z,41594,199900,5000000
2026-09-17T01:17:51.653Z,43857,679300000,1489000000
2026-09-17T01:17:51.653Z,71724,37080000,358700000
2026-09-17T01:17:51.653Z,45014,3368000,978600000
2026-09-17T01:17:51.653Z,36914,5110000,77990000
2026-09-17T01:17:51.653Z,56933,30000000,244000000
2026-09-17T01:17:51.653Z,52782,570000000,5700000000
2026-09-17T01:17:51.653Z,41595,199900,5000000
2026-09-17T01:17:51.653Z,57057,50070000,1000000000
2026-09-17T01:17:51.653Z,77404,,500000000
2026-09-17T01:17:51.653Z,22623,225000000,700000000
2026-09-17T01:17:51.653Z,27110,5999000,15000000
2026-09-17T01:17:51.653Z,53226,2997000000,8973000000
2026-09-17T01:17:51.653Z,26107,125000,1308000
2026-09-17T01:17:51.653Z,28563,96600000,200000000
2026-09-17T01:17:51.653Z,3396,620800,2095000
2026-09-17T01:17:51.653Z,21244,1910000,7620000
2026-09-17T01:17:51.653Z,43778,18160,19990000
2026-09-17T01:17:51.653Z,14457,18400000,11320000000
2026-09-17T01:17:51.653Z,15168,,1275000000
2026-09-17T01:17:51.653Z,57334,378500000,994000000
2026-09-17T01:17:51.653Z,34696,2144000,769200000
2026-09-17T01:17:51.653Z,46434,2750000,5000000000
2026-09-17T01:17:51.653Z,40609,50010000,4998000000
2026-09-17T01:17:51.653Z,46101,451200,449000000
2026-09-17T01:17:51.653Z,44259,42010000,420000000
2026-09-17T01:17:51.653Z,53309,,79760000
2026-09-17T01:17:51.653Z,92019,,9500000
2026-09-17T01:17:51.653Z,45559,2001000,464000000
2026-09-17T01:17:51.653Z,835,5001,70100
2026-09-17T01:17:51.653Z,27612,400400000,999900000
2026-09-17T01:17:51.653Z,41596,199900,5000000
2026-09-17T01:17:51.653Z,90896,9303,5000000
2026-09-17T01:17:51.653Z,26113,24990,1348000
2026-09-17T01:17:51.653Z,46549,2000000,29730000
2026-09-17T01:17:51.653Z,15860,19440000,45000000
2026-09-17T01:17:51.653Z,21294,1937000,34800000
2026-09-17T01:17:51.653Z,41597,199900,5000000
2026-09-17T01:17:51.653Z,21547,1510000,22970000
2026-09-17T01:17:51.653Z,28748,112800000,140200000
2026-09-17T01:17:51.653Z,31819,,500000
2026-09-17T01:17:51.653Z,41599,1312000,9200000
2026-09-17T01:17:51.653Z,55324,0.01,90000
2026-09-17T01:17:51.653Z,90634,280100,39130000
2026-09-17T01:17:51.653Z,59339,97740000,387100000
2026-09-17T01:17:51.653Z,46292,50.03,250000
2026-09-17T01:17:51.653Z,85011,1400000000,2791000000
2026-09-17T01:17:51.653Z,92388,300000000,9255000000
2026-09-17T01:17:51.653Z,14646,16420000000,29740000000
2026-09-17T01:17:51.653Z,84686,1003000000,2998000000
2026-09-17T01:17:51.653Z,59340,90980000,649900000
2026-09-17T01:17:51.653Z,14780,3250000000,3999000000
2026-09-17T01:17:51.653Z,24636,91850000,124800000
2026-09-17T01:17:51.653Z,31693,5000,130800
2026-09-17T01:17:51.653Z,15304,487100,389900000
2026-09-17T01:17:51.653Z,40754,38550000,87630000
2026-09-17T01:17:51.653Z,15869,10180000,199800000
2026-09-17T01:17:51.653Z,28816,5100000,450100000
2026-09-17T01:17:51.653Z,28818,5100000,319100000
2026-09-17T01:17:51.653Z,89701,420000000,774000000
2026-09-17T01:17:51.653Z,46737,52000000,1000000000
2026-09-17T01:17:51.653Z,48494,50000,100000000
2026-09-17T01:17:51.653Z,84127,195000000,265500000
2026-09-17T01:17:51.653Z,84971,790000000,3500000000
2026-09-17T01:17:51.653Z,52322,3500000000,4830000000
2026-09-17T01:17:51.653Z,48514,,145000000
2026-09-17T01:17:51.653Z,48488,35880000,60000000
2026-09-17T01:17:51.653Z,52394,51800000,160000000
2026-09-17T01:17:51.653Z,57779,6600000,450000000
2026-09-17T01:17:51.653Z,20873,3640000,8998000
2026-09-17T01:17:51.653Z,14748,84350000,255600000
2026-09-17T01:17:51.653Z,21260,26580,689000
2026-09-17T01:17:51.653Z,31633,5000,130700
2026-09-17T01:17:51.653Z,4028,11990000,36000000
2026-09-17T01:17:51.653Z,47172,2005000,999500000
2026-09-17T01:17:51.653Z,46577,141500000,419900000
2026-09-17T01:17:51.653Z,15068,3002000,450000000
2026-09-17T01:17:51.653Z,4368,330000000,710100000
2026-09-17T01:17:51.653Z,84966,2510000000,5500000000
2026-09-17T01:17:51.653Z,79717,411400,12350000
2026-09-17T01:17:51.653Z,28073,8009000,10860000
2026-09-17T01:17:51.653Z,52295,10010000,19020000
2026-09-17T01:17:51.653Z,85007,,3000000000
2026-09-17T01:17:51.653Z,31434,200000,27990000
2026-09-17T01:17:51.653Z,59808,110,4500000000
2026-09-17T01:17:51.653Z,47516,1,89500000000
2026-09-17T01:17:51.653Z,47175,153200000,1998000000
2026-09-17T01:17:51.653Z,48746,791000000,934000000
2026-09-17T01:17:51.653Z,47174,,999800000
2026-09-17T01:17:51.653Z,28817,5000000,650100000
2026-09-17T01:17:51.653Z,1264,1585,15460
2026-09-17T01:17:51.653Z,58955,,400940
2026-09-17T01:17:51.653Z,43516,4564000,1394000000
2026-09-17T01:17:51.653Z,43792,990000,15000000
2026-09-17T01:17:51.653Z,47177,164600000,897800000
2026-09-17T01:17:51.653Z,27224,125500,15150000
2026-09-17T01:17:51.653Z,84126,71020000,187800000
2026-09-17T01:17:51.653Z,56913,49000000,497000000
2026-09-17T01:17:51.653Z,42565,11000000,169800000
2026-09-17T01:17:51.653Z,3227,29990000,300000000
2026-09-17T01:17:51.653Z,23474,1.05,7000000
2026-09-17T01:17:51.653Z,56887,56170000,500000000
2026-09-17T01:17:51.653Z,84682,556000000,4000000000
2026-09-17T01:17:51.653Z,31553,,749900
2026-09-17T01:17:51.653Z,82208,575.6,1501
2026-09-17T01:17:51.653Z,15820,17500000,99800000
2026-09-17T01:17:51.653Z,31182,,58000000
2026-09-17T01:17:51.653Z,31745,0.02,49990000
2026-09-17T01:17:51.653Z,14435,8320000,2496000000
2026-09-17T01:17:51.653Z,88660,20000,9999000
2026-09-17T01:17:51.653Z,15835,514900,24490000
2026-09-17T01:17:51.653Z,31733,0.02,49900000
2026-09-17T01:17:51.653Z,48734,103100,7500000000
2026-09-17T01:17:51.653Z,31805,0.02,59840000
2026-09-17T01:17:51.653Z,4098,21450000,59990000
2026-09-17T01:17:51.653Z,90745,10000000,150000000
2026-09-17T01:17:51.653Z,83246,10000,153000
2026-09-17T01:17:51.653Z,32042,5000,175000
2026-09-17T01:17:51.653Z,29099,55050,1496000
2026-09-17T01:17:51.653Z,31530,141700,113700000
2026-09-17T01:17:51.653Z,41608,10,50950000
2026-09-17T01:17:51.653Z,4150,12150000,121200000
2026-09-17T01:17:51.653Z,37149,991200000,1850000000
2026-09-17T01:17:51.653Z,4305,283600000,658900000
2026-09-17T01:17:51.653Z,11268,10060,1500000
2026-09-17T01:17:51.653Z,21965,20640000,58480000
2026-09-17T01:17:51.653Z,46119,25710000,499800000
2026-09-17T01:17:51.653Z,34729,130000000,1260000000
2026-09-17T01:17:51.653Z,34802,93130000,850000000
2026-09-17T01:17:51.653Z,36511,24480000,423800000
2026-09-17T01:17:51.653Z,14814,10310000000,11000000000
2026-09-17T01:17:51.653Z,33083,5701000000,8284000000
2026-09-17T01:17:51.653Z,82384,10000,6689000
2026-09-17T01:17:51.653Z,30327,7000000,16900000
2026-09-17T01:17:51.653Z,71727,250100000,1500000000
2026-09-17T01:17:51.653Z,84080,77000000,858100000
2026-09-17T01:17:51.653Z,53963,850000000,2300000000
2026-09-17T01:17:51.653Z,40308,35070000,250000000
2026-09-17T01:17:51.653Z,48592,101000,39000000
2026-09-17T01:17:51.653Z,93356,48010000,89480000
2026-09-17T01:17:51.653Z,15182,,377000000
2026-09-17T01:17:51.653Z,15260,8000000,238000000
2026-09-17T01:17:51.653Z,50151,,998100000
2026-09-17T01:17:51.653Z,46726,1201000000,8977000000
2026-09-17T01:17:51.653Z,33379,0.01,534400000
2026-09-17T01:17:51.653Z,25343,155000,887900
2026-09-17T01:17:51.653Z,4192,5500000,48510000
2026-09-17T01:17:51.653Z,53015,3003000,3294000000
2026-09-17T01:17:51.653Z,85242,,288500000
2026-09-17T01:17:51.653Z,17652,2.4,598.6
2026-09-17T01:17:51.653Z,15903,57220000,124300000
2026-09-17T01:17:51.653Z,14656,1901000000,2499000000
2026-09-17T01:17:51.653Z,36500,810000,400000000
2026-09-17T01:17:51.653Z,49720,31470000,150800000
2026-09-17T01:17:51.653Z,1355,414900,556600
2026-09-17T01:17:51.653Z,56614,57010000,750000000
2026-09-17T01:17:51.653Z,28544,1201000,130000000
2026-09-17T01:17:51.653Z,56607,25000000,275000000
2026-09-17T01:17:51.653Z,17662,31,995
2026-09-17T01:17:51.653Z,56710,480600,829500
2026-09-17T01:17:51.653Z,56611,16110000,195000000
2026-09-17T01:17:51.653Z,52846,0.01,1000000000
2026-09-17T01:17:51.653Z,75289,3900,6139
2026-09-17T01:17:51.653Z,28391,5057,4874000
2026-09-17T01:17:51.653Z,52898,0.01,1992000000
2026-09-17T01:17:51.653Z,57811,434200000,1249000000
2026-09-17T01:17:51.653Z,4365,200000000,3000000000
2026-09-17T01:17:51.653Z,42616,2963000,2965000000
2026-09-17T01:17:51.653Z,52896,100100,649900000
2026-09-17T01:17:51.653Z,30537,,5400000
2026-09-17T01:17:51.653Z,42148,0.01,249700000
2026-09-17T01:17:51.653Z,53614,100100,999600000
2026-09-17T01:17:51.653Z,46491,1407000000,2623000000
2026-09-17T01:17:51.653Z,52641,62000000,2400000000
2026-09-17T01:17:51.653Z,53017,49680000,4884000000
2026-09-17T01:17:51.653Z,85482,2060000,34890000
2026-09-17T01:17:51.653Z,2445,4500000,7000000
2026-09-17T01:17:51.653Z,52845,0.01,1000000000
2026-09-17T01:17:51.653Z,53611,1004000,1900000000
2026-09-17T01:17:51.653Z,76953,210000000,1000000000
2026-09-17T01:17:51.653Z,14636,29980000,280000000
2026-09-17T01:17:51.653Z,37516,1000000,5000000000
2026-09-17T01:17:51.653Z,43784,34940000,135800000
2026-09-17T01:17:51.653Z,45666,27040000,149900000
2026-09-17T01:17:51.653Z,42681,322600000,730000000
2026-09-17T01:17:51.653Z,82178,570600000,1500000000
2026-09-17T01:17:51.653Z,53637,1001000,999000000
2026-09-17T01:17:51.653Z,32868,,193900
2026-09-17T01:17:51.653Z,53635,5109000,799000000
2026-09-17T01:17:51.653Z,48655,206100000,24500000000
2026-09-17T01:17:51.653Z,58810,75000000,6000000000
2026-09-17T01:17:51.653Z,59817,5100000,500000000
2026-09-17T01:17:51.653Z,36770,2106000,79260000
2026-09-17T01:17:51.653Z,56914,224000000,458900000
2026-09-17T01:17:51.653Z,52886,600000,999000000
2026-09-17T01:17:51.653Z,79612,400000000,506600000
2026-09-17T01:17:51.653Z,23758,1,1177000000
2026-09-17T01:17:51.653Z,17359,,9000000
2026-09-17T01:17:51.653Z,87775,155000000,249000000
2026-09-17T01:17:51.653Z,87704,50010000,499900000
2026-09-17T01:17:51.653Z,85646,4030000,18480000
2026-09-17T01:17:51.653Z,34361,160000000,12000000000
2026-09-17T01:17:51.653Z,42730,84000,21980000
2026-09-17T01:17:51.653Z,64269,9000000,210000000
2026-09-17T01:17:51.653Z,64573,306300000,1378000000
2026-09-17T01:17:51.653Z,85741,210900000,2499000000
2026-09-17T01:17:51.653Z,27533,800900000,1989000000
2026-09-17T01:17:51.653Z,3161,5336000,70000000
2026-09-17T01:17:51.653Z,53009,150200000,2650000000
2026-09-17T01:17:51.653Z,53019,0.02,2998000000
2026-09-17T01:17:51.653Z,34047,255000000,4503000000
2026-09-17T01:17:51.653Z,53008,520400000,7932000000
2026-09-17T01:17:51.653Z,4075,2980000000,10000000000
2026-09-17T01:17:51.653Z,43713,50000000,19970000000
2026-09-17T01:17:51.653Z,60567,8000000,5000000000
2026-09-17T01:17:51.653Z,36290,46250000,5000000000
2026-09-17T01:17:51.653Z,90140,1300000000,4896000000
2026-09-17T01:17:51.653Z,55855,16600000000,69990000000
2026-09-17T01:17:51.653Z,4060,0.01,158900000
2026-09-17T01:17:51.653Z,31647,10000,785000
2026-09-17T01:17:51.653Z,43674,1571000000,10000000000
2026-09-17T01:17:51.653Z,20184,855300000,2025000000
2026-09-17T01:17:51.653Z,52863,2000000,990000000
2026-09-17T01:17:51.653Z,33181,10170,1000000
2026-09-17T01:17:51.653Z,86271,350000000,400000000
2026-09-17T01:17:51.653Z,58809,120000000,6000000000
2026-09-17T01:17:51.653Z,43676,825000000,2300000000
2026-09-17T01:17:51.653Z,93839,150000000,299800000
2026-09-17T01:17:51.653Z,41221,8000000,15700000
2026-09-17T01:17:51.653Z,59201,416400000,749900000
2026-09-17T01:17:51.653Z,888,100,1000000
2026-09-17T01:17:51.653Z,47126,7780000,29020000
2026-09-17T01:17:51.653Z,52752,,899000000
2026-09-17T01:17:51.653Z,52405,130100000,320000000
2026-09-17T01:17:51.653Z,48584,1235,21380000
2026-09-17T01:17:51.653Z,76246,70000000,4445000000
2026-09-17T01:17:51.653Z,50053,331700000,1748000000
2026-09-17T01:17:51.653Z,11620,5003,144900
2026-09-17T01:17:51.653Z,43671,1101000000,2440000000
2026-09-17T01:17:51.653Z,85739,210000000,1107000000
2026-09-17T01:17:51.653Z,46172,0.03,10100000
2026-09-17T01:17:51.653Z,54158,2500000000,12900000000
2026-09-17T01:17:51.653Z,46175,0.03,10220000
2026-09-17T01:17:51.653Z,90046,,534300
2026-09-17T01:17:51.653Z,46184,,10130000
2026-09-17T01:17:51.653Z,43668,555100000,6350000000
2026-09-17T01:17:51.653Z,59818,80010000,1200000000
2026-09-17T01:17:51.653Z,59851,,750000000
2026-09-17T01:17:51.653Z,59811,11,400000000
2026-09-17T01:17:51.653Z,31542,2154000,122800000
2026-09-17T01:17:51.653Z,21240,2501000,7045000
2026-09-17T01:17:51.653Z,54750,770000000,830700000
2026-09-17T01:17:51.653Z,31705,5000,130800
2026-09-17T01:17:51.653Z,17345,,5996000
2026-09-17T01:17:51.653Z,14601,117800000,999500000
2026-09-17T01:17:51.653Z,56954,22830000,349300000
2026-09-17T01:17:51.653Z,56865,374500,4190000
2026-09-17T01:17:51.653Z,33313,35580000,497900000
2026-09-17T01:17:51.653Z,27643,4504000,14490000
2026-09-17T01:17:51.653Z,4065,261000000,690000000
2026-09-17T01:17:51.653Z,88635,6200000,15000000
2026-09-17T01:17:51.653Z,17250,185000000,375000000
2026-09-17T01:17:51.653Z,41457,371400000,600000000
2026-09-17T01:17:51.653Z,52740,,1875000000
2026-09-17T01:17:51.653Z,41103,51290000,422900000
2026-09-17T01:17:51.653Z,36480,38210000,446000000
2026-09-17T01:17:51.653Z,15136,849900000,1665000000
2026-09-17T01:17:51.653Z,93754,1810000000,40000000000
2026-09-17T01:17:51.653Z,30546,1597000,5899000
2026-09-17T01:17:51.653Z,95404,17000000,45000000
2026-09-17T01:17:51.653Z,34307,25000,1500000
2026-09-17T01:17:51.653Z,82311,988,1492
2026-09-17T01:17:51.653Z,93983,1001000000,2949000000
2026-09-17T01:17:51.653Z,43847,10000,18870000
2026-09-17T01:17:51.653Z,62584,8701,12370
2026-09-17T01:17:51.653Z,27589,1629000,846900000
2026-09-17T01:17:51.653Z,3113,36770000,97900000
2026-09-17T01:17:51.653Z,28424,90.21,9000
2026-09-17T01:17:51.653Z,33595,13000,48000000
2026-09-17T01:17:51.653Z,76210,,1195000
2026-09-17T01:17:51.653Z,48565,,6994000000
2026-09-17T01:17:51.653Z,34754,1,24290000
2026-09-17T01:17:51.653Z,40497,35400000,318900000
2026-09-17T01:17:51.653Z,36809,0.01,1000000000
2026-09-17T01:17:51.653Z,58785,75000000,8000000000
2026-09-17T01:17:51.653Z,31109,37000,160000000
2026-09-17T01:17:51.653Z,33297,10100,47000000
2026-09-17T01:17:51.653Z,92977,2500000,7500000
2026-09-17T01:17:51.653Z,14878,1374000,500000000
2026-09-17T01:17:51.653Z,14188,195500000,223900000
2026-09-17T01:17:51.653Z,59847,,1999000000
2026-09-17T01:17:51.653Z,52882,3591000,359000000
2026-09-17T01:17:51.653Z,82492,135300000,695500000
2026-09-17T01:17:51.653Z,57505,0.01,10470000
2026-09-17T01:17:51.653Z,26073,,1306000
2026-09-17T01:17:51.653Z,17756,,2740000000
2026-09-17T01:17:51.653Z,31139,27690000,84900000
2026-09-17T01:17:51.653Z,56749,,2344000
2026-09-17T01:17:51.653Z,91953,6132000,8997000
2026-09-17T01:17:51.653Z,17302,201000,4850000
2026-09-17T01:17:51.653Z,3307,1636000,3300000
2026-09-17T01:17:51.653Z,837,,1150000
2026-09-17T01:17:51.653Z,16047,386500,50000000
2026-09-17T01:17:51.653Z,21010,509600000,1313000000
2026-09-17T01:17:51.653Z,20495,11900,994200
2026-09-17T01:17:51.653Z,25332,185500,284700
2026-09-17T01:17:51.653Z,3039,605000,469000000
2026-09-17T01:17:51.653Z,64571,166800000,1467000000
2026-09-17T01:17:51.653Z,60578,5020000,1500000000
2026-09-17T01:17:51.653Z,59848,,4999000000
2026-09-17T01:17:51.653Z,87323,15000000,408900000
2026-09-17T01:17:51.653Z,46285,761.5,2677
2026-09-17T01:17:51.653Z,40338,10930,748000
2026-09-17T01:17:51.653Z,3254,3563000,138800000
2026-09-17T01:17:51.653Z,7833,338800,500000
2026-09-17T01:17:51.653Z,27619,119400,9419000
2026-09-17T01:17:51.653Z,48563,470000000,1519000000
2026-09-17T01:17:51.653Z,45013,,698000000
2026-09-17T01:17:51.653Z,48549,120000000,1800000000
2026-09-17T01:17:51.653Z,47643,5950000,9999000000
2026-09-17T01:17:51.653Z,1262,50000,4549000
2026-09-17T01:17:51.653Z,17869,12000,29500
2026-09-17T01:17:51.653Z,45060,360000000,1351000000
2026-09-17T01:17:51.653Z,21816,1027000000,1561000000
2026-09-17T01:17:51.653Z,28667,60000000,69990000
2026-09-17T01:17:51.653Z,32939,1400000000,1738000000
2026-09-17T01:17:51.653Z,85742,1110000000,2389000000
2026-09-17T01:17:51.653Z,70853,1227000000,3273000000
2026-09-17T01:17:51.653Z,15224,249000,199000000
2026-09-17T01:17:51.653Z,56886,,399900000
2026-09-17T01:17:51.653Z,93467,55010000,150000000
2026-09-17T01:17:51.653Z,83253,10000,468000
2026-09-17T01:17:51.653Z,21268,1016000,10000000
2026-09-17T01:17:51.653Z,43661,,300000000
2026-09-17T01:17:51.653Z,53538,15140000,35160000
2026-09-17T01:17:51.653Z,54804,20180,5100000
2026-09-17T01:17:51.653Z,47259,2500,1900000
2026-09-17T01:17:51.653Z,28815,5000000,122000000
2026-09-17T01:17:51.653Z,47211,5,280000000
2026-09-17T01:17:51.653Z,31780,,9899000
2026-09-17T01:17:51.653Z,43787,1500000,60000000
2026-09-17T01:17:51.653Z,40593,1505000,1000000000
2026-09-17T01:17:51.653Z,14751,700000000,881100000
2026-09-17T01:17:51.653Z,11803,5002,600000
2026-09-17T01:17:51.653Z,34210,15320000,20000000000
2026-09-17T01:17:51.653Z,48228,10880000,82470000
2026-09-17T01:17:51.653Z,1986,3047,39770
2026-09-17T01:17:51.653Z,52400,1111,480000000
2026-09-17T01:17:51.653Z,49961,2368000000,4488000000
2026-09-17T01:17:51.653Z,46669,1100000000,4490000000
2026-09-17T01:17:51.653Z,50158,2714000000,12280000000
2026-09-17T01:17:51.653Z,53617,2513000,496600000
2026-09-17T01:17:51.653Z,41256,,99690000
2026-09-17T01:17:51.653Z,15667,,3900000
2026-09-17T01:17:51.653Z,2736,150000,50000000
2026-09-17T01:17:51.653Z,15861,1279000,150000000
2026-09-17T01:17:51.653Z,43725,50000000,14970000000
2026-09-17T01:17:51.653Z,49156,310000000,4254000000
2026-09-17T01:17:51.653Z,2740,150000,50000000
2026-09-17T01:17:51.653Z,92786,10000000,753900000
2026-09-17T01:17:51.653Z,92787,10000000,1556000000
2026-09-17T01:17:51.653Z,47376,155000000,500000000
2026-09-17T01:17:51.653Z,2741,,50000000
2026-09-17T01:17:51.653Z,41072,,116000000
2026-09-17T01:17:51.653Z,31621,5000,130800
2026-09-17T01:17:51.653Z,70839,799000000,2659000000
2026-09-17T01:17:51.653Z,33773,5211000,98970000
2026-09-17T01:17:51.653Z,95479,1657000000,2460000000
2026-09-17T01:17:51.653Z,45023,1000000,3000000000
2026-09-17T01:17:51.653Z,47062,1801000,28970000
2026-09-17T01:17:51.653Z,41165,,86000000
2026-09-17T01:17:51.653Z,41171,,96000000
2026-09-17T01:17:51.653Z,27921,253500,210000000
2026-09-17T01:17:51.653Z,2750,150000,500000000
2026-09-17T01:17:51.653Z,95480,1550000000,2899000000
2026-09-17T01:17:51.653Z,78818,60000000,598400000
2026-09-17T01:17:51.653Z,2752,30000000,100000000
2026-09-17T01:17:51.653Z,25267,5090000,22590000
2026-09-17T01:17:51.653Z,2755,150000,50000000
2026-09-17T01:17:51.653Z,46142,15320000,474900000
2026-09-17T01:17:51.653Z,2757,150000,50000000
2026-09-17T01:17:51.653Z,42179,5086000,499500000
2026-09-17T01:17:51.653Z,2759,150000,50000000
2026-09-17T01:17:51.653Z,53537,1023000,119800000
2026-09-17T01:17:51.653Z,27100,139500,699000
2026-09-17T01:17:51.653Z,55816,111000000,2112000000
2026-09-17T01:17:51.653Z,31038,,62900000
2026-09-17T01:17:51.653Z,33721,265600000,2655000000
2026-09-17T01:17:51.653Z,34687,55010000,2255000000
2026-09-17T01:17:51.653Z,33179,9999,949900
2026-09-17T01:17:51.653Z,31659,10000,1500000
2026-09-17T01:17:51.653Z,40753,,9900000
2026-09-17T01:17:51.653Z,84691,836300000,1398000000
2026-09-17T01:17:51.653Z,34599,3200000,47990000
2026-09-17T01:17:51.653Z,33784,727800,11960000
2026-09-17T01:17:51.653Z,1124,,12000000
2026-09-17T01:17:51.653Z,43517,10000000,1400000000
2026-09-17T01:17:51.653Z,31026,,59010000
2026-09-17T01:17:51.653Z,2775,154000,250000000
2026-09-17T01:17:51.653Z,34156,,788800000
2026-09-17T01:17:51.653Z,33016,5010000,295000000
2026-09-17T01:17:51.653Z,85877,20000,798400
2026-09-17T01:17:51.653Z,26067,24990,1308000
2026-09-17T01:17:51.653Z,31657,5000,130800
2026-09-17T01:17:51.653Z,21204,203400,498000
2026-09-17T01:17:51.653Z,85009,363000000,1199000000
2026-09-17T01:17:51.653Z,87179,0.02,8000000
2026-09-17T01:17:51.653Z,32060,10000,785000
2026-09-17T01:17:51.653Z,31147,0.01,898600
2026-09-17T01:17:51.653Z,26091,,1732000
2026-09-17T01:17:51.653Z,91391,1800000,5950000
2026-09-17T01:17:51.653Z,94156,199600000,319300000
2026-09-17T01:17:51.653Z,887,,400000
2026-09-17T01:17:51.653Z,3347,5900000,6800000000
2026-09-17T01:17:51.653Z,61221,106600,9299000
2026-09-17T01:17:51.653Z,31132,9999,1000000
2026-09-17T01:17:51.653Z,24563,40100000,278000000
2026-09-17T01:17:51.653Z,41537,50000000,290000000
2026-09-17T01:17:51.653Z,42180,333000000,2999000000
2026-09-17T01:17:51.653Z,885,1721,1900000
2026-09-17T01:17:51.653Z,61229,521500,9521000
2026-09-17T01:17:51.653Z,880,1000,500000
2026-09-17T01:17:51.653Z,26101,,1350000
2026-09-17T01:17:51.653Z,59229,408700000,3285000000
2026-09-17T01:17:51.653Z,56916,20400,17480000
2026-09-17T01:17:51.653Z,31156,9999,1000000
2026-09-17T01:17:51.653Z,28791,65840000,92000000
2026-09-17T01:17:51.653Z,91388,720000,2110000
2026-09-17T01:17:51.653Z,52571,40000000,349000000
2026-09-17T01:17:51.653Z,884,10,500000
2026-09-17T01:17:51.653Z,2530,50000,2500000
2026-09-17T01:17:51.653Z,32422,61000,788800000
2026-09-17T01:17:51.653Z,14447,35000,41980000000
2026-09-17T01:17:51.653Z,2040,65010000,112800000
2026-09-17T01:17:51.653Z,2777,150000,500000000
2026-09-17T01:17:51.653Z,11619,5000,500000
2026-09-17T01:17:51.653Z,2778,150600,250000000
2026-09-17T01:17:51.653Z,2779,150000,125000000
2026-09-17T01:17:51.653Z,2783,150000,500000000
2026-09-17T01:17:51.653Z,2784,320000,250000000
2026-09-17T01:17:51.653Z,63124,48110000,110000000
2026-09-17T01:17:51.653Z,10841,,5854720
2026-09-17T01:17:51.653Z,2792,,50000000
2026-09-17T01:17:51.653Z,17977,0.01,218900
2026-09-17T01:17:51.653Z,2794,,50000000
2026-09-17T01:17:51.653Z,42678,1080000000,7980000000
2026-09-17T01:17:51.653Z,2796,,50000000
2026-09-17T01:17:51.653Z,43866,995600000,1565000000
2026-09-17T01:17:51.653Z,2798,,50000000
2026-09-17T01:17:51.653Z,27591,520800000,900000000
2026-09-17T01:17:51.653Z,2799,150000,50000000
2026-09-17T01:17:51.653Z,62045,6.42,225000
2026-09-17T01:17:51.653Z,46174,,11000000
2026-09-17T01:17:51.653Z,17331,,8000000
2026-09-17T01:17:51.653Z,21264,4761000,6970000
2026-09-17T01:17:51.653Z,2804,0.02,75000000
2026-09-17T01:17:51.653Z,2805,150000,100000000
2026-09-17T01:17:51.653Z,15280,2698000000,3485000000
2026-09-17T01:17:51.653Z,34176,50000000,250000000
2026-09-17T01:17:51.653Z,2806,1.05,50000000
2026-09-17T01:17:51.653Z,14475,12090000,21490000000
2026-09-17T01:17:51.653Z,2810,150300,50000000
2026-09-17T01:17:51.653Z,2813,,25000000
2026-09-17T01:17:51.653Z,2814,150000,50000000
2026-09-17T01:17:51.653Z,46197,1000000,10000000
2026-09-17T01:17:51.653Z,2815,,25000000
2026-09-17T01:17:51.653Z,2816,150000,25000000
2026-09-17T01:17:51.653Z,2819,150000,25000000
2026-09-17T01:17:51.653Z,79006,265100000,638200000
2026-09-17T01:17:51.653Z,2823,150000,50000000
2026-09-17T01:17:51.653Z,2824,150000,50000000
2026-09-17T01:17:51.653Z,2825,,25000000
2026-09-17T01:17:51.653Z,33795,24100000,449700000
2026-09-17T01:17:51.653Z,2826,1.05,25000000
2026-09-17T01:17:51.653Z,42887,500000,10900000
2026-09-17T01:17:51.653Z,2827,,50000000
2026-09-17T01:17:51.653Z,54811,1,250000000
2026-09-17T01:17:51.653Z,25283,134100,999900
2026-09-17T01:17:51.653Z,2828,,50000000
2026-09-17T01:17:51.653Z,54552,5202000,250000000
2026-09-17T01:17:51.653Z,89699,355000000,459000000
2026-09-17T01:17:51.653Z,2830,0.02,100000000
2026-09-17T01:17:51.653Z,62396,42280,64990
2026-09-17T01:17:51.653Z,21948,1.01,200000000
2026-09-17T01:17:51.653Z,30532,,5230000
2026-09-17T01:17:51.653Z,73423,5512000000,7799000000
2026-09-17T01:17:51.653Z,21950,1.01,200000000
2026-09-17T01:17:51.653Z,21952,210200,200000000
2026-09-17T01:17:51.653Z,21954,1.01,200000000
2026-09-17T01:17:51.653Z,34560,2850000,633500000
2026-09-17T01:17:51.653Z,21958,150100000,200000000
2026-09-17T01:17:51.653Z,23714,100,2200000
2026-09-17T01:17:51.653Z,21960,200200,200000000
2026-09-17T01:17:51.653Z,48750,110000000,2800000000
2026-09-17T01:17:51.653Z,59171,1.01,300000000
2026-09-17T01:17:51.653Z,9790,1557000,58270000
2026-09-17T01:17:51.653Z,21962,150200000,200000000
2026-09-17T01:17:51.653Z,21964,200200,200000000
2026-09-17T01:17:51.653Z,21966,1.01,200000000
2026-09-17T01:17:51.653Z,70854,810100000,2500000000
2026-09-17T01:17:51.653Z,41049,70420000,689000000
2026-09-17T01:17:51.653Z,21970,,200000000
2026-09-17T01:17:51.653Z,24697,272500000,618900000
2026-09-17T01:17:51.653Z,24703,551000000,598900000
2026-09-17T01:17:51.653Z,27618,2120000,27980000
2026-09-17T01:17:51.653Z,59235,,2600000000
2026-09-17T01:17:51.653Z,89694,632000000,838000000
2026-09-17T01:17:51.653Z,48748,85000000,978200000
2026-09-17T01:17:51.653Z,33018,3310000,14190000
2026-09-17T01:17:51.653Z,17299,4610000,342500000
2026-09-17T01:17:51.653Z,45504,130.1,15140
2026-09-17T01:17:51.653Z,43698,45000000,174800000
2026-09-17T01:17:51.653Z,14962,380000,489000000
2026-09-17T01:17:51.653Z,31224,289100,21010000
2026-09-17T01:17:51.653Z,18657,1050000,9999000
2026-09-17T01:17:51.653Z,48211,5000000,1249000000
2026-09-17T01:17:51.653Z,46719,600700000,9196000000
2026-09-17T01:17:51.653Z,32935,523700000,799000000
2026-09-17T01:17:51.653Z,33107,260000000,696800000
2026-09-17T01:17:51.653Z,36753,10580000,5000000000
2026-09-17T01:17:51.653Z,46113,22960000,622200000
2026-09-17T01:17:51.653Z,40603,13280000,6247000000
2026-09-17T01:17:51.653Z,88261,2000000000,8880000000
2026-09-17T01:17:51.653Z,92792,10000000,640000000
2026-09-17T01:17:51.653Z,3607,,150000
2026-09-17T01:17:51.653Z,28402,50.01,3300000
2026-09-17T01:17:51.653Z,85687,18010000,43000000
2026-09-17T01:17:51.653Z,41053,202000000,799000000
2026-09-17T01:17:51.653Z,47043,10000,3997000
2026-09-17T01:17:51.653Z,92795,10000000,1380000000
2026-09-17T01:17:51.653Z,48731,27080000,299900000
2026-09-17T01:17:51.653Z,92796,10000000,1380000000
2026-09-17T01:17:51.653Z,36498,40230000,1790000000
2026-09-17T01:17:51.653Z,28412,98120,3239000
2026-09-17T01:17:51.653Z,14856,105900000,316000000
2026-09-17T01:17:51.653Z,91121,630000000,4800000000
2026-09-17T01:17:51.653Z,12534,16050,2000000
2026-09-17T01:17:51.653Z,64406,20010000,4888000000
2026-09-17T01:17:51.653Z,48136,5211000,80000000
2026-09-17T01:17:51.653Z,17290,501800,11510000
2026-09-17T01:17:51.653Z,17817,32520,15000000
2026-09-17T01:17:51.653Z,41143,,103600000
2026-09-17T01:17:51.653Z,44255,,2000000000
2026-09-17T01:17:51.653Z,52431,209900000,2498000000
2026-09-17T01:17:51.653Z,4241,32090000,359300000
2026-09-17T01:17:51.653Z,18679,5004,20000000
2026-09-17T01:17:51.653Z,46695,1905,490000
2026-09-17T01:17:51.653Z,40701,1,4990000
2026-09-17T01:17:51.653Z,47057,,100000000
2026-09-17T01:17:51.653Z,41063,11180000,150000000
2026-09-17T01:17:51.653Z,53183,1110000,1000000000
2026-09-17T01:17:51.653Z,44256,0.01,3000000000
2026-09-17T01:17:51.653Z,57514,1587000,1589000000
2026-09-17T01:17:51.653Z,15084,,2587000000
2026-09-17T01:17:51.653Z,57812,300700000,1950000000
2026-09-17T01:17:51.653Z,53163,0.01,1285000000
2026-09-17T01:17:51.653Z,42163,100000,990000000
2026-09-17T01:17:51.653Z,14900,233900000,285400000
2026-09-17T01:17:51.653Z,28784,54470000,85410000
2026-09-17T01:17:51.653Z,46317,5592,34000000
2026-09-17T01:17:51.653Z,16869,5200000,84300000
2026-09-17T01:17:51.653Z,42181,155200000,1990000000
2026-09-17T01:17:51.653Z,52315,6106,38750
2026-09-17T01:17:51.653Z,56194,1225000,2000000000
2026-09-17T01:17:51.653Z,14682,2596000000,3650000000
2026-09-17T01:17:51.653Z,60919,127100,2854000
2026-09-17T01:17:51.653Z,52779,96240000,5000000000
2026-09-17T01:17:51.653Z,12109,100100,5373000
2026-09-17T01:17:51.653Z,1010,,280000
2026-09-17T01:17:51.653Z,34173,125000000,1500000000
2026-09-17T01:17:51.653Z,31359,,1249000
2026-09-17T01:17:51.653Z,31344,22290000,319800000
2026-09-17T01:17:51.653Z,55714,4699000,4000000000
2026-09-17T01:17:51.653Z,33585,13000,48980000
2026-09-17T01:17:51.653Z,46199,1000000,9749000
2026-09-17T01:17:51.653Z,56190,9999000,3000000000
2026-09-17T01:17:51.653Z,33804,650000000,21000000000
2026-09-17T01:17:51.653Z,43884,715000000,1297000000
2026-09-17T01:17:51.653Z,43886,583600000,1297000000
2026-09-17T01:17:51.653Z,20871,8010000,13000000
2026-09-17T01:17:51.653Z,31025,4000000,99000000
2026-09-17T01:17:51.653Z,81054,104100000,2090000000
2026-09-17T01:17:51.653Z,32858,10000,200000
2026-09-17T01:17:51.653Z,21206,2121,1450000
2026-09-17T01:17:51.653Z,43692,25140000,39790000
2026-09-17T01:17:51.653Z,14858,,600100000
2026-09-17T01:17:51.653Z,40572,75000000,117800000
2026-09-17T01:17:51.653Z,93993,900000000,1450000000
2026-09-17T01:17:51.653Z,91930,44380000,98890000
2026-09-17T01:17:51.653Z,12478,5873,799500
2026-09-17T01:17:51.653Z,84674,1144000000,9999000000
2026-09-17T01:17:51.653Z,11238,9999,850000
2026-09-17T01:17:51.653Z,23564,1061000,19000000
2026-09-17T01:17:51.653Z,57393,11000000,449900000
2026-09-17T01:17:51.653Z,54926,145800,15860000
2026-09-17T01:17:51.653Z,50035,110000000,750000000
2026-09-17T01:17:51.653Z,30465,,13000000
2026-09-17T01:17:51.653Z,1171,500000,2199000
2026-09-17T01:17:51.653Z,30003,,13000000
2026-09-17T01:17:51.653Z,34435,200000,30000000
2026-09-17T01:17:51.653Z,11621,1000,200000
2026-09-17T01:17:51.653Z,16692,5000000,20000000
2026-09-17T01:17:51.653Z,30477,,13000000
2026-09-17T01:17:51.653Z,47047,20000,90000000
2026-09-17T01:17:51.653Z,11228,9999,999000
2026-09-17T01:17:51.653Z,40488,77550000,1496000000
2026-09-17T01:17:51.653Z,29997,,13000000
2026-09-17T01:17:51.653Z,59835,1,3220000000
2026-09-17T01:17:51.653Z,78366,468500000,529700000
2026-09-17T01:17:51.653Z,40755,,9900000
2026-09-17T01:17:51.653Z,60296,355200,2895000
2026-09-17T01:17:51.653Z,53951,1211000000,5485000000
2026-09-17T01:17:51.653Z,64405,100000000,1129000000
2026-09-17T01:17:51.653Z,62470,505.5,999
2026-09-17T01:17:51.653Z,27782,,1099000000
2026-09-17T01:17:51.653Z,53615,5000000,449000000
2026-09-17T01:17:51.653Z,47295,883000000,1500000000
2026-09-17T01:17:51.653Z,46311,147.1,3000
2026-09-17T01:17:51.653Z,32859,12500,499900
2026-09-17T01:17:51.653Z,33799,102,344000000
2026-09-17T01:17:51.653Z,47294,26530000,2799000000
2026-09-17T01:17:51.653Z,91085,,15980000
2026-09-17T01:17:51.653Z,15040,169900000,660900000
2026-09-17T01:17:51.653Z,63773,1003,999800
2026-09-17T01:17:51.653Z,2030,,499900000
2026-09-17T01:17:51.653Z,53136,40420000,167400000
2026-09-17T01:17:51.653Z,15032,130000000,400000000
2026-09-17T01:17:51.653Z,4064,55100000,199700000
2026-09-17T01:17:51.653Z,45992,1001000,178800000
2026-09-17T01:17:51.653Z,36723,33000000,174900000
2026-09-17T01:17:51.653Z,41241,402500000,950000000
2026-09-17T01:17:51.653Z,36514,1100000000,10250000000
2026-09-17T01:17:51.653Z,24549,,317000000
2026-09-17T01:17:51.653Z,48839,1406000,494500000
2026-09-17T01:17:51.653Z,13959,53100000,60860000
2026-09-17T01:17:51.653Z,43659,,400000000
2026-09-17T01:17:51.653Z,27595,199800000,888200000
2026-09-17T01:17:51.653Z,37169,25010000,19970000000
2026-09-17T01:17:51.653Z,3341,1404,523800
2026-09-17T01:17:51.653Z,43711,50000000,19970000000
2026-09-17T01:17:51.653Z,54809,1,26980000
2026-09-17T01:17:51.653Z,46203,1000000,9749000
2026-09-17T01:17:51.653Z,31645,5000,130700
2026-09-17T01:17:51.653Z,27065,,61000000
2026-09-17T01:17:51.653Z,33903,30000000,62990000
2026-09-17T01:17:51.653Z,15064,141900000,285100000
2026-09-17T01:17:51.653Z,15096,2177000000,3195000000
2026-09-17T01:17:51.653Z,44216,30000000,100000000
2026-09-17T01:17:51.653Z,84429,45360,390000
2026-09-17T01:17:51.653Z,836,5000,94500
2026-09-17T01:17:51.653Z,34719,23500,4418000
2026-09-17T01:17:51.653Z,43730,50000000,14960000000
2026-09-17T01:17:51.653Z,27177,16510000,23890000
2026-09-17T01:17:51.653Z,46978,56430,14070000
2026-09-17T01:17:51.653Z,41085,,41960000
2026-09-17T01:17:51.653Z,83921,720100,2979000
2026-09-17T01:17:51.653Z,3555,10000,1047000
2026-09-17T01:17:51.653Z,21818,3406000000,5999000000
2026-09-17T01:17:51.653Z,40607,5222000,305000000
2026-09-17T01:17:51.653Z,17291,10010000,20000000
2026-09-17T01:17:51.653Z,33383,145000000,483700000
2026-09-17T01:17:51.653Z,28394,4523,250000
2026-09-17T01:17:51.653Z,48382,65000000,1066000000
2026-09-17T01:17:51.653Z,17663,,6500000
2026-09-17T01:17:51.653Z,43696,129400000,375000000
2026-09-17T01:17:51.653Z,24691,1002000000,1859000000
2026-09-17T01:17:51.653Z,46641,125000000,7986000000
2026-09-17T01:17:51.653Z,41697,,70000000
2026-09-17T01:17:51.653Z,41601,100,29990000
2026-09-17T01:17:51.653Z,2007,61520000,89900000
2026-09-17T01:17:51.653Z,56628,8141,13000
2026-09-17T01:17:51.653Z,80943,7102000000,27000000000
2026-09-17T01:17:51.653Z,81050,16620000,31890000
2026-09-17T01:17:51.653Z,90742,,14000000
2026-09-17T01:17:51.653Z,31729,,2249000
2026-09-17T01:17:51.653Z,57416,2503000,295000000
2026-09-17T01:17:51.653Z,31548,79550000,600000000
2026-09-17T01:17:51.653Z,999,1002000000,1742000000
2026-09-17T01:17:51.653Z,55858,13690000000,60910000000
2026-09-17T01:17:51.653Z,47110,100,500000000
2026-09-17T01:17:51.653Z,43926,3257000,1000000000
2026-09-17T01:17:51.653Z,45540,2236000,1000000000
2026-09-17T01:17:51.653Z,45541,3259000,1000000000
2026-09-17T01:17:51.653Z,45542,1001000,1000000000
2026-09-17T01:17:51.653Z,43928,3267000,1000000000
2026-09-17T01:17:51.653Z,40684,,29000000
2026-09-17T01:17:51.653Z,41698,,69000000
2026-09-17T01:17:51.653Z,81071,,5234000
2026-09-17T01:17:51.653Z,43663,,398000000
2026-09-17T01:17:51.653Z,56895,100100,500000000
2026-09-17T01:17:51.653Z,62497,2428,7400
2026-09-17T01:17:51.653Z,31476,,12790000
2026-09-17T01:17:51.653Z,85876,13000000,14410000
2026-09-17T01:17:51.653Z,37894,10000,899900
2026-09-17T01:17:51.653Z,89705,20000000,307000000
2026-09-17T01:17:51.653Z,48180,10000000,4799000000
2026-09-17T01:17:51.653Z,71730,,297900000
2026-09-17T01:17:51.653Z,71721,25320000,1260000000
2026-09-17T01:17:51.653Z,93775,,499800
2026-09-17T01:17:51.653Z,23660,3000,1000000
2026-09-17T01:17:51.653Z,47766,42000,424500
2026-09-17T01:17:51.653Z,78408,470600000,1950000000
2026-09-17T01:17:51.653Z,62512,13580,35650
2026-09-17T01:17:51.653Z,59225,33670000,2185000000
2026-09-17T01:17:51.653Z,33803,961400000,19000000000
2026-09-17T01:17:51.653Z,85724,,35000000
2026-09-17T01:17:51.653Z,27674,10000000,80000000
2026-09-17T01:17:51.653Z,838,100000,1194000
2026-09-17T01:17:51.653Z,34348,1200000000,8200000000
2026-09-17T01:17:51.653Z,53421,24000000,2395000000
2026-09-17T01:17:51.653Z,53959,410000000,1200000000
2026-09-17T01:17:51.653Z,832,100,13490000
2026-09-17T01:17:51.653Z,26372,3500000,7697000
2026-09-17T01:17:51.653Z,14546,1916000000,4199000000
2026-09-17T01:17:51.653Z,93590,75200000,364200000
2026-09-17T01:17:51.653Z,48232,7399000,69900000
2026-09-17T01:17:51.653Z,12057,5000,400000
2026-09-17T01:17:51.653Z,43546,,9000000
2026-09-17T01:17:51.653Z,59465,0.01,750000000
2026-09-17T01:17:51.653Z,33221,400000,70000000
2026-09-17T01:17:51.653Z,1292,1000,6197000
2026-09-17T01:17:51.653Z,85483,10,10000000000
2026-09-17T01:17:51.653Z,79763,171100000,599900000
2026-09-17T01:17:51.653Z,15290,6594000000,8128000000
2026-09-17T01:17:51.653Z,17293,200000,3098000
2026-09-17T01:17:51.653Z,48564,2040000000,7842000000
2026-09-17T01:17:51.653Z,94053,170000000,1688000000
2026-09-17T01:17:51.653Z,21030,914900,914500000
2026-09-17T01:17:51.653Z,52855,100500,1499000000
2026-09-17T01:17:51.653Z,54539,9778000000,20000000000
2026-09-17T01:17:51.653Z,43665,,401000000
2026-09-17T01:17:51.653Z,44902,135500,6965000
2026-09-17T01:17:51.653Z,33731,151300000,458700000
2026-09-17T01:17:51.653Z,76282,310100000,2000000000
2026-09-17T01:17:51.653Z,26111,25000,1500000
2026-09-17T01:17:51.653Z,79615,973500000,7500000000
2026-09-17T01:17:51.653Z,34355,650000000,2490000000
2026-09-17T01:17:51.653Z,11296,10000,1000000
2026-09-17T01:17:51.653Z,79617,831200000,3899000000
2026-09-17T01:17:51.653Z,85403,340100,4993000
2026-09-17T01:17:51.653Z,11258,9999,1250000
2026-09-17T01:17:51.653Z,54904,150000000,3750000000
2026-09-17T01:17:51.653Z,76155,100900,14100000
2026-09-17T01:17:51.653Z,15140,1051000000,4599000000
2026-09-17T01:17:51.653Z,53150,0.01,998900000
2026-09-17T01:17:51.653Z,40736,530800,959400000
2026-09-17T01:17:51.653Z,28388,10600,382400
2026-09-17T01:17:51.653Z,55513,3000000,6250000
2026-09-17T01:17:51.653Z,32854,,3900000
2026-09-17T01:17:51.653Z,27653,5000000,16660000
2026-09-17T01:17:51.653Z,52695,,31372640
2026-09-17T01:17:51.653Z,15236,,500000000
2026-09-17T01:17:51.653Z,15196,,450000000
2026-09-17T01:17:51.653Z,1177,500200,4300000
2026-09-17T01:17:51.653Z,3402,1.3,20000
2026-09-17T01:17:51.653Z,3132,554900000,644700000
2026-09-17T01:17:51.653Z,54949,11030,640000
2026-09-17T01:17:51.653Z,52869,,388700000
2026-09-17T01:17:51.653Z,92988,5215000,23660000
2026-09-17T01:17:51.653Z,26071,24990,1500000
2026-09-17T01:17:51.653Z,92793,10100000,1556000000
2026-09-17T01:17:51.653Z,92794,10010000,1556000000
2026-09-17T01:17:51.653Z,75272,26900000,1300000000
2026-09-17T01:17:51.653Z,37489,100,3000000000
2026-09-17T01:17:51.653Z,3729,501.5,264900
2026-09-17T01:17:51.653Z,70851,1704000000,5700000000
2026-09-17T01:17:51.653Z,55746,1,49900000
2026-09-17T01:17:51.653Z,53636,1111000,999000000
2026-09-17T01:17:51.653Z,73249,11960,1166000
2026-09-17T01:17:51.653Z,2057,612500,595000000
2026-09-17T01:17:51.653Z,90410,14160000,29840000
2026-09-17T01:17:51.653Z,60949,22000000,890000000
2026-09-17T01:17:51.653Z,41451,,400000000
2026-09-17T01:17:51.653Z,26039,,5000000
2026-09-17T01:17:51.653Z,27598,367000000,576000000
2026-09-17T01:17:51.653Z,26047,,5000000
2026-09-17T01:17:51.653Z,26049,,5000000
2026-09-17T01:17:51.653Z,59231,323800000,2790000000
2026-09-17T01:17:51.653Z,31661,0.02,59730000
2026-09-17T01:17:51.653Z,15016,101000000,775600000
2026-09-17T01:17:51.653Z,14603,5694000000,13060000000
2026-09-17T01:17:51.653Z,46201,1000000,9000000
2026-09-17T01:17:51.653Z,46180,0.03,10070000
2026-09-17T01:17:51.653Z,83225,40000,97120000
2026-09-17T01:17:51.653Z,1154,,31400
2026-09-17T01:17:51.653Z,11564,50000,2500000
2026-09-17T01:17:51.653Z,11298,50000,2000000
2026-09-17T01:17:51.653Z,37274,125000000,19970000000
2026-09-17T01:17:51.653Z,55756,800100,10000000
2026-09-17T01:17:51.653Z,2055,61000,242000000
2026-09-17T01:17:51.653Z,34269,9999,1000000
2026-09-17T01:17:51.653Z,36767,67100000,1265000000
2026-09-17T01:17:51.653Z,1809,150000,300000
2026-09-17T01:17:51.653Z,41183,,126000000
2026-09-17T01:17:51.653Z,41177,,126000000
2026-09-17T01:17:51.653Z,43935,7449000000,17000000000
2026-09-17T01:17:51.653Z,17298,100000,45000000
2026-09-17T01:17:51.653Z,54800,10060000,319900000
2026-09-17T01:17:51.653Z,33308,,57000000
2026-09-17T01:17:51.653Z,31339,0.02,56000000
2026-09-17T01:17:51.653Z,31315,0.02,58000000
2026-09-17T01:17:51.653Z,33278,,56000000
2026-09-17T01:17:51.653Z,33312,,57000000
2026-09-17T01:17:51.653Z,1160,4999,100000
2026-09-17T01:17:51.653Z,59222,3851000,12000000000
2026-09-17T01:17:51.653Z,56906,0.01,490700000
2026-09-17T01:17:51.653Z,88895,500000000,2999000000
2026-09-17T01:17:51.653Z,88896,1268000000,1640000000
2026-09-17T01:17:51.653Z,37868,5002000,1500000000
2026-09-17T01:17:51.653Z,27548,200000,24000000
2026-09-17T01:17:51.653Z,43548,,2000000
2026-09-17T01:17:51.653Z,3992,2825000,990000000
2026-09-17T01:17:51.653Z,90741,1337000,6200000
2026-09-17T01:17:51.653Z,46126,4350000,999900000
2026-09-17T01:17:51.653Z,54177,2605000000,3897000000
2026-09-17T01:17:51.653Z,2763,1.05,50000000
2026-09-17T01:17:51.653Z,31464,18110,18980000
2026-09-17T01:17:51.653Z,1162,10000,740000
2026-09-17T01:17:51.653Z,46489,1601000000,3497000000
2026-09-17T01:17:51.653Z,14886,50010000,338100000
2026-09-17T01:17:51.653Z,36408,210300000,1660000000
2026-09-17T01:17:51.653Z,17351,1,7000000
2026-09-17T01:17:51.653Z,26079,24990,1500000
2026-09-17T01:17:51.653Z,17221,10070,499100
2026-09-17T01:17:51.653Z,53957,2927000,2440000000
2026-09-17T01:17:51.653Z,49333,10000000,400000000
2026-09-17T01:17:51.653Z,59875,44010000,2980000000
2026-09-17T01:17:51.653Z,63697,7984000,1898000000
2026-09-17T01:17:51.653Z,47534,500000,849500000
2026-09-17T01:17:51.653Z,31695,9999,785000
2026-09-17T01:17:51.653Z,48834,3117000,406000000
2026-09-17T01:17:51.653Z,93354,195000000,349000000
2026-09-17T01:17:51.653Z,11628,5003,209300
2026-09-17T01:17:51.653Z,14654,157400000,140000000000
2026-09-17T01:17:51.653Z,83242,10000,500000
2026-09-17T01:17:51.653Z,71728,200000000,3500000000
2026-09-17T01:17:51.653Z,53193,167000000,1111000000
2026-09-17T01:17:51.653Z,43721,125000000,19970000000
2026-09-17T01:17:51.653Z,46663,1100000000,9000000000
2026-09-17T01:17:51.653Z,14506,14850000000,23150000000
2026-09-17T01:17:51.653Z,43891,100100000,125000000
2026-09-17T01:17:51.653Z,23916,477700000,1050000000
2026-09-17T01:17:51.653Z,63686,13000,496900000
2026-09-17T01:17:51.653Z,41114,59200000,115000000
2026-09-17T01:17:51.653Z,21200,62010,1976000
2026-09-17T01:17:51.653Z,31118,5000,250000
2026-09-17T01:17:51.653Z,57180,0.01,15740000000
2026-09-17T01:17:51.653Z,49423,3333,5750000000
2026-09-17T01:17:51.653Z,31471,0.02,63000000
2026-09-17T01:17:51.653Z,31495,0.02,63000000
2026-09-17T01:17:51.653Z,31002,,63000000
2026-09-17T01:17:51.653Z,56734,150000000,550328800
2026-09-17T01:17:51.653Z,26087,24990,1500000
2026-09-17T01:17:51.653Z,31447,0.02,63000000
2026-09-17T01:17:51.653Z,93699,,400000000
2026-09-17T01:17:51.653Z,62503,5078,6910
2026-09-17T01:17:51.653Z,40720,100,95000000
2026-09-17T01:17:51.653Z,48831,10010000,379800000
2026-09-17T01:17:51.653Z,34656,4164000000,200000000000
2026-09-17T01:17:51.653Z,94148,17230000,399000000
2026-09-17T01:17:51.653Z,1548,,1552000
2026-09-17T01:17:51.653Z,1552,,1603000
2026-09-17T01:17:51.653Z,1564,,1707000
2026-09-17T01:17:51.653Z,41258,,169900000
2026-09-17T01:17:51.653Z,4398,25000,1350000
2026-09-17T01:17:51.653Z,36665,75110000,5000000000
2026-09-17T01:17:51.653Z,36311,310000000,5000000000
2026-09-17T01:17:51.653Z,36287,5033000,5025000000
2026-09-17T01:17:51.653Z,60226,61620000,650000000
2026-09-17T01:17:51.653Z,27675,5001000,1875000000
2026-09-17T01:17:51.653Z,41064,22290000,123100000
2026-09-17T01:17:51.653Z,81614,9119000,150000000
2026-09-17T01:17:51.653Z,84678,2625000000,9800000000
2026-09-17T01:17:51.653Z,41628,,30000000
2026-09-17T01:17:51.653Z,3954,,2951000
2026-09-17T01:17:51.653Z,3948,,2845000
2026-09-17T01:17:51.653Z,3938,,2635000
2026-09-17T01:17:51.653Z,17669,20000,20000000
2026-09-17T01:17:51.653Z,17673,11250,9000000
2026-09-17T01:17:51.653Z,823,,1200000
2026-09-17T01:17:51.653Z,17679,,12000000
2026-09-17T01:17:51.653Z,12226,355500,1882000
2026-09-17T01:17:51.653Z,1275,10,2500000
2026-09-17T01:17:51.653Z,28690,81230,81240
2026-09-17T01:17:51.653Z,31435,0.02,63000000
2026-09-17T01:17:51.653Z,31459,0.02,63000000
2026-09-17T01:17:51.653Z,31014,,62010000
2026-09-17T01:17:51.653Z,31076,,62990000
2026-09-17T01:17:51.653Z,31088,0.02,63000000
2026-09-17T01:17:51.653Z,41633,,130000000
2026-09-17T01:17:51.653Z,3942,,2740000
2026-09-17T01:17:51.653Z,24555,,320000000
2026-09-17T01:17:51.653Z,16234,316100000,594500000
2026-09-17T01:17:51.653Z,46642,125000000,28950000000
2026-09-17T01:17:51.653Z,840,,1682000
2026-09-17T01:17:51.653Z,89558,,500000
2026-09-17T01:17:51.653Z,89606,,5000000
2026-09-17T01:17:51.653Z,17671,20000,14000000
2026-09-17T01:17:51.653Z,46674,360400000,3333000000
2026-09-17T01:17:51.653Z,17675,20000,16000000
2026-09-17T01:17:51.653Z,20451,1312000,73000000
2026-09-17T01:17:51.653Z,23722,,2300000
2026-09-17T01:17:51.653Z,93776,,20270000
2026-09-17T01:17:51.653Z,28417,819.5,21000
2026-09-17T01:17:51.653Z,80015,1231,298700
2026-09-17T01:17:51.653Z,57390,110000000,2500000000
2026-09-17T01:17:51.653Z,17326,,7000000
2026-09-17T01:17:51.653Z,95478,504900000,2950000000
2026-09-17T01:17:51.653Z,34693,22610000,399000000
2026-09-17T01:17:51.653Z,28431,16.13,900
2026-09-17T01:17:51.653Z,52722,,599000000
2026-09-17T01:17:51.653Z,60219,130000,1399000
2026-09-17T01:17:51.653Z,15056,,636800000
2026-09-17T01:17:51.653Z,59815,12000000,390900000
2026-09-17T01:17:51.653Z,25957,,1495000
2026-09-17T01:17:51.653Z,25949,1000,1350000
2026-09-17T01:17:51.653Z,28418,100400,699600
2026-09-17T01:17:51.653Z,81043,61010000,130000000
2026-09-17T01:17:51.653Z,34736,22200000,149000000
2026-09-17T01:17:51.653Z,46139,4023000,1589000000
2026-09-17T01:17:51.653Z,25953,24990,1500000
2026-09-17T01:17:51.653Z,1334,50000,150000
2026-09-17T01:17:51.653Z,31373,10000,1250000
2026-09-17T01:17:51.653Z,54766,3000000,190000000
2026-09-17T01:17:51.653Z,31190,5000,130800
2026-09-17T01:17:51.653Z,46691,300600,549900
2026-09-17T01:17:51.653Z,34267,4999,250000
2026-09-17T01:17:51.653Z,31130,5000,130800
2026-09-17T01:17:51.653Z,15845,3084000,36800000
2026-09-17T01:17:51.653Z,36794,55100000,941900000
2026-09-17T01:17:51.653Z,31160,5000,129000
2026-09-17T01:17:51.653Z,40616,75000000,10000000000
2026-09-17T01:17:51.653Z,64097,130100000,9980000000
2026-09-17T01:17:51.653Z,64096,900100000,2225000000
2026-09-17T01:17:51.653Z,43723,50000000,14970000000
2026-09-17T01:17:51.653Z,1106,5000,500000
2026-09-17T01:17:51.653Z,41640,,65000000
2026-09-17T01:17:51.653Z,22991,176,338.9
2026-09-17T01:17:51.653Z,78887,100000,22890000
2026-09-17T01:17:51.653Z,36902,6053000,37000000000
2026-09-17T01:17:51.653Z,92373,5.05,25
2026-09-17T01:17:51.653Z,45901,100700,4001000
2026-09-17T01:17:51.653Z,88048,26880000,26890000000
2026-09-17T01:17:51.653Z,92391,23520,49930
2026-09-17T01:17:51.653Z,91395,1000,1999000
2026-09-17T01:17:51.653Z,46314,7869,321600
2026-09-17T01:17:51.653Z,26027,24990,1496000
2026-09-17T01:17:51.653Z,31801,5000,224700
2026-09-17T01:17:51.653Z,26021,24990,1500000
2026-09-17T01:17:51.653Z,56929,0.01,550000000
2026-09-17T01:17:51.653Z,31803,10000,1250000
2026-09-17T01:17:51.653Z,52878,101100,449900000
2026-09-17T01:17:51.653Z,48550,,595100000
2026-09-17T01:17:51.653Z,48547,,685100000
2026-09-17T01:17:51.653Z,52850,353200,353100000
2026-09-17T01:17:51.653Z,33578,,300000000
2026-09-17T01:17:51.653Z,52868,470400,468800000
2026-09-17T01:17:51.653Z,15148,3408000000,6269000000
2026-09-17T01:17:51.653Z,93481,71010000,157600000
2026-09-17T01:17:51.653Z,33290,,49900000
2026-09-17T01:17:51.653Z,33220,300000,50000000
2026-09-17T01:17:51.653Z,41687,8400000,800000000
2026-09-17T01:17:51.653Z,31134,,58000000
2026-09-17T01:17:51.653Z,28403,1058,90000
2026-09-17T01:17:51.653Z,41609,10,63000000
2026-09-17T01:17:51.653Z,33988,1500000,35000000
2026-09-17T01:17:51.653Z,31303,0.02,58000000
2026-09-17T01:17:51.653Z,47054,4100000,5900000
2026-09-17T01:17:51.653Z,53184,,2198000000
2026-09-17T01:17:51.653Z,31719,25100,1000000
2026-09-17T01:17:51.653Z,54905,,2190000000
2026-09-17T01:17:51.653Z,52570,1044000,299900000
2026-09-17T01:17:51.653Z,34051,700700000,1853000000
2026-09-17T01:17:51.653Z,2294,50000,1000000
2026-09-17T01:17:51.653Z,52580,70000000,600000000
2026-09-17T01:17:51.653Z,36660,5122000,300000000
2026-09-17T01:17:51.653Z,24396,25190,1465000
2026-09-17T01:17:51.653Z,25909,24990,1500000
2026-09-17T01:17:51.653Z,30467,,13000000
2026-09-17T01:17:51.653Z,77867,33000000,328800000
2026-09-17T01:17:51.653Z,48242,10000,600000000
2026-09-17T01:17:51.653Z,25919,24990,1479000
2026-09-17T01:17:51.653Z,32028,5000,1000000
2026-09-17T01:17:51.653Z,32044,10250,1000000
2026-09-17T01:17:51.653Z,11300,2275000,4185000
2026-09-17T01:17:51.653Z,35797,100000,1500000
2026-09-17T01:17:51.653Z,52584,100000000,1000000000
2026-09-17T01:17:51.653Z,52574,44000000,394900000
2026-09-17T01:17:51.653Z,15161,349000,996600000
2026-09-17T01:17:51.653Z,32783,5,120000
2026-09-17T01:17:51.653Z,48243,6001000,648900000
2026-09-17T01:17:51.653Z,41286,2212,10000
2026-09-17T01:17:51.653Z,52852,251100,1500000000
2026-09-17T01:17:51.653Z,29077,58340,1397000
2026-09-17T01:17:51.653Z,46274,4100000000,18490000000
2026-09-17T01:17:51.653Z,62669,,121000000
2026-09-17T01:17:51.653Z,62672,,600000000
2026-09-17T01:17:51.653Z,62676,1,456000000
2026-09-17T01:17:51.653Z,62678,1,608500000
2026-09-17T01:17:51.653Z,62679,1312000,1217000000
2026-09-17T01:17:51.653Z,62652,,60000000
2026-09-17T01:17:51.653Z,90141,910000000,5488000000
2026-09-17T01:17:51.653Z,12201,159200,999900
2026-09-17T01:17:51.653Z,53310,100200000,999900000
2026-09-17T01:17:51.653Z,64407,185500000,1848000000
2026-09-17T01:17:51.653Z,49820,7100000,2438000000
2026-09-17T01:17:51.653Z,49818,10000,1628000000
2026-09-17T01:17:51.653Z,64409,196700000,1852000000
2026-09-17T01:17:51.653Z,12258,25000,2067000
2026-09-17T01:17:51.653Z,48523,400000000,7389000000
2026-09-17T01:17:51.653Z,16599,869300000,1585000000
2026-09-17T01:17:51.653Z,46825,700000,5000000
2026-09-17T01:17:51.653Z,59422,5898000,2500000000
2026-09-17T01:17:51.653Z,48524,2604000000,9799000000
2026-09-17T01:17:51.653Z,35772,50010,144000
2026-09-17T01:17:51.653Z,35791,,99000
2026-09-17T01:17:51.653Z,31536,44090000,239900000
2026-09-17T01:17:51.653Z,35796,120100,1500000
2026-09-17T01:17:51.653Z,56867,6049,1000000
2026-09-17T01:17:51.653Z,47680,1495000000,3224000000
2026-09-17T01:17:51.653Z,28409,133.4,1298000
2026-09-17T01:17:51.653Z,11247,5003,113700
2026-09-17T01:17:51.653Z,42187,3200000,997400000
2026-09-17T01:17:51.653Z,15110,16360000000,23990000000
2026-09-17T01:17:51.653Z,88227,59010000,577900000
2026-09-17T01:17:51.653Z,34615,21200000,300000000
2026-09-17T01:17:51.653Z,36398,204000000,1965000000
2026-09-17T01:17:51.653Z,37221,223700000,420000000
2026-09-17T01:17:51.653Z,28419,22280,1650000
2026-09-17T01:17:51.653Z,11306,200400,3500000
2026-09-17T01:17:51.653Z,40496,130500000,3198000000
2026-09-17T01:17:51.653Z,48593,251000,2269000
2026-09-17T01:17:51.653Z,84993,102400000,1844000000
2026-09-17T01:17:51.653Z,85721,,4899000
2026-09-17T01:17:51.653Z,40477,125000000,2500000000
2026-09-17T01:17:51.653Z,63209,35000000,555500000
2026-09-17T01:17:51.653Z,41067,54120000,480000000
2026-09-17T01:17:51.653Z,53649,100100,1180000000
2026-09-17T01:17:51.653Z,17651,,6000000
2026-09-17T01:17:51.653Z,53595,0.01,399000000
2026-09-17T01:17:51.653Z,11882,0.01,999900
2026-09-17T01:17:51.653Z,11880,0.01,999900
2026-09-17T01:17:51.653Z,33380,6073000000,35000000000
2026-09-17T01:17:51.653Z,42617,25040000,4999000000
2026-09-17T01:17:51.653Z,70841,1162000000,5300000000
2026-09-17T01:17:51.653Z,12300,1,34900000
2026-09-17T01:17:51.653Z,22766,1250000,11200000
2026-09-17T01:17:51.653Z,80024,1.17,1497
2026-09-17T01:17:51.653Z,15002,425000,430200000
2026-09-17T01:17:51.653Z,93000,5200000,169900000
2026-09-17T01:17:51.653Z,55583,1000,89900
2026-09-17T01:17:51.653Z,54906,15010000,1599000000
2026-09-17T01:17:51.653Z,14597,530500000,1399000000
2026-09-17T01:17:51.653Z,14618,2513000,2100000000
2026-09-17T01:17:51.653Z,40484,26500000,2800000000
2026-09-17T01:17:51.653Z,45552,6026000000,35000000000
2026-09-17T01:17:51.653Z,27624,13000000,20010000
2026-09-17T01:17:51.653Z,11278,50510,3500000
2026-09-17T01:17:51.653Z,3346,59000000,6800000000
2026-09-17T01:17:51.653Z,34600,20000000,2900000000
2026-09-17T01:17:51.653Z,33024,22000000,99000000
2026-09-17T01:17:51.653Z,52569,80000000,299900000
2026-09-17T01:17:51.653Z,52575,45000000,449900000
2026-09-17T01:17:51.653Z,93349,1200000,120000000
2026-09-17T01:17:51.653Z,11304,1755000,4000000
2026-09-17T01:17:51.653Z,28425,2000,5000
2026-09-17T01:17:51.653Z,46495,1521000000,3497000000
2026-09-17T01:17:51.653Z,54554,5000000,49000000
2026-09-17T01:17:51.653Z,76208,1.1,50000
2026-09-17T01:17:51.653Z,29012,100000,1500000
2026-09-17T01:17:51.653Z,92797,10000000,777800000
2026-09-17T01:17:51.653Z,32861,,1098000
2026-09-17T01:17:51.653Z,47527,119900000,1160000000
2026-09-17T01:17:51.653Z,57502,6001000,10900000
2026-09-17T01:17:51.653Z,57500,1000000,10900000
2026-09-17T01:17:51.653Z,52851,100400,299900000
2026-09-17T01:17:51.653Z,4366,361000000,499900000
2026-09-17T01:17:51.653Z,31251,,500000
2026-09-17T01:17:51.653Z,37853,10,9500000
2026-09-17T01:17:51.653Z,59866,1066000,5000000000
2026-09-17T01:17:51.653Z,49959,4000000000,269900000000
2026-09-17T01:17:51.653Z,59816,5200000,698300000
2026-09-17T01:17:51.653Z,15753,38220000,58060000
2026-09-17T01:17:51.653Z,37219,232500000,499700000
2026-09-17T01:17:51.653Z,15106,6536000000,9537000000
2026-09-17T01:17:51.653Z,24570,,40000000
2026-09-17T01:17:51.653Z,31558,,2000000
2026-09-17T01:17:51.653Z,12218,150000,949900
2026-09-17T01:17:51.653Z,40510,0.01,999900000
2026-09-17T01:17:51.653Z,41420,105200,49990000
2026-09-17T01:17:51.653Z,33769,360000000,4448000000
2026-09-17T01:17:51.653Z,92667,146700000,238700000
2026-09-17T01:17:51.653Z,34611,125000000,5025000000
2026-09-17T01:17:51.653Z,63696,66520000,2900000000
2026-09-17T01:17:51.653Z,36759,25750000,2525000000
2026-09-17T01:17:51.653Z,43835,148900000,1450000000
2026-09-17T01:17:51.653Z,32864,,4986000
2026-09-17T01:17:51.653Z,32036,10000,850000
2026-09-17T01:17:51.653Z,34683,1000000,999000000
2026-09-17T01:17:51.653Z,48654,168100000,9500000000
2026-09-17T01:17:51.653Z,22765,118100,204900
2026-09-17T01:17:51.653Z,59831,,2800000000
2026-09-17T01:17:51.653Z,45548,500000000,34950000000
2026-09-17T01:17:51.653Z,14952,511400,495000000
2026-09-17T01:17:51.653Z,17324,,7000000
2026-09-17T01:17:51.653Z,52872,100100,1347000000
2026-09-17T01:17:51.653Z,48833,500400,379900000
2026-09-17T01:17:51.653Z,56193,28890000,2499000000
2026-09-17T01:17:51.653Z,73451,36950000,2450000000
2026-09-17T01:17:51.653Z,27766,6000000,39900000
2026-09-17T01:17:51.653Z,88718,2611000000,3200000000
2026-09-17T01:17:51.653Z,93013,3203000,89000000
2026-09-17T01:17:51.653Z,1173,77060,1325000
2026-09-17T01:17:51.653Z,45659,,13000000
2026-09-17T01:17:51.653Z,4009,273400000,95000000000
2026-09-17T01:17:51.653Z,41193,1789000000,2385000000
2026-09-17T01:17:51.653Z,17349,4001000,9000000
2026-09-17T01:17:51.653Z,29052,0.01,15000000
2026-09-17T01:17:51.653Z,17334,,9000000
2026-09-17T01:17:51.653Z,4232,90000000,1191000000
2026-09-17T01:17:51.653Z,62229,5501000000,8000000000
2026-09-17T01:17:51.653Z,17328,,7000000
2026-09-17T01:17:51.653Z,29090,,15000000
2026-09-17T01:17:51.653Z,37160,280200000,399700000
2026-09-17T01:17:51.653Z,17339,,7000000
2026-09-17T01:17:51.653Z,57387,3584000,233500000
2026-09-17T01:17:51.653Z,37529,540400000,5122000000
2026-09-17T01:17:51.653Z,41369,40010000,380000000
2026-09-17T01:17:51.653Z,15092,6322000000,10000000000
2026-09-17T01:17:51.653Z,16605,7014000000,13900000000
2026-09-17T01:17:51.653Z,14828,1186000000,2503000000
2026-09-17T01:17:51.653Z,11734,6004,2000000
2026-09-17T01:17:51.653Z,31732,,3498000
2026-09-17T01:17:51.653Z,47162,70000000,696900000
2026-09-17T01:17:51.653Z,41101,22420000,149700000
2026-09-17T01:17:51.653Z,47164,10,499900000
2026-09-17T01:17:51.653Z,36495,1509000000,12000000000
2026-09-17T01:17:51.653Z,37809,400000000,1561000000
2026-09-17T01:17:51.653Z,2780,150000,500000000
2026-09-17T01:17:51.653Z,52321,1655000000,5998000000
2026-09-17T01:17:51.653Z,40478,0.02,2500000000
2026-09-17T01:17:51.653Z,52859,100100,1500000000
2026-09-17T01:17:51.653Z,17695,1000000,45000000
2026-09-17T01:17:51.653Z,82588,35280000,400000000
2026-09-17T01:17:51.653Z,31671,9999,800000
2026-09-17T01:17:51.653Z,36673,1100000,4499000000
2026-09-17T01:17:51.653Z,36662,1065000,6000000000
2026-09-17T01:17:51.653Z,4059,78000000,540000000
2026-09-17T01:17:51.653Z,54544,3151000000,11250000000
2026-09-17T01:17:51.653Z,52861,0.01,499900000
2026-09-17T01:17:51.653Z,37167,50000000,19970000000
2026-09-17T01:17:51.653Z,81070,,6000000
2026-09-17T01:17:51.653Z,3400,20500000,113600000
2026-09-17T01:17:51.653Z,81077,,6000000
2026-09-17T01:17:51.653Z,53949,389600,692700000
2026-09-17T01:17:51.653Z,14794,4719000000,7000000000
2026-09-17T01:17:51.653Z,53007,1111000,5000000000
2026-09-17T01:17:51.653Z,82590,28020000,277600000
2026-09-17T01:17:51.653Z,27610,110100000,3000000000
2026-09-17T01:17:51.653Z,21038,223200000,1062000000
2026-09-17T01:17:51.653Z,55856,3714000000,320400000000
2026-09-17T01:17:51.653Z,76207,10230,100000
2026-09-17T01:17:51.653Z,41142,145000000,900000000
2026-09-17T01:17:51.653Z,30475,,13000000
2026-09-17T01:17:51.653Z,34397,,13000000
2026-09-17T01:17:51.653Z,29995,,13000000
2026-09-17T01:17:51.653Z,30479,,13000000
2026-09-17T01:17:51.653Z,30009,,13000000
2026-09-17T01:17:51.653Z,2781,150000,250000000
2026-09-17T01:17:51.653Z,48830,6019000,409600000
2026-09-17T01:17:51.653Z,1128,5000,750000
2026-09-17T01:17:51.653Z,14610,10710000,1490000000
2026-09-17T01:17:51.653Z,4067,84920000,7994000000
2026-09-17T01:17:51.653Z,3551,100.1,45000
2026-09-17T01:17:51.653Z,62028,750000,10000000
2026-09-17T01:17:51.653Z,53620,500800,459000000
2026-09-17T01:17:51.653Z,2782,150000,125000000
2026-09-17T01:17:51.653Z,37513,,1110000000
2026-09-17T01:17:51.653Z,53607,550200,265000000
2026-09-17T01:17:51.653Z,46051,,373000000
2026-09-17T01:17:51.653Z,37161,983100000,1875000000
2026-09-17T01:17:51.653Z,821,100,200000
2026-09-17T01:17:51.653Z,1072,,200000
2026-09-17T01:17:51.653Z,2538,50000,300000
2026-09-17T01:17:51.653Z,46192,1000000,10200000
2026-09-17T01:17:51.653Z,36485,8800000,686100000
2026-09-17T01:17:51.653Z,22715,1000000,1200000000
2026-09-17T01:17:51.653Z,46040,,750000000
2026-09-17T01:17:51.653Z,82500,84670000,424900000
2026-09-17T01:17:51.653Z,1558,5000,1200000
2026-09-17T01:17:51.653Z,3643,1.3,119.6
2026-09-17T01:17:51.653Z,52781,995000000,9908000000
2026-09-17T01:17:51.653Z,36795,6833000,5000000000
2026-09-17T01:17:51.653Z,36842,0.01,5000000000
2026-09-17T01:17:51.653Z,63685,20640000,2495000000
2026-09-17T01:17:51.653Z,33590,,190000000
2026-09-17T01:17:51.653Z,29084,0.01,15000000
2026-09-17T01:17:51.653Z,85729,,4800000
2026-09-17T01:17:51.653Z,90476,,60000000
2026-09-17T01:17:51.653Z,34159,155400000,950000000
2026-09-17T01:17:51.653Z,42712,1153000,990000000
2026-09-17T01:17:51.653Z,75267,351200000,9900000000
2026-09-17T01:17:51.653Z,34070,1500000000,3938000000
2026-09-17T01:17:51.653Z,48143,1000000,372900000
2026-09-17T01:17:51.653Z,78820,38800000,388500000
2026-09-17T01:17:51.653Z,1105,69550,250000
2026-09-17T01:17:51.653Z,49922,,250000000
2026-09-17T01:17:51.653Z,76176,1001000,249000000
2026-09-17T01:17:51.653Z,26090,,495700
2026-09-17T01:17:51.653Z,81975,81.05,399
2026-09-17T01:17:51.653Z,3447,6507000,8500000
2026-09-17T01:17:51.653Z,23914,1921000000,25010000000
2026-09-17T01:17:51.653Z,31753,5000,130800
2026-09-17T01:17:51.653Z,76242,355000000,3493000000
2026-09-17T01:17:51.653Z,33150,150000,300000000
2026-09-17T01:17:51.653Z,11798,5000,498800
2026-09-17T01:17:51.653Z,82360,60010,1923000
2026-09-17T01:17:51.653Z,41355,35010000,380000000
2026-09-17T01:17:51.653Z,52352,53100000,480000000
2026-09-17T01:17:51.653Z,41373,40010000,380000000
2026-09-17T01:17:51.653Z,2604,1000,18000
2026-09-17T01:17:51.653Z,60377,25000,313900
2026-09-17T01:17:51.653Z,3389,10700,313900
2026-09-17T01:17:51.653Z,60755,46000000,799000000
2026-09-17T01:17:51.653Z,23025,2117,2498
2026-09-17T01:17:51.653Z,27780,801500000,2000000000
2026-09-17T01:17:51.653Z,52767,225000000,699600000
2026-09-17T01:17:51.653Z,1157,,100000
2026-09-17T01:17:51.653Z,15663,100000,332900
2026-09-17T01:17:51.653Z,89696,215000000,333000000
2026-09-17T01:17:51.653Z,27538,800600000,1536000000
2026-09-17T01:17:51.653Z,34350,1400000000,8491000000
2026-09-17T01:17:51.653Z,23728,155000,1000000
2026-09-17T01:17:51.653Z,41126,1229000,111300000
2026-09-17T01:17:51.653Z,19759,81090,523200
2026-09-17T01:17:51.653Z,3325,125200,523200
2026-09-17T01:17:51.653Z,76239,95000000,2000000000
2026-09-17T01:17:51.653Z,59338,3605000,5250000000
2026-09-17T01:17:51.653Z,60577,20480000,539000000
2026-09-17T01:17:51.653Z,86275,2001000,54900000
2026-09-17T01:17:51.653Z,31543,,57000000
2026-09-17T01:17:51.653Z,48186,600100000,16000000000
2026-09-17T01:17:51.653Z,34419,128000,1000000
2026-09-17T01:17:51.653Z,58822,342600000,501500000
2026-09-17T01:17:51.653Z,52425,205100000,798800000
2026-09-17T01:17:51.653Z,56147,55000000,3600000000
2026-09-17T01:17:51.653Z,56606,55010000,409000000
2026-09-17T01:17:51.653Z,47652,21670,15000000000
2026-09-17T01:17:51.653Z,91399,100.1,99990
2026-09-17T01:17:51.653Z,47653,140000000,15000000000
2026-09-17T01:17:51.653Z,59832,,500000000
2026-09-17T01:17:51.653Z,31817,4999,130800
2026-09-17T01:17:51.653Z,31765,4999,130800
2026-09-17T01:17:51.653Z,74426,,1001
2026-09-17T01:17:51.653Z,64590,850000000,8499000000
2026-09-17T01:17:51.653Z,788,0.03,3199000
2026-09-17T01:17:51.653Z,45577,0.01,1198000000
2026-09-17T01:17:51.653Z,16220,60700000,89990000
2026-09-17T01:17:51.653Z,11614,4999,319900
2026-09-17T01:17:51.653Z,52697,1305000000,5056000000
2026-09-17T01:17:51.653Z,17306,5004,18970000
2026-09-17T01:17:51.653Z,41520,200,8500
2026-09-17T01:17:51.653Z,19767,10110,418600
2026-09-17T01:17:51.653Z,15214,1365000,130000000
2026-09-17T01:17:51.653Z,33726,100000000,2527000000
2026-09-17T01:17:51.653Z,62493,5019,9997
2026-09-17T01:17:51.653Z,57341,3001000,998700000
2026-09-17T01:17:51.653Z,59852,0.01,842000000
2026-09-17T01:17:51.653Z,61193,10000000,1860000000
2026-09-17T01:17:51.653Z,40588,1200000,4990000000
2026-09-17T01:17:51.653Z,37268,50000000,19970000000
2026-09-17T01:17:51.653Z,37272,50000000,19970000000
2026-09-17T01:17:51.653Z,46191,1000000,10900000
2026-09-17T01:17:51.653Z,17336,,9000000
2026-09-17T01:17:51.653Z,87208,2000000,16950000
2026-09-17T01:17:51.653Z,46359,,7618000
2026-09-17T01:17:51.653Z,83464,132000000,280000000
2026-09-17T01:17:51.653Z,89636,,13000000
2026-09-17T01:17:51.653Z,14750,256000,317800000
2026-09-17T01:17:51.653Z,46484,305000000,397000000
2026-09-17T01:17:51.653Z,46044,2004000000,26960000000
2026-09-17T01:17:51.653Z,14934,100000000,499900000
2026-09-17T01:17:51.653Z,17344,,9000000
2026-09-17T01:17:51.653Z,63056,300100000,9859000000
2026-09-17T01:17:51.653Z,14992,895500000,1300000000
2026-09-17T01:17:51.653Z,27592,150400000,689700000
2026-09-17T01:17:51.653Z,95476,1256000000,6650000000
2026-09-17T01:17:51.653Z,25344,300600,999700
2026-09-17T01:17:51.653Z,43902,,250000
2026-09-17T01:17:51.653Z,17353,,7000000
2026-09-17T01:17:51.653Z,17352,,7000000
2026-09-17T01:17:51.653Z,17356,,5900000
2026-09-17T01:17:51.653Z,28405,0.02,129000
2026-09-17T01:17:51.653Z,57778,30110000,547800000
2026-09-17T01:17:51.653Z,28406,55.15,50000
2026-09-17T01:17:51.653Z,17322,,7000000
2026-09-17T01:17:51.653Z,85714,,5001000
2026-09-17T01:17:51.653Z,12302,911000,2940000
2026-09-17T01:17:51.653Z,85757,2.01,8000000
2026-09-17T01:17:51.653Z,73271,,19870000
2026-09-17T01:17:51.653Z,43804,20000000,150000000
2026-09-17T01:17:51.653Z,37172,125000000,19970000000
2026-09-17T01:17:51.653Z,78410,47120000,1500000000
2026-09-17T01:17:51.653Z,33401,50000,50000000
2026-09-17T01:17:51.653Z,33449,,749970
2026-09-17T01:17:51.653Z,36792,104800000,1870000000
2026-09-17T01:17:51.653Z,95417,61000000,300000000
2026-09-17T01:17:51.653Z,15240,44930000,138800000
2026-09-17T01:17:51.653Z,61233,,10030000
2026-09-17T01:17:51.653Z,53135,1355000,320000000
2026-09-17T01:17:51.653Z,33271,35010,119900
2026-09-17T01:17:51.653Z,34691,36350000,976400000
2026-09-17T01:17:51.653Z,95475,1221000000,8000000000
2026-09-17T01:17:51.653Z,46671,70010000,2000000000
2026-09-17T01:17:51.653Z,63684,25450000,1000000000
2026-09-17T01:17:51.653Z,48208,,3498000000
2026-09-17T01:17:51.653Z,83594,45000000,90000000
2026-09-17T01:17:51.653Z,57429,41020000,160000000
2026-09-17T01:17:51.653Z,26043,24990,1350000
2026-09-17T01:17:51.653Z,41244,,42000000
2026-09-17T01:17:51.653Z,36651,45010000,437400000
2026-09-17T01:17:51.653Z,33035,90000,1999000
2026-09-17T01:17:51.653Z,41686,235100000,2775000000
2026-09-17T01:17:51.653Z,31741,4999,130800
2026-09-17T01:17:51.653Z,33381,2002000000,58900000000
2026-09-17T01:17:51.653Z,17428,2001,7496
2026-09-17T01:17:51.653Z,37153,981200000,1850000000
2026-09-17T01:17:51.653Z,31707,9999,785000
2026-09-17T01:17:51.653Z,14599,4034000000,6709000000
2026-09-17T01:17:51.653Z,26057,24990,1308000
2026-09-17T01:17:51.653Z,17512,1000000,155000000
2026-09-17T01:17:51.653Z,52572,65000000,499900000
2026-09-17T01:17:51.653Z,1193,56330,14900000
2026-09-17T01:17:51.653Z,85463,72000000,20000000000
2026-09-17T01:17:51.653Z,76956,1300000000,8000000000
2026-09-17T01:17:51.653Z,31611,10060,979900
2026-09-17T01:17:51.653Z,2031,,142000000
2026-09-17T01:17:51.653Z,4307,500000000,615000000
2026-09-17T01:17:51.653Z,14938,300100000,609800000
2026-09-17T01:17:51.653Z,37180,250700000,34970000000
2026-09-17T01:17:51.653Z,28392,623.1,10000000
2026-09-17T01:17:51.653Z,27532,1637000000,3350000000
2026-09-17T01:17:51.653Z,14988,1614000,1000000000
2026-09-17T01:17:51.653Z,41645,,50000000
2026-09-17T01:17:51.653Z,14842,1352000000,3627000000
2026-09-17T01:17:51.653Z,36854,11270000000,24390000000
2026-09-17T01:17:51.653Z,34714,135600000,1955000000
2026-09-17T01:17:51.653Z,90277,0.03,60000000
2026-09-17T01:17:51.653Z,46218,0.03,22000000
2026-09-17T01:17:51.653Z,16262,192000,250000
2026-09-17T01:17:51.653Z,1305,5000,125000
2026-09-17T01:17:51.653Z,1178,5000,198900
2026-09-17T01:17:51.653Z,26089,,1950000
2026-09-17T01:17:51.653Z,59752,33870,200000
2026-09-17T01:17:51.653Z,14379,5100000000,6500000000
2026-09-17T01:17:51.653Z,21956,1.01,200000000
2026-09-17T01:17:51.653Z,59237,12350,299900000
2026-09-17T01:17:51.653Z,64392,0.01,799900000
2026-09-17T01:17:51.653Z,30650,1606000,3000000
2026-09-17T01:17:51.653Z,15353,1,2000000
2026-09-17T01:17:51.653Z,46694,1134,444500
2026-09-17T01:17:51.653Z,59469,0.02,999000000
2026-09-17T01:17:51.653Z,80002,0.01,3000000
2026-09-17T01:17:51.653Z,46140,11000000,399000000
2026-09-17T01:17:51.653Z,32855,,9000000
2026-09-17T01:17:51.653Z,32839,,7000000
2026-09-17T01:17:51.653Z,15146,2621000000,4799000000
2026-09-17T01:17:51.653Z,3156,451200,485200000
2026-09-17T01:17:51.653Z,17335,,9000000
2026-09-17T01:17:51.653Z,52862,10000000,348700000
2026-09-17T01:17:51.653Z,52776,5010000,3750000000
2026-09-17T01:17:51.653Z,36323,1150000,1400000000
2026-09-17T01:17:51.653Z,41243,,35490000
2026-09-17T01:17:51.653Z,57161,15200000,900200000
2026-09-17T01:17:51.653Z,92784,6009000,2223000000
2026-09-17T01:17:51.653Z,17354,,5600000
2026-09-17T01:17:51.653Z,17327,,5900000
2026-09-17T01:17:51.653Z,92783,,2556000000
2026-09-17T01:17:51.653Z,92779,10000000,555600000
2026-09-17T01:17:51.653Z,92781,10000000,2223000000
2026-09-17T01:17:51.653Z,53169,5000000,3000000000
2026-09-17T01:17:51.653Z,52867,100100,449900000
2026-09-17T01:17:51.653Z,59843,0.01,3843000000
2026-09-17T01:17:51.653Z,11885,0.01,750000
2026-09-17T01:17:51.653Z,49925,1227000,300000000
2026-09-17T01:17:51.653Z,47654,345000000,15000000000
2026-09-17T01:17:51.653Z,92984,6000000,30000000
2026-09-17T01:17:51.653Z,28526,200000,5000000
2026-09-17T01:17:51.653Z,59311,1174000,4900000000
2026-09-17T01:17:51.653Z,15664,2000000,2399000
2026-09-17T01:17:51.653Z,14467,30330000,31990000000
2026-09-17T01:17:51.653Z,36705,145100000,2100000000
2026-09-17T01:17:51.653Z,1114,1000,180000
2026-09-17T01:17:51.653Z,47209,5,230000000
2026-09-17T01:17:51.653Z,2546,50000,375000
2026-09-17T01:17:51.653Z,46178,0.03,10950000
2026-09-17T01:17:51.653Z,46715,112000,5000000000
2026-09-17T01:17:51.653Z,40307,80000000,1500000000
2026-09-17T01:17:51.653Z,32923,5365000000,9999000000
2026-09-17T01:17:51.653Z,61200,100400,899800
2026-09-17T01:17:51.653Z,14948,40000000000,199900000000
2026-09-17T01:17:51.653Z,21296,1146000,7998000
2026-09-17T01:17:51.653Z,14804,2746000000,4499000000
2026-09-17T01:17:51.653Z,57818,100200000,999800000
2026-09-17T01:17:51.653Z,57816,66010000,640000000
2026-09-17T01:17:51.653Z,33309,34520000,500000000
2026-09-17T01:17:51.653Z,57496,6043000,13000000
2026-09-17T01:17:51.653Z,57503,0.01,13000000
2026-09-17T01:17:51.653Z,91162,1210000000,19400000000
2026-09-17T01:17:51.653Z,93110,,100
2026-09-17T01:17:51.653Z,62582,8433,11210
2026-09-17T01:17:51.653Z,57055,49520000,5799000000
2026-09-17T01:17:51.653Z,62511,9759,12200
2026-09-17T01:17:51.653Z,43515,1408000,9850000000
2026-09-17T01:17:51.653Z,94106,1001000,1211000000
2026-09-17T01:17:51.653Z,47552,504100,989000000
2026-09-17T01:17:51.653Z,28518,129500000,312000000
2026-09-17T01:17:51.653Z,48229,15900000,59230000
2026-09-17T01:17:51.653Z,43715,50000000,19970000000
2026-09-17T01:17:51.653Z,15637,,24850000
2026-09-17T01:17:51.653Z,60196,250000000,2500000000
2026-09-17T01:17:51.653Z,41133,,91000000
2026-09-17T01:17:51.653Z,53012,16900000,9998000000
2026-09-17T01:17:51.653Z,59240,500000000,5000000000
2026-09-17T01:17:51.653Z,33487,100000000,6798000000
2026-09-17T01:17:51.653Z,23724,5,475000
2026-09-17T01:17:51.653Z,42191,2502000,990000000
2026-09-17T01:17:51.653Z,48560,85010000,484900000
2026-09-17T01:17:51.653Z,46665,160000000,2980000000
2026-09-17T01:17:51.653Z,15262,35750000,175000000
2026-09-17T01:17:51.653Z,92785,10000000,355600000
2026-09-17T01:17:51.653Z,52598,207400000,6496000000
2026-09-17T01:17:51.653Z,92789,101000000,1556000000
2026-09-17T01:17:51.653Z,11881,0.01,650000
2026-09-17T01:17:51.653Z,41108,,111000000
2026-09-17T01:17:51.653Z,11584,150,84990
2026-09-17T01:17:51.653Z,41092,,36980000
2026-09-17T01:17:51.653Z,41452,,401000000
2026-09-17T01:17:51.653Z,57310,1200000,63990000
2026-09-17T01:17:51.653Z,48528,,2655000000
2026-09-17T01:17:51.653Z,37181,25000000,269600000000
2026-09-17T01:17:51.653Z,43828,5001000,45000000
2026-09-17T01:17:51.653Z,37087,0.02,220000000
2026-09-17T01:17:51.653Z,46667,38880000,4290000000
2026-09-17T01:17:51.653Z,59842,0.03,4499000000
2026-09-17T01:17:51.653Z,85461,109000000,15000000000
2026-09-17T01:17:51.653Z,26023,25000,1499000
2026-09-17T01:17:51.653Z,31635,10020,1250000
2026-09-17T01:17:51.653Z,90661,350000000,888800000
2026-09-17T01:17:51.653Z,37233,230100000,397000000
2026-09-17T01:17:51.653Z,85712,,100000000
2026-09-17T01:17:51.653Z,46144,6000000,1499000000
2026-09-17T01:17:51.653Z,42157,1,799000000
2026-09-17T01:17:51.653Z,42150,0.01,699000000
2026-09-17T01:17:51.653Z,42194,1015000,699000000
2026-09-17T01:17:51.653Z,42156,250000000,699000000
2026-09-17T01:17:51.653Z,17657,15200,8400000
2026-09-17T01:17:51.653Z,31567,,59860000
2026-09-17T01:17:51.653Z,94312,75000,60000000
2026-09-17T01:17:51.653Z,85487,,8000000000
2026-09-17T01:17:51.653Z,59813,40600000,666000000
2026-09-17T01:17:51.653Z,37893,4500,869900
2026-09-17T01:17:51.653Z,45572,7969000,2500000000
2026-09-17T01:17:51.653Z,2761,150000,50000000
2026-09-17T01:17:51.653Z,81074,,7000000
2026-09-17T01:17:51.653Z,48215,600900000,6000000000
2026-09-17T01:17:51.653Z,2803,0.02,75000000
2026-09-17T01:17:51.653Z,46485,1521000000,3497000000
2026-09-17T01:17:51.653Z,40742,,9900000
2026-09-17T01:17:51.653Z,40719,36440,46000000
2026-09-17T01:17:51.653Z,76281,913500000,6001000000
2026-09-17T01:17:51.653Z,54217,1439000,3000000000
2026-09-17T01:17:51.653Z,41371,40010000,350000000
2026-09-17T01:17:51.653Z,17325,,7000000
2026-09-17T01:17:51.653Z,33715,330100000,715700000
2026-09-17T01:17:51.653Z,41194,2304000000,3999000000
2026-09-17T01:17:51.653Z,17300,5000,10000000
2026-09-17T01:17:51.653Z,12270,2500000,6992000
2026-09-17T01:17:51.653Z,59854,0.01,2500000000
2026-09-17T01:17:51.653Z,62041,405.6,9970000
2026-09-17T01:17:51.653Z,45561,0.01,750000000
2026-09-17T01:17:51.653Z,41421,170000000,1765000000
2026-09-17T01:17:51.653Z,842,,2320000
2026-09-17T01:17:51.653Z,61218,,9611000
2026-09-17T01:17:51.653Z,52707,2042000,79000000
2026-09-17T01:17:51.653Z,88266,12180000,14000000000
2026-09-17T01:17:51.653Z,41376,40010000,280000000
2026-09-17T01:17:51.653Z,41365,35010000,380000000
2026-09-17T01:17:51.653Z,32345,35010000,380000000
2026-09-17T01:17:51.653Z,93723,10040,250000000
2026-09-17T01:17:51.653Z,41382,40010000,273900000
2026-09-17T01:17:51.653Z,42877,1004000,10000000
2026-09-17T01:17:51.653Z,42878,500400,10000000
2026-09-17T01:17:51.653Z,31791,10000,1500000
2026-09-17T01:17:51.653Z,42879,500400,10000000
2026-09-17T01:17:51.653Z,42883,500000,10000000
2026-09-17T01:17:51.653Z,15088,2310000000,6999000000
2026-09-17T01:17:51.653Z,62474,288.3,799.9
2026-09-17T01:17:51.653Z,688,758400000,1135000000
2026-09-17T01:17:51.653Z,994,10,1075000000
2026-09-17T01:17:51.653Z,2774,150000,500000000
2026-09-17T01:17:51.653Z,17429,2059,20000
2026-09-17T01:17:51.653Z,93785,4000000000,35000000000
2026-09-17T01:17:51.653Z,53646,5525000,494600000
2026-09-17T01:17:51.653Z,47208,0.01,280000000
2026-09-17T01:17:51.653Z,62468,255.4,1450
2026-09-17T01:17:51.653Z,2776,150800,125000000
2026-09-17T01:17:51.653Z,85726,,29870000
2026-09-17T01:17:51.653Z,89268,1000000000,9000000000
2026-09-17T01:17:51.653Z,26031,24990,2000000
2026-09-17T01:17:51.653Z,87266,55.11,9500000
2026-09-17T01:17:51.653Z,18640,1212,120000
2026-09-17T01:17:51.653Z,1155,,20930
2026-09-17T01:17:51.653Z,2785,184400,125000000
2026-09-17T01:17:51.653Z,2822,150000,100000000
2026-09-17T01:17:51.653Z,60349,,7200000
2026-09-17T01:17:51.653Z,27905,,4137000
2026-09-17T01:17:51.653Z,64413,180000000,1762000000
2026-09-17T01:17:51.653Z,90055,,9990000
2026-09-17T01:17:51.653Z,46361,,8010000
2026-09-17T01:17:51.653Z,57506,,13000000
2026-09-17T01:17:51.653Z,90892,500000000,1156000000
2026-09-17T01:17:51.653Z,90893,520000000,1149000000
2026-09-17T01:17:51.653Z,46357,,7214000
2026-09-17T01:17:51.653Z,61225,,9017000
2026-09-17T01:17:51.653Z,2833,200000000,973600000
2026-09-17T01:17:51.653Z,57181,8700000,8000000000
2026-09-17T01:17:51.653Z,26077,24990,1500000
2026-09-17T01:17:51.653Z,2787,150000,100000000
2026-09-17T01:17:51.653Z,71723,1004000000,1692000000
2026-09-17T01:17:51.653Z,91116,695000000,4900000000
2026-09-17T01:17:51.653Z,57498,,13000000
2026-09-17T01:17:51.653Z,54221,100800000,849800000
2026-09-17T01:17:51.653Z,41450,,400000000
2026-09-17T01:17:51.653Z,22779,,2344000
2026-09-17T01:17:51.653Z,46273,1100000000,23990000000
2026-09-17T01:17:51.653Z,41627,,15000000
2026-09-17T01:17:51.653Z,41629,,30000000
2026-09-17T01:17:51.653Z,40721,10,95000000
2026-09-17T01:17:51.653Z,81075,,7000000
2026-09-17T01:17:51.653Z,53623,15010000,495000000
2026-09-17T01:17:51.653Z,12266,,1349000
2026-09-17T01:17:51.653Z,54909,1200000,1200000000
2026-09-17T01:17:51.653Z,3664,,4266000
2026-09-17T01:17:51.653Z,27931,,3103000
2026-09-17T01:17:51.653Z,41388,,65000000
2026-09-17T01:17:51.653Z,43911,17090000,38000000
2026-09-17T01:17:51.653Z,41391,,65000000
2026-09-17T01:17:51.653Z,46686,22.74,24
2026-09-17T01:17:51.653Z,42625,147600000,6660000000
2026-09-17T01:17:51.653Z,45496,195.2,
2026-09-17T01:17:51.653Z,46309,230.7,
2026-09-17T01:17:51.653Z,15941,11480,
2026-09-17T01:17:51.653Z,94005,5000000,
2026-09-17T01:17:51.653Z,15933,2500000,
2026-09-17T01:17:51.653Z,48193,12020000,
2026-09-17T01:17:51.653Z,88077,750100,
2026-09-17T01:17:51.653Z,35834,16000000000,
2026-09-17T01:17:51.653Z,41151,4437000,
2026-09-17T01:17:51.653Z,92825,50000000,
2026-09-17T01:17:51.653Z,45500,818.2,
2026-09-17T01:17:51.653Z,52765,40130000,
2026-09-17T01:17:51.653Z,48530,1001000,
2026-09-17T01:17:51.653Z,46307,420.1,
2026-09-17T01:17:51.653Z,56630,7750,
2026-09-17T01:17:51.653Z,45503,720,
2026-09-17T01:17:51.653Z,40489,55110000,
2026-09-17T01:17:51.653Z,23718,125000,
2026-09-17T01:17:51.653Z,15874,15050,
2026-09-17T01:17:51.653Z,46403,2536000,
2026-09-17T01:17:51.653Z,15870,2506000,
2026-09-17T01:17:51.653Z,15867,5720000,
2026-09-17T01:17:51.653Z,15866,200000,
2026-09-17T01:17:51.653Z,87801,6041000,
2026-09-17T01:17:51.653Z,53180,4000000,
2026-09-17T01:17:51.653Z,11485,1.01,
2026-09-17T01:17:51.653Z,87982,16500000,
2026-09-17T01:17:51.653Z,48171,1000000,
2026-09-17T01:17:51.653Z,60157,17600000,
2026-09-17T01:17:51.653Z,49946,15000000000,
2026-09-17T01:17:51.653Z,52848,100200,
2026-09-17T01:17:51.653Z,91623,18470000,
2026-09-17T01:17:51.653Z,96809,50000000,
2026-09-17T01:17:51.653Z,96799,50000000,
2026-09-17T01:17:51.653Z,60345,580000,
2026-09-17T01:17:51.653Z,30655,756000,
2026-09-17T01:17:51.653Z,46401,26360000,
2026-09-17T01:17:51.653Z,25271,250000,
2026-09-17T01:17:51.653Z,36822,103100000,
2026-09-17T01:17:51.653Z,36782,146200000,
2026-09-17T01:17:51.653Z,2836,203000000,
2026-09-17T01:17:51.653Z,33761,111,
2026-09-17T01:17:51.653Z,36823,87510000,
2026-09-17T01:17:51.653Z,74316,350200000,
2026-09-17T01:17:51.653Z,33758,111,
2026-09-17T01:17:51.653Z,32788,200200000,
2026-09-17T01:17:51.653Z,77726,2000000,
2026-09-17T01:17:51.653Z,74141,20000000000,
2026-09-17T01:17:51.653Z,11940,159500000,
2026-09-17T01:17:51.653Z,32209,225200000,
2026-09-17T01:17:51.653Z,2834,201800000,
2026-09-17T01:17:51.653Z,3518,405300000,
2026-09-17T01:17:51.653Z,62856,1001000000,
2026-09-17T01:17:51.653Z,11936,220200000,
2026-09-17T01:17:51.653Z,11938,280200000,
2026-09-17T01:17:51.653Z,56265,3774000000,
2026-09-17T01:17:51.653Z,15961,132800000,
2026-09-17T01:17:51.653Z,56626,5054,
2026-09-17T01:17:51.653Z,81977,95.04,
2026-09-17T01:17:51.653Z,46748,1000000000,
2026-09-17T01:17:51.653Z,48635,372300000,
2026-09-17T01:17:51.653Z,62500,1606,
2026-09-17T01:17:51.653Z,36399,78000000,
2026-09-17T01:17:51.653Z,49157,161900000,
2026-09-17T01:17:51.653Z,46420,10000000,
2026-09-17T01:17:51.653Z,47613,1200000,
2026-09-17T01:17:51.653Z,45530,411300000,
2026-09-17T01:17:51.653Z,36775,1329000,
2026-09-17T01:17:51.653Z,36831,250000,
2026-09-17T01:17:51.653Z,17524,10000000,
2026-09-17T01:17:51.653Z,36343,150100000,
2026-09-17T01:17:51.653Z,36335,150000000,
2026-09-17T01:17:51.653Z,36655,10000000,
2026-09-17T01:17:51.653Z,53206,10000000,
2026-09-17T01:17:51.653Z,32790,263700000,
2026-09-17T01:17:51.653Z,35781,252500000,
2026-09-17T01:17:51.653Z,35779,223000000,
2026-09-17T01:17:51.653Z,53433,101000000,
2026-09-17T01:17:51.653Z,60764,446800000,
2026-09-17T01:17:51.653Z,13202,220200000,
2026-09-17T01:17:51.653Z,42245,260200000,
2026-09-17T01:17:51.653Z,45531,751200000,
2026-09-17T01:17:51.653Z,33673,200800000,
2026-09-17T01:17:51.653Z,25340,1702,
2026-09-17T01:17:51.653Z,21316,5000000,
2026-09-17T01:17:51.653Z,87795,38160000,
2026-09-17T01:17:51.653Z,56612,400000000,
2026-09-17T01:17:51.653Z,52777,5202000,
2026-09-17T01:17:51.653Z,9706,2809000,
2026-09-17T01:17:51.653Z,41130,371500000,
2026-09-17T01:17:51.653Z,47747,3519000,
2026-09-17T01:17:51.653Z,96795,50000000,
2026-09-17T01:17:51.653Z,86227,500300,
2026-09-17T01:17:51.653Z,49684,800000000,
2026-09-17T01:17:51.653Z,56931,1030000,
2026-09-17T01:17:51.653Z,60571,34190000,
2026-09-17T01:17:51.653Z,20909,5000000,
2026-09-17T01:17:51.653Z,14792,5760000000,
2026-09-17T01:17:51.653Z,29063,61120,
2026-09-17T01:17:51.653Z,82602,379400,
2026-09-17T01:17:51.653Z,16598,1669000,
2026-09-17T01:17:51.653Z,20494,12030,
2026-09-17T01:17:51.653Z,37869,3130000000,
2026-09-17T01:17:51.653Z,37967,5147000000,
2026-09-17T01:17:51.653Z,37965,502900000,
2026-09-17T01:17:51.653Z,37966,502900000,
2026-09-17T01:17:51.653Z,36735,70000000,
2026-09-17T01:17:51.653Z,36739,104000000,
2026-09-17T01:17:51.653Z,36840,60010000,
2026-09-17T01:17:51.653Z,20903,5000000,
2026-09-17T01:17:51.653Z,47615,1,
2026-09-17T01:17:51.653Z,76243,60000000,
2026-09-17T01:17:51.653Z,15873,1663000,
2026-09-17T01:17:51.653Z,56715,1001000,
2026-09-17T01:17:51.653Z,36455,56000000,
2026-09-17T01:17:51.653Z,89945,30200000,
2026-09-17T01:17:51.653Z,52712,10000000,
2026-09-17T01:17:51.653Z,15416,22000000,
2026-09-17T01:17:51.653Z,60756,21400000,
2026-09-17T01:17:51.653Z,56629,7300,
2026-09-17T01:17:51.653Z,36393,500000000,
2026-09-17T01:17:51.653Z,15216,255200,
2026-09-17T01:17:51.653Z,14592,1000000,
2026-09-17T01:17:51.653Z,46400,3500000,
2026-09-17T01:17:51.653Z,41512,124800,
2026-09-17T01:17:51.653Z,84998,421000000,
2026-09-17T01:17:51.653Z,96607,30010000,
2026-09-17T01:17:51.653Z,14872,10040000,
2026-09-17T01:17:51.653Z,77172,310000000,
2026-09-17T01:17:51.653Z,93073,1291000000,
2026-09-17T01:17:51.653Z,17240,25000000,
2026-09-17T01:17:51.653Z,70836,1003000,
2026-09-17T01:17:51.653Z,91614,135000000,
2026-09-17T01:17:51.653Z,14218,2565000,
2026-09-17T01:17:51.653Z,55321,263500,
2026-09-17T01:17:51.653Z,73225,103000,
2026-09-17T01:17:51.653Z,96609,1001000,
2026-09-17T01:17:51.653Z,82017,450,
2026-09-17T01:17:51.653Z,43702,31050,
2026-09-17T01:17:51.653Z,28352,4499000000,
2026-09-17T01:17:51.653Z,14924,2210000,
2026-09-17T01:17:51.653Z,96686,50000000,
2026-09-17T01:17:51.653Z,22903,100000,
2026-09-17T01:17:51.653Z,23911,2220000,
2026-09-17T01:17:51.653Z,49936,360000000,
2026-09-17T01:17:51.653Z,11988,10,
2026-09-17T01:17:51.653Z,11986,10,
2026-09-17T01:17:51.653Z,11990,10,
2026-09-17T01:17:51.653Z,11979,10,
2026-09-17T01:17:51.653Z,52897,40010000,
2026-09-17T01:17:51.653Z,47165,25010000,
2026-09-17T01:17:51.653Z,16058,200000,
2026-09-17T01:17:51.653Z,14224,114800,
2026-09-17T01:17:51.653Z,15857,200000,
2026-09-17T01:17:51.653Z,46685,30.21,
2026-09-17T01:17:51.653Z,15856,100000,
2026-09-17T01:17:51.653Z,15853,100000,
2026-09-17T01:17:51.653Z,58815,150000000,
2026-09-17T01:17:51.653Z,46424,1038000,
2026-09-17T01:17:51.653Z,15645,2505000,
2026-09-17T01:17:51.653Z,15858,200000,
2026-09-17T01:17:51.653Z,60947,12800000,
2026-09-17T01:17:51.653Z,21900,10040,
2026-09-17T01:17:51.653Z,27606,501000000,
2026-09-17T01:17:51.653Z,96692,1001000,
2026-09-17T01:17:51.653Z,49675,10000000,
2026-09-17T01:17:51.653Z,52876,7001000,
2026-09-17T01:17:51.653Z,87263,999800,
2026-09-17T01:17:51.653Z,31202,100000,
2026-09-17T01:17:51.653Z,96690,1001000,
2026-09-17T01:17:51.653Z,91172,111100,
2026-09-17T01:17:51.653Z,96672,1001000,
2026-09-17T01:17:51.653Z,22760,1495000000,
2026-09-17T01:17:51.653Z,34020,5001000,
2026-09-17T01:17:51.653Z,46437,55710000,
2026-09-17T01:17:51.653Z,34021,165100000,
2026-09-17T01:17:51.653Z,34022,15010000,
2026-09-17T01:17:51.653Z,42231,100600000,
2026-09-17T01:17:51.653Z,46390,60000000,
2026-09-17T01:17:51.653Z,58825,3006000,
2026-09-17T01:17:51.653Z,78741,10000000000,
2026-09-17T01:17:51.653Z,14212,3554000,
2026-09-17T01:17:51.653Z,42676,480000000,
2026-09-17T01:17:51.653Z,41102,5309000,
2026-09-17T01:17:51.653Z,23726,0.01,
2026-09-17T01:17:51.653Z,41077,1105000,
2026-09-17T01:17:51.653Z,52907,3301000000,
2026-09-17T01:17:51.653Z,41127,1003000,
2026-09-17T01:17:51.653Z,41076,194200,
2026-09-17T01:17:51.653Z,37301,1108000,
2026-09-17T01:17:51.653Z,95396,3030000,
2026-09-17T01:17:51.653Z,41139,1140000,
2026-09-17T01:17:51.653Z,41141,1105000,
2026-09-17T01:17:51.653Z,94149,1000000000,
2026-09-17T01:17:51.653Z,32825,5504,
2026-09-17T01:17:51.653Z,14650,1197000000,
2026-09-17T01:17:51.653Z,34689,14460000,
2026-09-17T01:17:51.653Z,31422,100000,
2026-09-17T01:17:51.653Z,56716,1500,
2026-09-17T01:17:51.653Z,94147,500000000,
2026-09-17T01:17:51.653Z,46687,17.93,
2026-09-17T01:17:51.653Z,34172,400000000,
2026-09-17T01:17:51.653Z,46661,400000000,
2026-09-17T01:17:51.653Z,58812,100000000,
2026-09-17T01:17:51.653Z,15022,98000000,
2026-09-17T01:17:51.653Z,37346,2711000,
2026-09-17T01:17:51.653Z,36734,1000000,
2026-09-17T01:17:51.653Z,28540,128400,
2026-09-17T01:17:51.653Z,46301,620,
2026-09-17T01:17:51.653Z,28524,124900,
2026-09-17T01:17:51.653Z,28552,129300,
2026-09-17T01:17:51.653Z,28538,128400,
2026-09-17T01:17:51.653Z,28547,125200,
2026-09-17T01:17:51.653Z,28536,124800,
2026-09-17T01:17:51.653Z,81618,20110000,
2026-09-17T01:17:51.653Z,28550,124900,
2026-09-17T01:17:51.653Z,34674,225000000,
2026-09-17T01:17:51.653Z,15859,152500,
2026-09-17T01:17:51.653Z,62494,6028,
2026-09-17T01:17:51.653Z,28557,124800,
2026-09-17T01:17:51.653Z,28559,124800,
2026-09-17T01:17:51.653Z,28542,124800,
2026-09-17T01:17:51.653Z,28516,124900,
2026-09-17T01:17:51.653Z,94145,286700000,
2026-09-17T01:17:51.653Z,40321,88110000,
2026-09-17T01:17:51.653Z,49149,237200000,
2026-09-17T01:17:51.653Z,24659,1706000,
2026-09-17T01:17:51.653Z,635,5003000000,
2026-09-17T01:17:51.653Z,42648,330100000,
2026-09-17T01:17:51.653Z,60194,400000000,
2026-09-17T01:17:51.653Z,37541,0.01,
2026-09-17T01:17:51.653Z,40511,1000000,
2026-09-17T01:17:51.653Z,46297,2477,
2026-09-17T01:17:51.653Z,15943,114800,
2026-09-17T01:17:51.653Z,46299,3238,
2026-09-17T01:17:51.653Z,15772,11310,
2026-09-17T01:17:51.653Z,60954,300000000,
2026-09-17T01:17:51.653Z,95542,2285000,
2026-09-17T01:17:51.653Z,57394,2146000,
2026-09-17T01:17:51.653Z,91127,635000000,
2026-09-17T01:17:51.653Z,41080,2128000,
2026-09-17T01:17:51.653Z,15641,1.04,
2026-09-17T01:17:51.653Z,60363,2124,
2026-09-17T01:17:51.653Z,78576,11000000000,
2026-09-17T01:17:51.653Z,15927,229800,
2026-09-17T01:17:51.653Z,14564,2101000,
2026-09-17T01:17:51.653Z,42126,50110000,
2026-09-17T01:17:51.653Z,33796,15000000,
2026-09-17T01:17:51.653Z,34649,55420000,
2026-09-17T01:17:51.653Z,88376,40000000,
2026-09-17T01:17:51.653Z,60378,510000,
2026-09-17T01:17:51.653Z,62487,1517,
2026-09-17T01:17:51.653Z,74528,271.4,
2026-09-17T01:17:51.653Z,62491,664.7,
2026-09-17T01:17:51.653Z,32826,7583,
2026-09-17T01:17:51.653Z,37852,10000,
2026-09-17T01:17:51.653Z,37055,3034000,
2026-09-17T01:17:51.653Z,52596,33160000,
2026-09-17T01:17:51.653Z,21326,4.54,
2026-09-17T01:17:51.653Z,46710,375000000,
2026-09-17T01:17:51.653Z,22887,5000,
2026-09-17T01:17:51.653Z,37496,183000000,
2026-09-17T01:17:51.653Z,91629,150000000,
2026-09-17T01:17:51.653Z,58811,50030000,
2026-09-17T01:17:51.653Z,55827,100800,
2026-09-17T01:17:51.653Z,40310,10010000,
2026-09-17T01:17:51.653Z,94136,38710000,
2026-09-17T01:17:51.653Z,53186,1000000,
2026-09-17T01:17:51.653Z,14473,252000000,
2026-09-17T01:17:51.653Z,17259,500000,
2026-09-17T01:17:51.653Z,27557,11680000,
2026-09-17T01:17:51.653Z,581,5500,
2026-09-17T01:17:51.653Z,46516,0.02,
2026-09-17T01:17:51.653Z,52444,305100000,
2026-09-17T01:17:51.653Z,11069,0.01,
2026-09-17T01:17:51.653Z,93016,5200000,
2026-09-17T01:17:51.653Z,28400,2329,
2026-09-17T01:17:51.653Z,91571,150000000,
2026-09-17T01:17:51.653Z,28561,571900,
2026-09-17T01:17:51.653Z,91611,150000000,
2026-09-17T01:17:51.653Z,50078,724200000,
2026-09-17T01:17:51.653Z,15100,3547000000,
2026-09-17T01:17:51.653Z,28528,123100,
2026-09-17T01:17:51.653Z,77166,101000000,
2026-09-17T01:17:51.653Z,45506,363.9,
2026-09-17T01:17:51.653Z,46741,500000000,
2026-09-17T01:17:51.653Z,50083,10140000,
2026-09-17T01:17:51.653Z,48206,3000000,
2026-09-17T01:17:51.653Z,16181,2153,
2026-09-17T01:17:51.653Z,42738,1000000,
2026-09-17T01:17:51.653Z,82016,400,
2026-09-17T01:17:51.653Z,33705,25,
2026-09-17T01:17:51.653Z,23710,5000,
2026-09-17T01:17:51.653Z,33707,25,
2026-09-17T01:17:51.653Z,23712,10,
2026-09-17T01:17:51.653Z,33672,25,
2026-09-17T01:17:51.653Z,23524,25,
2026-09-17T01:17:51.653Z,76952,505000000,
2026-09-17T01:17:51.653Z,31326,19010,
2026-09-17T01:17:51.653Z,94100,1001000,
2026-09-17T01:17:51.653Z,94099,76180000,
2026-09-17T01:17:51.653Z,94102,1001000,
2026-09-17T01:17:51.653Z,94101,80520000,
2026-09-17T01:17:51.653Z,94104,1001000,
2026-09-17T01:17:51.653Z,94105,35210000,
2026-09-17T01:17:51.653Z,83923,950000,
2026-09-17T01:17:51.653Z,83922,950000,
2026-09-17T01:17:51.653Z,53198,327700000,
2026-09-17T01:17:51.653Z,96651,1010,
2026-09-17T01:17:51.653Z,62547,823.8,
2026-09-17T01:17:51.653Z,36443,10000000,
2026-09-17T01:17:51.653Z,17522,1000000,
2026-09-17T01:17:51.653Z,41580,2620000000,
2026-09-17T01:17:51.653Z,62489,635.5,
2026-09-17T01:17:51.653Z,89808,442800000,
2026-09-17T01:17:51.653Z,95415,2020000,
2026-09-17T01:17:51.653Z,63774,10.05,
2026-09-17T01:17:51.653Z,36746,2000000,
2026-09-17T01:17:51.653Z,53201,1000000,
2026-09-17T01:17:51.653Z,96647,1010,
2026-09-17T01:17:51.653Z,46753,1000000,
2026-09-17T01:17:51.653Z,48207,1000000,
2026-09-17T01:17:51.653Z,94107,450000000,
2026-09-17T01:17:51.653Z,4074,15000000,
2026-09-17T01:17:51.653Z,46727,1257000,
2026-09-17T01:17:51.653Z,36713,824900,
2026-09-17T01:17:51.653Z,91119,645000000,
2026-09-17T01:17:51.653Z,87121,1000000000,
2026-09-17T01:17:51.653Z,14908,67180,
2026-09-17T01:17:51.653Z,94143,551500000,
2026-09-17T01:17:51.653Z,4050,100000000,
2026-09-17T01:17:51.653Z,82583,18430000,
2026-09-17T01:17:51.653Z,58791,10000,
2026-09-17T01:17:51.653Z,93256,1060000,
2026-09-17T01:17:51.653Z,36745,1000000,
2026-09-17T01:17:51.653Z,53424,150000000,
2026-09-17T01:17:51.653Z,47684,10100000,
2026-09-17T01:17:51.653Z,96047,105000000,
2026-09-17T01:17:51.653Z,96048,80000000,
2026-09-17T01:17:51.653Z,96046,75000000,
2026-09-17T01:17:51.653Z,64569,80020000,
2026-09-17T01:17:51.653Z,44200,1042000,
2026-09-17T01:17:51.653Z,32823,1568,
2026-09-17T01:17:51.653Z,46306,645.1,
2026-09-17T01:17:51.653Z,23774,2078000000,
2026-09-17T01:17:51.653Z,45518,580200000,
2026-09-17T01:17:51.653Z,47289,2061000,
2026-09-17T01:17:51.653Z,36972,29220000,
2026-09-17T01:17:51.653Z,35685,101200,
2026-09-17T01:17:51.653Z,36973,6573000000,
2026-09-17T01:17:51.653Z,54917,1505000,
2026-09-17T01:17:51.653Z,36961,17410000,
2026-09-17T01:17:51.653Z,96667,1010,
2026-09-17T01:17:51.653Z,36960,7277000,
2026-09-17T01:17:51.653Z,37538,16130000,
2026-09-17T01:17:51.653Z,22565,1045000,
2026-09-17T01:17:51.653Z,81625,502300,
2026-09-17T01:17:51.653Z,48192,1000000,
2026-09-17T01:17:51.653Z,81620,1729000,
2026-09-17T01:17:51.653Z,46673,530000000,
2026-09-17T01:17:51.653Z,40610,1000000,
2026-09-17T01:17:51.653Z,81622,1853000,
2026-09-17T01:17:51.653Z,88076,788000,
2026-09-17T01:17:51.653Z,96633,1010,
2026-09-17T01:17:51.653Z,88075,750100,
2026-09-17T01:17:51.653Z,91125,270000000,
2026-09-17T01:17:51.653Z,88078,750100,
2026-09-17T01:17:51.653Z,93997,201000000,
2026-09-17T01:17:51.653Z,88036,2455000,
2026-09-17T01:17:51.653Z,46703,12.14,
2026-09-17T01:17:51.653Z,88020,658500,
2026-09-17T01:17:51.653Z,53627,100100,
2026-09-17T01:17:51.653Z,3516,220200000,
2026-09-17T01:17:51.653Z,88378,22600000,
2026-09-17T01:17:51.653Z,91149,335000000,
2026-09-17T01:17:51.653Z,96617,1001000,
2026-09-17T01:17:51.653Z,59871,9998000,
2026-09-17T01:17:51.653Z,96669,1010,
2026-09-17T01:17:51.653Z,60765,220600000,
2026-09-17T01:17:51.653Z,94138,321000000,
2026-09-17T01:17:51.653Z,57809,400400000,
2026-09-17T01:17:51.653Z,14850,102700000,
2026-09-17T01:17:51.653Z,94141,400600000,
2026-09-17T01:17:51.653Z,11942,159400000,
2026-09-17T01:17:51.653Z,50143,1000000,
2026-09-17T01:17:51.653Z,14950,48000000000,
2026-09-17T01:17:51.653Z,47337,1020000,
2026-09-17T01:17:51.653Z,76373,99.99,
2026-09-17T01:17:51.653Z,93701,137400000,
2026-09-17T01:17:51.653Z,76249,85000000,
2026-09-17T01:17:51.653Z,82579,12320000,
2026-09-17T01:17:51.653Z,76247,85000000,
2026-09-17T01:17:51.653Z,60156,106100000,
2026-09-17T01:17:51.653Z,60158,6261000,
2026-09-17T01:17:51.653Z,76235,65000000,
2026-09-17T01:17:51.653Z,76245,500000000,
2026-09-17T01:17:51.653Z,34023,15010000,
2026-09-17T01:17:51.653Z,48189,3499000,
2026-09-17T01:17:51.653Z,14630,34000000,
2026-09-17T01:17:51.653Z,74521,17.5,
2026-09-17T01:17:51.653Z,96637,1001,
2026-09-17T01:17:51.653Z,36815,1500000,
2026-09-17T01:17:51.653Z,76237,85000000,
2026-09-17T01:17:51.653Z,73401,1005000,
2026-09-17T01:17:51.653Z,91141,400100000,
2026-09-17T01:17:51.653Z,52902,10500000,
2026-09-17T01:17:51.653Z,96649,1010,
2026-09-17T01:17:51.653Z,37022,7016000,
2026-09-17T01:17:51.653Z,64909,1000000,
2026-09-17T01:17:51.653Z,36364,2879000,
2026-09-17T01:17:51.653Z,47253,7506000,
2026-09-17T01:17:51.653Z,47154,193800000,
2026-09-17T01:17:51.653Z,48491,10050000,
2026-09-17T01:17:51.653Z,58941,25010000,
2026-09-17T01:17:51.653Z,91195,20000000,
2026-09-17T01:17:51.653Z,63212,6084000,
2026-09-17T01:17:51.653Z,55718,100,
2026-09-17T01:17:51.653Z,36456,2101000,
2026-09-17T01:17:51.653Z,15981,1000000,
2026-09-17T01:17:51.653Z,46151,25110000,
2026-09-17T01:17:51.653Z,29083,50060,
2026-09-17T01:17:51.653Z,16713,0.01,
2026-09-17T01:17:51.653Z,15244,40000000,
2026-09-17T01:17:51.653Z,96635,1010,
2026-09-17T01:17:51.653Z,96639,1010,
2026-09-17T01:17:51.653Z,96681,1010,
2026-09-17T01:17:51.653Z,29105,50050,
2026-09-17T01:17:51.653Z,96631,1010,
2026-09-17T01:17:51.653Z,96608,1010,
2026-09-17T01:17:51.653Z,96659,1010,
2026-09-17T01:17:51.653Z,96616,1010,
2026-09-17T01:17:51.653Z,96687,1001,
2026-09-17T01:17:51.653Z,57784,53220000,
2026-09-17T01:17:51.653Z,90662,144900000,
2026-09-17T01:17:51.653Z,57785,58890000,
2026-09-17T01:17:51.653Z,73793,2256000000,
2026-09-17T01:17:51.653Z,96683,1010,
2026-09-17T01:17:51.653Z,57783,106100000,
2026-09-17T01:17:51.653Z,96685,1010,
2026-09-17T01:17:51.653Z,46315,2350,
2026-09-17T01:17:51.653Z,96629,1010,
2026-09-17T01:17:51.653Z,36915,16950000,
2026-09-17T01:17:51.653Z,96691,1010,
2026-09-17T01:17:51.653Z,36916,4199000,
2026-09-17T01:17:51.653Z,96695,1010,
2026-09-17T01:17:51.653Z,96645,1010,
2026-09-17T01:17:51.653Z,59869,5899000,
2026-09-17T01:17:51.653Z,47526,1006000,
2026-09-17T01:17:51.653Z,96802,100100,
2026-09-17T01:17:51.653Z,96657,1010,
2026-09-17T01:17:51.653Z,96661,1010,
2026-09-17T01:17:51.653Z,96663,1010,
2026-09-17T01:17:51.653Z,96665,1010,
2026-09-17T01:17:51.653Z,96768,1010,
2026-09-17T01:17:51.653Z,46298,810,
2026-09-17T01:17:51.653Z,59873,20810000,
2026-09-17T01:17:51.653Z,26842,220200000,
2026-09-17T01:17:51.653Z,96632,10010,
2026-09-17T01:17:51.653Z,96614,1010,
2026-09-17T01:17:51.653Z,52899,26000000,
2026-09-17T01:17:51.653Z,59870,10100000,
2026-09-17T01:17:51.653Z,96618,1010,
2026-09-17T01:17:51.653Z,59872,20000000,
2026-09-17T01:17:51.653Z,54220,2000000,
2026-09-17T01:17:51.653Z,59874,20000000,
2026-09-17T01:17:51.653Z,96671,1010,
2026-09-17T01:17:51.653Z,96619,1001000,
2026-09-17T01:17:51.653Z,96622,1010,
2026-09-17T01:17:51.653Z,96621,10010,
2026-09-17T01:17:51.653Z,96624,1010,
2026-09-17T01:17:51.653Z,96627,1010,
2026-09-17T01:17:51.653Z,31242,35100,
2026-09-17T01:17:51.653Z,96655,1010,
2026-09-17T01:17:51.653Z,96654,10010,
2026-09-17T01:17:51.653Z,94134,36340000,
2026-09-17T01:17:51.653Z,15638,2500000,
2026-09-17T01:17:51.653Z,36722,2109000,
2026-09-17T01:17:51.653Z,94121,50870000,
2026-09-17T01:17:51.653Z,96811,100200,
2026-09-17T01:17:51.653Z,15875,980200,
2026-09-17T01:17:51.653Z,53621,100100,
2026-09-17T01:17:51.653Z,32075,9266000,
2026-09-17T01:17:51.653Z,19463,2500000,
2026-09-17T01:17:51.653Z,34552,1000000,
2026-09-17T01:17:51.653Z,34542,1000000,
2026-09-17T01:17:51.653Z,46682,277.8,
2026-09-17T01:17:51.653Z,34543,1000000,
2026-09-17T01:17:51.653Z,96798,100200,
2026-09-17T01:17:51.653Z,96797,50000000,
2026-09-17T01:17:51.653Z,49421,5000000,
2026-09-17T01:17:51.653Z,96796,1001,
2026-09-17T01:17:51.653Z,36949,1184000,
2026-09-17T01:17:51.653Z,34546,1000000,
2026-09-17T01:17:51.653Z,96813,50000000,
2026-09-17T01:17:51.653Z,96801,50000000,
2026-09-17T01:17:51.653Z,82585,15370000,
2026-09-17T01:17:51.653Z,96792,100100,
2026-09-17T01:17:51.653Z,96791,50000000,
2026-09-17T01:17:51.653Z,15794,1644000,
2026-09-17T01:17:51.653Z,48177,1000000,
2026-09-17T01:17:51.653Z,96770,1001,
2026-09-17T01:17:51.653Z,96769,50000000,
2026-09-17T01:17:51.653Z,96772,100100,
2026-09-17T01:17:51.653Z,96771,50000000,
2026-09-17T01:17:51.653Z,96794,100100,
2026-09-17T01:17:51.653Z,48188,1500000,
2026-09-17T01:17:51.653Z,11569,55200,
2026-09-17T01:17:51.653Z,58942,50590000,
2026-09-17T01:17:51.653Z,96793,50000000,
2026-09-17T01:17:51.653Z,58947,50000000,
2026-09-17T01:17:51.653Z,52881,6003000,
2026-09-17T01:17:51.653Z,58952,50000000,
2026-09-17T01:17:51.653Z,17303,10000,
2026-09-17T01:17:51.653Z,96808,100200,
2026-09-17T01:17:51.653Z,96807,50000000,
2026-09-17T01:17:51.653Z,96814,100100,
2026-09-17T01:17:51.653Z,96806,100100,
2026-09-17T01:17:51.653Z,96804,50000000,
2026-09-17T01:17:51.653Z,43925,4018000,
2026-09-17T01:17:51.653Z,53600,100100,
2026-09-17T01:17:51.653Z,52790,191700000,
2026-09-17T01:17:51.653Z,34706,50000000,
2026-09-17T01:17:51.653Z,53420,1305000,
2026-09-17T01:17:51.653Z,96800,21000,
2026-09-17T01:17:51.653Z,44090,0.02,
2026-09-17T01:17:51.653Z,87618,80420000,
2026-09-17T01:17:51.653Z,44014,0.02,
2026-09-17T01:17:51.653Z,37526,52200000,
2026-09-17T01:17:51.653Z,62515,8572,
2026-09-17T01:17:51.653Z,31145,129400,
2026-09-17T01:17:51.653Z,57108,1501000,
2026-09-17T01:17:51.653Z,36789,138300000,
2026-09-17T01:17:51.653Z,42680,360000000,
2026-09-17T01:17:51.653Z,42672,330000000,
2026-09-17T01:17:51.653Z,17227,51100,
2026-09-17T01:17:51.653Z,42673,210000000,
2026-09-17T01:17:51.653Z,44030,0.02,
2026-09-17T01:17:51.653Z,93737,2120000000,
2026-09-17T01:17:51.653Z,42682,210000000,
2026-09-17T01:17:51.653Z,36674,36150000,
2026-09-17T01:17:51.653Z,44036,0.02,
2026-09-17T01:17:51.653Z,42674,185000000,
2026-09-17T01:17:51.653Z,94126,50980000,
2026-09-17T01:17:51.653Z,42675,190000000,
2026-09-17T01:17:51.653Z,94128,26200000,
2026-09-17T01:17:51.653Z,46580,23080000,
2026-09-17T01:17:51.653Z,33289,39100,
2026-09-17T01:17:51.653Z,33311,59000,
2026-09-17T01:17:51.653Z,93343,760000,
2026-09-17T01:17:51.653Z,94087,25140000,
2026-09-17T01:17:51.653Z,94090,1001000,
2026-09-17T01:17:51.653Z,94092,1001000,
2026-09-17T01:17:51.653Z,94091,25140000,
2026-09-17T01:17:51.653Z,94093,25150000,
2026-09-17T01:17:51.653Z,49427,21180000,
2026-09-17T01:17:51.653Z,96643,1010,
2026-09-17T01:17:51.653Z,94096,1001000,
2026-09-17T01:17:51.653Z,94095,25140000,
2026-09-17T01:17:51.653Z,94098,1001000,
2026-09-17T01:17:51.653Z,94097,25140000,
2026-09-17T01:17:51.653Z,43813,18760000,
2026-09-17T01:17:51.653Z,36731,75160000,
2026-09-17T01:17:51.653Z,6047,31000,
2026-09-17T01:17:51.653Z,34547,1000000,
2026-09-17T01:17:51.653Z,17642,4505000,
2026-09-17T01:17:51.653Z,60514,40000000,
2026-09-17T01:17:51.653Z,43678,200000,
2026-09-17T01:17:51.653Z,91196,60060000,
2026-09-17T01:17:51.653Z,91199,70140000,
2026-09-17T01:17:51.653Z,91198,250100000,
2026-09-17T01:17:51.653Z,43932,2001000,
2026-09-17T01:17:51.653Z,28819,250000000,
2026-09-17T01:17:51.653Z,49974,150000000,
2026-09-17T01:17:51.653Z,36429,1500000,
2026-09-17T01:17:51.653Z,58934,3336000,
2026-09-17T01:17:51.653Z,44112,180000,
2026-09-17T01:17:51.653Z,34661,225600000,
2026-09-17T01:17:51.653Z,32818,88150,
2026-09-17T01:17:51.653Z,74535,4800,
2026-09-17T01:17:51.653Z,91140,1115000,
2026-09-17T01:17:51.653Z,74534,4500,
2026-09-17T01:17:51.653Z,75280,240.5,
2026-09-17T01:17:51.653Z,4021,105000000,
2026-09-17T01:17:51.653Z,36773,105100000,
2026-09-17T01:17:51.653Z,14572,120000,
2026-09-17T01:17:51.653Z,87601,30000000,
2026-09-17T01:17:51.653Z,28532,148900,
2026-09-17T01:17:51.653Z,87392,120000000,
2026-09-17T01:17:51.653Z,87391,120000000,
2026-09-17T01:17:51.653Z,87393,120000000,
2026-09-17T01:17:51.653Z,87374,120000000,
2026-09-17T01:17:51.653Z,88571,1000000,
2026-09-17T01:17:51.653Z,87390,120000000,
2026-09-17T01:17:51.653Z,85554,122200000,
2026-09-17T01:17:51.653Z,48733,51610000,
2026-09-17T01:17:51.653Z,48732,1171000,
2026-09-17T01:17:51.653Z,48728,4972000,
2026-09-17T01:17:51.653Z,47611,2,
2026-09-17T01:17:51.653Z,43933,2002000,
2026-09-17T01:17:51.653Z,87608,35000000,
2026-09-17T01:17:51.653Z,96626,1001000,
2026-09-17T01:17:51.653Z,96693,1010,
2026-09-17T01:17:51.653Z,18748,1046,
2026-09-17T01:17:51.653Z,91169,706100000,
2026-09-17T01:17:51.653Z,64592,5137000,
2026-09-17T01:17:51.653Z,50077,21990000,
2026-09-17T01:17:51.653Z,84134,1279000,
2026-09-17T01:17:51.653Z,95410,14000000,
2026-09-17T01:17:51.653Z,91147,125000000,
2026-09-17T01:17:51.653Z,52892,11800000,
2026-09-17T01:17:51.653Z,17249,315000000,
2026-09-17T01:17:51.653Z,37343,2714000,
2026-09-17T01:17:51.653Z,49953,1024000000,
2026-09-17T01:17:51.653Z,4140,1010000000,
2026-09-17T01:17:51.653Z,49952,56170000,
2026-09-17T01:17:51.653Z,37581,5101000,
2026-09-17T01:17:51.653Z,44070,8879000,
2026-09-17T01:17:51.653Z,44072,9181000,
2026-09-17T01:17:51.653Z,49947,6028000000,
2026-09-17T01:17:51.653Z,44071,3368000,
2026-09-17T01:17:51.653Z,46658,100100000,
2026-09-17T01:17:51.653Z,74530,1570,
2026-09-17T01:17:51.653Z,19722,2261000000,
2026-09-17T01:17:51.653Z,21300,1650000,
2026-09-17T01:17:51.653Z,96644,1001000,
2026-09-17T01:17:51.653Z,4052,1,
2026-09-17T01:17:51.653Z,4043,1,
2026-09-17T01:17:51.653Z,4037,1,
2026-09-17T01:17:51.653Z,85025,233100000,
2026-09-17T01:17:51.653Z,36971,811900000,
2026-09-17T01:17:51.653Z,28426,44.52,
2026-09-17T01:17:51.653Z,3316,35000,
2026-09-17T01:17:51.653Z,37525,190000000,
2026-09-17T01:17:51.653Z,15222,5000000,
2026-09-17T01:17:51.653Z,34053,400400000,
2026-09-17T01:17:51.653Z,90663,80230000,
2026-09-17T01:17:51.653Z,53055,25000000,
2026-09-17T01:17:51.653Z,48816,1500000000,
2026-09-17T01:17:51.653Z,15833,298700,
2026-09-17T01:17:51.653Z,15746,86140000,
2026-09-17T01:17:51.653Z,53057,10000000,
2026-09-17T01:17:51.653Z,34099,20000000,
2026-09-17T01:17:51.653Z,62477,1151,
2026-09-17T01:17:51.653Z,46407,30000000,
2026-09-17T01:17:51.653Z,53058,15000000,
2026-09-17T01:17:51.653Z,46756,150000000,
2026-09-17T01:17:51.653Z,90137,15000000,
2026-09-17T01:17:51.653Z,36677,254700000,
2026-09-17T01:17:51.653Z,31512,23110000,
2026-09-17T01:17:51.653Z,63138,3226000000,
2026-09-17T01:17:51.653Z,93725,702900000,
2026-09-17T01:17:51.653Z,32792,11420000,
2026-09-17T01:17:51.653Z,62479,427.9,
2026-09-17T01:17:51.653Z,50045,2000000,
2026-09-17T01:17:51.653Z,52768,8812000,
2026-09-17T01:17:51.653Z,50047,2000000,
2026-09-17T01:17:51.653Z,81903,200.5,
2026-09-17T01:17:51.653Z,82164,587.5,
2026-09-17T01:17:51.653Z,52778,6589000,
2026-09-17T01:17:51.653Z,37554,10000000,
2026-09-17T01:17:51.653Z,61125,36400000,
2026-09-17T01:17:51.653Z,20867,35020,
2026-09-17T01:17:51.653Z,62057,2592000,
2026-09-17T01:17:51.653Z,52775,2264000,
2026-09-17T01:17:51.653Z,62509,11360,
2026-09-17T01:17:51.653Z,47646,5559000,
2026-09-17T01:17:51.653Z,48533,12000000,
2026-09-17T01:17:51.653Z,88014,600300,
2026-09-17T01:17:51.653Z,88232,1006000,
2026-09-17T01:17:51.653Z,81086,591600000,
2026-09-17T01:17:51.653Z,82504,294000,
2026-09-17T01:17:51.653Z,82503,21360000,
2026-09-17T01:17:51.653Z,18055,130600,
2026-09-17T01:17:51.653Z,82502,15220000,
2026-09-17T01:17:51.653Z,36727,178500000,
2026-09-17T01:17:51.653Z,82501,294100,
2026-09-17T01:17:51.653Z,40581,55660000,
2026-09-17T01:17:51.653Z,36757,300000000,
2026-09-17T01:17:51.653Z,82600,374900,
2026-09-17T01:17:51.653Z,82601,600500,
2026-09-17T01:17:51.653Z,87738,1632000,
2026-09-17T01:17:51.653Z,82594,377700,
2026-09-17T01:17:51.653Z,82595,599800,
2026-09-17T01:17:51.653Z,82603,598800,
2026-09-17T01:17:51.653Z,87737,1250000,
2026-09-17T01:17:51.653Z,82598,377800,
2026-09-17T01:17:51.653Z,82599,607200,
2026-09-17T01:17:51.653Z,87739,1259000,
2026-09-17T01:17:51.653Z,82604,375600,
2026-09-17T01:17:51.653Z,82605,604100,
2026-09-17T01:17:51.653Z,87736,1274000,
2026-09-17T01:17:51.653Z,32822,3214,
2026-09-17T01:17:51.653Z,82606,39800000,
2026-09-17T01:17:51.653Z,82607,6549000,
2026-09-17T01:17:51.653Z,87735,1840000,
2026-09-17T01:17:51.653Z,82596,1276000,
2026-09-17T01:17:51.653Z,82597,1246000,
2026-09-17T01:17:51.653Z,87740,1252000,
2026-09-17T01:17:51.653Z,46651,547100,
2026-09-17T01:17:51.653Z,46649,528400,
2026-09-17T01:17:51.653Z,46501,533000,
2026-09-17T01:17:51.653Z,37435,2715000,
2026-09-17T01:17:51.653Z,37437,2725000,
2026-09-17T01:17:51.653Z,37431,2716000,
2026-09-17T01:17:51.653Z,40471,16460000,
2026-09-17T01:17:51.653Z,37562,1,
2026-09-17T01:17:51.653Z,55763,0.01,
2026-09-17T01:17:51.653Z,37555,11400000,
2026-09-17T01:17:51.653Z,23513,0.01,
2026-09-17T01:17:51.653Z,23507,5,
2026-09-17T01:17:51.653Z,50030,2000000,
2026-09-17T01:17:51.653Z,23730,5,
2026-09-17T01:17:51.653Z,23706,0.01,
2026-09-17T01:17:51.653Z,23732,0.01,
2026-09-17T01:17:51.653Z,90321,100200,
2026-09-17T01:17:51.653Z,40481,37500,
2026-09-17T01:17:51.653Z,59822,13500000,
2026-09-17T01:17:51.653Z,36776,16010000,
2026-09-17T01:17:51.653Z,46413,46000000,
2026-09-17T01:17:51.653Z,57109,100,
2026-09-17T01:17:51.653Z,47241,0.01,
2026-09-17T01:17:51.653Z,48745,0.01,
2026-09-17T01:17:51.653Z,60769,50000000,
2026-09-17T01:17:51.653Z,82018,503.4,
2026-09-17T01:17:51.653Z,40585,25570000,
2026-09-17T01:17:51.653Z,88012,600600,
2026-09-17T01:17:51.653Z,88230,1010000,
2026-09-17T01:17:51.653Z,47179,18560000,
2026-09-17T01:17:51.653Z,40606,54720000,
2026-09-17T01:17:51.653Z,37023,1711000,
2026-09-17T01:17:51.653Z,79176,0.01,
2026-09-17T01:17:51.653Z,22457,10100000,
2026-09-17T01:17:51.653Z,90180,155500,
2026-09-17T01:17:51.653Z,43927,3268000,
2026-09-17T01:17:51.653Z,43929,12340000,
2026-09-17T01:17:51.653Z,46525,0.01,
2026-09-17T01:17:51.653Z,37034,3157000,
2026-09-17T01:17:51.653Z,37032,208200,
2026-09-17T01:17:51.653Z,37030,24230000,
2026-09-17T01:17:51.653Z,37008,1001000,
2026-09-17T01:17:51.653Z,37047,406900,
2026-09-17T01:17:51.653Z,37048,406100,
2026-09-17T01:17:51.653Z,34094,810000000,
2026-09-17T01:17:51.653Z,55720,150000,
2026-09-17T01:17:51.653Z,40333,19820000,
2026-09-17T01:17:51.653Z,17667,2003000,
2026-09-17T01:17:51.653Z,53341,30000000,
2026-09-17T01:17:51.653Z,53604,0.01,
2026-09-17T01:17:51.653Z,36352,7801000,
2026-09-17T01:17:51.653Z,37493,0.01,
2026-09-17T01:17:51.653Z,36304,10,
2026-09-17T01:17:51.653Z,11631,5003,
2026-09-17T01:17:51.653Z,60948,22000000,
2026-09-17T01:17:51.653Z,42242,55730000,
2026-09-17T01:17:51.653Z,52857,0.01,
2026-09-17T01:17:51.653Z,41681,27090000,
2026-09-17T01:17:51.653Z,85229,5028000000,
2026-09-17T01:17:51.653Z,37577,6300000,
2026-09-17T01:17:51.653Z,63712,5000000,
2026-09-17T01:17:51.653Z,14944,14460000000,
2026-09-17T01:17:51.653Z,37556,11000,
2026-09-17T01:17:51.653Z,37585,1005000,
2026-09-17T01:17:51.653Z,37592,11,
2026-09-17T01:17:51.653Z,15094,6575000000,
2026-09-17T01:17:51.653Z,87360,400000000,
2026-09-17T01:17:51.653Z,36507,335000000,
2026-09-17T01:17:51.653Z,36642,0.01,
2026-09-17T01:17:51.653Z,46688,6522,
2026-09-17T01:17:51.653Z,46738,32960000,
2026-09-17T01:17:51.653Z,96684,50000000,
2026-09-17T01:17:51.653Z,81901,216.5,
2026-09-17T01:17:51.653Z,92179,409900,
2026-09-17T01:17:51.653Z,36381,80000000,
2026-09-17T01:17:51.653Z,49960,585400000,
2026-09-17T01:17:51.653Z,4151,1,
2026-09-17T01:17:51.653Z,4152,1,
2026-09-17T01:17:51.653Z,3975,1,
2026-09-17T01:17:51.653Z,91197,170500000,
2026-09-17T01:17:51.653Z,49981,200000,
2026-09-17T01:17:51.653Z,31158,20000000,
2026-09-17T01:17:51.653Z,48532,10000000,
2026-09-17T01:17:51.653Z,48531,80000000,
2026-09-17T01:17:51.653Z,11133,49990,
2026-09-17T01:17:51.653Z,54216,11230000,
2026-09-17T01:17:51.653Z,48375,2000000,
2026-09-17T01:17:51.653Z,48376,2000000,
2026-09-17T01:17:51.653Z,48379,12000000,
2026-09-17T01:17:51.653Z,48374,2000000,
2026-09-17T01:17:51.653Z,48378,500000,
2026-09-17T01:17:51.653Z,27604,160100000,
2026-09-17T01:17:51.653Z,48534,500000,
2026-09-17T01:17:51.653Z,92824,10260000,
2026-09-17T01:17:51.653Z,48535,2000000,
2026-09-17T01:17:51.653Z,33067,32220000,
2026-09-17T01:17:51.653Z,37497,51030000,
2026-09-17T01:17:51.653Z,32207,221000000,
2026-09-17T01:17:51.653Z,87273,4047000,
2026-09-17T01:17:51.653Z,46288,25.12,
2026-09-17T01:17:51.653Z,50085,1225000000,
2026-09-17T01:17:51.653Z,37498,0.01,
2026-09-17T01:17:51.653Z,36647,0.01,
2026-09-17T01:17:51.653Z,55722,1400000000,
2026-09-17T01:17:51.653Z,34707,140000000,
2026-09-17T01:17:51.653Z,48158,69420000,
2026-09-17T01:17:51.653Z,48472,1,
2026-09-17T01:17:51.653Z,57106,10000000,
2026-09-17T01:17:51.653Z,36653,100000000,
2026-09-17T01:17:51.653Z,33807,2460000,
2026-09-17T01:17:51.653Z,31601,10000,
2026-09-17T01:17:51.653Z,78740,2146000,
2026-09-17T01:17:51.653Z,34043,1000,
2026-09-17T01:17:51.653Z,4229,1,
2026-09-17T01:17:51.653Z,4217,1,
2026-09-17T01:17:51.653Z,4218,1,
2026-09-17T01:17:51.653Z,4219,1,
2026-09-17T01:17:51.653Z,4220,1,
2026-09-17T01:17:51.653Z,2296,10000,
2026-09-17T01:17:51.653Z,4221,1,
2026-09-17T01:17:51.653Z,4227,1,
2026-09-17T01:17:51.653Z,4224,1,
2026-09-17T01:17:51.653Z,4222,1,
2026-09-17T01:17:51.653Z,4230,1,
2026-09-17T01:17:51.653Z,4202,1,
2026-09-17T01:17:51.653Z,4208,1,
2026-09-17T01:17:51.653Z,4209,1,
2026-09-17T01:17:51.653Z,4207,1,
2026-09-17T01:17:51.653Z,49678,10,
2026-09-17T01:17:51.653Z,4161,1,
2026-09-17T01:17:51.653Z,4160,1,
2026-09-17T01:17:51.653Z,4163,1,
2026-09-17T01:17:51.653Z,36812,0.01,
2026-09-17T01:17:51.653Z,48527,0.01,
2026-09-17T01:17:51.653Z,33750,1,
2026-09-17T01:17:51.653Z,33749,1,
2026-09-17T01:17:51.653Z,47961,180000000,
2026-09-17T01:17:51.653Z,33748,1,
2026-09-17T01:17:51.653Z,33747,1,
2026-09-17T01:17:51.653Z,33751,1,
2026-09-17T01:17:51.653Z,4181,10,
2026-09-17T01:17:51.653Z,4069,100000000,
2026-09-17T01:17:51.653Z,4184,10,
2026-09-17T01:17:51.653Z,4111,1,
2026-09-17T01:17:51.653Z,4114,1,
2026-09-17T01:17:51.653Z,4109,1,
2026-09-17T01:17:51.653Z,4189,10,
2026-09-17T01:17:51.653Z,4107,1,
2026-09-17T01:17:51.653Z,46432,4818000,
2026-09-17T01:17:51.653Z,4183,10,
2026-09-17T01:17:51.653Z,4076,1,
2026-09-17T01:17:51.653Z,4185,10,
2026-09-17T01:17:51.653Z,58949,1,
2026-09-17T01:17:51.653Z,58948,1,
2026-09-17T01:17:51.653Z,4186,10,
2026-09-17T01:17:51.653Z,4187,10,
2026-09-17T01:17:51.653Z,4190,10,
2026-09-17T01:17:51.653Z,27582,7550000,
2026-09-17T01:17:51.653Z,14626,120,
2026-09-17T01:17:51.653Z,1218,0.01,
2026-09-17T01:17:51.653Z,14912,100500,
2026-09-17T01:17:51.653Z,61656,100100,
2026-09-17T01:17:51.653Z,46308,211.4,
2026-09-17T01:17:51.653Z,88205,10050,
2026-09-17T01:17:51.653Z,36348,500000000,
2026-09-17T01:17:51.653Z,36366,3223000,
2026-09-17T01:17:51.653Z,36346,11110000,
2026-09-17T01:17:51.653Z,36341,1326000,
2026-09-17T01:17:51.653Z,36357,1,
2026-09-17T01:17:51.653Z,36361,500000000,
2026-09-17T01:17:51.653Z,4105,350100000,
2026-09-17T01:17:51.653Z,40331,1127000,
2026-09-17T01:17:51.653Z,36340,2128000,
2026-09-17T01:17:51.653Z,36339,450000000,
2026-09-17T01:17:51.653Z,36338,1846000,
2026-09-17T01:17:51.653Z,52771,250600000,
2026-09-17T01:17:51.653Z,36354,50610000,
2026-09-17T01:17:51.653Z,36362,1372000,
2026-09-17T01:17:51.653Z,36342,400000000,
2026-09-17T01:17:51.653Z,36356,23250000,
2026-09-17T01:17:51.653Z,34652,5000000000,
2026-09-17T01:17:51.653Z,52762,11,
2026-09-17T01:17:51.653Z,40332,290000000,
2026-09-17T01:17:51.653Z,36434,1000000,
2026-09-17T01:17:51.653Z,36449,11340000,
2026-09-17T01:17:51.653Z,48854,8025000,
2026-09-17T01:17:51.653Z,36430,1.01,
2026-09-17T01:17:51.653Z,36458,7000000,
2026-09-17T01:17:51.653Z,36428,1000000,
2026-09-17T01:17:51.653Z,36454,1,
2026-09-17T01:17:51.653Z,36447,3000000,
2026-09-17T01:17:51.653Z,36432,1000000,
2026-09-17T01:17:51.653Z,28415,714.5,
2026-09-17T01:17:51.653Z,36426,1000000,
2026-09-17T01:17:51.653Z,36427,10000000,
2026-09-17T01:17:51.653Z,46202,1000000,
2026-09-17T01:17:51.653Z,41588,1000000,
2026-09-17T01:17:51.653Z,91392,150000,
2026-09-17T01:17:51.653Z,41586,10000,
2026-09-17T01:17:51.653Z,41587,1004000,
2026-09-17T01:17:51.653Z,28408,3.65,
2026-09-17T01:17:51.653Z,28407,69.04,
2026-09-17T01:17:51.653Z,37310,2720000,
2026-09-17T01:17:51.653Z,55724,169000000,
2026-09-17T01:17:51.653Z,14940,601100000,
2026-09-17T01:17:51.653Z,37376,2744000,
2026-09-17T01:17:51.653Z,96142,10010000,
2026-09-17T01:17:51.653Z,77284,511000000,
2026-09-17T01:17:51.653Z,19726,2081000000,
2026-09-17T01:17:51.653Z,73790,2304000000,
2026-09-17T01:17:51.653Z,46693,719,
2026-09-17T01:17:51.653Z,28399,282.9,
2026-09-17T01:17:51.653Z,86276,6666000,
2026-09-17T01:17:51.653Z,17510,114800,
2026-09-17T01:17:51.653Z,48175,50000000,
2026-09-17T01:17:51.653Z,58788,79000000,
2026-09-17T01:17:51.653Z,94088,1005000,
2026-09-17T01:17:51.653Z,37605,2261000000,
2026-09-17T01:17:51.653Z,49150,360300000,
2026-09-17T01:17:51.653Z,889,100,
2026-09-17T01:17:51.653Z,48852,35240000,
2026-09-17T01:17:51.653Z,36515,210000000,
2026-09-17T01:17:51.653Z,89784,2125000,
2026-09-17T01:17:51.653Z,23915,2171000000,
2026-09-17T01:17:51.653Z,48851,12290000,
2026-09-17T01:17:51.653Z,671,921200000,
2026-09-17T01:17:51.653Z,46399,2000000,
2026-09-17T01:17:51.653Z,42125,24270000,
2026-09-17T01:17:51.653Z,40324,400000000,
2026-09-17T01:17:51.653Z,36484,33000000,
2026-09-17T01:17:51.653Z,37487,65510000,
2026-09-17T01:17:51.653Z,90282,0.03,
2026-09-17T01:17:51.653Z,90278,0.03,
2026-09-17T01:17:51.653Z,75281,250.5,
2026-09-17T01:17:51.653Z,34169,550000000,
2026-09-17T01:17:51.653Z,31217,29600,
2026-09-17T01:17:51.653Z,46701,3.35,
2026-09-17T01:17:51.653Z,46702,3.05,
2026-09-17T01:17:51.653Z,43931,2001000,
2026-09-17T01:17:51.653Z,58786,49010000,
2026-09-17T01:17:51.653Z,3764,1865000,
2026-09-17T01:17:51.653Z,56264,21770000000,
2026-09-17T01:17:51.653Z,31428,19020,
2026-09-17T01:17:51.653Z,90746,80000000,
2026-09-17T01:17:51.653Z,91636,104700000,
2026-09-17T01:17:51.653Z,58943,12000000,
2026-09-17T01:17:51.653Z,94094,1001000,
2026-09-17T01:17:51.653Z,45677,32450000,
2026-09-17T01:17:51.653Z,42243,50400000,
2026-09-17T01:17:51.653Z,48951,1,
2026-09-17T01:17:51.653Z,48954,1,
2026-09-17T01:17:51.653Z,50042,1,
2026-09-17T01:17:51.653Z,73792,3356000000,
2026-09-17T01:17:51.653Z,19724,2006000000,
2026-09-17T01:17:51.653Z,73787,3121000000,
2026-09-17T01:17:51.653Z,87381,1630000,
2026-09-17T01:17:51.653Z,77288,562000000,
2026-09-17T01:17:51.653Z,90320,10010000,
2026-09-17T01:17:51.653Z,85759,2.01,
2026-09-17T01:17:51.653Z,14556,50000000,
2026-09-17T01:17:51.653Z,37604,3446000000,
2026-09-17T01:17:51.653Z,37607,2566000000,
2026-09-17T01:17:51.653Z,17168,2015000,
2026-09-17T01:17:51.653Z,45649,51370000,
2026-09-17T01:17:51.653Z,42241,51390000,
2026-09-17T01:17:51.653Z,23773,1819000,
2026-09-17T01:17:51.653Z,3514,276400000,
2026-09-17T01:17:51.653Z,84111,235900000,
2026-09-17T01:17:51.653Z,84101,65640000,
2026-09-17T01:17:51.653Z,36496,0.01,
2026-09-17T01:17:51.653Z,87389,120000000,
2026-09-17T01:17:51.653Z,91634,17000000,
2026-09-17T01:17:51.653Z,32828,40160,
2026-09-17T01:17:51.653Z,36344,101900000,
2026-09-17T01:17:51.653Z,48159,5001000,
2026-09-17T01:17:51.653Z,32824,3807,
2026-09-17T01:17:51.653Z,32820,50000,
2026-09-17T01:17:51.653Z,76203,1000000,
2026-09-17T01:17:51.653Z,36725,1511000,
2026-09-17T01:17:51.653Z,36742,26000000,
2026-09-17T01:17:51.653Z,53605,100100,
2026-09-17T01:17:51.653Z,37494,57370000,
2026-09-17T01:17:51.653Z,59857,1567000,
2026-09-17T01:17:51.653Z,53200,2450000,
2026-09-17T01:17:51.653Z,34554,1000000,
2026-09-17T01:17:51.653Z,83245,1000,
2026-09-17T01:17:51.653Z,33293,38000,
2026-09-17T01:17:51.653Z,36314,111,
2026-09-17T01:17:51.653Z,54553,2004000,
2026-09-17T01:17:51.653Z,4116,7001000,
2026-09-17T01:17:51.653Z,4117,13020000,
2026-09-17T01:17:51.653Z,4118,5009000,
2026-09-17T01:17:51.653Z,43511,10000000,
2026-09-17T01:17:51.653Z,37606,2661000000,
2026-09-17T01:17:51.653Z,4121,5010000,
2026-09-17T01:17:51.653Z,53633,111,
2026-09-17T01:17:51.653Z,4123,13030000,
2026-09-17T01:17:51.653Z,22566,232700,
2026-09-17T01:17:51.653Z,94006,10000000,
2026-09-17T01:17:51.653Z,15052,122100,
2026-09-17T01:17:51.653Z,47530,30000000,
2026-09-17T01:17:51.653Z,4110,1,
2026-09-17T01:17:51.653Z,45645,4820000,
2026-09-17T01:17:51.653Z,46700,0.11,
2026-09-17T01:17:51.653Z,28404,1.08,
2026-09-17T01:17:51.653Z,31506,100300,
2026-09-17T01:17:51.653Z,46668,325100000,
2026-09-17T01:17:51.653Z,36353,109100000,
2026-09-17T01:17:51.653Z,4139,175400000,
2026-09-17T01:17:51.653Z,28395,1171,
2026-09-17T01:17:51.653Z,44214,110000,
2026-09-17T01:17:51.653Z,34558,2739000,
2026-09-17T01:17:51.653Z,46704,201500,
2026-09-17T01:17:51.653Z,82207,550,
2026-09-17T01:17:51.653Z,96652,1001000,
2026-09-17T01:17:51.653Z,62857,1111,
2026-09-17T01:17:51.653Z,36404,4000000000,
2026-09-17T01:17:51.653Z,62482,2002,
2026-09-17T01:17:51.653Z,54908,15000000,
2026-09-17T01:17:51.653Z,47535,3002000,
2026-09-17T01:17:51.653Z,43839,2900000,
2026-09-17T01:17:51.653Z,53188,3100000,
2026-09-17T01:17:51.653Z,80992,200000,
2026-09-17T01:17:51.653Z,87926,2000000,
2026-09-17T01:17:51.653Z,87901,200000,
2026-09-17T01:17:51.653Z,17225,4500000,
2026-09-17T01:17:51.653Z,48194,2083000,
2026-09-17T01:17:51.653Z,36797,231600000,
2026-09-17T01:17:51.653Z,59839,100000000,
2026-09-17T01:17:51.653Z,87925,200000,
2026-09-17T01:17:51.653Z,47301,1000000,
2026-09-17T01:17:51.653Z,33488,1570000000,
2026-09-17T01:17:51.653Z,33059,500000,
2026-09-17T01:17:51.653Z,19658,50000,
2026-09-17T01:17:51.653Z,30222,50000,
2026-09-17T01:17:51.653Z,30221,50000,
2026-09-17T01:17:51.653Z,56267,62200000,
2026-09-17T01:17:51.653Z,91617,50000000,
2026-09-17T01:17:51.653Z,88568,45000000,
2026-09-17T01:17:51.653Z,91631,75000000,
2026-09-17T01:17:51.653Z,64411,86650000,
2026-09-17T01:17:51.653Z,31193,24180,
2026-09-17T01:17:51.653Z,36740,30100000,
2026-09-17T01:17:51.653Z,43930,2001000,
2026-09-17T01:17:51.653Z,56090,7000000,
2026-09-17T01:17:51.653Z,60343,3212,
2026-09-17T01:17:51.653Z,37486,26210000,
2026-09-17T01:17:51.653Z,46772,0.01,
2026-09-17T01:17:51.653Z,46771,80000000,
2026-09-17T01:17:51.653Z,60771,1,
2026-09-17T01:17:51.653Z,36633,56300000,
2026-09-17T01:17:51.653Z,36717,1000000,
2026-09-17T01:17:51.653Z,41682,135100000,
2026-09-17T01:17:51.653Z,46739,100000000,
2026-09-17T01:17:51.653Z,37507,1000000,
2026-09-17T01:17:51.653Z,43520,132000,
2026-09-17T01:17:51.653Z,53642,10080,
2026-09-17T01:17:51.653Z,27594,250300000,
2026-09-17T01:17:51.653Z,43523,1000000,
2026-09-17T01:17:51.653Z,43485,2000000,
2026-09-17T01:17:51.653Z,87741,1273000,
2026-09-17T01:17:51.653Z,36508,80000000,
2026-09-17T01:17:51.653Z,43679,200000,
2026-09-17T01:17:51.653Z,32821,1520,
2026-09-17T01:17:51.653Z,58826,31000000,
2026-09-17T01:17:51.653Z,33395,300200000,
2026-09-17T01:17:51.653Z,21310,5000000,
2026-09-17T01:17:51.653Z,57592,22710000,
2026-09-17T01:17:51.653Z,11011,174900000,
2026-09-17T01:17:51.653Z,26840,239700000,
2026-09-17T01:17:51.653Z,11876,0.01,
2026-09-17T01:17:51.653Z,11878,100000,
2026-09-17T01:17:51.653Z,11879,0.01,
2026-09-17T01:17:51.653Z,11857,0.01,
2026-09-17T01:17:51.653Z,11883,0.01,
2026-09-17T01:17:51.653Z,11884,0.01,
2026-09-17T01:17:51.653Z,14716,20010000,
2026-09-17T01:17:51.653Z,37582,1000000,
2026-09-17T01:17:51.653Z,46681,750.3,
2026-09-17T01:17:51.653Z,49429,1701000,
2026-09-17T01:17:51.653Z,14761,5030000,
2026-09-17T01:17:51.653Z,81976,91.02,
2026-09-17T01:17:51.653Z,62056,17500,
2026-09-17T01:17:51.653Z,81978,99.66,
2026-09-17T01:17:51.653Z,2375,150,
2026-09-17T01:17:51.653Z,2376,150,
2026-09-17T01:17:51.653Z,2373,150,
2026-09-17T01:17:51.653Z,2369,150,
2026-09-17T01:17:51.653Z,2377,150,
2026-09-17T01:17:51.653Z,91635,22010000,
2026-09-17T01:17:51.653Z,96648,1001000,
2026-09-17T01:17:51.653Z,34005,105000000,
2026-09-17T01:17:51.653Z,88034,13510000,
2026-09-17T01:17:51.653Z,34664,0.01,
2026-09-17T01:17:51.653Z,36636,46000000,
2026-09-17T01:17:51.653Z,40582,33140000,
2026-09-17T01:17:51.653Z,92385,100000000,
2026-09-17T01:17:51.653Z,53160,100,
2026-09-17T01:17:51.653Z,60365,652500,
2026-09-17T01:17:51.653Z,54545,8033000000,
2026-09-17T01:17:51.653Z,46293,2.37,
2026-09-17T01:17:51.653Z,52758,1000000,
2026-09-17T01:17:51.653Z,4196,0.01,
2026-09-17T01:17:51.653Z,56625,5146,
2026-09-17T01:17:51.653Z,45061,25510000,
2026-09-17T01:17:51.653Z,42229,5000000,
2026-09-17T01:17:51.653Z,15190,80000,
2026-09-17T01:17:51.653Z,20803,100000,
2026-09-17T01:17:51.653Z,74531,1902,
2026-09-17T01:17:51.653Z,14896,90000,
2026-09-17T01:17:51.653Z,20805,100000,
2026-09-17T01:17:51.653Z,22634,2500000,
2026-09-17T01:17:51.653Z,20807,100000,
2026-09-17T01:17:51.653Z,55725,1,
2026-09-17T01:17:51.653Z,20809,100000,
2026-09-17T01:17:51.653Z,20811,100000,
2026-09-17T01:17:51.653Z,20815,100000,
2026-09-17T01:17:51.653Z,28330,100000,
2026-09-17T01:17:51.653Z,42671,610000000,
2026-09-17T01:17:51.653Z,28338,100000,
2026-09-17T01:17:51.653Z,21920,100000,
2026-09-17T01:17:51.653Z,21933,100000,
2026-09-17T01:17:51.653Z,21941,100000,
2026-09-17T01:17:51.653Z,15018,2500000,
2026-09-17T01:17:51.653Z,14860,50340000,
2026-09-17T01:17:51.653Z,44068,4004000,
2026-09-17T01:17:51.653Z,61126,1002000,
2026-09-17T01:17:51.653Z,36634,0.01,
2026-09-17T01:17:51.653Z,11562,2000000,
2026-09-17T01:17:51.653Z,15668,55820,
2026-09-17T01:17:51.653Z,17260,120000000,
2026-09-17T01:17:51.653Z,36786,440000000,
2026-09-17T01:17:51.653Z,83226,10000,
2026-09-17T01:17:51.653Z,36752,70030000,
2026-09-17T01:17:51.653Z,41685,157800000,
2026-09-17T01:17:51.653Z,52887,4982000,
2026-09-17T01:17:51.653Z,85062,3643000000,
2026-09-17T01:17:51.653Z,37551,23850,
2026-09-17T01:17:51.653Z,36349,200000000,
2026-09-17T01:17:51.653Z,53204,20040000,
2026-09-17T01:17:51.653Z,57157,10000000,
2026-09-17T01:17:51.653Z,47528,2111,
2026-09-17T01:17:51.653Z,3597,75500,
2026-09-17T01:17:51.653Z,46294,20,
2026-09-17T01:17:51.653Z,46304,0.01,
2026-09-17T01:17:51.653Z,46699,177.6,
2026-09-17T01:17:51.653Z,62750,26000000,
2026-09-17T01:17:51.653Z,33989,140100000,
2026-09-17T01:17:51.653Z,34052,100000000,
2026-09-17T01:17:51.653Z,34055,100000000,
2026-09-17T01:17:51.653Z,88375,11110,
2026-09-17T01:17:51.653Z,90274,0.01,
2026-09-17T01:17:51.653Z,90279,0.01,
2026-09-17T01:17:51.653Z,74532,2512,
2026-09-17T01:17:51.653Z,47236,0.02,
2026-09-17T01:17:51.653Z,46696,0.09,
2026-09-17T01:17:51.653Z,4176,1,
2026-09-17T01:17:51.653Z,81900,263.1,
2026-09-17T01:17:51.653Z,34648,130100000,
2026-09-17T01:17:51.653Z,17870,16000,
2026-09-17T01:17:51.653Z,91633,100900,
2026-09-17T01:17:51.653Z,47235,0.02,
2026-09-17T01:17:51.653Z,45497,0.01,
2026-09-17T01:17:51.653Z,17467,5099,
2026-09-17T01:17:51.653Z,46295,0.01,
2026-09-17T01:17:51.653Z,17976,1,
2026-09-17T01:17:51.653Z,36322,87510000,
2026-09-17T01:17:51.653Z,91620,25000000,
2026-09-17T01:17:51.653Z,37484,37670000,
2026-09-17T01:17:51.653Z,15979,5000,
2026-09-17T01:17:51.653Z,41468,676800000,
2026-09-17T01:17:51.653Z,57807,100500000,
2026-09-17T01:17:51.653Z,28401,179.1,
2026-09-17T01:17:51.653Z,46643,1.05,
2026-09-17T01:17:51.653Z,47159,3736000,
2026-09-17T01:17:51.653Z,47210,5,
2026-09-17T01:17:51.653Z,21306,5000000,
2026-09-17T01:17:51.653Z,21318,5000000,
2026-09-17T01:17:51.653Z,21304,5000000,
2026-09-17T01:17:51.653Z,21312,5000000,
2026-09-17T01:17:51.653Z,21314,5000000,
2026-09-17T01:17:51.653Z,46305,151,
2026-09-17T01:17:51.653Z,25339,0.02,
2026-09-17T01:17:51.653Z,20901,5000000,
2026-09-17T01:17:51.653Z,20899,5000000,
2026-09-17T01:17:51.653Z,20911,5000000,
2026-09-17T01:17:51.653Z,20897,5000000,
2026-09-17T01:17:51.653Z,20907,5000000,
2026-09-17T01:17:51.653Z,36733,117600000,
2026-09-17T01:17:51.653Z,53630,2014000,
2026-09-17T01:17:51.653Z,91173,111100,
2026-09-17T01:17:51.653Z,91171,111100,
2026-09-17T01:17:51.653Z,56199,5090000,
2026-09-17T01:17:51.653Z,28556,125100,
2026-09-17T01:17:51.653Z,14928,75000,
2026-09-17T01:17:51.653Z,46428,5000000,
2026-09-17T01:17:51.653Z,46377,344800000,
2026-09-17T01:17:51.653Z,36337,500000000,
2026-09-17T01:17:51.653Z,36736,116400000,
2026-09-17T01:17:51.653Z,91163,132100000,
2026-09-17T01:17:51.653Z,53205,5000000,
2026-09-17T01:17:51.653Z,4127,550000000,
2026-09-17T01:17:51.653Z,22564,117500,
2026-09-17T01:17:51.653Z,91168,200000,
2026-09-17T01:17:51.653Z,47612,1000000,
2026-09-17T01:17:51.653Z,77949,11,
2026-09-17T01:17:51.653Z,62036,5.02,
2026-09-17T01:17:51.653Z,94103,25200000,
2026-09-17T01:17:51.653Z,62043,353.3,
2026-09-17T01:17:51.653Z,52895,100100,
2026-09-17T01:17:51.653Z,52552,40010000,
2026-09-17T01:17:51.653Z,52853,160000,
2026-09-17T01:17:51.653Z,62034,262.8,
2026-09-17T01:17:51.653Z,62040,220.2,
2026-09-17T01:17:51.653Z,52873,100100,
2026-09-17T01:17:51.653Z,62044,751.1,
2026-09-17T01:17:51.653Z,52891,4006000,
2026-09-17T01:17:51.653Z,45584,1.01,
2026-09-17T01:17:51.653Z,52901,100100,
2026-09-17T01:17:51.653Z,52894,100100,
2026-09-17T01:17:51.653Z,36796,137600000,
2026-09-17T01:17:51.653Z,96694,1001000,
2026-09-17T01:17:51.653Z,28655,20000000,
2026-09-17T01:17:51.653Z,96623,1001000,
2026-09-17T01:17:51.653Z,96628,1001000,
2026-09-17T01:17:51.653Z,96636,1001000,
2026-09-17T01:17:51.653Z,94089,25140000,
2026-09-17T01:17:51.653Z,96638,1001000,
2026-09-17T01:17:51.653Z,15220,149600,
2026-09-17T01:17:51.653Z,96642,1001000,
2026-09-17T01:17:51.653Z,96646,1001000,
2026-09-17T01:17:51.653Z,96650,1001000,
2026-09-17T01:17:51.653Z,96660,1001000,
2026-09-17T01:17:51.653Z,52885,100100,
2026-09-17T01:17:51.653Z,96664,1001000,
2026-09-17T01:17:51.653Z,96666,1001000,
2026-09-17T01:17:51.653Z,96670,1001000,
2026-09-17T01:17:51.653Z,96682,1001000,
2026-09-17T01:17:51.653Z,96688,1001000,
2026-09-17T01:17:51.653Z,52880,100100,
2026-09-17T01:17:51.653Z,28514,95140000,
2026-09-17T01:17:51.653Z,96611,1001000,
2026-09-17T01:17:51.653Z,96613,1001000,
2026-09-17T01:17:51.653Z,96615,1001000,
2026-09-17T01:17:51.653Z,52849,100100,
2026-09-17T01:17:51.653Z,96630,1001000,
2026-09-17T01:17:51.653Z,96634,1001000,
2026-09-17T01:17:51.653Z,36772,1000,
2026-09-17T01:17:51.653Z,96656,1001000,
2026-09-17T01:17:51.653Z,96658,1001000,
2026-09-17T01:17:51.653Z,96662,1001000,
2026-09-17T01:17:51.653Z,85723,60000000,
2026-09-17T01:17:51.653Z,96668,1001000,
2026-09-17T01:17:51.653Z,96680,1001000,
2026-09-17T01:17:51.653Z,96767,1001000,
2026-09-17T01:17:51.653Z,47642,12100000,
2026-09-17T01:17:51.653Z,31793,25000000,
2026-09-17T01:17:51.653Z,48095,9999000,
2026-09-17T01:17:51.653Z,90275,0.03,
2026-09-17T01:17:51.653Z,70837,1100000,
2026-09-17T01:17:51.653Z,34742,30000000,
2026-09-17T01:17:51.653Z,54918,75010000,
2026-09-17T01:17:51.653Z,63704,5000000,
2026-09-17T01:17:51.653Z,63713,5000000,
2026-09-17T01:17:51.653Z,63707,5000000,
2026-09-17T01:17:51.653Z,63708,5000000,
2026-09-17T01:17:51.653Z,63710,5000000,
2026-09-17T01:17:51.653Z,88202,1002,
2026-09-17T01:17:51.653Z,36368,35960000,
2026-09-17T01:17:51.653Z,36641,160000000,
2026-09-17T01:17:51.653Z,46664,1000000000,
2026-09-17T01:17:51.653Z,49670,157300000,
2026-09-17T01:17:51.653Z,43831,10030000,
2026-09-17T01:17:51.653Z,92664,592000000,
2026-09-17T01:17:51.653Z,83644,4980000,
2026-09-17T01:17:51.653Z,14866,646700000,
2026-09-17T01:17:51.653Z,48161,10350000,
2026-09-17T01:17:51.653Z,14622,1161000,
2026-09-17T01:17:51.653Z,60341,102200,
2026-09-17T01:17:51.653Z,17304,5000,
2026-09-17T01:17:51.653Z,52769,13200000,
2026-09-17T01:17:51.653Z,47291,56920000,
2026-09-17T01:17:51.653Z,14870,5706000000,
2026-09-17T01:17:51.653Z,52245,500100,
2026-09-17T01:17:51.653Z,87606,50030,
2026-09-17T01:17:51.653Z,47522,1,
2026-09-17T01:17:51.653Z,87268,100,
2026-09-17T01:17:51.653Z,40320,57250000,
2026-09-17T01:17:51.653Z,86413,1010000,
2026-09-17T01:17:51.653Z,87226,1.26,
2026-09-17T01:17:51.653Z,87269,10,
2026-09-17T01:17:51.653Z,87258,10,
2026-09-17T01:17:51.653Z,29660,5216,
2026-09-17T01:17:51.653Z,79998,80010,
2026-09-17T01:17:51.653Z,11199,150000,
2026-09-17T01:17:51.653Z,11185,150000,
2026-09-17T01:17:51.653Z,11187,150000,
2026-09-17T01:17:51.653Z,22465,150000,
2026-09-17T01:17:51.653Z,11193,150000,
2026-09-17T01:17:51.653Z,50048,2000000,
2026-09-17T01:17:51.653Z,55717,11100000,
2026-09-17T01:17:51.653Z,59840,5000000,
2026-09-17T01:17:51.653Z,53426,10000000,
2026-09-17T01:17:51.653Z,43808,65130000,
2026-09-17T01:17:51.653Z,47247,0.02,
2026-09-17T01:17:51.653Z,60106,60000000,
2026-09-17T01:17:51.653Z,89807,4411000000,
2026-09-17T01:17:51.653Z,36403,550000000,
2026-09-17T01:17:51.653Z,43532,1004000,
2026-09-17T01:17:51.653Z,56191,4499000,
2026-09-17T01:17:51.653Z,36376,55810000,
2026-09-17T01:17:51.653Z,82449,147400,
2026-09-17T01:17:51.653Z,22567,551100,
2026-09-17T01:17:51.653Z,36672,255100000,
2026-09-17T01:17:51.653Z,17236,0.01,
2026-09-17T01:17:51.653Z,57308,60040000,
2026-09-17T01:17:51.653Z,22568,512500,
2026-09-17T01:17:51.653Z,17852,2450000,
2026-09-17T01:17:51.653Z,15034,31710000,
2026-09-17T01:17:51.653Z,42246,220100000,
2026-09-17T01:17:51.653Z,33397,304100000,
2026-09-17T01:17:51.653Z,4102,100000000,
2026-09-17T01:17:51.653Z,46535,100000000,
2026-09-17T01:17:51.653Z,52404,390000000,
2026-09-17T01:17:51.653Z,45678,1000000,
2026-09-17T01:17:51.653Z,92573,4000000,
2026-09-17T01:17:51.653Z,13000,58010000,
2026-09-17T01:17:51.653Z,34639,500000000,
2026-09-17T01:17:51.653Z,32829,2250,
2026-09-17T01:17:51.653Z,48529,1200000,
2026-09-17T01:17:51.653Z,34418,800000,
2026-09-17T01:17:51.653Z,81366,40000,
2026-09-17T01:17:51.653Z,55713,3333000,
2026-09-17T01:17:51.653Z,46724,3333000,
2026-09-17T01:17:51.653Z,81616,640100,
2026-09-17T01:17:51.653Z,59219,30150000,
2026-09-17T01:17:51.653Z,4035,57070000,
2026-09-17T01:17:51.653Z,29663,4610,
2026-09-17T01:17:51.653Z,29659,3755,
2026-09-17T01:17:51.653Z,29661,6582,
2026-09-17T01:17:51.653Z,29662,7345,
2026-09-17T01:17:51.653Z,31697,0.02,
2026-09-17T01:17:51.653Z,33339,3955,
2026-09-17T01:17:51.653Z,32827,8096,
2026-09-17T01:17:51.653Z,36406,95010000,
2026-09-17T01:17:51.653Z,41666,4901000,
2026-09-17T01:17:51.653Z,48377,2000000,
2026-09-17T01:17:51.653Z,95481,51040000,
2026-09-17T01:17:51.653Z,52706,130000,
2026-09-17T01:17:51.653Z,49426,1000000000,
2026-09-17T01:17:51.653Z,48536,12000000,
2026-09-17T01:17:51.653Z,36788,199000000,
2026-09-17T01:17:51.653Z,45679,1000000,
2026-09-17T01:17:51.653Z,44111,9032000,
2026-09-17T01:17:51.653Z,62710,1104000000,
2026-09-17T01:17:51.653Z,52429,425000000,
2026-09-17T01:17:51.653Z,36379,130000000,
2026-09-17T01:17:51.653Z,46603,1000000,
2026-09-17T01:17:51.653Z,63205,340200000,
2026-09-17T01:17:51.653Z,46601,1000000,
2026-09-17T01:17:51.653Z,33768,574300000,
2026-09-17T01:17:51.653Z,17755,0.01,
2026-09-17T01:17:51.653Z,88029,1525000,
2026-09-17T01:17:51.653Z,42649,198000000,
2026-09-17T01:17:51.653Z,87267,2015,
2026-09-17T01:17:51.653Z,27544,118900,
2026-09-17T01:17:51.653Z,33742,5000000000,
2026-09-17T01:17:51.653Z,76292,3261000000,
2026-09-17T01:17:51.653Z,52392,70000000,
2026-09-17T01:17:51.653Z,47640,9990000,
2026-09-17T01:17:51.653Z,59220,1015000,
2026-09-17T01:17:51.653Z,81367,220,
2026-09-17T01:17:51.653Z,15959,1500000,
2026-09-17T01:17:51.653Z,85980,300000000,
2026-09-17T01:17:51.653Z,82019,450.1,
2026-09-17T01:17:51.653Z,82163,500.8,
2026-09-17T01:17:51.653Z,47616,1817000,
2026-09-17T01:17:51.653Z,43640,200000,
2026-09-17T01:17:51.653Z,48163,200000000,
2026-09-17T01:17:51.653Z,14700,27220000,
2026-09-17T01:17:51.653Z,82581,12520000,
2026-09-17T01:17:51.653Z,46141,116800,
2026-09-17T01:17:51.653Z,87702,4575000,
2026-09-17T01:17:51.653Z,59421,6062000,
2026-09-17T01:17:51.653Z,46132,145400000,
2026-09-17T01:17:51.653Z,34632,2234000000,
2026-09-17T01:17:51.653Z,14926,368000,
2026-09-17T01:17:51.653Z,42677,180000000,
2026-09-17T01:17:51.653Z,96321,10000000,
2026-09-17T01:17:51.653Z,17237,25000000,
2026-09-17T01:17:51.653Z,36367,400000000,
2026-09-17T01:17:51.653Z,36663,55110000,
2026-09-17T01:17:51.653Z,19401,16470,
2026-09-17T01:17:51.653Z,48636,440200000,
2026-09-17T01:17:51.653Z,27576,7404000,
2026-09-17T01:17:51.653Z,34029,1000,
2026-09-17T01:17:51.653Z,4203,1,
2026-09-17T01:17:51.653Z,14198,2512000,
2026-09-17T01:17:51.653Z,33464,12480,
2026-09-17T01:17:51.653Z,11886,100000,
2026-09-17T01:17:51.653Z,4226,1,
2026-09-17T01:17:51.653Z,40604,5000000,
2026-09-17T01:17:51.653Z,4159,1,
2026-09-17T01:17:51.653Z,26017,24990,
2026-09-17T01:17:51.653Z,63206,6399000,
2026-09-17T01:17:51.653Z,40602,75640000,
2026-09-17T01:17:51.653Z,40605,1100,
2026-09-17T01:17:51.653Z,63202,5211000,
2026-09-17T01:17:51.653Z,40596,55660000,
2026-09-17T01:17:51.653Z,40586,48390000,
2026-09-17T01:17:51.653Z,43811,11080000,
2026-09-17T01:17:51.653Z,61121,10020000,
2026-09-17T01:17:51.653Z,40599,101000,
2026-09-17T01:17:51.653Z,4108,1,
2026-09-17T01:17:51.653Z,34211,76000000,
2026-09-17T01:17:51.653Z,57107,1000000,
2026-09-17T01:17:51.653Z,58946,1,
2026-09-17T01:17:51.653Z,4245,20000000000,
2026-09-17T01:17:51.653Z,26063,24990,
2026-09-17T01:17:51.653Z,17257,2450000,
2026-09-17T01:17:51.653Z,31180,9999,
2026-09-17T01:17:51.653Z,84112,1500000,
2026-09-17T01:17:51.653Z,56898,575900,
2026-09-17T01:17:51.653Z,91640,3500000,
2026-09-17T01:17:51.653Z,80010,95190,
2026-09-17T01:17:51.653Z,91638,1500000,
2026-09-17T01:17:51.653Z,53644,1131000,
2026-09-17T01:17:51.653Z,48753,1000000,
2026-09-17T01:17:51.653Z,53640,100100,
2026-09-17T01:17:51.653Z,84121,1500000,
2026-09-17T01:17:51.653Z,53653,100100,
2026-09-17T01:17:51.653Z,53616,100100,
2026-09-17T01:17:51.653Z,53643,2.01,
2026-09-17T01:17:51.653Z,53651,99990,
2026-09-17T01:17:51.653Z,84123,1500000,
2026-09-17T01:17:51.653Z,47537,29850000,
2026-09-17T01:17:51.653Z,53641,105100,
2026-09-17T01:17:51.653Z,89635,5003000,
2026-09-17T01:17:51.653Z,84125,25000,
2026-09-17T01:17:51.653Z,49431,2004000000,
2026-09-17T01:17:51.653Z,89634,5003000,
2026-09-17T01:17:51.653Z,42710,10,
2026-09-17T01:17:51.653Z,91625,1511000,
2026-09-17T01:17:51.653Z,57817,56010000,
2026-09-17T01:17:51.653Z,53606,1014000,
2026-09-17T01:17:51.653Z,53608,100100,
2026-09-17T01:17:51.653Z,53622,100100,
2026-09-17T01:17:51.653Z,53629,100100,
2026-09-17T01:17:51.653Z,53634,100100,
2026-09-17T01:17:51.653Z,52753,9850000,
2026-09-17T01:17:51.653Z,53597,100100,
2026-09-17T01:17:51.653Z,53618,100100,
2026-09-17T01:17:51.653Z,48757,300000,
2026-09-17T01:17:51.653Z,48642,1000000,
2026-09-17T01:17:51.653Z,31314,37000,
2026-09-17T01:17:51.653Z,53647,20110,
2026-09-17T01:17:51.653Z,1099,100000,
2026-09-17T01:17:51.653Z,63204,18780000,
2026-09-17T01:17:51.653Z,59314,25450000,
2026-09-17T01:17:51.653Z,57414,9500000,
2026-09-17T01:17:51.653Z,44272,22230,
2026-09-17T01:17:51.653Z,48860,2100000,
2026-09-17T01:17:51.653Z,45495,51.11,
2026-09-17T01:17:51.653Z,34614,1000000,
2026-09-17T01:17:51.653Z,57182,11000000,
2026-09-17T01:17:51.653Z,26398,15000000,
2026-09-17T01:17:51.653Z,52731,10000000,
2026-09-17T01:17:51.653Z,59426,1000000,
2026-09-17T01:17:51.653Z,46389,60000000,
2026-09-17T01:17:51.653Z,33777,100,
2026-09-17T01:17:51.653Z,34158,146800000,
2026-09-17T01:17:51.653Z,37833,24990,
2026-09-17T01:17:51.653Z,37834,24990,
2026-09-17T01:17:51.653Z,37835,24990,
2026-09-17T01:17:51.653Z,37836,24990,
2026-09-17T01:17:51.653Z,31296,26000,
2026-09-17T01:17:51.653Z,37500,68730000,
2026-09-17T01:17:51.653Z,52553,36760000,
2026-09-17T01:17:51.653Z,54919,1000000,
2026-09-17T01:17:51.653Z,54913,30000000,
2026-09-17T01:17:51.653Z,4197,1,
2026-09-17T01:17:51.653Z,2371,150,
2026-09-17T01:17:51.653Z,2368,150,
2026-09-17T01:17:51.653Z,14614,200600,
2026-09-17T01:17:51.653Z,48752,1000000,
2026-09-17T01:17:51.653Z,52854,0.01,
2026-09-17T01:17:51.653Z,57808,275300000,
2026-09-17T01:17:51.653Z,47644,9001000,
2026-09-17T01:17:51.653Z,46436,45940000,
2026-09-17T01:17:51.653Z,48843,0.01,
2026-09-17T01:17:51.653Z,54218,1485000000,
2026-09-17T01:17:51.653Z,36644,0.01,
2026-09-17T01:17:51.653Z,36668,40010000,
2026-09-17T01:17:51.653Z,63211,2199000,
2026-09-17T01:17:51.653Z,37495,1006000,
2026-09-17T01:17:51.653Z,47524,1000,
2026-09-17T01:17:51.653Z,53599,100,
2026-09-17T01:17:51.653Z,46579,1000000,
2026-09-17T01:17:51.653Z,84132,1000000,
2026-09-17T01:17:51.653Z,52726,1111,
2026-09-17T01:17:51.653Z,74115,301900000,
2026-09-17T01:17:51.653Z,20813,100000,
2026-09-17T01:17:51.653Z,46602,1000000,
2026-09-17T01:17:51.653Z,46552,1111,
2026-09-17T01:17:51.653Z,36389,150000000,
2026-09-17T01:17:51.653Z,91616,220200000,
2026-09-17T01:17:51.653Z,46398,0.01,
2026-09-17T01:17:51.653Z,91637,265200000,
2026-09-17T01:17:51.653Z,52744,2000000,
2026-09-17T01:17:51.653Z,36777,57510000,
2026-09-17T01:17:51.653Z,21308,5000000,
2026-09-17T01:17:51.653Z,46556,500000000,
2026-09-17T01:17:51.653Z,96317,100,
2026-09-17T01:17:51.653Z,52720,0.01,
2026-09-17T01:17:51.653Z,53602,0.01,
2026-09-17T01:17:51.653Z,49825,25000000,
2026-09-17T01:17:51.653Z,17508,1,
2026-09-17T01:17:51.653Z,37491,127100000,
2026-09-17T01:17:51.653Z,45501,1957,
2026-09-17T01:17:51.653Z,52889,101200,
2026-09-17T01:17:51.653Z,46117,50000000,
2026-09-17T01:17:51.653Z,47698,11500000,
2026-09-17T01:17:51.653Z,48183,12000000,
2026-09-17T01:17:51.653Z,62855,49900000,
2026-09-17T01:17:51.653Z,92160,24000,
2026-09-17T01:17:51.653Z,92159,26500,
2026-09-17T01:17:51.653Z,40330,46160000,
2026-09-17T01:17:51.653Z,14920,1102000,
2026-09-17T01:17:51.653Z,14757,50000,
2026-09-17T01:17:51.653Z,36791,37950000,
2026-09-17T01:17:51.653Z,56223,12380000000,
2026-09-17T01:17:51.653Z,52751,100000,
2026-09-17T01:17:51.653Z,91622,17400000,
2026-09-17T01:17:51.653Z,20997,10,
2026-09-17T01:17:51.653Z,42147,250000,
2026-09-17T01:17:51.653Z,57162,1000000,
2026-09-17T01:17:51.653Z,46384,0.01,
2026-09-17T01:17:51.653Z,46754,5750000,
2026-09-17T01:17:51.653Z,52738,1000000,
2026-09-17T01:17:51.653Z,34743,0.01,
2026-09-17T01:17:51.653Z,46386,0.01,
2026-09-17T01:17:51.653Z,46387,0.01,
2026-09-17T01:17:51.653Z,82506,21590000,
2026-09-17T01:17:51.653Z,52763,1,
2026-09-17T01:17:51.653Z,82505,15680000,
2026-09-17T01:17:51.653Z,40468,0.01,
2026-09-17T01:17:51.653Z,40470,0.01,
2026-09-17T01:17:51.653Z,36648,50000,
2026-09-17T01:17:51.653Z,43512,636300,
2026-09-17T01:17:51.653Z,4173,1,
2026-09-17T01:17:51.653Z,33771,1,
2026-09-17T01:17:51.653Z,4174,1,
2026-09-17T01:17:51.653Z,4175,1,
2026-09-17T01:17:51.653Z,4177,1,
2026-09-17T01:17:51.653Z,4179,1,
2026-09-17T01:17:51.653Z,14904,11510000,
2026-09-17T01:17:51.653Z,4193,1,
2026-09-17T01:17:51.653Z,4199,1,
2026-09-17T01:17:51.653Z,84107,4799000,
2026-09-17T01:17:51.653Z,33724,1,
2026-09-17T01:17:51.653Z,33723,1,
2026-09-17T01:17:51.653Z,4120,1,
2026-09-17T01:17:51.653Z,33719,1,
2026-09-17T01:17:51.653Z,4133,1,
2026-09-17T01:17:51.653Z,15639,1500000,
2026-09-17T01:17:51.653Z,17847,1500000,
2026-09-17T01:17:51.653Z,40472,27570000,
2026-09-17T01:17:51.653Z,47614,2012000,
2026-09-17T01:17:51.653Z,79999,80010,
2026-09-17T01:17:51.653Z,57163,29840000,
2026-09-17T01:17:51.653Z,37524,0.01,
2026-09-17T01:17:51.653Z,46435,0.01,
2026-09-17T01:17:51.653Z,14634,1.67,
2026-09-17T01:17:51.653Z,36320,137600000,
2026-09-17T01:17:51.653Z,40509,106100000,
2026-09-17T01:17:51.653Z,46698,9.1,
2026-09-17T01:17:51.653Z,63210,2001000,
2026-09-17T01:17:51.653Z,82165,512.4,
2026-09-17T01:17:51.653Z,46697,2.11,
2026-09-17T01:17:51.653Z,46019,1001000,
2026-09-17T01:17:51.653Z,46714,8833000,
2026-09-17T01:17:51.653Z,46518,553500,
2026-09-17T01:17:51.653Z,3290,127100,
2026-09-17T01:17:51.653Z,59214,5759000,
2026-09-17T01:17:51.653Z,20801,100000,
2026-09-17T01:17:51.653Z,21908,1.01,
2026-09-17T01:17:51.653Z,93992,700000000,
2026-09-17T01:17:51.653Z,20995,1.01,
2026-09-17T01:17:51.653Z,84104,106100000,
2026-09-17T01:17:51.653Z,84110,198200000,
2026-09-17T01:17:51.653Z,40325,138100000,
2026-09-17T01:17:51.653Z,21007,1.01,
2026-09-17T01:17:51.653Z,21005,10,
2026-09-17T01:17:51.653Z,21003,10,
2026-09-17T01:17:51.653Z,21001,10,
2026-09-17T01:17:51.653Z,46755,201100000,
2026-09-17T01:17:51.653Z,20905,5000000,
2026-09-17T01:17:51.653Z,1212,225000,
2026-09-17T01:17:51.653Z,14790,2018000000,
2026-09-17T01:17:51.653Z,34054,300400000,
2026-09-17T01:17:51.653Z,36780,65010000,
2026-09-17T01:17:51.653Z,46716,853400000,
2026-09-17T01:17:51.653Z,49100,5002000,
2026-09-17T01:17:51.653Z,35912,1253000,
2026-09-17T01:17:51.653Z,55726,9870000,
2026-09-17T01:17:51.653Z,46705,500.1,
2026-09-17T01:17:51.653Z,72258,100000,
2026-09-17T01:17:51.653Z,17502,1,
2026-09-17T01:17:51.653Z,44204,56000000,
2026-09-17T01:17:51.653Z,53427,2950000,
2026-09-17T01:17:51.653Z,31231,0.02,
2026-09-17T01:17:51.653Z,96689,1010,
2026-09-17T01:17:51.653Z,29664,3611,
2026-09-17T01:17:51.653Z,56224,6000000000,
2026-09-17T01:17:51.653Z,33338,5202,
2026-09-17T01:17:51.653Z,19462,69450,
2026-09-17T01:17:51.653Z,48179,60000000,
2026-09-17T01:17:51.653Z,84217,20000000,
2026-09-17T01:17:51.653Z,34555,1420,
2026-09-17T01:17:51.653Z,34548,1420,
2026-09-17T01:17:51.653Z,34549,1420,
2026-09-17T01:17:51.653Z,34540,1550,
2026-09-17T01:17:51.653Z,34541,1550,
2026-09-17T01:17:51.653Z,34553,1550,
2026-09-17T01:17:51.653Z,34544,1550,
2026-09-17T01:17:51.653Z,34545,1550,
2026-09-17T01:17:51.653Z,57777,82010000,
2026-09-17T01:17:51.653Z,13288,10,
2026-09-17T01:17:51.653Z,61124,10000000,
2026-09-17T01:17:51.653Z,59836,1801000,
2026-09-17T01:17:51.653Z,15832,1716000,
2026-09-17T01:17:51.653Z,46388,6019000,
2026-09-17T01:17:51.653Z,52757,5000000,
2026-09-17T01:17:51.653Z,46303,532.9,
2026-09-17T01:17:51.653Z,3903,2500000,
2026-09-17T01:17:51.653Z,37567,1.01,
2026-09-17T01:17:51.653Z,37028,0.02,
2026-09-17T01:17:51.653Z,37081,0.02,
2026-09-17T01:17:51.653Z,47109,0.02,
2026-09-17T01:17:51.653Z,47113,0.02,
2026-09-17T01:17:51.653Z,47107,0.02,
2026-09-17T01:17:51.653Z,47112,100,
2026-09-17T01:17:51.653Z,47111,0.02,
2026-09-17T01:17:51.653Z,47114,0.02,
2026-09-17T01:17:51.653Z,37083,0.02,
2026-09-17T01:17:51.653Z,46578,0.02,
2026-09-17T01:17:51.653Z,37041,100,
2026-09-17T01:17:51.653Z,47361,0.02,
2026-09-17T01:17:51.653Z,64588,555000000,
2026-09-17T01:17:51.653Z,37029,0.02,
2026-09-17T01:17:51.653Z,70799,5280000,
2026-09-17T01:17:51.653Z,47357,0.02,
2026-09-17T01:17:51.653Z,47354,0.02,
2026-09-17T01:17:51.653Z,37043,0.02,
2026-09-17T01:17:51.653Z,46576,0.02,
2026-09-17T01:17:51.653Z,27574,5380000,
2026-09-17T01:17:51.653Z,46647,0.02,
2026-09-17T01:17:51.653Z,46503,0.02,
2026-09-17T01:17:51.653Z,46505,0.02,
2026-09-17T01:17:51.653Z,46645,0.02,
2026-09-17T01:17:51.653Z,61654,100000,
2026-09-17T01:17:51.653Z,46510,0.02,
2026-09-17T01:17:51.653Z,46512,0.02,
2026-09-17T01:17:51.653Z,46506,0.02,
2026-09-17T01:17:51.653Z,46508,0.02,
2026-09-17T01:17:51.653Z,46514,0.02,
2026-09-17T01:17:51.653Z,44058,0.02,
2026-09-17T01:17:51.653Z,44060,0.02,
2026-09-17T01:17:51.653Z,44048,0.02,
2026-09-17T01:17:51.653Z,44046,0.02,
2026-09-17T01:17:51.653Z,44054,0.02,
2026-09-17T01:17:51.653Z,44056,0.02,
2026-09-17T01:17:51.653Z,44050,0.02,
2026-09-17T01:17:51.653Z,44052,0.02,
2026-09-17T01:17:51.653Z,44004,0.02,
2026-09-17T01:17:51.653Z,44002,0.02,
2026-09-17T01:17:51.653Z,44012,0.02,
2026-09-17T01:17:51.653Z,44010,0.02,
2026-09-17T01:17:51.653Z,44062,0.02,
2026-09-17T01:17:51.653Z,44064,0.02,
2026-09-17T01:17:51.653Z,44016,0.02,
2026-09-17T01:17:51.653Z,44020,0.02,
2026-09-17T01:17:51.653Z,44018,0.02,
2026-09-17T01:17:51.653Z,44024,0.02,
2026-09-17T01:17:51.653Z,44022,0.02,
2026-09-17T01:17:51.653Z,44044,0.02,
2026-09-17T01:17:51.653Z,46418,45550000,
2026-09-17T01:17:51.653Z,33307,19020,
2026-09-17T01:17:51.653Z,33277,9004,
2026-09-17T01:17:51.653Z,36363,20610000,
2026-09-17T01:17:51.653Z,20877,5004000,
2026-09-17T01:17:51.653Z,27583,1000000,
2026-09-17T01:17:51.653Z,59865,1252000,
2026-09-17T01:17:51.653Z,96653,1010,
2026-09-17T01:17:51.653Z,36388,26500000,
2026-09-17T01:17:51.653Z,47618,1111,
2026-09-17T01:17:51.653Z,36749,25010000,
2026-09-17T01:17:51.653Z,49425,888,
2026-09-17T01:17:51.653Z,47158,658300000,
2026-09-17T01:17:51.653Z,21432,50000,
2026-09-17T01:17:51.653Z,21434,50000,
2026-09-17T01:17:51.653Z,21436,50000,
2026-09-17T01:17:51.653Z,21438,50000,
2026-09-17T01:17:51.653Z,44042,0.02,
2026-09-17T01:17:51.653Z,44008,0.02,
2026-09-17T01:17:51.653Z,36743,1510000,
2026-09-17T01:17:51.653Z,44006,0.02,
2026-09-17T01:17:51.653Z,44028,0.02,
2026-09-17T01:17:51.653Z,44026,0.02,
2026-09-17T01:17:51.653Z,44032,0.02,
2026-09-17T01:17:51.653Z,44034,0.02,
2026-09-17T01:17:51.653Z,44040,0.02,
2026-09-17T01:17:51.653Z,44038,0.02,
2026-09-17T01:17:51.653Z,37080,100,
2026-09-17T01:17:51.653Z,44096,0.02,
2026-09-17T01:17:51.653Z,44094,0.02,
2026-09-17T01:17:51.653Z,44092,0.02,
2026-09-17T01:17:51.653Z,37334,0.02,
2026-09-17T01:17:51.653Z,44088,0.02,
2026-09-17T01:17:51.653Z,44086,0.02,
2026-09-17T01:17:51.653Z,52419,32610000,
2026-09-17T01:17:51.653Z,44084,0.02,
2026-09-17T01:17:51.653Z,44082,0.02,
2026-09-17T01:17:51.653Z,44080,0.02,
2026-09-17T01:17:51.653Z,37330,0.02,
2026-09-17T01:17:51.653Z,44078,0.02,
2026-09-17T01:17:51.653Z,37309,0.02,
2026-09-17T01:17:51.653Z,44076,0.02,
2026-09-17T01:17:51.653Z,22547,2000000,
2026-09-17T01:17:51.653Z,44074,0.02,
2026-09-17T01:17:51.653Z,37332,0.02,
2026-09-17T01:17:51.653Z,37338,0.02,
2026-09-17T01:17:51.653Z,46416,1000000,
2026-09-17T01:17:51.653Z,44069,1170000,
2026-09-17T01:17:51.653Z,46438,35150000,
2026-09-17T01:17:51.653Z,36369,35850000,
2026-09-17T01:17:51.653Z,21440,50000,
2026-09-17T01:17:51.653Z,21442,50000,
2026-09-17T01:17:51.653Z,21444,50000,
2026-09-17T01:17:51.653Z,21446,50000,
2026-09-17T01:17:51.653Z,62038,414.2,
2026-09-17T01:17:51.653Z,62035,435.7,
2026-09-17T01:17:51.653Z,28522,189600,
2026-09-17T01:17:51.653Z,52715,0.01,
2026-09-17T01:17:51.653Z,80023,1589,
2026-09-17T01:17:51.653Z,80018,4008,
2026-09-17T01:17:51.653Z,80012,365.5,
2026-09-17T01:17:51.653Z,4125,5000000,
2026-09-17T01:17:51.653Z,4182,1012000,
2026-09-17T01:17:51.653Z,77055,90080000,
2026-09-17T01:17:51.653Z,52739,1010000,
2026-09-17T01:17:51.653Z,40475,85010000,
2026-09-17T01:17:51.653Z,46532,1500000,
2026-09-17T01:17:51.653Z,95482,10180000,
2026-09-17T01:17:51.653Z,34044,3800000,
2026-09-17T01:17:51.653Z,34030,3800000,
2026-09-17T01:17:51.653Z,44271,800,
2026-09-17T01:17:51.653Z,79175,0.01,
2026-09-17T01:17:51.653Z,4039,1,
2026-09-17T01:17:51.653Z,49971,0.01,
2026-09-17T01:17:51.653Z,34417,55100,
2026-09-17T01:17:51.653Z,17490,155500,
2026-09-17T01:17:51.653Z,4132,100000000,
2026-09-17T01:17:51.653Z,4126,301000000,
2026-09-17T01:17:51.653Z,36719,1000000,
2026-09-17T01:17:51.653Z,59212,8080000,
2026-09-17T01:17:51.653Z,49975,16100000,
2026-09-17T01:17:51.653Z,49973,0.01,
2026-09-17T01:17:51.653Z,92669,1191,
2026-09-17T01:17:51.653Z,62858,12000000,
2026-09-17T01:17:51.653Z,59210,7249000,
2026-09-17T01:17:51.653Z,14906,1.67,
2026-09-17T01:17:51.653Z,56207,3221000000,
2026-09-17T01:17:51.653Z,34026,3800000,
2026-09-17T01:17:51.653Z,34040,3800000,
2026-09-17T01:17:51.653Z,34027,3800000,
2026-09-17T01:17:51.653Z,34041,3800000,
2026-09-17T01:17:51.653Z,33757,111,
2026-09-17T01:17:51.653Z,37796,500000,
2026-09-17T01:17:51.653Z,46766,200000,
2026-09-17T01:17:51.653Z,34034,3800000,
2026-09-17T01:17:51.653Z,34019,100000000,
2026-09-17T01:17:51.653Z,59241,10000000,
2026-09-17T01:17:51.653Z,34036,3800000,
2026-09-17T01:17:51.653Z,52783,101000000,
2026-09-17T01:17:51.653Z,40656,25500000,
2026-09-17T01:17:51.653Z,34037,3800000,
2026-09-17T01:17:51.653Z,49430,466300000,
2026-09-17T01:17:51.653Z,59425,1300,
2026-09-17T01:17:51.653Z,82166,574.5,
2026-09-17T01:17:51.653Z,34651,227500000,
2026-09-17T01:17:51.653Z,46302,750.8,
2026-09-17T01:17:51.653Z,58792,55000000,
2026-09-17T01:17:51.653Z,37020,60140,
2026-09-17T01:17:51.653Z,37045,60140,
2026-09-17T01:17:51.653Z,9750,120600,
2026-09-17T01:17:51.653Z,81922,0.02,
2026-09-17T01:17:51.653Z,81370,220,
2026-09-17T01:17:51.653Z,86180,0.02,
2026-09-17T01:17:51.653Z,53056,2108,
2026-09-17T01:17:51.653Z,41513,122500,
2026-09-17T01:17:51.653Z,93784,1000,
2026-09-17T01:17:51.653Z,43483,10000000,
2026-09-17T01:17:51.653Z,31755,2885,
2026-09-17T01:17:51.653Z,53601,0.01,
2026-09-17T01:17:51.653Z,80000,0.01,
2026-09-17T01:17:51.653Z,61655,0.01,
2026-09-17T01:17:51.653Z,62055,0.01,
2026-09-17T01:17:51.653Z,79997,0.01,
2026-09-17T01:17:51.653Z,79996,15020,
2026-09-17T01:17:51.653Z,46744,1000000,
2026-09-17T01:17:51.653Z,36312,42,
2026-09-17T01:17:51.653Z,47224,0.02,
2026-09-17T01:17:51.653Z,47230,0.02,
2026-09-17T01:17:51.653Z,47226,0.02,
2026-09-17T01:17:51.653Z,40487,44410000,
2026-09-17T01:17:51.653Z,47245,0.02,
2026-09-17T01:17:51.653Z,47233,0.02,
2026-09-17T01:17:51.653Z,47234,0.02,
2026-09-17T01:17:51.653Z,59428,1014000,
2026-09-17T01:17:51.653Z,17630,5000000,
2026-09-17T01:17:51.653Z,46300,1657,
2026-09-17T01:17:51.653Z,17269,2500000,
2026-09-17T01:17:51.653Z,14898,6.7,
2026-09-17T01:17:51.653Z,1026,10,
2026-09-17T01:17:51.653Z,41600,100,
2026-09-17T01:17:51.653Z,46746,12240000,
2026-09-17T01:17:51.653Z,47243,0.02,
2026-09-17T01:17:51.653Z,88231,1210000,
2026-09-17T01:17:51.653Z,42230,200000,
2026-09-17T01:17:51.653Z,53435,1000000,
2026-09-17T01:17:51.653Z,33767,25000000,
2026-09-17T01:17:51.653Z,37273,111100000,
2026-09-17T01:17:51.653Z,37520,1958000,
2026-09-17T01:17:51.653Z,57159,10000000,
2026-09-17T01:17:51.653Z,36402,2813000,
2026-09-17T01:17:51.653Z,53609,500000,
2026-09-17T01:17:51.653Z,59216,6998000,
2026-09-17T01:17:51.653Z,59215,8359000,
2026-09-17T01:17:51.653Z,59211,6329000,
2026-09-17T01:17:51.653Z,59423,9410000,
2026-09-17T01:17:51.653Z,57183,1000,
2026-09-17T01:17:51.653Z,59213,7099000,
2026-09-17T01:17:51.653Z,70798,6342000,
2026-09-17T01:17:51.653Z,37179,101500000,
2026-09-17T01:17:51.653Z,37858,0.05,
2026-09-17T01:17:51.653Z,37182,101000000,
2026-09-17T01:17:51.653Z,25280,500000,
2026-09-17T01:17:51.653Z,43705,121000000,
2026-09-17T01:17:51.653Z,43908,0.02,
2026-09-17T01:17:51.653Z,52558,36920000,
2026-09-17T01:17:51.653Z,31206,0.02,
2026-09-17T01:17:51.653Z,31243,0.02,
2026-09-17T01:17:51.653Z,34636,5000000,
2026-09-17T01:17:51.653Z,31591,0.02,
2026-09-17T01:17:51.653Z,37066,100,
2026-09-17T01:17:51.653Z,31603,0.02,
2026-09-17T01:17:51.653Z,31613,0.02,
2026-09-17T01:17:51.653Z,31625,0.02,
2026-09-17T01:17:51.653Z,31637,0.02,
2026-09-17T01:17:51.653Z,31649,0.02,
2026-09-17T01:17:51.653Z,35913,756700,
2026-09-17T01:17:51.653Z,33753,1,
2026-09-17T01:17:51.653Z,31769,0.02,
2026-09-17T01:17:51.653Z,31821,0.02,
2026-09-17T01:17:51.653Z,35914,1269000,
2026-09-17T01:17:51.653Z,36676,55020000,
2026-09-17T01:17:51.653Z,11568,2080000000,
2026-09-17T01:17:51.653Z,1002,526700000,
2026-09-17T01:17:51.653Z,85485,3000000,
2026-09-17T01:17:51.653Z,50070,1001000,
2026-09-17T01:17:51.653Z,4115,1,
2026-09-17T01:17:51.653Z,36774,31410000,
2026-09-17T01:17:51.653Z,36760,2239000,
2026-09-17T01:17:51.653Z,36761,5278000,
2026-09-17T01:17:51.653Z,36790,9998000,
2026-09-17T01:17:51.653Z,36793,45670000,
2026-09-17T01:17:51.653Z,53638,1000000,
2026-09-17T01:17:51.653Z,57160,21030000,
2026-09-17T01:17:51.653Z,43522,9822000,
2026-09-17T01:17:51.653Z,63699,1000000,
2026-09-17T01:17:51.653Z,37060,0.02,
2026-09-17T01:17:51.653Z,14584,1.01,
2026-09-17T01:17:51.653Z,46443,119000000,
2026-09-17T01:17:51.653Z,15050,1000000,
2026-09-17T01:17:51.653Z,33730,100000000,
2026-09-17T01:17:51.653Z,48174,0.01,
2026-09-17T01:17:51.653Z,53177,0.01,
