timestamp,type_id,best_buy,best_sell
2026-09-16T00:08:12.745Z,62404,19860,21800
2026-09-16T00:08:12.745Z,25614,83100,85000
2026-09-16T00:08:12.745Z,27253,483700,727900
2026-09-16T00:08:12.745Z,25609,1630000,1700000
2026-09-16T00:08:12.745Z,3689,9860,10280
2026-09-16T00:08:12.745Z,12038,16650000,17610000
2026-09-16T00:08:12.745Z,12058,1876000,2000000
2026-09-16T00:08:12.745Z,62521,19.58,22.89
2026-09-16T00:08:12.745Z,5865,256.7,699.4
2026-09-16T00:08:12.745Z,3651,9,80
2026-09-16T00:08:12.745Z,95412,10010,69990
2026-09-16T00:08:12.745Z,29988,224300000,228200000
2026-09-16T00:08:12.745Z,14033,258900,750300
2026-09-16T00:08:12.745Z,17255,404800,609000
2026-09-16T00:08:12.745Z,53230,44170000,145600000
2026-09-16T00:08:12.745Z,31748,1363000,2424000
2026-09-16T00:08:12.745Z,40362,9976000,19430000
2026-09-16T00:08:12.745Z,47730,5996000,6632000
2026-09-16T00:08:12.745Z,60922,1427000,9999000
2026-09-16T00:08:12.745Z,3831,422000,456900
2026-09-16T00:08:12.745Z,32014,190100,201200
2026-09-16T00:08:12.745Z,40519,461000000,469500000
2026-09-16T00:08:12.745Z,23053,1454,1696
2026-09-16T00:08:12.745Z,20420,88140,99920
2026-09-16T00:08:12.745Z,43898,,5043000
2026-09-16T00:08:12.745Z,12729,103700000,104200000
2026-09-16T00:08:12.745Z,40354,33090000,39320000
2026-09-16T00:08:12.745Z,16652,50000,54000
2026-09-16T00:08:12.745Z,2396,321.2,329.1
2026-09-16T00:08:12.745Z,85086,404500000,437600000
2026-09-16T00:08:12.745Z,25625,817900,889000
2026-09-16T00:08:12.745Z,58919,28760,37940
2026-09-16T00:08:12.745Z,14090,69340,206300
2026-09-16T00:08:12.745Z,16303,61460,92110
2026-09-16T00:08:12.745Z,60281,210000,218300
2026-09-16T00:08:12.745Z,37,151.4,165.1
2026-09-16T00:08:12.745Z,2366,101900,117500
2026-09-16T00:08:12.745Z,85515,8398000,21980000
2026-09-16T00:08:12.745Z,50051,20170000,113000000
2026-09-16T00:08:12.745Z,12537,3839000,3843000
2026-09-16T00:08:12.745Z,18668,75110000,85000000
2026-09-16T00:08:12.745Z,92384,126200000,384900000
2026-09-16T00:08:12.745Z,57459,84400,416700
2026-09-16T00:08:12.745Z,14174,11920000,12760000
2026-09-16T00:08:12.745Z,37295,123000000,169800000
2026-09-16T00:08:12.745Z,35661,543900,565800
2026-09-16T00:08:12.745Z,72913,1001000,9178000
2026-09-16T00:08:12.745Z,22122,160200000,180000000
2026-09-16T00:08:12.745Z,60294,354300,423100
2026-09-16T00:08:12.745Z,18676,89730000,98580000
2026-09-16T00:08:12.745Z,1877,678000,738500
2026-09-16T00:08:12.745Z,6131,360.2,1240
2026-09-16T00:08:12.745Z,8091,3317,8999
2026-09-16T00:08:12.745Z,31932,30600000,33100000
2026-09-16T00:08:12.745Z,16644,8110,8885
2026-09-16T00:08:12.745Z,19015,18500000,20860000
2026-09-16T00:08:12.745Z,12803,191.1,237.1
2026-09-16T00:08:12.745Z,27379,45.41,244.9
2026-09-16T00:08:12.745Z,3841,822300,894900
2026-09-16T00:08:12.745Z,47782,66420,75000
2026-09-16T00:08:12.745Z,49732,2739000,2744000
2026-09-16T00:08:12.745Z,19351,172100000,280800000
2026-09-16T00:08:12.745Z,17136,72110,75760
2026-09-16T00:08:12.745Z,43896,554300,763200
2026-09-16T00:08:12.745Z,52281,33200,1200000
2026-09-16T00:08:12.745Z,41534,522900000,579700000
2026-09-16T00:08:12.745Z,47874,737600,1695000
2026-09-16T00:08:12.745Z,639,140000000,154300000
2026-09-16T00:08:12.745Z,47765,17860,21000
2026-09-16T00:08:12.745Z,13969,189300000,201200000
2026-09-16T00:08:12.745Z,31179,201200,273400
2026-09-16T00:08:12.745Z,58864,88000,9476000
2026-09-16T00:08:12.745Z,19051,29010000,31070000
2026-09-16T00:08:12.745Z,55541,3000,97460
2026-09-16T00:08:12.745Z,33985,68130000,79450000
2026-09-16T00:08:12.745Z,2367,122200,123300
2026-09-16T00:08:12.745Z,31722,1078000,1176000
2026-09-16T00:08:12.745Z,42215,1324000,1127000000
2026-09-16T00:08:12.745Z,47904,49780,57850
2026-09-16T00:08:12.745Z,49794,25000,689300
2026-09-16T00:08:12.745Z,9415,100000,146700
2026-09-16T00:08:12.745Z,1403,12460,20480
2026-09-16T00:08:12.745Z,20444,60450000,66490000
2026-09-16T00:08:12.745Z,6073,17320,19050
2026-09-16T00:08:12.745Z,87324,56090000,73790000
2026-09-16T00:08:12.745Z,14240,1965000,3066000
2026-09-16T00:08:12.745Z,18895,182300000,287700000
2026-09-16T00:08:12.745Z,16521,3234,5000
2026-09-16T00:08:12.745Z,3575,224100000,307700000
2026-09-16T00:08:12.745Z,2333,340100,644300
2026-09-16T00:08:12.745Z,47899,9038000,12100000
2026-09-16T00:08:12.745Z,20443,168000000,273600000
2026-09-16T00:08:12.745Z,4609,26500,26510
2026-09-16T00:08:12.745Z,94131,11000,69760
2026-09-16T00:08:12.745Z,55581,2000,115000
2026-09-16T00:08:12.745Z,5697,157000,234600
2026-09-16T00:08:12.745Z,2875,1177000,1274000
2026-09-16T00:08:12.745Z,20414,92100,99460
2026-09-16T00:08:12.745Z,4405,827400,869900
2026-09-16T00:08:12.745Z,2868,2100000,2446000
2026-09-16T00:08:12.745Z,57445,830000,874000
2026-09-16T00:08:12.745Z,52236,190200000,331300000
2026-09-16T00:08:12.745Z,80907,21000000,27840000
2026-09-16T00:08:12.745Z,7447,409400,547000
2026-09-16T00:08:12.745Z,25619,1707000,1738000
2026-09-16T00:08:12.745Z,42209,342300000,405400000
2026-09-16T00:08:12.745Z,53291,146700000,192100000
2026-09-16T00:08:12.745Z,14250,56170000,63930000
2026-09-16T00:08:12.745Z,17868,96.26,110
2026-09-16T00:08:12.745Z,62530,30.7,35.98
2026-09-16T00:08:12.745Z,25605,24640,24690
2026-09-16T00:08:12.745Z,19045,389200000,431900000
2026-09-16T00:08:12.745Z,94052,2804000,3177000
2026-09-16T00:08:12.745Z,52198,35700,75390
2026-09-16T00:08:12.745Z,5599,23640,36920
2026-09-16T00:08:12.745Z,26446,1105000,5818000
2026-09-16T00:08:12.745Z,56139,54060000,56000000
2026-09-16T00:08:12.745Z,19198,506700000,539400000
2026-09-16T00:08:12.745Z,45485,59970000,324200000
2026-09-16T00:08:12.745Z,47807,14840000,16000000
2026-09-16T00:08:12.745Z,7789,313100,434400
2026-09-16T00:08:12.745Z,5631,2517,13900
2026-09-16T00:08:12.745Z,22177,30000,44700
2026-09-16T00:08:12.745Z,31045,,367900
2026-09-16T00:08:12.745Z,2870,1050000,1108000
2026-09-16T00:08:12.745Z,1405,274900,307300
2026-09-16T00:08:12.745Z,62518,11.23,12.5
2026-09-16T00:08:12.745Z,9491,436400,538700
2026-09-16T00:08:12.745Z,21723,,992800
2026-09-16T00:08:12.745Z,33394,340500000,361000000
2026-09-16T00:08:12.745Z,34430,534500,3991000
2026-09-16T00:08:12.745Z,30999,1105000,1598000
2026-09-16T00:08:12.745Z,47790,1208000,1396000
2026-09-16T00:08:12.745Z,7787,369600,437900
2026-09-16T00:08:12.745Z,649,2116000,2489000
2026-09-16T00:08:12.745Z,56068,6975000,7939000
2026-09-16T00:08:12.745Z,16274,668.9,685
2026-09-16T00:08:12.745Z,44891,263600,20700000
2026-09-16T00:08:12.745Z,16273,93.5,96.91
2026-09-16T00:08:12.745Z,13941,117500000,124500000
2026-09-16T00:08:12.745Z,26929,39770,71640
2026-09-16T00:08:12.745Z,11387,14190000,14990000
2026-09-16T00:08:12.745Z,33359,9931,9997
2026-09-16T00:08:12.745Z,47821,10370,149600
2026-09-16T00:08:12.745Z,34416,2100000,2400000
2026-09-16T00:08:12.745Z,94055,8589000,9874000
2026-09-16T00:08:12.745Z,47923,58210000,62650000
2026-09-16T00:08:12.745Z,25591,71010,71100
2026-09-16T00:08:12.745Z,62455,1157,1277
2026-09-16T00:08:12.745Z,16633,369.4,384.8
2026-09-16T00:08:12.745Z,17317,50580,54410
2026-09-16T00:08:12.745Z,249,1871,3720
2026-09-16T00:08:12.745Z,94139,60000,297800
2026-09-16T00:08:12.745Z,36336,256800,939900
2026-09-16T00:08:12.745Z,1201,56680,70000
2026-09-16T00:08:12.745Z,40584,570600,1060000
2026-09-16T00:08:12.745Z,41330,951700,1210000
2026-09-16T00:08:12.745Z,63867,16050,516700
2026-09-16T00:08:12.745Z,11178,12240000,12780000
2026-09-16T00:08:12.745Z,18660,78500000,84930000
2026-09-16T00:08:12.745Z,8135,1007,29800
2026-09-16T00:08:12.745Z,34483,76020000,92880000
2026-09-16T00:08:12.745Z,21486,8879000,23960000
2026-09-16T00:08:12.745Z,27068,15650,332500
2026-09-16T00:08:12.745Z,34590,232100000,260600000
2026-09-16T00:08:12.745Z,37612,48650000,60410000
2026-09-16T00:08:12.745Z,33842,90900000,97900000
2026-09-16T00:08:12.745Z,60300,414200,524600
2026-09-16T00:08:12.745Z,31009,210400,297900
2026-09-16T00:08:12.745Z,44102,2950000,4787000
2026-09-16T00:08:12.745Z,53705,136600000,152100000
2026-09-16T00:08:12.745Z,19806,729300,961300
2026-09-16T00:08:12.745Z,31183,959100,1008000
2026-09-16T00:08:12.745Z,16635,244.5,263.8
2026-09-16T00:08:12.745Z,1824,40,71.92
2026-09-16T00:08:12.745Z,94142,30000,98920
2026-09-16T00:08:12.745Z,83465,111000000,138300000
2026-09-16T00:08:12.745Z,60311,1401000,1715000
2026-09-16T00:08:12.745Z,25599,511,600
2026-09-16T00:08:12.745Z,3512,992400,1231000
2026-09-16T00:08:12.745Z,14297,3381000,4043000
2026-09-16T00:08:12.745Z,53704,116600000,128700000
2026-09-16T00:08:12.745Z,8639,355200,355300
2026-09-16T00:08:12.745Z,629,8520000,10190000
2026-09-16T00:08:12.745Z,53706,205800000,223400000
2026-09-16T00:08:12.745Z,16497,343800,457300
2026-09-16T00:08:12.745Z,49710,25670000,26680000
2026-09-16T00:08:12.745Z,60473,30710000,34830000
2026-09-16T00:08:12.745Z,23140,10880,282000
2026-09-16T00:08:12.745Z,89697,20010,11700000
2026-09-16T00:08:12.745Z,14144,48460000,55030000
2026-09-16T00:08:12.745Z,47933,781.9,939.4
2026-09-16T00:08:12.745Z,20533,440000000,488000000
2026-09-16T00:08:12.745Z,57447,876700,876800
2026-09-16T00:08:12.745Z,3416,200.7,18980
2026-09-16T00:08:12.745Z,26022,4042000,6599000
2026-09-16T00:08:12.745Z,25906,0.06,489500
2026-09-16T00:08:12.745Z,11381,17330000,18980000
2026-09-16T00:08:12.745Z,26016,3118000,6507000
2026-09-16T00:08:12.745Z,53708,169800000,184900000
2026-09-16T00:08:12.745Z,42792,207600,23840000
2026-09-16T00:08:12.745Z,22571,150300000,162600000
2026-09-16T00:08:12.745Z,19931,7502,7503
2026-09-16T00:08:12.745Z,31680,15020,88490
2026-09-16T00:08:12.745Z,25538,8563000,10900000
2026-09-16T00:08:12.745Z,16657,4836,7192
2026-09-16T00:08:12.745Z,25606,9905,10550
2026-09-16T00:08:12.745Z,55627,300100,4898000
2026-09-16T00:08:12.745Z,11545,5233,6395
2026-09-16T00:08:12.745Z,15669,2107000,2314000
2026-09-16T00:08:12.745Z,15593,100100,100300
2026-09-16T00:08:12.745Z,2889,472600,529000
2026-09-16T00:08:12.745Z,14299,3527000,3953000
2026-09-16T00:08:12.745Z,31282,12060000,15030000
2026-09-16T00:08:12.745Z,53707,278000000,299600000
2026-09-16T00:08:12.745Z,45599,32160000,36450000
2026-09-16T00:08:12.745Z,11343,6125,16670
2026-09-16T00:08:12.745Z,3434,606,6298
2026-09-16T00:08:12.745Z,47297,21250000,29830000
2026-09-16T00:08:12.745Z,84398,6460,23940
2026-09-16T00:08:12.745Z,31502,13680,825800
2026-09-16T00:08:12.745Z,31027,1005000,4879000
2026-09-16T00:08:12.745Z,25621,71110,73110
2026-09-16T00:08:12.745Z,53853,60010000,69930000
2026-09-16T00:08:12.745Z,3898,25920000,28070000
2026-09-16T00:08:12.745Z,34202,1883000,1955000
2026-09-16T00:08:12.745Z,582,135000,154000
2026-09-16T00:08:12.745Z,97198,380000000,2057000000
2026-09-16T00:08:12.745Z,12543,42310,164700
2026-09-16T00:08:12.745Z,31252,5011,188500
2026-09-16T00:08:12.745Z,31738,11180000,73590000
2026-09-16T00:08:12.745Z,33539,411200,461700
2026-09-16T00:08:12.745Z,88676,120000,3430000
2026-09-16T00:08:12.745Z,47477,30750,128800
2026-09-16T00:08:12.745Z,35660,7350,10520
2026-09-16T00:08:12.745Z,25624,1623000,1755000
2026-09-16T00:08:12.745Z,35925,50090000,56690000
2026-09-16T00:08:12.745Z,6965,58000,60060
2026-09-16T00:08:12.745Z,3081,52320000,90810000
2026-09-16T00:08:12.745Z,96334,111200000,172100000
2026-09-16T00:08:12.745Z,21021,11330000,12490000
2026-09-16T00:08:12.745Z,41220,55660000,60850000
2026-09-16T00:08:12.745Z,31264,66790,239800
2026-09-16T00:08:12.745Z,253,4501,8663
2026-09-16T00:08:12.745Z,2867,1795000,1920000
2026-09-16T00:08:12.745Z,14116,54500000,59610000
2026-09-16T00:08:12.745Z,19005,15500000,34500000
2026-09-16T00:08:12.745Z,31173,11490000,12690000
2026-09-16T00:08:12.745Z,62403,5607,6896
2026-09-16T00:08:12.745Z,33975,141100000,158400000
2026-09-16T00:08:12.745Z,19187,61670000,66960000
2026-09-16T00:08:12.745Z,18865,55070000,62000000
2026-09-16T00:08:12.745Z,45610,29020000,29030000
2026-09-16T00:08:12.745Z,15601,769500,836600
2026-09-16T00:08:12.745Z,26448,65180000,79430000
2026-09-16T00:08:12.745Z,57150,410,1216
2026-09-16T00:08:12.745Z,26006,4179000,7492000
2026-09-16T00:08:12.745Z,41181,52320000,170000000
2026-09-16T00:08:12.745Z,47797,12600,122900
2026-09-16T00:08:12.745Z,11993,136500000,145700000
2026-09-16T00:08:12.745Z,13943,113900000,162400000
2026-09-16T00:08:12.745Z,52254,474800000,499500000
2026-09-16T00:08:12.745Z,7829,300000,301300
2026-09-16T00:08:12.745Z,11963,138600000,140500000
2026-09-16T00:08:12.745Z,204,187.4,268.7
2026-09-16T00:08:12.745Z,54291,160000,192200
2026-09-16T00:08:12.745Z,31137,3200000,4868000
2026-09-16T00:08:12.745Z,92039,3536000,4490000
2026-09-16T00:08:12.745Z,3828,10210,10490
2026-09-16T00:08:12.745Z,53228,677000,1975000
2026-09-16T00:08:12.745Z,58767,4.01,498000
2026-09-16T00:08:12.745Z,90522,328400,649900
2026-09-16T00:08:12.745Z,16535,567800,693700
2026-09-16T00:08:12.745Z,31143,,147100
2026-09-16T00:08:12.745Z,84680,6498000,549900000
2026-09-16T00:08:12.745Z,20172,72020,76950
2026-09-16T00:08:12.745Z,16499,405900,447600
2026-09-16T00:08:12.745Z,11552,32330,43680
2026-09-16T00:08:12.745Z,91567,3960000,8498000
2026-09-16T00:08:12.745Z,2103,23350,634600
2026-09-16T00:08:12.745Z,33103,90050,103000
2026-09-16T00:08:12.745Z,15729,45870000,49270000
2026-09-16T00:08:12.745Z,15480,3092000,4186000
2026-09-16T00:08:12.745Z,49731,1203000,1287000
2026-09-16T00:08:12.745Z,8419,18600,28110
2026-09-16T00:08:12.745Z,2390,546.2,592.7
2026-09-16T00:08:12.745Z,14059,1200000,2798000
2026-09-16T00:08:12.745Z,49733,12800000,13000000
2026-09-16T00:08:12.745Z,31724,2704000,2828000
2026-09-16T00:08:12.745Z,47255,9257,34550
2026-09-16T00:08:12.745Z,10225,16680000,17450000
2026-09-16T00:08:12.745Z,9670,,11020
2026-09-16T00:08:12.745Z,9728,420700,479800
2026-09-16T00:08:12.745Z,18977,62000000,62010000
2026-09-16T00:08:12.745Z,11129,12080,14370
2026-09-16T00:08:12.745Z,12820,255900,287500
2026-09-16T00:08:12.745Z,85233,1002000,15840000
2026-09-16T00:08:12.745Z,13952,6022000,13710000
2026-09-16T00:08:12.745Z,19111,27020000,30830000
2026-09-16T00:08:12.745Z,54794,83000000,112200000
2026-09-16T00:08:12.745Z,217,7.56,14.76
2026-09-16T00:08:12.745Z,5839,1543000,1715000
2026-09-16T00:08:12.745Z,49729,20200000,22010000
2026-09-16T00:08:12.745Z,2193,62090,67750
2026-09-16T00:08:12.745Z,13947,10650000,11560000
2026-09-16T00:08:12.745Z,20509,1211000000,1499000000
2026-09-16T00:08:12.745Z,37825,69480,111200
2026-09-16T00:08:12.745Z,92469,1578000,2039000
2026-09-16T00:08:12.745Z,21815,2105000,2534000
2026-09-16T00:08:12.745Z,75278,19.52,26.2
2026-09-16T00:08:12.745Z,32309,386500000,414800000
2026-09-16T00:08:12.745Z,83260,10000,10010
2026-09-16T00:08:12.745Z,31944,29620000,33510000
2026-09-16T00:08:12.745Z,3683,437.2,456.8
2026-09-16T00:08:12.745Z,12017,235700000,241900000
2026-09-16T00:08:12.745Z,47809,8996,135000
2026-09-16T00:08:12.745Z,19284,42220000,45250000
2026-09-16T00:08:12.745Z,50145,6000000,9890000
2026-09-16T00:08:12.745Z,245,2009,5506
2026-09-16T00:08:12.745Z,7049,250000,246100
2026-09-16T00:08:12.745Z,85748,244300,189000000
2026-09-16T00:08:12.745Z,29616,8009,13170
2026-09-16T00:08:12.745Z,21422,233,3894
2026-09-16T00:08:12.745Z,31065,1170000,1702000
2026-09-16T00:08:12.745Z,29248,421900,497600
2026-09-16T00:08:12.745Z,22544,179000000,191400000
2026-09-16T00:08:12.745Z,37135,11200000,11830000
2026-09-16T00:08:12.745Z,55830,800.7,1000
2026-09-16T00:08:12.745Z,31298,25040,50990
2026-09-16T00:08:12.745Z,86262,67320000,118900000
2026-09-16T00:08:12.745Z,20185,1497000000,1616000000
2026-09-16T00:08:12.745Z,31035,1055000,1337000
2026-09-16T00:08:12.745Z,37304,158700000,179900000
2026-09-16T00:08:12.745Z,46375,34210000,36870000
2026-09-16T00:08:12.745Z,55831,568300,701900
2026-09-16T00:08:12.745Z,53854,56760000,79000000
2026-09-16T00:08:12.745Z,60314,4924000,5916000
2026-09-16T00:08:12.745Z,32872,946200,1050000
2026-09-16T00:08:12.745Z,31936,9867000,11990000
2026-09-16T00:08:12.745Z,39,1091,1099
2026-09-16T00:08:12.745Z,16662,11000,14570
2026-09-16T00:08:12.745Z,17726,405000000,433900000
2026-09-16T00:08:12.745Z,25604,19730,20690
2026-09-16T00:08:12.745Z,41444,475500000,698500000
2026-09-16T00:08:12.745Z,30258,4545,8905
2026-09-16T00:08:12.745Z,14128,6012000,6013000
2026-09-16T00:08:12.745Z,2969,1335000,1493000
2026-09-16T00:08:12.745Z,19950,12000,12010
2026-09-16T00:08:12.745Z,52225,26300000,29340000
2026-09-16T00:08:12.745Z,5721,161100,201700
2026-09-16T00:08:12.745Z,57474,81000000,102700000
2026-09-16T00:08:12.745Z,14162,16000000,48320000
2026-09-16T00:08:12.745Z,63863,23000,4923000
2026-09-16T00:08:12.745Z,31226,11120,166400
2026-09-16T00:08:12.745Z,25592,12850,12860
2026-09-16T00:08:12.745Z,12787,154.9,184.8
2026-09-16T00:08:12.745Z,13223,4280000,4959000
2026-09-16T00:08:12.745Z,31924,2126000,2267000
2026-09-16T00:08:12.745Z,19229,26240000,28400000
2026-09-16T00:08:12.745Z,11399,15520,16790
2026-09-16T00:08:12.745Z,47774,251800,486400
2026-09-16T00:08:12.745Z,31760,2769000,2833000
2026-09-16T00:08:12.745Z,52244,441700000,620800000
2026-09-16T00:08:12.745Z,97199,17440000,70980000
2026-09-16T00:08:12.745Z,9660,20000,27900
2026-09-16T00:08:12.745Z,28363,225200,256000
2026-09-16T00:08:12.745Z,86108,50100,1491000
2026-09-16T00:08:12.745Z,6923,49780,218000
2026-09-16T00:08:12.745Z,6721,36840,124400
2026-09-16T00:08:12.745Z,47843,51640000,81270000
2026-09-16T00:08:12.745Z,3530,916900,1032000
2026-09-16T00:08:12.745Z,62516,10.15,11.89
2026-09-16T00:08:12.745Z,28606,855000000,1177000000
2026-09-16T00:08:12.745Z,31692,201,22700
2026-09-16T00:08:12.745Z,25594,87510,87520
2026-09-16T00:08:12.745Z,49796,316600,10270000
2026-09-16T00:08:12.745Z,94129,10000,154900
2026-09-16T00:08:12.745Z,24283,57210000,66700000
2026-09-16T00:08:12.745Z,2488,291100,323700
2026-09-16T00:08:12.745Z,31538,222100,338300
2026-09-16T00:08:12.745Z,2873,253200,302900
2026-09-16T00:08:12.745Z,3033,633500,719900
2026-09-16T00:08:12.745Z,1964,834400,1045000
2026-09-16T00:08:12.745Z,45629,34520000,37370000
2026-09-16T00:08:12.745Z,13948,6095000,7347000
2026-09-16T00:08:12.745Z,31616,7880000,13860000
2026-09-16T00:08:12.745Z,14049,10700000,11790000
2026-09-16T00:08:12.745Z,13945,67890000,67900000
2026-09-16T00:08:12.745Z,19262,16910000,30180000
2026-09-16T00:08:12.745Z,15739,21930000,22730000
2026-09-16T00:08:12.745Z,248,2507,2508
2026-09-16T00:08:12.745Z,60753,5881000,9345000
2026-09-16T00:08:12.745Z,11351,40000,45010
2026-09-16T00:08:12.745Z,6677,20000,20010
2026-09-16T00:08:12.745Z,40,2126,2233
2026-09-16T00:08:12.745Z,9838,10600,11240
2026-09-16T00:08:12.745Z,12565,80240,88220
2026-09-16T00:08:12.745Z,30019,881.9,984.9
2026-09-16T00:08:12.745Z,5533,42400,42410
2026-09-16T00:08:12.745Z,27101,250100,704100
2026-09-16T00:08:12.745Z,6719,226700,398900
2026-09-16T00:08:12.745Z,18670,75140000,81990000
2026-09-16T00:08:12.745Z,5405,14320,14410
2026-09-16T00:08:12.745Z,25620,16550,16560
2026-09-16T00:08:12.745Z,25274,60780,73600
2026-09-16T00:08:12.745Z,60160,664400000,1867000000
2026-09-16T00:08:12.745Z,31606,14710000,15180000
2026-09-16T00:08:12.745Z,5647,200,3950
2026-09-16T00:08:12.745Z,8027,617100,667000
2026-09-16T00:08:12.745Z,40734,128700000,151800000
2026-09-16T00:08:12.745Z,47035,7245000,9640000
2026-09-16T00:08:12.745Z,18686,30060000,40940000
2026-09-16T00:08:12.745Z,60315,135000000,153400000
2026-09-16T00:08:12.745Z,15592,805100,899700
2026-09-16T00:08:12.745Z,91569,557200,9689000
2026-09-16T00:08:12.745Z,84417,10430,386900
2026-09-16T00:08:12.745Z,58866,25000,1500000
2026-09-16T00:08:12.745Z,37480,39260000,39270000
2026-09-16T00:08:12.745Z,52226,218300000,349900000
2026-09-16T00:08:12.745Z,5302,14010,14020
2026-09-16T00:08:12.745Z,45834,2000000,6000000
2026-09-16T00:08:12.745Z,92579,60000,135600
2026-09-16T00:08:12.745Z,17619,7035000,8168000
2026-09-16T00:08:12.745Z,3578,1457000,1647000
2026-09-16T00:08:12.745Z,5321,3573,7890
2026-09-16T00:08:12.745Z,12013,225100,211000000
2026-09-16T00:08:12.745Z,22460,35570000,39300000
2026-09-16T00:08:12.745Z,246,4200,7007
2026-09-16T00:08:12.745Z,16640,588.4,637.5
2026-09-16T00:08:12.745Z,25861,21100,50320
2026-09-16T00:08:12.745Z,92451,209000000,230000000
2026-09-16T00:08:12.745Z,42149,258200,2569000
2026-09-16T00:08:12.745Z,84173,4406000,6980000
2026-09-16T00:08:12.745Z,9580,161400,186400
2026-09-16T00:08:12.745Z,57453,889.5,956.7
2026-09-16T00:08:12.745Z,21077,15680,15700
2026-09-16T00:08:12.745Z,20505,499600000,570000000
2026-09-16T00:08:12.745Z,18698,390900000,423000000
2026-09-16T00:08:12.745Z,10222,86750000,97400000
2026-09-16T00:08:12.745Z,41490,775400,813400
2026-09-16T00:08:12.745Z,14134,21730000,23650000
2026-09-16T00:08:12.745Z,29986,218500000,238600000
2026-09-16T00:08:12.745Z,18666,112700000,118800000
2026-09-16T00:08:12.745Z,92456,126300000,171000000
2026-09-16T00:08:12.745Z,22291,691600,755200
2026-09-16T00:08:12.745Z,247,6000,29400
2026-09-16T00:08:12.745Z,20569,16060000,17980000
2026-09-16T00:08:12.745Z,12084,7456000,9539000
2026-09-16T00:08:12.745Z,602,443000,517700
2026-09-16T00:08:12.745Z,219,6.74,15.93
2026-09-16T00:08:12.745Z,11987,122900000,129400000
2026-09-16T00:08:12.745Z,8641,346600,378000
2026-09-16T00:08:12.745Z,17634,35500000,37910000
2026-09-16T00:08:12.745Z,5141,321.4,8195
2026-09-16T00:08:12.745Z,47780,66410,199600
2026-09-16T00:08:12.745Z,11538,40530,43480
2026-09-16T00:08:12.745Z,30615,7304000,9277000
2026-09-16T00:08:12.745Z,15594,3805000,4128000
2026-09-16T00:08:12.745Z,17889,483,505.3
2026-09-16T00:08:12.745Z,19923,10080,10090
2026-09-16T00:08:12.745Z,13320,16110,95000
2026-09-16T00:08:12.745Z,89673,114000000,165000000
2026-09-16T00:08:12.745Z,25239,311600,944000
2026-09-16T00:08:12.745Z,13984,12010000,13120000
2026-09-16T00:08:12.745Z,23015,2018,2292
2026-09-16T00:08:12.745Z,3041,650200,703600
2026-09-16T00:08:12.745Z,19295,65290000,71160000
2026-09-16T00:08:12.745Z,35943,15920000,17930000
2026-09-16T00:08:12.745Z,21025,16710000,17240000
2026-09-16T00:08:12.745Z,19980,877.1,2990
2026-09-16T00:08:12.745Z,42831,124.7,288
2026-09-16T00:08:12.745Z,30753,21120000,29680000
2026-09-16T00:08:12.745Z,21096,2177000,2605000
2026-09-16T00:08:12.745Z,41198,3957000,4893000
2026-09-16T00:08:12.745Z,15457,93170,838200
2026-09-16T00:08:12.745Z,13963,9000000,11730000
2026-09-16T00:08:12.745Z,19288,13530000,14490000
2026-09-16T00:08:12.745Z,226,10.23,10.25
2026-09-16T00:08:12.745Z,45833,61310,1000000
2026-09-16T00:08:12.745Z,53977,51890,69930
2026-09-16T00:08:12.745Z,17186,3005000,7366000
2026-09-16T00:08:12.745Z,28434,239900,244200
2026-09-16T00:08:12.745Z,25715,955900,1069000
2026-09-16T00:08:12.745Z,25602,7157,7449
2026-09-16T00:08:12.745Z,11959,133100000,143000000
2026-09-16T00:08:12.745Z,81349,19.31,43.97
2026-09-16T00:08:12.745Z,47895,14560000,18470000
2026-09-16T00:08:12.745Z,15673,1654000,1749000
2026-09-16T00:08:12.745Z,201,219,237.9
2026-09-16T00:08:12.745Z,47746,237100,326000
2026-09-16T00:08:12.745Z,2329,11590,11880
2026-09-16T00:08:12.745Z,19984,4236,24000
2026-09-16T00:08:12.745Z,81348,6.29,23.89
2026-09-16T00:08:12.745Z,18672,10000,366200000
2026-09-16T00:08:12.745Z,60283,371900,419500
2026-09-16T00:08:12.745Z,2319,9914,10270
2026-09-16T00:08:12.745Z,17187,3370000,6752000
2026-09-16T00:08:12.745Z,17843,36240000,38690000
2026-09-16T00:08:12.745Z,9848,80050,82170
2026-09-16T00:08:12.745Z,32853,509000000,990000000
2026-09-16T00:08:12.745Z,4019,24250000,85500000
2026-09-16T00:08:12.745Z,33575,3001000,5992000
2026-09-16T00:08:12.745Z,33792,2930000,18790000
2026-09-16T00:08:12.745Z,3186,4582000,4903000
2026-09-16T00:08:12.745Z,90468,9153000,9598000
2026-09-16T00:08:12.745Z,23049,1101,2723
2026-09-16T00:08:12.745Z,46839,144300,5924000
2026-09-16T00:08:12.745Z,17480,36700000,39670000
2026-09-16T00:08:12.745Z,8821,35000,55010
2026-09-16T00:08:12.745Z,22121,89060000,95870000
2026-09-16T00:08:12.745Z,21595,6.01,15
2026-09-16T00:08:12.745Z,23172,35940000,41060000
2026-09-16T00:08:12.745Z,32880,189500,210000
2026-09-16T00:08:12.745Z,20819,6616,475000
2026-09-16T00:08:12.745Z,234,39.02,39.03
2026-09-16T00:08:12.745Z,85469,757300000,1735000000
2026-09-16T00:08:12.745Z,14252,100900000,107700000
2026-09-16T00:08:12.745Z,42207,97090000,116900000
2026-09-16T00:08:12.745Z,33468,84010000,90080000
2026-09-16T00:08:12.745Z,24560,5316000,13180000
2026-09-16T00:08:12.745Z,24519,1409,1499
2026-09-16T00:08:12.745Z,15902,3537000,6799000
2026-09-16T00:08:12.745Z,5649,220.1,9200
2026-09-16T00:08:12.745Z,41518,510.2,14890
2026-09-16T00:08:12.745Z,45635,142000000,149800000
2026-09-16T00:08:12.745Z,16649,11820,12910
2026-09-16T00:08:12.745Z,92585,100000,187900
2026-09-16T00:08:12.745Z,47822,3430000,4290000
2026-09-16T00:08:12.745Z,41443,117200000,666600000
2026-09-16T00:08:12.745Z,30251,223200,228000
2026-09-16T00:08:12.745Z,48112,32260,34700
2026-09-16T00:08:12.745Z,95674,2502000,3194000
2026-09-16T00:08:12.745Z,95296,70000000,125000000
2026-09-16T00:08:12.745Z,24688,125200000,140600000
2026-09-16T00:08:12.745Z,90491,8257000,10710000
2026-09-16T00:08:12.745Z,60228,5051,5052
2026-09-16T00:08:12.745Z,37479,563700,717400
2026-09-16T00:08:12.745Z,57450,95710000,111500000
2026-09-16T00:08:12.745Z,15614,141900,143100
2026-09-16T00:08:12.745Z,251,2740,9590
2026-09-16T00:08:12.745Z,20781,20960,29900
2026-09-16T00:08:12.745Z,3573,273800000,366400000
2026-09-16T00:08:12.745Z,31952,28510000,31120000
2026-09-16T00:08:12.745Z,37456,7066000,8446000
2026-09-16T00:08:12.745Z,58873,12000000,28010000
2026-09-16T00:08:12.745Z,33516,142600000,154100000
2026-09-16T00:08:12.745Z,25617,191600,202000
2026-09-16T00:08:12.745Z,47734,14250000,15000000
2026-09-16T00:08:12.745Z,18789,179700000,196400000
2026-09-16T00:08:12.745Z,400,150000,195300
2026-09-16T00:08:12.745Z,47299,1359000,1479000
2026-09-16T00:08:12.745Z,46683,175,208.7
2026-09-16T00:08:12.745Z,22175,35200,51870
2026-09-16T00:08:12.745Z,7453,443700,545000
2026-09-16T00:08:12.745Z,27545,10370000,39500000
2026-09-16T00:08:12.745Z,60231,112700,112800
2026-09-16T00:08:12.745Z,19321,148500000,175000000
2026-09-16T00:08:12.745Z,3098,220000,427900
2026-09-16T00:08:12.745Z,36,49.82,50.95
2026-09-16T00:08:12.745Z,11544,5919,6499
2026-09-16T00:08:12.745Z,19257,5890000,14970000
2026-09-16T00:08:12.745Z,19003,50700000,54510000
2026-09-16T00:08:12.745Z,33180,68180,90900
2026-09-16T00:08:12.745Z,85747,18300000,19800000
2026-09-16T00:08:12.745Z,15681,116100000,126000000
2026-09-16T00:08:12.745Z,33199,507400,936000
2026-09-16T00:08:12.745Z,15949,19000000,24880000
2026-09-16T00:08:12.745Z,31928,12690000,13330000
2026-09-16T00:08:12.745Z,16329,4241,4249
2026-09-16T00:08:12.745Z,42213,316700000,342800000
2026-09-16T00:08:12.745Z,63695,9001000,24900000
2026-09-16T00:08:12.745Z,81040,1349000000,1483000000
2026-09-16T00:08:12.745Z,21638,756500,793700
2026-09-16T00:08:12.745Z,22464,39800000,42270000
2026-09-16T00:08:12.745Z,47811,80260,184900
2026-09-16T00:08:12.745Z,73408,401.4,888
2026-09-16T00:08:12.745Z,85460,16080000,43860000
2026-09-16T00:08:12.745Z,47901,2151000,2450000
2026-09-16T00:08:12.745Z,47754,1759000,2035000
2026-09-16T00:08:12.745Z,28366,22030,24010
2026-09-16T00:08:12.745Z,47925,363.6,480.2
2026-09-16T00:08:12.745Z,29266,603500,999700
2026-09-16T00:08:12.745Z,41212,12960000,14100000
2026-09-16T00:08:12.745Z,13257,2101000,3288000
2026-09-16T00:08:12.745Z,16242,985300,1199000
2026-09-16T00:08:12.745Z,12608,65.04,70.24
2026-09-16T00:08:12.745Z,31486,1868000,1996000
2026-09-16T00:08:12.745Z,34294,21230000,23450000
2026-09-16T00:08:12.745Z,19982,1013,6400
2026-09-16T00:08:12.745Z,18809,141800000,176200000
2026-09-16T00:08:12.745Z,16475,212300,238000
2026-09-16T00:08:12.745Z,48438,217100000,237000000
2026-09-16T00:08:12.745Z,85087,146800000,156000000
2026-09-16T00:08:12.745Z,3432,12320,149900
2026-09-16T00:08:12.745Z,47738,42400000,43420000
2026-09-16T00:08:12.745Z,57446,973100,1074000
2026-09-16T00:08:12.745Z,45594,29850000,35440000
2026-09-16T00:08:12.745Z,41034,41750,72300
2026-09-16T00:08:12.745Z,19225,2268000,5532000
2026-09-16T00:08:12.745Z,29337,38300000,39340000
2026-09-16T00:08:12.745Z,9840,13290,14170
2026-09-16T00:08:12.745Z,47269,17860000,17870000
2026-09-16T00:08:12.745Z,62463,260.2,1275
2026-09-16T00:08:12.745Z,15604,1112000,1247000
2026-09-16T00:08:12.745Z,19739,2204000,2368000
2026-09-16T00:08:12.745Z,13998,87730000,103300000
2026-09-16T00:08:12.745Z,21841,8503,42490
2026-09-16T00:08:12.745Z,5945,537500,566800
2026-09-16T00:08:12.745Z,31049,284000000,445500000
2026-09-16T00:08:12.745Z,12789,70.04,79.9
2026-09-16T00:08:12.745Z,34208,5632000,5633000
2026-09-16T00:08:12.745Z,2420,3881000,4181000
2026-09-16T00:08:12.745Z,47037,17800000,23090000
2026-09-16T00:08:12.745Z,2048,367500,388000
2026-09-16T00:08:12.745Z,30540,1379000,5231000
2026-09-16T00:08:12.745Z,15898,14080000,21600000
2026-09-16T00:08:12.745Z,2539,468400,631200
2026-09-16T00:08:12.745Z,56078,80160,89080
2026-09-16T00:08:12.745Z,5320,7100,9383
2026-09-16T00:08:12.745Z,23152,19020000,23210000
2026-09-16T00:08:12.745Z,20308,62,62.01
2026-09-16T00:08:12.745Z,4025,11030,15400
2026-09-16T00:08:12.745Z,56134,8030,14460
2026-09-16T00:08:12.745Z,20739,2127,3410
2026-09-16T00:08:12.745Z,18835,825300,2491000
2026-09-16T00:08:12.745Z,52311,379000,450000
2026-09-16T00:08:12.745Z,27313,18.12,70
2026-09-16T00:08:12.745Z,56140,44500000,47870000
2026-09-16T00:08:12.745Z,45589,35200000,39240000
2026-09-16T00:08:12.745Z,2817,12.6,124.5
2026-09-16T00:08:12.745Z,28576,510000,569100
2026-09-16T00:08:12.745Z,2401,765,798.4
2026-09-16T00:08:12.745Z,37848,11220,11640
2026-09-16T00:08:12.745Z,85393,50000,61810
2026-09-16T00:08:12.745Z,17924,83160000,97070000
2026-09-16T00:08:12.745Z,16057,50000000,124800000
2026-09-16T00:08:12.745Z,92180,817900,1843000
2026-09-16T00:08:12.745Z,25908,1519000,6087000
2026-09-16T00:08:12.745Z,47896,7513,19600
2026-09-16T00:08:12.745Z,34487,99700000,143000000
2026-09-16T00:08:12.745Z,47903,18000000,18240000
2026-09-16T00:08:12.745Z,2553,660800,753100
2026-09-16T00:08:12.745Z,47875,94120000,100500000
2026-09-16T00:08:12.745Z,47902,9603000,10000000
2026-09-16T00:08:12.745Z,9091,7513,64530
2026-09-16T00:08:12.745Z,18905,123400000,123500000
2026-09-16T00:08:12.745Z,27405,960.2,1053
2026-09-16T00:08:12.745Z,20419,90540,99370
2026-09-16T00:08:12.745Z,52313,34000,35400
2026-09-16T00:08:12.745Z,4871,24500,34910
2026-09-16T00:08:12.745Z,61211,767300,991600
2026-09-16T00:08:12.745Z,3242,57290,81820
2026-09-16T00:08:12.745Z,33474,1188000,1313000
2026-09-16T00:08:12.745Z,85645,370800000,454700000
2026-09-16T00:08:12.745Z,41527,249200000,359200000
2026-09-16T00:08:12.745Z,54378,390600000,474800000
2026-09-16T00:08:12.745Z,9830,11010,11950
2026-09-16T00:08:12.745Z,9772,488000,490800
2026-09-16T00:08:12.745Z,18985,35670000,39860000
2026-09-16T00:08:12.745Z,14258,94110000,111800000
2026-09-16T00:08:12.745Z,38,573.3,666
2026-09-16T00:08:12.745Z,47919,61530000,61590000
2026-09-16T00:08:12.745Z,57455,870.1,928.8
2026-09-16T00:08:12.745Z,95398,35020,150000
2026-09-16T00:08:12.745Z,33918,8735000,23500000
2026-09-16T00:08:12.745Z,89942,1401000,2808000
2026-09-16T00:08:12.745Z,4477,9355,20980
2026-09-16T00:08:12.745Z,13925,35000000,48720000
2026-09-16T00:08:12.745Z,42837,200,467.9
2026-09-16T00:08:12.745Z,86113,131800,1990000
2026-09-16T00:08:12.745Z,13891,6120000,23270000
2026-09-16T00:08:12.745Z,8335,500.5,8949
2026-09-16T00:08:12.745Z,53302,8502,10900
2026-09-16T00:08:12.745Z,16671,70.03,77.5
2026-09-16T00:08:12.745Z,2872,1914000,2047000
2026-09-16T00:08:12.745Z,11186,16760000,18580000
2026-09-16T00:08:12.745Z,81350,97.38,148
2026-09-16T00:08:12.745Z,27184,152500000,165400000
2026-09-16T00:08:12.745Z,2466,290100,307900
2026-09-16T00:08:12.745Z,4103,46760000,108700000
2026-09-16T00:08:12.745Z,45611,32370000,36310000
2026-09-16T00:08:12.745Z,29079,1300000,1480000
2026-09-16T00:08:12.745Z,17476,34330000,37840000
2026-09-16T00:08:12.745Z,81948,68210000,75430000
2026-09-16T00:08:12.745Z,2046,5948,7792
2026-09-16T00:08:12.745Z,5281,2070,12960
2026-09-16T00:08:12.745Z,626,9676000,10980000
2026-09-16T00:08:12.745Z,22559,42150000,46460000
2026-09-16T00:08:12.745Z,20452,44750000,59830000
2026-09-16T00:08:12.745Z,47271,402900000,432500000
2026-09-16T00:08:12.745Z,3542,290400000,321100000
2026-09-16T00:08:12.745Z,2393,432.1,439.8
2026-09-16T00:08:12.745Z,25595,1836,2320
2026-09-16T00:08:12.745Z,34436,13660000,18640000
2026-09-16T00:08:12.745Z,18813,3208000,8943000
2026-09-16T00:08:12.745Z,54752,613500000,1086000000
2026-09-16T00:08:12.745Z,10204,1347000,1850000
2026-09-16T00:08:12.745Z,54293,21190,21540
2026-09-16T00:08:12.745Z,30618,226600,280000
2026-09-16T00:08:12.745Z,87509,4012000,5996000
2026-09-16T00:08:12.745Z,25565,1073,1074
2026-09-16T00:08:12.745Z,19181,98370000,119800000
2026-09-16T00:08:12.745Z,24478,19.99,47.88
2026-09-16T00:08:12.745Z,43691,3,38950000
2026-09-16T00:08:12.745Z,26406,56010000,85960000
2026-09-16T00:08:12.745Z,55760,776300,874600
2026-09-16T00:08:12.745Z,16673,47.69,52.6
2026-09-16T00:08:12.745Z,47352,20890000,24600000
2026-09-16T00:08:12.745Z,8427,68680,68690
2026-09-16T00:08:12.745Z,17894,736200,766600
2026-09-16T00:08:12.745Z,14260,45940000,49620000
2026-09-16T00:08:12.745Z,2869,961900,1024000
2026-09-16T00:08:12.745Z,14045,30990000,36500000
2026-09-16T00:08:12.745Z,45998,5902000,6527000
2026-09-16T00:08:12.745Z,33572,260,883.7
2026-09-16T00:08:12.745Z,15707,2005000,4000000
2026-09-16T00:08:12.745Z,47893,190000,190100
2026-09-16T00:08:12.745Z,17888,571,613.3
2026-09-16T00:08:12.745Z,25622,173100,179000
2026-09-16T00:08:12.745Z,3143,542100000,622500000
2026-09-16T00:08:12.745Z,12563,58100,63110
2026-09-16T00:08:12.745Z,14176,25220000,32000000
2026-09-16T00:08:12.745Z,17491,46010000,74740000
2026-09-16T00:08:12.745Z,24694,141900000,153400000
2026-09-16T00:08:12.745Z,31378,11380000,11890000
2026-09-16T00:08:12.745Z,20741,4225,4696
2026-09-16T00:08:12.745Z,12076,3630000,4350000
2026-09-16T00:08:12.745Z,94008,1502000000,1820000000
2026-09-16T00:08:12.745Z,24492,72,78.96
2026-09-16T00:08:12.745Z,6176,1400,2998
2026-09-16T00:08:12.745Z,54783,18500,19250
2026-09-16T00:08:12.745Z,26224,2544000,8298000
2026-09-16T00:08:12.745Z,3102,1504000,94870000
2026-09-16T00:08:12.745Z,53382,127200,23000000
2026-09-16T00:08:12.745Z,48113,40270000,42250000
2026-09-16T00:08:12.745Z,11540,37070,37690
2026-09-16T00:08:12.745Z,41059,76390000,88730000
2026-09-16T00:08:12.745Z,40661,39230000,47310000
2026-09-16T00:08:12.745Z,31328,2951000,3459000
2026-09-16T00:08:12.745Z,19282,115400000,122600000
2026-09-16T00:08:12.745Z,18825,16850000,35460000
2026-09-16T00:08:12.745Z,13957,75400000,87530000
2026-09-16T00:08:12.745Z,2185,801200,810200
2026-09-16T00:08:12.745Z,46001,110500,127300
2026-09-16T00:08:12.745Z,47755,71110000,78800000
2026-09-16T00:08:12.745Z,7489,7666,23950
2026-09-16T00:08:12.745Z,46204,0.04,20900000
2026-09-16T00:08:12.745Z,9413,23030,63030
2026-09-16T00:08:12.745Z,2506,371,443.2
2026-09-16T00:08:12.745Z,14127,26000000,27790000
2026-09-16T00:08:12.745Z,25894,6671000,7832000
2026-09-16T00:08:12.745Z,60474,3170000,3888000
2026-09-16T00:08:12.745Z,41250,89510000,110600000
2026-09-16T00:08:12.745Z,18941,70370000,74770000
2026-09-16T00:08:12.745Z,14037,476200,694000
2026-09-16T00:08:12.745Z,2404,740200,805100
2026-09-16T00:08:12.745Z,34562,60560000,65820000
2026-09-16T00:08:12.745Z,14100,38750000,45780000
2026-09-16T00:08:12.745Z,40558,10100000,10920000
2026-09-16T00:08:12.745Z,22125,32100000,35940000
2026-09-16T00:08:12.745Z,90523,15860000,17340000
2026-09-16T00:08:12.745Z,27349,160,497.8
2026-09-16T00:08:12.745Z,13978,2332000,3295000
2026-09-16T00:08:12.745Z,41533,265000000,284900000
2026-09-16T00:08:12.745Z,235,62.01,62.02
2026-09-16T00:08:12.745Z,16533,172500,263900
2026-09-16T00:08:12.745Z,31990,35890,41350
2026-09-16T00:08:12.745Z,20199,5501000,6872000
2026-09-16T00:08:12.745Z,12828,260500,315500
2026-09-16T00:08:12.745Z,18682,72010000,78780000
2026-09-16T00:08:12.745Z,28848,6922000000,7071000000
2026-09-16T00:08:12.745Z,47885,320,392.9
2026-09-16T00:08:12.745Z,16519,20030,39990
2026-09-16T00:08:12.745Z,25812,4537000,4888000
2026-09-16T00:08:12.745Z,49711,139000000,147600000
2026-09-16T00:08:12.745Z,31770,0.02,3944000
2026-09-16T00:08:12.745Z,15764,90750000,97640000
2026-09-16T00:08:12.745Z,20424,25150,27000
2026-09-16T00:08:12.745Z,31592,3140000,3258000
2026-09-16T00:08:12.745Z,19319,34000000,36590000
2026-09-16T00:08:12.745Z,43554,1611000,1845000
2026-09-16T00:08:12.745Z,23902,24180000,62790000
2026-09-16T00:08:12.745Z,624,10240000,10920000
2026-09-16T00:08:12.745Z,53035,11690000,48920000
2026-09-16T00:08:12.745Z,17559,49030000,52890000
2026-09-16T00:08:12.745Z,85538,3421000,19970000
2026-09-16T00:08:12.745Z,57457,3545,3714
2026-09-16T00:08:12.745Z,48426,1567000,2669000
2026-09-16T00:08:12.745Z,45586,33910000,36950000
2026-09-16T00:08:12.745Z,5239,2961,7000
2026-09-16T00:08:12.745Z,1335,190100,219900
2026-09-16T00:08:12.745Z,34628,48800000,225000000
2026-09-16T00:08:12.745Z,23709,20600,58940
2026-09-16T00:08:12.745Z,18829,67880000,123600000
2026-09-16T00:08:12.745Z,13988,199100,8006000
2026-09-16T00:08:12.745Z,49739,3142000,3300000
2026-09-16T00:08:12.745Z,33153,112800000,120800000
2026-09-16T00:08:12.745Z,47701,2061000,2198000
2026-09-16T00:08:12.745Z,60465,512000,989400
2026-09-16T00:08:12.745Z,60471,204700,400000
2026-09-16T00:08:12.745Z,12200,18210000,20070000
2026-09-16T00:08:12.745Z,20351,1634000,1842000
2026-09-16T00:08:12.745Z,81051,51580,82600
2026-09-16T00:08:12.745Z,89240,2917000,3269000
2026-09-16T00:08:12.745Z,19684,10070000,17520000
2026-09-16T00:08:12.745Z,75279,300,314.6
2026-09-16T00:08:12.745Z,21906,450,544.4
2026-09-16T00:08:12.745Z,644,146800000,153800000
2026-09-16T00:08:12.745Z,54972,1509,3250
2026-09-16T00:08:12.745Z,2006,9912000,10970000
2026-09-16T00:08:12.745Z,45892,500100,1000000
2026-09-16T00:08:12.745Z,56077,769200,956200
2026-09-16T00:08:12.745Z,31979,90020000,199200000
2026-09-16T00:08:12.745Z,53893,293000000,449100000
2026-09-16T00:08:12.745Z,17871,10860000,14330000
2026-09-16T00:08:12.745Z,2397,694.5,729.7
2026-09-16T00:08:12.745Z,47628,93180000,150500000
2026-09-16T00:08:12.745Z,519,755100,838700
2026-09-16T00:08:12.745Z,31884,2055000,2271000
2026-09-16T00:08:12.745Z,31015,4784000,5162000
2026-09-16T00:08:12.745Z,83472,2969000,3261000
2026-09-16T00:08:12.745Z,31023,,1393000
2026-09-16T00:08:12.745Z,19013,15420000,20900000
2026-09-16T00:08:12.745Z,32819,320400,535400
2026-09-16T00:08:12.745Z,17636,387100000,411200000
2026-09-16T00:08:12.745Z,19660,2005,7000
2026-09-16T00:08:12.745Z,25612,615100,615200
2026-09-16T00:08:12.745Z,1832,140.3,180
2026-09-16T00:08:12.745Z,12052,253700,367900
2026-09-16T00:08:12.745Z,23117,623400,989300
2026-09-16T00:08:12.745Z,220,7.21,14.7
2026-09-16T00:08:12.745Z,19287,2812000,3254000
2026-09-16T00:08:12.745Z,526,28460,48290
2026-09-16T00:08:12.745Z,88477,40030,3623000
2026-09-16T00:08:12.745Z,31057,4457000,4748000
2026-09-16T00:08:12.745Z,34049,46890000,55000000
2026-09-16T00:08:12.745Z,22119,24230000,27710000
2026-09-16T00:08:12.745Z,35662,547600,565800
2026-09-16T00:08:12.745Z,37624,61800000,71840000
2026-09-16T00:08:12.745Z,49790,70150000,78500000
2026-09-16T00:08:12.745Z,35789,5772000,6600000
2026-09-16T00:08:12.745Z,28846,6001000000,6695000000
2026-09-16T00:08:12.745Z,14068,15990000,19770000
2026-09-16T00:08:12.745Z,89618,256800000,397900000
2026-09-16T00:08:12.745Z,55333,1071,134900
2026-09-16T00:08:12.745Z,61203,147600,740400
2026-09-16T00:08:12.745Z,30310,40150,42910
2026-09-16T00:08:12.745Z,33591,3380000,4604000
2026-09-16T00:08:12.745Z,45615,34820000,39960000
2026-09-16T00:08:12.745Z,91131,26000000,34590000
2026-09-16T00:08:12.745Z,91405,1101000,9979000
2026-09-16T00:08:12.745Z,47756,8036000,9056000
2026-09-16T00:08:12.745Z,90050,410000,1011000
2026-09-16T00:08:12.745Z,90500,3703,9740
2026-09-16T00:08:12.745Z,190,24.01,59.98
2026-09-16T00:08:12.745Z,3482,559100000,634600000
2026-09-16T00:08:12.745Z,57128,815000000,1249000000
2026-09-16T00:08:12.745Z,61182,15610000,495000000
2026-09-16T00:08:12.745Z,31798,312500000,384900000
2026-09-16T00:08:12.745Z,49727,1275000,1498000
2026-09-16T00:08:12.745Z,3887,2056,40000
2026-09-16T00:08:12.745Z,92466,1457000,2711000
2026-09-16T00:08:12.745Z,6003,3944,3945
2026-09-16T00:08:12.745Z,59221,416700000,3157000000
2026-09-16T00:08:12.745Z,21727,14670,100000
2026-09-16T00:08:12.745Z,638,148600000,155000000
2026-09-16T00:08:12.745Z,13827,39740000,54770000
2026-09-16T00:08:12.745Z,17703,8500000,9188000
2026-09-16T00:08:12.745Z,19189,132100000,145500000
2026-09-16T00:08:12.745Z,31187,35470000,54550000
2026-09-16T00:08:12.745Z,3532,141000000,213400000
2026-09-16T00:08:12.745Z,15479,1207000,1341000
2026-09-16T00:08:12.745Z,16507,91590,221900
2026-09-16T00:08:12.745Z,47890,9403000,10460000
2026-09-16T00:08:12.745Z,1231,914.2,1050
2026-09-16T00:08:12.745Z,11537,18350,23120
2026-09-16T00:08:12.745Z,20413,92050,100700
2026-09-16T00:08:12.745Z,8748,8029,14880
2026-09-16T00:08:12.745Z,18837,8461000,9000000
2026-09-16T00:08:12.745Z,56282,1462000000,2987000000
2026-09-16T00:08:12.745Z,56284,282700000,317500000
2026-09-16T00:08:12.745Z,19927,13040,13050
2026-09-16T00:08:12.745Z,14270,51260000,55430000
2026-09-16T00:08:12.745Z,19021,217800000,236000000
2026-09-16T00:08:12.745Z,15709,11000000,11320000
2026-09-16T00:08:12.745Z,33852,71240000,80550000
2026-09-16T00:08:12.745Z,26374,53020000,55700000
2026-09-16T00:08:12.745Z,31201,50030,89000
2026-09-16T00:08:12.745Z,14072,43990000,50000000
2026-09-16T00:08:12.745Z,28672,2435000,2610000
2026-09-16T00:08:12.745Z,11309,146600,171900
2026-09-16T00:08:12.745Z,33577,460100,460200
2026-09-16T00:08:12.745Z,15605,3437000,4200000
2026-09-16T00:08:12.745Z,54392,248400000,278600000
2026-09-16T00:08:12.745Z,42695,526.7,630
2026-09-16T00:08:12.745Z,15610,626200,686500
2026-09-16T00:08:12.745Z,12805,85.1,93.74
2026-09-16T00:08:12.745Z,28710,905300000,965300000
2026-09-16T00:08:12.745Z,645,145400000,156600000
2026-09-16T00:08:12.745Z,10216,17130000,17250000
2026-09-16T00:08:12.745Z,10221,16960000,17190000
2026-09-16T00:08:12.745Z,10212,16150000,17250000
2026-09-16T00:08:12.745Z,3550,388300000,476800000
2026-09-16T00:08:12.745Z,1248,460700,513700
2026-09-16T00:08:12.745Z,47906,7403000,8194000
2026-09-16T00:08:12.745Z,14298,3508000,4788000
2026-09-16T00:08:12.745Z,13287,350400,750000
2026-09-16T00:08:12.745Z,12801,91.63,113.8
2026-09-16T00:08:12.745Z,23043,1138,1437
2026-09-16T00:08:12.745Z,15477,5330000,6050000
2026-09-16T00:08:12.745Z,206,65,67.48
2026-09-16T00:08:12.745Z,12015,129000000,148800000
2026-09-16T00:08:12.745Z,16000,25700,25710
2026-09-16T00:08:12.745Z,4349,362800000,382900000
2026-09-16T00:08:12.745Z,31029,7316000,9276000
2026-09-16T00:08:12.745Z,491,63540,200000
2026-09-16T00:08:12.745Z,2476,40690,40700
2026-09-16T00:08:12.745Z,9678,506200,571700
2026-09-16T00:08:12.745Z,24546,0.01,3141342800
2026-09-16T00:08:12.745Z,35771,657400,736200
2026-09-16T00:08:12.745Z,96332,30110000,31930000
2026-09-16T00:08:12.745Z,56076,500800,1461000
2026-09-16T00:08:12.745Z,35924,62010000,69930000
2026-09-16T00:08:12.745Z,21078,10010,12020
2026-09-16T00:08:12.745Z,47837,30010000,59950000
2026-09-16T00:08:12.745Z,14074,20640000,22580000
2026-09-16T00:08:12.745Z,28780,72040000,72050000
2026-09-16T00:08:12.745Z,19315,112600000,123900000
2026-09-16T00:08:12.745Z,53984,213500,240300
2026-09-16T00:08:12.745Z,46026,19470000,220000000
2026-09-16T00:08:12.745Z,14236,54880000,62860000
2026-09-16T00:08:12.745Z,24305,5172000,5920000
2026-09-16T00:08:12.745Z,12538,18630,58600
2026-09-16T00:08:12.745Z,13955,5301000,7300000
2026-09-16T00:08:12.745Z,31998,44800,54600
2026-09-16T00:08:12.745Z,31918,14500000,18020000
2026-09-16T00:08:12.745Z,31710,,2907000
2026-09-16T00:08:12.745Z,18949,25870000,36990000
2026-09-16T00:08:12.745Z,62528,29.9,33
2026-09-16T00:08:12.745Z,95813,15060000,88990000
2026-09-16T00:08:12.745Z,35,16.76,17.77
2026-09-16T00:08:12.745Z,25898,7530000,7944000
2026-09-16T00:08:12.745Z,18907,84420000,108000000
2026-09-16T00:08:12.745Z,18857,10550000,24950000
2026-09-16T00:08:12.745Z,28699,88260,94890
2026-09-16T00:08:12.745Z,42685,12920000,12960000
2026-09-16T00:08:12.745Z,16062,63020000,67360000
2026-09-16T00:08:12.745Z,453,26000,44980
2026-09-16T00:08:12.745Z,54394,341900000,376400000
2026-09-16T00:08:12.745Z,12822,171900,209200
2026-09-16T00:08:12.745Z,13976,7225000,9500000
2026-09-16T00:08:12.745Z,45955,159000,2000000
2026-09-16T00:08:12.745Z,17738,727100000,750000000
2026-09-16T00:08:12.745Z,37450,481500,636600
2026-09-16T00:08:12.745Z,12536,874200,1435000
2026-09-16T00:08:12.745Z,1816,14,21.38
2026-09-16T00:08:12.745Z,33915,562400,649300
2026-09-16T00:08:12.745Z,9842,11930,13000
2026-09-16T00:08:12.745Z,26302,65070000,73230000
2026-09-16T00:08:12.745Z,53714,837200000,1046000000
2026-09-16T00:08:12.745Z,28379,15010000,18960000
2026-09-16T00:08:12.745Z,22107,20370000,22610000
2026-09-16T00:08:12.745Z,84015,20010,88930
2026-09-16T00:08:12.745Z,15602,607200,678300
2026-09-16T00:08:12.745Z,45633,32610000,35780000
2026-09-16T00:08:12.745Z,6437,5000,7900
2026-09-16T00:08:12.745Z,4393,40100,68920
2026-09-16T00:08:12.745Z,34204,908300,908400
2026-09-16T00:08:12.745Z,48437,42620000,48970000
2026-09-16T00:08:12.745Z,62555,1976,2230
2026-09-16T00:08:12.745Z,593,175100,350000
2026-09-16T00:08:12.745Z,84086,61010000,130000000
2026-09-16T00:08:12.745Z,18692,42110000,45690000
2026-09-16T00:08:12.745Z,44925,3650000,18750000
2026-09-16T00:08:12.745Z,44268,82,394
2026-09-16T00:08:12.745Z,15770,38270000,41720000
2026-09-16T00:08:12.745Z,1183,432800,463600
2026-09-16T00:08:12.745Z,28215,1191000,1395000
2026-09-16T00:08:12.745Z,41267,99070,116300
2026-09-16T00:08:12.745Z,30013,8845,8850
2026-09-16T00:08:12.745Z,56070,221300,288000
2026-09-16T00:08:12.745Z,77398,135300000,193500000
2026-09-16T00:08:12.745Z,31053,16390000,16760000
2026-09-16T00:08:12.745Z,28813,730000000,844600000
2026-09-16T00:08:12.745Z,47891,21180000,21230000
2026-09-16T00:08:12.745Z,16648,7742,7904
2026-09-16T00:08:12.745Z,14234,12970000,15610000
2026-09-16T00:08:12.745Z,31904,10660000,12650000
2026-09-16T00:08:12.745Z,45596,33690000,40390000
2026-09-16T00:08:12.745Z,45769,121000,500000
2026-09-16T00:08:12.745Z,14230,40200000,42290000
2026-09-16T00:08:12.745Z,19009,52040000,55450000
2026-09-16T00:08:12.745Z,26442,7529000,7621000
2026-09-16T00:08:12.745Z,26286,55040000,74470000
2026-09-16T00:08:12.745Z,85656,95750000,129800000
2026-09-16T00:08:12.745Z,47916,6963000,18000000
2026-09-16T00:08:12.745Z,31039,5025000,5531000
2026-09-16T00:08:12.745Z,31866,1671000,1941000
2026-09-16T00:08:12.745Z,62591,29020000,31150000
2026-09-16T00:08:12.745Z,587,258000,299900
2026-09-16T00:08:12.745Z,222,17.74,19.44
2026-09-16T00:08:12.745Z,56074,134200,190000
2026-09-16T00:08:12.745Z,31119,190400,222000
2026-09-16T00:08:12.745Z,17836,5879000,8629000
2026-09-16T00:08:12.745Z,84430,5364,99330
2026-09-16T00:08:12.745Z,92283,75720000,135700000
2026-09-16T00:08:12.745Z,62464,935.7,1443
2026-09-16T00:08:12.745Z,23811,46970000,73340000
2026-09-16T00:08:12.745Z,11287,5001,6083
2026-09-16T00:08:12.745Z,53891,210300000,250000000
2026-09-16T00:08:12.745Z,17812,7401000,8289000
2026-09-16T00:08:12.745Z,21075,4858,7430
2026-09-16T00:08:12.745Z,527,751400,819600
2026-09-16T00:08:12.745Z,48416,43390,179800
2026-09-16T00:08:12.745Z,22534,21020000,22710000
2026-09-16T00:08:12.745Z,33360,11980,12680
2026-09-16T00:08:12.745Z,16650,49600,52000
2026-09-16T00:08:12.745Z,37625,40530000,63470000
2026-09-16T00:08:12.745Z,21725,2008000,2903000
2026-09-16T00:08:12.745Z,46000,36860000,38250000
2026-09-16T00:08:12.745Z,14190,211300000,229300000
2026-09-16T00:08:12.745Z,46914,1969000,14980000
2026-09-16T00:08:12.745Z,9944,30700,59650
2026-09-16T00:08:12.745Z,6160,2501,4999
2026-09-16T00:08:12.745Z,27196,25410000,27630000
2026-09-16T00:08:12.745Z,31716,22000,27920
2026-09-16T00:08:12.745Z,62527,28.01,38.7
2026-09-16T00:08:12.745Z,16659,817.6,1026
2026-09-16T00:08:12.745Z,7173,326000,531700
2026-09-16T00:08:12.745Z,12777,145,149.8
2026-09-16T00:08:12.745Z,33157,105100000,110000000
2026-09-16T00:08:12.745Z,11965,148200000,156200000
2026-09-16T00:08:12.745Z,20018,21150,50000
2026-09-16T00:08:12.745Z,14238,99650000,107900000
2026-09-16T00:08:12.745Z,27347,22.09,34810
2026-09-16T00:08:12.745Z,21790,200,14990
2026-09-16T00:08:12.745Z,29011,12000,15420
2026-09-16T00:08:12.745Z,22123,43360000,53990000
2026-09-16T00:08:12.745Z,30376,20550,21090
2026-09-16T00:08:12.745Z,54733,1021000000,1196000000
2026-09-16T00:08:12.745Z,14244,92250000,115900000
2026-09-16T00:08:12.745Z,227,26.92,26.93
2026-09-16T00:08:12.745Z,11269,683000,742100
2026-09-16T00:08:12.745Z,215,3.39,5.89
2026-09-16T00:08:12.745Z,16004,106000000,119400000
2026-09-16T00:08:12.745Z,28674,2319000,2641000
2026-09-16T00:08:12.745Z,26444,4611000,5131000
2026-09-16T00:08:12.745Z,47928,642.2,718
2026-09-16T00:08:12.745Z,11547,87580,107200
2026-09-16T00:08:12.745Z,18943,63110000,67930000
2026-09-16T00:08:12.745Z,18843,1400000,4794000
2026-09-16T00:08:12.745Z,17938,18910,20700
2026-09-16T00:08:12.745Z,31153,211900,240200
2026-09-16T00:08:12.745Z,23803,89990000,107900000
2026-09-16T00:08:12.745Z,12346,769800,994600
2026-09-16T00:08:12.745Z,17722,242200000,274000000
2026-09-16T00:08:12.745Z,52312,577000,619800
2026-09-16T00:08:12.745Z,60468,1446000,2083000
2026-09-16T00:08:12.745Z,31892,1950000,2029000
2026-09-16T00:08:12.745Z,45828,536500,4000000
2026-09-16T00:08:12.745Z,30371,4393,4747
2026-09-16T00:08:12.745Z,18945,226700000,245700000
2026-09-16T00:08:12.745Z,56072,154500,193800
2026-09-16T00:08:12.745Z,2317,9020,9299
2026-09-16T00:08:12.745Z,18863,40810000,46980000
2026-09-16T00:08:12.745Z,5759,171200,213900
2026-09-16T00:08:12.745Z,25968,,1471000
2026-09-16T00:08:12.745Z,3084,552100000,602600000
2026-09-16T00:08:12.745Z,23170,20010,292700
2026-09-16T00:08:12.745Z,56131,80000,103000
2026-09-16T00:08:12.745Z,26414,65000000,72500000
2026-09-16T00:08:12.745Z,16487,46010,60470
2026-09-16T00:08:12.745Z,18937,156300000,168700000
2026-09-16T00:08:12.745Z,16643,5921,6291
2026-09-16T00:08:12.745Z,47826,26270000,29620000
2026-09-16T00:08:12.745Z,584,218000,472400
2026-09-16T00:08:12.745Z,605,387200,429900
2026-09-16T00:08:12.745Z,47918,31370000,33900000
2026-09-16T00:08:12.745Z,62533,81.51,108.8
2026-09-16T00:08:12.745Z,13968,1000000,993100
2026-09-16T00:08:12.745Z,17184,2028000,7945000
2026-09-16T00:08:12.745Z,3109,0.01,2487000
2026-09-16T00:08:12.745Z,2351,70010,78050
2026-09-16T00:08:12.745Z,44993,454100000,492300000
2026-09-16T00:08:12.745Z,72904,7165000,7994000
2026-09-16T00:08:12.745Z,22548,191400000,197600000
2026-09-16T00:08:12.745Z,15465,26480000,29940000
2026-09-16T00:08:12.745Z,52301,5809000,15910000
2026-09-16T00:08:12.745Z,25996,0.01,2940000
2026-09-16T00:08:12.745Z,12546,339800,459300
2026-09-16T00:08:12.745Z,11311,102000,146700
2026-09-16T00:08:12.745Z,31171,2814000,2936000
2026-09-16T00:08:12.745Z,41208,9645000000,11500000000
2026-09-16T00:08:12.745Z,23055,4180000,5733000
2026-09-16T00:08:12.745Z,41463,51200000,57930000
2026-09-16T00:08:12.745Z,25613,380000,390000
2026-09-16T00:08:12.745Z,30374,9031,9233
2026-09-16T00:08:12.745Z,14152,4468000,5999000
2026-09-16T00:08:12.745Z,13974,6298000,8588000
2026-09-16T00:08:12.745Z,3534,526600000,588700000
2026-09-16T00:08:12.745Z,3568,378000,464400
2026-09-16T00:08:12.745Z,499,1510,18850
2026-09-16T00:08:12.745Z,62524,24.2,29
2026-09-16T00:08:12.745Z,6861,30000,57890
2026-09-16T00:08:12.745Z,60289,581800,709500
2026-09-16T00:08:12.745Z,57449,377700000,414400000
2026-09-16T00:08:12.745Z,60292,328900,399700
2026-09-16T00:08:12.745Z,5757,179200,222300
2026-09-16T00:08:12.745Z,3178,542600,581600
2026-09-16T00:08:12.745Z,47924,321.1,406.4
2026-09-16T00:08:12.745Z,45612,28730000,33800000
2026-09-16T00:08:12.745Z,9556,2077,2078
2026-09-16T00:08:12.745Z,37611,2736000,2897000
2026-09-16T00:08:12.745Z,16679,633.1,699.3
2026-09-16T00:08:12.745Z,23177,3671000,8700000
2026-09-16T00:08:12.745Z,7327,53510,121600
2026-09-16T00:08:12.745Z,30486,450100,472300
2026-09-16T00:08:12.745Z,54732,377500000,583300000
2026-09-16T00:08:12.745Z,5279,6013,6014
2026-09-16T00:08:12.745Z,52188,1600000,2500000
2026-09-16T00:08:12.745Z,90457,600.1,5999
2026-09-16T00:08:12.745Z,41200,220200000,241800000
2026-09-16T00:08:12.745Z,24521,1289,1402
2026-09-16T00:08:12.745Z,4383,2580000,2693000
2026-09-16T00:08:12.745Z,22109,67110000,74180000
2026-09-16T00:08:12.745Z,53899,191200000,279300000
2026-09-16T00:08:12.745Z,9497,500500,553400
2026-09-16T00:08:12.745Z,81016,7860000,12400000
2026-09-16T00:08:12.745Z,41275,5174,8941
2026-09-16T00:08:12.745Z,27187,25000000,28000000
2026-09-16T00:08:12.745Z,28270,434600,469900
2026-09-16T00:08:12.745Z,17482,3071000,3270000
2026-09-16T00:08:12.745Z,16523,2266,3900
2026-09-16T00:08:12.745Z,19337,37320000,47000000
2026-09-16T00:08:12.745Z,48115,81210000,87870000
2026-09-16T00:08:12.745Z,19551,134800000,148100000
2026-09-16T00:08:12.745Z,60461,600800,895900
2026-09-16T00:08:12.745Z,17478,35550000,41820000
2026-09-16T00:08:12.745Z,1958,5235,49660
2026-09-16T00:08:12.745Z,5221,923.5,9924
2026-09-16T00:08:12.745Z,2321,14450,16530
2026-09-16T00:08:12.745Z,29990,225500000,240000000
2026-09-16T00:08:12.745Z,2463,8001,8219
2026-09-16T00:08:12.745Z,2327,14570,15700
2026-09-16T00:08:12.745Z,19335,249800000,271000000
2026-09-16T00:08:12.745Z,6863,985000,1200000
2026-09-16T00:08:12.745Z,31812,17020000,17200000
2026-09-16T00:08:12.745Z,3779,840.9,890
2026-09-16T00:08:12.745Z,32881,2500000,5252000
2026-09-16T00:08:12.745Z,30628,16610000,20790000
2026-09-16T00:08:12.745Z,42211,125900000,146400000
2026-09-16T00:08:12.745Z,25616,1016,1158
2026-09-16T00:08:12.745Z,56080,183300,287700
2026-09-16T00:08:12.745Z,31826,346200000,404500000
2026-09-16T00:08:12.745Z,24690,145900000,155800000
2026-09-16T00:08:12.745Z,19231,138000000,152300000
2026-09-16T00:08:12.745Z,13253,6055,86720
2026-09-16T00:08:12.745Z,32876,805900,945400
2026-09-16T00:08:12.745Z,15656,89600,99840
2026-09-16T00:08:12.745Z,31334,121.2,133900
2026-09-16T00:08:12.745Z,50130,1001,299800
2026-09-16T00:08:12.745Z,7747,135300,136300
2026-09-16T00:08:12.745Z,35794,11690,19640
2026-09-16T00:08:12.745Z,33470,265600000,282000000
2026-09-16T00:08:12.745Z,12625,30.55,50.72
2026-09-16T00:08:12.745Z,21640,782900,844900
2026-09-16T00:08:12.745Z,49802,555500,14460000
2026-09-16T00:08:12.745Z,83343,100300,2557000
2026-09-16T00:08:12.745Z,41492,73240000,79960000
2026-09-16T00:08:12.745Z,19942,10730,10740
2026-09-16T00:08:12.745Z,3119,545200000,604800000
2026-09-16T00:08:12.745Z,23894,96920000,109700000
2026-09-16T00:08:12.745Z,84340,19510000,24970000
2026-09-16T00:08:12.745Z,3140,559500000,616900000
2026-09-16T00:08:12.745Z,47914,19040000,20400000
2026-09-16T00:08:12.745Z,3475,543600000,619700000
2026-09-16T00:08:12.745Z,29045,623800,2083000
2026-09-16T00:08:12.745Z,13003,1242000,1337000
2026-09-16T00:08:12.745Z,34201,363600,363700
2026-09-16T00:08:12.745Z,34414,12010000,12590000
2026-09-16T00:08:12.745Z,85668,269500000,333900000
2026-09-16T00:08:12.745Z,83471,2536000,2860000
2026-09-16T00:08:12.745Z,60951,41020000,99000000
2026-09-16T00:08:12.745Z,22895,7595000,9844000
2026-09-16T00:08:12.745Z,55984,2700000,143000000
2026-09-16T00:08:12.745Z,1822,47,47.01
2026-09-16T00:08:12.745Z,17728,374400000,400800000
2026-09-16T00:08:12.745Z,11496,7589,12260
2026-09-16T00:08:12.745Z,92035,6057000,7159000
2026-09-16T00:08:12.745Z,22446,263600000,284300000
2026-09-16T00:08:12.745Z,589,265700,285000
2026-09-16T00:08:12.745Z,2929,3640000,4097000
2026-09-16T00:08:12.745Z,62546,956.1,1387
2026-09-16T00:08:12.745Z,92034,5007000,6380000
2026-09-16T00:08:12.745Z,40659,37230000,42660000
2026-09-16T00:08:12.745Z,8517,4539000,5190000
2026-09-16T00:08:12.745Z,49740,10770000,11190000
2026-09-16T00:08:12.745Z,380,181600,229500
2026-09-16T00:08:12.745Z,16655,3206,4123
2026-09-16T00:08:12.745Z,90609,8030000,10150000
2026-09-16T00:08:12.745Z,17470,11.41,12.94
2026-09-16T00:08:12.745Z,45626,32590000,36180000
2026-09-16T00:08:12.745Z,7291,,21000
2026-09-16T00:08:12.745Z,96327,11030000,23810000
2026-09-16T00:08:12.745Z,56069,8466000,9831000
2026-09-16T00:08:12.745Z,16668,26000,27480
2026-09-16T00:08:12.745Z,44269,1080,2240
2026-09-16T00:08:12.745Z,48114,36340000,38290000
2026-09-16T00:08:12.745Z,31930,24740000,29810000
2026-09-16T00:08:12.745Z,92037,358200,827700
2026-09-16T00:08:12.745Z,85396,48000,56460
2026-09-16T00:08:12.745Z,2400,432,451
2026-09-16T00:08:12.745Z,20171,84220,92080
2026-09-16T00:08:12.745Z,19264,61690000,68970000
2026-09-16T00:08:12.745Z,20415,91020,94690
2026-09-16T00:08:12.745Z,57478,44850,46800
2026-09-16T00:08:12.745Z,482,652900,773900
2026-09-16T00:08:12.745Z,19944,15070,99600
2026-09-16T00:08:12.745Z,25603,3259,3270
2026-09-16T00:08:12.745Z,21953,29980000,102500000
2026-09-16T00:08:12.745Z,60466,782600,1000000
2026-09-16T00:08:12.745Z,60462,262500,457600
2026-09-16T00:08:12.745Z,60472,7151000,8398000
2026-09-16T00:08:12.745Z,60469,505800,800000
2026-09-16T00:08:12.745Z,48430,4003000,13000000
2026-09-16T00:08:12.745Z,16423,55190,75350
2026-09-16T00:08:12.745Z,5443,44300,68760
2026-09-16T00:08:12.745Z,31207,827000,1084000
2026-09-16T00:08:12.745Z,35683,65040000,69640000
2026-09-16T00:08:12.745Z,19029,39550000,42890000
2026-09-16T00:08:12.745Z,2024,708100,770000
2026-09-16T00:08:12.745Z,47743,15500000,17940000
2026-09-16T00:08:12.745Z,34272,1757000,2154000
2026-09-16T00:08:12.745Z,19175,85720000,98800000
2026-09-16T00:08:12.745Z,53857,108200000,185000000
2026-09-16T00:08:12.745Z,85543,13290000,23240000
2026-09-16T00:08:12.745Z,83243,10000,130000
2026-09-16T00:08:12.745Z,18708,192800000,213300000
2026-09-16T00:08:12.745Z,47819,5145000,8146000
2026-09-16T00:08:12.745Z,61207,687600,2042000
2026-09-16T00:08:12.745Z,28665,901300000,949500000
2026-09-16T00:08:12.745Z,22430,708900000,741400000
2026-09-16T00:08:12.745Z,81066,7209,8296
2026-09-16T00:08:12.745Z,56133,70000,75660
2026-09-16T00:08:12.745Z,28444,189700,197900
2026-09-16T00:08:12.745Z,47892,22910,40950
2026-09-16T00:08:12.745Z,8089,13510,17220
2026-09-16T00:08:12.745Z,45950,189000,7000000
2026-09-16T00:08:12.745Z,30370,4425,4738
2026-09-16T00:08:12.745Z,27245,112200000,120800000
2026-09-16T00:08:12.745Z,91976,9795000,20250000
2026-09-16T00:08:12.745Z,19207,149900000,158800000
2026-09-16T00:08:12.745Z,78910,3487000,11420000
2026-09-16T00:08:12.745Z,40520,709700000,744200000
2026-09-16T00:08:12.745Z,4250,2483000,2731000
2026-09-16T00:08:12.745Z,47830,26020000,30160000
2026-09-16T00:08:12.745Z,22436,726700000,767500000
2026-09-16T00:08:12.745Z,21017,13080000,17670000
2026-09-16T00:08:12.745Z,31376,3066000,3527000
2026-09-16T00:08:12.745Z,33076,10870,18000
2026-09-16T00:08:12.745Z,26310,49110000,57260000
2026-09-16T00:08:12.745Z,18873,74080000,84020000
2026-09-16T00:08:12.745Z,91960,10010000,18340000
2026-09-16T00:08:12.745Z,25601,3904,4099
2026-09-16T00:08:12.745Z,26004,102000,6464000
2026-09-16T00:08:12.745Z,47499,2200000,22990000
2026-09-16T00:08:12.745Z,28795,577700000,783000000
2026-09-16T00:08:12.745Z,24529,1286,1387
2026-09-16T00:08:12.745Z,47900,32080,43700
2026-09-16T00:08:12.745Z,57444,85210000,91770000
2026-09-16T00:08:12.745Z,20032,1802000,2359000
2026-09-16T00:08:12.745Z,7169,304400,538900
2026-09-16T00:08:12.745Z,1826,196.1,217.4
2026-09-16T00:08:12.745Z,2510,275,434.5
2026-09-16T00:08:12.745Z,267,210,210.1
2026-09-16T00:08:12.745Z,1830,146.2,173.8
2026-09-16T00:08:12.745Z,5973,302000,321800
2026-09-16T00:08:12.745Z,27260,24610000,27410000
2026-09-16T00:08:12.745Z,27188,24000000,27920000
2026-09-16T00:08:12.745Z,24535,503.2,587.7
2026-09-16T00:08:12.745Z,9668,479700,482400
2026-09-16T00:08:12.745Z,37610,2820000,2822000
2026-09-16T00:08:12.745Z,8105,546500,593400
2026-09-16T00:08:12.745Z,7167,515900,516600
2026-09-16T00:08:12.745Z,21037,7304000,8167000
2026-09-16T00:08:12.745Z,30306,10880,11340
2026-09-16T00:08:12.745Z,57476,107600,98990000
2026-09-16T00:08:12.745Z,10884,139800,139900
2026-09-16T00:08:12.745Z,17841,7600000,8140000
2026-09-16T00:08:12.745Z,17203,132400,870100
2026-09-16T00:08:12.745Z,89695,1204000,5882000
2026-09-16T00:08:12.745Z,28802,103500000,124100000
2026-09-16T00:08:12.745Z,30305,9638,12040
2026-09-16T00:08:12.745Z,18688,137500000,144200000
2026-09-16T00:08:12.745Z,187,5.56,15.99
2026-09-16T00:08:12.745Z,31051,4760000,4987000
2026-09-16T00:08:12.745Z,43759,35400000,50000000
2026-09-16T00:08:12.745Z,33892,,2978000
2026-09-16T00:08:12.745Z,19119,49100000,58700000
2026-09-16T00:08:12.745Z,21041,9829000,10800000
2026-09-16T00:08:12.745Z,31922,1501000,1935000
2026-09-16T00:08:12.745Z,2281,1700000,1823000
2026-09-16T00:08:12.745Z,1855,671700,919000
2026-09-16T00:08:12.745Z,1987,564900,773500
2026-09-16T00:08:12.745Z,9680,12000,12190
2026-09-16T00:08:12.745Z,41054,733400,740700
2026-09-16T00:08:12.745Z,41056,725400,731500
2026-09-16T00:08:12.745Z,41057,3516000,3857000
2026-09-16T00:08:12.745Z,14122,18210000,20000000
2026-09-16T00:08:12.745Z,33178,70540,91450
2026-09-16T00:08:12.745Z,62622,7258000,8192000
2026-09-16T00:08:12.745Z,62517,11.38,12.85
2026-09-16T00:08:12.745Z,52877,600000,19000000
2026-09-16T00:08:12.745Z,3693,11680,12590
2026-09-16T00:08:12.745Z,622,11780000,11790000
2026-09-16T00:08:12.745Z,25610,2501000,2569000
2026-09-16T00:08:12.745Z,26026,6222000,7120000
2026-09-16T00:08:12.745Z,53710,242400000,259800000
2026-09-16T00:08:12.745Z,24550,392100000,648200000
2026-09-16T00:08:12.745Z,54748,188800000,205100000
2026-09-16T00:08:12.745Z,4248,5683000,7675000
2026-09-16T00:08:12.745Z,5439,1134,13200
2026-09-16T00:08:12.745Z,47286,1787000000,2399000000
2026-09-16T00:08:12.745Z,17912,4875000,5274000
2026-09-16T00:08:12.745Z,42527,299200,505000
2026-09-16T00:08:12.745Z,57319,28140000,31300000
2026-09-16T00:08:12.745Z,20160,354400000,386900000
2026-09-16T00:08:12.745Z,19139,15200000,19370000
2026-09-16T00:08:12.745Z,32342,14310000,18210000
2026-09-16T00:08:12.745Z,16238,524500,579900
2026-09-16T00:08:12.745Z,21729,387.7,9726
2026-09-16T00:08:12.745Z,33826,25010000,32380000
2026-09-16T00:08:12.745Z,608,80190,350000
2026-09-16T00:08:12.745Z,41032,3750,4662
2026-09-16T00:08:12.745Z,3829,21680,34660
2026-09-16T00:08:12.745Z,71755,441.1,649
2026-09-16T00:08:12.745Z,87524,37240000,100000000
2026-09-16T00:08:12.745Z,84689,3569000,8990000
2026-09-16T00:08:12.745Z,32254,285400000,308900000
2026-09-16T00:08:12.745Z,8759,752400,3191000
2026-09-16T00:08:12.745Z,93906,989100000,1214000000
2026-09-16T00:08:12.745Z,18811,1076000,2695000
2026-09-16T00:08:12.745Z,62522,21.25,21.5
2026-09-16T00:08:12.745Z,63244,36600,989800
2026-09-16T00:08:12.745Z,35656,12350,12360
2026-09-16T00:08:12.745Z,62529,34.53,36.5
2026-09-16T00:08:12.745Z,25590,78260,82300
2026-09-16T00:08:12.745Z,74386,100,298.6
2026-09-16T00:08:12.745Z,62397,4115,4280
2026-09-16T00:08:12.745Z,33894,1843000,2076000
2026-09-16T00:08:12.745Z,13785,46610000,63740000
2026-09-16T00:08:12.745Z,23707,4906,6693
2026-09-16T00:08:12.745Z,47917,21380000,31600000
2026-09-16T00:08:12.745Z,76963,350,1143
2026-09-16T00:08:12.745Z,496,884800,1761000
2026-09-16T00:08:12.745Z,18817,12000000,15210000
2026-09-16T00:08:12.745Z,49736,3620000,4200000
2026-09-16T00:08:12.745Z,47787,3866000,4978000
2026-09-16T00:08:12.745Z,34290,3145000,3530000
2026-09-16T00:08:12.745Z,17520,63000000,77000000
2026-09-16T00:08:12.745Z,16399,55230,74870
2026-09-16T00:08:12.745Z,57442,76000000,82470000
2026-09-16T00:08:12.745Z,81951,871800000,1012000000
2026-09-16T00:08:12.745Z,15768,94150000,125200000
2026-09-16T00:08:12.745Z,47741,12530000,14310000
2026-09-16T00:08:12.745Z,22919,13960000,38590000
2026-09-16T00:08:12.745Z,47929,524.8,812.8
2026-09-16T00:08:12.745Z,16681,3744,3827
2026-09-16T00:08:12.745Z,92589,60000,81900
2026-09-16T00:08:12.745Z,13919,45920000,52420000
2026-09-16T00:08:12.745Z,9832,10850,11090
2026-09-16T00:08:12.745Z,52252,685000000,726800000
2026-09-16T00:08:12.745Z,31392,38100,58150000
2026-09-16T00:08:12.745Z,3561,353600000,433100000
2026-09-16T00:08:12.745Z,46381,5804000,6992000
2026-09-16T00:08:12.745Z,31402,2293000,2798000
2026-09-16T00:08:12.745Z,27179,152600000,165400000
2026-09-16T00:08:12.745Z,44933,11840000,69770000
2026-09-16T00:08:12.745Z,28695,53150,56900
2026-09-16T00:08:12.745Z,31442,19650,118800
2026-09-16T00:08:12.745Z,13284,412800,680000
2026-09-16T00:08:12.745Z,12267,2317000,2496000
2026-09-16T00:08:12.745Z,88527,1000,98980
2026-09-16T00:08:12.745Z,95300,16000000,31790000
2026-09-16T00:08:12.745Z,30309,31470,35300
2026-09-16T00:08:12.745Z,20353,3225000,3572000
2026-09-16T00:08:12.745Z,12771,99.18,148.2
2026-09-16T00:08:12.745Z,28803,146000000,161600000
2026-09-16T00:08:12.745Z,25887,89420,96900
2026-09-16T00:08:12.745Z,52240,391700000,518500000
2026-09-16T00:08:12.745Z,31550,204,87300
2026-09-16T00:08:12.745Z,14043,5501000,6986000
2026-09-16T00:08:12.745Z,11393,22160000,23760000
2026-09-16T00:08:12.745Z,42830,302.3,346.8
2026-09-16T00:08:12.745Z,37626,85970000,105000000
2026-09-16T00:08:12.745Z,45605,35570000,41930000
2026-09-16T00:08:12.745Z,19023,75010000,83670000
2026-09-16T00:08:12.745Z,25278,23130,32890
2026-09-16T00:08:12.745Z,21585,141300,494000
2026-09-16T00:08:12.745Z,16637,1271,1272
2026-09-16T00:08:12.745Z,41196,52120000,59740000
2026-09-16T00:08:12.745Z,17196,1209,8257
2026-09-16T00:08:12.745Z,72811,114300000,123100000
2026-09-16T00:08:12.745Z,62544,801.3,1050
2026-09-16T00:08:12.745Z,16275,4509,4773
2026-09-16T00:08:12.745Z,58899,25000,1496000
2026-09-16T00:08:12.745Z,25589,850.1,997.7
2026-09-16T00:08:12.745Z,90419,106100000,273700000
2026-09-16T00:08:12.745Z,20503,277600000,299900000
2026-09-16T00:08:12.745Z,24490,82.1,92.71
2026-09-16T00:08:12.745Z,17918,701900000,763000000
2026-09-16T00:08:12.745Z,41214,27080000,29120000
2026-09-16T00:08:12.745Z,24523,1560,1715
2026-09-16T00:08:12.745Z,55606,0.01,96410
2026-09-16T00:08:12.745Z,54398,99320000,139300000
2026-09-16T00:08:12.745Z,2410,1011000,1282000
2026-09-16T00:08:12.745Z,92458,131200000,141000000
2026-09-16T00:08:12.745Z,47926,901.3,1061
2026-09-16T00:08:12.745Z,13939,55030000,74990000
2026-09-16T00:08:12.745Z,17940,503100,1669000
2026-09-16T00:08:12.745Z,19535,1849000,17940000
2026-09-16T00:08:12.745Z,52310,53370,62140
2026-09-16T00:08:12.745Z,3756,42510000,45780000
2026-09-16T00:08:12.745Z,28262,137200,188500
2026-09-16T00:08:12.745Z,26257,2810,210600
2026-09-16T00:08:12.745Z,12529,27370000,34320000
2026-09-16T00:08:12.745Z,11349,50610,65970
2026-09-16T00:08:12.745Z,47332,130800000,214800000
2026-09-16T00:08:12.745Z,211,9,11
2026-09-16T00:08:12.745Z,16634,201.6,208
2026-09-16T00:08:12.745Z,16641,6016,6396
2026-09-16T00:08:12.745Z,16636,336,373.9
2026-09-16T00:08:12.745Z,32874,836800,930800
2026-09-16T00:08:12.745Z,228,13.02,34.9
2026-09-16T00:08:12.745Z,47927,801.5,801.6
2026-09-16T00:08:12.745Z,26328,32010000,75870000
2026-09-16T00:08:12.745Z,53987,1500000,1646000
2026-09-16T00:08:12.745Z,90733,341.8,377
2026-09-16T00:08:12.745Z,37306,151000000,176000000
2026-09-16T00:08:12.745Z,16008,14790000,16990000
2026-09-16T00:08:12.745Z,15510,29920,29940
2026-09-16T00:08:12.745Z,55761,3510000,3748000
2026-09-16T00:08:12.745Z,5755,188400,209400
2026-09-16T00:08:12.745Z,19398,62560,298000
2026-09-16T00:08:12.745Z,10876,45430,56250
2026-09-16T00:08:12.745Z,7085,312700,347000
2026-09-16T00:08:12.745Z,7125,466000,431700
2026-09-16T00:08:12.745Z,7047,240000,106200
2026-09-16T00:08:12.745Z,7087,421000,500000
2026-09-16T00:08:12.745Z,94125,20000,99330
2026-09-16T00:08:12.745Z,25266,2675000,2927000
2026-09-16T00:08:12.745Z,13209,40710000,48410000
2026-09-16T00:08:12.745Z,9493,440500,532300
2026-09-16T00:08:12.745Z,10888,143700,158800
2026-09-16T00:08:12.745Z,10880,45410,54960
2026-09-16T00:08:12.745Z,18823,50320000,59890000
2026-09-16T00:08:12.745Z,4613,20000,50890
2026-09-16T00:08:12.745Z,34288,1030000,4424000
2026-09-16T00:08:12.745Z,2937,823600,1389000
2026-09-16T00:08:12.745Z,86264,50070000,68240000
2026-09-16T00:08:12.745Z,45600,31620000,33790000
2026-09-16T00:08:12.745Z,94127,20000,99440
2026-09-16T00:08:12.745Z,41055,690000,778000
2026-09-16T00:08:12.745Z,14262,145700000,153200000
2026-09-16T00:08:12.745Z,41201,201000000,233400000
2026-09-16T00:08:12.745Z,26450,75460000,79930000
2026-09-16T00:08:12.745Z,2637,368,473.2
2026-09-16T00:08:12.745Z,14168,65480000,73950000
2026-09-16T00:08:12.745Z,19215,10250000,11440000
2026-09-16T00:08:12.745Z,87506,47770000,99990000
2026-09-16T00:08:12.745Z,91411,1010000,19980000
2026-09-16T00:08:12.745Z,2876,1979000,2092000
2026-09-16T00:08:12.745Z,47841,20000000,50170000
2026-09-16T00:08:12.745Z,37294,177700000,183900000
2026-09-16T00:08:12.745Z,24497,47.03,61
2026-09-16T00:08:12.745Z,33025,0.01,24000000
2026-09-16T00:08:12.745Z,40570,20650000,26570000
2026-09-16T00:08:12.745Z,60470,1383000,2000000
2026-09-16T00:08:12.745Z,12542,6147000,6869000
2026-09-16T00:08:12.745Z,42838,115.2,478.4
2026-09-16T00:08:12.745Z,19143,39620000,44760000
2026-09-16T00:08:12.745Z,54769,18580,32210
2026-09-16T00:08:12.745Z,17217,20260000,20900000
2026-09-16T00:08:12.745Z,14242,103500000,111400000
2026-09-16T00:08:12.745Z,47123,40190,38120000
2026-09-16T00:08:12.745Z,92462,1349000,1687000
2026-09-16T00:08:12.745Z,37545,5200,5940
2026-09-16T00:08:12.745Z,31532,2353000,3025000
2026-09-16T00:08:12.745Z,3504,1351000,1519000
2026-09-16T00:08:12.745Z,5137,3153,3795
2026-09-16T00:08:12.745Z,34205,305200,305300
2026-09-16T00:08:12.745Z,25930,,1389000
2026-09-16T00:08:12.745Z,91156,1001,2940000
2026-09-16T00:08:12.745Z,19151,75180000,81890000
2026-09-16T00:08:12.745Z,11693,17480,20630
2026-09-16T00:08:12.745Z,90521,200,3400
2026-09-16T00:08:12.745Z,31177,40160,56680
2026-09-16T00:08:12.745Z,13956,111700000,128500000
2026-09-16T00:08:12.745Z,26084,4535000,5810000
2026-09-16T00:08:12.745Z,27089,42410,700000
2026-09-16T00:08:12.745Z,14295,3547000,4166000
2026-09-16T00:08:12.745Z,75283,2502,3526
2026-09-16T00:08:12.745Z,31971,35450000,79560000
2026-09-16T00:08:12.745Z,27116,115000000,119300000
2026-09-16T00:08:12.745Z,92467,329200,365600
2026-09-16T00:08:12.745Z,92464,304900,445900
2026-09-16T00:08:12.745Z,14166,57130000,67850000
2026-09-16T00:08:12.745Z,15931,114600000,128200000
2026-09-16T00:08:12.745Z,57073,30010,90000
2026-09-16T00:08:12.745Z,2977,622700,657900
2026-09-16T00:08:12.745Z,14041,10770000,12350000
2026-09-16T00:08:12.745Z,62399,4303,4900
2026-09-16T00:08:12.745Z,19173,147600000,170000000
2026-09-16T00:08:12.745Z,41266,5850,9596
2026-09-16T00:08:12.745Z,15766,31510000,34150000
2026-09-16T00:08:12.745Z,23153,85010,220800
2026-09-16T00:08:12.745Z,14246,36320000,39320000
2026-09-16T00:08:12.745Z,9942,7401000,8293000
2026-09-16T00:08:12.745Z,27238,21280000,24430000
2026-09-16T00:08:12.745Z,26260,35.03,2036
2026-09-16T00:08:12.745Z,25890,3736000,5855000
2026-09-16T00:08:12.745Z,19325,33160000,35900000
2026-09-16T00:08:12.745Z,57488,717200000,742500000
2026-09-16T00:08:12.745Z,27066,208400000,484300000
2026-09-16T00:08:12.745Z,54773,34350,42150
2026-09-16T00:08:12.745Z,27192,183000000,200000000
2026-09-16T00:08:12.745Z,23785,50250000,89920000
2026-09-16T00:08:12.745Z,19171,74800000,90900000
2026-09-16T00:08:12.745Z,7783,350200,439900
2026-09-16T00:08:12.745Z,9836,9307,9948
2026-09-16T00:08:12.745Z,33965,5108000,7997000
2026-09-16T00:08:12.745Z,22131,925300,4948000
2026-09-16T00:08:12.745Z,955,2005000,3514000
2026-09-16T00:08:12.745Z,3239,565500000,641400000
2026-09-16T00:08:12.745Z,25593,6044,6060
2026-09-16T00:08:12.745Z,19019,96070000,119000000
2026-09-16T00:08:12.745Z,19696,110100000,123700000
2026-09-16T00:08:12.745Z,27381,717.5,766
2026-09-16T00:08:12.745Z,33020,20010,21970000
2026-09-16T00:08:12.745Z,41312,1422,28690
2026-09-16T00:08:12.745Z,41565,49850000,69640000
2026-09-16T00:08:12.745Z,16373,282800,329700
2026-09-16T00:08:12.745Z,40556,11480000,12300000
2026-09-16T00:08:12.745Z,4258,952100,1108000
2026-09-16T00:08:12.745Z,62586,20610,24850
2026-09-16T00:08:12.745Z,31640,9695000,14910000
2026-09-16T00:08:12.745Z,17718,211800000,224500000
2026-09-16T00:08:12.745Z,2328,6775,7493
2026-09-16T00:08:12.745Z,6715,10020,74990
2026-09-16T00:08:12.745Z,19223,55500000,62680000
2026-09-16T00:08:12.745Z,23799,1001000,33980000
2026-09-16T00:08:12.745Z,3124,339000000,485700000
2026-09-16T00:08:12.745Z,34828,62370000,66660000
2026-09-16T00:08:12.745Z,11486,326.3,698
2026-09-16T00:08:12.745Z,7089,318900,319100
2026-09-16T00:08:12.745Z,25976,,2392000
2026-09-16T00:08:12.745Z,94009,1511000000,1843000000
2026-09-16T00:08:12.745Z,91964,1513000,2794000
2026-09-16T00:08:12.745Z,19209,40200,197000
2026-09-16T00:08:12.745Z,83201,1000,23840
2026-09-16T00:08:12.745Z,23156,14050000,16200000
2026-09-16T00:08:12.745Z,13999,12880000,17470000
2026-09-16T00:08:12.745Z,13924,82010000,87170000
2026-09-16T00:08:12.745Z,75282,213.8,398
2026-09-16T00:08:12.745Z,26020,2512000,6654000
2026-09-16T00:08:12.745Z,19105,33010000,36880000
2026-09-16T00:08:12.745Z,31021,175000,288200
2026-09-16T00:08:12.745Z,45755,215000,1550000
2026-09-16T00:08:12.745Z,28334,601,664.9
2026-09-16T00:08:12.745Z,2175,812600,1187000
2026-09-16T00:08:12.745Z,85531,35100000,130000000
2026-09-16T00:08:12.745Z,19203,120900000,132800000
2026-09-16T00:08:12.745Z,1236,362900,408000
2026-09-16T00:08:12.745Z,2871,1417000,1518000
2026-09-16T00:08:12.745Z,21732,181500,2150000
2026-09-16T00:08:12.745Z,91962,2058000,2958000
2026-09-16T00:08:12.745Z,22611,9383000,14400000
2026-09-16T00:08:12.745Z,16246,110200000,119500000
2026-09-16T00:08:12.745Z,26914,2000000,2199000
2026-09-16T00:08:12.745Z,31366,32010000,32250000
2026-09-16T00:08:12.745Z,31280,2953000,3192000
2026-09-16T00:08:12.745Z,46370,333100,1342000
2026-09-16T00:08:12.745Z,23134,25580000,27460000
2026-09-16T00:08:12.745Z,27453,948,1068
2026-09-16T00:08:12.745Z,19339,84140000,89970000
2026-09-16T00:08:12.745Z,50004,4000000,1562000000
2026-09-16T00:08:12.745Z,42834,127.7,477
2026-09-16T00:08:12.745Z,19039,264800000,293000000
2026-09-16T00:08:12.745Z,55693,0.01,127500
2026-09-16T00:08:12.745Z,45954,500600,1000000
2026-09-16T00:08:12.745Z,196,40,56.87
2026-09-16T00:08:12.745Z,47256,111,3900
2026-09-16T00:08:12.745Z,26376,61480000,96460000
2026-09-16T00:08:12.745Z,17732,309900000,341500000
2026-09-16T00:08:12.745Z,30375,11900,12260
2026-09-16T00:08:12.745Z,24495,60.18,67
2026-09-16T00:08:12.745Z,18881,891400000,960000000
2026-09-16T00:08:12.745Z,41332,1159000,1480000
2026-09-16T00:08:12.745Z,85397,21630,38620
2026-09-16T00:08:12.745Z,3958,323000000,416800000
2026-09-16T00:08:12.745Z,96328,810200,1899000
2026-09-16T00:08:12.745Z,632,6168000,8899000
2026-09-16T00:08:12.745Z,78333,85680000,85690000
2026-09-16T00:08:12.745Z,631,7116000,7596000
2026-09-16T00:08:12.745Z,31167,13300000,13770000
2026-09-16T00:08:12.745Z,3233,325900000,668900000
2026-09-16T00:08:12.745Z,96329,5500000,8669000
2026-09-16T00:08:12.745Z,47931,921,1502
2026-09-16T00:08:12.745Z,20421,90270,97260
2026-09-16T00:08:12.745Z,17526,25240000,26990000
2026-09-16T00:08:12.745Z,19055,36110000,42200000
2026-09-16T00:08:12.745Z,21086,390500,838400
2026-09-16T00:08:12.745Z,269,14,21.98
2026-09-16T00:08:12.745Z,19540,87530000,111600000
2026-09-16T00:08:12.745Z,56079,46320,97020
2026-09-16T00:08:12.745Z,2613,55.16,55.24
2026-09-16T00:08:12.745Z,27439,785.1,1292
2026-09-16T00:08:12.745Z,16002,186100,259900
2026-09-16T00:08:12.745Z,13283,21820,34250
2026-09-16T00:08:12.745Z,191,13.01,96.24
2026-09-16T00:08:12.745Z,47825,65630,103500
2026-09-16T00:08:12.745Z,48432,68270,139900
2026-09-16T00:08:12.745Z,31872,1151000,1200000
2026-09-16T00:08:12.745Z,27080,102600,725000
2026-09-16T00:08:12.745Z,57738,787100,1960000
2026-09-16T00:08:12.745Z,84170,520300,999500
2026-09-16T00:08:12.745Z,14104,34270000,47400000
2026-09-16T00:08:12.745Z,62552,2054,2190
2026-09-16T00:08:12.745Z,46521,5063000,42010000
2026-09-16T00:08:12.745Z,16236,1024000,1199000
2026-09-16T00:08:12.745Z,28810,230800000,258900000
2026-09-16T00:08:12.745Z,48582,56310000,61980000
2026-09-16T00:08:12.745Z,5363,5792,7000
2026-09-16T00:08:12.745Z,44,13110,13340
2026-09-16T00:08:12.745Z,23703,,2294000
2026-09-16T00:08:12.745Z,32248,1330000,2050000
2026-09-16T00:08:12.745Z,12791,151,162.1
2026-09-16T00:08:12.745Z,30254,560.1,618.8
2026-09-16T00:08:12.745Z,19921,158.5,6519
2026-09-16T00:08:12.745Z,11172,14640000,16390000
2026-09-16T00:08:12.745Z,48387,6079000,14490000
2026-09-16T00:08:12.745Z,188,14.27,29.19
2026-09-16T00:08:12.745Z,18973,52490000,73650000
2026-09-16T00:08:12.745Z,60464,9983000,10720000
2026-09-16T00:08:12.745Z,60751,10000,475900
2026-09-16T00:08:12.745Z,18975,157000000,157300000
2026-09-16T00:08:12.745Z,54434,22770000,63550000
2026-09-16T00:08:12.745Z,1319,293500,308900
2026-09-16T00:08:12.745Z,19208,225000000,244900000
2026-09-16T00:08:12.745Z,88365,32200000,98960000
2026-09-16T00:08:12.745Z,7293,5101,35870
2026-09-16T00:08:12.745Z,89647,67130000,70000000
2026-09-16T00:08:12.745Z,20539,70940000,92870000
2026-09-16T00:08:12.745Z,3092,557200000,626700000
2026-09-16T00:08:12.745Z,85178,894000,956300
2026-09-16T00:08:12.745Z,33571,248,548.8
2026-09-16T00:08:12.745Z,31874,1564000,1669000
2026-09-16T00:08:12.745Z,17181,2352000,5185000
2026-09-16T00:08:12.745Z,62648,66700,997000
2026-09-16T00:08:12.745Z,33332,12620,13490
2026-09-16T00:08:12.745Z,13809,16970000,25500000
2026-09-16T00:08:12.745Z,12743,95000000,99270000
2026-09-16T00:08:12.745Z,20158,107600000,115100000
2026-09-16T00:08:12.745Z,1557,34890,84690
2026-09-16T00:08:12.745Z,62400,8870,10060
2026-09-16T00:08:12.745Z,20531,100300000,169300000
2026-09-16T00:08:12.745Z,13285,181100,315000
2026-09-16T00:08:12.745Z,28678,1915000,2110000
2026-09-16T00:08:12.745Z,48121,95000,96470
2026-09-16T00:08:12.745Z,41456,291000000,353800000
2026-09-16T00:08:12.745Z,14204,123800000,128500000
2026-09-16T00:08:12.745Z,55545,33150,2998000
2026-09-16T00:08:12.745Z,94010,1226000000,1450000000
2026-09-16T00:08:12.745Z,47448,290100000,373200000
2026-09-16T00:08:12.745Z,44270,625,696
2026-09-16T00:08:12.745Z,33700,27810000,30090000
2026-09-16T00:08:12.745Z,18951,52900000,66820000
2026-09-16T00:08:12.745Z,47028,39120000,40480000
2026-09-16T00:08:12.745Z,47888,35850,47500
2026-09-16T00:08:12.745Z,14110,28090000,33980000
2026-09-16T00:08:12.745Z,31105,197100,261800
2026-09-16T00:08:12.745Z,23563,204200,254000
2026-09-16T00:08:12.745Z,47360,48910000,59910000
2026-09-16T00:08:12.745Z,21418,25.02,2624
2026-09-16T00:08:12.745Z,4254,714700,849000
2026-09-16T00:08:12.745Z,31726,23810000,30970000
2026-09-16T00:08:12.745Z,33820,856500000,929100000
2026-09-16T00:08:12.745Z,36911,37080000,44900000
2026-09-16T00:08:12.745Z,84521,162.1,488500
2026-09-16T00:08:12.745Z,9289,200000,249800
2026-09-16T00:08:12.745Z,37847,9471,12650
2026-09-16T00:08:12.745Z,32246,35120000,39030000
2026-09-16T00:08:12.745Z,26112,250000,496200
2026-09-16T00:08:12.745Z,90501,204100,450000
2026-09-16T00:08:12.745Z,2881,250500,250600
2026-09-16T00:08:12.745Z,20417,96470,96520
2026-09-16T00:08:12.745Z,11551,38530,42710
2026-09-16T00:08:12.745Z,11961,137200000,145800000
2026-09-16T00:08:12.745Z,13920,61180000,68790000
2026-09-16T00:08:12.745Z,2173,25300,29220
2026-09-16T00:08:12.745Z,62542,372.2,469
2026-09-16T00:08:12.745Z,84102,305100000,1615000000
2026-09-16T00:08:12.745Z,35949,35040000,39880000
2026-09-16T00:08:12.745Z,22134,17320000,24930000
2026-09-16T00:08:12.745Z,60301,1102000,1166000
2026-09-16T00:08:12.745Z,15905,30180000,37980000
2026-09-16T00:08:12.745Z,11554,48270,54940
2026-09-16T00:08:12.745Z,31059,12040000,12050000
2026-09-16T00:08:12.745Z,26436,7022000,7609000
2026-09-16T00:08:12.745Z,49728,5230000,6091000
2026-09-16T00:08:12.745Z,29039,842800,1429000
2026-09-16T00:08:12.745Z,23731,7117,9070
2026-09-16T00:08:12.745Z,21512,45400,26960000
2026-09-16T00:08:12.745Z,26380,4823000,7856000
2026-09-16T00:08:12.745Z,15881,22170000,31110000
2026-09-16T00:08:12.745Z,42800,1007000,9097000
2026-09-16T00:08:12.745Z,45800,23000000,42190000
2026-09-16T00:08:12.745Z,17887,591.5,607
2026-09-16T00:08:12.745Z,10631,298000,317600
2026-09-16T00:08:12.745Z,33336,16760,17400
2026-09-16T00:08:12.745Z,62398,7564,8479
2026-09-16T00:08:12.745Z,46325,391100000,399800000
2026-09-16T00:08:12.745Z,37482,47050000,51780000
2026-09-16T00:08:12.745Z,17922,207400000,232200000
2026-09-16T00:08:12.745Z,585,311000,492200
2026-09-16T00:08:12.745Z,11999,140900000,145200000
2026-09-16T00:08:12.745Z,11377,14430000,15400000
2026-09-16T00:08:12.745Z,29984,214900000,228000000
2026-09-16T00:08:12.745Z,62556,2284,4200
2026-09-16T00:08:12.745Z,17216,503.1,4500
2026-09-16T00:08:12.745Z,82184,4835000,6978000
2026-09-16T00:08:12.745Z,25600,42970,44400
2026-09-16T00:08:12.745Z,15889,37510000,41280000
2026-09-16T00:08:12.745Z,25924,,4558000
2026-09-16T00:08:12.745Z,18706,105800000,125000000
2026-09-16T00:08:12.745Z,18779,61960000,115900000
2026-09-16T00:08:12.745Z,1422,339900,413000
2026-09-16T00:08:12.745Z,14538,3920000000,6589000000
2026-09-16T00:08:12.745Z,34206,300500,300700
2026-09-16T00:08:12.745Z,47030,32600000,68390000
2026-09-16T00:08:12.745Z,45859,40000000,84380000
2026-09-16T00:08:12.745Z,20849,12060,188000
2026-09-16T00:08:12.745Z,16653,27040,27050
2026-09-16T00:08:12.745Z,45776,62000,500000
2026-09-16T00:08:12.745Z,9495,467600,531700
2026-09-16T00:08:12.745Z,84742,926600000,1095000000
2026-09-16T00:08:12.745Z,3157,3248000,5600000
2026-09-16T00:08:12.745Z,26104,0.02,2905000
2026-09-16T00:08:12.745Z,24486,45.27,90.59
2026-09-16T00:08:12.745Z,19553,182600000,191800000
2026-09-16T00:08:12.745Z,41309,390,90910
2026-09-16T00:08:12.745Z,23009,1345,1498
2026-09-16T00:08:12.745Z,25928,,1417000
2026-09-16T00:08:12.745Z,21890,41850000,46590000
2026-09-16T00:08:12.745Z,90475,44510000,51160000
2026-09-16T00:08:12.745Z,62588,22000,26290
2026-09-16T00:08:12.745Z,33450,1901000,2060000
2026-09-16T00:08:12.745Z,14154,4077000,4577000
2026-09-16T00:08:12.745Z,82347,40000,8699000
2026-09-16T00:08:12.745Z,399,7510,7511
2026-09-16T00:08:12.745Z,11648,1709000,2190000
2026-09-16T00:08:12.745Z,90496,141.4,5299
2026-09-16T00:08:12.745Z,81144,5033,5724
2026-09-16T00:08:12.745Z,17982,1251000,6978000
2026-09-16T00:08:12.745Z,40351,124600000,136600000
2026-09-16T00:08:12.745Z,2398,361,416.8
2026-09-16T00:08:12.745Z,21888,42530000,48160000
2026-09-16T00:08:12.745Z,28661,829000000,884200000
2026-09-16T00:08:12.745Z,2349,87380,101600
2026-09-16T00:08:12.745Z,4533,3365,6999
2026-09-16T00:08:12.745Z,17928,92390000,97830000
2026-09-16T00:08:12.745Z,28999,3001,16980
2026-09-16T00:08:12.745Z,16365,338400,377500
2026-09-16T00:08:12.745Z,44157,152600,2099000
2026-09-16T00:08:12.745Z,92453,187700000,296200000
2026-09-16T00:08:12.745Z,55832,67600,144900
2026-09-16T00:08:12.745Z,34126,220000000,234900000
2026-09-16T00:08:12.745Z,50132,1452,8996
2026-09-16T00:08:12.745Z,4312,17710,18150
2026-09-16T00:08:12.745Z,40561,18030000,26000000
2026-09-16T00:08:12.745Z,1230,11.28,12.64
2026-09-16T00:08:12.745Z,54396,680200000,748000000
2026-09-16T00:08:12.745Z,33522,25500000,31080000
2026-09-16T00:08:12.745Z,8133,5531,10830
2026-09-16T00:08:12.745Z,32780,3451000,3722000
2026-09-16T00:08:12.745Z,4399,3239000,4927000
2026-09-16T00:08:12.745Z,8433,1861000,2360000
2026-09-16T00:08:12.745Z,25902,0.02,10650000
2026-09-16T00:08:12.745Z,47770,137600,168500
2026-09-16T00:08:12.745Z,2567,1379000,1681000
2026-09-16T00:08:12.745Z,27423,1392,1461
2026-09-16T00:08:12.745Z,28811,384300000,434200000
2026-09-16T00:08:12.745Z,4529,2417,5988
2026-09-16T00:08:12.745Z,19814,736,6687
2026-09-16T00:08:12.745Z,3082,989100,1221000
2026-09-16T00:08:12.745Z,95275,600000000,889300000
2026-09-16T00:08:12.745Z,31430,510,51670
2026-09-16T00:08:12.745Z,17366,11550,28370
2026-09-16T00:08:12.745Z,55335,10000,320800
2026-09-16T00:08:12.745Z,23105,746300,799900
2026-09-16T00:08:12.745Z,19107,8346000,9487000
2026-09-16T00:08:12.745Z,11341,12320,18130
2026-09-16T00:08:12.745Z,85516,650000000,1421000000
2026-09-16T00:08:12.745Z,640,108600000,110000000
2026-09-16T00:08:12.745Z,27395,1450,1526
2026-09-16T00:08:12.745Z,91857,17120000,18290000
2026-09-16T00:08:12.745Z,20799,501200,550000
2026-09-16T00:08:12.745Z,31490,27230,96690
2026-09-16T00:08:12.745Z,33561,166300000,199300000
2026-09-16T00:08:12.745Z,20797,40080,165400
2026-09-16T00:08:12.745Z,14248,111100000,119000000
2026-09-16T00:08:12.745Z,33844,121900000,133000000
2026-09-16T00:08:12.745Z,2050,321800000,449900000
2026-09-16T00:08:12.745Z,17460,26.61,28.11
2026-09-16T00:08:12.745Z,18793,78340,133700
2026-09-16T00:08:12.745Z,85559,46030000,54910000
2026-09-16T00:08:12.745Z,5723,205900,220000
2026-09-16T00:08:12.745Z,10694,149300,218900
2026-09-16T00:08:12.745Z,57739,700000,1708000
2026-09-16T00:08:12.745Z,34328,750100000,1231000000
2026-09-16T00:08:12.745Z,52242,1535000000,1899000000
2026-09-16T00:08:12.745Z,31574,33380,216200
2026-09-16T00:08:12.745Z,20412,91250,94780
2026-09-16T00:08:12.745Z,62639,5065,1299000
2026-09-16T00:08:12.745Z,47764,2528,5439
2026-09-16T00:08:12.745Z,91972,7391000,10340000
2026-09-16T00:08:12.745Z,55607,2.03,249700
2026-09-16T00:08:12.745Z,62561,5465,6600
2026-09-16T00:08:12.745Z,22933,30440000,87350000
2026-09-16T00:08:12.745Z,85734,40000000,59820000
2026-09-16T00:08:12.745Z,26370,118400000,154300000
2026-09-16T00:08:12.745Z,18871,28190000,29900000
2026-09-16T00:08:12.745Z,41324,1924,2476
2026-09-16T00:08:12.745Z,4573,2019,22500
2026-09-16T00:08:12.745Z,12709,43000,43010
2026-09-16T00:08:12.745Z,16651,57530,60350
2026-09-16T00:08:12.745Z,21226,5610,99900
2026-09-16T00:08:12.745Z,12108,529000,713900
2026-09-16T00:08:12.745Z,47733,49250,164000
2026-09-16T00:08:12.745Z,15615,3579000,4028000
2026-09-16T00:08:12.745Z,47831,5049000,6767000
2026-09-16T00:08:12.745Z,17765,140100,494800
2026-09-16T00:08:12.745Z,19046,427600000,462700000
2026-09-16T00:08:12.745Z,630,10870000,12010000
2026-09-16T00:08:12.745Z,45956,201000,2000000
2026-09-16T00:08:12.745Z,41316,1145,1549
2026-09-16T00:08:12.745Z,18989,39010000,51280000
2026-09-16T00:08:12.745Z,23061,4969000,5496000
2026-09-16T00:08:12.745Z,25618,4773,5388
2026-09-16T00:08:12.745Z,87562,220300000,237500000
2026-09-16T00:08:12.745Z,31764,3019,23480
2026-09-16T00:08:12.745Z,37457,20000000,21500000
2026-09-16T00:08:12.745Z,25349,18040000,19680000
2026-09-16T00:08:12.745Z,47975,47950,53780
2026-09-16T00:08:12.745Z,13996,50000,87970
2026-09-16T00:08:12.745Z,4038,143800000,212900000
2026-09-16T00:08:12.745Z,4310,66100000,72530000
2026-09-16T00:08:12.745Z,29344,36550000,39630000
2026-09-16T00:08:12.745Z,11184,12540000,14300000
2026-09-16T00:08:12.745Z,238,182.6,237
2026-09-16T00:08:12.745Z,31644,70010,247700
2026-09-16T00:08:12.745Z,15895,71000000,75820000
2026-09-16T00:08:12.745Z,79186,30030000,36590000
2026-09-16T00:08:12.745Z,3422,151.5,79240
2026-09-16T00:08:12.745Z,62377,86460,92900
2026-09-16T00:08:12.745Z,31492,56000,465600
2026-09-16T00:08:12.745Z,27331,19.23,39.94
2026-09-16T00:08:12.745Z,47300,423,1090
2026-09-16T00:08:12.745Z,31368,512800000,791800000
2026-09-16T00:08:12.745Z,20189,1447000000,1510000000
2026-09-16T00:08:12.745Z,28698,81250,88210
2026-09-16T00:08:12.745Z,13933,25040000,30890000
2026-09-16T00:08:12.745Z,47889,2236000,2624000
2026-09-16T00:08:12.745Z,4409,20340,48880
2026-09-16T00:08:12.745Z,47752,4414000,5443000
2026-09-16T00:08:12.745Z,26253,145.6,1971
2026-09-16T00:08:12.745Z,16642,1962,2090
2026-09-16T00:08:12.745Z,54830,14110,533000
2026-09-16T00:08:12.745Z,14114,11870000,23980000
2026-09-16T00:08:12.745Z,78793,100000,980000
2026-09-16T00:08:12.745Z,33081,4010000000,7536000000
2026-09-16T00:08:12.745Z,47930,1084,1250
2026-09-16T00:08:12.745Z,2346,83000,86990
2026-09-16T00:08:12.745Z,1952,802300,977900
2026-09-16T00:08:12.745Z,18831,132300000,139600000
2026-09-16T00:08:12.745Z,21011,7615000,10250000
2026-09-16T00:08:12.745Z,93473,13310000,70000000
2026-09-16T00:08:12.745Z,57127,621100000,749900000
2026-09-16T00:08:12.745Z,31926,12660000,13220000
2026-09-16T00:08:12.745Z,19688,111100000,119800000
2026-09-16T00:08:12.745Z,3057,4862000,5289000
2026-09-16T00:08:12.745Z,4292,100400000,108100000
2026-09-16T00:08:12.745Z,6809,765800,2294000
2026-09-16T00:08:12.745Z,55653,60010,2000000
2026-09-16T00:08:12.745Z,16061,92230000,104900000
2026-09-16T00:08:12.745Z,8263,24100,43330
2026-09-16T00:08:12.745Z,62385,93750,96500
2026-09-16T00:08:12.745Z,27387,718.2,738.8
2026-09-16T00:08:12.745Z,41180,44030000,134400000
2026-09-16T00:08:12.745Z,54927,350000,6235000
2026-09-16T00:08:12.745Z,62534,106.9,116.5
2026-09-16T00:08:12.745Z,62558,3104,4570
2026-09-16T00:08:12.745Z,62532,90.25,107.5
2026-09-16T00:08:12.745Z,33472,854000000,907200000
2026-09-16T00:08:12.745Z,22444,261600000,272700000
2026-09-16T00:08:12.745Z,40563,21660000,24480000
2026-09-16T00:08:12.745Z,86144,3693000,6676000
2026-09-16T00:08:12.745Z,54786,8631,9000
2026-09-16T00:08:12.745Z,40334,9148,18530
2026-09-16T00:08:12.745Z,3192,562700000,657200000
2026-09-16T00:08:12.745Z,23023,597.1,784.3
2026-09-16T00:08:12.745Z,33476,53340000,56350000
2026-09-16T00:08:12.745Z,18797,5578000,6971000
2026-09-16T00:08:12.745Z,71726,50000000,742800000
2026-09-16T00:08:12.745Z,10208,17130000,17400000
2026-09-16T00:08:12.745Z,31906,7278000,8718000
2026-09-16T00:08:12.745Z,11563,259300,288600
2026-09-16T00:08:12.745Z,30832,843100,923600
2026-09-16T00:08:12.745Z,24395,202200,428300
2026-09-16T00:08:12.745Z,16391,385400,439200
2026-09-16T00:08:12.745Z,14170,66950000,74000000
2026-09-16T00:08:12.745Z,13935,104200000,114300000
2026-09-16T00:08:12.745Z,57451,17100000,18990000
2026-09-16T00:08:12.745Z,30372,8331,8529
2026-09-16T00:08:12.745Z,18819,537200000,626500000
2026-09-16T00:08:12.745Z,23142,40780,499600
2026-09-16T00:08:12.745Z,10226,90600000,97400000
2026-09-16T00:08:12.745Z,45774,258700,1500000
2026-09-16T00:08:12.745Z,90482,3504,7490
2026-09-16T00:08:12.745Z,62587,21000,27220
2026-09-16T00:08:12.745Z,34677,50000,16890000
2026-09-16T00:08:12.745Z,56855,3020000,5677000
2026-09-16T00:08:12.745Z,12235,132100000,465200000
2026-09-16T00:08:12.745Z,18827,61500000,74230000
2026-09-16T00:08:12.745Z,4033,37640000,53000000
2026-09-16T00:08:12.745Z,62405,54510,59300
2026-09-16T00:08:12.745Z,26326,26030000,65660000
2026-09-16T00:08:12.745Z,23013,705.5,2979
2026-09-16T00:08:12.745Z,12618,21.06,28.88
2026-09-16T00:08:12.745Z,45775,3568,3000000
2026-09-16T00:08:12.745Z,49434,5043000,11760000
2026-09-16T00:08:12.745Z,20157,75450000,80000000
2026-09-16T00:08:12.745Z,84406,697.7,44850
2026-09-16T00:08:12.745Z,42205,46560000,51220000
2026-09-16T00:08:12.745Z,56294,75390000,80000000
2026-09-16T00:08:12.745Z,92375,171400,349900
2026-09-16T00:08:12.745Z,17463,19.17,20
2026-09-16T00:08:12.745Z,62675,0.01,1217000000
2026-09-16T00:08:12.745Z,6005,2385,4150
2026-09-16T00:08:12.745Z,34684,51330,10000000
2026-09-16T00:08:12.745Z,19038,145600000,272100000
2026-09-16T00:08:12.745Z,14108,43860000,51630000
2026-09-16T00:08:12.745Z,47818,88790000,93770000
2026-09-16T00:08:12.745Z,47776,1027000,1380000
2026-09-16T00:08:12.745Z,90472,403.8,9899
2026-09-16T00:08:12.745Z,27339,2106,2226
2026-09-16T00:08:12.745Z,24499,62.03,69
2026-09-16T00:08:12.745Z,2571,1023000,1336000
2026-09-16T00:08:12.745Z,24698,47200000,50000000
2026-09-16T00:08:12.745Z,85542,390800,4697000
2026-09-16T00:08:12.745Z,53986,9120000,14870000
2026-09-16T00:08:12.745Z,14025,13860,92790
2026-09-16T00:08:12.745Z,31790,1192000,1291000
2026-09-16T00:08:12.745Z,41031,2855,4847
2026-09-16T00:08:12.745Z,6001,23090,28950
2026-09-16T00:08:12.745Z,53902,25760000,53000000
2026-09-16T00:08:12.745Z,76964,1808000,13410000
2026-09-16T00:08:12.745Z,90396,1670000000,3800000000
2026-09-16T00:08:12.745Z,84337,400000,14500000
2026-09-16T00:08:12.745Z,6637,34010,50000
2026-09-16T00:08:12.745Z,17205,1112000,1489000
2026-09-16T00:08:12.745Z,30988,,650000
2026-09-16T00:08:12.745Z,5403,18620,23820
2026-09-16T00:08:12.745Z,13972,3711000,3965000
2026-09-16T00:08:12.745Z,13221,10960000,17260000
2026-09-16T00:08:12.745Z,36833,0.01,25000000000
2026-09-16T00:08:12.745Z,36826,0.01,5000000000
2026-09-16T00:08:12.745Z,73796,18560000,19660000
2026-09-16T00:08:12.745Z,27094,505300,776500
2026-09-16T00:08:12.745Z,33101,1411000,1608000
2026-09-16T00:08:12.745Z,44260,534.9,1049
2026-09-16T00:08:12.745Z,53461,700.1,995
2026-09-16T00:08:12.745Z,33949,179700000,241400000
2026-09-16T00:08:12.745Z,23099,286200,462400
2026-09-16T00:08:12.745Z,31374,19630000,23000000
2026-09-16T00:08:12.745Z,85540,817800,3999000
2026-09-16T00:08:12.745Z,1875,1304,59100
2026-09-16T00:08:12.745Z,22428,756900000,816700000
2026-09-16T00:08:12.745Z,79732,123600,2699000
2026-09-16T00:08:12.745Z,58904,48060000,53820000
2026-09-16T00:08:12.745Z,60307,240300,1069000
2026-09-16T00:08:12.745Z,57482,73080000,89990000
2026-09-16T00:08:12.745Z,47897,200000,291900
2026-09-16T00:08:12.745Z,17769,26580,38830
2026-09-16T00:08:12.745Z,54971,7114,7796
2026-09-16T00:08:12.745Z,42836,305,494.8
2026-09-16T00:08:12.745Z,18608,1001000,1200000
2026-09-16T00:08:12.745Z,16227,40020000,44740000
2026-09-16T00:08:12.745Z,85153,1405000,2974000
2026-09-16T00:08:12.745Z,16433,4100,16980
2026-09-16T00:08:12.745Z,55308,1000,218500
2026-09-16T00:08:12.745Z,23141,35010,658000
2026-09-16T00:08:12.745Z,18913,107100000,151700000
2026-09-16T00:08:12.745Z,91242,64230000,124900000
2026-09-16T00:08:12.745Z,13982,11840000,14890000
2026-09-16T00:08:12.745Z,90322,15210000,34900000
2026-09-16T00:08:12.745Z,94133,10000,89750
2026-09-16T00:08:12.745Z,3194,75100000,90000000
2026-09-16T00:08:12.745Z,33454,10680000000,12000000000
2026-09-16T00:08:12.745Z,32027,175400,799400
2026-09-16T00:08:12.745Z,62557,3513,4325
2026-09-16T00:08:12.745Z,17464,20.75,22.82
2026-09-16T00:08:12.745Z,4306,53310000,65140000
2026-09-16T00:08:12.745Z,2514,3.01,9.03
2026-09-16T00:08:12.745Z,2358,88280,100000
2026-09-16T00:08:12.745Z,642,140500000,154800000
2026-09-16T00:08:12.745Z,62563,5939,7289
2026-09-16T00:08:12.745Z,85152,1802000,6446000
2026-09-16T00:08:12.745Z,31370,153800,197000
2026-09-16T00:08:12.745Z,31159,213200,264900
2026-09-16T00:08:12.745Z,14998,3136000000,5000000000
2026-09-16T00:08:12.745Z,15597,4676,13970
2026-09-16T00:08:12.745Z,33942,77250000,97300000
2026-09-16T00:08:12.745Z,41219,29840000,44510000
2026-09-16T00:08:12.745Z,43519,53140000,99500000
2026-09-16T00:08:12.745Z,14512,3750000000,4500000000
2026-09-16T00:08:12.745Z,41459,290000000,338400000
2026-09-16T00:08:12.745Z,31161,1176000,1272000
2026-09-16T00:08:12.745Z,13995,461000,871600
2026-09-16T00:08:12.745Z,37292,188600000,202800000
2026-09-16T00:08:12.745Z,14770,235900000,359600000
2026-09-16T00:08:12.745Z,20416,93900,96990
2026-09-16T00:08:12.745Z,33840,3247000000,3667000000
2026-09-16T00:08:12.745Z,438,1578000,1710000
2026-09-16T00:08:12.745Z,7669,38590,185000
2026-09-16T00:08:12.745Z,89689,13100000,16990000
2026-09-16T00:08:12.745Z,19147,20520000,22360000
2026-09-16T00:08:12.745Z,18795,71420,168800
2026-09-16T00:08:12.745Z,45829,101000,1000000
2026-09-16T00:08:12.745Z,31642,313600000,366000000
2026-09-16T00:08:12.745Z,3540,1749000,1959000
2026-09-16T00:08:12.745Z,11452,9850000,12390000
2026-09-16T00:08:12.745Z,7449,481200,481300
2026-09-16T00:08:12.745Z,40346,12740000,15970000
2026-09-16T00:08:12.745Z,20525,126500000,185000000
2026-09-16T00:08:12.745Z,34276,9938000,11640000
2026-09-16T00:08:12.745Z,90459,881400,1179000
2026-09-16T00:08:12.745Z,13219,10910000,17180000
2026-09-16T00:08:12.745Z,85400,23120,38740
2026-09-16T00:08:12.745Z,49725,7023000,8072000
2026-09-16T00:08:12.745Z,23824,40150000,59940000
2026-09-16T00:08:12.745Z,26088,5507000,5786000
2026-09-16T00:08:12.745Z,42833,551.1,640
2026-09-16T00:08:12.745Z,1999,702500,795900
2026-09-16T00:08:12.745Z,11267,167600,222100
2026-09-16T00:08:12.745Z,13965,11500000,16700000
2026-09-16T00:08:12.745Z,20577,4034000,6289000
2026-09-16T00:08:12.745Z,62520,20.56,21.92
2026-09-16T00:08:12.745Z,22133,4801000,6992000
2026-09-16T00:08:12.745Z,24539,603.1,669.5
2026-09-16T00:08:12.745Z,46004,141700,166200
2026-09-16T00:08:12.745Z,2078,198000000,227800000
2026-09-16T00:08:12.745Z,17209,1336,1337
2026-09-16T00:08:12.745Z,62625,13550000,16160000
2026-09-16T00:08:12.745Z,60925,11290000,97970000
2026-09-16T00:08:12.745Z,19011,17620000,25550000
2026-09-16T00:08:12.745Z,31017,8066000,9291000
2026-09-16T00:08:12.745Z,57149,620.1,820
2026-09-16T00:08:12.745Z,14272,35430,78430
2026-09-16T00:08:12.745Z,60924,20000000,42450000
2026-09-16T00:08:12.745Z,12620,9.5,15.5
2026-09-16T00:08:12.745Z,49724,1810000,2058000
2026-09-16T00:08:12.745Z,33816,71950000,74990000
2026-09-16T00:08:12.745Z,25615,44090,56940
2026-09-16T00:08:12.745Z,14017,500,12350
2026-09-16T00:08:12.745Z,31444,56940,496800
2026-09-16T00:08:12.745Z,14005,507,88880
2026-09-16T00:08:12.745Z,54541,175400000,257000000
2026-09-16T00:08:12.745Z,50149,10000000,13410000
2026-09-16T00:08:12.745Z,81826,668500000,749200000
2026-09-16T00:08:12.745Z,27108,15380000,17410000
2026-09-16T00:08:12.745Z,27130,102200000,120100000
2026-09-16T00:08:12.745Z,652,1344000,1800000
2026-09-16T00:08:12.745Z,25954,7293000,8597000
2026-09-16T00:08:12.745Z,24537,465,678.4
2026-09-16T00:08:12.745Z,3125,4667000,8199000
2026-09-16T00:08:12.745Z,27227,111400000,124800000
2026-09-16T00:08:12.745Z,31890,1610000,2145000
2026-09-16T00:08:12.745Z,11543,5753,6891
2026-09-16T00:08:12.745Z,64034,225100000,289500000
2026-09-16T00:08:12.745Z,45630,30170000,34700000
2026-09-16T00:08:12.745Z,20735,1028,3994
2026-09-16T00:08:12.745Z,56708,84.05,159.3
2026-09-16T00:08:12.745Z,1256,384900,433900
2026-09-16T00:08:12.745Z,3705,59.04,950
2026-09-16T00:08:12.745Z,31107,723900,1003000
2026-09-16T00:08:12.745Z,10244,9141000,19020000
2026-09-16T00:08:12.745Z,12614,35.01,39.93
2026-09-16T00:08:12.745Z,90495,100,2496
2026-09-16T00:08:12.745Z,90490,41210,295000
2026-09-16T00:08:12.745Z,92383,25980000,339100000
2026-09-16T00:08:12.745Z,3275,68200000,97740000
2026-09-16T00:08:12.745Z,62380,88270,109100
2026-09-16T00:08:12.745Z,22128,169100000,184000000
2026-09-16T00:08:12.745Z,19699,19970000,23410000
2026-09-16T00:08:12.745Z,52562,6877000,49730000
2026-09-16T00:08:12.745Z,53713,609400000,649900000
2026-09-16T00:08:12.745Z,90469,80400000,104600000
2026-09-16T00:08:12.745Z,20418,95390,97990
2026-09-16T00:08:12.745Z,30308,11830,13160
2026-09-16T00:08:12.745Z,45621,31620000,36910000
2026-09-16T00:08:12.745Z,63778,1001,144900
2026-09-16T00:08:12.745Z,13986,2000000,2628000
2026-09-16T00:08:12.745Z,57731,1364000,4993000
2026-09-16T00:08:12.745Z,19053,24080000,30440000
2026-09-16T00:08:12.745Z,48434,1722000,2169000
2026-09-16T00:08:12.745Z,657,1990000,2212000
2026-09-16T00:08:12.745Z,12747,144100000,161100000
2026-09-16T00:08:12.745Z,45608,34720000,37760000
2026-09-16T00:08:12.745Z,23113,628700,711500
2026-09-16T00:08:12.745Z,31466,100,44980
2026-09-16T00:08:12.745Z,33848,80170000,96950000
2026-09-16T00:08:12.745Z,24702,48950000,54000000
2026-09-16T00:08:12.745Z,36732,0.01,599900000
2026-09-16T00:08:12.745Z,692,45080000,89900000
2026-09-16T00:08:12.745Z,62454,864.9,1157
2026-09-16T00:08:12.745Z,76238,267300000,2748000000
2026-09-16T00:08:12.745Z,62559,3907,4869
2026-09-16T00:08:12.745Z,37600,16000000,18080000
2026-09-16T00:08:12.745Z,2341,153000,646800
2026-09-16T00:08:12.745Z,23525,225400,277200
2026-09-16T00:08:12.745Z,11379,19950000,19960000
2026-09-16T00:08:12.745Z,1276,14600,189100
2026-09-16T00:08:12.745Z,3244,952300,1034000
2026-09-16T00:08:12.745Z,29001,8011,20020
2026-09-16T00:08:12.745Z,87602,52110,5000000
2026-09-16T00:08:12.745Z,27186,25000000,27660000
2026-09-16T00:08:12.745Z,49146,96100000,399000000
2026-09-16T00:08:12.745Z,19200,144600000,156300000
2026-09-16T00:08:12.745Z,62568,4266,4730
2026-09-16T00:08:12.745Z,16639,472.1,519.3
2026-09-16T00:08:12.745Z,33027,82000000,123100000
2026-09-16T00:08:12.745Z,87507,2672000,6944000
2026-09-16T00:08:12.745Z,18899,51900000,80470000
2026-09-16T00:08:12.745Z,3465,70000,108400
2026-09-16T00:08:12.745Z,45875,7137,848500
2026-09-16T00:08:12.745Z,33830,2080000,9082000
2026-09-16T00:08:12.745Z,17207,31290000,36270000
2026-09-16T00:08:12.745Z,18710,178400000,197000000
2026-09-16T00:08:12.745Z,41493,104800000,112000000
2026-09-16T00:08:12.745Z,31484,730800,997300
2026-09-16T00:08:12.745Z,62564,3229,3833
2026-09-16T00:08:12.745Z,54393,305700000,348700000
2026-09-16T00:08:12.745Z,33957,61050000,71900000
2026-09-16T00:08:12.745Z,19185,291900000,347400000
2026-09-16T00:08:12.745Z,230,72.42,82.47
2026-09-16T00:08:12.745Z,63785,64600,948600
2026-09-16T00:08:12.745Z,48422,440000,989700
2026-09-16T00:08:12.745Z,18,28,33
2026-09-16T00:08:12.745Z,15957,7501000,10790000
2026-09-16T00:08:12.745Z,27341,61640,191800
2026-09-16T00:08:12.745Z,19695,90570000,99760000
2026-09-16T00:08:12.745Z,34282,13230000,14920000
2026-09-16T00:08:12.745Z,60766,57760000,71880000
2026-09-16T00:08:12.745Z,17668,1213,3484
2026-09-16T00:08:12.745Z,2195,1562000,1605000
2026-09-16T00:08:12.745Z,180,6.56,11.98
2026-09-16T00:08:12.745Z,448,1159000,1229000
2026-09-16T00:08:12.745Z,52296,606900,5886000
2026-09-16T00:08:12.745Z,25956,17800000,19190000
2026-09-16T00:08:12.745Z,45614,33550000,36340000
2026-09-16T00:08:12.745Z,27399,15070,53700
2026-09-16T00:08:12.745Z,79741,24220000,39990000
2026-09-16T00:08:12.745Z,48543,262000000,480000000
2026-09-16T00:08:12.745Z,20971,15.31,817
2026-09-16T00:08:12.745Z,37452,55000000,62680000
2026-09-16T00:08:12.745Z,1447,365600,417000
2026-09-16T00:08:12.745Z,48436,269600,1099000
2026-09-16T00:08:12.745Z,31412,2369000,3015000
2026-09-16T00:08:12.745Z,46967,58300,6383000
2026-09-16T00:08:12.745Z,46926,521200,5006000
2026-09-16T00:08:12.745Z,46849,535200,15460000
2026-09-16T00:08:12.745Z,28294,432200,530000
2026-09-16T00:08:12.745Z,28274,228100,318000
2026-09-16T00:08:12.745Z,31876,1959000,2048000
2026-09-16T00:08:12.745Z,19247,12050000,16880000
2026-09-16T00:08:12.745Z,49741,58110000,62860000
2026-09-16T00:08:12.745Z,27239,151900000,170100000
2026-09-16T00:08:12.745Z,10692,12250,24980
2026-09-16T00:08:12.745Z,20779,14220,29680
2026-09-16T00:08:12.745Z,90404,837200000,1798000000
2026-09-16T00:08:12.745Z,22474,256200000,271700000
2026-09-16T00:08:12.745Z,57317,37500000,45900000
2026-09-16T00:08:12.745Z,30633,131700,220000
2026-09-16T00:08:12.745Z,28752,130800000,143800000
2026-09-16T00:08:12.745Z,31013,15000000,30990000
2026-09-16T00:08:12.745Z,16527,404100,534700
2026-09-16T00:08:12.745Z,40349,49020000,52260000
2026-09-16T00:08:12.745Z,45601,37160000,39160000
2026-09-16T00:08:12.745Z,14130,5514000,6682000
2026-09-16T00:08:12.745Z,31175,148800000,299300000
2026-09-16T00:08:12.745Z,22127,105100000,112100000
2026-09-16T00:08:12.745Z,85491,76100000,211700000
2026-09-16T00:08:12.745Z,3566,2141,6998
2026-09-16T00:08:12.745Z,22129,66050000,72200000
2026-09-16T00:08:12.745Z,15649,60100,149900
2026-09-16T00:08:12.745Z,14703,2378000000,2900000000
2026-09-16T00:08:12.745Z,12731,139500000,147700000
2026-09-16T00:08:12.745Z,40565,24380000,31290000
2026-09-16T00:08:12.745Z,19929,15670,15680
2026-09-16T00:08:12.745Z,18947,242800000,291700000
2026-09-16T00:08:12.745Z,33838,1431000000,1898000000
2026-09-16T00:08:12.745Z,27914,1511000,1645000
2026-09-16T00:08:12.745Z,47699,91670,150000
2026-09-16T00:08:12.745Z,28850,6105000000,6485000000
2026-09-16T00:08:12.745Z,43849,45380000,61920000
2026-09-16T00:08:12.745Z,54397,451000000,1125000000
2026-09-16T00:08:12.745Z,26308,8804,9969000
2026-09-16T00:08:12.745Z,43556,1761000,1986000
2026-09-16T00:08:12.745Z,13815,13570000,23400000
2026-09-16T00:08:12.745Z,84519,5000,119500
2026-09-16T00:08:12.745Z,5051,53560,114000
2026-09-16T00:08:12.745Z,186,5.13,24.89
2026-09-16T00:08:12.745Z,31544,2120000,2746000
2026-09-16T00:08:12.745Z,23162,30.49,30.5
2026-09-16T00:08:12.745Z,82467,40090,8628000
2026-09-16T00:08:12.745Z,28375,19170000,33990000
2026-09-16T00:08:12.745Z,46006,13820000,17070000
2026-09-16T00:08:12.745Z,21510,23240000,29490000
2026-09-16T00:08:12.745Z,54399,139900000,163400000
2026-09-16T00:08:12.745Z,21898,425.3,469.4
2026-09-16T00:08:12.745Z,43551,1741000,2053000
2026-09-16T00:08:12.745Z,31562,110400,184600
2026-09-16T00:08:12.745Z,16537,11870000,13660000
2026-09-16T00:08:12.745Z,13001,1241000,1588000
2026-09-16T00:08:12.745Z,11192,16930000,19140000
2026-09-16T00:08:12.745Z,9622,22510,25800
2026-09-16T00:08:12.745Z,32949,906000000,2197000000
2026-09-16T00:08:12.745Z,23003,450.5,1699
2026-09-16T00:08:12.745Z,208,62.81,62.82
2026-09-16T00:08:12.745Z,31728,6000,29690
2026-09-16T00:08:12.745Z,84740,206100000,385100000
2026-09-16T00:08:12.745Z,37546,600500,977600
2026-09-16T00:08:12.745Z,23133,47340,210000
2026-09-16T00:08:12.745Z,57472,18600000,21070000
2026-09-16T00:08:12.745Z,47318,6600000,34690000
2026-09-16T00:08:12.745Z,41058,51280000,56480000
2026-09-16T00:08:12.745Z,60475,3700000,4191000
2026-09-16T00:08:12.745Z,17215,82770,250000
2026-09-16T00:08:12.745Z,45597,29030000,35130000
2026-09-16T00:08:12.745Z,31902,30100000,35910000
2026-09-16T00:08:12.745Z,49803,115700,3967000
2026-09-16T00:08:12.745Z,53301,5005,11930
2026-09-16T00:08:12.745Z,40633,664100000,858200000
2026-09-16T00:08:12.745Z,27319,11.98,25.99
2026-09-16T00:08:12.745Z,60467,923000,1000000
2026-09-16T00:08:12.745Z,3074,582400,598700
2026-09-16T00:08:12.745Z,3775,12540,13200
2026-09-16T00:08:12.745Z,31774,10240000,17650000
2026-09-16T00:08:12.745Z,40660,49150000,57710000
2026-09-16T00:08:12.745Z,47907,23400000,25000000
2026-09-16T00:08:12.745Z,28646,6277000,6854000
2026-09-16T00:08:12.745Z,90486,367200,820000
2026-09-16T00:08:12.745Z,3238,83990000,99540000
2026-09-16T00:08:12.745Z,47814,4749000,7896000
2026-09-16T00:08:12.745Z,40696,129500000,189500000
2026-09-16T00:08:12.745Z,45592,36430000,40310000
2026-09-16T00:08:12.745Z,13937,104300000,114700000
2026-09-16T00:08:12.745Z,60476,362800000,408200000
2026-09-16T00:08:12.745Z,25611,104500,113500
2026-09-16T00:08:12.745Z,47871,36230,84600
2026-09-16T00:08:12.745Z,5091,5860,6898
2026-09-16T00:08:12.745Z,20183,820000000,1495000000
2026-09-16T00:08:12.745Z,17190,260300,1099000
2026-09-16T00:08:12.745Z,42526,292300,690000
2026-09-16T00:08:12.745Z,19283,9750000,12500000
2026-09-16T00:08:12.745Z,20445,,46600000
2026-09-16T00:08:12.745Z,47647,61310,889100
2026-09-16T00:08:12.745Z,28812,138400000,155300000
2026-09-16T00:08:12.745Z,3144,3794000,6794000
2026-09-16T00:08:12.745Z,20065,200000000,253000000
2026-09-16T00:08:12.745Z,13267,6859,9498
2026-09-16T00:08:12.745Z,33559,133600000,161700000
2026-09-16T00:08:12.745Z,13929,59870000,68880000
2026-09-16T00:08:12.745Z,28809,94540000,109900000
2026-09-16T00:08:12.745Z,4225,16190000,29350000
2026-09-16T00:08:12.745Z,2344,64700,69660
2026-09-16T00:08:12.745Z,49797,878.5,1979000
2026-09-16T00:08:12.745Z,47813,72740,297400
2026-09-16T00:08:12.745Z,9943,7429000,8224000
2026-09-16T00:08:12.745Z,30754,5103000,6000000
2026-09-16T00:08:12.745Z,3319,501.1,89880
2026-09-16T00:08:12.745Z,12532,9030000,10890000
2026-09-16T00:08:12.745Z,11319,305700,343300
2026-09-16T00:08:12.745Z,21918,1094,1176
2026-09-16T00:08:12.745Z,31061,301000000,345300000
2026-09-16T00:08:12.745Z,1224,23.25,27.83
2026-09-16T00:08:12.745Z,31238,33790,64960
2026-09-16T00:08:12.745Z,31868,2828000,3988000
2026-09-16T00:08:12.745Z,57008,509700,2387000
2026-09-16T00:08:12.745Z,46923,300300,3099000
2026-09-16T00:08:12.745Z,14264,81470000,96860000
2026-09-16T00:08:12.745Z,33983,13280000,14360000
2026-09-16T00:08:12.745Z,13786,5110000,16830000
2026-09-16T00:08:12.745Z,3687,391,794
2026-09-16T00:08:12.745Z,18883,782200000,859200000
2026-09-16T00:08:12.745Z,21572,165500,863800
2026-09-16T00:08:12.745Z,24556,20020000,27510000
2026-09-16T00:08:12.745Z,13825,4611000,12990000
2026-09-16T00:08:12.745Z,57468,153400,352800
2026-09-16T00:08:12.745Z,58903,10000000,49970000
2026-09-16T00:08:12.745Z,46866,1551000,10000000
2026-09-16T00:08:12.745Z,13263,12730000,15030000
2026-09-16T00:08:12.745Z,22229,5231000,5348000
2026-09-16T00:08:12.745Z,15806,81020000,89820000
2026-09-16T00:08:12.745Z,30562,132100,377000
2026-09-16T00:08:12.745Z,19057,44810000,49570000
2026-09-16T00:08:12.745Z,18935,73960000,92990000
2026-09-16T00:08:12.745Z,3265,5605000,6338000
2026-09-16T00:08:12.745Z,22124,296000000,329700000
2026-09-16T00:08:12.745Z,45582,406500,145000000
2026-09-16T00:08:12.745Z,2605,212500,227000
2026-09-16T00:08:12.745Z,12068,2852000,3289000
2026-09-16T00:08:12.745Z,27427,281.4,560.4
2026-09-16T00:08:12.745Z,31432,0.01,358000
2026-09-16T00:08:12.745Z,31117,51000,61000
2026-09-16T00:08:12.745Z,31165,2700000,2844000
2026-09-16T00:08:12.745Z,37481,38270000,42950000
2026-09-16T00:08:12.745Z,20010,2115,92000
2026-09-16T00:08:12.745Z,27359,1957,2036
2026-09-16T00:08:12.745Z,18955,60850000,80930000
2026-09-16T00:08:12.745Z,1539,22050,22060
2026-09-16T00:08:12.745Z,49705,21140,499700
2026-09-16T00:08:12.745Z,79736,131100,3098000
2026-09-16T00:08:12.745Z,20161,792000000,944500000
2026-09-16T00:08:12.745Z,57009,361500,3239000
2026-09-16T00:08:12.745Z,28808,71310000,83650000
2026-09-16T00:08:12.745Z,11539,35150,42560
2026-09-16T00:08:12.745Z,54437,1922000,41750000
2026-09-16T00:08:12.745Z,54400,197700000,217600000
2026-09-16T00:08:12.745Z,15683,108000000,114000000
2026-09-16T00:08:12.745Z,55618,0.01,145000
2026-09-16T00:08:12.745Z,20747,3525,4517
2026-09-16T00:08:12.745Z,33092,1013,10000
2026-09-16T00:08:12.745Z,22456,36050000,39980000
2026-09-16T00:08:12.745Z,3342,5000,522600
2026-09-16T00:08:12.745Z,27361,733.1,757.1
2026-09-16T00:08:12.745Z,79724,255000,1749000
2026-09-16T00:08:12.745Z,182,9.21,10.73
2026-09-16T00:08:12.745Z,26298,79690000,99030000
2026-09-16T00:08:12.745Z,11400,16220000,16710000
2026-09-16T00:08:12.745Z,26288,56910000,62400000
2026-09-16T00:08:12.745Z,3446,316.5,1160
2026-09-16T00:08:12.745Z,9582,1300,4376
2026-09-16T00:08:12.745Z,85655,3503000,11400000
2026-09-16T00:08:12.745Z,3276,499000000,732900000
2026-09-16T00:08:12.745Z,15872,452200,1000000
2026-09-16T00:08:12.745Z,2312,13340,13800
2026-09-16T00:08:12.745Z,62032,300,17000
2026-09-16T00:08:12.745Z,25952,,3207000
2026-09-16T00:08:12.745Z,21791,710.3,9969
2026-09-16T00:08:12.745Z,14638,2607000000,3150000000
2026-09-16T00:08:12.745Z,79715,514200,2499000
2026-09-16T00:08:12.745Z,19191,436400000,468400000
2026-09-16T00:08:12.745Z,25709,19100,19110
2026-09-16T00:08:12.745Z,14415,200000000,400000000
2026-09-16T00:08:12.745Z,10868,8953,8954
2026-09-16T00:08:12.745Z,45836,19010,4000000
2026-09-16T00:08:12.745Z,47905,1696000,1940000
2026-09-16T00:08:12.745Z,88649,1005000,12900000
2026-09-16T00:08:12.745Z,61127,2003000,29930000
2026-09-16T00:08:12.745Z,32307,381000000,419300000
2026-09-16T00:08:12.745Z,55337,11.02,93900
2026-09-16T00:08:12.745Z,89662,29250000,68750000
2026-09-16T00:08:12.745Z,4247,18330,18960
2026-09-16T00:08:12.745Z,83467,2083000,2306000
2026-09-16T00:08:12.745Z,92954,18030,24990
2026-09-16T00:08:12.745Z,634,8410000,11230000
2026-09-16T00:08:12.745Z,37299,222900000,263100000
2026-09-16T00:08:12.745Z,5975,7321,9099
2026-09-16T00:08:12.745Z,45770,177700,500000
2026-09-16T00:08:12.745Z,17930,53020000,56940000
2026-09-16T00:08:12.745Z,78785,111000,2490000
2026-09-16T00:08:12.745Z,33330,5250,5820
2026-09-16T00:08:12.745Z,11355,3728,18990
2026-09-16T00:08:12.745Z,34102,335800000,649000000
2026-09-16T00:08:12.745Z,56850,587600000,650000000
2026-09-16T00:08:12.745Z,4345,465200000,499200000
2026-09-16T00:08:12.745Z,76175,15080000,100800000
2026-09-16T00:08:12.745Z,27419,974.3,1076
2026-09-16T00:08:12.745Z,81008,13680000,14710000
2026-09-16T00:08:12.745Z,91396,2400000,19820000
2026-09-16T00:08:12.745Z,27433,368,972
2026-09-16T00:08:12.745Z,14296,3495000,3980000
2026-09-16T00:08:12.745Z,31880,1080000,1208000
2026-09-16T00:08:12.745Z,52915,107300000,117600000
2026-09-16T00:08:12.745Z,9950,1752000,2498000
2026-09-16T00:08:12.745Z,14124,22170000,26800000
2026-09-16T00:08:12.745Z,28435,360000,467700
2026-09-16T00:08:12.745Z,19183,118400000,129900000
2026-09-16T00:08:12.745Z,31330,11110000,13350000
2026-09-16T00:08:12.745Z,23059,4343000,5040000
2026-09-16T00:08:12.745Z,30328,500,40000
2026-09-16T00:08:12.745Z,31946,38540000,42560000
2026-09-16T00:08:12.745Z,89648,18310000,20950000
2026-09-16T00:08:12.745Z,26322,55250000,62870000
2026-09-16T00:08:12.745Z,13922,95410000,109000000
2026-09-16T00:08:12.745Z,90651,240100,9981000
2026-09-16T00:08:12.745Z,62392,107500,135000
2026-09-16T00:08:12.745Z,31300,100400,235200
2026-09-16T00:08:12.745Z,45595,36240000,39480000
2026-09-16T00:08:12.745Z,20410,93210,99680
2026-09-16T00:08:12.745Z,18879,26120000,30880000
2026-09-16T00:08:12.745Z,21474,52220000,89500000
2026-09-16T00:08:12.745Z,643,137600000,150800000
2026-09-16T00:08:12.745Z,1541,516400,589900
2026-09-16T00:08:12.745Z,31916,20910000,26690000
2026-09-16T00:08:12.745Z,3392,480,480.1
2026-09-16T00:08:12.745Z,17623,1344,13000
2026-09-16T00:08:12.745Z,11642,1701000,1844000
2026-09-16T00:08:12.745Z,56863,551300,14460000
2026-09-16T00:08:12.745Z,22110,110600000,127700000
2026-09-16T00:08:12.745Z,85398,8722,12060
2026-09-16T00:08:12.745Z,85316,427100,427200
2026-09-16T00:08:12.745Z,90471,40680,231900
2026-09-16T00:08:12.745Z,45777,400000,500000
2026-09-16T00:08:12.745Z,56136,10520,22460
2026-09-16T00:08:12.745Z,31954,18420000,36350000
2026-09-16T00:08:12.745Z,31816,303.4,150100
2026-09-16T00:08:12.745Z,27127,442300,705800
2026-09-16T00:08:12.745Z,628,8008000,9071000
2026-09-16T00:08:12.745Z,28676,200500,1923000
2026-09-16T00:08:12.745Z,12011,94830000,108200000
2026-09-16T00:08:12.745Z,16233,47060000,53520000
2026-09-16T00:08:12.745Z,48896,338300000,518400000
2026-09-16T00:08:12.745Z,33555,87070000,122500000
2026-09-16T00:08:12.745Z,31262,20510,92040
2026-09-16T00:08:12.745Z,22470,291300000,312500000
2026-09-16T00:08:12.745Z,91959,5262000,47960000
2026-09-16T00:08:12.745Z,34,3.63,3.8
2026-09-16T00:08:12.745Z,40553,9530000,10240000
2026-09-16T00:08:12.745Z,77114,48270000,54270000
2026-09-16T00:08:12.745Z,18853,2708000,8971000
2026-09-16T00:08:12.745Z,18702,74370000,96570000
2026-09-16T00:08:12.745Z,46994,271900,9000000
2026-09-16T00:08:12.745Z,2038,500100,570300
2026-09-16T00:08:12.745Z,21408,202.4,3198
2026-09-16T00:08:12.745Z,47141,7240000,16950000
2026-09-16T00:08:12.745Z,14086,82350,297500
2026-09-16T00:08:12.745Z,13888,8667000,13600000
2026-09-16T00:08:12.745Z,31394,121000,276100
2026-09-16T00:08:12.745Z,31794,3871000,4144000
2026-09-16T00:08:12.745Z,8225,7137,9733
2026-09-16T00:08:12.745Z,52423,160400000,336200000
2026-09-16T00:08:12.745Z,53711,290700000,308900000
2026-09-16T00:08:12.745Z,85654,519900000,582500000
2026-09-16T00:08:12.745Z,31304,110100,2984000
2026-09-16T00:08:12.745Z,34280,3350000,3639000
2026-09-16T00:08:12.745Z,23711,6082,12240
2026-09-16T00:08:12.745Z,41478,1032000,1068000
2026-09-16T00:08:12.745Z,89512,5021000,8921000
2026-09-16T00:08:12.745Z,47447,17520000,19200000
2026-09-16T00:08:12.745Z,19117,50990000,109800000
2026-09-16T00:08:12.745Z,40326,180200,774400
2026-09-16T00:08:12.745Z,44166,1.01,499000
2026-09-16T00:08:12.745Z,488,11020,47730
2026-09-16T00:08:12.745Z,85932,90800000,394400000
2026-09-16T00:08:12.745Z,26430,10070000,17030000
2026-09-16T00:08:12.745Z,34164,2261000,17240000
2026-09-16T00:08:12.745Z,52694,3974000,4268000
2026-09-16T00:08:12.745Z,18961,68070000,88950000
2026-09-16T00:08:12.745Z,3193,5239000,7338000
2026-09-16T00:08:12.745Z,46782,50.08,3941000
2026-09-16T00:08:12.745Z,33947,64860000,85560000
2026-09-16T00:08:12.745Z,40732,30190000,75160000
2026-09-16T00:08:12.745Z,34080,81460000,157400000
2026-09-16T00:08:12.745Z,15792,98860000,113100000
2026-09-16T00:08:12.745Z,28801,899300000,1029000000
2026-09-16T00:08:12.745Z,86152,2900000,5887000
2026-09-16T00:08:12.745Z,32772,425700,525200
2026-09-16T00:08:12.745Z,18981,16020000,28000000
2026-09-16T00:08:12.745Z,30342,50.23,7700
2026-09-16T00:08:12.745Z,94153,252200000,308200000
2026-09-16T00:08:12.745Z,46376,37310000,120000000
2026-09-16T00:08:12.745Z,34607,6401000,130000000
2026-09-16T00:08:12.745Z,52238,232700000,307500000
2026-09-16T00:08:12.745Z,35878,141700000,183200000
2026-09-16T00:08:12.745Z,26913,1510000,1580000
2026-09-16T00:08:12.745Z,45590,24070000,29700000
2026-09-16T00:08:12.745Z,56790,100,49370000
2026-09-16T00:08:12.745Z,13873,19720000,23820000
2026-09-16T00:08:12.745Z,81013,9103000,23900000
2026-09-16T00:08:12.745Z,45737,6060000,170500000
2026-09-16T00:08:12.745Z,35886,113800000,176600000
2026-09-16T00:08:12.745Z,6569,266.1,1848
2026-09-16T00:08:12.745Z,52307,132100,1776000
2026-09-16T00:08:12.745Z,33702,171800000,186600000
2026-09-16T00:08:12.745Z,27603,666100000,1150000000
2026-09-16T00:08:12.745Z,11550,87410,99650
2026-09-16T00:08:12.745Z,26438,4850000,5418000
2026-09-16T00:08:12.745Z,198,64,70
2026-09-16T00:08:12.745Z,40552,10570000,17820000
2026-09-16T00:08:12.745Z,48421,134100,393500
2026-09-16T00:08:12.745Z,32414,21480000,23210000
2026-09-16T00:08:12.745Z,33904,230200000,249100000
2026-09-16T00:08:12.745Z,5871,801.9,802
2026-09-16T00:08:12.745Z,20307,40,63.05
2026-09-16T00:08:12.745Z,15693,13870000,14180000
2026-09-16T00:08:12.745Z,21914,256.9,368
2026-09-16T00:08:12.745Z,11441,28260,999100
2026-09-16T00:08:12.745Z,41482,1715000,2617000
2026-09-16T00:08:12.745Z,23868,72020000,87110000
2026-09-16T00:08:12.745Z,31818,803300,1286000
2026-09-16T00:08:12.745Z,2183,18090,22350
2026-09-16T00:08:12.745Z,20785,130.8,1461
2026-09-16T00:08:12.745Z,2679,97.04,149.5
2026-09-16T00:08:12.745Z,22442,236800000,257000000
2026-09-16T00:08:12.745Z,24696,49550000,54600000
2026-09-16T00:08:12.745Z,19937,4233,4234
2026-09-16T00:08:12.745Z,14126,6291000,8192000
2026-09-16T00:08:12.745Z,45945,156300,2861000
2026-09-16T00:08:12.745Z,16691,50050,5769000
2026-09-16T00:08:12.745Z,18891,67210000,99350000
2026-09-16T00:08:12.745Z,58859,433700,1698000
2026-09-16T00:08:12.745Z,15810,115700000,130400000
2026-09-16T00:08:12.745Z,3520,1531000,1776000
2026-09-16T00:08:12.745Z,15060,1787000000,2399000000
2026-09-16T00:08:12.745Z,24311,56000000,586900000
2026-09-16T00:08:12.745Z,23166,104.6,180
2026-09-16T00:08:12.745Z,17180,2402000,4600000
2026-09-16T00:08:12.745Z,55512,6000,98610
2026-09-16T00:08:12.745Z,52294,10000,999900
2026-09-16T00:08:12.745Z,81949,1999000,38680000
2026-09-16T00:08:12.745Z,8635,388800,389000
2026-09-16T00:08:12.745Z,27918,961700,1550000
2026-09-16T00:08:12.745Z,76488,3001000,4904000
2026-09-16T00:08:12.745Z,41291,2.19,5472
2026-09-16T00:08:12.745Z,85493,150000000,389900000
2026-09-16T00:08:12.745Z,33898,6583000,9715000
2026-09-16T00:08:12.745Z,62540,321.7,454.5
2026-09-16T00:08:12.745Z,19939,14140,14150
2026-09-16T00:08:12.745Z,54993,82830000,148600000
2026-09-16T00:08:12.745Z,55641,100.2,99000
2026-09-16T00:08:12.745Z,16248,110700000,118300000
2026-09-16T00:08:12.745Z,11549,106200,107300
2026-09-16T00:08:12.745Z,53369,34400,449800
2026-09-16T00:08:12.745Z,55692,1172,50000
2026-09-16T00:08:12.745Z,88715,268600000,399900000
2026-09-16T00:08:12.745Z,15900,77440000,86400000
2026-09-16T00:08:12.745Z,17893,502600,502800
2026-09-16T00:08:12.745Z,2508,245.5,354.9
2026-09-16T00:08:12.745Z,26354,,4717000
2026-09-16T00:08:12.745Z,31772,903300,1866000
2026-09-16T00:08:12.745Z,5181,1001,5000
2026-09-16T00:08:12.745Z,40691,493600000,655500000
2026-09-16T00:08:12.745Z,25597,510.1,939.9
2026-09-16T00:08:12.745Z,879,10,350000
2026-09-16T00:08:12.745Z,60759,99990000,136400000
2026-09-16T00:08:12.745Z,42787,100100,22000000
2026-09-16T00:08:12.745Z,35944,69100000,139900000
2026-09-16T00:08:12.745Z,7127,300100,494800
2026-09-16T00:08:12.745Z,16064,93600000,108900000
2026-09-16T00:08:12.745Z,12199,2261000,3199000
2026-09-16T00:08:12.745Z,40690,231800000,299700000
2026-09-16T00:08:12.745Z,41215,19760000,21120000
2026-09-16T00:08:12.745Z,20507,180600000,198900000
2026-09-16T00:08:12.745Z,54779,40740,59150
2026-09-16T00:08:12.745Z,13926,45150000,51840000
2026-09-16T00:08:12.745Z,1808,35240,79000
2026-09-16T00:08:12.745Z,91142,641700,2998000
2026-09-16T00:08:12.745Z,27393,206.7,705.9
2026-09-16T00:08:12.745Z,37820,18020000,23930000
2026-09-16T00:08:12.745Z,45793,2300000,9309000
2026-09-16T00:08:12.745Z,56634,11000,480000
2026-09-16T00:08:12.745Z,36801,606000,1700000
2026-09-16T00:08:12.745Z,47046,0.01,21880000
2026-09-16T00:08:12.745Z,2446,1276000,1439000
2026-09-16T00:08:12.745Z,213,13.97,14.8
2026-09-16T00:08:12.745Z,45894,40000,1500000
2026-09-16T00:08:12.745Z,15158,9180000000,17980000000
2026-09-16T00:08:12.745Z,20411,93010,98600
2026-09-16T00:08:12.745Z,13216,15250000,16910000
2026-09-16T00:08:12.745Z,31963,5128000,21620000
2026-09-16T00:08:12.745Z,16265,186400,198100
2026-09-16T00:08:12.745Z,45609,31210000,38240000
2026-09-16T00:08:12.745Z,11985,125200000,147200000
2026-09-16T00:08:12.745Z,55584,10000,121700
2026-09-16T00:08:12.745Z,74155,12000000,59400000
2026-09-16T00:08:12.745Z,33213,171200000,299900000
2026-09-16T00:08:12.745Z,24427,779200,977500
2026-09-16T00:08:12.745Z,7709,40000,53800
2026-09-16T00:08:12.745Z,16407,54760,151600
2026-09-16T00:08:12.745Z,2563,900400,1201000
2026-09-16T00:08:12.745Z,35835,752300000,850000000
2026-09-16T00:08:12.745Z,47922,47270000,53490000
2026-09-16T00:08:12.745Z,210,11.67,15.36
2026-09-16T00:08:12.745Z,92964,6809000,24790000
2026-09-16T00:08:12.745Z,55531,0.01,298700
2026-09-16T00:08:12.745Z,30993,27190000,33010000
2026-09-16T00:08:12.745Z,54975,38010000,46120000
2026-09-16T00:08:12.745Z,32925,16370000000,19000000000
2026-09-16T00:08:12.745Z,23154,10450000,11850000
2026-09-16T00:08:12.745Z,88721,79210000,91110000
2026-09-16T00:08:12.745Z,31340,2403000,4857000
2026-09-16T00:08:12.745Z,55561,7583,125000
2026-09-16T00:08:12.745Z,15464,10860000,11530000
2026-09-16T00:08:12.745Z,47786,132000,264900
2026-09-16T00:08:12.745Z,11640,376600,494200
2026-09-16T00:08:12.745Z,484,753.5,12590
2026-09-16T00:08:12.745Z,27447,914,999
2026-09-16T00:08:12.745Z,46871,602700,10000000
2026-09-16T00:08:12.745Z,623,10040000,11540000
2026-09-16T00:08:12.745Z,52250,288100000,321900000
2026-09-16T00:08:12.745Z,6135,7000,100000
2026-09-16T00:08:12.745Z,11188,17430000,19030000
2026-09-16T00:08:12.745Z,12023,132300000,148400000
2026-09-16T00:08:12.745Z,23797,9915000,15500000
2026-09-16T00:08:12.745Z,32811,1831000000,2399000000
2026-09-16T00:08:12.745Z,24663,101200000,113800000
2026-09-16T00:08:12.745Z,46783,5000,2185000
2026-09-16T00:08:12.745Z,16467,149300,198000
2026-09-16T00:08:12.745Z,31113,13180000,14660000
2026-09-16T00:08:12.745Z,32340,8898000,17630000
2026-09-16T00:08:12.745Z,75910,255800000,777800000
2026-09-16T00:08:12.745Z,33475,7916000,8480000
2026-09-16T00:08:12.745Z,8907,12500,18410
2026-09-16T00:08:12.745Z,22468,257000000,275000000
2026-09-16T00:08:12.745Z,33520,2163000,2366000
2026-09-16T00:08:12.745Z,32114,5711000,12240000
2026-09-16T00:08:12.745Z,25934,1.03,1288000
2026-09-16T00:08:12.745Z,31734,200200,1053000
2026-09-16T00:08:12.745Z,33527,280200000,312600000
2026-09-16T00:08:12.745Z,31752,16660,29480
2026-09-16T00:08:12.745Z,92591,60000,171800
2026-09-16T00:08:12.745Z,14132,6592000,28000000
2026-09-16T00:08:12.745Z,9784,0.03,0.04
2026-09-16T00:08:12.745Z,62541,350,424.2
2026-09-16T00:08:12.745Z,10165,2079000,3424000
2026-09-16T00:08:12.745Z,95720,407100000,737800000
2026-09-16T00:08:12.745Z,37603,107000000,458100000
2026-09-16T00:08:12.745Z,47771,6605000,10540000
2026-09-16T00:08:12.745Z,60279,54020,84980
2026-09-16T00:08:12.745Z,12263,5503000,6374000
2026-09-16T00:08:12.745Z,20500,14350000,20380000
2026-09-16T00:08:12.745Z,57461,402700,496600
2026-09-16T00:08:12.745Z,85510,512600000,949100000
2026-09-16T00:08:12.745Z,31610,991000,1330000
2026-09-16T00:08:12.745Z,21019,10810000,11810000
2026-09-16T00:08:12.745Z,17456,32.82,38.93
2026-09-16T00:08:12.745Z,60032,36930000,77220000
2026-09-16T00:08:12.745Z,49991,751,874.9
2026-09-16T00:08:12.745Z,41202,448200000,489800000
2026-09-16T00:08:12.745Z,2203,3104,3500
2026-09-16T00:08:12.745Z,16067,80830000,108100000
2026-09-16T00:08:12.745Z,3267,537800000,640800000
2026-09-16T00:08:12.745Z,48417,205600,590200
2026-09-16T00:08:12.745Z,14550,7510000000,9650000000
2026-09-16T00:08:12.745Z,55604,1,2490000
2026-09-16T00:08:12.745Z,16646,3016,3413
2026-09-16T00:08:12.745Z,34496,2816000,3999000
2026-09-16T00:08:12.745Z,43881,305000000,899600000
2026-09-16T00:08:12.745Z,15711,4014000,6015000
2026-09-16T00:08:12.745Z,31974,10000000,17890000
2026-09-16T00:08:12.745Z,47032,43090000,65980000
2026-09-16T00:08:12.745Z,28578,499300,553300
2026-09-16T00:08:12.745Z,32093,269000,4495000
2026-09-16T00:08:12.745Z,31652,14020000,15450000
2026-09-16T00:08:12.745Z,26912,1193000,1488000
2026-09-16T00:08:12.745Z,4346,850300000,947200000
2026-09-16T00:08:12.745Z,23029,686.1,944
2026-09-16T00:08:12.745Z,45844,2511000,10000000
2026-09-16T00:08:12.745Z,27174,153000000,170700000
2026-09-16T00:08:12.745Z,7045,245000,208600
2026-09-16T00:08:12.745Z,19268,19040000,28880000
2026-09-16T00:08:12.745Z,7827,239400,370000
2026-09-16T00:08:12.745Z,47873,612100,1059000
2026-09-16T00:08:12.745Z,16367,332700,377700
2026-09-16T00:08:12.745Z,2297,718300,800000
2026-09-16T00:08:12.745Z,91939,9365000,13440000
2026-09-16T00:08:12.745Z,22108,24540000,30990000
2026-09-16T00:08:12.745Z,46243,47280000,69800000
2026-09-16T00:08:12.745Z,52286,4010000,24000000
2026-09-16T00:08:12.745Z,42530,230700,420000
2026-09-16T00:08:12.745Z,34179,52100000,73800000
2026-09-16T00:08:12.745Z,28268,18820000,20970000
2026-09-16T00:08:12.745Z,11577,3235000,3579000
2026-09-16T00:08:12.745Z,60660,100000,777000
2026-09-16T00:08:12.745Z,47934,2441,3571
2026-09-16T00:08:12.745Z,4246,16970,17470
2026-09-16T00:08:12.745Z,11448,8003000,12500000
2026-09-16T00:08:12.745Z,12486,1151000,2116000
2026-09-16T00:08:12.745Z,43664,147500000,189500000
2026-09-16T00:08:12.745Z,5011,3775,11730
2026-09-16T00:08:12.745Z,11285,3210,4540
2026-09-16T00:08:12.745Z,57477,91140000,99980000
2026-09-16T00:08:12.745Z,78787,306000,4444000
2026-09-16T00:08:12.745Z,34412,21480000,33210000
2026-09-16T00:08:12.745Z,3138,1414000,1559000
2026-09-16T00:08:12.745Z,23815,30100000,69970000
2026-09-16T00:08:12.745Z,55313,49170,1900000
2026-09-16T00:08:12.745Z,25268,39080,85000
2026-09-16T00:08:12.745Z,85539,277200000,548900000
2026-09-16T00:08:12.745Z,23821,7800000,41000000
2026-09-16T00:08:12.745Z,55547,111.1,134700
2026-09-16T00:08:12.745Z,11989,118900000,131600000
2026-09-16T00:08:12.745Z,81047,210200000,221200000
2026-09-16T00:08:12.745Z,31572,26090000,295700000
2026-09-16T00:08:12.745Z,17223,101600,499800
2026-09-16T00:08:12.745Z,37881,600000,3799000
2026-09-16T00:08:12.745Z,21730,2103,19110
2026-09-16T00:08:12.745Z,62526,27.72,32.68
2026-09-16T00:08:12.745Z,10213,90510000,96900000
2026-09-16T00:08:12.745Z,47342,80050000,117900000
2026-09-16T00:08:12.745Z,85660,4018000,14370000
2026-09-16T00:08:12.745Z,19087,7009000,9984000
2026-09-16T00:08:12.745Z,56203,747200000,855700000
2026-09-16T00:08:12.745Z,1551,12060,79990
2026-09-16T00:08:12.745Z,1820,98,98.01
2026-09-16T00:08:12.745Z,20629,7600000,13210000
2026-09-16T00:08:12.745Z,8869,20560,63990
2026-09-16T00:08:12.745Z,7743,104700,259000
2026-09-16T00:08:12.745Z,12237,20970000,28050000
2026-09-16T00:08:12.745Z,30836,817200,919900
2026-09-16T00:08:12.745Z,33334,5540,12480
2026-09-16T00:08:12.745Z,17500,50380000,56200000
2026-09-16T00:08:12.745Z,19227,28040000,30500000
2026-09-16T00:08:12.745Z,18680,29680000,36640000
2026-09-16T00:08:12.745Z,627,9151000,10750000
2026-09-16T00:08:12.745Z,63058,260800000,446700000
2026-09-16T00:08:12.745Z,17194,201700,2049000
2026-09-16T00:08:12.745Z,10209,90100000,97500000
2026-09-16T00:08:12.745Z,2913,1562000,1707000
2026-09-16T00:08:12.745Z,31213,19440,69570
2026-09-16T00:08:12.745Z,62021,12470,999000
2026-09-16T00:08:12.745Z,13243,13590000,17100000
2026-09-16T00:08:12.745Z,90466,3000,125000
2026-09-16T00:08:12.745Z,46633,304000000,310000000
2026-09-16T00:08:12.745Z,47351,32390000,54780000
2026-09-16T00:08:12.745Z,12054,417200,1497000
2026-09-16T00:08:12.745Z,11688,17010,19060
2026-09-16T00:08:12.745Z,53229,20000,3031000
2026-09-16T00:08:12.745Z,15909,8445000,11270000
2026-09-16T00:08:12.745Z,31294,152200,5692000
2026-09-16T00:08:12.745Z,3315,350000,1570000
2026-09-16T00:08:12.745Z,92580,66060000,240000000
2026-09-16T00:08:12.745Z,30378,54720,59850
2026-09-16T00:08:12.745Z,28276,3608000,3999000
2026-09-16T00:08:12.745Z,91973,36080000,74470000
2026-09-16T00:08:12.745Z,53199,0.01,3900000000
2026-09-16T00:08:12.745Z,8903,90300,193000
2026-09-16T00:08:12.745Z,18869,32680000,41270000
2026-09-16T00:08:12.745Z,6999,38000,81700
2026-09-16T00:08:12.745Z,85390,21150,26670
2026-09-16T00:08:12.745Z,15300,179200000,299600000
2026-09-16T00:08:12.745Z,44267,,710
2026-09-16T00:08:12.745Z,21384,9.11,10.99
2026-09-16T00:08:12.745Z,28756,30070000,34450000
2026-09-16T00:08:12.745Z,3065,5028000,5445000
2026-09-16T00:08:12.745Z,23071,292200,353900
2026-09-16T00:08:12.745Z,23115,618900,942700
2026-09-16T00:08:12.745Z,62406,31960,33400
2026-09-16T00:08:12.745Z,47761,68120,106200
2026-09-16T00:08:12.745Z,11132,12050,15470
2026-09-16T00:08:12.745Z,20002,26.19,909.5
2026-09-16T00:08:12.745Z,57207,59620000,73970000
2026-09-16T00:08:12.745Z,62560,5225,6200
2026-09-16T00:08:12.745Z,62554,2058,2445
2026-09-16T00:08:12.745Z,54381,40160000,156100000
2026-09-16T00:08:12.745Z,11646,1607000,1762000
2026-09-16T00:08:12.745Z,27413,927.6,1029
2026-09-16T00:08:12.745Z,21230,2307,662400
2026-09-16T00:08:12.745Z,90592,602400,1338000
2026-09-16T00:08:12.745Z,17898,82000,88000
2026-09-16T00:08:12.745Z,19534,13450000,14840000
2026-09-16T00:08:12.745Z,5322,6564,6565
2026-09-16T00:08:12.745Z,44262,600,829
2026-09-16T00:08:12.745Z,35959,7243000,14550000
2026-09-16T00:08:12.745Z,15963,189600000,229000000
2026-09-16T00:08:12.745Z,48433,214300,397000
2026-09-16T00:08:12.745Z,54827,16970000,24700000
2026-09-16T00:08:12.745Z,20567,14610000,15490000
2026-09-16T00:08:12.745Z,16667,22090,30260
2026-09-16T00:08:12.745Z,21926,705.8,1064
2026-09-16T00:08:12.745Z,56142,23550000,25070000
2026-09-16T00:08:12.745Z,40476,253700,2096000
2026-09-16T00:08:12.745Z,91132,2300000,3999000
2026-09-16T00:08:12.745Z,25972,251300,1777000
2026-09-16T00:08:12.745Z,7369,45000,66670
2026-09-16T00:08:12.745Z,49927,38050000,376700000
2026-09-16T00:08:12.745Z,3116,549000000,599600000
2026-09-16T00:08:12.745Z,96042,4007000,8381000
2026-09-16T00:08:12.745Z,2533,71010,95960
2026-09-16T00:08:12.745Z,15907,84760000,95960000
2026-09-16T00:08:12.745Z,444,677.5,4696
2026-09-16T00:08:12.745Z,43851,39310000,50090000
2026-09-16T00:08:12.745Z,31041,6112000,9744000
2026-09-16T00:08:12.745Z,82486,10130,4666000
2026-09-16T00:08:12.745Z,56733,560000,678000
2026-09-16T00:08:12.745Z,15687,500.1,150000
2026-09-16T00:08:12.745Z,26056,102900,1914000
2026-09-16T00:08:12.745Z,47829,203600,993800
2026-09-16T00:08:12.745Z,57126,410200000,649900000
2026-09-16T00:08:12.745Z,14070,51750000,54070000
2026-09-16T00:08:12.745Z,89649,43200000,45120000
2026-09-16T00:08:12.745Z,37454,6951000,8643000
2026-09-16T00:08:12.745Z,6631,900.5,5021
2026-09-16T00:08:12.745Z,15461,4320000,5695000
2026-09-16T00:08:12.745Z,27182,427.4,442100
2026-09-16T00:08:12.745Z,42204,37420000,40550000
2026-09-16T00:08:12.745Z,26360,48470000,62350000
2026-09-16T00:08:12.745Z,34489,260200000,279900000
2026-09-16T00:08:12.745Z,14232,50550000,71500000
2026-09-16T00:08:12.745Z,23173,6.04,1867
2026-09-16T00:08:12.745Z,13782,31810000,56920000
2026-09-16T00:08:12.745Z,32995,2502,4922
2026-09-16T00:08:12.745Z,40564,13810000,19900000
2026-09-16T00:08:12.745Z,15929,108400000,189000000
2026-09-16T00:08:12.745Z,23069,40000000,79900000
2026-09-16T00:08:12.745Z,3711,500,900
2026-09-16T00:08:12.745Z,22778,77000,88390
2026-09-16T00:08:12.745Z,45824,365800,1690000
2026-09-16T00:08:12.745Z,54447,19740000,538900000
2026-09-16T00:08:12.745Z,61215,100500,1194000
2026-09-16T00:08:12.745Z,241,505,1298
2026-09-16T00:08:12.745Z,18991,153000000,174600000
2026-09-16T00:08:12.745Z,54295,23000,15010
2026-09-16T00:08:12.745Z,54446,10770000,473600000
2026-09-16T00:08:12.745Z,8113,,19500
2026-09-16T00:08:12.745Z,45949,22010,500000
2026-09-16T00:08:12.745Z,94154,18820000,55970000
2026-09-16T00:08:12.745Z,77947,350000,805000
2026-09-16T00:08:12.745Z,32055,5605,7879000
2026-09-16T00:08:12.745Z,52314,61530,70850
2026-09-16T00:08:12.745Z,45903,5031000,10000000
2026-09-16T00:08:12.745Z,31664,769000,2690000
2026-09-16T00:08:12.745Z,26108,18030,1389000
2026-09-16T00:08:12.745Z,45895,177100,3000000
2026-09-16T00:08:12.745Z,31185,2945000,3338000
2026-09-16T00:08:12.745Z,76163,500700,19390000
2026-09-16T00:08:12.745Z,25277,31200,55160
2026-09-16T00:08:12.745Z,52440,693900000,1695000000
2026-09-16T00:08:12.745Z,30377,32060,35000
2026-09-16T00:08:12.745Z,8583,10820,46790
2026-09-16T00:08:12.745Z,62379,52600,55600
2026-09-16T00:08:12.745Z,18903,52320000,61500000
2026-09-16T00:08:12.745Z,53985,2418000,9720000
2026-09-16T00:08:12.745Z,1955,6189,47760
2026-09-16T00:08:12.745Z,654,2355000,2356000
2026-09-16T00:08:12.745Z,25270,5000000,17730000
2026-09-16T00:08:12.745Z,54751,433900000,772000000
2026-09-16T00:08:12.745Z,3818,600,8470
2026-09-16T00:08:12.745Z,41504,75750000,94190000
2026-09-16T00:08:12.745Z,17226,1400000,1769000
2026-09-16T00:08:12.745Z,25910,10010,4751000
2026-09-16T00:08:12.745Z,10228,15150000,16520000
2026-09-16T00:08:12.745Z,10250,620500,753100
2026-09-16T00:08:12.745Z,3707,108.1,3993
2026-09-16T00:08:12.745Z,25598,2774,3096
2026-09-16T00:08:12.745Z,3709,500,1899
2026-09-16T00:08:12.745Z,3256,5139000,6431000
2026-09-16T00:08:12.745Z,18762,112000,715000
2026-09-16T00:08:12.745Z,62402,10190,11400
2026-09-16T00:08:12.745Z,25918,4010000,6129000
2026-09-16T00:08:12.745Z,5399,2040,12090
2026-09-16T00:08:12.745Z,10690,3880,10000
2026-09-16T00:08:12.745Z,7707,40000,67060
2026-09-16T00:08:12.745Z,9646,21130,24800
2026-09-16T00:08:12.745Z,93351,380000,1967000
2026-09-16T00:08:12.745Z,20700,3003000000,3342000000
2026-09-16T00:08:12.745Z,40464,52460,16100000
2026-09-16T00:08:12.745Z,91963,1943000,4499000
2026-09-16T00:08:12.745Z,1355,411900,557000
2026-09-16T00:08:12.745Z,85502,65890000,150500000
2026-09-16T00:08:12.745Z,31005,8929000,9733000
2026-09-16T00:08:12.745Z,47915,36970000,39780000
2026-09-16T00:08:12.745Z,533,22220,53480
2026-09-16T00:08:12.745Z,18580,90000000,134000000
2026-09-16T00:08:12.745Z,32037,1990,1675000
2026-09-16T00:08:12.745Z,33970,61650000,98500000
2026-09-16T00:08:12.745Z,52293,1231000,14190000
2026-09-16T00:08:12.745Z,24558,15280000,17070000
2026-09-16T00:08:12.745Z,31131,78340,1730000
2026-09-16T00:08:12.745Z,64196,67900000,317300000
2026-09-16T00:08:12.745Z,13970,2778000,4499000
2026-09-16T00:08:12.745Z,55035,23280000,34200000
2026-09-16T00:08:12.745Z,56285,300,889500
2026-09-16T00:08:12.745Z,41062,106000000,127100000
2026-09-16T00:08:12.745Z,9947,1833000,2029000
2026-09-16T00:08:12.745Z,72872,119700000,133800000
2026-09-16T00:08:12.745Z,60515,59380000,73000000
2026-09-16T00:08:12.745Z,13817,17290000,27030000
2026-09-16T00:08:12.745Z,84937,193000000,273400000
2026-09-16T00:08:12.745Z,14788,3341000000,3710000000
2026-09-16T00:08:12.745Z,31800,130400,278800
2026-09-16T00:08:12.745Z,2395,797,842.7
2026-09-16T00:08:12.745Z,78622,64960000,76840000
2026-09-16T00:08:12.745Z,57110,51530000,94030000
2026-09-16T00:08:12.745Z,84174,100000,127700
2026-09-16T00:08:12.745Z,3159,531300000,847900000
2026-09-16T00:08:12.745Z,47735,721600,793100
2026-09-16T00:08:12.745Z,4471,9308,14600
2026-09-16T00:08:12.745Z,18897,60000000,86000000
2026-09-16T00:08:12.745Z,19213,96100,194900
2026-09-16T00:08:12.745Z,32311,384600000,408600000
2026-09-16T00:08:12.745Z,22975,352,527.8
2026-09-16T00:08:12.745Z,18887,50830000,107300000
2026-09-16T00:08:12.745Z,14395,409700,499500000
2026-09-16T00:08:12.745Z,3355,34.11,3383
2026-09-16T00:08:12.745Z,37307,181100000,217800000
2026-09-16T00:08:12.745Z,19976,50,500
2026-09-16T00:08:12.745Z,452,5121,33550
2026-09-16T00:08:12.745Z,20767,73160,149800
2026-09-16T00:08:12.745Z,63869,101000,10750000
2026-09-16T00:08:12.745Z,91954,20390000,49620000
2026-09-16T00:08:12.745Z,57484,4506000,7015000
2026-09-16T00:08:12.745Z,84433,760700,3898000
2026-09-16T00:08:12.745Z,60667,98300,911900
2026-09-16T00:08:12.745Z,55535,54.1,124000
2026-09-16T00:08:12.745Z,54292,20170,27800
2026-09-16T00:08:12.745Z,55336,11550,398100
2026-09-16T00:08:12.745Z,14019,132,6487
2026-09-16T00:08:12.745Z,89955,2608000,3876000
2026-09-16T00:08:12.745Z,31360,3436000,3551000
2026-09-16T00:08:12.745Z,55686,5003,200000
2026-09-16T00:08:12.745Z,12257,37000,199600
2026-09-16T00:08:12.745Z,20501,108600000,129900000
2026-09-16T00:08:12.745Z,47466,201300000,221400000
2026-09-16T00:08:12.745Z,55582,1100,62100
2026-09-16T00:08:12.745Z,55585,500,2000
2026-09-16T00:08:12.745Z,33151,117200000,123600000
2026-09-16T00:08:12.745Z,31674,981700,1615000
2026-09-16T00:08:12.745Z,25563,987600,1450000
2026-09-16T00:08:12.745Z,89156,17610000,21890000
2026-09-16T00:08:12.745Z,56845,12470000,24920000
2026-09-16T00:08:12.745Z,7409,45330,83900
2026-09-16T00:08:12.745Z,16345,4061,5952
2026-09-16T00:08:12.745Z,242,2201,2500
2026-09-16T00:08:12.745Z,9453,12650,12660
2026-09-16T00:08:12.745Z,259,24100,31000
2026-09-16T00:08:12.745Z,207,61,79.97
2026-09-16T00:08:12.745Z,82477,160000,1083000
2026-09-16T00:08:12.745Z,4569,17480,31280
2026-09-16T00:08:12.745Z,2512,6.18,8.77
2026-09-16T00:08:12.745Z,243,1222,4249
2026-09-16T00:08:12.745Z,90047,293000,1198000
2026-09-16T00:08:12.745Z,41038,153400000,167500000
2026-09-16T00:08:12.745Z,12275,,499200
2026-09-16T00:08:12.745Z,31274,52070,244200
2026-09-16T00:08:12.745Z,41415,120400000,128600000
2026-09-16T00:08:12.745Z,55525,5000,148500
2026-09-16T00:08:12.745Z,88147,181500000,207900000
2026-09-16T00:08:12.745Z,85653,37560000,44310000
2026-09-16T00:08:12.745Z,18754,60000,207100
2026-09-16T00:08:12.745Z,15661,1039000,1151000
2026-09-16T00:08:12.745Z,31416,55150000,581100000
2026-09-16T00:08:12.745Z,47257,280200,333900
2026-09-16T00:08:12.745Z,17210,2002000,5598000
2026-09-16T00:08:12.745Z,486,6050,38800
2026-09-16T00:08:12.745Z,95414,701100000,819900000
2026-09-16T00:08:12.745Z,47801,53750,195900
2026-09-16T00:08:12.745Z,9744,8032,8036
2026-09-16T00:08:12.745Z,15747,15970000,23000000
2026-09-16T00:08:12.745Z,89655,150000,81750000
2026-09-16T00:08:12.745Z,33981,8622000,10760000
2026-09-16T00:08:12.745Z,16469,85080,119000
2026-09-16T00:08:12.745Z,6811,200800,989700
2026-09-16T00:08:12.745Z,8025,643.1,9998
2026-09-16T00:08:12.745Z,16305,6004,15920
2026-09-16T00:08:12.745Z,88578,20070,2276000
2026-09-16T00:08:12.745Z,21484,38510000,68820000
2026-09-16T00:08:12.745Z,10842,2091000,2226000
2026-09-16T00:08:12.745Z,63165,271.6,494.9
2026-09-16T00:08:12.745Z,86112,4500000,45680000
2026-09-16T00:08:12.745Z,35062,1315,98000
2026-09-16T00:08:12.745Z,46538,0.01,7000000000
2026-09-16T00:08:12.745Z,13250,15290000,17790000
2026-09-16T00:08:12.745Z,7371,40000,40010
2026-09-16T00:08:12.745Z,15296,5419000000,8499000000
2026-09-16T00:08:12.745Z,33565,141200000,155400000
2026-09-16T00:08:12.745Z,33955,50640000,62990000
2026-09-16T00:08:12.745Z,591,213700,280000
2026-09-16T00:08:12.745Z,40608,7511000,650000000
2026-09-16T00:08:12.745Z,82441,61010,3995000
2026-09-16T00:08:12.745Z,79737,1103000,10770000
2026-09-16T00:08:12.745Z,15144,2052000000,2700000000
2026-09-16T00:08:12.745Z,55557,69.7,149900
2026-09-16T00:08:12.745Z,15600,26060,26070
2026-09-16T00:08:12.745Z,23121,1735,9997
2026-09-16T00:08:12.745Z,90528,2314000,2900000
2026-09-16T00:08:12.745Z,11542,4870,5022
2026-09-16T00:08:12.745Z,83468,2959000,3099000
2026-09-16T00:08:12.745Z,13231,15240000,18180000
2026-09-16T00:08:12.745Z,23896,73640000,113200000
2026-09-16T00:08:12.745Z,16213,311000000,411700000
2026-09-16T00:08:12.745Z,2205,310200,333000
2026-09-16T00:08:12.745Z,28799,506700000,628300000
2026-09-16T00:08:12.745Z,61199,1000000,1065000
2026-09-16T00:08:12.745Z,58972,479100,545000
2026-09-16T00:08:12.745Z,14106,38770000,47000000
2026-09-16T00:08:12.745Z,34631,125700,19000000
2026-09-16T00:08:12.745Z,15074,1121000,583700000
2026-09-16T00:08:12.745Z,34354,1.01,8997000
2026-09-16T00:08:12.745Z,45905,504200,12200000
2026-09-16T00:08:12.745Z,16249,56890000,65910000
2026-09-16T00:08:12.745Z,63866,1045000,7414000
2026-09-16T00:08:12.745Z,7665,36030,128700
2026-09-16T00:08:12.745Z,16683,24940,26770
2026-09-16T00:08:12.745Z,55617,50050,3760000
2026-09-16T00:08:12.745Z,4302,64050000,70910000
2026-09-16T00:08:12.745Z,3331,150.4,9978
2026-09-16T00:08:12.745Z,43874,946600000,1450000000
2026-09-16T00:08:12.745Z,41218,26200000,27900000
2026-09-16T00:08:12.745Z,55334,69.08,80000
2026-09-16T00:08:12.745Z,42829,318.2,363.5
2026-09-16T00:08:12.745Z,33936,5001000,29710000
2026-09-16T00:08:12.745Z,55331,605.1,59000
2026-09-16T00:08:12.745Z,52772,500000,42710000
2026-09-16T00:08:12.745Z,55311,1100,421000
2026-09-16T00:08:12.745Z,4051,17020,17470
2026-09-16T00:08:12.745Z,86261,55540000,80000000
2026-09-16T00:08:12.745Z,7581,15500,97240
2026-09-16T00:08:12.745Z,3488,651100,738600
2026-09-16T00:08:12.745Z,88852,961600,1036000
2026-09-16T00:08:12.745Z,11529,9512000,13990000
2026-09-16T00:08:12.745Z,55519,10010,842100
2026-09-16T00:08:12.745Z,18851,395700000,424500000
2026-09-16T00:08:12.745Z,2178,6602,12880
2026-09-16T00:08:12.745Z,17959,7211,7339
2026-09-16T00:08:12.745Z,21557,1814000,7200000
2026-09-16T00:08:12.745Z,578,146700,173000
2026-09-16T00:08:12.745Z,55567,5000,169900
2026-09-16T00:08:12.745Z,85478,1624000000,2662000000
2026-09-16T00:08:12.745Z,47681,189100000,1500000000
2026-09-16T00:08:12.745Z,46886,11990,1000000
2026-09-16T00:08:12.745Z,55595,99.9,76990
2026-09-16T00:08:12.745Z,19925,11010,11020
2026-09-16T00:08:12.745Z,7585,40000,300000
2026-09-16T00:08:12.745Z,42783,416400,6996000
2026-09-16T00:08:12.745Z,13240,15020000,17040000
2026-09-16T00:08:12.745Z,1304,5082,32990
2026-09-16T00:08:12.745Z,55351,100,97970
2026-09-16T00:08:12.745Z,27409,730.8,1681
2026-09-16T00:08:12.745Z,55645,5000,221100
2026-09-16T00:08:12.745Z,15800,23160000,75300000
2026-09-16T00:08:12.745Z,45914,5072000,16890000
2026-09-16T00:08:12.745Z,84347,964000,8590000
2026-09-16T00:08:12.745Z,17455,32.04,37.9
2026-09-16T00:08:12.745Z,56272,58000000,884000000
2026-09-16T00:08:12.745Z,2444,97010,126800
2026-09-16T00:08:12.745Z,27772,192000,29890000
2026-09-16T00:08:12.745Z,19027,205900000,228500000
2026-09-16T00:08:12.745Z,26420,60640000,87610000
2026-09-16T00:08:12.745Z,30842,3201000000,4275000000
2026-09-16T00:08:12.745Z,26068,5600000,6779000
2026-09-16T00:08:12.745Z,14053,3602,41500
2026-09-16T00:08:12.745Z,31586,214800,302800
2026-09-16T00:08:12.745Z,11489,167300,237100
2026-09-16T00:08:12.745Z,85640,120600,2679000
2026-09-16T00:08:12.745Z,11578,4803000,5083000
2026-09-16T00:08:12.745Z,28264,18040000,19390000
2026-09-16T00:08:12.745Z,31141,12080,39340
2026-09-16T00:08:12.745Z,28213,1663000,1995000
2026-09-16T00:08:12.745Z,11541,35580,38310
2026-09-16T00:08:12.745Z,55598,1031,194800
2026-09-16T00:08:12.745Z,607,80040,450100
2026-09-16T00:08:12.745Z,11533,14780,30930
2026-09-16T00:08:12.745Z,34317,61100000,73650000
2026-09-16T00:08:12.745Z,32118,1259000,12300000
2026-09-16T00:08:12.745Z,31882,1543000,1634000
2026-09-16T00:08:12.745Z,25888,5134000,6715000
2026-09-16T00:08:12.745Z,32262,201900000,244300000
2026-09-16T00:08:12.745Z,55577,25,85000
2026-09-16T00:08:12.745Z,35894,234400000,258500000
2026-09-16T00:08:12.745Z,1978,1097000,1199000
2026-09-16T00:08:12.745Z,13247,9451000,18540000
2026-09-16T00:08:12.745Z,46366,463500,736600
2026-09-16T00:08:12.745Z,33404,221300000,297500000
2026-09-16T00:08:12.745Z,9828,726.3,770.9
2026-09-16T00:08:12.745Z,83485,223400000,239500000
2026-09-16T00:08:12.745Z,63029,1100000,7749000
2026-09-16T00:08:12.745Z,12102,3345000,3750000
2026-09-16T00:08:12.745Z,3118,79040000,94000000
2026-09-16T00:08:12.745Z,85512,136500000,293000000
2026-09-16T00:08:12.745Z,2436,1529000,1585000
2026-09-16T00:08:12.745Z,23805,167300000,203000000
2026-09-16T00:08:12.745Z,14031,27010,52400
2026-09-16T00:08:12.745Z,2082,165200000,184100000
2026-09-16T00:08:12.745Z,31149,404000,8098000
2026-09-16T00:08:12.745Z,25896,5756000,8092000
2026-09-16T00:08:12.745Z,56982,111000,687800
2026-09-16T00:08:12.745Z,31910,12890000,14450000
2026-09-16T00:08:12.745Z,62018,10510,1489000
2026-09-16T00:08:12.745Z,15703,11360000,21290000
2026-09-16T00:08:12.745Z,26364,3605000,59360000
2026-09-16T00:08:12.745Z,33003,305400,540000
2026-09-16T00:08:12.745Z,33007,56110,148600
2026-09-16T00:08:12.745Z,7487,50000,118600
2026-09-16T00:08:12.745Z,31220,984400,1102000
2026-09-16T00:08:12.745Z,3810,3018,5997
2026-09-16T00:08:12.745Z,54540,200000,1925000
2026-09-16T00:08:12.745Z,32025,119700,994000
2026-09-16T00:08:12.745Z,23087,900,9400
2026-09-16T00:08:12.745Z,31456,358800,585000
2026-09-16T00:08:12.745Z,31011,1158000,1389000
2026-09-16T00:08:12.745Z,53901,322200000,433600000
2026-09-16T00:08:12.745Z,45618,32570000,35490000
2026-09-16T00:08:12.745Z,3170,490800,579400
2026-09-16T00:08:12.745Z,81084,6388000,7473000
2026-09-16T00:08:12.745Z,47184,60100,90000
2026-09-16T00:08:12.745Z,3977,769700,948000
2026-09-16T00:08:12.745Z,33270,8210,18950
2026-09-16T00:08:12.745Z,41191,58340000,64940000
2026-09-16T00:08:12.745Z,8007,3244,21950
2026-09-16T00:08:12.745Z,2961,4807000,5977000
2026-09-16T00:08:12.745Z,18893,82420000,172200000
2026-09-16T00:08:12.745Z,11690,19160,20070
2026-09-16T00:08:12.745Z,3405,2011,24700
2026-09-16T00:08:12.745Z,35947,28010000,32210000
2026-09-16T00:08:12.745Z,31608,160700,250000
2026-09-16T00:08:12.745Z,55530,1023,119900
2026-09-16T00:08:12.745Z,47913,8937000,18700000
2026-09-16T00:08:12.745Z,32774,12840,19990
2026-09-16T00:08:12.745Z,28292,23090000,25950000
2026-09-16T00:08:12.745Z,41469,44320000,52650000
2026-09-16T00:08:12.745Z,48428,17190,100000
2026-09-16T00:08:12.745Z,24637,112200000,122300000
2026-09-16T00:08:12.745Z,28437,371000,488900
2026-09-16T00:08:12.745Z,17713,35600000,36980000
2026-09-16T00:08:12.745Z,37631,278500000,314700000
2026-09-16T00:08:12.745Z,3452,144.6,13990
2026-09-16T00:08:12.745Z,37583,23000000,48200000
2026-09-16T00:08:12.745Z,47894,1611000,1790000
2026-09-16T00:08:12.745Z,13260,14250000,16870000
2026-09-16T00:08:12.745Z,31418,50070,128200
2026-09-16T00:08:12.745Z,85663,3540000,16420000
2026-09-16T00:08:12.745Z,23138,90020,189800
2026-09-16T00:08:12.745Z,92587,100000,249700
2026-09-16T00:08:12.745Z,52291,46000000,74970000
2026-09-16T00:08:12.745Z,33926,135600000,175000000
2026-09-16T00:08:12.745Z,18635,135300,154500
2026-09-16T00:08:12.745Z,33720,12830000,32000000
2026-09-16T00:08:12.745Z,34162,21120,758600
2026-09-16T00:08:12.745Z,82078,70570000,144900000
2026-09-16T00:08:12.745Z,21390,25.24,295.8
2026-09-16T00:08:12.745Z,14960,156000000,444600000
2026-09-16T00:08:12.745Z,37293,384400000,919200000
2026-09-16T00:08:12.745Z,84016,220000,1120000
2026-09-16T00:08:12.745Z,31970,37130000,80800000
2026-09-16T00:08:12.745Z,46880,0.01,1424000
2026-09-16T00:08:12.745Z,45523,922000,4500000
2026-09-16T00:08:12.745Z,14377,2349000,1450000000
2026-09-16T00:08:12.745Z,96330,12250000,23950000
2026-09-16T00:08:12.745Z,33195,10800,10810
2026-09-16T00:08:12.745Z,14806,2879000000,3100000000
2026-09-16T00:08:12.745Z,22120,15100000,37830000
2026-09-16T00:08:12.745Z,14431,1867000,2200000000
2026-09-16T00:08:12.745Z,84496,106000000,185000000
2026-09-16T00:08:12.745Z,22881,,2994000
2026-09-16T00:08:12.745Z,3078,8166000,22710000
2026-09-16T00:08:12.745Z,93702,55000000,172000000
2026-09-16T00:08:12.745Z,15126,729200000,999000000
2026-09-16T00:08:12.745Z,35795,9560,13440
2026-09-16T00:08:12.745Z,209,50.03,60.97
2026-09-16T00:08:12.745Z,62384,81290,82840
2026-09-16T00:08:12.745Z,28701,93350,93390
2026-09-16T00:08:12.745Z,24692,154000000,163300000
2026-09-16T00:08:12.745Z,27329,0.01,12980
2026-09-16T00:08:12.745Z,19407,1115000,1159000
2026-09-16T00:08:12.745Z,31870,2111000,2300000
2026-09-16T00:08:12.745Z,34306,3906000,5371000
2026-09-16T00:08:12.745Z,7251,100.1,4800
2026-09-16T00:08:12.745Z,33093,1300,44000
2026-09-16T00:08:12.745Z,4141,11000000,24470000
2026-09-16T00:08:12.745Z,11644,1356000,1596000
2026-09-16T00:08:12.745Z,14208,137100000,148900000
2026-09-16T00:08:12.745Z,94135,10000,69760
2026-09-16T00:08:12.745Z,93738,49460000,149300000
2026-09-16T00:08:12.745Z,14268,148000000,167800000
2026-09-16T00:08:12.745Z,12217,20500,268200
2026-09-16T00:08:12.745Z,22995,440.3,1398
2026-09-16T00:08:12.745Z,15098,1781000000,2476000000
2026-09-16T00:08:12.745Z,11442,9754000,12100000
2026-09-16T00:08:12.745Z,28332,908.8,1063
2026-09-16T00:08:12.745Z,22877,66360000,118600000
2026-09-16T00:08:12.745Z,28758,32510000,35980000
2026-09-16T00:08:12.745Z,57471,22700000,23310000
2026-09-16T00:08:12.745Z,58966,1197000,1450000
2026-09-16T00:08:12.745Z,14389,1468000,392000000
2026-09-16T00:08:12.745Z,24552,1219000,679000000
2026-09-16T00:08:12.745Z,90414,157400000,447500000
2026-09-16T00:08:12.745Z,48893,98630000,187800000
2026-09-16T00:08:12.745Z,26256,2137,64480
2026-09-16T00:08:12.745Z,28659,907500000,979400000
2026-09-16T00:08:12.745Z,32119,120100,9898000
2026-09-16T00:08:12.745Z,31034,,650000
2026-09-16T00:08:12.745Z,25279,24490,26860
2026-09-16T00:08:12.745Z,3195,555700000,635100000
2026-09-16T00:08:12.745Z,42146,21000000,27320000
2026-09-16T00:08:12.745Z,40348,31730000,33980000
2026-09-16T00:08:12.745Z,20345,117300,137000
2026-09-16T00:08:12.745Z,12205,5001000,7440000
2026-09-16T00:08:12.745Z,24314,496200000,583700000
2026-09-16T00:08:12.745Z,32087,2711000,16760000
2026-09-16T00:08:12.745Z,12301,41010000,140200000
2026-09-16T00:08:12.745Z,26070,51680,1326000
2026-09-16T00:08:12.745Z,59239,0.01,3500000000
2026-09-16T00:08:12.745Z,17244,322400,844000
2026-09-16T00:08:12.745Z,20423,87830,87840
2026-09-16T00:08:12.745Z,5245,1100,4810
2026-09-16T00:08:12.745Z,24669,3027000000,5439000000
2026-09-16T00:08:12.745Z,55523,135600,499900
2026-09-16T00:08:12.745Z,26334,5909000,61550000
2026-09-16T00:08:12.745Z,9411,510200,790300
2026-09-16T00:08:12.745Z,48769,,5900000
2026-09-16T00:08:12.745Z,23842,1842000,25430000
2026-09-16T00:08:12.745Z,93709,85000000,119700000
2026-09-16T00:08:12.745Z,3243,,1999000
2026-09-16T00:08:12.745Z,34601,201700,32990000
2026-09-16T00:08:12.745Z,55550,152400,1000000
2026-09-16T00:08:12.745Z,1969,869200,994500
2026-09-16T00:08:12.745Z,12551,136000,426600
2026-09-16T00:08:12.745Z,89665,185000000,251000000
2026-09-16T00:08:12.745Z,11084,661100,1126000
2026-09-16T00:08:12.745Z,9899,7506000,8156000
2026-09-16T00:08:12.745Z,31380,237600000,266000000
2026-09-16T00:08:12.745Z,33976,401200000,496900000
2026-09-16T00:08:12.745Z,31286,,48890
2026-09-16T00:08:12.745Z,43878,600800000,896900000
2026-09-16T00:08:12.745Z,31718,79060,119500
2026-09-16T00:08:12.745Z,7621,25040,178800
2026-09-16T00:08:12.745Z,60227,621400,1998000
2026-09-16T00:08:12.745Z,45893,104100,4000000
2026-09-16T00:08:12.745Z,35926,69070000,189200000
2026-09-16T00:08:12.745Z,23007,550,994.9
2026-09-16T00:08:12.745Z,41276,501.1,13200
2026-09-16T00:08:12.745Z,7005,34000,78350
2026-09-16T00:08:12.745Z,55549,11000,164700
2026-09-16T00:08:12.745Z,54402,288400000,345900000
2026-09-16T00:08:12.745Z,55555,500,141900
2026-09-16T00:08:12.745Z,21410,10,5984
2026-09-16T00:08:12.745Z,37451,1131000,1346000
2026-09-16T00:08:12.745Z,34260,156100,800000
2026-09-16T00:08:12.745Z,14254,108300000,111900000
2026-09-16T00:08:12.745Z,85843,100000,979000
2026-09-16T00:08:12.745Z,58868,103600,8346000
2026-09-16T00:08:12.745Z,4260,804800,1249000
2026-09-16T00:08:12.745Z,20633,863100,14990000
2026-09-16T00:08:12.745Z,30497,4584,4586
2026-09-16T00:08:12.745Z,44169,50250,1485000
2026-09-16T00:08:12.745Z,92555,53650000,150000000
2026-09-16T00:08:12.745Z,94063,279100000,319900000
2026-09-16T00:08:12.745Z,14528,3503000000,4798000000
2026-09-16T00:08:12.745Z,93909,92800000,197800000
2026-09-16T00:08:12.745Z,23864,1780000,15830000
2026-09-16T00:08:12.745Z,4347,1242000000,1339000000
2026-09-16T00:08:12.745Z,617,4083000000,4499000000
2026-09-16T00:08:12.745Z,92990,820000,95880000
2026-09-16T00:08:12.745Z,19990,13.1,447.5
2026-09-16T00:08:12.745Z,28209,1355000,1748000
2026-09-16T00:08:12.745Z,47031,13250000,81030000
2026-09-16T00:08:12.745Z,56065,3270,8390
2026-09-16T00:08:12.745Z,28750,135000000,159700000
2026-09-16T00:08:12.745Z,27150,121100000,134200000
2026-09-16T00:08:12.745Z,1228,18.75,20.9
2026-09-16T00:08:12.745Z,32047,15840000,18990000
2026-09-16T00:08:12.745Z,33287,330700000,351400000
2026-09-16T00:08:12.745Z,21740,4751,5998
2026-09-16T00:08:12.745Z,91945,14830000,19020000
2026-09-16T00:08:12.745Z,17715,191600000,204700000
2026-09-16T00:08:12.745Z,19946,15200,15210
2026-09-16T00:08:12.745Z,87508,180700000,373000000
2026-09-16T00:08:12.745Z,47362,96310000,180000000
2026-09-16T00:08:12.745Z,41485,11130000,20980000
2026-09-16T00:08:12.745Z,18957,13010000,30000000
2026-09-16T00:08:12.745Z,15150,10640000000,14280000000
2026-09-16T00:08:12.745Z,40758,86850000,111800000
2026-09-16T00:08:12.745Z,19251,19000000,51960000
2026-09-16T00:08:12.745Z,54564,150,648.7
2026-09-16T00:08:12.745Z,85402,4050,7271
2026-09-16T00:08:12.745Z,47779,370100,1348000
2026-09-16T00:08:12.745Z,81012,349900000,689800000
2026-09-16T00:08:12.745Z,60313,3081000,3357000
2026-09-16T00:08:12.745Z,28438,168100,175000
2026-09-16T00:08:12.745Z,13244,15380000,17040000
2026-09-16T00:08:12.745Z,3359,1582,177900
2026-09-16T00:08:12.745Z,34033,107700000,175000000
2026-09-16T00:08:12.745Z,32919,3112000000,3795000000
2026-09-16T00:08:12.745Z,609,211100,400000
2026-09-16T00:08:12.745Z,47493,4785000,15900000
2026-09-16T00:08:12.745Z,46368,435400,1346000
2026-09-16T00:08:12.745Z,95527,428900000,843600000
2026-09-16T00:08:12.745Z,54949,11030,444500
2026-09-16T00:08:12.745Z,82174,4219000,7000000
2026-09-16T00:08:12.745Z,91165,1320000000,3728000000
2026-09-16T00:08:12.745Z,11259,111300,6532000
2026-09-16T00:08:12.745Z,27377,1565,1686
2026-09-16T00:08:12.745Z,26416,51130000,70970000
2026-09-16T00:08:12.745Z,33824,625800,747500
2026-09-16T00:08:12.745Z,19031,64330000,65010000
2026-09-16T00:08:12.745Z,2301,1248000,1387000
2026-09-16T00:08:12.745Z,14202,7250000,13200000
2026-09-16T00:08:12.745Z,3554,1595,1890
2026-09-16T00:08:12.745Z,33446,53080000,83920000
2026-09-16T00:08:12.745Z,22931,30540000,58280000
2026-09-16T00:08:12.745Z,82066,22560000,59250000
2026-09-16T00:08:12.745Z,40733,21360000,122900000
2026-09-16T00:08:12.745Z,75287,4100,4390
2026-09-16T00:08:12.745Z,53896,83600000,119900000
2026-09-16T00:08:12.745Z,25912,269100,5940000
2026-09-16T00:08:12.745Z,28654,3814000,5685000
2026-09-16T00:08:12.745Z,41048,494000,463000000
2026-09-16T00:08:12.745Z,11433,1624000,4994000
2026-09-16T00:08:12.745Z,41272,4705,10880
2026-09-16T00:08:12.745Z,14427,997300000,3143000000
2026-09-16T00:08:12.745Z,239,1130,1593
2026-09-16T00:08:12.745Z,88607,1000,302100
2026-09-16T00:08:12.745Z,89712,20540000,49800000
2026-09-16T00:08:12.745Z,11555,27220,31660
2026-09-16T00:08:12.745Z,43757,46210000,177900000
2026-09-16T00:08:12.745Z,54403,296300000,449300000
2026-09-16T00:08:12.745Z,19550,106700000,119000000
2026-09-16T00:08:12.745Z,31306,11730000,15480000
2026-09-16T00:08:12.745Z,45009,115500000,130000000
2026-09-16T00:08:12.745Z,3312,2473,44890
2026-09-16T00:08:12.745Z,11536,16040,18410
2026-09-16T00:08:12.745Z,3438,25540,69000
2026-09-16T00:08:12.745Z,28684,901800,1360000
2026-09-16T00:08:12.745Z,36395,0.01,3000000000
2026-09-16T00:08:12.745Z,18696,313700000,341000000
2026-09-16T00:08:12.745Z,23021,76,250
2026-09-16T00:08:12.745Z,49147,756500000,1598000000
2026-09-16T00:08:12.745Z,43658,135000000,181600000
2026-09-16T00:08:12.745Z,19271,2000000,5047000
2026-09-16T00:08:12.745Z,43848,30500000,132200000
2026-09-16T00:08:12.745Z,46875,3004000,17080000
2026-09-16T00:08:12.745Z,93910,863000000,1437000000
2026-09-16T00:08:12.745Z,37170,2301000000,3196000000
2026-09-16T00:08:12.745Z,62013,1121,960000
2026-09-16T00:08:12.745Z,27930,21260,178500
2026-09-16T00:08:12.745Z,27240,115000,888800
2026-09-16T00:08:12.745Z,16247,80000000,89750000
2026-09-16T00:08:12.745Z,3424,1500,48000
2026-09-16T00:08:12.745Z,27912,1476000,1583000
2026-09-16T00:08:12.745Z,75276,18.02,25
2026-09-16T00:08:12.745Z,26352,,9385000
2026-09-16T00:08:12.745Z,31750,70000,62400000
2026-09-16T00:08:12.745Z,55634,100,124900
2026-09-16T00:08:12.745Z,87308,130400000,466900000
2026-09-16T00:08:12.745Z,15210,25000000000,108000000000
2026-09-16T00:08:12.745Z,16264,178100,220000
2026-09-16T00:08:12.745Z,17471,12.03,14.79
2026-09-16T00:08:12.745Z,22115,11440000,14990000
2026-09-16T00:08:12.745Z,93729,31070000,77000000
2026-09-16T00:08:12.745Z,55571,69.01,100000
2026-09-16T00:08:12.745Z,23168,181700,999500
2026-09-16T00:08:12.745Z,17488,22180000,26000000
2026-09-16T00:08:12.745Z,19978,20,1850
2026-09-16T00:08:12.745Z,90415,1107000,4264000
2026-09-16T00:08:12.745Z,3292,63280000,111700000
2026-09-16T00:08:12.745Z,33155,115600000,132200000
2026-09-16T00:08:12.745Z,33818,220300000,228700000
2026-09-16T00:08:12.745Z,46025,1000000,415000000
2026-09-16T00:08:12.745Z,47334,80480000,110100000
2026-09-16T00:08:12.745Z,32120,1912000,9900000
2026-09-16T00:08:12.745Z,583,362200,409900
2026-09-16T00:08:12.745Z,18700,70630000,130000000
2026-09-16T00:08:12.745Z,73840,300000,1099000
2026-09-16T00:08:12.745Z,4401,6229000,10240000
2026-09-16T00:08:12.745Z,55570,10000,426800
2026-09-16T00:08:12.745Z,47762,9461,19040
2026-09-16T00:08:12.745Z,23829,18610000,26970000
2026-09-16T00:08:12.745Z,23157,200000,1324000
2026-09-16T00:08:12.745Z,48747,132800000,147600000
2026-09-16T00:08:12.745Z,33407,33130000,38150000
2026-09-16T00:08:12.745Z,55593,5000,142100
2026-09-16T00:08:12.745Z,45961,21960,1816000
2026-09-16T00:08:12.745Z,55685,0.01,170000
2026-09-16T00:08:12.745Z,4167,40440000,100000000
2026-09-16T00:08:12.745Z,17368,2026000,2590000
2026-09-16T00:08:12.745Z,47767,1501000,2292000
2026-09-16T00:08:12.745Z,27099,500100,730200
2026-09-16T00:08:12.745Z,11289,3600,7100
2026-09-16T00:08:12.745Z,55546,15000,242100
2026-09-16T00:08:12.745Z,24638,113900000,119600000
2026-09-16T00:08:12.745Z,31620,,329200
2026-09-16T00:08:12.745Z,46773,1007000,4689000
2026-09-16T00:08:12.745Z,45632,32560000,36320000
2026-09-16T00:08:12.745Z,82063,2279000,86930000
2026-09-16T00:08:12.745Z,60236,6101,8500000
2026-09-16T00:08:12.745Z,84172,160000,1139000
2026-09-16T00:08:12.745Z,49805,15560,33660000
2026-09-16T00:08:12.745Z,26396,33610000,77570000
2026-09-16T00:08:12.745Z,60579,0.01,20000000000
2026-09-16T00:08:12.745Z,40347,8802000,15660000
2026-09-16T00:08:12.745Z,47827,3700000,3870000
2026-09-16T00:08:12.745Z,76485,7815000,11570000
2026-09-16T00:08:12.745Z,20783,99170,131600
2026-09-16T00:08:12.745Z,13777,5739000,12570000
2026-09-16T00:08:12.745Z,13990,896700,7998000
2026-09-16T00:08:12.745Z,43880,113100000,119800000
2026-09-16T00:08:12.745Z,52292,5011,499900
2026-09-16T00:08:12.745Z,45628,30060000,35270000
2026-09-16T00:08:12.745Z,46858,257500,14850000
2026-09-16T00:08:12.745Z,28670,1496000,1990000
2026-09-16T00:08:12.745Z,16229,48530000,59320000
2026-09-16T00:08:12.745Z,47505,10600000,36800000
2026-09-16T00:08:12.745Z,40752,46570000,67430000
2026-09-16T00:08:12.745Z,62545,678.2,989.9
2026-09-16T00:08:12.745Z,54320,17310,777700
2026-09-16T00:08:12.745Z,3317,15000,260200
2026-09-16T00:08:12.745Z,603,100000,110000
2026-09-16T00:08:12.745Z,49682,91390,677700
2026-09-16T00:08:12.745Z,31250,50400,99370
2026-09-16T00:08:12.745Z,85750,55860000,136200000
2026-09-16T00:08:12.745Z,15012,626700000,1803000000
2026-09-16T00:08:12.745Z,33201,915500,976900
2026-09-16T00:08:12.745Z,19235,100000,197900
2026-09-16T00:08:12.745Z,3122,2454000,3222000
2026-09-16T00:08:12.745Z,33062,1320000,4000000
2026-09-16T00:08:12.745Z,89241,25390,118900
2026-09-16T00:08:12.745Z,17252,20040,9277000
2026-09-16T00:08:12.745Z,47816,434600,713700
2026-09-16T00:08:12.745Z,26330,23240000,44940000
2026-09-16T00:08:12.745Z,24640,111500000,119200000
2026-09-16T00:08:12.745Z,59633,30710000,66810000
2026-09-16T00:08:12.745Z,23416,175400000,199500000
2026-09-16T00:08:12.745Z,15288,3070000000,3443000000
2026-09-16T00:08:12.745Z,14429,2276000,1692000000
2026-09-16T00:08:12.745Z,92554,142500000,269400000
2026-09-16T00:08:12.745Z,62382,80050,84470
2026-09-16T00:08:12.745Z,30547,1634000,5300000
2026-09-16T00:08:12.745Z,45957,186000,2000000
2026-09-16T00:08:12.745Z,92372,3.58,7.29
2026-09-16T00:08:12.745Z,24541,381,508
2026-09-16T00:08:12.745Z,30554,3591000,5300000
2026-09-16T00:08:12.745Z,31448,960000,1010000
2026-09-16T00:08:12.745Z,28744,68650000,77530000
2026-09-16T00:08:12.745Z,1948,3169,120500
2026-09-16T00:08:12.745Z,33406,244500000,293700000
2026-09-16T00:08:12.745Z,63644,900800,5277000
2026-09-16T00:08:12.745Z,85533,1838000,7485000
2026-09-16T00:08:12.745Z,28302,193400,229600
2026-09-16T00:08:12.745Z,31622,1033000,1565000
2026-09-16T00:08:12.745Z,17857,3403,4964
2026-09-16T00:08:12.745Z,14536,3303000000,4796000000
2026-09-16T00:08:12.745Z,31588,890900,1242000
2026-09-16T00:08:12.745Z,48505,0.01,258400000
2026-09-16T00:08:12.745Z,21420,425.1,2994
2026-09-16T00:08:12.745Z,47353,51220000,103300000
2026-09-16T00:08:12.745Z,28788,106900000,118000000
2026-09-16T00:08:12.745Z,85673,420800000,526400000
2026-09-16T00:08:12.745Z,15242,624700000,930900000
2026-09-16T00:08:12.745Z,23418,64270000,77370000
2026-09-16T00:08:12.745Z,34643,11720000,635000000
2026-09-16T00:08:12.745Z,54907,0.01,1800000000
2026-09-16T00:08:12.745Z,36778,11660000,143100000
2026-09-16T00:08:12.745Z,58872,1000000,20800000
2026-09-16T00:08:12.745Z,3079,184400000,535300000
2026-09-16T00:08:12.745Z,82460,20120,952100
2026-09-16T00:08:12.745Z,52434,395500000,3880000000
2026-09-16T00:08:12.745Z,55658,1000,97830
2026-09-16T00:08:12.745Z,15757,45280000,58430000
2026-09-16T00:08:12.745Z,42244,91900000,103300000
2026-09-16T00:08:12.745Z,34618,0.01,799900000
2026-09-16T00:08:12.745Z,46211,17850000,23000000
2026-09-16T00:08:12.745Z,62475,138.3,1922
2026-09-16T00:08:12.745Z,24475,32.02,35
2026-09-16T00:08:12.745Z,91929,9173000,11200000
2026-09-16T00:08:12.745Z,43761,1666000,38000000
2026-09-16T00:08:12.745Z,520,40200,56660
2026-09-16T00:08:12.745Z,52299,811000,4528000
2026-09-16T00:08:12.745Z,85674,34000000,498700000
2026-09-16T00:08:12.745Z,47496,3200000,20000000
2026-09-16T00:08:12.745Z,34086,11900000,77520000
2026-09-16T00:08:12.745Z,91948,1643000,3599000
2026-09-16T00:08:12.745Z,42200,52640000,57800000
2026-09-16T00:08:12.745Z,26402,23370000,53590000
2026-09-16T00:08:12.745Z,25920,2515000,5241000
2026-09-16T00:08:12.745Z,27117,520600,745800
2026-09-16T00:08:12.745Z,23527,352100,778500
2026-09-16T00:08:12.745Z,48517,12010000,374600000
2026-09-16T00:08:12.745Z,85453,4620000,7994000
2026-09-16T00:08:12.745Z,27904,10510,108900
2026-09-16T00:08:12.745Z,3981,582300,892000
2026-09-16T00:08:12.745Z,17658,600.1,1963
2026-09-16T00:08:12.745Z,3496,603700,892200
2026-09-16T00:08:12.745Z,45980,10050000,192700000
2026-09-16T00:08:12.745Z,11553,34070,40980
2026-09-16T00:08:12.745Z,41239,127100000,165600000
2026-09-16T00:08:12.745Z,82452,20010,2624000
2026-09-16T00:08:12.745Z,47805,499800,847200
2026-09-16T00:08:12.745Z,47476,165800,29900000
2026-09-16T00:08:12.745Z,25588,2814,2990
2026-09-16T00:08:12.745Z,15278,1672000000,1897000000
2026-09-16T00:08:12.745Z,13233,14880000,17730000
2026-09-16T00:08:12.745Z,28615,3501000,5799000
2026-09-16T00:08:12.745Z,35928,1000000000,1304000000
2026-09-16T00:08:12.745Z,55532,1.01,320000
2026-09-16T00:08:12.745Z,20066,105000000,111200000
2026-09-16T00:08:12.745Z,15671,68640,719900
2026-09-16T00:08:12.745Z,27335,3800,8995
2026-09-16T00:08:12.745Z,19555,413000000,608200000
2026-09-16T00:08:12.745Z,55589,26010,98610
2026-09-16T00:08:12.745Z,26312,8201000,12370000
2026-09-16T00:08:12.745Z,22535,150800000,167300000
2026-09-16T00:08:12.745Z,43750,500200,749700
2026-09-16T00:08:12.745Z,81359,41000000,180000000
2026-09-16T00:08:12.745Z,31546,7489000,34560000
2026-09-16T00:08:12.745Z,55628,71,90000
2026-09-16T00:08:12.745Z,47340,81710000,114400000
2026-09-16T00:08:12.745Z,52300,9375,1894000
2026-09-16T00:08:12.745Z,23139,886800,1687000
2026-09-16T00:08:12.745Z,3477,72350000,97760000
2026-09-16T00:08:12.745Z,58863,100000,14190000
2026-09-16T00:08:12.745Z,47700,84350000,100000000
2026-09-16T00:08:12.745Z,77399,147200000,212500000
2026-09-16T00:08:12.745Z,13879,8176000,23090000
2026-09-16T00:08:12.745Z,47772,1576000,1899000
2026-09-16T00:08:12.745Z,30187,18070000,22800000
2026-09-16T00:08:12.745Z,32043,780300,1265000
2026-09-16T00:08:12.745Z,95458,28600000,259600000
2026-09-16T00:08:12.745Z,37884,90000,4031000
2026-09-16T00:08:12.745Z,20,501,549.6
2026-09-16T00:08:12.745Z,27124,97050000,120500000
2026-09-16T00:08:12.745Z,37849,2311000,3000000
2026-09-16T00:08:12.745Z,55666,1001,1983000
2026-09-16T00:08:12.745Z,40357,121100000,130600000
2026-09-16T00:08:12.745Z,21857,172.2,7392
2026-09-16T00:08:12.745Z,41519,1500,9032
2026-09-16T00:08:12.745Z,3713,2534,10800
2026-09-16T00:08:12.745Z,84741,232100000,617800000
2026-09-16T00:08:12.745Z,16263,159000,195000
2026-09-16T00:08:12.745Z,21282,5016000,12650000
2026-09-16T00:08:12.745Z,82374,40000,95830
2026-09-16T00:08:12.745Z,55551,0.01,137000
2026-09-16T00:08:12.745Z,20433,50000,175900
2026-09-16T00:08:12.745Z,90615,166700,166800
2026-09-16T00:08:12.745Z,45607,33950000,37100000
2026-09-16T00:08:12.745Z,54785,7887,9842
2026-09-16T00:08:12.745Z,15613,301600,369100
2026-09-16T00:08:12.745Z,34718,2560000,10000000
2026-09-16T00:08:12.745Z,43694,12710000,13990000
2026-09-16T00:08:12.745Z,53436,123000000,167900000
2026-09-16T00:08:12.745Z,7331,2212,9500
2026-09-16T00:08:12.745Z,45982,72550000,144600000
2026-09-16T00:08:12.745Z,31438,,449800
2026-09-16T00:08:12.745Z,91941,3946000,15980000
2026-09-16T00:08:12.745Z,55622,70.01,169300
2026-09-16T00:08:12.745Z,58768,30110,580000
2026-09-16T00:08:12.745Z,55538,50020,100000
2026-09-16T00:08:12.745Z,33091,10010,99000
2026-09-16T00:08:12.745Z,43769,84020000,243000000
2026-09-16T00:08:12.745Z,3456,6159000,10950000
2026-09-16T00:08:12.745Z,45627,26850000,35460000
2026-09-16T00:08:12.745Z,3270,521000000,589900000
2026-09-16T00:08:12.745Z,47311,12210000,108900000
2026-09-16T00:08:12.745Z,14802,2385000000,2849000000
2026-09-16T00:08:12.745Z,14343,4933000,10760000
2026-09-16T00:08:12.745Z,42734,53100000,374000000
2026-09-16T00:08:12.745Z,3393,3012,38900
2026-09-16T00:08:12.745Z,3224,526100000,617300000
2026-09-16T00:08:12.745Z,88264,6107000000,9790000000
2026-09-16T00:08:12.745Z,18807,3800000,18740000
2026-09-16T00:08:12.745Z,14812,11010000000,13500000000
2026-09-16T00:08:12.745Z,43812,75080000,380000000
2026-09-16T00:08:12.745Z,46241,8734000,17900000
2026-09-16T00:08:12.745Z,18639,16990,28510
2026-09-16T00:08:12.745Z,16001,8393,28940
2026-09-16T00:08:12.745Z,45623,32560000,35450000
2026-09-16T00:08:12.745Z,37503,1264000,23000000
2026-09-16T00:08:12.745Z,93905,837500000,998000000
2026-09-16T00:08:12.745Z,88119,39480000,76990000
2026-09-16T00:08:12.745Z,46898,14490,2000000
2026-09-16T00:08:12.745Z,20006,381.4,799.8
2026-09-16T00:08:12.745Z,19689,89030000,116800000
2026-09-16T00:08:12.745Z,3189,520900000,739800000
2026-09-16T00:08:12.745Z,1232,4000,4001
2026-09-16T00:08:12.745Z,21023,12050000,14890000
2026-09-16T00:08:12.745Z,49099,6823000,8554000
2026-09-16T00:08:12.745Z,48559,0.01,790000000
2026-09-16T00:08:12.745Z,35006,100,4099
2026-09-16T00:08:12.745Z,83065,40000,149800
2026-09-16T00:08:12.745Z,62566,3302,5885
2026-09-16T00:08:12.745Z,23137,11370000,15370000
2026-09-16T00:08:12.745Z,46043,0.01,9382000000
2026-09-16T00:08:12.745Z,1190,751600,794000
2026-09-16T00:08:12.745Z,46169,1,9500000
2026-09-16T00:08:12.745Z,46217,,23000000
2026-09-16T00:08:12.745Z,60435,9600,977000
2026-09-16T00:08:12.745Z,31001,2672000,36860000
2026-09-16T00:08:12.745Z,35921,24960000,38890000
2026-09-16T00:08:12.745Z,62502,3502,4380
2026-09-16T00:08:12.745Z,47258,21260000,26690000
2026-09-16T00:08:12.745Z,25916,1756000,8749000
2026-09-16T00:08:12.745Z,55670,1000,100000
2026-09-16T00:08:12.745Z,54538,112900000,3100000000
2026-09-16T00:08:12.745Z,28443,220900,261200
2026-09-16T00:08:12.745Z,2486,7783,7784
2026-09-16T00:08:12.745Z,32107,2031000,8647000
2026-09-16T00:08:12.745Z,14514,11740000000,13000000000
2026-09-16T00:08:12.745Z,46802,626300,2398000
2026-09-16T00:08:12.745Z,17261,10100,993700
2026-09-16T00:08:12.745Z,9251,20000,80000
2026-09-16T00:08:12.745Z,34428,24000,22190000
2026-09-16T00:08:12.745Z,52639,30140000,250000000
2026-09-16T00:08:12.745Z,48424,39220,274700
2026-09-16T00:08:12.745Z,52785,41240000,55540000
2026-09-16T00:08:12.745Z,12767,153.1,191.1
2026-09-16T00:08:12.745Z,92661,2200000,28000000
2026-09-16T00:08:12.745Z,86120,3182000,14490000
2026-09-16T00:08:12.745Z,21035,11280000,13100000
2026-09-16T00:08:12.745Z,61204,252700,3473000
2026-09-16T00:08:12.745Z,57729,500000,1864000
2026-09-16T00:08:12.745Z,2104,845000,981400
2026-09-16T00:08:12.745Z,46637,280000000,304000000
2026-09-16T00:08:12.745Z,2547,506900,786900
2026-09-16T00:08:12.745Z,571,350400,975000
2026-09-16T00:08:12.745Z,55564,311,225100
2026-09-16T00:08:12.745Z,63782,100700,179800
2026-09-16T00:08:12.745Z,9941,7462000,8286000
2026-09-16T00:08:12.745Z,34068,80010000,750000000
2026-09-16T00:08:12.745Z,46426,164300000,3440000000
2026-09-16T00:08:12.745Z,23789,36040000,40770000
2026-09-16T00:08:12.745Z,3121,74420000,87380000
2026-09-16T00:08:12.745Z,26888,22760000,29890000
2026-09-16T00:08:12.745Z,84987,206900000,415000000
2026-09-16T00:08:12.745Z,19556,1152000000,1212000000
2026-09-16T00:08:12.745Z,31064,,650000
2026-09-16T00:08:12.745Z,31022,,550000
2026-09-16T00:08:12.745Z,30998,,550000
2026-09-16T00:08:12.745Z,31046,100000,650000
2026-09-16T00:08:12.745Z,22999,765.1,1449
2026-09-16T00:08:12.745Z,58879,50.04,8799000
2026-09-16T00:08:12.745Z,93003,960900,69890000
2026-09-16T00:08:12.745Z,47015,1003000,10690000
2026-09-16T00:08:12.745Z,55638,330000,1598000
2026-09-16T00:08:12.745Z,35090,12400,199700
2026-09-16T00:08:12.745Z,47867,4607,48940
2026-09-16T00:08:12.745Z,60923,5302000,35780000
2026-09-16T00:08:12.745Z,58871,236700,12640000
2026-09-16T00:08:12.745Z,29081,317400,1373000
2026-09-16T00:08:12.745Z,14375,2647000,799600000
2026-09-16T00:08:12.745Z,46156,6021000,36900000
2026-09-16T00:08:12.745Z,15790,24330000,26480000
2026-09-16T00:08:12.745Z,53894,573800000,648900000
2026-09-16T00:08:12.745Z,35940,23540000,28500000
2026-09-16T00:08:12.745Z,2537,6551,57000
2026-09-16T00:08:12.745Z,60239,106500,8900000
2026-09-16T00:08:12.745Z,58886,9779,1100000
2026-09-16T00:08:12.745Z,46251,5254000,10440000
2026-09-16T00:08:12.745Z,24642,50040000,108600000
2026-09-16T00:08:12.745Z,28282,420200,522500
2026-09-16T00:08:12.745Z,55613,1000,80000
2026-09-16T00:08:12.745Z,21029,6346000,7097000
2026-09-16T00:08:12.745Z,54754,2250000000,2946000000
2026-09-16T00:08:12.745Z,6761,219700,219900
2026-09-16T00:08:12.745Z,31969,2500000,88740000
2026-09-16T00:08:12.745Z,45888,511000,4000000
2026-09-16T00:08:12.745Z,95528,810000000,1529000000
2026-09-16T00:08:12.745Z,34603,64300000,550000000
2026-09-16T00:08:12.745Z,47815,323100,990000
2026-09-16T00:08:12.745Z,12559,63200,82160
2026-09-16T00:08:12.745Z,35922,38180000,42190000
2026-09-16T00:08:12.745Z,32937,629100000,914000000
2026-09-16T00:08:12.745Z,70843,210100000,3768000000
2026-09-16T00:08:12.745Z,41249,65650000,74240000
2026-09-16T00:08:12.745Z,46965,423200,6910000
2026-09-16T00:08:12.745Z,32947,632700000,1250000000
2026-09-16T00:08:12.745Z,32935,506400000,800000000
2026-09-16T00:08:12.745Z,3208,28420000,73800000
2026-09-16T00:08:12.745Z,3207,22270000,100500000
2026-09-16T00:08:12.745Z,10840,241100,1143000
2026-09-16T00:08:12.745Z,27906,1829000,26740000
2026-09-16T00:08:12.745Z,63052,9419000,35750000
2026-09-16T00:08:12.745Z,41441,398100000,679600000
2026-09-16T00:08:12.745Z,27229,70100,1000000
2026-09-16T00:08:12.745Z,43882,600700000,897800000
2026-09-16T00:08:12.745Z,17459,23.15,29.2
2026-09-16T00:08:12.745Z,42624,50180000,19820000000
2026-09-16T00:08:12.745Z,52297,2230,15220000
2026-09-16T00:08:12.745Z,27327,546.6,618
2026-09-16T00:08:12.745Z,40634,1063000000,1517000000
2026-09-16T00:08:12.745Z,19992,,689.5
2026-09-16T00:08:12.745Z,17528,76510000,86990000
2026-09-16T00:08:12.745Z,14542,16750000000,19000000000
2026-09-16T00:08:12.745Z,25900,7861000,9849000
2026-09-16T00:08:12.745Z,11443,800900,11900000
2026-09-16T00:08:12.745Z,63855,10800,949900
2026-09-16T00:08:12.745Z,46433,0.01,25000000000
2026-09-16T00:08:12.745Z,14102,18450000,24100000
2026-09-16T00:08:12.745Z,31582,2247000,12940000
2026-09-16T00:08:12.745Z,19129,13220000,18970000
2026-09-16T00:08:12.745Z,32121,100700,31500000
2026-09-16T00:08:12.745Z,27194,183000000,198900000
2026-09-16T00:08:12.745Z,28205,1148000,1497000
2026-09-16T00:08:12.745Z,23819,75010000,97660000
2026-09-16T00:08:12.745Z,79755,193200000,356000000
2026-09-16T00:08:12.745Z,78367,102700000,102800000
2026-09-16T00:08:12.745Z,16664,6600,7243
2026-09-16T00:08:12.745Z,46176,9201000,11000000
2026-09-16T00:08:12.745Z,26066,0.01,3493000
2026-09-16T00:08:12.745Z,19547,110500000,122600000
2026-09-16T00:08:12.745Z,59844,0.01,1000000000
2026-09-16T00:08:12.745Z,33066,100000,47890000
2026-09-16T00:08:12.745Z,33891,,650000
2026-09-16T00:08:12.745Z,47498,15000000,55830000
2026-09-16T00:08:12.745Z,16241,3000000,8784000
2026-09-16T00:08:12.745Z,47304,716100,12330000
2026-09-16T00:08:12.745Z,26062,,583600
2026-09-16T00:08:12.745Z,46233,252000,1400000
2026-09-16T00:08:12.745Z,32123,14020,8450000
2026-09-16T00:08:12.745Z,79762,55410000,99950000
2026-09-16T00:08:12.745Z,48548,0.01,2800000000
2026-09-16T00:08:12.745Z,30552,4251000,6982000
2026-09-16T00:08:12.745Z,15509,602000,2698000
2026-09-16T00:08:12.745Z,15280,2633000000,3485000000
2026-09-16T00:08:12.745Z,47325,263500000,324800000
2026-09-16T00:08:12.745Z,74156,606700,14690000
2026-09-16T00:08:12.745Z,46855,1506000,11980000
2026-09-16T00:08:12.745Z,27114,178700000,200900000
2026-09-16T00:08:12.745Z,85088,48000,52000
2026-09-16T00:08:12.745Z,57483,77020000,85750000
2026-09-16T00:08:12.745Z,84334,8053000,14990000
2026-09-16T00:08:12.745Z,81603,15000000,19980000
2026-09-16T00:08:12.745Z,27107,50120,694800
2026-09-16T00:08:12.745Z,53053,90000,1000000
2026-09-16T00:08:12.745Z,57334,378500000,996000000
2026-09-16T00:08:12.745Z,41486,14500000,22240000
2026-09-16T00:08:12.745Z,19169,80390000,143100000
2026-09-16T00:08:12.745Z,27190,174000000,200200000
2026-09-16T00:08:12.745Z,3357,2798,54900
2026-09-16T00:08:12.745Z,31802,1117000,1311000
2026-09-16T00:08:12.745Z,95525,350100000,840800000
2026-09-16T00:08:12.745Z,47617,0.01,1340000000
2026-09-16T00:08:12.745Z,84422,3166000,17960000
2026-09-16T00:08:12.745Z,85517,1527000,6498000
2026-09-16T00:08:12.745Z,31590,35040,32870000
2026-09-16T00:08:12.745Z,5745,2103,7890
2026-09-16T00:08:12.745Z,21611,25140000,32800000
2026-09-16T00:08:12.745Z,56925,0.01,345000000
2026-09-16T00:08:12.745Z,91923,1550000,19860000
2026-09-16T00:08:12.745Z,32035,1060000,1252000
2026-09-16T00:08:12.745Z,22993,814.7,1187
2026-09-16T00:08:12.745Z,92963,55060000,74750000
2026-09-16T00:08:12.745Z,49709,67310,3800000
2026-09-16T00:08:12.745Z,14688,6253000000,8000000000
2026-09-16T00:08:12.745Z,17441,552.4,1100
2026-09-16T00:08:12.745Z,31968,16470000,22680000
2026-09-16T00:08:12.745Z,16595,13980000,16650000
2026-09-16T00:08:12.745Z,20207,1034000000,1373000000
2026-09-16T00:08:12.745Z,34420,201000,888700
2026-09-16T00:08:12.745Z,14698,4666000000,8579000000
2026-09-16T00:08:12.745Z,20342,45060000,60000000
2026-09-16T00:08:12.745Z,37230,106500000,113000000
2026-09-16T00:08:12.745Z,31189,,987200
2026-09-16T00:08:12.745Z,45786,1167000,5000000
2026-09-16T00:08:12.745Z,93475,18470000,50000000
2026-09-16T00:08:12.745Z,11455,811400,2083000
2026-09-16T00:08:12.745Z,44146,102.1,947800
2026-09-16T00:08:12.745Z,90402,422000000,637000000
2026-09-16T00:08:12.745Z,21332,26,69
2026-09-16T00:08:12.745Z,45835,502300,2000000
2026-09-16T00:08:12.745Z,83230,10000,93450000
2026-09-16T00:08:12.745Z,4155,101000000,399900000
2026-09-16T00:08:12.745Z,31452,23000,44060000
2026-09-16T00:08:12.745Z,20761,590.8,3380
2026-09-16T00:08:12.745Z,26382,3332000,6916000
2026-09-16T00:08:12.745Z,32117,3545000,7500000
2026-09-16T00:08:12.745Z,33850,80370000,138000000
2026-09-16T00:08:12.745Z,60098,268900000,735000000
2026-09-16T00:08:12.745Z,55353,0.23,198100
2026-09-16T00:08:12.745Z,55301,0.01,141100
2026-09-16T00:08:12.745Z,46743,50220,40000000
2026-09-16T00:08:12.745Z,91916,1535000,3000000
2026-09-16T00:08:12.745Z,15939,137200000,156200000
2026-09-16T00:08:12.745Z,12096,22110000,34000000
2026-09-16T00:08:12.745Z,41466,91350000,121300000
2026-09-16T00:08:12.745Z,14492,14680000,1905000000
2026-09-16T00:08:12.745Z,13218,13020000,17200000
2026-09-16T00:08:12.745Z,41066,243500000,471500000
2026-09-16T00:08:12.745Z,46707,201100,1900000
2026-09-16T00:08:12.745Z,48557,0.01,2900000000
2026-09-16T00:08:12.745Z,25868,5153000000,7910000000
2026-09-16T00:08:12.745Z,53308,69000000,100000000
2026-09-16T00:08:12.745Z,46166,,12000000
2026-09-16T00:08:12.745Z,23618,50310,99000
2026-09-16T00:08:12.745Z,87514,2106000,5998000
2026-09-16T00:08:12.745Z,85931,113100000,189600000
2026-09-16T00:08:12.745Z,48551,0.01,3200000000
2026-09-16T00:08:12.745Z,46323,390000000,399000000
2026-09-16T00:08:12.745Z,55586,1000,98580
2026-09-16T00:08:12.745Z,54742,96000000,121100000
2026-09-16T00:08:12.745Z,30014,5101,7000000
2026-09-16T00:08:12.745Z,45966,25100,3000000
2026-09-16T00:08:12.745Z,19690,68570000,99940000
2026-09-16T00:08:12.745Z,91930,43100000,98880000
2026-09-16T00:08:12.745Z,47625,24130000,55900000
2026-09-16T00:08:12.745Z,14118,78280000,123300000
2026-09-16T00:08:12.745Z,37156,75000000,449900000
2026-09-16T00:08:12.745Z,3717,157.1,15520
2026-09-16T00:08:12.745Z,55696,500,432100
2026-09-16T00:08:12.745Z,13259,15320000,16890000
2026-09-16T00:08:12.745Z,17364,136200,296900
2026-09-16T00:08:12.745Z,31081,102500000,447400000
2026-09-16T00:08:12.745Z,19145,96830000,118900000
2026-09-16T00:08:12.745Z,45494,62.1,2300
2026-09-16T00:08:12.745Z,17423,5001,44410000
2026-09-16T00:08:12.745Z,16243,4000000,12600000
2026-09-16T00:08:12.745Z,19261,9515000,17990000
2026-09-16T00:08:12.745Z,91942,17800000,50000000
2026-09-16T00:08:12.745Z,16457,5000000,5413000
2026-09-16T00:08:12.745Z,54536,3746000000,8499000000
2026-09-16T00:08:12.745Z,55597,0.02,500000
2026-09-16T00:08:12.745Z,16647,5060,5486
2026-09-16T00:08:12.745Z,15108,16820000000,23600000000
2026-09-16T00:08:12.745Z,55354,1000,60000
2026-09-16T00:08:12.745Z,31942,23990000,32920000
2026-09-16T00:08:12.745Z,33031,210100,499900
2026-09-16T00:08:12.745Z,23146,200.3,56500
2026-09-16T00:08:12.745Z,41193,1715000000,2385000000
2026-09-16T00:08:12.745Z,27445,383,1354
2026-09-16T00:08:12.745Z,5365,6718,9700
2026-09-16T00:08:12.745Z,49153,0.01,6800000000
2026-09-16T00:08:12.745Z,822,10,1180000
2026-09-16T00:08:12.745Z,21538,44500000,73640000
2026-09-16T00:08:12.745Z,15102,3529000000,4899000000
2026-09-16T00:08:12.745Z,12305,5026,99000
2026-09-16T00:08:12.745Z,529,3047,30000
2026-09-16T00:08:12.745Z,24484,601000000,1249000000
2026-09-16T00:08:12.745Z,47839,184200000,271500000
2026-09-16T00:08:12.745Z,45883,107000,1936000
2026-09-16T00:08:12.745Z,55303,1045,169900
2026-09-16T00:08:12.745Z,13882,332800,1900000
2026-09-16T00:08:12.745Z,45887,501400,1000000
2026-09-16T00:08:12.745Z,14766,16210000000,39720000000
2026-09-16T00:08:12.745Z,41205,6703000000,8635000000
2026-09-16T00:08:12.745Z,45797,20000000,40000000
2026-09-16T00:08:12.745Z,46245,122400000,991900000
2026-09-16T00:08:12.745Z,3955,455600,1116000
2026-09-16T00:08:12.745Z,83469,2251000,2297000
2026-09-16T00:08:12.745Z,36827,0.01,5025000000
2026-09-16T00:08:12.745Z,55539,10000,200000
2026-09-16T00:08:12.745Z,4165,45230000,100100000
2026-09-16T00:08:12.745Z,20773,,4199
2026-09-16T00:08:12.745Z,19698,110000000,121300000
2026-09-16T00:08:12.745Z,48224,2500000,134600000
2026-09-16T00:08:12.745Z,20777,750.1,5085
2026-09-16T00:08:12.745Z,23130,855800,4992000
2026-09-16T00:08:12.745Z,55637,101.5,150000
2026-09-16T00:08:12.745Z,41514,3590000,299000000
2026-09-16T00:08:12.745Z,2204,80000,498000
2026-09-16T00:08:12.745Z,36830,0.01,4999000000
2026-09-16T00:08:12.745Z,24636,90980000,124600000
2026-09-16T00:08:12.745Z,14808,4416000000,5000000000
2026-09-16T00:08:12.745Z,11889,5000,984900
2026-09-16T00:08:12.745Z,92631,475300000,741000000
2026-09-16T00:08:12.745Z,53191,0.01,3999000000
2026-09-16T00:08:12.745Z,11279,945100,1388000
2026-09-16T00:08:12.745Z,456,5068,113800
2026-09-16T00:08:12.745Z,78366,467600000,509000000
2026-09-16T00:08:12.745Z,23035,600.8,915.8
2026-09-16T00:08:12.745Z,19697,110500000,123600000
2026-09-16T00:08:12.745Z,15284,1205000000,1402000000
2026-09-16T00:08:12.745Z,58827,250000000,1400000000
2026-09-16T00:08:12.745Z,46162,,15870000
2026-09-16T00:08:12.745Z,47799,47910,194900
2026-09-16T00:08:12.745Z,14508,1801000000,3495000000
2026-09-16T00:08:12.745Z,15112,441300,449000000
2026-09-16T00:08:12.745Z,91961,46840000,99900000
2026-09-16T00:08:12.745Z,15841,172800,67990000
2026-09-16T00:08:12.745Z,55690,0.01,240000
2026-09-16T00:08:12.745Z,45911,5036000,20030000
2026-09-16T00:08:12.745Z,78816,1123000000,2772000000
2026-09-16T00:08:12.745Z,12557,33520,45000
2026-09-16T00:08:12.745Z,11370,1725000,2000000
2026-09-16T00:08:12.745Z,48850,0.01,1178000000
2026-09-16T00:08:12.745Z,24312,420000000,588000000
2026-09-16T00:08:12.745Z,41210,30100000000,35500000000
2026-09-16T00:08:12.745Z,32873,5158000,9661000
2026-09-16T00:08:12.745Z,93002,1400000,48780000
2026-09-16T00:08:12.745Z,2184,1007000,1950000
2026-09-16T00:08:12.745Z,46865,2154000,20460000
2026-09-16T00:08:12.745Z,40615,0.01,5025000000
2026-09-16T00:08:12.745Z,55302,5000,109700
2026-09-16T00:08:12.745Z,14810,4803000000,5897000000
2026-09-16T00:08:12.745Z,37553,4298000,90000000
2026-09-16T00:08:12.745Z,26252,100.3,10000
2026-09-16T00:08:12.745Z,14800,2554000000,3038000000
2026-09-16T00:08:12.745Z,91935,1544000,2500000
2026-09-16T00:08:12.745Z,27547,5150000,43300000
2026-09-16T00:08:12.745Z,46947,138.7,2994000
2026-09-16T00:08:12.745Z,54383,565600000,899900000
2026-09-16T00:08:12.745Z,41517,804,15950
2026-09-16T00:08:12.745Z,16599,850500000,1589000000
2026-09-16T00:08:12.745Z,63781,6,174900
2026-09-16T00:08:12.745Z,15980,22170,33000000
2026-09-16T00:08:12.745Z,78779,303100,1200000
2026-09-16T00:08:12.745Z,8815,21190,200000
2026-09-16T00:08:12.745Z,14457,18400000,14400000000
2026-09-16T00:08:12.745Z,45668,1055000000,2500000000
2026-09-16T00:08:12.745Z,58819,0.01,1400000000
2026-09-16T00:08:12.745Z,972,70640000,88000000
2026-09-16T00:08:12.745Z,45856,69190000,113100000
2026-09-16T00:08:12.745Z,21346,50.23,799.9
2026-09-16T00:08:12.745Z,14780,3180000000,3999000000
2026-09-16T00:08:12.745Z,25275,40360,74850
2026-09-16T00:08:12.745Z,12994,7426000,449200000
2026-09-16T00:08:12.745Z,63784,258900,499900
2026-09-16T00:08:12.745Z,23025,2100,2399
2026-09-16T00:08:12.745Z,53172,0.01,1399000000
2026-09-16T00:08:12.745Z,42744,1801000,209000000
2026-09-16T00:08:12.745Z,16278,2885000,3152000
2026-09-16T00:08:12.745Z,23674,600000000,825300000
2026-09-16T00:08:12.745Z,27121,105900000,120300000
2026-09-16T00:08:12.745Z,41213,8739000,27990000
2026-09-16T00:08:12.745Z,17648,1383,2430
2026-09-16T00:08:12.745Z,75277,18.11,24.99
2026-09-16T00:08:12.745Z,15306,626700000,765000000
2026-09-16T00:08:12.745Z,59335,0.01,1495000000
2026-09-16T00:08:12.745Z,43662,37010000,186200000
2026-09-16T00:08:12.745Z,37517,0.01,2498000000
2026-09-16T00:08:12.745Z,55558,66660,699800
2026-09-16T00:08:12.745Z,48546,0.01,1800000000
2026-09-16T00:08:12.745Z,27919,237000,216600000
2026-09-16T00:08:12.745Z,58813,0.01,4000000000
2026-09-16T00:08:12.745Z,21202,75500,1110000
2026-09-16T00:08:12.745Z,90120,4230000,9881000
2026-09-16T00:08:12.745Z,15136,827900000,1665000000
2026-09-16T00:08:12.745Z,55629,500,74000
2026-09-16T00:08:12.745Z,90403,325000000,997000000
2026-09-16T00:08:12.745Z,4062,311000000,9759000000
2026-09-16T00:08:12.745Z,55588,100,119700
2026-09-16T00:08:12.745Z,4170,14320000,233700000
2026-09-16T00:08:12.745Z,12095,1120000,6000000
2026-09-16T00:08:12.745Z,12202,1804000,3290000
2026-09-16T00:08:12.745Z,91953,5555000,10010000
2026-09-16T00:08:12.745Z,11585,336,9000
2026-09-16T00:08:12.745Z,21816,986700000,1561000000
2026-09-16T00:08:12.745Z,15840,22520000,149900000
2026-09-16T00:08:12.745Z,14188,193700000,223900000
2026-09-16T00:08:12.745Z,3361,1880,179000
2026-09-16T00:08:12.745Z,60957,154300000,1500000000
2026-09-16T00:08:12.745Z,31712,2344000,5488000
2026-09-16T00:08:12.745Z,27925,50000000,170900000
2026-09-16T00:08:12.745Z,55355,1027,163500
2026-09-16T00:08:12.745Z,45845,1131000,10110000
2026-09-16T00:08:12.745Z,22543,9999,262000
2026-09-16T00:08:12.745Z,47680,1456000000,3224000000
2026-09-16T00:08:12.745Z,14794,4626000000,7000000000
2026-09-16T00:08:12.745Z,3113,35240000,97900000
2026-09-16T00:08:12.745Z,49651,900700,222200000
2026-09-16T00:08:12.745Z,62396,42190,65000
2026-09-16T00:08:12.745Z,55559,20000,9856000
2026-09-16T00:08:12.745Z,55695,500,4207000
2026-09-16T00:08:12.745Z,14755,4307000000,8000000000
2026-09-16T00:08:12.745Z,90406,1250000000,2915000000
2026-09-16T00:08:12.745Z,46410,0.01,5000000000
2026-09-16T00:08:12.745Z,82455,160000,4957000
2026-09-16T00:08:12.745Z,75275,19.85,25
2026-09-16T00:08:12.745Z,55341,1010,120000
2026-09-16T00:08:12.745Z,52774,27180000,3000000000
2026-09-16T00:08:12.745Z,43877,946400000,1845000000
2026-09-16T00:08:12.745Z,28784,54110000,88380000
2026-09-16T00:08:12.745Z,62495,818.2,2985
2026-09-16T00:08:12.745Z,819,1000,21000
2026-09-16T00:08:12.745Z,45965,209000,5000000
2026-09-16T00:08:12.745Z,14441,,8000000000
2026-09-16T00:08:12.745Z,55513,2605000,6250000
2026-09-16T00:08:12.745Z,34174,48190000,79880000
2026-09-16T00:08:12.745Z,3236,5048000,6850000
2026-09-16T00:08:12.745Z,28656,59270000,75000000
2026-09-16T00:08:12.745Z,63773,1004,999800
2026-09-16T00:08:12.745Z,15258,4089000000,5999000000
2026-09-16T00:08:12.745Z,63776,26400,2897000
2026-09-16T00:08:12.745Z,575,504800,1191000
2026-09-16T00:08:12.745Z,55612,1008,411100
2026-09-16T00:08:12.745Z,4147,994000,2890000
2026-09-16T00:08:12.745Z,26258,141.2,190000
2026-09-16T00:08:12.745Z,11872,10020,699700
2026-09-16T00:08:12.745Z,22452,37750000,55600000
2026-09-16T00:08:12.745Z,14387,618400,330600000
2026-09-16T00:08:12.745Z,15062,625100000,2599000000
2026-09-16T00:08:12.745Z,47766,41310,495000
2026-09-16T00:08:12.745Z,15290,6481000000,8128000000
2026-09-16T00:08:12.745Z,45554,18810000,250000000
2026-09-16T00:08:12.745Z,16591,30150000,45000000
2026-09-16T00:08:12.745Z,22043,2703000,35000000
2026-09-16T00:08:12.745Z,45738,7211000,48130000
2026-09-16T00:08:12.745Z,83208,10000,45600000
2026-09-16T00:08:12.745Z,93661,85000000,559500000
2026-09-16T00:08:12.745Z,63770,1022,3000000
2026-09-16T00:08:12.745Z,19725,1386000000,1997000000
2026-09-16T00:08:12.745Z,21818,3337000000,5999000000
2026-09-16T00:08:12.745Z,16232,370100000,799800000
2026-09-16T00:08:12.745Z,54826,56630000,68740000
2026-09-16T00:08:12.745Z,52754,0.01,2495000000
2026-09-16T00:08:12.745Z,22983,324.9,866.9
2026-09-16T00:08:12.745Z,21610,18200000,21320000
2026-09-16T00:08:12.745Z,15713,6150000,29870000
2026-09-16T00:08:12.745Z,42885,500000,9999000
2026-09-16T00:08:12.745Z,3133,3089000,6381000
2026-09-16T00:08:12.745Z,42884,250000,9999000
2026-09-16T00:08:12.745Z,14445,8033000,9000000000
2026-09-16T00:08:12.745Z,62505,9151,16620
2026-09-16T00:08:12.745Z,62504,8076,12700
2026-09-16T00:08:12.745Z,55682,4003,20000000
2026-09-16T00:08:12.745Z,62484,1650,2900
2026-09-16T00:08:12.745Z,45986,1100000,3000000
2026-09-16T00:08:12.745Z,44935,5027000,49800000
2026-09-16T00:08:12.745Z,11855,0.02,2807
2026-09-16T00:08:12.745Z,45,1.65,39000
2026-09-16T00:08:12.745Z,3197,50030000,93750000
2026-09-16T00:08:12.745Z,12824,277900,324900
2026-09-16T00:08:12.745Z,85715,,6100000
2026-09-16T00:08:12.745Z,18845,7889000,14000000
2026-09-16T00:08:12.745Z,47298,129100000,153100000
2026-09-16T00:08:12.745Z,48817,2136000000,22860000000
2026-09-16T00:08:12.745Z,37234,80130000,122000000
2026-09-16T00:08:12.745Z,565,4100,4101
2026-09-16T00:08:12.745Z,57019,2000000,50000000
2026-09-16T00:08:12.745Z,33064,41040000,350000000
2026-09-16T00:08:12.745Z,54439,6019000,50980000
2026-09-16T00:08:12.745Z,62483,1439,2095
2026-09-16T00:08:12.745Z,55671,100,74210
2026-09-16T00:08:12.745Z,3417,1002,59990
2026-09-16T00:08:12.745Z,59334,54760000,2497000000
2026-09-16T00:08:12.745Z,54766,0.01,290000000
2026-09-16T00:08:12.745Z,36509,250000000,3960000000
2026-09-16T00:08:12.745Z,15148,3351000000,6100000000
2026-09-16T00:08:12.745Z,76236,500000000,2189000000
2026-09-16T00:08:12.745Z,76244,60000000,1249000000
2026-09-16T00:08:12.745Z,15110,16210000000,23990000000
2026-09-16T00:08:12.745Z,36829,0.01,5025000000
2026-09-16T00:08:12.745Z,15862,17410000,150000000
2026-09-16T00:08:12.745Z,77403,0.01,799800000
2026-09-16T00:08:12.745Z,15030,1623000000,5499000000
2026-09-16T00:08:12.745Z,94013,10000000,3000000000
2026-09-16T00:08:12.745Z,59331,102000000,2184000000
2026-09-16T00:08:12.745Z,48838,2781000,763100000
2026-09-16T00:08:12.745Z,46964,191400,2200000
2026-09-16T00:08:12.745Z,55680,274500,984100
2026-09-16T00:08:12.745Z,46419,0.01,3500000000
2026-09-16T00:08:12.745Z,43785,15260000,140000000
2026-09-16T00:08:12.745Z,59470,0.01,348900000
2026-09-16T00:08:12.745Z,46892,319700,3000000
2026-09-16T00:08:12.745Z,52433,229500000,3490000000
2026-09-16T00:08:12.745Z,13778,25810000,83870000
2026-09-16T00:08:12.745Z,15274,3507000000,4500000000
2026-09-16T00:08:12.745Z,79742,34130000,299000000
2026-09-16T00:08:12.745Z,87236,16000000,3403000000
2026-09-16T00:08:12.745Z,62452,7556000,85000000
2026-09-16T00:08:12.745Z,3344,0.01,6800000000
2026-09-16T00:08:12.745Z,24242,401300,1900000
2026-09-16T00:08:12.745Z,42679,150000000,1340000000
2026-09-16T00:08:12.745Z,55345,0.02,1417000
2026-09-16T00:08:12.745Z,55340,10000,198100
2026-09-16T00:08:12.745Z,27917,226200,214200000
2026-09-16T00:08:12.745Z,52438,142000000,1499000000
2026-09-16T00:08:12.745Z,32939,1328000000,1738000000
2026-09-16T00:08:12.745Z,15146,2542000000,4799000000
2026-09-16T00:08:12.745Z,32921,3792000000,5000000000
2026-09-16T00:08:12.745Z,3354,2226000,3500000
2026-09-16T00:08:12.745Z,46041,0.01,3000000000
2026-09-16T00:08:12.745Z,41203,5379000000,6200000000
2026-09-16T00:08:12.745Z,14804,2667000000,4499000000
2026-09-16T00:08:12.745Z,60754,0.01,4028000000
2026-09-16T00:08:12.745Z,48214,0.01,14400000000
2026-09-16T00:08:12.745Z,43758,57300000,250200000
2026-09-16T00:08:12.745Z,41194,2219000000,3999000000
2026-09-16T00:08:12.745Z,60451,1558000000,8000000000
2026-09-16T00:08:12.745Z,12366,125100,180000
2026-09-16T00:08:12.745Z,81032,335900,3000000
2026-09-16T00:08:12.745Z,57536,53000000,247900000
2026-09-16T00:08:12.745Z,30545,3844000,10000000
2026-09-16T00:08:12.745Z,15753,37140000,
2026-09-16T00:08:12.745Z,73793,2236000000,
2026-09-16T00:08:12.745Z,78414,1823000,
2026-09-16T00:08:12.745Z,81080,442200000,
2026-09-16T00:08:12.745Z,60958,94960000,
2026-09-16T00:08:12.745Z,24483,1939000000,
2026-09-16T00:08:12.745Z,85651,68050000,
2026-09-16T00:08:12.745Z,27243,124300,
2026-09-16T00:08:12.745Z,4057,141500000,
2026-09-16T00:08:12.745Z,55687,110,
2026-09-16T00:08:12.745Z,11572,25460,
2026-09-16T00:08:12.745Z,15266,1421000000,
2026-09-16T00:08:12.745Z,36497,850100000,
2026-09-16T00:08:12.745Z,48226,1500000,
2026-09-16T00:08:12.745Z,62469,110,
2026-09-16T00:08:12.745Z,91167,6522000,
2026-09-16T00:08:12.745Z,93468,30000000,
2026-09-16T00:08:12.745Z,40594,1,
2026-09-16T00:08:12.745Z,32072,10000,
2026-09-16T00:08:12.745Z,55583,1000,
2026-09-16T00:08:12.745Z,15094,6533000000,
2026-09-16T00:08:12.745Z,15046,4333000000,
2026-09-16T00:08:12.745Z,14976,147400000,
2026-09-16T00:08:12.745Z,15008,138500000,
2026-09-16T00:08:12.745Z,48853,1311000,
2026-09-16T00:08:12.745Z,15100,3477000000,
2026-09-16T00:08:12.745Z,15250,2717000000,
2026-09-16T00:08:12.745Z,46547,180000000,
2026-09-16T00:08:12.745Z,17978,1,
2026-09-16T00:08:12.745Z,48554,14480000,
2026-09-16T00:08:12.745Z,55635,0.01,
2026-09-16T00:08:12.745Z,58793,250000000,
2026-09-16T00:08:12.745Z,15044,4423000000,
2026-09-16T00:08:12.745Z,46714,8826000,
2026-09-16T00:08:12.745Z,8787,127000,
2026-09-16T00:08:12.745Z,31498,400000,
2026-09-16T05:53:51.894Z,25614,83180,87290
2026-09-16T05:53:51.894Z,18875,58500000,61990000
2026-09-16T05:53:51.894Z,27253,483700,727700
2026-09-16T05:53:51.894Z,52224,3623000,4294000
2026-09-16T05:53:51.894Z,12544,22060,51800
2026-09-16T05:53:51.894Z,25609,1618000,1700000
2026-09-16T05:53:51.894Z,3689,9900,10280
2026-09-16T05:53:51.894Z,12038,16650000,17600000
2026-09-16T05:53:51.894Z,12058,1877000,2009000
2026-09-16T05:53:51.894Z,17243,1403,1404
2026-09-16T05:53:51.894Z,20793,7594,16900
2026-09-16T05:53:51.894Z,62521,19.58,22.88
2026-09-16T05:53:51.894Z,5865,256.7,699.3
2026-09-16T05:53:51.894Z,3651,9,13.39
2026-09-16T05:53:51.894Z,95412,10000,69990
2026-09-16T05:53:51.894Z,29988,224300000,227700000
2026-09-16T05:53:51.894Z,14033,259000,742500
2026-09-16T05:53:51.894Z,31748,1370000,2423000
2026-09-16T05:53:51.894Z,17177,3300000,4200000
2026-09-16T05:53:51.894Z,17178,4012000,6002000
2026-09-16T05:53:51.894Z,40362,9979000,19430000
2026-09-16T05:53:51.894Z,17408,1019000,4658000
2026-09-16T05:53:51.894Z,47730,5997000,6631000
2026-09-16T05:53:51.894Z,3831,422100,464100
2026-09-16T05:53:51.894Z,3888,790800,845900
2026-09-16T05:53:51.894Z,19179,145100000,155000000
2026-09-16T05:53:51.894Z,32014,190100,200600
2026-09-16T05:53:51.894Z,40519,460100000,469200000
2026-09-16T05:53:51.894Z,23053,1454,1690
2026-09-16T05:53:51.894Z,20420,88140,97980
2026-09-16T05:53:51.894Z,223,6.85,13.49
2026-09-16T05:53:51.894Z,43898,,5042000
2026-09-16T05:53:51.894Z,23075,244000,298000
2026-09-16T05:53:51.894Z,12729,103700000,110400000
2026-09-16T05:53:51.894Z,91124,60000,64000
2026-09-16T05:53:51.894Z,40354,33090000,39300000
2026-09-16T05:53:51.894Z,12535,1331,125000
2026-09-16T05:53:51.894Z,19280,73000000,85860000
2026-09-16T05:53:51.894Z,16652,47030,53950
2026-09-16T05:53:51.894Z,87572,1711000000,1927000000
2026-09-16T05:53:51.894Z,3581,18140000,23380000
2026-09-16T05:53:51.894Z,2396,321.2,328.5
2026-09-16T05:53:51.894Z,85086,405100000,436300000
2026-09-16T05:53:51.894Z,25625,818600,892000
2026-09-16T05:53:51.894Z,14090,69340,206000
2026-09-16T05:53:51.894Z,16303,61460,92130
2026-09-16T05:53:51.894Z,31085,,1834000
2026-09-16T05:53:51.894Z,37,151.8,164.4
2026-09-16T05:53:51.894Z,85515,8400000,21960000
2026-09-16T05:53:51.894Z,50051,20190000,113000000
2026-09-16T05:53:51.894Z,12537,3839000,4092000
2026-09-16T05:53:51.894Z,42764,200000,1189000
2026-09-16T05:53:51.894Z,15904,85810000,154500000
2026-09-16T05:53:51.894Z,18668,75110000,84140000
2026-09-16T05:53:51.894Z,57459,84650,416300
2026-09-16T05:53:51.894Z,27255,400000,869600
2026-09-16T05:53:51.894Z,14174,11920000,12780000
2026-09-16T05:53:51.894Z,37295,123300000,169800000
2026-09-16T05:53:51.894Z,16375,295000,325000
2026-09-16T05:53:51.894Z,35661,543900,566700
2026-09-16T05:53:51.894Z,11557,31200,33640
2026-09-16T05:53:51.894Z,8101,16320,16900
2026-09-16T05:53:51.894Z,72913,1001000,9099000
2026-09-16T05:53:51.894Z,22122,160200000,188900000
2026-09-16T05:53:51.894Z,18676,89740000,97540000
2026-09-16T05:53:51.894Z,4348,623300000,689800000
2026-09-16T05:53:51.894Z,27092,406100,609900
2026-09-16T05:53:51.894Z,21570,639000,1098000
2026-09-16T05:53:51.894Z,1877,678100,738200
2026-09-16T05:53:51.894Z,83299,1001,100000
2026-09-16T05:53:51.894Z,6131,360.2,360.3
2026-09-16T05:53:51.894Z,47145,5648000,9499000
2026-09-16T05:53:51.894Z,47366,57230000,79790000
2026-09-16T05:53:51.894Z,8091,3317,8997
2026-09-16T05:53:51.894Z,31932,30690000,32680000
2026-09-16T05:53:51.894Z,16644,8112,8850
2026-09-16T05:53:51.894Z,19015,18550000,21300000
2026-09-16T05:53:51.894Z,12803,191.1,237.2
2026-09-16T05:53:51.894Z,27379,45.51,199.5
2026-09-16T05:53:51.894Z,13784,20180000,31300000
2026-09-16T05:53:51.894Z,3841,822300,893800
2026-09-16T05:53:51.894Z,81083,43410000,47570000
2026-09-16T05:53:51.894Z,47782,66420,74800
2026-09-16T05:53:51.894Z,19351,173600000,280800000
2026-09-16T05:53:51.894Z,17136,72110,75180
2026-09-16T05:53:51.894Z,43896,554300,755400
2026-09-16T05:53:51.894Z,41307,1001,6757
2026-09-16T05:53:51.894Z,37629,110000000,272100000
2026-09-16T05:53:51.894Z,11174,13540000,15120000
2026-09-16T05:53:51.894Z,83316,1003,167700
2026-09-16T05:53:51.894Z,15826,7585000,19230000
2026-09-16T05:53:51.894Z,47874,1200000,2901000
2026-09-16T05:53:51.894Z,639,141800000,154000000
2026-09-16T05:53:51.894Z,83473,2531000,2688000
2026-09-16T05:53:51.894Z,47765,17860,23160
2026-09-16T05:53:51.894Z,13969,189300000,200400000
2026-09-16T05:53:51.894Z,31179,201300,270600
2026-09-16T05:53:51.894Z,14003,10530000,11770000
2026-09-16T05:53:51.894Z,19051,29010000,30750000
2026-09-16T05:53:51.894Z,29101,61400,899300
2026-09-16T05:53:51.894Z,26440,3796000,7335000
2026-09-16T05:53:51.894Z,33985,68180000,79390000
2026-09-16T05:53:51.894Z,2367,121900,123100
2026-09-16T05:53:51.894Z,31722,1078000,1175000
2026-09-16T05:53:51.894Z,42215,1324000,1120000000
2026-09-16T05:53:51.894Z,192,75.61,93
2026-09-16T05:53:51.894Z,47904,49780,57840
2026-09-16T05:53:51.894Z,34575,922600,1048000
2026-09-16T05:53:51.894Z,9415,100000,146900
2026-09-16T05:53:51.894Z,1403,12460,20420
2026-09-16T05:53:51.894Z,20444,60450000,66480000
2026-09-16T05:53:51.894Z,83215,10000,184400
2026-09-16T05:53:51.894Z,23719,8669,9791
2026-09-16T05:53:51.894Z,6073,17320,17330
2026-09-16T05:53:51.894Z,87324,56120000,73700000
2026-09-16T05:53:51.894Z,14240,1966000,3198000
2026-09-16T05:53:51.894Z,16521,3234,5975
2026-09-16T05:53:51.894Z,3575,224300000,307600000
2026-09-16T05:53:51.894Z,20601,789100,3900000
2026-09-16T05:53:51.894Z,2333,340800,644500
2026-09-16T05:53:51.894Z,47899,9750000,12000000
2026-09-16T05:53:51.894Z,20443,168300000,270000000
2026-09-16T05:53:51.894Z,83709,236200,262000
2026-09-16T05:53:51.894Z,94131,11000,69750
2026-09-16T05:53:51.894Z,55581,2000,98610
2026-09-16T05:53:51.894Z,5697,157000,157200
2026-09-16T05:53:51.894Z,2875,1182000,1250000
2026-09-16T05:53:51.894Z,20414,92120,99420
2026-09-16T05:53:51.894Z,90639,15000,182400
2026-09-16T05:53:51.894Z,4405,827400,869600
2026-09-16T05:53:51.894Z,57445,831400,877700
2026-09-16T05:53:51.894Z,52236,190200000,331000000
2026-09-16T05:53:51.894Z,80907,21000000,27830000
2026-09-16T05:53:51.894Z,7447,410300,537000
2026-09-16T05:53:51.894Z,88001,4900000000,5576000000
2026-09-16T05:53:51.894Z,25619,1723000,1772000
2026-09-16T05:53:51.894Z,42209,342600000,405100000
2026-09-16T05:53:51.894Z,62460,737.8,799.8
2026-09-16T05:53:51.894Z,14250,56190000,63000000
2026-09-16T05:53:51.894Z,32325,9495000,19420000
2026-09-16T05:53:51.894Z,45814,100,900000
2026-09-16T05:53:51.894Z,62530,30.7,39.8
2026-09-16T05:53:51.894Z,41265,75.21,204.3
2026-09-16T05:53:51.894Z,28796,80150000,104400000
2026-09-16T05:53:51.894Z,19045,401400000,434000000
2026-09-16T05:53:51.894Z,13220,9079000,11480000
2026-09-16T05:53:51.894Z,34100,1100000,3500000
2026-09-16T05:53:51.894Z,7663,78740,100000
2026-09-16T05:53:51.894Z,94052,2804000,5734000
2026-09-16T05:53:51.894Z,52198,35700,75380
2026-09-16T05:53:51.894Z,5599,23640,36670
2026-09-16T05:53:51.894Z,1230,11.29,12.5
2026-09-16T05:53:51.894Z,56139,54060000,58050000
2026-09-16T05:53:51.894Z,31089,5149000,5477000
2026-09-16T05:53:51.894Z,19198,506700000,539100000
2026-09-16T05:53:51.894Z,47807,14840000,15990000
2026-09-16T05:53:51.894Z,14206,138100000,152500000
2026-09-16T05:53:51.894Z,31372,823500,886800
2026-09-16T05:53:51.894Z,7789,313100,434800
2026-09-16T05:53:51.894Z,33734,0.01,350000000
2026-09-16T05:53:51.894Z,41515,33820000,40390000
2026-09-16T05:53:51.894Z,22177,30000,44500
2026-09-16T05:53:51.894Z,25623,6011,6499
2026-09-16T05:53:51.894Z,31045,,368800
2026-09-16T05:53:51.894Z,16678,207.1,216.7
2026-09-16T05:53:51.894Z,2870,1053000,1106000
2026-09-16T05:53:51.894Z,1405,275200,307400
2026-09-16T05:53:51.894Z,11105,178000,178100
2026-09-16T05:53:51.894Z,62518,11.23,11.29
2026-09-16T05:53:51.894Z,9491,437500,538500
2026-09-16T05:53:51.894Z,21723,101000,992800
2026-09-16T05:53:51.894Z,33394,340500000,360800000
2026-09-16T05:53:51.894Z,63858,615000,4798000
2026-09-16T05:53:51.894Z,34430,534500,3990000
2026-09-16T05:53:51.894Z,30999,1104000,1591000
2026-09-16T05:53:51.894Z,47790,1208000,1300000
2026-09-16T05:53:51.894Z,15478,15210000,17820000
2026-09-16T05:53:51.894Z,31648,21000000,30990000
2026-09-16T05:53:51.894Z,7787,369600,439900
2026-09-16T05:53:51.894Z,649,2118000,2499000
2026-09-16T05:53:51.894Z,16274,669.1,697
2026-09-16T05:53:51.894Z,76152,500000,42500000
2026-09-16T05:53:51.894Z,16273,93.55,96.92
2026-09-16T05:53:51.894Z,47810,454700,758900
2026-09-16T05:53:51.894Z,19810,,12720
2026-09-16T05:53:51.894Z,31382,26230,159400
2026-09-16T05:53:51.894Z,26929,39770,71740
2026-09-16T05:53:51.894Z,31526,153600,346500
2026-09-16T05:53:51.894Z,11387,14190000,14980000
2026-09-16T05:53:51.894Z,33359,9921,9992
2026-09-16T05:53:51.894Z,47821,12500,149600
2026-09-16T05:53:51.894Z,34416,2100000,2399000
2026-09-16T05:53:51.894Z,94055,8589000,9873000
2026-09-16T05:53:51.894Z,27916,1201000,1549000
2026-09-16T05:53:51.894Z,53709,410400000,435800000
2026-09-16T05:53:51.894Z,47923,58210000,62600000
2026-09-16T05:53:51.894Z,25591,71010,71020
2026-09-16T05:53:51.894Z,62455,1158,1277
2026-09-16T05:53:51.894Z,17317,50000,56470
2026-09-16T05:53:51.894Z,13820,129700,900000
2026-09-16T05:53:51.894Z,249,1870,3720
2026-09-16T05:53:51.894Z,94139,60000,297500
2026-09-16T05:53:51.894Z,1201,56730,69980
2026-09-16T05:53:51.894Z,33361,13000,13680
2026-09-16T05:53:51.894Z,24507,340.4,429.1
2026-09-16T05:53:51.894Z,41330,951800,1208000
2026-09-16T05:53:51.894Z,18660,78520000,84070000
2026-09-16T05:53:51.894Z,8135,1007,29770
2026-09-16T05:53:51.894Z,34483,76760000,90000000
2026-09-16T05:53:51.894Z,76158,275200,9999000
2026-09-16T05:53:51.894Z,24547,19540000,22480000
2026-09-16T05:53:51.894Z,21486,8892000,23960000
2026-09-16T05:53:51.894Z,8177,900.1,1879
2026-09-16T05:53:51.894Z,27068,15650,332400
2026-09-16T05:53:51.894Z,34590,232700000,260500000
2026-09-16T05:53:51.894Z,29005,11910,19840
2026-09-16T05:53:51.894Z,37612,48750000,59000000
2026-09-16T05:53:51.894Z,33842,90900000,97890000
2026-09-16T05:53:51.894Z,31009,210400,296800
2026-09-16T05:53:51.894Z,44102,2955000,4793000
2026-09-16T05:53:51.894Z,53705,136900000,151400000
2026-09-16T05:53:51.894Z,31183,959300,1007000
2026-09-16T05:53:51.894Z,16635,244.7,263
2026-09-16T05:53:51.894Z,1824,40,60
2026-09-16T05:53:51.894Z,94142,30000,98900
2026-09-16T05:53:51.894Z,83465,111000000,138400000
2026-09-16T05:53:51.894Z,25599,520,597.3
2026-09-16T05:53:51.894Z,3512,992600,1231000
2026-09-16T05:53:51.894Z,12003,118900000,135600000
2026-09-16T05:53:51.894Z,9808,463700,464000
2026-09-16T05:53:51.894Z,23009,1345,1497
2026-09-16T05:53:51.894Z,14297,3381000,4039000
2026-09-16T05:53:51.894Z,53704,116700000,128300000
2026-09-16T05:53:51.894Z,8639,355300,396400
2026-09-16T05:53:51.894Z,629,8522000,8980000
2026-09-16T05:53:51.894Z,28694,88540,93800
2026-09-16T05:53:51.894Z,53706,205900000,221800000
2026-09-16T05:53:51.894Z,16497,343800,343900
2026-09-16T05:53:51.894Z,49710,25670000,25680000
2026-09-16T05:53:51.894Z,60473,30720000,34840000
2026-09-16T05:53:51.894Z,23561,185600,237700
2026-09-16T05:53:51.894Z,14144,48500000,55000000
2026-09-16T05:53:51.894Z,47650,25000,3900000
2026-09-16T05:53:51.894Z,37864,440200000,972600000
2026-09-16T05:53:51.894Z,47933,781.9,939.2
2026-09-16T05:53:51.894Z,20533,440000000,487900000
2026-09-16T05:53:51.894Z,57447,876400,928000
2026-09-16T05:53:51.894Z,26022,4042000,6597000
2026-09-16T05:53:51.894Z,41304,81.2,259.5
2026-09-16T05:53:51.894Z,43752,381700,3382000
2026-09-16T05:53:51.894Z,11381,17330000,18900000
2026-09-16T05:53:51.894Z,22546,203000000,217000000
2026-09-16T05:53:51.894Z,26016,3118000,6506000
2026-09-16T05:53:51.894Z,53708,169800000,184800000
2026-09-16T05:53:51.894Z,13805,20180000,35600000
2026-09-16T05:53:51.894Z,42792,800000,23840000
2026-09-16T05:53:51.894Z,22571,150300000,162500000
2026-09-16T05:53:51.894Z,93072,58000000,92900000
2026-09-16T05:53:51.894Z,19931,7502,14510
2026-09-16T05:53:51.894Z,31680,15020,88460
2026-09-16T05:53:51.894Z,25538,8572000,8573000
2026-09-16T05:53:51.894Z,16657,4840,6999
2026-09-16T05:53:51.894Z,25606,9908,9909
2026-09-16T05:53:51.894Z,55627,300100,4890000
2026-09-16T05:53:51.894Z,59326,956700000,1537000000
2026-09-16T05:53:51.894Z,11545,5233,6392
2026-09-16T05:53:51.894Z,43762,503100,2995000
2026-09-16T05:53:51.894Z,15669,2118000,2314000
2026-09-16T05:53:51.894Z,15593,100100,109900
2026-09-16T05:53:51.894Z,2889,472900,529000
2026-09-16T05:53:51.894Z,14299,3527000,3949000
2026-09-16T05:53:51.894Z,31282,12070000,14850000
2026-09-16T05:53:51.894Z,53707,275900000,299300000
2026-09-16T05:53:51.894Z,31658,12240,203900
2026-09-16T05:53:51.894Z,3528,43170,84000
2026-09-16T05:53:51.894Z,11343,6126,16660
2026-09-16T05:53:51.894Z,3703,330.1,970
2026-09-16T05:53:51.894Z,19263,60820000,63850000
2026-09-16T05:53:51.894Z,47297,21280000,31960000
2026-09-16T05:53:51.894Z,84398,6461,23920
2026-09-16T05:53:51.894Z,4959,8465000,12840000
2026-09-16T05:53:51.894Z,31502,13680,825400
2026-09-16T05:53:51.894Z,53856,112200000,120000000
2026-09-16T05:53:51.894Z,31027,1005000,4871000
2026-09-16T05:53:51.894Z,19069,119000,315700
2026-09-16T05:53:51.894Z,15735,438900,2219000
2026-09-16T05:53:51.894Z,11530,32000,34130
2026-09-16T05:53:51.894Z,25621,71100,73080
2026-09-16T05:53:51.894Z,9417,223800,348600
2026-09-16T05:53:51.894Z,19253,10550000,15150000
2026-09-16T05:53:51.894Z,24511,442,492.2
2026-09-16T05:53:51.894Z,60953,52400000,123900000
2026-09-16T05:53:51.894Z,3898,25920000,28000000
2026-09-16T05:53:51.894Z,89156,17650000,21870000
2026-09-16T05:53:51.894Z,34202,1886000,1887000
2026-09-16T05:53:51.894Z,582,135000,154100
2026-09-16T05:53:51.894Z,97198,380000000,2052000000
2026-09-16T05:53:51.894Z,12543,42320,164700
2026-09-16T05:53:51.894Z,31738,11180000,73570000
2026-09-16T05:53:51.894Z,33539,411300,461700
2026-09-16T05:53:51.894Z,12528,66260,150000
2026-09-16T05:53:51.894Z,35660,7350,10500
2026-09-16T05:53:51.894Z,20306,85.42,109.9
2026-09-16T05:53:51.894Z,20187,1471000000,1584000000
2026-09-16T05:53:51.894Z,25624,1633000,1789000
2026-09-16T05:53:51.894Z,35925,50110000,56750000
2026-09-16T05:53:51.894Z,96334,131000000,171100000
2026-09-16T05:53:51.894Z,23155,838000,2424000
2026-09-16T05:53:51.894Z,4833,6800,7801
2026-09-16T05:53:51.894Z,21021,11330000,12400000
2026-09-16T05:53:51.894Z,41220,55710000,59990000
2026-09-16T05:53:51.894Z,13246,7090000,9849000
2026-09-16T05:53:51.894Z,31264,66790,239700
2026-09-16T05:53:51.894Z,19744,1565000,2238000
2026-09-16T05:53:51.894Z,253,5000,8664
2026-09-16T05:53:51.894Z,2867,1786000,1913000
2026-09-16T05:53:51.894Z,651,2313000,2489000
2026-09-16T05:53:51.894Z,263,68.1,186.4
2026-09-16T05:53:51.894Z,14116,54500000,59000000
2026-09-16T05:53:51.894Z,31173,11490000,12520000
2026-09-16T05:53:51.894Z,2297,718300,799900
2026-09-16T05:53:51.894Z,62403,5607,6809
2026-09-16T05:53:51.894Z,8789,522000,664200
2026-09-16T05:53:51.894Z,33975,141100000,158500000
2026-09-16T05:53:51.894Z,19187,61720000,66000000
2026-09-16T05:53:51.894Z,20763,2505,29800
2026-09-16T05:53:51.894Z,26290,57190000,64040000
2026-09-16T05:53:51.894Z,53152,301600,947900
2026-09-16T05:53:51.894Z,18865,55100000,61380000
2026-09-16T05:53:51.894Z,13953,23090000,24280000
2026-09-16T05:53:51.894Z,28746,60020000,70050000
2026-09-16T05:53:51.894Z,26448,65180000,78990000
2026-09-16T05:53:51.894Z,26006,4179000,7488000
2026-09-16T05:53:51.894Z,21013,12680000,13890000
2026-09-16T05:53:51.894Z,12259,3449000,3755000
2026-09-16T05:53:51.894Z,32442,,5090
2026-09-16T05:53:51.894Z,11993,138000000,145600000
2026-09-16T05:53:51.894Z,40355,44070000,51100000
2026-09-16T05:53:51.894Z,13943,114200000,163000000
2026-09-16T05:53:51.894Z,47651,5000000,9998000
2026-09-16T05:53:51.894Z,52254,474800000,499300000
2026-09-16T05:53:51.894Z,11963,138600000,140300000
2026-09-16T05:53:51.894Z,12265,58090,151800
2026-09-16T05:53:51.894Z,204,187.6,265
2026-09-16T05:53:51.894Z,54291,110200,190000
2026-09-16T05:53:51.894Z,31137,3200000,4864000
2026-09-16T05:53:51.894Z,92039,3545000,4490000
2026-09-16T05:53:51.894Z,3828,10050,10240
2026-09-16T05:53:51.894Z,19196,281000000,506500000
2026-09-16T05:53:51.894Z,58767,4.01,497900
2026-09-16T05:53:51.894Z,90522,328900,648000
2026-09-16T05:53:51.894Z,33094,600.4,29700
2026-09-16T05:53:51.894Z,16535,567800,694500
2026-09-16T05:53:51.894Z,31143,,147000
2026-09-16T05:53:51.894Z,84680,6498000,530000000
2026-09-16T05:53:51.894Z,20172,72020,76920
2026-09-16T05:53:51.894Z,16499,405900,407000
2026-09-16T05:53:51.894Z,2291,67220,257100
2026-09-16T05:53:51.894Z,179,3.16,5.5
2026-09-16T05:53:51.894Z,11552,34010,43660
2026-09-16T05:53:51.894Z,91567,3953000,8496000
2026-09-16T05:53:51.894Z,2103,23350,634500
2026-09-16T05:53:51.894Z,18877,27160000,52960000
2026-09-16T05:53:51.894Z,33103,90050,102700
2026-09-16T05:53:51.894Z,15725,1083000,2970000
2026-09-16T05:53:51.894Z,202,275.1,290
2026-09-16T05:53:51.894Z,1185,10440,14000
2026-09-16T05:53:51.894Z,15729,45870000,48460000
2026-09-16T05:53:51.894Z,15480,3099000,4185000
2026-09-16T05:53:51.894Z,27071,300600,638700
2026-09-16T05:53:51.894Z,8419,18610,28100
2026-09-16T05:53:51.894Z,2390,546.3,592.1
2026-09-16T05:53:51.894Z,46734,1524000,19000000
2026-09-16T05:53:51.894Z,85782,1200000,4599000
2026-09-16T05:53:51.894Z,27357,271,349.9
2026-09-16T05:53:51.894Z,14059,1209000,1210000
2026-09-16T05:53:51.894Z,205,170.1,210
2026-09-16T05:53:51.894Z,27238,21280000,24000000
2026-09-16T05:53:51.894Z,49733,12800000,13700000
2026-09-16T05:53:51.894Z,31724,2704000,2820000
2026-09-16T05:53:51.894Z,31228,43040,99900
2026-09-16T05:53:51.894Z,84165,580000,1140000
2026-09-16T05:53:51.894Z,47255,9256,15260
2026-09-16T05:53:51.894Z,23721,1415,67990
2026-09-16T05:53:51.894Z,10225,16680000,17490000
2026-09-16T05:53:51.894Z,41481,369200,625000
2026-09-16T05:53:51.894Z,9670,12000,12010
2026-09-16T05:53:51.894Z,9728,430000,430100
2026-09-16T05:53:51.894Z,18977,58950000,65840000
2026-09-16T05:53:51.894Z,17709,38200000,40620000
2026-09-16T05:53:51.894Z,11129,12080,13300
2026-09-16T05:53:51.894Z,83340,20000,20010
2026-09-16T05:53:51.894Z,12820,255900,288000
2026-09-16T05:53:51.894Z,14055,,95000
2026-09-16T05:53:51.894Z,90416,3007000,17990000
2026-09-16T05:53:51.894Z,85233,1004000,15790000
2026-09-16T05:53:51.894Z,13952,6101000,13710000
2026-09-16T05:53:51.894Z,19111,27080000,31560000
2026-09-16T05:53:51.894Z,11739,700.1,249900
2026-09-16T05:53:51.894Z,16449,35160,96960
2026-09-16T05:53:51.894Z,217,7.58,14.76
2026-09-16T05:53:51.894Z,5839,1551000,1552000
2026-09-16T05:53:51.894Z,49729,20220000,21970000
2026-09-16T05:53:51.894Z,2193,62090,67760
2026-09-16T05:53:51.894Z,35658,44370,55870
2026-09-16T05:53:51.894Z,13947,10700000,11550000
2026-09-16T05:53:51.894Z,20509,1216000000,1498000000
2026-09-16T05:53:51.894Z,37825,69480,111100
2026-09-16T05:53:51.894Z,92469,1600000,2038000
2026-09-16T05:53:51.894Z,21815,2203000,2527000
2026-09-16T05:53:51.894Z,75278,19.6,26.89
2026-09-16T05:53:51.894Z,32309,386500000,414500000
2026-09-16T05:53:51.894Z,25608,335000,369800
2026-09-16T05:53:51.894Z,40557,9624000,11650000
2026-09-16T05:53:51.894Z,83260,10000,294800
2026-09-16T05:53:51.894Z,31944,29820000,33100000
2026-09-16T05:53:51.894Z,13286,16490,19990
2026-09-16T05:53:51.894Z,16357,207400,222400
2026-09-16T05:53:51.894Z,3683,437.4,457.9
2026-09-16T05:53:51.894Z,24443,718300,982600
2026-09-16T05:53:51.894Z,15631,1100000,1336000
2026-09-16T05:53:51.894Z,12017,235700000,241800000
2026-09-16T05:53:51.894Z,41217,41610000,48990000
2026-09-16T05:53:51.894Z,2524,90080,95990
2026-09-16T05:53:51.894Z,33896,9895000,10250000
2026-09-16T05:53:51.894Z,19284,42210000,44790000
2026-09-16T05:53:51.894Z,50145,6000000,9889000
2026-09-16T05:53:51.894Z,7049,250000,245000
2026-09-16T05:53:51.894Z,56066,117600,189500
2026-09-16T05:53:51.894Z,60757,50010000,95000000
2026-09-16T05:53:51.894Z,29616,8009,13160
2026-09-16T05:53:51.894Z,31065,1173000,1702000
2026-09-16T05:53:51.894Z,29248,419600,497300
2026-09-16T05:53:51.894Z,22112,218900000,235200000
2026-09-16T05:53:51.894Z,22544,180000000,190800000
2026-09-16T05:53:51.894Z,37135,11200000,11800000
2026-09-16T05:53:51.894Z,83322,1000,126800
2026-09-16T05:53:51.894Z,55830,750,1000
2026-09-16T05:53:51.894Z,31298,26000,50990
2026-09-16T05:53:51.894Z,25607,200300,205900
2026-09-16T05:53:51.894Z,86262,67420000,118600000
2026-09-16T05:53:51.894Z,20185,1497000000,1614000000
2026-09-16T05:53:51.894Z,31035,1055000,1327000
2026-09-16T05:53:51.894Z,18758,290400,748900
2026-09-16T05:53:51.894Z,20498,8969000,14430000
2026-09-16T05:53:51.894Z,30466,384000,594300
2026-09-16T05:53:51.894Z,57529,1000000,79970000
2026-09-16T05:53:51.894Z,46375,33620000,36700000
2026-09-16T05:53:51.894Z,55831,570000,701500
2026-09-16T05:53:51.894Z,20847,2751000,3130000
2026-09-16T05:53:51.894Z,18760,71000,519700
2026-09-16T05:53:51.894Z,27064,34430000,40340000
2026-09-16T05:53:51.894Z,53854,56800000,79000000
2026-09-16T05:53:51.894Z,60314,4929000,5911000
2026-09-16T05:53:51.894Z,44951,2031000,29000000
2026-09-16T05:53:51.894Z,32872,946200,1098000
2026-09-16T05:53:51.894Z,3162,320300,418000
2026-09-16T05:53:51.894Z,26412,65510000,69900000
2026-09-16T05:53:51.894Z,39,1089,1094
2026-09-16T05:53:51.894Z,16662,5011,14430
2026-09-16T05:53:51.894Z,21922,662.5,750.8
2026-09-16T05:53:51.894Z,17726,405000000,434000000
2026-09-16T05:53:51.894Z,25604,19700,19710
2026-09-16T05:53:51.894Z,30258,4548,8905
2026-09-16T05:53:51.894Z,2969,1335000,1486000
2026-09-16T05:53:51.894Z,30002,11550000,12470000
2026-09-16T05:53:51.894Z,19950,12000,16010
2026-09-16T05:53:51.894Z,52225,26300000,29270000
2026-09-16T05:53:51.894Z,5721,161100,161800
2026-09-16T05:53:51.894Z,57474,81030000,101200000
2026-09-16T05:53:51.894Z,14162,16000000,48270000
2026-09-16T05:53:51.894Z,86260,33190000,55960000
2026-09-16T05:53:51.894Z,31226,11120,166000
2026-09-16T05:53:51.894Z,52229,1257000,2455000
2026-09-16T05:53:51.894Z,82450,10030,489300
2026-09-16T05:53:51.894Z,12787,154.9,187.5
2026-09-16T05:53:51.894Z,13223,4280000,4960000
2026-09-16T05:53:51.894Z,31924,2126000,2268000
2026-09-16T05:53:51.894Z,90135,1448000,1732000
2026-09-16T05:53:51.894Z,19229,26250000,27990000
2026-09-16T05:53:51.894Z,11399,15660,16730
2026-09-16T05:53:51.894Z,17932,55200000,59950000
2026-09-16T05:53:51.894Z,30311,86540,91120
2026-09-16T05:53:51.894Z,89265,2000,1579000
2026-09-16T05:53:51.894Z,47774,253100,486400
2026-09-16T05:53:51.894Z,31760,2769000,2830000
2026-09-16T05:53:51.894Z,52244,442200000,620700000
2026-09-16T05:53:51.894Z,2399,869.8,904.5
2026-09-16T05:53:51.894Z,23132,55000000,61350000
2026-09-16T05:53:51.894Z,97199,18010000,70000000
2026-09-16T05:53:51.894Z,9660,20000,28450
2026-09-16T05:53:51.894Z,28363,225400,255800
2026-09-16T05:53:51.894Z,6923,49780,219900
2026-09-16T05:53:51.894Z,2464,4313,5880
2026-09-16T05:53:51.894Z,6721,36860,96870
2026-09-16T05:53:51.894Z,24533,423.8,465
2026-09-16T05:53:51.894Z,47843,51710000,81310000
2026-09-16T05:53:51.894Z,14142,29650000,32980000
2026-09-16T05:53:51.894Z,3530,916900,1000000
2026-09-16T05:53:51.894Z,31900,37870000,40720000
2026-09-16T05:53:51.894Z,83274,10100,35420
2026-09-16T05:53:51.894Z,62516,10.55,11.88
2026-09-16T05:53:51.894Z,42890,184800000,216500000
2026-09-16T05:53:51.894Z,28606,855000000,1179000000
2026-09-16T05:53:51.894Z,24488,69.7,70
2026-09-16T05:53:51.894Z,32073,86170,3258000
2026-09-16T05:53:51.894Z,3588,75100,395000
2026-09-16T05:53:51.894Z,25594,87790,87800
2026-09-16T05:53:51.894Z,33958,285000000,412000000
2026-09-16T05:53:51.894Z,2488,291400,324900
2026-09-16T05:53:51.894Z,31538,222100,337800
2026-09-16T05:53:51.894Z,3033,633500,719700
2026-09-16T05:53:51.894Z,15632,8908000,9290000
2026-09-16T05:53:51.894Z,1964,834500,1045000
2026-09-16T05:53:51.894Z,45629,34520000,37310000
2026-09-16T05:53:51.894Z,89943,140000,489500
2026-09-16T05:53:51.894Z,31616,7883000,13850000
2026-09-16T05:53:51.894Z,14049,10720000,10730000
2026-09-16T05:53:51.894Z,21491,3112000,22330000
2026-09-16T05:53:51.894Z,13945,65030000,73210000
2026-09-16T05:53:51.894Z,19262,16910000,30930000
2026-09-16T05:53:51.894Z,15739,21930000,22750000
2026-09-16T05:53:51.894Z,248,2507,5199
2026-09-16T05:53:51.894Z,11351,45000,68920
2026-09-16T05:53:51.894Z,6677,20010,70000
2026-09-16T05:53:51.894Z,40,2204,2230
2026-09-16T05:53:51.894Z,28280,3950000,4597000
2026-09-16T05:53:51.894Z,13783,7539000,13900000
2026-09-16T05:53:51.894Z,21424,500,8899
2026-09-16T05:53:51.894Z,9838,10650,10680
2026-09-16T05:53:51.894Z,12565,80250,88070
2026-09-16T05:53:51.894Z,31091,16060000,17230000
2026-09-16T05:53:51.894Z,15776,5051000,32000000
2026-09-16T05:53:51.894Z,5533,42400,67310
2026-09-16T05:53:51.894Z,27101,250100,703000
2026-09-16T05:53:51.894Z,18791,30700,93000
2026-09-16T05:53:51.894Z,6719,226900,395000
2026-09-16T05:53:51.894Z,18670,75140000,75150000
2026-09-16T05:53:51.894Z,25620,16720,18620
2026-09-16T05:53:51.894Z,25274,60800,73540
2026-09-16T05:53:51.894Z,23898,3715000,6897000
2026-09-16T05:53:51.894Z,31606,14710000,15140000
2026-09-16T05:53:51.894Z,13224,172300,478700
2026-09-16T05:53:51.894Z,40734,116100000,150100000
2026-09-16T05:53:51.894Z,47035,7246000,9630000
2026-09-16T05:53:51.894Z,18686,30140000,40910000
2026-09-16T05:53:51.894Z,31704,100.6,88190
2026-09-16T05:53:51.894Z,9632,270500,294500
2026-09-16T05:53:51.894Z,60315,135000000,153200000
2026-09-16T05:53:51.894Z,15592,804300,899700
2026-09-16T05:53:51.894Z,91569,557200,9690000
2026-09-16T05:53:51.894Z,89941,380000,1798000
2026-09-16T05:53:51.894Z,37480,39240000,43880000
2026-09-16T05:53:51.894Z,33589,22800000,29280000
2026-09-16T05:53:51.894Z,52226,218700000,349800000
2026-09-16T05:53:51.894Z,45834,3000000,6000000
2026-09-16T05:53:51.894Z,17487,20450000,23780000
2026-09-16T05:53:51.894Z,9800,475600,490000
2026-09-16T05:53:51.894Z,17619,7039000,8168000
2026-09-16T05:53:51.894Z,5321,3573,7889
2026-09-16T05:53:51.894Z,597,315900,435700
2026-09-16T05:53:51.894Z,16383,252700,275000
2026-09-16T05:53:51.894Z,12013,225100,211700000
2026-09-16T05:53:51.894Z,40571,26190000,27900000
2026-09-16T05:53:51.894Z,22460,35660000,39310000
2026-09-16T05:53:51.894Z,246,4200,7021
2026-09-16T05:53:51.894Z,16640,588.7,637.4
2026-09-16T05:53:51.894Z,47139,8574000,9960000
2026-09-16T05:53:51.894Z,25861,21100,50340
2026-09-16T05:53:51.894Z,92451,208400000,229900000
2026-09-16T05:53:51.894Z,42149,258200,2568000
2026-09-16T05:53:51.894Z,33440,24610,70660
2026-09-16T05:53:51.894Z,84173,4408000,6500000
2026-09-16T05:53:51.894Z,57453,889.5,956.6
2026-09-16T05:53:51.894Z,20505,499800000,570000000
2026-09-16T05:53:51.894Z,18698,391100000,422900000
2026-09-16T05:53:51.894Z,27441,954.6,1044
2026-09-16T05:53:51.894Z,10222,86770000,97300000
2026-09-16T05:53:51.894Z,41490,764300,813000
2026-09-16T05:53:51.894Z,14134,21730000,23360000
2026-09-16T05:53:51.894Z,29986,218500000,238500000
2026-09-16T05:53:51.894Z,41505,107600000,154600000
2026-09-16T05:53:51.894Z,18666,112700000,117500000
2026-09-16T05:53:51.894Z,92456,126300000,170900000
2026-09-16T05:53:51.894Z,44936,7205000,40000000
2026-09-16T05:53:51.894Z,22291,692000,754500
2026-09-16T05:53:51.894Z,247,8002,10010
2026-09-16T05:53:51.894Z,250,1693,2093
2026-09-16T05:53:51.894Z,20569,16060000,17970000
2026-09-16T05:53:51.894Z,55529,5.02,49500
2026-09-16T05:53:51.894Z,21370,3166,4411
2026-09-16T05:53:51.894Z,12084,7469000,9544000
2026-09-16T05:53:51.894Z,602,444500,517700
2026-09-16T05:53:51.894Z,219,6.77,14.99
2026-09-16T05:53:51.894Z,11987,122800000,129600000
2026-09-16T05:53:51.894Z,17634,35500000,37000000
2026-09-16T05:53:51.894Z,5141,321.4,5322
2026-09-16T05:53:51.894Z,47124,7350000,37920000
2026-09-16T05:53:51.894Z,92454,211800000,246600000
2026-09-16T05:53:51.894Z,8175,1581,2182
2026-09-16T05:53:51.894Z,31378,11380000,11920000
2026-09-16T05:53:51.894Z,11538,40570,43470
2026-09-16T05:53:51.894Z,47845,22270000,32000000
2026-09-16T05:53:51.894Z,30615,7306000,9183000
2026-09-16T05:53:51.894Z,3297,2605,7499
2026-09-16T05:53:51.894Z,15594,3808000,4130000
2026-09-16T05:53:51.894Z,17889,441,505.2
2026-09-16T05:53:51.894Z,19923,10080,26000
2026-09-16T05:53:51.894Z,13320,16110,93500
2026-09-16T05:53:51.894Z,27081,456300,717900
2026-09-16T05:53:51.894Z,23015,2019,2289
2026-09-16T05:53:51.894Z,244,724.4,924.4
2026-09-16T05:53:51.894Z,3041,650200,703300
2026-09-16T05:53:51.894Z,19295,65300000,71090000
2026-09-16T05:53:51.894Z,35943,15940000,17900000
2026-09-16T05:53:51.894Z,21025,16710000,17230000
2026-09-16T05:53:51.894Z,8641,346600,395200
2026-09-16T05:53:51.894Z,19980,877.1,877.2
2026-09-16T05:53:51.894Z,30753,21120000,29640000
2026-09-16T05:53:51.894Z,10850,400100,468100
2026-09-16T05:53:51.894Z,21096,2181000,2598000
2026-09-16T05:53:51.894Z,5933,16200,60210
2026-09-16T05:53:51.894Z,93832,2017000,2963000
2026-09-16T05:53:51.894Z,41198,3958000,4893000
2026-09-16T05:53:51.894Z,42522,90420000,108200000
2026-09-16T05:53:51.894Z,77964,71000000,279900000
2026-09-16T05:53:51.894Z,13963,9000000,11690000
2026-09-16T05:53:51.894Z,19288,13530000,14140000
2026-09-16T05:53:51.894Z,226,10.25,19.98
2026-09-16T05:53:51.894Z,3237,5614000,7318000
2026-09-16T05:53:51.894Z,53977,52310,69950
2026-09-16T05:53:51.894Z,17186,3005000,7363000
2026-09-16T05:53:51.894Z,85401,6001,8989
2026-09-16T05:53:51.894Z,19273,11830000,14730000
2026-09-16T05:53:51.894Z,85545,362800000,563000000
2026-09-16T05:53:51.894Z,25715,956400,1070000
2026-09-16T05:53:51.894Z,25602,7157,7159
2026-09-16T05:53:51.894Z,12021,183700000,215600000
2026-09-16T05:53:51.894Z,11959,133100000,142900000
2026-09-16T05:53:51.894Z,81349,19.36,43.94
2026-09-16T05:53:51.894Z,47895,14730000,18420000
2026-09-16T05:53:51.894Z,85558,1200000000,1540000000
2026-09-16T05:53:51.894Z,15673,1553000,1750000
2026-09-16T05:53:51.894Z,42206,67010000,73170000
2026-09-16T05:53:51.894Z,40350,50780000,56410000
2026-09-16T05:53:51.894Z,47746,237100,324800
2026-09-16T05:53:51.894Z,2329,11600,12240
2026-09-16T05:53:51.894Z,81348,6.33,27.92
2026-09-16T05:53:51.894Z,18672,333100000,366800000
2026-09-16T05:53:51.894Z,60283,371900,419300
2026-09-16T05:53:51.894Z,19272,2324000,5298000
2026-09-16T05:53:51.894Z,2319,9919,10320
2026-09-16T05:53:51.894Z,17187,3370000,6751000
2026-09-16T05:53:51.894Z,17843,36240000,38600000
2026-09-16T05:53:51.894Z,594,91060,91080
2026-09-16T05:53:51.894Z,9848,80100,82150
2026-09-16T05:53:51.894Z,7123,455000,437900
2026-09-16T05:53:51.894Z,33754,72000000,87000000
2026-09-16T05:53:51.894Z,4019,24260000,85490000
2026-09-16T05:53:51.894Z,25605,24710,26670
2026-09-16T05:53:51.894Z,21568,50910,246700
2026-09-16T05:53:51.894Z,3186,4583000,4903000
2026-09-16T05:53:51.894Z,23049,1104,2719
2026-09-16T05:53:51.894Z,17480,36710000,39660000
2026-09-16T05:53:51.894Z,8821,35000,55000
2026-09-16T05:53:51.894Z,40335,7018,12940
2026-09-16T05:53:51.894Z,22121,89060000,94990000
2026-09-16T05:53:51.894Z,21595,6.01,22
2026-09-16T05:53:51.894Z,23172,36100000,41040000
2026-09-16T05:53:51.894Z,32880,189900,195000
2026-09-16T05:53:51.894Z,234,39.02,64.94
2026-09-16T05:53:51.894Z,85469,757300000,1732000000
2026-09-16T05:53:51.894Z,27142,109600000,119600000
2026-09-16T05:53:51.894Z,11531,32500,34130
2026-09-16T05:53:51.894Z,56201,593600000,637600000
2026-09-16T05:53:51.894Z,47494,1000000,4290000
2026-09-16T05:53:51.894Z,25707,42450,77700
2026-09-16T05:53:51.894Z,14252,100800000,107600000
2026-09-16T05:53:51.894Z,42207,97110000,116600000
2026-09-16T05:53:51.894Z,87837,160000,544100
2026-09-16T05:53:51.894Z,33468,84040000,90000000
2026-09-16T05:53:51.894Z,24560,5322000,13180000
2026-09-16T05:53:51.894Z,24519,1409,1481
2026-09-16T05:53:51.894Z,17498,414200000,450200000
2026-09-16T05:53:51.894Z,421,6769000,14250000
2026-09-16T05:53:51.894Z,21569,28450000,34020000
2026-09-16T05:53:51.894Z,45635,142000000,149900000
2026-09-16T05:53:51.894Z,16649,11870,12910
2026-09-16T05:53:51.894Z,12745,128400000,138000000
2026-09-16T05:53:51.894Z,49955,541300000,1395000000
2026-09-16T05:53:51.894Z,16301,8505,23250
2026-09-16T05:53:51.894Z,95723,3013000,6457000
2026-09-16T05:53:51.894Z,30251,223900,226000
2026-09-16T05:53:51.894Z,48112,32310,34400
2026-09-16T05:53:51.894Z,95296,70000000,124900000
2026-09-16T05:53:51.894Z,46901,10060000,39840000
2026-09-16T05:53:51.894Z,24688,126200000,140400000
2026-09-16T05:53:51.894Z,8337,2018,2019
2026-09-16T05:53:51.894Z,85547,230900000,366800000
2026-09-16T05:53:51.894Z,4188,121000,26780000
2026-09-16T05:53:51.894Z,90491,8258000,10550000
2026-09-16T05:53:51.894Z,2801,1340,1449
2026-09-16T05:53:51.894Z,11196,11590000,13020000
2026-09-16T05:53:51.894Z,37479,563700,717200
2026-09-16T05:53:51.894Z,57450,96200000,111000000
2026-09-16T05:53:51.894Z,15614,143100,158400
2026-09-16T05:53:51.894Z,251,2740,9589
2026-09-16T05:53:51.894Z,16441,14530,44140
2026-09-16T05:53:51.894Z,26394,49400000,62880000
2026-09-16T05:53:51.894Z,31952,28560000,31000000
2026-09-16T05:53:51.894Z,37456,7066000,8440000
2026-09-16T05:53:51.894Z,90499,100,1599
2026-09-16T05:53:51.894Z,25617,193600,208500
2026-09-16T05:53:51.894Z,47734,14250000,15190000
2026-09-16T05:53:51.894Z,18789,180400000,199500000
2026-09-16T05:53:51.894Z,47299,1359000,1476000
2026-09-16T05:53:51.894Z,57448,976000,980100
2026-09-16T05:53:51.894Z,22175,35180,49990
2026-09-16T05:53:51.894Z,40756,38960000,54890000
2026-09-16T05:53:51.894Z,7453,443700,443900
2026-09-16T05:53:51.894Z,41500,300800000,385700000
2026-09-16T05:53:51.894Z,47763,1603,2604
2026-09-16T05:53:51.894Z,29013,,15250
2026-09-16T05:53:51.894Z,3839,50310,89900
2026-09-16T05:53:51.894Z,23129,269100,390000
2026-09-16T05:53:51.894Z,19321,148500000,167000000
2026-09-16T05:53:51.894Z,3098,220000,425700
2026-09-16T05:53:51.894Z,33466,18000,21300
2026-09-16T05:53:51.894Z,36,49.91,51.16
2026-09-16T05:53:51.894Z,11544,5920,6500
2026-09-16T05:53:51.894Z,35899,17760000,24440000
2026-09-16T05:53:51.894Z,19003,50700000,54490000
2026-09-16T05:53:51.894Z,33180,68220,90880
2026-09-16T05:53:51.894Z,54401,199700000,226400000
2026-09-16T05:53:51.894Z,85747,18260000,19810000
2026-09-16T05:53:51.894Z,15681,118100000,126100000
2026-09-16T05:53:51.894Z,93912,500900000,983400000
2026-09-16T05:53:51.894Z,33199,507400,935700
2026-09-16T05:53:51.894Z,45010,141200,181000
2026-09-16T05:53:51.894Z,15949,19000000,24910000
2026-09-16T05:53:51.894Z,31928,12690000,13310000
2026-09-16T05:53:51.894Z,35832,925000000,974500000
2026-09-16T05:53:51.894Z,45662,1177,1285
2026-09-16T05:53:51.894Z,3544,267900000,401600000
2026-09-16T05:53:51.894Z,85543,13300000,20300000
2026-09-16T05:53:51.894Z,95716,22070000,74860000
2026-09-16T05:53:51.894Z,19363,4261000,5767000
2026-09-16T05:53:51.894Z,19301,35500000,37620000
2026-09-16T05:53:51.894Z,81040,1349000000,1484000000
2026-09-16T05:53:51.894Z,21638,756500,792900
2026-09-16T05:53:51.894Z,22464,39800000,42250000
2026-09-16T05:53:51.894Z,11694,18090,22260
2026-09-16T05:53:51.894Z,16663,6044,6438
2026-09-16T05:53:51.894Z,85460,16080000,43850000
2026-09-16T05:53:51.894Z,53890,108200000,229800000
2026-09-16T05:53:51.894Z,47901,2151000,2400000
2026-09-16T05:53:51.894Z,47754,1759000,2034000
2026-09-16T05:53:51.894Z,47925,363.9,474
2026-09-16T05:53:51.894Z,29266,654100,999000
2026-09-16T05:53:51.894Z,42701,120000,1000000
2026-09-16T05:53:51.894Z,13960,52180000,60970000
2026-09-16T05:53:51.894Z,85549,780400000,987000000
2026-09-16T05:53:51.894Z,16242,986000,1187000
2026-09-16T05:53:51.894Z,183,3.02,15
2026-09-16T05:53:51.894Z,12608,65.04,70.17
2026-09-16T05:53:51.894Z,31486,1842000,1992000
2026-09-16T05:53:51.894Z,34294,21230000,23440000
2026-09-16T05:53:51.894Z,18809,142700000,176000000
2026-09-16T05:53:51.894Z,16475,212300,212400
2026-09-16T05:53:51.894Z,85087,146800000,156300000
2026-09-16T05:53:51.894Z,3432,12320,140000
2026-09-16T05:53:51.894Z,47738,42400000,43430000
2026-09-16T05:53:51.894Z,40559,10980000,11630000
2026-09-16T05:53:51.894Z,45594,29870000,35440000
2026-09-16T05:53:51.894Z,41034,41780,72300
2026-09-16T05:53:51.894Z,19225,2272000,5465000
2026-09-16T05:53:51.894Z,9840,13360,14190
2026-09-16T05:53:51.894Z,82177,75510000,209800000
2026-09-16T05:53:51.894Z,85480,17800000,43980000
2026-09-16T05:53:51.894Z,47269,17880000,20450000
2026-09-16T05:53:51.894Z,62463,260.2,1279
2026-09-16T05:53:51.894Z,15604,1114000,1248000
2026-09-16T05:53:51.894Z,19739,2204000,2356000
2026-09-16T05:53:51.894Z,13998,87740000,103400000
2026-09-16T05:53:51.894Z,5945,537500,566900
2026-09-16T05:53:51.894Z,18959,110400000,127100000
2026-09-16T05:53:51.894Z,31049,284000000,444500000
2026-09-16T05:53:51.894Z,12789,70.03,79.91
2026-09-16T05:53:51.894Z,34208,5635000,6000000
2026-09-16T05:53:51.894Z,2420,3881000,4241000
2026-09-16T05:53:51.894Z,47037,17800000,23110000
2026-09-16T05:53:51.894Z,18626,21570,108300
2026-09-16T05:53:51.894Z,2048,365300,368800
2026-09-16T05:53:51.894Z,9249,45360,102200
2026-09-16T05:53:51.894Z,60432,0.01,999900
2026-09-16T05:53:51.894Z,5683,200100,200200
2026-09-16T05:53:51.894Z,2389,561,569.5
2026-09-16T05:53:51.894Z,15898,14210000,21560000
2026-09-16T05:53:51.894Z,2539,468700,631900
2026-09-16T05:53:51.894Z,22126,44240000,48850000
2026-09-16T05:53:51.894Z,56078,80160,89060
2026-09-16T05:53:51.894Z,62631,71630000,75780000
2026-09-16T05:53:51.894Z,24531,471.2,554.1
2026-09-16T05:53:51.894Z,5743,1057,99650
2026-09-16T05:53:51.894Z,19317,121600000,137900000
2026-09-16T05:53:51.894Z,5320,7100,9381
2026-09-16T05:53:51.894Z,2811,1392,1597
2026-09-16T05:53:51.894Z,40568,24260000,31940000
2026-09-16T05:53:51.894Z,27170,10000,10010
2026-09-16T05:53:51.894Z,12836,76700,81350
2026-09-16T05:53:51.894Z,57080,1001000,8700000
2026-09-16T05:53:51.894Z,19211,105100,231500
2026-09-16T05:53:51.894Z,23152,19030000,23190000
2026-09-16T05:53:51.894Z,20308,62,72
2026-09-16T05:53:51.894Z,56134,8030,14450
2026-09-16T05:53:51.894Z,18835,825600,2467000
2026-09-16T05:53:51.894Z,52311,379300,499700
2026-09-16T05:53:51.894Z,27313,18.12,68
2026-09-16T05:53:51.894Z,35788,15000,27800
2026-09-16T05:53:51.894Z,56140,44500000,47740000
2026-09-16T05:53:51.894Z,62222,2505000000,4363000000
2026-09-16T05:53:51.894Z,45589,35220000,39220000
2026-09-16T05:53:51.894Z,2817,12.6,124.4
2026-09-16T05:53:51.894Z,28576,501700,569100
2026-09-16T05:53:51.894Z,17233,35000,65000
2026-09-16T05:53:51.894Z,2401,765,797.6
2026-09-16T05:53:51.894Z,45602,31540000,36820000
2026-09-16T05:53:51.894Z,48383,70850000,139800000
2026-09-16T05:53:51.894Z,31472,37100,747800
2026-09-16T05:53:51.894Z,17924,83210000,97080000
2026-09-16T05:53:51.894Z,9135,42230,69230
2026-09-16T05:53:51.894Z,12545,1802,4194
2026-09-16T05:53:51.894Z,16057,50000000,124600000
2026-09-16T05:53:51.894Z,92180,817900,1842000
2026-09-16T05:53:51.894Z,85662,346200000,364300000
2026-09-16T05:53:51.894Z,25908,1519000,6084000
2026-09-16T05:53:51.894Z,47750,812200,996600
2026-09-16T05:53:51.894Z,47896,7513,19890
2026-09-16T05:53:51.894Z,34487,99700000,142300000
2026-09-16T05:53:51.894Z,54753,850700000,993000000
2026-09-16T05:53:51.894Z,47903,17610000,19410000
2026-09-16T05:53:51.894Z,2553,660900,753200
2026-09-16T05:53:51.894Z,47902,9603000,10350000
2026-09-16T05:53:51.894Z,30024,3906,4398
2026-09-16T05:53:51.894Z,27405,960.2,1051
2026-09-16T05:53:51.894Z,55662,10010,171700
2026-09-16T05:53:51.894Z,20419,90560,90570
2026-09-16T05:53:51.894Z,21584,240100,664700
2026-09-16T05:53:51.894Z,2020,140900,167500
2026-09-16T05:53:51.894Z,62553,2015,2240
2026-09-16T05:53:51.894Z,4871,24500,28510
2026-09-16T05:53:51.894Z,21867,40,54
2026-09-16T05:53:51.894Z,61211,767300,992000
2026-09-16T05:53:51.894Z,8295,2033,4577
2026-09-16T05:53:51.894Z,47261,1000000000,1300000000
2026-09-16T05:53:51.894Z,33474,1188000,1310000
2026-09-16T05:53:51.894Z,87788,825000,2800000
2026-09-16T05:53:51.894Z,33708,3548,1990000
2026-09-16T05:53:51.894Z,13225,70700,290000
2026-09-16T05:53:51.894Z,9830,11010,11930
2026-09-16T05:53:51.894Z,21720,6435000,10300000
2026-09-16T05:53:51.894Z,18985,35730000,39500000
2026-09-16T05:53:51.894Z,14258,94110000,111500000
2026-09-16T05:53:51.894Z,38,585.5,669.6
2026-09-16T05:53:51.894Z,47919,61530000,65810000
2026-09-16T05:53:51.894Z,95398,55500,149900
2026-09-16T05:53:51.894Z,42786,2400000,64630000
2026-09-16T05:53:51.894Z,3645,453.1,477.5
2026-09-16T05:53:51.894Z,89942,1401000,2806000
2026-09-16T05:53:51.894Z,4477,9355,20990
2026-09-16T05:53:51.894Z,9455,60010,70000
2026-09-16T05:53:51.894Z,13925,35870000,48630000
2026-09-16T05:53:51.894Z,42837,200,467.6
2026-09-16T05:53:51.894Z,18915,122500000,133400000
2026-09-16T05:53:51.894Z,27385,50000,69960
2026-09-16T05:53:51.894Z,13891,6120000,23200000
2026-09-16T05:53:51.894Z,2364,792000,848500
2026-09-16T05:53:51.894Z,53302,8503,10900
2026-09-16T05:53:51.894Z,81046,158900000,164600000
2026-09-16T05:53:51.894Z,45587,27050000,29400000
2026-09-16T05:53:51.894Z,88853,2562000,3000000
2026-09-16T05:53:51.894Z,16671,70.06,77.5
2026-09-16T05:53:51.894Z,193,107.5,110
2026-09-16T05:53:51.894Z,4787,17540,17550
2026-09-16T05:53:51.894Z,2872,1914000,2036000
2026-09-16T05:53:51.894Z,11186,16760000,18570000
2026-09-16T05:53:51.894Z,81350,97.41,158.9
2026-09-16T05:53:51.894Z,27184,152500000,165300000
2026-09-16T05:53:51.894Z,45591,35490000,39240000
2026-09-16T05:53:51.894Z,4103,46770000,108700000
2026-09-16T05:53:51.894Z,45611,32390000,36320000
2026-09-16T05:53:51.894Z,63868,127800,900000
2026-09-16T05:53:51.894Z,48437,42640000,48940000
2026-09-16T05:53:51.894Z,60292,328900,399600
2026-09-16T05:53:51.894Z,5757,179200,221900
2026-09-16T05:53:51.894Z,92465,1005000,1400000
2026-09-16T05:53:51.894Z,47924,321.1,397.9
2026-09-16T05:53:51.894Z,45612,28770000,33850000
2026-09-16T05:53:51.894Z,9556,2100,9942
2026-09-16T05:53:51.894Z,37611,2734000,2899000
2026-09-16T05:53:51.894Z,16679,634.1,699.3
2026-09-16T05:53:51.894Z,2559,804200,999800
2026-09-16T05:53:51.894Z,81067,36550,39010
2026-09-16T05:53:51.894Z,30486,460000,472200
2026-09-16T05:53:51.894Z,45998,5903000,6426000
2026-09-16T05:53:51.894Z,46003,15350000,16540000
2026-09-16T05:53:51.894Z,11219,266700,594600
2026-09-16T05:53:51.894Z,21904,628.3,718.7
2026-09-16T05:53:51.894Z,17888,572,613.2
2026-09-16T05:53:51.894Z,25622,174300,180000
2026-09-16T05:53:51.894Z,3143,542100000,622300000
2026-09-16T05:53:51.894Z,19081,5007000,6327000
2026-09-16T05:53:51.894Z,31936,9884000,11990000
2026-09-16T05:53:51.894Z,35827,1,29720000000
2026-09-16T05:53:51.894Z,57004,41380000,70000000
2026-09-16T05:53:51.894Z,11325,560800,561500
2026-09-16T05:53:51.894Z,14176,25220000,30900000
2026-09-16T05:53:51.894Z,45788,1000000,7422000
2026-09-16T05:53:51.894Z,45983,12140000,36150000
2026-09-16T05:53:51.894Z,24694,142000000,153200000
2026-09-16T05:53:51.894Z,46207,15000000,21990000
2026-09-16T05:53:51.894Z,20741,4225,4694
2026-09-16T05:53:51.894Z,12076,3646000,4340000
2026-09-16T05:53:51.894Z,57443,11330000,11340000
2026-09-16T05:53:51.894Z,94008,1502000000,1819000000
2026-09-16T05:53:51.894Z,24492,72,78.97
2026-09-16T05:53:51.894Z,19359,143200000,159100000
2026-09-16T05:53:51.894Z,6963,70230,85000
2026-09-16T05:53:51.894Z,87235,5999000,18670000
2026-09-16T05:53:51.894Z,26224,2544000,6999000
2026-09-16T05:53:51.894Z,3102,1504000,94850000
2026-09-16T05:53:51.894Z,48113,40270000,42300000
2026-09-16T05:53:51.894Z,11540,36600,37660
2026-09-16T05:53:51.894Z,41059,76450000,88720000
2026-09-16T05:53:51.894Z,23801,41280000,71890000
2026-09-16T05:53:51.894Z,40661,39280000,47290000
2026-09-16T05:53:51.894Z,31328,2951000,3444000
2026-09-16T05:53:51.894Z,27131,388000,706400
2026-09-16T05:53:51.894Z,19282,115400000,120700000
2026-09-16T05:53:51.894Z,12274,55030,71500
2026-09-16T05:53:51.894Z,18825,16860000,35470000
2026-09-16T05:53:51.894Z,28201,400000,468000
2026-09-16T05:53:51.894Z,13957,75400000,90000000
2026-09-16T05:53:51.894Z,2185,801300,810100
2026-09-16T05:53:51.894Z,434,42210,70000
2026-09-16T05:53:51.894Z,20121,53210000,58380000
2026-09-16T05:53:51.894Z,18768,68070000,79890000
2026-09-16T05:53:51.894Z,46001,110800,127100
2026-09-16T05:53:51.894Z,47755,71130000,78780000
2026-09-16T05:53:51.894Z,8863,180300,259100
2026-09-16T05:53:51.894Z,9413,23030,63010
2026-09-16T05:53:51.894Z,2506,371,443
2026-09-16T05:53:51.894Z,14127,26000000,27800000
2026-09-16T05:53:51.894Z,25894,6677000,7835000
2026-09-16T05:53:51.894Z,60474,3181000,3881000
2026-09-16T05:53:51.894Z,45871,500000,3715000
2026-09-16T05:53:51.894Z,41250,89520000,110300000
2026-09-16T05:53:51.894Z,18941,70370000,74740000
2026-09-16T05:53:51.894Z,89267,320000,578900
2026-09-16T05:53:51.894Z,14037,476200,693500
2026-09-16T05:53:51.894Z,2404,740200,805500
2026-09-16T05:53:51.894Z,34562,60560000,65780000
2026-09-16T05:53:51.894Z,14100,38760000,45800000
2026-09-16T05:53:51.894Z,22125,32120000,35940000
2026-09-16T05:53:51.894Z,31270,371400,3289000
2026-09-16T05:53:51.894Z,90523,15860000,17500000
2026-09-16T05:53:51.894Z,31820,27330000,30110000
2026-09-16T05:53:51.894Z,27343,288.5,450.4
2026-09-16T05:53:51.894Z,27349,160,497.7
2026-09-16T05:53:51.894Z,19205,144600000,162100000
2026-09-16T05:53:51.894Z,13978,2334000,3290000
2026-09-16T05:53:51.894Z,235,62.01,77.8
2026-09-16T05:53:51.894Z,31990,35890,41340
2026-09-16T05:53:51.894Z,20199,5501000,6883000
2026-09-16T05:53:51.894Z,92036,903200,1126000
2026-09-16T05:53:51.894Z,82180,4001000,6995000
2026-09-16T05:53:51.894Z,18682,71540000,78750000
2026-09-16T05:53:51.894Z,47739,3856000,5551000
2026-09-16T05:53:51.894Z,28848,6922000000,7069000000
2026-09-16T05:53:51.894Z,92581,580000,3768000
2026-09-16T05:53:51.894Z,47885,320.1,379.9
2026-09-16T05:53:51.894Z,25812,4537000,4889000
2026-09-16T05:53:51.894Z,28203,502200,605900
2026-09-16T05:53:51.894Z,49711,139000000,147800000
2026-09-16T05:53:51.894Z,31770,0.02,3935000
2026-09-16T05:53:51.894Z,49771,4413000,6499000
2026-09-16T05:53:51.894Z,85675,1550000,15930000
2026-09-16T05:53:51.894Z,33938,115600,63990000
2026-09-16T05:53:51.894Z,33930,12150,5900000
2026-09-16T05:53:51.894Z,79722,699100,4945000
2026-09-16T05:53:51.894Z,15764,87080000,97620000
2026-09-16T05:53:51.894Z,20424,25150,25170
2026-09-16T05:53:51.894Z,85489,1201000000,1696000000
2026-09-16T05:53:51.894Z,31592,3140000,3255000
2026-09-16T05:53:51.894Z,3202,1000000,4502000
2026-09-16T05:53:51.894Z,19319,34000000,36580000
2026-09-16T05:53:51.894Z,17238,75090,175000
2026-09-16T05:53:51.894Z,454,18320,57220
2026-09-16T05:53:51.894Z,49732,2739000,2922000
2026-09-16T05:53:51.894Z,43554,1611000,1844000
2026-09-16T05:53:51.894Z,23902,24240000,62790000
2026-09-16T05:53:51.894Z,47013,1100000,8995000
2026-09-16T05:53:51.894Z,17559,49070000,52360000
2026-09-16T05:53:51.894Z,57457,3547,3709
2026-09-16T05:53:51.894Z,48426,1567000,2666000
2026-09-16T05:53:51.894Z,45586,33910000,36940000
2026-09-16T05:53:51.894Z,5239,1081,4962
2026-09-16T05:53:51.894Z,1335,170100,218900
2026-09-16T05:53:51.894Z,23709,20560,58950
2026-09-16T05:53:51.894Z,86109,333200,1279000
2026-09-16T05:53:51.894Z,18829,67930000,122700000
2026-09-16T05:53:51.894Z,22448,257200000,278100000
2026-09-16T05:53:51.894Z,19135,9190000,13060000
2026-09-16T05:53:51.894Z,13988,200000,8005000
2026-09-16T05:53:51.894Z,49739,3141000,3298000
2026-09-16T05:53:51.894Z,47701,2054000,2196000
2026-09-16T05:53:51.894Z,60465,512000,988400
2026-09-16T05:53:51.894Z,27513,1158,1392
2026-09-16T05:53:51.894Z,90611,156600,948300
2026-09-16T05:53:51.894Z,60460,400000,455200
2026-09-16T05:53:51.894Z,60471,204800,400000
2026-09-16T05:53:51.894Z,60477,636100,2400000
2026-09-16T05:53:51.894Z,15899,134800000,170900000
2026-09-16T05:53:51.894Z,12200,18210000,20030000
2026-09-16T05:53:51.894Z,20351,1634000,1839000
2026-09-16T05:53:51.894Z,62517,11.38,12.68
2026-09-16T05:53:51.894Z,88606,120100,872100
2026-09-16T05:53:51.894Z,32121,100700,31390000
2026-09-16T05:53:51.894Z,81051,51660,82600
2026-09-16T05:53:51.894Z,14146,49490000,52320000
2026-09-16T05:53:51.894Z,89240,2920000,3271000
2026-09-16T05:53:51.894Z,19684,10070000,17490000
2026-09-16T05:53:51.894Z,75279,300,314.5
2026-09-16T05:53:51.894Z,21906,450,543.9
2026-09-16T05:53:51.894Z,644,142500000,153600000
2026-09-16T05:53:51.894Z,91958,8103000,9796000
2026-09-16T05:53:51.894Z,93069,1631000,3997000
2026-09-16T05:53:51.894Z,2006,9913000,10990000
2026-09-16T05:53:51.894Z,56077,769200,956000
2026-09-16T05:53:51.894Z,53983,8280000,9500000
2026-09-16T05:53:51.894Z,47192,11000,2699000
2026-09-16T05:53:51.894Z,31979,90020000,198800000
2026-09-16T05:53:51.894Z,4256,2649000,3651000
2026-09-16T05:53:51.894Z,23131,3044,23950
2026-09-16T05:53:51.894Z,86122,11980000,50000000
2026-09-16T05:53:51.894Z,255,57120,60990
2026-09-16T05:53:51.894Z,53893,293000000,449000000
2026-09-16T05:53:51.894Z,17871,10900000,14330000
2026-09-16T05:53:51.894Z,31762,19520000,34030000
2026-09-16T05:53:51.894Z,2397,694.7,729.6
2026-09-16T05:53:51.894Z,23705,23260,35380
2026-09-16T05:53:51.894Z,519,755100,837700
2026-09-16T05:53:51.894Z,443,211.6,3047
2026-09-16T05:53:51.894Z,3995,1668000,2122000
2026-09-16T05:53:51.894Z,31884,2055000,2268000
2026-09-16T05:53:51.894Z,31015,4784000,5158000
2026-09-16T05:53:51.894Z,57025,5201000,13770000
2026-09-16T05:53:51.894Z,83472,2991000,3257000
2026-09-16T05:53:51.894Z,31600,683100,1241000
2026-09-16T05:53:51.894Z,57469,499.8,319900
2026-09-16T05:53:51.894Z,31023,,1391000
2026-09-16T05:53:51.894Z,19013,15470000,20900000
2026-09-16T05:53:51.894Z,32819,320400,530100
2026-09-16T05:53:51.894Z,60031,1405000,5155000
2026-09-16T05:53:51.894Z,7451,458700,458800
2026-09-16T05:53:51.894Z,17494,5609000,6300000
2026-09-16T05:53:51.894Z,8537,30010,41830
2026-09-16T05:53:51.894Z,19660,2005,5999
2026-09-16T05:53:51.894Z,28668,24200,25710
2026-09-16T05:53:51.894Z,25612,615000,615200
2026-09-16T05:53:51.894Z,21924,429.1,468.8
2026-09-16T05:53:51.894Z,1832,140.3,176.5
2026-09-16T05:53:51.894Z,12052,253700,323600
2026-09-16T05:53:51.894Z,23117,623700,989300
2026-09-16T05:53:51.894Z,220,7.22,14.22
2026-09-16T05:53:51.894Z,56596,622600,4171000
2026-09-16T05:53:51.894Z,19287,2813000,3254000
2026-09-16T05:53:51.894Z,526,28480,48290
2026-09-16T05:53:51.894Z,31057,4458000,4743000
2026-09-16T05:53:51.894Z,60669,1501000,14500000
2026-09-16T05:53:51.894Z,22119,24270000,26980000
2026-09-16T05:53:51.894Z,35662,547600,567000
2026-09-16T05:53:51.894Z,37624,61800000,71860000
2026-09-16T05:53:51.894Z,49790,70150000,78420000
2026-09-16T05:53:51.894Z,43844,184400,11950000
2026-09-16T05:53:51.894Z,35789,5773000,6865000
2026-09-16T05:53:51.894Z,28846,6003000000,6695000000
2026-09-16T05:53:51.894Z,493,51000,230600
2026-09-16T05:53:51.894Z,91970,9601000,15000000
2026-09-16T05:53:51.894Z,19149,28620000,30510000
2026-09-16T05:53:51.894Z,16451,38120,98480
2026-09-16T05:53:51.894Z,40558,10100000,10930000
2026-09-16T05:53:51.894Z,12093,4139000,5900000
2026-09-16T05:53:51.894Z,61203,147600,740300
2026-09-16T05:53:51.894Z,30310,40140,42910
2026-09-16T05:53:51.894Z,33591,3380000,4640000
2026-09-16T05:53:51.894Z,45615,34820000,39920000
2026-09-16T05:53:51.894Z,55578,12510,129000
2026-09-16T05:53:51.894Z,14068,15990000,17990000
2026-09-16T05:53:51.894Z,47756,8036000,9055000
2026-09-16T05:53:51.894Z,90050,410000,1004000
2026-09-16T05:53:51.894Z,14214,3724000,8948000
2026-09-16T05:53:51.894Z,190,22.66,59.98
2026-09-16T05:53:51.894Z,53855,45510000,89840000
2026-09-16T05:53:51.894Z,19037,269200000,333900000
2026-09-16T05:53:51.894Z,33856,4004000,4500000
2026-09-16T05:53:51.894Z,7997,14800,41960
2026-09-16T05:53:51.894Z,33229,117000,3900000
2026-09-16T05:53:51.894Z,40523,3478000,44490000
2026-09-16T05:53:51.894Z,3482,559300000,633500000
2026-09-16T05:53:51.894Z,84073,1014000,8990000
2026-09-16T05:53:51.894Z,11558,30950,31570
2026-09-16T05:53:51.894Z,57128,815000000,1245000000
2026-09-16T05:53:51.894Z,31798,313100000,383400000
2026-09-16T05:53:51.894Z,91971,46000000,55000000
2026-09-16T05:53:51.894Z,49727,1275000,1496000
2026-09-16T05:53:51.894Z,3887,2056,43410
2026-09-16T05:53:51.894Z,77963,130000000,447900000
2026-09-16T05:53:51.894Z,92466,1460000,2710000
2026-09-16T05:53:51.894Z,2073,2.34,3.22
2026-09-16T05:53:51.894Z,6003,3945,7489
2026-09-16T05:53:51.894Z,26038,255600,2162000
2026-09-16T05:53:51.894Z,2307,4.56,6.19
2026-09-16T05:53:51.894Z,21727,15000,90000
2026-09-16T05:53:51.894Z,2288,1.11,1.44
2026-09-16T05:53:51.894Z,638,148800000,160600000
2026-09-16T05:53:51.894Z,13827,39740000,54700000
2026-09-16T05:53:51.894Z,17703,8500000,9191000
2026-09-16T05:53:51.894Z,19189,132600000,142400000
2026-09-16T05:53:51.894Z,31187,35470000,53990000
2026-09-16T05:53:51.894Z,21228,2618,500000
2026-09-16T05:53:51.894Z,3532,142000000,211800000
2026-09-16T05:53:51.894Z,2393,432.1,438.4
2026-09-16T05:53:51.894Z,15479,1207000,1343000
2026-09-16T05:53:51.894Z,4435,5054,5055
2026-09-16T05:53:51.894Z,13813,119000,2000000
2026-09-16T05:53:51.894Z,2303,946600,1084000
2026-09-16T05:53:51.894Z,18919,142900000,159000000
2026-09-16T05:53:51.894Z,81024,25240000,69590000
2026-09-16T05:53:51.894Z,47890,9403000,10420000
2026-09-16T05:53:51.894Z,11537,18500,23090
2026-09-16T05:53:51.894Z,60666,408200,6919000
2026-09-16T05:53:51.894Z,20413,92070,101000
2026-09-16T05:53:51.894Z,8748,8029,8030
2026-09-16T05:53:51.894Z,18837,8461000,9743000
2026-09-16T05:53:51.894Z,56282,1466000000,2987000000
2026-09-16T05:53:51.894Z,56284,282700000,317300000
2026-09-16T05:53:51.894Z,19927,13040,49980
2026-09-16T05:53:51.894Z,19021,217800000,235300000
2026-09-16T05:53:51.894Z,33852,71270000,80800000
2026-09-16T05:53:51.894Z,26374,53020000,55600000
2026-09-16T05:53:51.894Z,91952,9004000,16350000
2026-09-16T05:53:51.894Z,14072,44030000,51910000
2026-09-16T05:53:51.894Z,87509,4013000,5995000
2026-09-16T05:53:51.894Z,29996,19470000,24150000
2026-09-16T05:53:51.894Z,28672,2438000,2610000
2026-09-16T05:53:51.894Z,12533,520000,1255000
2026-09-16T05:53:51.894Z,11309,146000,146700
2026-09-16T05:53:51.894Z,18983,28040000,32720000
2026-09-16T05:53:51.894Z,42757,119700,2200000
2026-09-16T05:53:51.894Z,3653,69110,227000
2026-09-16T05:53:51.894Z,85652,8276000,18800000
2026-09-16T05:53:51.894Z,33577,457200,460100
2026-09-16T05:53:51.894Z,15605,3605000,4430000
2026-09-16T05:53:51.894Z,54392,248400000,278500000
2026-09-16T05:53:51.894Z,42695,526.8,651.2
2026-09-16T05:53:51.894Z,12805,,93.74
2026-09-16T05:53:51.894Z,42832,409.6,502.6
2026-09-16T05:53:51.894Z,23093,307000,390100
2026-09-16T05:53:51.894Z,28710,905100000,955200000
2026-09-16T05:53:51.894Z,645,145200000,154800000
2026-09-16T05:53:51.894Z,37846,6595,12550
2026-09-16T05:53:51.894Z,10216,17010000,17040000
2026-09-16T05:53:51.894Z,10221,16960000,17200000
2026-09-16T05:53:51.894Z,10212,16160000,17040000
2026-09-16T05:53:51.894Z,3550,388300000,476500000
2026-09-16T05:53:51.894Z,1248,460900,513700
2026-09-16T05:53:51.894Z,47906,7403000,7999000
2026-09-16T05:53:51.894Z,14298,3515000,4772000
2026-09-16T05:53:51.894Z,11283,3390,3436
2026-09-16T05:53:51.894Z,13287,351000,750000
2026-09-16T05:53:51.894Z,12801,91.62,113.8
2026-09-16T05:53:51.894Z,15477,5330000,6046000
2026-09-16T05:53:51.894Z,206,65,67.49
2026-09-16T05:53:51.894Z,12015,130100000,148400000
2026-09-16T05:53:51.894Z,44888,100000,27500000
2026-09-16T05:53:51.894Z,57118,106100000,143600000
2026-09-16T05:53:51.894Z,17859,2100,4881
2026-09-16T05:53:51.894Z,42208,182600000,196900000
2026-09-16T05:53:51.894Z,4349,363000000,382900000
2026-09-16T05:53:51.894Z,15723,181800,1179000
2026-09-16T05:53:51.894Z,44929,2058000,19000000
2026-09-16T05:53:51.894Z,31029,7316000,9265000
2026-09-16T05:53:51.894Z,37453,8213000,9137000
2026-09-16T05:53:51.894Z,19549,112200000,119900000
2026-09-16T05:53:51.894Z,42752,250000,4896000
2026-09-16T05:53:51.894Z,2476,40680,49900
2026-09-16T05:53:51.894Z,483,8003,10600
2026-09-16T05:53:51.894Z,35771,657400,736000
2026-09-16T05:53:51.894Z,96332,30040000,31910000
2026-09-16T05:53:51.894Z,42696,371.7,464.9
2026-09-16T05:53:51.894Z,31662,500000,4562000
2026-09-16T05:53:51.894Z,47005,23460000,31980000
2026-09-16T05:53:51.894Z,11239,320100,475500
2026-09-16T05:53:51.894Z,47837,30010000,59940000
2026-09-16T05:53:51.894Z,54395,427500000,473400000
2026-09-16T05:53:51.894Z,40560,27080000,29000000
2026-09-16T05:53:51.894Z,14074,20640000,22500000
2026-09-16T05:53:51.894Z,89266,80010,3194000
2026-09-16T05:53:51.894Z,28780,72050000,79380000
2026-09-16T05:53:51.894Z,15780,8037000,11900000
2026-09-16T05:53:51.894Z,19315,112700000,127300000
2026-09-16T05:53:51.894Z,256,38500,42000
2026-09-16T05:53:51.894Z,14236,54890000,62860000
2026-09-16T05:53:51.894Z,24305,5175000,5920000
2026-09-16T05:53:51.894Z,81948,68220000,75190000
2026-09-16T05:53:51.894Z,3536,269700000,307800000
2026-09-16T05:53:51.894Z,12538,18630,54980
2026-09-16T05:53:51.894Z,13955,5223000,7499000
2026-09-16T05:53:51.894Z,23813,22380000,53220000
2026-09-16T05:53:51.894Z,31998,44860,54600
2026-09-16T05:53:51.894Z,31918,14570000,17960000
2026-09-16T05:53:51.894Z,31736,2116000,2699000
2026-09-16T05:53:51.894Z,450,,25850
2026-09-16T05:53:51.894Z,31710,,2906000
2026-09-16T05:53:51.894Z,57734,1181000,2890000
2026-09-16T05:53:51.894Z,18813,3211000,8852000
2026-09-16T05:53:51.894Z,18949,24710000,36960000
2026-09-16T05:53:51.894Z,14266,50910000,50940000
2026-09-16T05:53:51.894Z,10204,1346000,1847000
2026-09-16T05:53:51.894Z,35,16.89,17.75
2026-09-16T05:53:51.894Z,33140,29880000,30120000
2026-09-16T05:53:51.894Z,29015,9039,13250
2026-09-16T05:53:51.894Z,88573,2201000,6358000
2026-09-16T05:53:51.894Z,14210,58010000,63380000
2026-09-16T05:53:51.894Z,12485,2504000,3332000
2026-09-16T05:53:51.894Z,92284,121700000,130000000
2026-09-16T05:53:51.894Z,18921,65970000,80130000
2026-09-16T05:53:51.894Z,83271,20000,20010
2026-09-16T05:53:51.894Z,18857,10630000,24720000
2026-09-16T05:53:51.894Z,33141,38180000,38190000
2026-09-16T05:53:51.894Z,577,2018,45500
2026-09-16T05:53:51.894Z,28699,88260,94830
2026-09-16T05:53:51.894Z,42685,12910000,13800000
2026-09-16T05:53:51.894Z,16062,63020000,67330000
2026-09-16T05:53:51.894Z,199,105,152.9
2026-09-16T05:53:51.894Z,83329,20000,366600
2026-09-16T05:53:51.894Z,2161,297500,354900
2026-09-16T05:53:51.894Z,56141,24500000,27000000
2026-09-16T05:53:51.894Z,96333,43060000,54890000
2026-09-16T05:53:51.894Z,2286,3.06,4.65
2026-09-16T05:53:51.894Z,83374,620000,3499000
2026-09-16T05:53:51.894Z,54394,341900000,376100000
2026-09-16T05:53:51.894Z,91289,369300000,480600000
2026-09-16T05:53:51.894Z,12822,171800,208800
2026-09-16T05:53:51.894Z,21088,1640000,6192000
2026-09-16T05:53:51.894Z,30582,13020000,17770000
2026-09-16T05:53:51.894Z,86107,25040000,389600000
2026-09-16T05:53:51.894Z,13976,7227000,9500000
2026-09-16T05:53:51.894Z,45955,1000000,2882000
2026-09-16T05:53:51.894Z,37450,481500,636500
2026-09-16T05:53:51.894Z,28306,785100,850000
2026-09-16T05:53:51.894Z,12536,874200,1249000
2026-09-16T05:53:51.894Z,1816,14,16
2026-09-16T05:53:51.894Z,9842,11970,12920
2026-09-16T05:53:51.894Z,26302,65070000,73180000
2026-09-16T05:53:51.894Z,17720,160400000,174800000
2026-09-16T05:53:51.894Z,53714,837200000,1036000000
2026-09-16T05:53:51.894Z,14150,17110000,35340000
2026-09-16T05:53:51.894Z,9451,113000,226500
2026-09-16T05:53:51.894Z,16666,25600,27170
2026-09-16T05:53:51.894Z,22107,20400000,22600000
2026-09-16T05:53:51.894Z,6296,4000,8159
2026-09-16T05:53:51.894Z,15602,607400,678300
2026-09-16T05:53:51.894Z,45633,32610000,35770000
2026-09-16T05:53:51.894Z,6437,5000,7997
2026-09-16T05:53:51.894Z,12365,1240,250000
2026-09-16T05:53:51.894Z,4393,40110,68860
2026-09-16T05:53:51.894Z,34204,902700,957900
2026-09-16T05:53:51.894Z,22977,522.3,612
2026-09-16T05:53:51.894Z,62555,1976,2228
2026-09-16T05:53:51.894Z,19046,427400000,461500000
2026-09-16T05:53:51.894Z,593,175700,410800
2026-09-16T05:53:51.894Z,15804,94300000,106300000
2026-09-16T05:53:51.894Z,18917,146200000,162300000
2026-09-16T05:53:51.894Z,84086,62000000,130000000
2026-09-16T05:53:51.894Z,18692,42100000,45670000
2026-09-16T05:53:51.894Z,44925,3650000,18710000
2026-09-16T05:53:51.894Z,41306,6.17,449
2026-09-16T05:53:51.894Z,44268,82,393.7
2026-09-16T05:53:51.894Z,15770,38280000,41700000
2026-09-16T05:53:51.894Z,1183,432800,463700
2026-09-16T05:53:51.894Z,81026,7004000,13900000
2026-09-16T05:53:51.894Z,13867,5140000,14030000
2026-09-16T05:53:51.894Z,28215,1193000,1348000
2026-09-16T05:53:51.894Z,19065,80440,4172000
2026-09-16T05:53:51.894Z,41267,99070,99080
2026-09-16T05:53:51.894Z,85530,36040,1289000
2026-09-16T05:53:51.894Z,56076,501700,1463000
2026-09-16T05:53:51.894Z,30013,4115,8790
2026-09-16T05:53:51.894Z,56070,221300,287900
2026-09-16T05:53:51.894Z,30304,7993,8282
2026-09-16T05:53:51.894Z,72903,6865000,8303000
2026-09-16T05:53:51.894Z,20043,2.11,180
2026-09-16T05:53:51.894Z,28813,730900000,844600000
2026-09-16T05:53:51.894Z,16648,7742,7745
2026-09-16T05:53:51.894Z,14234,13020000,15660000
2026-09-16T05:53:51.894Z,45596,33720000,40390000
2026-09-16T05:53:51.894Z,19009,52040000,55440000
2026-09-16T05:53:51.894Z,26442,7529000,7618000
2026-09-16T05:53:51.894Z,26286,55050000,74360000
2026-09-16T05:53:51.894Z,85656,95750000,129000000
2026-09-16T05:53:51.894Z,15893,104800000,107900000
2026-09-16T05:53:51.894Z,31039,5025000,5517000
2026-09-16T05:53:51.894Z,31866,1673000,1942000
2026-09-16T05:53:51.894Z,587,258200,299700
2026-09-16T05:53:51.894Z,85645,370800000,572600000
2026-09-16T05:53:51.894Z,222,17.74,19.43
2026-09-16T05:53:51.894Z,47055,600000,9900000
2026-09-16T05:53:51.894Z,56074,134300,189900
2026-09-16T05:53:51.894Z,31119,190400,224000
2026-09-16T05:53:51.894Z,4403,1515000,1639000
2026-09-16T05:53:51.894Z,92283,75720000,135500000
2026-09-16T05:53:51.894Z,62464,938.1,1444
2026-09-16T05:53:51.894Z,23811,47760000,73280000
2026-09-16T05:53:51.894Z,84085,25040000,109700000
2026-09-16T05:53:51.894Z,10872,13010,16930
2026-09-16T05:53:51.894Z,11287,5001,6082
2026-09-16T05:53:51.894Z,17812,7404000,8286000
2026-09-16T05:53:51.894Z,95397,520100,2400000
2026-09-16T05:53:51.894Z,527,751400,819400
2026-09-16T05:53:51.894Z,91921,1661000,2896000
2026-09-16T05:53:51.894Z,22534,21020000,22700000
2026-09-16T05:53:51.894Z,33360,12000,12640
2026-09-16T05:53:51.894Z,16650,49660,52000
2026-09-16T05:53:51.894Z,37625,54890000,63400000
2026-09-16T05:53:51.894Z,21725,2007000,2903000
2026-09-16T05:53:51.894Z,83313,10000,15000
2026-09-16T05:53:51.894Z,46000,36860000,38290000
2026-09-16T05:53:51.894Z,14190,211300000,227200000
2026-09-16T05:53:51.894Z,46914,1970000,14980000
2026-09-16T05:53:51.894Z,9944,30840,59640
2026-09-16T05:53:51.894Z,27443,75250,97900
2026-09-16T05:53:51.894Z,11481,423.1,549.8
2026-09-16T05:53:51.894Z,27196,25410000,27650000
2026-09-16T05:53:51.894Z,60645,802000,2388000
2026-09-16T05:53:51.894Z,31716,22000,27930
2026-09-16T05:53:51.894Z,16659,818,1021
2026-09-16T05:53:51.894Z,14092,64500,118000
2026-09-16T05:53:51.894Z,7173,326000,530000
2026-09-16T05:53:51.894Z,12777,128,130
2026-09-16T05:53:51.894Z,33157,105000000,110000000
2026-09-16T05:53:51.894Z,11965,148200000,156100000
2026-09-16T05:53:51.894Z,2354,77080,79000
2026-09-16T05:53:51.894Z,27198,22300000,27140000
2026-09-16T05:53:51.894Z,13793,770200,989800
2026-09-16T05:53:51.894Z,14238,99650000,108100000
2026-09-16T05:53:51.894Z,21790,200,13990
2026-09-16T05:53:51.894Z,29011,12010,15400
2026-09-16T05:53:51.894Z,22123,43400000,53000000
2026-09-16T05:53:51.894Z,30376,20550,21000
2026-09-16T05:53:51.894Z,40566,21790000,25570000
2026-09-16T05:53:51.894Z,54733,1021000000,1197000000
2026-09-16T05:53:51.894Z,56617,5009000,10770000
2026-09-16T05:53:51.894Z,227,26.92,54
2026-09-16T05:53:51.894Z,11269,683100,742000
2026-09-16T05:53:51.894Z,215,3.51,5.85
2026-09-16T05:53:51.894Z,16004,106800000,119300000
2026-09-16T05:53:51.894Z,16660,915.8,1107
2026-09-16T05:53:51.894Z,28674,2319000,2647000
2026-09-16T05:53:51.894Z,31031,55530000,347100000
2026-09-16T05:53:51.894Z,40567,1601000,29480000
2026-09-16T05:53:51.894Z,26444,4611000,5123000
2026-09-16T05:53:51.894Z,47928,642.2,719.3
2026-09-16T05:53:51.894Z,11547,87580,107100
2026-09-16T05:53:51.894Z,18943,63120000,67900000
2026-09-16T05:53:51.894Z,2953,3039000,4164000
2026-09-16T05:53:51.894Z,37627,255100000,277000000
2026-09-16T05:53:51.894Z,13249,15040000,16160000
2026-09-16T05:53:51.894Z,18843,1460000,4792000
2026-09-16T05:53:51.894Z,17938,18910,19900
2026-09-16T05:53:51.894Z,31153,211900,237800
2026-09-16T05:53:51.894Z,23803,90120000,107900000
2026-09-16T05:53:51.894Z,17647,160000,395000
2026-09-16T05:53:51.894Z,63856,30250,899900
2026-09-16T05:53:51.894Z,62562,5566,6738
2026-09-16T05:53:51.894Z,12346,770200,996300
2026-09-16T05:53:51.894Z,48438,217500000,246700000
2026-09-16T05:53:51.894Z,17722,242200000,273900000
2026-09-16T05:53:51.894Z,14178,25110000,28590000
2026-09-16T05:53:51.894Z,52312,580100,618000
2026-09-16T05:53:51.894Z,60468,1448000,2079000
2026-09-16T05:53:51.894Z,31892,1950000,2026000
2026-09-16T05:53:51.894Z,31408,1337000,1742000
2026-09-16T05:53:51.894Z,53712,419300000,454100000
2026-09-16T05:53:51.894Z,19972,1.39,1.4
2026-09-16T05:53:51.894Z,30371,4393,4698
2026-09-16T05:53:51.894Z,18945,226800000,245700000
2026-09-16T05:53:51.894Z,56072,154900,193700
2026-09-16T05:53:51.894Z,2317,9031,9299
2026-09-16T05:53:51.894Z,56609,600200,2079000
2026-09-16T05:53:51.894Z,18863,40810000,46960000
2026-09-16T05:53:51.894Z,11451,156100,1220000
2026-09-16T05:53:51.894Z,5759,171200,171600
2026-09-16T05:53:51.894Z,47506,501500,9502000
2026-09-16T05:53:51.894Z,25968,,1470000
2026-09-16T05:53:51.894Z,12221,1376000,1574000
2026-09-16T05:53:51.894Z,656,2079000,2300000
2026-09-16T05:53:51.894Z,23170,20020,292700
2026-09-16T05:53:51.894Z,56131,75180,103000
2026-09-16T05:53:51.894Z,26414,65000000,72390000
2026-09-16T05:53:51.894Z,17838,12590000,19870000
2026-09-16T05:53:51.894Z,52847,500100,1386000
2026-09-16T05:53:51.894Z,16487,46010,60460
2026-09-16T05:53:51.894Z,25974,,1755000
2026-09-16T05:53:51.894Z,18937,156300000,156500000
2026-09-16T05:53:51.894Z,16643,5914,6292
2026-09-16T05:53:51.894Z,47826,26280000,29630000
2026-09-16T05:53:51.894Z,584,218400,471900
2026-09-16T05:53:51.894Z,14029,50000,120700
2026-09-16T05:53:51.894Z,605,387500,428900
2026-09-16T05:53:51.894Z,47918,31370000,33870000
2026-09-16T05:53:51.894Z,62533,81.62,113.5
2026-09-16T05:53:51.894Z,13968,1000000,1666000
2026-09-16T05:53:51.894Z,56923,500900,5996000
2026-09-16T05:53:51.894Z,17184,2028000,7944000
2026-09-16T05:53:51.894Z,19105,33020000,36820000
2026-09-16T05:53:51.894Z,22130,330700000,356900000
2026-09-16T05:53:51.894Z,2351,70020,78030
2026-09-16T05:53:51.894Z,44993,454100000,491600000
2026-09-16T05:53:51.894Z,72904,7003000,7997000
2026-09-16T05:53:51.894Z,21724,25030,722600
2026-09-16T05:53:51.894Z,3949,790600,1095000
2026-09-16T05:53:51.894Z,64568,824200,2086000
2026-09-16T05:53:51.894Z,34286,1782000,1992000
2026-09-16T05:53:51.894Z,22548,192600000,198000000
2026-09-16T05:53:51.894Z,15465,26520000,29920000
2026-09-16T05:53:51.894Z,12546,339800,344500
2026-09-16T05:53:51.894Z,19265,59330000,68190000
2026-09-16T05:53:51.894Z,11311,105000,105100
2026-09-16T05:53:51.894Z,31171,2814000,2897000
2026-09-16T05:53:51.894Z,27678,23960000,92000000
2026-09-16T05:53:51.894Z,23055,4186000,5732000
2026-09-16T05:53:51.894Z,41463,51200000,57820000
2026-09-16T05:53:51.894Z,42145,17530000,21620000
2026-09-16T05:53:51.894Z,10838,40000,126200
2026-09-16T05:53:51.894Z,25613,380000,380100
2026-09-16T05:53:51.894Z,30374,9031,9036
2026-09-16T05:53:51.894Z,14152,4476000,5896000
2026-09-16T05:53:51.894Z,14065,11680000,11690000
2026-09-16T05:53:51.894Z,13974,6306000,8579000
2026-09-16T05:53:51.894Z,3534,526600000,588800000
2026-09-16T05:53:51.894Z,3568,378100,464400
2026-09-16T05:53:51.894Z,499,1510,18860
2026-09-16T05:53:51.894Z,18939,172100000,183700000
2026-09-16T05:53:51.894Z,62524,24.2,29.6
2026-09-16T05:53:51.894Z,60289,582100,709300
2026-09-16T05:53:51.894Z,17499,37200000,43650000
2026-09-16T05:53:51.894Z,57449,377800000,414500000
2026-09-16T05:53:51.894Z,24509,401,437.2
2026-09-16T05:53:51.894Z,62399,4303,4849
2026-09-16T05:53:51.894Z,19173,148000000,172000000
2026-09-16T05:53:51.894Z,16636,336.4,373.6
2026-09-16T05:53:51.894Z,16673,47.7,52.59
2026-09-16T05:53:51.894Z,53494,65010,499900
2026-09-16T05:53:51.894Z,18799,48360000,55860000
2026-09-16T05:53:51.894Z,15766,31510000,33810000
2026-09-16T05:53:51.894Z,26102,1002000,7371000
2026-09-16T05:53:51.894Z,33892,,2897000
2026-09-16T05:53:51.894Z,23153,85010,200000
2026-09-16T05:53:51.894Z,9942,7403000,8291000
2026-09-16T05:53:51.894Z,62012,100500,4975000
2026-09-16T05:53:51.894Z,57456,3000,3174
2026-09-16T05:53:51.894Z,92577,61000,158800
2026-09-16T05:53:51.894Z,62522,21.25,23
2026-09-16T05:53:51.894Z,200,60.02,142
2026-09-16T05:53:51.894Z,26260,35.03,3200
2026-09-16T05:53:51.894Z,32876,804400,943800
2026-09-16T05:53:51.894Z,47123,40200,38120000
2026-09-16T05:53:51.894Z,31177,40180,56680
2026-09-16T05:53:51.894Z,10155,4254000,4781000
2026-09-16T05:53:51.894Z,16056,47500000,105700000
2026-09-16T05:53:51.894Z,19325,33160000,35910000
2026-09-16T05:53:51.894Z,19143,39640000,44680000
2026-09-16T05:53:51.894Z,34723,4401,947300
2026-09-16T05:53:51.894Z,8759,752600,3192000
2026-09-16T05:53:51.894Z,93906,989100000,1205000000
2026-09-16T05:53:51.894Z,41566,47860000,60880000
2026-09-16T05:53:51.894Z,18811,1076000,2669000
2026-09-16T05:53:51.894Z,30628,16610000,20680000
2026-09-16T05:53:51.894Z,44260,534.9,1046
2026-09-16T05:53:51.894Z,63244,36630,1733000
2026-09-16T05:53:51.894Z,35656,12450,22340
2026-09-16T05:53:51.894Z,62529,34.5,37
2026-09-16T05:53:51.894Z,25590,78250,78260
2026-09-16T05:53:51.894Z,41199,4370000,5190000
2026-09-16T05:53:51.894Z,18855,6718000,8703000
2026-09-16T05:53:51.894Z,54775,25000,27390
2026-09-16T05:53:51.894Z,60217,600000,2638000
2026-09-16T05:53:51.894Z,57156,55790000,109600000
2026-09-16T05:53:51.894Z,3542,290500000,320700000
2026-09-16T05:53:51.894Z,62397,4115,4282
2026-09-16T05:53:51.894Z,33894,1844000,2073000
2026-09-16T05:53:51.894Z,13785,46640000,63700000
2026-09-16T05:53:51.894Z,32342,14310000,18160000
2026-09-16T05:53:51.894Z,19207,149900000,157200000
2026-09-16T05:53:51.894Z,9826,253.1,333.3
2026-09-16T05:53:51.894Z,16668,26010,27480
2026-09-16T05:53:51.894Z,496,884800,1760000
2026-09-16T05:53:51.894Z,18817,12000000,12890000
2026-09-16T05:53:51.894Z,14228,5838000,19000000
2026-09-16T05:53:51.894Z,10688,4240,8498
2026-09-16T05:53:51.894Z,31556,0.02,3690000
2026-09-16T05:53:51.894Z,14120,89350000,98240000
2026-09-16T05:53:51.894Z,19202,165300000,179900000
2026-09-16T05:53:51.894Z,34290,3146000,3525000
2026-09-16T05:53:51.894Z,92092,36010000,87970000
2026-09-16T05:53:51.894Z,21280,1859000,8500000
2026-09-16T05:53:51.894Z,17520,63020000,76890000
2026-09-16T05:53:51.894Z,16399,55230,74860
2026-09-16T05:53:51.894Z,16423,55200,75350
2026-09-16T05:53:51.894Z,19115,46210000,59990000
2026-09-16T05:53:51.894Z,57442,75880000,82410000
2026-09-16T05:53:51.894Z,7625,17380,194700
2026-09-16T05:53:51.894Z,81951,871800000,1013000000
2026-09-16T05:53:51.894Z,15768,94260000,125200000
2026-09-16T05:53:51.894Z,2254,52000,95990
2026-09-16T05:53:51.894Z,57466,347400,457700
2026-09-16T05:53:51.894Z,95293,12250000,39000000
2026-09-16T05:53:51.894Z,47741,12590000,14300000
2026-09-16T05:53:51.894Z,22919,14030000,38590000
2026-09-16T05:53:51.894Z,47929,525.7,800
2026-09-16T05:53:51.894Z,16681,3737,3825
2026-09-16T05:53:51.894Z,19139,15220000,19360000
2026-09-16T05:53:51.894Z,92589,60000,81890
2026-09-16T05:53:51.894Z,13919,45920000,52410000
2026-09-16T05:53:51.894Z,9832,10850,11080
2026-09-16T05:53:51.894Z,52252,685000000,724700000
2026-09-16T05:53:51.894Z,31392,38100,58110000
2026-09-16T05:53:51.894Z,30305,9643,12040
2026-09-16T05:53:51.894Z,53040,912800,2216000
2026-09-16T05:53:51.894Z,3561,353700000,411700000
2026-09-16T05:53:51.894Z,46381,5804000,6990000
2026-09-16T05:53:51.894Z,92035,6057000,7161000
2026-09-16T05:53:51.894Z,48726,6000000,36670000
2026-09-16T05:53:51.894Z,92040,1814000,1984000
2026-09-16T05:53:51.894Z,27179,152600000,165000000
2026-09-16T05:53:51.894Z,56075,216800,527400
2026-09-16T05:53:51.894Z,30303,1596,1599
2026-09-16T05:53:51.894Z,34207,3491000,3492000
2026-09-16T05:53:51.894Z,31442,19650,118700
2026-09-16T05:53:51.894Z,20159,191000000,203000000
2026-09-16T05:53:51.894Z,22109,67100000,74100000
2026-09-16T05:53:51.894Z,31390,3031000,5088000
2026-09-16T05:53:51.894Z,85553,77770000,222800000
2026-09-16T05:53:51.894Z,13284,412800,679900
2026-09-16T05:53:51.894Z,71755,442,647.8
2026-09-16T05:53:51.894Z,12267,2317000,2450000
2026-09-16T05:53:51.894Z,7703,58770,111700
2026-09-16T05:53:51.894Z,30309,31480,35270
2026-09-16T05:53:51.894Z,10039,363,5900
2026-09-16T05:53:51.894Z,20353,3225000,3328000
2026-09-16T05:53:51.894Z,12771,99.18,148.1
2026-09-16T05:53:51.894Z,28803,146000000,161400000
2026-09-16T05:53:51.894Z,57077,10010,900000
2026-09-16T05:53:51.894Z,25887,89440,97150
2026-09-16T05:53:51.894Z,3025,1706000,1868000
2026-09-16T05:53:51.894Z,52240,391900000,518500000
2026-09-16T05:53:51.894Z,14043,5501000,6917000
2026-09-16T05:53:51.894Z,11393,22190000,23760000
2026-09-16T05:53:51.894Z,42830,302.4,346.4
2026-09-16T05:53:51.894Z,82365,20000,88910
2026-09-16T05:53:51.894Z,30307,16120,16330
2026-09-16T05:53:51.894Z,37626,85970000,109200000
2026-09-16T05:53:51.894Z,19285,1838000,2128000
2026-09-16T05:53:51.894Z,45605,35630000,41900000
2026-09-16T05:53:51.894Z,19023,75020000,83610000
2026-09-16T05:53:51.894Z,18708,193400000,213300000
2026-09-16T05:53:51.894Z,83327,10000,66900
2026-09-16T05:53:51.894Z,25278,25000,32890
2026-09-16T05:53:51.894Z,35657,140700,151800
2026-09-16T05:53:51.894Z,49737,17250000,18400000
2026-09-16T05:53:51.894Z,15508,27770,29980
2026-09-16T05:53:51.894Z,20110,1600000,2109000
2026-09-16T05:53:51.894Z,23143,51740,88750
2026-09-16T05:53:51.894Z,16637,1271,1273
2026-09-16T05:53:51.894Z,41196,52200000,59800000
2026-09-16T05:53:51.894Z,45663,167300,169700
2026-09-16T05:53:51.894Z,72811,114000000,123200000
2026-09-16T05:53:51.894Z,62544,801.3,1049
2026-09-16T05:53:51.894Z,92034,5014000,6380000
2026-09-16T05:53:51.894Z,92033,6335000,7439000
2026-09-16T05:53:51.894Z,92041,1109000,1449000
2026-09-16T05:53:51.894Z,16275,4511,4774
2026-09-16T05:53:51.894Z,25589,860.5,860.6
2026-09-16T05:53:51.894Z,15458,1520000,2388000
2026-09-16T05:53:51.894Z,90419,107100000,273700000
2026-09-16T05:53:51.894Z,20503,277600000,290000000
2026-09-16T05:53:51.894Z,24490,82,92.7
2026-09-16T05:53:51.894Z,95556,305000000,330000000
2026-09-16T05:53:51.894Z,4112,20090000,74200000
2026-09-16T05:53:51.894Z,21074,3115000,4223000
2026-09-16T05:53:51.894Z,17918,703100000,764100000
2026-09-16T05:53:51.894Z,41214,27150000,29030000
2026-09-16T05:53:51.894Z,24523,1563,1709
2026-09-16T05:53:51.894Z,54398,99420000,139200000
2026-09-16T05:53:51.894Z,56713,100100,384800
2026-09-16T05:53:51.894Z,92458,132000000,140900000
2026-09-16T05:53:51.894Z,41236,29460000,41600000
2026-09-16T05:53:51.894Z,47926,901.3,1046
2026-09-16T05:53:51.894Z,13939,68000000,74740000
2026-09-16T05:53:51.894Z,17940,503400,1669000
2026-09-16T05:53:51.894Z,19535,3000000,17930000
2026-09-16T05:53:51.894Z,52310,53380,62140
2026-09-16T05:53:51.894Z,28262,137200,188400
2026-09-16T05:53:51.894Z,36909,19540000,22440000
2026-09-16T05:53:51.894Z,11349,55000,55010
2026-09-16T05:53:51.894Z,47332,131100000,214800000
2026-09-16T05:53:51.894Z,211,8.27,9
2026-09-16T05:53:51.894Z,5281,2070,9000
2026-09-16T05:53:51.894Z,16634,165.5,207.8
2026-09-16T05:53:51.894Z,16641,6025,6300
2026-09-16T05:53:51.894Z,32874,836800,930600
2026-09-16T05:53:51.894Z,228,13.02,33.02
2026-09-16T05:53:51.894Z,47927,800.3,928.2
2026-09-16T05:53:51.894Z,26328,32010000,75760000
2026-09-16T05:53:51.894Z,23177,3672000,8699000
2026-09-16T05:53:51.894Z,47792,2052000,2350000
2026-09-16T05:53:51.894Z,82386,10000,6998000
2026-09-16T05:53:51.894Z,53987,1500000,1645000
2026-09-16T05:53:51.894Z,90733,341.8,376.8
2026-09-16T05:53:51.894Z,37306,151100000,176000000
2026-09-16T05:53:51.894Z,2929,3646000,4095000
2026-09-16T05:53:51.894Z,16272,110.5,113
2026-09-16T05:53:51.894Z,15868,221800,1870000
2026-09-16T05:53:51.894Z,12779,309.8,341
2026-09-16T05:53:51.894Z,15510,29950,39760
2026-09-16T05:53:51.894Z,11534,19060,20970
2026-09-16T05:53:51.894Z,574,1720000,1780000
2026-09-16T05:53:51.894Z,55761,3510000,3746000
2026-09-16T05:53:51.894Z,5755,188400,188500
2026-09-16T05:53:51.894Z,20171,84260,92070
2026-09-16T05:53:51.894Z,7131,448000,450000
2026-09-16T05:53:51.894Z,10876,45430,56240
2026-09-16T05:53:51.894Z,7085,312700,312800
2026-09-16T05:53:51.894Z,7125,466000,278900
2026-09-16T05:53:51.894Z,7047,240000,245000
2026-09-16T05:53:51.894Z,14286,745000,832700
2026-09-16T05:53:51.894Z,7087,421100,499000
2026-09-16T05:53:51.894Z,35923,71210000,120000000
2026-09-16T05:53:51.894Z,94125,20000,99290
2026-09-16T05:53:51.894Z,25266,2675000,2924000
2026-09-16T05:53:51.894Z,9493,440500,532100
2026-09-16T05:53:51.894Z,1333,108,27550
2026-09-16T05:53:51.894Z,18823,50310000,59890000
2026-09-16T05:53:51.894Z,4613,25000,25010
2026-09-16T05:53:51.894Z,2510,275.1,434.4
2026-09-16T05:53:51.894Z,25601,3904,3910
2026-09-16T05:53:51.894Z,2937,824300,1389000
2026-09-16T05:53:51.894Z,11371,17750000,18800000
2026-09-16T05:53:51.894Z,86264,50070000,68230000
2026-09-16T05:53:51.894Z,45600,31620000,33780000
2026-09-16T05:53:51.894Z,32006,99510,104700
2026-09-16T05:53:51.894Z,37544,5000,11650
2026-09-16T05:53:51.894Z,94127,20000,99380
2026-09-16T05:53:51.894Z,41055,690000,776800
2026-09-16T05:53:51.894Z,25603,3258,3259
2026-09-16T05:53:51.894Z,3779,836.8,889.9
2026-09-16T05:53:51.894Z,14262,145700000,153000000
2026-09-16T05:53:51.894Z,41201,202000000,233500000
2026-09-16T05:53:51.894Z,26450,75460000,79830000
2026-09-16T05:53:51.894Z,17728,374400000,400700000
2026-09-16T05:53:51.894Z,85781,360000,2347000
2026-09-16T05:53:51.894Z,2637,368.2,473.2
2026-09-16T05:53:51.894Z,14168,65530000,72000000
2026-09-16T05:53:51.894Z,19215,10270000,11350000
2026-09-16T05:53:51.894Z,3598,648000,738300
2026-09-16T05:53:51.894Z,2876,1975000,2090000
2026-09-16T05:53:51.894Z,19343,36230000,38000000
2026-09-16T05:53:51.894Z,37294,177700000,183800000
2026-09-16T05:53:51.894Z,41197,54830000,72450000
2026-09-16T05:53:51.894Z,19293,175500000,190000000
2026-09-16T05:53:51.894Z,40570,20660000,26560000
2026-09-16T05:53:51.894Z,96331,11100000,17000000
2026-09-16T05:53:51.894Z,60470,1383000,1990000
2026-09-16T05:53:51.894Z,12542,6147000,6880000
2026-09-16T05:53:51.894Z,1828,360.7,374.3
2026-09-16T05:53:51.894Z,42838,115.2,478.1
2026-09-16T05:53:51.894Z,8427,68680,80000
2026-09-16T05:53:51.894Z,88126,91530000,157600000
2026-09-16T05:53:51.894Z,54769,18580,32200
2026-09-16T05:53:51.894Z,17217,20260000,20890000
2026-09-16T05:53:51.894Z,14242,103500000,110500000
2026-09-16T05:53:51.894Z,2868,2037000,2396000
2026-09-16T05:53:51.894Z,84170,520300,996900
2026-09-16T05:53:51.894Z,12487,685100,1049000
2026-09-16T05:53:51.894Z,92462,1351000,1687000
2026-09-16T05:53:51.894Z,19422,3123000,3215000
2026-09-16T05:53:51.894Z,19410,9205000,9271000
2026-09-16T05:53:51.894Z,19409,5854000,5990000
2026-09-16T05:53:51.894Z,37545,5200,5939
2026-09-16T05:53:51.894Z,31532,2354000,3022000
2026-09-16T05:53:51.894Z,13878,8002000,13990000
2026-09-16T05:53:51.894Z,41237,47210000,61270000
2026-09-16T05:53:51.894Z,3504,1351000,1520000
2026-09-16T05:53:51.894Z,5137,3153,3154
2026-09-16T05:53:51.894Z,19255,59740000,75990000
2026-09-16T05:53:51.894Z,14001,11780000,12670000
2026-09-16T05:53:51.894Z,3095,555400000,599400000
2026-09-16T05:53:51.894Z,34205,305200,317900
2026-09-16T05:53:51.894Z,15865,16410000,23000000
2026-09-16T05:53:51.894Z,91156,1001,2938000
2026-09-16T05:53:51.894Z,19151,75180000,81760000
2026-09-16T05:53:51.894Z,11693,17480,20490
2026-09-16T05:53:51.894Z,1436,504400,628100
2026-09-16T05:53:51.894Z,92463,3020000,3496000
2026-09-16T05:53:51.894Z,90521,200,2200
2026-09-16T05:53:51.894Z,225,26.08,32.43
2026-09-16T05:53:51.894Z,31358,647400,759800
2026-09-16T05:53:51.894Z,13956,112300000,128200000
2026-09-16T05:53:51.894Z,3691,8322,8324
2026-09-16T05:53:51.894Z,27089,42410,698000
2026-09-16T05:53:51.894Z,14295,3547000,3991000
2026-09-16T05:53:51.894Z,27070,1111,648200
2026-09-16T05:53:51.894Z,23175,113600,194000
2026-09-16T05:53:51.894Z,75283,2502,3538
2026-09-16T05:53:51.894Z,55605,100,88930
2026-09-16T05:53:51.894Z,5445,23020,27000
2026-09-16T05:53:51.894Z,78777,101000,1199000
2026-09-16T05:53:51.894Z,92461,344800,397800
2026-09-16T05:53:51.894Z,27116,115000000,119100000
2026-09-16T05:53:51.894Z,15917,13470000,17900000
2026-09-16T05:53:51.894Z,56133,70000,70000
2026-09-16T05:53:51.894Z,92464,306800,445600
2026-09-16T05:53:51.894Z,31714,46600000,68960000
2026-09-16T05:53:51.894Z,19221,4890000,5839000
2026-09-16T05:53:51.894Z,2032,462200,520200
2026-09-16T05:53:51.894Z,2865,1485000,2624000
2026-09-16T05:53:51.894Z,14047,9918000,10900000
2026-09-16T05:53:51.894Z,85454,,1400000000
2026-09-16T05:53:51.894Z,15931,115500000,127900000
2026-09-16T05:53:51.894Z,2977,622700,656900
2026-09-16T05:53:51.894Z,14041,10770000,12330000
2026-09-16T05:53:51.894Z,19814,736,6690
2026-09-16T05:53:51.894Z,20559,7271000,15810000
2026-09-16T05:53:51.894Z,31019,207000000,296400000
2026-09-16T05:53:51.894Z,42211,125900000,147500000
2026-09-16T05:53:51.894Z,3082,990600,1244000
2026-09-16T05:53:51.894Z,20887,2696000,4845000
2026-09-16T05:53:51.894Z,10858,780800,876300
2026-09-16T05:53:51.894Z,20421,90270,97190
2026-09-16T05:53:51.894Z,95275,600000000,888700000
2026-09-16T05:53:51.894Z,17366,11560,28380
2026-09-16T05:53:51.894Z,21504,390000,38810000
2026-09-16T05:53:51.894Z,23105,744000,799900
2026-09-16T05:53:51.894Z,19107,8345000,9391000
2026-09-16T05:53:51.894Z,21256,12000,297000
2026-09-16T05:53:51.894Z,3356,62.16,3497
2026-09-16T05:53:51.894Z,11341,12320,18110
2026-09-16T05:53:51.894Z,85516,650000000,1100000000
2026-09-16T05:53:51.894Z,9668,479700,504900
2026-09-16T05:53:51.894Z,640,108800000,117900000
2026-09-16T05:53:51.894Z,63241,3682,898900
2026-09-16T05:53:51.894Z,37483,37680000,39360000
2026-09-16T05:53:51.894Z,90457,600.2,4601
2026-09-16T05:53:51.894Z,41200,220200000,247000000
2026-09-16T05:53:51.894Z,17894,737100,825000
2026-09-16T05:53:51.894Z,24521,1290,1404
2026-09-16T05:53:51.894Z,4383,2580000,2647000
2026-09-16T05:53:51.894Z,11301,68500,168700
2026-09-16T05:53:51.894Z,81016,7862000,12400000
2026-09-16T05:53:51.894Z,50133,10.02,599600
2026-09-16T05:53:51.894Z,85145,92000,599600
2026-09-16T05:53:51.894Z,41275,5175,8935
2026-09-16T05:53:51.894Z,30259,20880,23000
2026-09-16T05:53:51.894Z,62387,30220,37920
2026-09-16T05:53:51.894Z,27187,25000000,27970000
2026-09-16T05:53:51.894Z,43552,1662000,1890000
2026-09-16T05:53:51.894Z,56081,73400,254700
2026-09-16T05:53:51.894Z,46847,16880000,49880000
2026-09-16T05:53:51.894Z,28270,434500,469500
2026-09-16T05:53:51.894Z,17482,3070000,3269000
2026-09-16T05:53:51.894Z,16523,2266,3998
2026-09-16T05:53:51.894Z,23041,916.6,998.2
2026-09-16T05:53:51.894Z,29043,50200,917800
2026-09-16T05:53:51.894Z,19337,37320000,46990000
2026-09-16T05:53:51.894Z,48115,81210000,86740000
2026-09-16T05:53:51.894Z,4200,19600000,85640000
2026-09-16T05:53:51.894Z,19551,134700000,148100000
2026-09-16T05:53:51.894Z,60461,601200,896500
2026-09-16T05:53:51.894Z,17476,34420000,37780000
2026-09-16T05:53:51.894Z,5221,923.5,3624
2026-09-16T05:53:51.894Z,2321,14450,16510
2026-09-16T05:53:51.894Z,29990,225500000,240800000
2026-09-16T05:53:51.894Z,2327,14570,15690
2026-09-16T05:53:51.894Z,19335,250000000,283800000
2026-09-16T05:53:51.894Z,3725,9845,10970
2026-09-16T05:53:51.894Z,31812,17020000,17090000
2026-09-16T05:53:51.894Z,84131,495300000,989700000
2026-09-16T05:53:51.894Z,42782,500000,7499000
2026-09-16T05:53:51.894Z,28442,222000,251000
2026-09-16T05:53:51.894Z,62014,40000,520000
2026-09-16T05:53:51.894Z,2456,291700,311500
2026-09-16T05:53:51.894Z,32341,35010000,360000000
2026-09-16T05:53:51.894Z,25616,1016,1017
2026-09-16T05:53:51.894Z,31826,346200000,403400000
2026-09-16T05:53:51.894Z,24690,146100000,155700000
2026-09-16T05:53:51.894Z,19231,138100000,152100000
2026-09-16T05:53:51.894Z,13253,6055,86700
2026-09-16T05:53:51.894Z,15656,89620,99840
2026-09-16T05:53:51.894Z,31334,121.2,132900
2026-09-16T05:53:51.894Z,52284,901200,13990000
2026-09-16T05:53:51.894Z,28750,135100000,159400000
2026-09-16T05:53:51.894Z,62647,313100,19990000
2026-09-16T05:53:51.894Z,7747,135300,235900
2026-09-16T05:53:51.894Z,35794,11690,19510
2026-09-16T05:53:51.894Z,28754,178000000,178600000
2026-09-16T05:53:51.894Z,252,4670,33790
2026-09-16T05:53:51.894Z,33470,265600000,281800000
2026-09-16T05:53:51.894Z,12625,30.58,50.72
2026-09-16T05:53:51.894Z,21640,782900,844600
2026-09-16T05:53:51.894Z,92387,2251000,3169000
2026-09-16T05:53:51.894Z,19286,3325000,3498000
2026-09-16T05:53:51.894Z,17270,1008000,2356000
2026-09-16T05:53:51.894Z,17674,1703,2443
2026-09-16T05:53:51.894Z,55760,776300,873600
2026-09-16T05:53:51.894Z,49773,11830000,12990000
2026-09-16T05:53:51.894Z,83343,100300,2556000
2026-09-16T05:53:51.894Z,89615,1750000,2436000
2026-09-16T05:53:51.894Z,22961,364.5,451.8
2026-09-16T05:53:51.894Z,3119,545500000,604600000
2026-09-16T05:53:51.894Z,23894,96920000,109300000
2026-09-16T05:53:51.894Z,37805,21210000,24240000
2026-09-16T05:53:51.894Z,3140,559500000,616700000
2026-09-16T05:53:51.894Z,47914,19040000,20390000
2026-09-16T05:53:51.894Z,3475,543600000,619500000
2026-09-16T05:53:51.894Z,29045,623900,2080000
2026-09-16T05:53:51.894Z,13003,1242000,1330000
2026-09-16T05:53:51.894Z,21009,11980000,13260000
2026-09-16T05:53:51.894Z,34201,363300,363400
2026-09-16T05:53:51.894Z,85668,269200000,333800000
2026-09-16T05:53:51.894Z,83471,2539000,2858000
2026-09-16T05:53:51.894Z,60951,41030000,99000000
2026-09-16T05:53:51.894Z,54308,2112000,31960000
2026-09-16T05:53:51.894Z,92965,250500000,364400000
2026-09-16T05:53:51.894Z,3586,3107,22500
2026-09-16T05:53:51.894Z,1822,47,53.95
2026-09-16T05:53:51.894Z,22446,263800000,284900000
2026-09-16T05:53:51.894Z,32344,16000000,17430000
2026-09-16T05:53:51.894Z,22901,500000,2981000
2026-09-16T05:53:51.894Z,11198,16880000,17480000
2026-09-16T05:53:51.894Z,49792,21410000,36970000
2026-09-16T05:53:51.894Z,41491,660100,48830000
2026-09-16T05:53:51.894Z,40659,37230000,42640000
2026-09-16T05:53:51.894Z,8517,4543000,5179000
2026-09-16T05:53:51.894Z,49740,10090000,11470000
2026-09-16T05:53:51.894Z,380,181400,229400
2026-09-16T05:53:51.894Z,16655,3207,4124
2026-09-16T05:53:51.894Z,90609,8033000,10090000
2026-09-16T05:53:51.894Z,17470,11.41,11.42
2026-09-16T05:53:51.894Z,45626,32580000,36180000
2026-09-16T05:53:51.894Z,7291,,7909
2026-09-16T05:53:51.894Z,96327,11400000,25000000
2026-09-16T05:53:51.894Z,9834,78230,81570
2026-09-16T05:53:51.894Z,56748,89710,114500
2026-09-16T05:53:51.894Z,56069,8466000,9830000
2026-09-16T05:53:51.894Z,92381,800100,1342000
2026-09-16T05:53:51.894Z,78369,480800000,505600000
2026-09-16T05:53:51.894Z,48114,36340000,38200000
2026-09-16T05:53:51.894Z,17478,35570000,39980000
2026-09-16T05:53:51.894Z,57464,1207000,1375000
2026-09-16T05:53:51.894Z,31930,24910000,29600000
2026-09-16T05:53:51.894Z,85396,48000,56380
2026-09-16T05:53:51.894Z,19289,60940000,67320000
2026-09-16T05:53:51.894Z,8531,23110,38980
2026-09-16T05:53:51.894Z,20415,91030,94690
2026-09-16T05:53:51.894Z,57478,44850,46970
2026-09-16T05:53:51.894Z,482,653100,773800
2026-09-16T05:53:51.894Z,83269,1010,176400
2026-09-16T05:53:51.894Z,47729,60040,196000
2026-09-16T05:53:51.894Z,60463,1636000,2479000
2026-09-16T05:53:51.894Z,60466,782600,999900
2026-09-16T05:53:51.894Z,60462,262700,455800
2026-09-16T05:53:51.894Z,60472,7151000,8397000
2026-09-16T05:53:51.894Z,60469,505800,896000
2026-09-16T05:53:51.894Z,48430,4004000,13000000
2026-09-16T05:53:51.894Z,5443,44280,68760
2026-09-16T05:53:51.894Z,88710,1665000000,2046000000
2026-09-16T05:53:51.894Z,31654,281500000,339600000
2026-09-16T05:53:51.894Z,42749,33010,1000000
2026-09-16T05:53:51.894Z,30373,6891,7600
2026-09-16T05:53:51.894Z,31207,827000,1081000
2026-09-16T05:53:51.894Z,47751,17880000,20570000
2026-09-16T05:53:51.894Z,35683,65100000,69630000
2026-09-16T05:53:51.894Z,19029,39560000,42840000
2026-09-16T05:53:51.894Z,2024,708100,769900
2026-09-16T05:53:51.894Z,47743,15500000,17980000
2026-09-16T05:53:51.894Z,82457,40060,1538000
2026-09-16T05:53:51.894Z,34272,1757000,2179000
2026-09-16T05:53:51.894Z,48721,11000000,64910000
2026-09-16T05:53:51.894Z,19175,85720000,98990000
2026-09-16T05:53:51.894Z,31232,100000,294200
2026-09-16T05:53:51.894Z,53857,108600000,185000000
2026-09-16T05:53:51.894Z,46365,57000,364700
2026-09-16T05:53:51.894Z,19141,27490000,29420000
2026-09-16T05:53:51.894Z,15965,76750000,86000000
2026-09-16T05:53:51.894Z,47819,5152000,8142000
2026-09-16T05:53:51.894Z,89607,1850000000,1976000000
2026-09-16T05:53:51.894Z,93361,20000,91810
2026-09-16T05:53:51.894Z,28665,901500000,949900000
2026-09-16T05:53:51.894Z,22430,701000000,741300000
2026-09-16T05:53:51.894Z,15630,71750,90400
2026-09-16T05:53:51.894Z,81066,7213,7998
2026-09-16T05:53:51.894Z,28444,190000,197900
2026-09-16T05:53:51.894Z,655,2210000,2370000
2026-09-16T05:53:51.894Z,47892,22920,38910
2026-09-16T05:53:51.894Z,8089,13510,17190
2026-09-16T05:53:51.894Z,30370,4425,4700
2026-09-16T05:53:51.894Z,2993,377900,498500
2026-09-16T05:53:51.894Z,56701,4003000,8750000
2026-09-16T05:53:51.894Z,27245,112200000,120700000
2026-09-16T05:53:51.894Z,21571,650000,999900
2026-09-16T05:53:51.894Z,3618,107800000,135100000
2026-09-16T05:53:51.894Z,19241,101000,699900
2026-09-16T05:53:51.894Z,17218,3667,7775
2026-09-16T05:53:51.894Z,91976,9796000,20250000
2026-09-16T05:53:51.894Z,40520,711200000,740300000
2026-09-16T05:53:51.894Z,4250,2453000,2720000
2026-09-16T05:53:51.894Z,33393,356100000,410000000
2026-09-16T05:53:51.894Z,30022,37650,37970
2026-09-16T05:53:51.894Z,185,21.64,27.8
2026-09-16T05:53:51.894Z,47830,26060000,30120000
2026-09-16T05:53:51.894Z,22436,726700000,767000000
2026-09-16T05:53:51.894Z,12818,112000,139100
2026-09-16T05:53:51.894Z,21017,13150000,17660000
2026-09-16T05:53:51.894Z,31376,3069000,3517000
2026-09-16T05:53:51.894Z,52636,150900000,700000000
2026-09-16T05:53:51.894Z,33076,10870,18210
2026-09-16T05:53:51.894Z,26310,49130000,57200000
2026-09-16T05:53:51.894Z,31414,21050000,23510000
2026-09-16T05:53:51.894Z,18873,74110000,83120000
2026-09-16T05:53:51.894Z,91960,10030000,18150000
2026-09-16T05:53:51.894Z,47499,2200000,23840000
2026-09-16T05:53:51.894Z,28795,578800000,783000000
2026-09-16T05:53:51.894Z,24529,1286,1385
2026-09-16T05:53:51.894Z,47900,32090,43090
2026-09-16T05:53:51.894Z,57444,85210000,91490000
2026-09-16T05:53:51.894Z,7169,304500,538900
2026-09-16T05:53:51.894Z,267,210,226.9
2026-09-16T05:53:51.894Z,203,150.3,176
2026-09-16T05:53:51.894Z,1830,146.2,175.6
2026-09-16T05:53:51.894Z,233,30,54
2026-09-16T05:53:51.894Z,5973,302100,302200
2026-09-16T05:53:51.894Z,3173,2860000,6295000
2026-09-16T05:53:51.894Z,27260,24610000,27420000
2026-09-16T05:53:51.894Z,24535,503.4,587.3
2026-09-16T05:53:51.894Z,37610,2820000,2968000
2026-09-16T05:53:51.894Z,8105,546700,593500
2026-09-16T05:53:51.894Z,21037,7305000,8160000
2026-09-16T05:53:51.894Z,57476,61810000,98980000
2026-09-16T05:53:51.894Z,11317,310800,341300
2026-09-16T05:53:51.894Z,17841,7550000,8139000
2026-09-16T05:53:51.894Z,17203,132500,870000
2026-09-16T05:53:51.894Z,89695,1206000,5881000
2026-09-16T05:53:51.894Z,28802,103500000,123900000
2026-09-16T05:53:51.894Z,18688,136800000,144300000
2026-09-16T05:53:51.894Z,31051,4760000,4985000
2026-09-16T05:53:51.894Z,31822,,4789000
2026-09-16T05:53:51.894Z,2331,1214,22210
2026-09-16T05:53:51.894Z,19119,49120000,58600000
2026-09-16T05:53:51.894Z,31922,1503000,1934000
2026-09-16T05:53:51.894Z,8529,46060,55040
2026-09-16T05:53:51.894Z,8297,1018,22750
2026-09-16T05:53:51.894Z,19281,48870000,54290000
2026-09-16T05:53:51.894Z,2281,601900,1720000
2026-09-16T05:53:51.894Z,1855,671700,918700
2026-09-16T05:53:51.894Z,62591,29030000,31110000
2026-09-16T05:53:51.894Z,4294,93220000,106500000
2026-09-16T05:53:51.894Z,1987,565200,773600
2026-09-16T05:53:51.894Z,14220,28000000,28070000
2026-09-16T05:53:51.894Z,41057,3516000,3856000
2026-09-16T05:53:51.894Z,14122,18210000,19900000
2026-09-16T05:53:51.894Z,19361,,12830000
2026-09-16T05:53:51.894Z,42202,30390000,37980000
2026-09-16T05:53:51.894Z,62622,7259000,8192000
2026-09-16T05:53:51.894Z,3693,11740,12540
2026-09-16T05:53:51.894Z,57052,2000000,2999000
2026-09-16T05:53:51.894Z,34203,676800,678200
2026-09-16T05:53:51.894Z,622,11780000,12500000
2026-09-16T05:53:51.894Z,25610,2505000,2534000
2026-09-16T05:53:51.894Z,21076,23980,149800
2026-09-16T05:53:51.894Z,26026,6222000,7108000
2026-09-16T05:53:51.894Z,6173,1091,19900
2026-09-16T05:53:51.894Z,54748,188800000,199100000
2026-09-16T05:53:51.894Z,2516,4.57,5.57
2026-09-16T05:53:51.894Z,4248,5689000,7674000
2026-09-16T05:53:51.894Z,11691,17300,17990
2026-09-16T05:53:51.894Z,89513,555500000,1098000000
2026-09-16T05:53:51.894Z,42527,299300,504800
2026-09-16T05:53:51.894Z,54774,24050,49500
2026-09-16T05:53:51.894Z,57319,28180000,31290000
2026-09-16T05:53:51.894Z,20160,354600000,386900000
2026-09-16T05:53:51.894Z,91949,1799000,2877000
2026-09-16T05:53:51.894Z,14136,21410000,23620000
2026-09-16T05:53:51.894Z,16238,524500,579800
2026-09-16T05:53:51.894Z,21729,387.7,9725
2026-09-16T05:53:51.894Z,85680,21030000,49900000
2026-09-16T05:53:51.894Z,33826,25070000,32310000
2026-09-16T05:53:51.894Z,608,80250,447900
2026-09-16T05:53:51.894Z,41032,3750,3767
2026-09-16T05:53:51.894Z,41252,72820000,90230000
2026-09-16T05:53:51.894Z,16670,75,80.77
2026-09-16T05:53:51.894Z,3829,21680,29000
2026-09-16T05:53:51.894Z,18803,2653000,5376000
2026-09-16T05:53:51.894Z,31071,11520000,16980000
2026-09-16T05:53:51.894Z,84689,3583000,8990000
2026-09-16T05:53:51.894Z,57736,1423000,10100000
2026-09-16T05:53:51.894Z,32254,286200000,308900000
2026-09-16T05:53:51.894Z,27395,1450,1525
2026-09-16T05:53:51.894Z,91857,17140000,18000000
2026-09-16T05:53:51.894Z,31490,27230,96680
2026-09-16T05:53:51.894Z,26076,200000,200100
2026-09-16T05:53:51.894Z,6961,50200,67000
2026-09-16T05:53:51.894Z,21372,3000,3519
2026-09-16T05:53:51.894Z,33561,166300000,199200000
2026-09-16T05:53:51.894Z,47143,9094000,18100000
2026-09-16T05:53:51.894Z,20797,40090,165400
2026-09-16T05:53:51.894Z,34359,7620000,19900000
2026-09-16T05:53:51.894Z,14248,111100000,120300000
2026-09-16T05:53:51.894Z,52568,283700,296000
2026-09-16T05:53:51.894Z,21258,1204,350000
2026-09-16T05:53:51.894Z,33844,122300000,135600000
2026-09-16T05:53:51.894Z,30488,382200,409000
2026-09-16T05:53:51.894Z,2050,322200000,449800000
2026-09-16T05:53:51.894Z,18793,78340,131500
2026-09-16T05:53:51.894Z,54773,34360,41720
2026-09-16T05:53:51.894Z,20557,1026000,7490000
2026-09-16T05:53:51.894Z,83249,1100,48300
2026-09-16T05:53:51.894Z,8433,1928000,2360000
2026-09-16T05:53:51.894Z,2117,861200,978300
2026-09-16T05:53:51.894Z,85559,46070000,54900000
2026-09-16T05:53:51.894Z,5723,205900,206000
2026-09-16T05:53:51.894Z,10694,149300,219200
2026-09-16T05:53:51.894Z,23103,114600,398100
2026-09-16T05:53:51.894Z,53667,75290000,350000000
2026-09-16T05:53:51.894Z,3958,323000000,416600000
2026-09-16T05:53:51.894Z,25530,79000000,91600000
2026-09-16T05:53:51.894Z,17718,210600000,224200000
2026-09-16T05:53:51.894Z,34328,750100000,1230000000
2026-09-16T05:53:51.894Z,85779,400000,1173000
2026-09-16T05:53:51.894Z,52242,1535000000,1889000000
2026-09-16T05:53:51.894Z,31574,33380,216100
2026-09-16T05:53:51.894Z,20412,91250,91260
2026-09-16T05:53:51.894Z,11257,24140,92990
2026-09-16T05:53:51.894Z,85084,4179000,5868000
2026-09-16T05:53:51.894Z,47764,2600,5443
2026-09-16T05:53:51.894Z,47934,2802,3570
2026-09-16T05:53:51.894Z,91972,7400000,10320000
2026-09-16T05:53:51.894Z,21080,58900,104300
2026-09-16T05:53:51.894Z,22933,30450000,87330000
2026-09-16T05:53:51.894Z,26370,118600000,153500000
2026-09-16T05:53:51.894Z,28437,371000,488800
2026-09-16T05:53:51.894Z,1353,15270,24480
2026-09-16T05:53:51.894Z,41273,8053,10460
2026-09-16T05:53:51.894Z,78795,405000,1495000
2026-09-16T05:53:51.894Z,85471,281700000,455000000
2026-09-16T05:53:51.894Z,18871,28160000,29880000
2026-09-16T05:53:51.894Z,9327,364000,753800
2026-09-16T05:53:51.894Z,48522,3110000000,6699000000
2026-09-16T05:53:51.894Z,41324,1930,2476
2026-09-16T05:53:51.894Z,4573,2019,22630
2026-09-16T05:53:51.894Z,11182,15710000,16950000
2026-09-16T05:53:51.894Z,90610,362200,698400
2026-09-16T05:53:51.894Z,196,40,50
2026-09-16T05:53:51.894Z,46536,15000000,23650000
2026-09-16T05:53:51.894Z,37300,197100000,212800000
2026-09-16T05:53:51.894Z,49713,595600000,688900000
2026-09-16T05:53:51.894Z,12709,43000,66860
2026-09-16T05:53:51.894Z,25892,5026000,6399000
2026-09-16T05:53:51.894Z,60434,10000,1998000
2026-09-16T05:53:51.894Z,16651,57590,60340
2026-09-16T05:53:51.894Z,7001,,62720
2026-09-16T05:53:51.894Z,12108,529000,713600
2026-09-16T05:53:51.894Z,15615,3590000,4026000
2026-09-16T05:53:51.894Z,52998,2000000,6673000
2026-09-16T05:53:51.894Z,47831,5055000,6767000
2026-09-16T05:53:51.894Z,17765,140600,494800
2026-09-16T05:53:51.894Z,7287,105000,145200
2026-09-16T05:53:51.894Z,630,10890000,11970000
2026-09-16T05:53:51.894Z,12540,204.1,21000
2026-09-16T05:53:51.894Z,45956,201000,1999000
2026-09-16T05:53:51.894Z,41316,1148,1548
2026-09-16T05:53:51.894Z,33450,1901000,2058000
2026-09-16T05:53:51.894Z,15788,27850000,36180000
2026-09-16T05:53:51.894Z,18989,38950000,46500000
2026-09-16T05:53:51.894Z,2046,5948,7791
2026-09-16T05:53:51.894Z,23061,4969000,5501000
2026-09-16T05:53:51.894Z,25618,4791,5377
2026-09-16T05:53:51.894Z,19311,66110000,77990000
2026-09-16T05:53:51.894Z,55551,0.01,98610
2026-09-16T05:53:51.894Z,31764,3022,23460
2026-09-16T05:53:51.894Z,84351,100000,1086000
2026-09-16T05:53:51.894Z,88123,152700000,245000000
2026-09-16T05:53:51.894Z,75282,217,396
2026-09-16T05:53:51.894Z,14067,20420000,24220000
2026-09-16T05:53:51.894Z,20555,687100,5500000
2026-09-16T05:53:51.894Z,37457,20000000,21440000
2026-09-16T05:53:51.894Z,62225,5200000000,8492000000
2026-09-16T05:53:51.894Z,14244,92250000,116400000
2026-09-16T05:53:51.894Z,25349,18070000,19670000
2026-09-16T05:53:51.894Z,47975,48020,53660
2026-09-16T05:53:51.894Z,34175,111000,373900
2026-09-16T05:53:51.894Z,44135,10000,1188000
2026-09-16T05:53:51.894Z,54377,359400000,714900000
2026-09-16T05:53:51.894Z,4310,66150000,72510000
2026-09-16T05:53:51.894Z,37482,47070000,51770000
2026-09-16T05:53:51.894Z,29344,36010000,39500000
2026-09-16T05:53:51.894Z,54732,377500000,577800000
2026-09-16T05:53:51.894Z,11184,12580000,14280000
2026-09-16T05:53:51.894Z,238,182.6,235
2026-09-16T05:53:51.894Z,47270,63470000,68830000
2026-09-16T05:53:51.894Z,27325,11.82,89.97
2026-09-16T05:53:51.894Z,63257,44000,2456000
2026-09-16T05:53:51.894Z,31644,70010,247400
2026-09-16T05:53:51.894Z,41414,61010000,119500000
2026-09-16T05:53:51.894Z,34126,220000000,259900000
2026-09-16T05:53:51.894Z,15895,70840000,75890000
2026-09-16T05:53:51.894Z,79186,30050000,36550000
2026-09-16T05:53:51.894Z,47886,567.8,789.4
2026-09-16T05:53:51.894Z,28278,267500,323100
2026-09-16T05:53:51.894Z,60575,8226000,9019000
2026-09-16T05:53:51.894Z,17241,7109,13000
2026-09-16T05:53:51.894Z,5339,1225,7495
2026-09-16T05:53:51.894Z,24658,1326000,12980000
2026-09-16T05:53:51.894Z,27315,550.5,659.4
2026-09-16T05:53:51.894Z,31758,1302000,1338000
2026-09-16T05:53:51.894Z,33528,200300000,228000000
2026-09-16T05:53:51.894Z,62377,86460,92600
2026-09-16T05:53:51.894Z,12541,1155,250000
2026-09-16T05:53:51.894Z,13234,7431000,9884000
2026-09-16T05:53:51.894Z,31492,56000,465500
2026-09-16T05:53:51.894Z,27331,19.23,39.93
2026-09-16T05:53:51.894Z,42777,1210000,8895000
2026-09-16T05:53:51.894Z,31368,514300000,791100000
2026-09-16T05:53:51.894Z,15317,10680,11420
2026-09-16T05:53:51.894Z,52309,40340,44750
2026-09-16T05:53:51.894Z,13866,902800,6828000
2026-09-16T05:53:51.894Z,28698,81140,88210
2026-09-16T05:53:51.894Z,13933,25000000,30890000
2026-09-16T05:53:51.894Z,47889,2236000,2620000
2026-09-16T05:53:51.894Z,4409,20340,49880
2026-09-16T05:53:51.894Z,87777,11030000,19500000
2026-09-16T05:53:51.894Z,47752,4414000,5442000
2026-09-16T05:53:51.894Z,26253,145.6,1500
2026-09-16T05:53:51.894Z,31111,2772000,3050000
2026-09-16T05:53:51.894Z,27105,400200,792900
2026-09-16T05:53:51.894Z,16002,186400,259500
2026-09-16T05:53:51.894Z,33176,56120,96900
2026-09-16T05:53:51.894Z,16642,1963,2090
2026-09-16T05:53:51.894Z,27181,137800000,151000000
2026-09-16T05:53:51.894Z,22895,7595000,14040000
2026-09-16T05:53:51.894Z,2398,361,416.6
2026-09-16T05:53:51.894Z,41575,332800000,499200000
2026-09-16T05:53:51.894Z,29093,455100,798700
2026-09-16T05:53:51.894Z,14114,12060000,23970000
2026-09-16T05:53:51.894Z,20347,371000,455500
2026-09-16T05:53:51.894Z,47930,1085,1248
2026-09-16T05:53:51.894Z,2346,83030,87100
2026-09-16T05:53:51.894Z,26042,250000,1289000
2026-09-16T05:53:51.894Z,1952,803400,970000
2026-09-16T05:53:51.894Z,26020,2512000,6651000
2026-09-16T05:53:51.894Z,18831,132300000,138200000
2026-09-16T05:53:51.894Z,12531,25030,269700
2026-09-16T05:53:51.894Z,21011,7618000,10250000
2026-09-16T05:53:51.894Z,57127,621100000,749700000
2026-09-16T05:53:51.894Z,31926,12660000,13200000
2026-09-16T05:53:51.894Z,3057,4826000,5273000
2026-09-16T05:53:51.894Z,9127,900000,1517000
2026-09-16T05:53:51.894Z,16061,92240000,104900000
2026-09-16T05:53:51.894Z,6485,1248,2807
2026-09-16T05:53:51.894Z,8263,24140,43000
2026-09-16T05:53:51.894Z,62385,93140,95150
2026-09-16T05:53:51.894Z,27387,718.2,738.5
2026-09-16T05:53:51.894Z,27562,12500000,74870000
2026-09-16T05:53:51.894Z,62534,106.9,118
2026-09-16T05:53:51.894Z,62558,3106,4307
2026-09-16T05:53:51.894Z,14063,2103000,2584000
2026-09-16T05:53:51.894Z,62538,190.9,207.5
2026-09-16T05:53:51.894Z,88464,1000,786900
2026-09-16T05:53:51.894Z,62532,90.25,107.4
2026-09-16T05:53:51.894Z,12633,42.94,111.4
2026-09-16T05:53:51.894Z,33472,854000000,906700000
2026-09-16T05:53:51.894Z,96329,4600000,8666000
2026-09-16T05:53:51.894Z,22444,262000000,271800000
2026-09-16T05:53:51.894Z,40563,21680000,24480000
2026-09-16T05:53:51.894Z,86144,3790000,6677000
2026-09-16T05:53:51.894Z,47742,2304000,2590000
2026-09-16T05:53:51.894Z,54786,8631,8800
2026-09-16T05:53:51.894Z,24495,60.17,66.99
2026-09-16T05:53:51.894Z,3192,549800000,656800000
2026-09-16T05:53:51.894Z,23023,597.3,784.1
2026-09-16T05:53:51.894Z,89935,80000,174500
2026-09-16T05:53:51.894Z,30028,40000,43920
2026-09-16T05:53:51.894Z,33476,53340000,56340000
2026-09-16T05:53:51.894Z,31888,1064000,1128000
2026-09-16T05:53:51.894Z,18797,5581000,6974000
2026-09-16T05:53:51.894Z,45947,441000,2481000
2026-09-16T05:53:51.894Z,45999,8378000,8498000
2026-09-16T05:53:51.894Z,4254,714700,848500
2026-09-16T05:53:51.894Z,28678,1917000,2112000
2026-09-16T05:53:51.894Z,10208,17130000,17210000
2026-09-16T05:53:51.894Z,33959,17000000,23000000
2026-09-16T05:53:51.894Z,31906,7287000,8711000
2026-09-16T05:53:51.894Z,11563,259300,288200
2026-09-16T05:53:51.894Z,18801,275800,495000
2026-09-16T05:53:51.894Z,30832,843100,923400
2026-09-16T05:53:51.894Z,33846,82720000,88400000
2026-09-16T05:53:51.894Z,24395,202300,427900
2026-09-16T05:53:51.894Z,2567,1379000,1674000
2026-09-16T05:53:51.894Z,16391,385400,385500
2026-09-16T05:53:51.894Z,12271,4051000,4200000
2026-09-16T05:53:51.894Z,14170,66960000,73990000
2026-09-16T05:53:51.894Z,231,21.01,29
2026-09-16T05:53:51.894Z,55304,10.01,122500
2026-09-16T05:53:51.894Z,40562,16530000,20090000
2026-09-16T05:53:51.894Z,56794,507000,11300000
2026-09-16T05:53:51.894Z,13935,104600000,114300000
2026-09-16T05:53:51.894Z,57451,17120000,18890000
2026-09-16T05:53:51.894Z,27079,209200,732200
2026-09-16T05:53:51.894Z,30372,8331,8411
2026-09-16T05:53:51.894Z,62398,7564,9049
2026-09-16T05:53:51.894Z,47888,35860,44870
2026-09-16T05:53:51.894Z,18819,494200000,626400000
2026-09-16T05:53:51.894Z,23142,40780,499300
2026-09-16T05:53:51.894Z,20539,70970000,92870000
2026-09-16T05:53:51.894Z,11648,1712000,2180000
2026-09-16T05:53:51.894Z,10226,90600000,97250000
2026-09-16T05:53:51.894Z,76492,5046000,18850000
2026-09-16T05:53:51.894Z,2361,99120,108000
2026-09-16T05:53:51.894Z,90482,3505,7490
2026-09-16T05:53:51.894Z,12042,17410000,20150000
2026-09-16T05:53:51.894Z,13954,40700000,50340000
2026-09-16T05:53:51.894Z,21722,2721000,3628000
2026-09-16T05:53:51.894Z,49728,5229000,6087000
2026-09-16T05:53:51.894Z,83221,10100,39890
2026-09-16T05:53:51.894Z,54396,680200000,742000000
2026-09-16T05:53:51.894Z,18827,61500000,74210000
2026-09-16T05:53:51.894Z,33448,55600,125000
2026-09-16T05:53:51.894Z,32780,3459000,3720000
2026-09-16T05:53:51.894Z,28286,593900,942000
2026-09-16T05:53:51.894Z,41528,63530000,80220000
2026-09-16T05:53:51.894Z,62405,55000,59290
2026-09-16T05:53:51.894Z,26326,26040000,65640000
2026-09-16T05:53:51.894Z,33902,43110000,46930000
2026-09-16T05:53:51.894Z,23013,705.8,2979
2026-09-16T05:53:51.894Z,32787,39190,48060
2026-09-16T05:53:51.894Z,45775,3568,2995000
2026-09-16T05:53:51.894Z,37302,186400000,204300000
2026-09-16T05:53:51.894Z,7293,5200,10210
2026-09-16T05:53:51.894Z,96335,126000000,169300000
2026-09-16T05:53:51.894Z,42834,127.7,476.7
2026-09-16T05:53:51.894Z,46948,10000000,24790000
2026-09-16T05:53:51.894Z,63861,20000,1125000
2026-09-16T05:53:51.894Z,34284,967900,1649000
2026-09-16T05:53:51.894Z,16214,,464000000
2026-09-16T05:53:51.894Z,30375,12030,12190
2026-09-16T05:53:51.894Z,29053,457700,548500
2026-09-16T05:53:51.894Z,85178,894000,956100
2026-09-16T05:53:51.894Z,89610,101200,2000000
2026-09-16T05:53:51.894Z,23725,0.01,18200
2026-09-16T05:53:51.894Z,34278,3287000,4231000
2026-09-16T05:53:51.894Z,21073,20800,136700
2026-09-16T05:53:51.894Z,17181,2353000,5186000
2026-09-16T05:53:51.894Z,62648,67010,1948000
2026-09-16T05:53:51.894Z,33332,12620,13470
2026-09-16T05:53:51.894Z,19208,226000000,244400000
2026-09-16T05:53:51.894Z,19204,167900000,185700000
2026-09-16T05:53:51.894Z,85552,650000000,1262000000
2026-09-16T05:53:51.894Z,60298,341400,418900
2026-09-16T05:53:51.894Z,12743,95000000,99320000
2026-09-16T05:53:51.894Z,45863,3001000,8875000
2026-09-16T05:53:51.894Z,1557,34890,84680
2026-09-16T05:53:51.894Z,62400,8870,9998
2026-09-16T05:53:51.894Z,28697,100000,103400
2026-09-16T05:53:51.894Z,13285,181100,300000
2026-09-16T05:53:51.894Z,48121,95000,95430
2026-09-16T05:53:51.894Z,16359,190000,222800
2026-09-16T05:53:51.894Z,20593,216100,565800
2026-09-16T05:53:51.894Z,23854,1197000,4300000
2026-09-16T05:53:51.894Z,178,3.5,3.92
2026-09-16T05:53:51.894Z,10164,356700,718300
2026-09-16T05:53:51.894Z,41456,291000000,354900000
2026-09-16T05:53:51.894Z,27337,537.3,1039
2026-09-16T05:53:51.894Z,14204,123800000,128400000
2026-09-16T05:53:51.894Z,18987,29820000,33770000
2026-09-16T05:53:51.894Z,94010,1226000000,1420000000
2026-09-16T05:53:51.894Z,19964,1.41,12.41
2026-09-16T05:53:51.894Z,47448,291000000,373300000
2026-09-16T05:53:51.894Z,33700,27820000,30110000
2026-09-16T05:53:51.894Z,18951,53930000,66780000
2026-09-16T05:53:51.894Z,18766,7326000,8111000
2026-09-16T05:53:51.894Z,57123,171700000,209800000
2026-09-16T05:53:51.894Z,83320,100000,297400
2026-09-16T05:53:51.894Z,14110,28090000,33970000
2026-09-16T05:53:51.894Z,31105,197100,261600
2026-09-16T05:53:51.894Z,23563,204200,253900
2026-09-16T05:53:51.894Z,47360,48930000,59900000
2026-09-16T05:53:51.894Z,21418,25.02,2622
2026-09-16T05:53:51.894Z,25595,1843,2397
2026-09-16T05:53:51.894Z,31726,23810000,30960000
2026-09-16T05:53:51.894Z,33820,856500000,929300000
2026-09-16T05:53:51.894Z,9289,200000,249500
2026-09-16T05:53:51.894Z,37847,9472,12640
2026-09-16T05:53:51.894Z,32246,35110000,38960000
2026-09-16T05:53:51.894Z,90501,204200,450000
2026-09-16T05:53:51.894Z,19233,141100,190000
2026-09-16T05:53:51.894Z,2881,250700,304700
2026-09-16T05:53:51.894Z,7583,9982,29990
2026-09-16T05:53:51.894Z,45804,512500,3866000
2026-09-16T05:53:51.894Z,21394,322.1,3397
2026-09-16T05:53:51.894Z,20417,96480,96490
2026-09-16T05:53:51.894Z,11551,38530,42700
2026-09-16T05:53:51.894Z,11961,135600000,146000000
2026-09-16T05:53:51.894Z,13920,61220000,68690000
2026-09-16T05:53:51.894Z,2173,25310,29210
2026-09-16T05:53:51.894Z,3146,1699000,1896000
2026-09-16T05:53:51.894Z,20499,93130000,97000000
2026-09-16T05:53:51.894Z,35949,35060000,39870000
2026-09-16T05:53:51.894Z,27174,153300000,169500000
2026-09-16T05:53:51.894Z,60301,1096000,1165000
2026-09-16T05:53:51.894Z,18764,6578000,8396000
2026-09-16T05:53:51.894Z,47775,6333000,8099000
2026-09-16T05:53:51.894Z,21931,421,497.9
2026-09-16T05:53:51.894Z,11554,49000,53430
2026-09-16T05:53:51.894Z,19055,36130000,42200000
2026-09-16T05:53:51.894Z,31059,12040000,12430000
2026-09-16T05:53:51.894Z,30747,4648000,4800000
2026-09-16T05:53:51.894Z,30254,560,618.8
2026-09-16T05:53:51.894Z,37608,2751000,2948000
2026-09-16T05:53:51.894Z,26436,7022000,7604000
2026-09-16T05:53:51.894Z,33944,264300000,293800000
2026-09-16T05:53:51.894Z,29039,842800,1427000
2026-09-16T05:53:51.894Z,23731,7117,9000
2026-09-16T05:53:51.894Z,1818,61.01,68
2026-09-16T05:53:51.894Z,26380,4825000,7844000
2026-09-16T05:53:51.894Z,15881,22220000,31080000
2026-09-16T05:53:51.894Z,42800,1008000,9097000
2026-09-16T05:53:51.894Z,84129,239300000,425000000
2026-09-16T05:53:51.894Z,17887,592.1,607.7
2026-09-16T05:53:51.894Z,33900,46350000,48000000
2026-09-16T05:53:51.894Z,33555,87100000,120000000
2026-09-16T05:53:51.894Z,31125,3057000,3333000
2026-09-16T05:53:51.894Z,33336,16770,17400
2026-09-16T05:53:51.894Z,46325,391100000,399700000
2026-09-16T05:53:51.894Z,17201,1970,10780
2026-09-16T05:53:51.894Z,33697,13530000,14260000
2026-09-16T05:53:51.894Z,64201,1000000,124900000
2026-09-16T05:53:51.894Z,17740,818100000,890000000
2026-09-16T05:53:51.894Z,17922,208200000,232200000
2026-09-16T05:53:51.894Z,633,7750000,8868000
2026-09-16T05:53:51.894Z,16240,898800,900000
2026-09-16T05:53:51.894Z,11194,13950000,14900000
2026-09-16T05:53:51.894Z,585,313500,492100
2026-09-16T05:53:51.894Z,11999,140900000,151300000
2026-09-16T05:53:51.894Z,22440,740000000,783500000
2026-09-16T05:53:51.894Z,11488,112500,977200
2026-09-16T05:53:51.894Z,11978,112300000,119800000
2026-09-16T05:53:51.894Z,13831,119000,999000
2026-09-16T05:53:51.894Z,11377,14460000,15400000
2026-09-16T05:53:51.894Z,29984,216000000,230100000
2026-09-16T05:53:51.894Z,62556,2303,4200
2026-09-16T05:53:51.894Z,22137,407300000,441100000
2026-09-16T05:53:51.894Z,17216,503.1,4400
2026-09-16T05:53:51.894Z,23523,90720,150000
2026-09-16T05:53:51.894Z,84416,215500,497900
2026-09-16T05:53:51.894Z,31814,23080000,448400000
2026-09-16T05:53:51.894Z,82184,4837000,6977000
2026-09-16T05:53:51.894Z,85146,80000,178700
2026-09-16T05:53:51.894Z,25600,42970,44390
2026-09-16T05:53:51.894Z,15889,37510000,41270000
2026-09-16T05:53:51.894Z,15784,50000000,64880000
2026-09-16T05:53:51.894Z,18779,62010000,115900000
2026-09-16T05:53:51.894Z,37630,353900000,380000000
2026-09-16T05:53:51.894Z,1422,340300,412800
2026-09-16T05:53:51.894Z,34206,300900,301000
2026-09-16T05:53:51.894Z,42835,381.5,467.2
2026-09-16T05:53:51.894Z,20849,12060,187900
2026-09-16T05:53:51.894Z,15955,115300000,126800000
2026-09-16T05:53:51.894Z,44,13150,13340
2026-09-16T05:53:51.894Z,16653,27030,28070
2026-09-16T05:53:51.894Z,45776,62000,599200
2026-09-16T05:53:51.894Z,9495,467600,531600
2026-09-16T05:53:51.894Z,26104,0.02,2904000
2026-09-16T05:53:51.894Z,94035,165800000,218800000
2026-09-16T05:53:51.894Z,24486,45.28,88.9
2026-09-16T05:53:51.894Z,63790,68110000,244800000
2026-09-16T05:53:51.894Z,27369,36300,64000
2026-09-16T05:53:51.894Z,41309,390,90900
2026-09-16T05:53:51.894Z,33513,405100000,454500000
2026-09-16T05:53:51.894Z,13283,21840,34400
2026-09-16T05:53:51.894Z,41534,523100000,579800000
2026-09-16T05:53:51.894Z,3293,4700,35800
2026-09-16T05:53:51.894Z,1956,2173,51650
2026-09-16T05:53:51.894Z,90591,4101,15240
2026-09-16T05:53:51.894Z,21890,41850000,46500000
2026-09-16T05:53:51.894Z,31576,156800,1374000
2026-09-16T05:53:51.894Z,84167,60130,248900
2026-09-16T05:53:51.894Z,90475,44530000,51160000
2026-09-16T05:53:51.894Z,41474,508700000,1098000000
2026-09-16T05:53:51.894Z,88087,5,9.97
2026-09-16T05:53:51.894Z,3296,18960,37360
2026-09-16T05:53:51.894Z,47748,874000,1299000
2026-09-16T05:53:51.894Z,14154,4077000,4572000
2026-09-16T05:53:51.894Z,82347,40000,8697000
2026-09-16T05:53:51.894Z,82471,10000,449600
2026-09-16T05:53:51.894Z,399,7510,11240
2026-09-16T05:53:51.894Z,82382,60000,2474000
2026-09-16T05:53:51.894Z,31075,33070000,36260000
2026-09-16T05:53:51.894Z,17551,150.1,359900
2026-09-16T05:53:51.894Z,599,160800,305800
2026-09-16T05:53:51.894Z,81144,5033,5722
2026-09-16T05:53:51.894Z,16654,3613,4189
2026-09-16T05:53:51.894Z,40351,124700000,137300000
2026-09-16T05:53:51.894Z,21097,760000,1001000
2026-09-16T05:53:51.894Z,21888,42530000,48140000
2026-09-16T05:53:51.894Z,60304,91320,379800
2026-09-16T05:53:51.894Z,28661,829000000,879900000
2026-09-16T05:53:51.894Z,2349,87410,101000
2026-09-16T05:53:51.894Z,84419,2006,24700
2026-09-16T05:53:51.894Z,17928,91130000,97790000
2026-09-16T05:53:51.894Z,28999,3001,16950
2026-09-16T05:53:51.894Z,16365,340000,377500
2026-09-16T05:53:51.894Z,60295,965200,1023000
2026-09-16T05:53:51.894Z,31443,,1095000
2026-09-16T05:53:51.894Z,92453,189100000,296200000
2026-09-16T05:53:51.894Z,55832,67600,144700
2026-09-16T05:53:51.894Z,10246,9052,12700
2026-09-16T05:53:51.894Z,30476,2505000,2985000
2026-09-16T05:53:51.894Z,4312,17730,18000
2026-09-16T05:53:51.894Z,47802,20280000,28600000
2026-09-16T05:53:51.894Z,85780,60010,779400
2026-09-16T05:53:51.894Z,33522,25510000,31000000
2026-09-16T05:53:51.894Z,4399,3248000,4908000
2026-09-16T05:53:51.894Z,24241,1014,115000
2026-09-16T05:53:51.894Z,21082,65070,184800
2026-09-16T05:53:51.894Z,47770,138000,168500
2026-09-16T05:53:51.894Z,13775,27000000,29850000
2026-09-16T05:53:51.894Z,28811,384300000,433900000
2026-09-16T05:53:51.894Z,14098,246500,511900
2026-09-16T05:53:51.894Z,4529,2417,5990
2026-09-16T05:53:51.894Z,631,7107000,7596000
2026-09-16T05:53:51.894Z,230,72.45,79.99
2026-09-16T05:53:51.894Z,28433,193300,213200
2026-09-16T05:53:51.894Z,17365,298300,748900
2026-09-16T05:53:51.894Z,85664,271500000,348300000
2026-09-16T05:53:51.894Z,49434,5045000,11760000
2026-09-16T05:53:51.894Z,57488,717200000,741800000
2026-09-16T05:53:51.894Z,19053,24150000,30410000
2026-09-16T05:53:51.894Z,91922,1041000,2497000
2026-09-16T05:53:51.894Z,14061,5710000,5711000
2026-09-16T05:53:51.894Z,33138,791900,1500000
2026-09-16T05:53:51.894Z,19806,729800,961100
2026-09-16T05:53:51.894Z,56079,46320,97010
2026-09-16T05:53:51.894Z,26058,3055000,5589000
2026-09-16T05:53:51.894Z,62636,134300000,147300000
2026-09-16T05:53:51.894Z,19171,74820000,91000000
2026-09-16T05:53:51.894Z,3130,1161000,1297000
2026-09-16T05:53:51.894Z,55359,129200,209100
2026-09-16T05:53:51.894Z,7783,350200,441800
2026-09-16T05:53:51.894Z,9836,9350,9896
2026-09-16T05:53:51.894Z,33973,170600000,176500000
2026-09-16T05:53:51.894Z,955,2005000,3513000
2026-09-16T05:53:51.894Z,3239,541100000,640700000
2026-09-16T05:53:51.894Z,25593,6044,6045
2026-09-16T05:53:51.894Z,19019,96120000,118900000
2026-09-16T05:53:51.894Z,34111,990300,9969000
2026-09-16T05:53:51.894Z,45619,32120000,35140000
2026-09-16T05:53:51.894Z,14088,77150,119000
2026-09-16T05:53:51.894Z,83238,100000,1343000
2026-09-16T05:53:51.894Z,2869,962000,1018000
2026-09-16T05:53:51.894Z,5177,602.8,1203
2026-09-16T05:53:51.894Z,84425,85110,245800
2026-09-16T05:53:51.894Z,41312,1426,28650
2026-09-16T05:53:51.894Z,54310,2381000,83700000
2026-09-16T05:53:51.894Z,91285,33510000,47800000
2026-09-16T05:53:51.894Z,60750,20000,62890
2026-09-16T05:53:51.894Z,31312,326700,1591000
2026-09-16T05:53:51.894Z,16373,285000,330000
2026-09-16T05:53:51.894Z,40556,11480000,12250000
2026-09-16T05:53:51.894Z,7171,552000,496600
2026-09-16T05:53:51.894Z,4258,951300,1111000
2026-09-16T05:53:51.894Z,62586,20640,24850
2026-09-16T05:53:51.894Z,31640,9696000,14910000
2026-09-16T05:53:51.894Z,57452,11500000,12370000
2026-09-16T05:53:51.894Z,19223,55530000,62500000
2026-09-16T05:53:51.894Z,20985,6004,8499
2026-09-16T05:53:51.894Z,34828,62370000,66640000
2026-09-16T05:53:51.894Z,13832,15120000,18290000
2026-09-16T05:53:51.894Z,11486,420,697
2026-09-16T05:53:51.894Z,8819,3000,9977
2026-09-16T05:53:51.894Z,3198,496700000,621300000
2026-09-16T05:53:51.894Z,7089,318900,348100
2026-09-16T05:53:51.894Z,25976,,2391000
2026-09-16T05:53:51.894Z,94009,1511000000,1844000000
2026-09-16T05:53:51.894Z,29336,35100000,36490000
2026-09-16T05:53:51.894Z,91964,1517000,2793000
2026-09-16T05:53:51.894Z,19209,40200,196700
2026-09-16T05:53:51.894Z,49742,7501,643000
2026-09-16T05:53:51.894Z,13999,12930000,17440000
2026-09-16T05:53:51.894Z,14084,160200,497700
2026-09-16T05:53:51.894Z,47138,8691000,12050000
2026-09-16T05:53:51.894Z,3178,542700,600100
2026-09-16T05:53:51.894Z,13924,82010000,86990000
2026-09-16T05:53:51.894Z,10998,12930,21750
2026-09-16T05:53:51.894Z,14140,27410000,29290000
2026-09-16T05:53:51.894Z,31021,175000,288000
2026-09-16T05:53:51.894Z,15879,5863000,8401000
2026-09-16T05:53:51.894Z,45755,215000,1544000
2026-09-16T05:53:51.894Z,28334,601.1,664.8
2026-09-16T05:53:51.894Z,28700,81620,84000
2026-09-16T05:53:51.894Z,17200,51220,360000
2026-09-16T05:53:51.894Z,2175,865300,1183000
2026-09-16T05:53:51.894Z,85531,35100000,129600000
2026-09-16T05:53:51.894Z,56639,3600,48010
2026-09-16T05:53:51.894Z,33526,234100000,269000000
2026-09-16T05:53:51.894Z,45870,1438,499700
2026-09-16T05:53:51.894Z,19203,120900000,132900000
2026-09-16T05:53:51.894Z,1236,362900,407600
2026-09-16T05:53:51.894Z,2871,1419000,1515000
2026-09-16T05:53:51.894Z,94065,118500000,194100000
2026-09-16T05:53:51.894Z,21732,185200,2140000
2026-09-16T05:53:51.894Z,91962,2059000,2750000
2026-09-16T05:53:51.894Z,22611,9392000,14900000
2026-09-16T05:53:51.894Z,90497,27000,31300
2026-09-16T05:53:51.894Z,16246,110200000,119300000
2026-09-16T05:53:51.894Z,26914,2000000,2277000
2026-09-16T05:53:51.894Z,31366,32010000,32150000
2026-09-16T05:53:51.894Z,31280,2955000,3188000
2026-09-16T05:53:51.894Z,31079,12340000,14330000
2026-09-16T05:53:51.894Z,53299,179800000,233800000
2026-09-16T05:53:51.894Z,17895,3860000,4033000
2026-09-16T05:53:51.894Z,23134,25620000,27420000
2026-09-16T05:53:51.894Z,27453,948.2,1067
2026-09-16T05:53:51.894Z,34124,9779000,12550000
2026-09-16T05:53:51.894Z,19339,85000000,89980000
2026-09-16T05:53:51.894Z,564,27000,34970
2026-09-16T05:53:51.894Z,13887,348300,1660000
2026-09-16T05:53:51.894Z,3180,512700000,599600000
2026-09-16T05:53:51.894Z,16665,8128,8681
2026-09-16T05:53:51.894Z,50004,4000000,1561000000
2026-09-16T05:53:51.894Z,76494,1202000,3771000
2026-09-16T05:53:51.894Z,7831,308700,308800
2026-09-16T05:53:51.894Z,12785,80,84.8
2026-09-16T05:53:51.894Z,13261,15420000,17340000
2026-09-16T05:53:51.894Z,13228,125500,15920000
2026-09-16T05:53:51.894Z,33961,49550000,54790000
2026-09-16T05:53:51.894Z,26376,61530000,96400000
2026-09-16T05:53:51.894Z,40731,31350000,105700000
2026-09-16T05:53:51.894Z,17732,310600000,341600000
2026-09-16T05:53:51.894Z,18881,888400000,974400000
2026-09-16T05:53:51.894Z,41332,1163000,1478000
2026-09-16T05:53:51.894Z,85397,21640,38650
2026-09-16T05:53:51.894Z,96328,916200,1700000
2026-09-16T05:53:51.894Z,2629,361.2,394.1
2026-09-16T05:53:51.894Z,2108,38200,68180
2026-09-16T05:53:51.894Z,632,6169000,8896000
2026-09-16T05:53:51.894Z,78333,85690000,92990000
2026-09-16T05:53:51.894Z,23559,234300,262600
2026-09-16T05:53:51.894Z,31167,13300000,13710000
2026-09-16T05:53:51.894Z,83342,80060,1509000
2026-09-16T05:53:51.894Z,47931,922.7,1501
2026-09-16T05:53:51.894Z,45758,44000,350000
2026-09-16T05:53:51.894Z,8909,40000,71010
2026-09-16T05:53:51.894Z,17526,25210000,26970000
2026-09-16T05:53:51.894Z,23135,41010,79950
2026-09-16T05:53:51.894Z,91083,272,4370000
2026-09-16T05:53:51.894Z,11303,46520,247400
2026-09-16T05:53:51.894Z,269,14,20
2026-09-16T05:53:51.894Z,19540,87570000,111500000
2026-09-16T05:53:51.894Z,16435,3802,25000
2026-09-16T05:53:51.894Z,15612,25890,25900
2026-09-16T05:53:51.894Z,21212,16830,498600
2026-09-16T05:53:51.894Z,191,13.01,96.23
2026-09-16T05:53:51.894Z,31872,1132000,1198000
2026-09-16T05:53:51.894Z,31127,20600000,54950000
2026-09-16T05:53:51.894Z,3826,345.2,1199
2026-09-16T05:53:51.894Z,57738,787100,1969000
2026-09-16T05:53:51.894Z,45522,1405000,23960000
2026-09-16T05:53:51.894Z,14256,34350000,37340000
2026-09-16T05:53:51.894Z,14104,34290000,47390000
2026-09-16T05:53:51.894Z,37296,155900000,184700000
2026-09-16T05:53:51.894Z,62552,2054,2180
2026-09-16T05:53:51.894Z,19219,6393000,6877000
2026-09-16T05:53:51.894Z,16236,1026000,1193000
2026-09-16T05:53:51.894Z,55294,52000000,95550000
2026-09-16T05:53:51.894Z,55597,0.02,150000
2026-09-16T05:53:51.894Z,28810,231100000,257700000
2026-09-16T05:53:51.894Z,29622,8641,14800
2026-09-16T05:53:51.894Z,11556,31500,34500
2026-09-16T05:53:51.894Z,941,200000,4888000
2026-09-16T05:53:51.894Z,42840,440.5,469.3
2026-09-16T05:53:51.894Z,48582,56320000,61990000
2026-09-16T05:53:51.894Z,47909,15030,48000
2026-09-16T05:53:51.894Z,15935,1491000,5000000
2026-09-16T05:53:51.894Z,7705,45.03,54640
2026-09-16T05:53:51.894Z,5363,5792,5793
2026-09-16T05:53:51.894Z,13992,8211000,12070000
2026-09-16T05:53:51.894Z,32248,1267000,2200000
2026-09-16T05:53:51.894Z,12791,150.1,162
2026-09-16T05:53:51.894Z,11172,14680000,16410000
2026-09-16T05:53:51.894Z,48387,6081000,14470000
2026-09-16T05:53:51.894Z,188,14.27,29
2026-09-16T05:53:51.894Z,18973,52630000,73650000
2026-09-16T05:53:51.894Z,60464,9983000,10800000
2026-09-16T05:53:51.894Z,15695,139,800000
2026-09-16T05:53:51.894Z,2352,85060,95990
2026-09-16T05:53:51.894Z,18975,156900000,168800000
2026-09-16T05:53:51.894Z,54434,50000000,64000000
2026-09-16T05:53:51.894Z,31788,204900,238900
2026-09-16T05:53:51.894Z,31364,3106000,3401000
2026-09-16T05:53:51.894Z,79716,12860000,21860000
2026-09-16T05:53:51.894Z,42768,440000,2000000
2026-09-16T05:53:51.894Z,14094,80800,277200
2026-09-16T05:53:51.894Z,1306,260600,283200
2026-09-16T05:53:51.894Z,90315,130400000,159900000
2026-09-16T05:53:51.894Z,5301,8880,18490
2026-09-16T05:53:51.894Z,84406,697.7,44800
2026-09-16T05:53:51.894Z,42205,46560000,51160000
2026-09-16T05:53:51.894Z,92375,171400,349200
2026-09-16T05:53:51.894Z,42905,1311000,5197000
2026-09-16T05:53:51.894Z,20062,103700000,110100000
2026-09-16T05:53:51.894Z,17463,19.17,19.18
2026-09-16T05:53:51.894Z,91570,6155000,19140000
2026-09-16T05:53:51.894Z,6005,2385,4175
2026-09-16T05:53:51.894Z,84344,560600,4750000
2026-09-16T05:53:51.894Z,19038,147500000,279500000
2026-09-16T05:53:51.894Z,14108,43900000,51610000
2026-09-16T05:53:51.894Z,43900,400400,40280000
2026-09-16T05:53:51.894Z,86263,55320000,68970000
2026-09-16T05:53:51.894Z,47818,88790000,93780000
2026-09-16T05:53:51.894Z,47788,269900,429900
2026-09-16T05:53:51.894Z,90458,27500,108000
2026-09-16T05:53:51.894Z,85395,350700,399100
2026-09-16T05:53:51.894Z,6959,55100,60000
2026-09-16T05:53:51.894Z,27401,952.3,1051
2026-09-16T05:53:51.894Z,21896,662.8,763
2026-09-16T05:53:51.894Z,27339,2106,2225
2026-09-16T05:53:51.894Z,24499,62.03,68.98
2026-09-16T05:53:51.894Z,2571,1027000,1335000
2026-09-16T05:53:51.894Z,84423,2358000,4400000
2026-09-16T05:53:51.894Z,19227,28040000,30030000
2026-09-16T05:53:51.894Z,24698,47200000,49970000
2026-09-16T05:53:51.894Z,85542,390800,4690000
2026-09-16T05:53:51.894Z,11969,140000000,144800000
2026-09-16T05:53:51.894Z,15891,110800000,118500000
2026-09-16T05:53:51.894Z,90703,101.3,5929
2026-09-16T05:53:51.894Z,53986,9120000,14860000
2026-09-16T05:53:51.894Z,5282,5000,5001
2026-09-16T05:53:51.894Z,14025,13860,92750
2026-09-16T05:53:51.894Z,88596,801000,11720000
2026-09-16T05:53:51.894Z,4240,162500000,499700000
2026-09-16T05:53:51.894Z,45811,100000,500000
2026-09-16T05:53:51.894Z,31790,1192000,1229000
2026-09-16T05:53:51.894Z,19199,187100000,210500000
2026-09-16T05:53:51.894Z,41031,2855,2856
2026-09-16T05:53:51.894Z,48576,13780000,17480000
2026-09-16T05:53:51.894Z,82432,345600,2077000
2026-09-16T05:53:51.894Z,53902,25760000,52000000
2026-09-16T05:53:51.894Z,84337,400000,14580000
2026-09-16T05:53:51.894Z,6637,34010,48000
2026-09-16T05:53:51.894Z,19345,90370000,99290000
2026-09-16T05:53:51.894Z,18889,90960000,100900000
2026-09-16T05:53:51.894Z,11736,7000,18480
2026-09-16T05:53:51.894Z,13238,1626000,3100000
2026-09-16T05:53:51.894Z,17205,1113000,1638000
2026-09-16T05:53:51.894Z,47806,103900000,113000000
2026-09-16T05:53:51.894Z,45752,50130,996200
2026-09-16T05:53:51.894Z,90134,1998000,3000000
2026-09-16T05:53:51.894Z,13972,3711000,3964000
2026-09-16T05:53:51.894Z,60288,216600,290500
2026-09-16T05:53:51.894Z,13221,10970000,17260000
2026-09-16T05:53:51.894Z,27126,109200000,118700000
2026-09-16T05:53:51.894Z,52761,310100,1081000
2026-09-16T05:53:51.894Z,73796,18550000,20100000
2026-09-16T05:53:51.894Z,27094,505300,776300
2026-09-16T05:53:51.894Z,7785,227100,227400
2026-09-16T05:53:51.894Z,56944,31000,169600
2026-09-16T05:53:51.894Z,33949,179700000,240000000
2026-09-16T05:53:51.894Z,31374,19660000,22970000
2026-09-16T05:53:51.894Z,447,75010,97990
2026-09-16T05:53:51.894Z,1875,1310,59200
2026-09-16T05:53:51.894Z,22428,756900000,815700000
2026-09-16T05:53:51.894Z,85511,900000,1835000
2026-09-16T05:53:51.894Z,5955,141000,149900
2026-09-16T05:53:51.894Z,92183,58730000,64180000
2026-09-16T05:53:51.894Z,3191,77050000,102600000
2026-09-16T05:53:51.894Z,58904,48090000,53820000
2026-09-16T05:53:51.894Z,60307,240300,1075000
2026-09-16T05:53:51.894Z,54970,9290,15430
2026-09-16T05:53:51.894Z,3608,862300,997100
2026-09-16T05:53:51.894Z,57482,73110000,89900000
2026-09-16T05:53:51.894Z,28381,62000000,71820000
2026-09-16T05:53:51.894Z,47897,200000,275000
2026-09-16T05:53:51.894Z,5971,16630,19990
2026-09-16T05:53:51.894Z,17769,26810,38830
2026-09-16T05:53:51.894Z,7369,45080,66670
2026-09-16T05:53:51.894Z,15675,39400000,42910000
2026-09-16T05:53:51.894Z,42836,305,494.7
2026-09-16T05:53:51.894Z,15731,81620,989100
2026-09-16T05:53:51.894Z,18608,1004000,1198000
2026-09-16T05:53:51.894Z,31796,16700000,17350000
2026-09-16T05:53:51.894Z,16433,4100,10000
2026-09-16T05:53:51.894Z,55308,1000,74210
2026-09-16T05:53:51.894Z,42694,352.1,453.2
2026-09-16T05:53:51.894Z,82175,3001000,13990000
2026-09-16T05:53:51.894Z,23141,35020,658000
2026-09-16T05:53:51.894Z,42529,346100,450000
2026-09-16T05:53:51.894Z,18913,107200000,151700000
2026-09-16T05:53:51.894Z,90322,15220000,34900000
2026-09-16T05:53:51.894Z,94133,10000,89700
2026-09-16T05:53:51.894Z,42839,300,449.9
2026-09-16T05:53:51.894Z,3194,75120000,90000000
2026-09-16T05:53:51.894Z,53903,10500000,96400000
2026-09-16T05:53:51.894Z,19536,50000000,67930000
2026-09-16T05:53:51.894Z,62557,3513,4395
2026-09-16T05:53:51.894Z,221,16.82,18.5
2026-09-16T05:53:51.894Z,17464,20.75,20.76
2026-09-16T05:53:51.894Z,18965,65400000,75100000
2026-09-16T05:53:51.894Z,4306,53400000,66660000
2026-09-16T05:53:51.894Z,2514,3.01,10.86
2026-09-16T05:53:51.894Z,2358,88290,100000
2026-09-16T05:53:51.894Z,642,140500000,155000000
2026-09-16T05:53:51.894Z,92455,107200000,117200000
2026-09-16T05:53:51.894Z,62563,5939,7240
2026-09-16T05:53:51.894Z,31370,154100,196900
2026-09-16T05:53:51.894Z,31159,213200,255400
2026-09-16T05:53:51.894Z,14998,3139000000,5000000000
2026-09-16T05:53:51.894Z,15597,4676,13960
2026-09-16T05:53:51.894Z,41219,29840000,44410000
2026-09-16T05:53:51.894Z,72907,6244000,8992000
2026-09-16T05:53:51.894Z,41459,290100000,338100000
2026-09-16T05:53:51.894Z,31161,1169000,1278000
2026-09-16T05:53:51.894Z,45761,556600,2260000
2026-09-16T05:53:51.894Z,26912,1202000,1483000
2026-09-16T05:53:51.894Z,6325,2035,11030
2026-09-16T05:53:51.894Z,13995,461000,862900
2026-09-16T05:53:51.894Z,89669,2710000,4836000
2026-09-16T05:53:51.894Z,37292,188900000,202700000
2026-09-16T05:53:51.894Z,14770,236000000,359600000
2026-09-16T05:53:51.894Z,20416,93910,96990
2026-09-16T05:53:51.894Z,3257,80070000,95950000
2026-09-16T05:53:51.894Z,1814,15,16.9
2026-09-16T05:53:51.894Z,438,1579000,1717000
2026-09-16T05:53:51.894Z,7669,38590,124700
2026-09-16T05:53:51.894Z,89689,13100000,16900000
2026-09-16T05:53:51.894Z,19147,20520000,20570000
2026-09-16T05:53:51.894Z,11971,127000000,144100000
2026-09-16T05:53:51.894Z,13949,10200000,12450000
2026-09-16T05:53:51.894Z,18795,71420,167000
2026-09-16T05:53:51.894Z,45829,101200,1000000
2026-09-16T05:53:51.894Z,7083,289000,340000
2026-09-16T05:53:51.894Z,47140,7244000,8520000
2026-09-16T05:53:51.894Z,42750,1511000,4799000
2026-09-16T05:53:51.894Z,17242,3209000,13900000
2026-09-16T05:53:51.894Z,31642,313600000,365100000
2026-09-16T05:53:51.894Z,11452,9853000,12810000
2026-09-16T05:53:51.894Z,94159,26020000,83460000
2026-09-16T05:53:51.894Z,26406,56030000,85830000
2026-09-16T05:53:51.894Z,18847,11780000,13210000
2026-09-16T05:53:51.894Z,7449,481200,535000
2026-09-16T05:53:51.894Z,40346,12740000,15990000
2026-09-16T05:53:51.894Z,20525,126700000,184900000
2026-09-16T05:53:51.894Z,21902,990.1,1089
2026-09-16T05:53:51.894Z,34276,9939000,11620000
2026-09-16T05:53:51.894Z,47935,1908,2418
2026-09-16T05:53:51.894Z,54375,25310000,40830000
2026-09-16T05:53:51.894Z,85400,23150,38750
2026-09-16T05:53:51.894Z,49725,7023000,8000000
2026-09-16T05:53:51.894Z,14278,162000,262100
2026-09-16T05:53:51.894Z,43797,23360000,48990000
2026-09-16T05:53:51.894Z,23824,40150000,59790000
2026-09-16T05:53:51.894Z,26088,5507000,5699000
2026-09-16T05:53:51.894Z,42833,551.1,639.9
2026-09-16T05:53:51.894Z,16439,4042,21500
2026-09-16T05:53:51.894Z,1999,702700,795700
2026-09-16T05:53:51.894Z,60679,100000,1000000
2026-09-16T05:53:51.894Z,60276,27000,57990
2026-09-16T05:53:51.894Z,62458,674,679.8
2026-09-16T05:53:51.894Z,11267,167600,221900
2026-09-16T05:53:51.894Z,13965,11500000,16640000
2026-09-16T05:53:51.894Z,14007,2378,5550
2026-09-16T05:53:51.894Z,46005,2800000,2997000
2026-09-16T05:53:51.894Z,62520,20.08,22
2026-09-16T05:53:51.894Z,22133,4802000,6989000
2026-09-16T05:53:51.894Z,24539,603.1,668.9
2026-09-16T05:53:51.894Z,46004,141700,166000
2026-09-16T05:53:51.894Z,81068,56000,116600
2026-09-16T05:53:51.894Z,20501,108900000,119900000
2026-09-16T05:53:51.894Z,2078,200000000,220000000
2026-09-16T05:53:51.894Z,17209,1337,6337
2026-09-16T05:53:51.894Z,27321,554.4,614.9
2026-09-16T05:53:51.894Z,46181,,10440000
2026-09-16T05:53:51.894Z,62625,13600000,16100000
2026-09-16T05:53:51.894Z,19011,17630000,25520000
2026-09-16T05:53:51.894Z,31017,8069000,9270000
2026-09-16T05:53:51.894Z,14272,35430,45440
2026-09-16T05:53:51.894Z,95501,2009000,6394000
2026-09-16T05:53:51.894Z,24527,1552,1616
2026-09-16T05:53:51.894Z,12620,9.57,15.61
2026-09-16T05:53:51.894Z,49724,1809000,2056000
2026-09-16T05:53:51.894Z,33816,70960000,74980000
2026-09-16T05:53:51.894Z,25615,44270,56080
2026-09-16T05:53:51.894Z,31444,56940,496700
2026-09-16T05:53:51.894Z,43795,0.01,27770000
2026-09-16T05:53:51.894Z,23866,34250,37910000
2026-09-16T05:53:51.894Z,50149,10010000,13410000
2026-09-16T05:53:51.894Z,17175,2605000,5899000
2026-09-16T05:53:51.894Z,93999,1050000000,1210000000
2026-09-16T05:53:51.894Z,81826,614300000,748900000
2026-09-16T05:53:51.894Z,27108,15380000,17330000
2026-09-16T05:53:51.894Z,27130,102600000,120100000
2026-09-16T05:53:51.894Z,11359,18470,331800
2026-09-16T05:53:51.894Z,652,1347000,1799000
2026-09-16T05:53:51.894Z,25954,7293000,8596000
2026-09-16T05:53:51.894Z,2454,3506,4542
2026-09-16T05:53:51.894Z,24537,465.3,678.4
2026-09-16T05:53:51.894Z,3125,4670000,8199000
2026-09-16T05:53:51.894Z,45977,15060000,40750000
2026-09-16T05:53:51.894Z,47036,5825000,10010000
2026-09-16T05:53:51.894Z,4391,105400,205500
2026-09-16T05:53:51.894Z,31890,1654000,2141000
2026-09-16T05:53:51.894Z,11543,5801,6891
2026-09-16T05:53:51.894Z,64034,225100000,289300000
2026-09-16T05:53:51.894Z,20735,1028,3993
2026-09-16T05:53:51.894Z,56708,84.05,159.2
2026-09-16T05:53:51.894Z,13994,3905000,4157000
2026-09-16T05:53:51.894Z,87515,270000000,390000000
2026-09-16T05:53:51.894Z,1256,384900,433400
2026-09-16T05:53:51.894Z,10244,9142000,19010000
2026-09-16T05:53:51.894Z,5719,201200,237500
2026-09-16T05:53:51.894Z,12614,33.84,35
2026-09-16T05:53:51.894Z,439,11120,14000
2026-09-16T05:53:51.894Z,90495,100,1101
2026-09-16T05:53:51.894Z,31878,2348000,2537000
2026-09-16T05:53:51.894Z,28211,1317000,1434000
2026-09-16T05:53:51.894Z,92383,26000000,339100000
2026-09-16T05:53:51.894Z,45624,30160000,35450000
2026-09-16T05:53:51.894Z,62380,85660,106100
2026-09-16T05:53:51.894Z,91115,15210000,84990000
2026-09-16T05:53:51.894Z,22128,169800000,184300000
2026-09-16T05:53:51.894Z,19699,19970000,19980000
2026-09-16T05:53:51.894Z,52562,6880000,49690000
2026-09-16T05:53:51.894Z,53713,609400000,649700000
2026-09-16T05:53:51.894Z,90469,80480000,100700000
2026-09-16T05:53:51.894Z,586,412600,550000
2026-09-16T05:53:51.894Z,20418,95390,95400
2026-09-16T05:53:51.894Z,30308,11840,13130
2026-09-16T05:53:51.894Z,45621,31650000,36890000
2026-09-16T05:53:51.894Z,63778,1001,149900
2026-09-16T05:53:51.894Z,57731,1364000,4994000
2026-09-16T05:53:51.894Z,14166,57210000,67850000
2026-09-16T05:53:51.894Z,60309,190000,520000
2026-09-16T05:53:51.894Z,45821,900000,10990000
2026-09-16T05:53:51.894Z,34024,44950000,98400000
2026-09-16T05:53:51.894Z,657,1992000,2209000
2026-09-16T05:53:51.894Z,25565,1073,11980
2026-09-16T05:53:51.894Z,84117,47000000,155000000
2026-09-16T05:53:51.894Z,54397,451000000,1121000000
2026-09-16T05:53:51.894Z,12747,145500000,161200000
2026-09-16T05:53:51.894Z,47271,402900000,431900000
2026-09-16T05:53:51.894Z,45608,34720000,37780000
2026-09-16T05:53:51.894Z,14284,780000,769900
2026-09-16T05:53:51.894Z,18963,140900000,163700000
2026-09-16T05:53:51.894Z,23113,628900,711600
2026-09-16T05:53:51.894Z,84014,10010,372900
2026-09-16T05:53:51.894Z,31466,100,39990
2026-09-16T05:53:51.894Z,33848,80390000,96910000
2026-09-16T05:53:51.894Z,14045,30990000,36490000
2026-09-16T05:53:51.894Z,44909,1300000,184700000
2026-09-16T05:53:51.894Z,24702,48970000,49980000
2026-09-16T05:53:51.894Z,27351,2101,2186
2026-09-16T05:53:51.894Z,19349,59410000,67980000
2026-09-16T05:53:51.894Z,93733,103200000,128100000
2026-09-16T05:53:51.894Z,33400,7125000,7678000
2026-09-16T05:53:51.894Z,95228,90010000,174000000
2026-09-16T05:53:51.894Z,32436,847.9,4715
2026-09-16T05:53:51.894Z,90526,1524,3524
2026-09-16T05:53:51.894Z,16006,98640000,119800000
2026-09-16T05:53:51.894Z,62559,3907,4859
2026-09-16T05:53:51.894Z,45599,32160000,36470000
2026-09-16T05:53:51.894Z,21,504.2,880
2026-09-16T05:53:51.894Z,567,1186,31180
2026-09-16T05:53:51.894Z,2341,153300,646600
2026-09-16T05:53:51.894Z,45751,503300,1893000
2026-09-16T05:53:51.894Z,11379,19950000,21240000
2026-09-16T05:53:51.894Z,1276,14600,189000
2026-09-16T05:53:51.894Z,3244,951700,1038000
2026-09-16T05:53:51.894Z,4144,561100,5001000
2026-09-16T05:53:51.894Z,29001,8010,27920
2026-09-16T05:53:51.894Z,60306,706900,989300
2026-09-16T05:53:51.894Z,19200,144600000,156800000
2026-09-16T05:53:51.894Z,3695,7079,7591
2026-09-16T05:53:51.894Z,34132,206000000,278500000
2026-09-16T05:53:51.894Z,17267,5013,28990
2026-09-16T05:53:51.894Z,23145,56190,136800
2026-09-16T05:53:51.894Z,26255,250.4,24930
2026-09-16T05:53:51.894Z,29089,403100,606400
2026-09-16T05:53:51.894Z,82304,559.7,679.9
2026-09-16T05:53:51.894Z,16639,472.1,515
2026-09-16T05:53:51.894Z,42770,440000,3649000
2026-09-16T05:53:51.894Z,14112,28760000,35750000
2026-09-16T05:53:51.894Z,31810,4075000,4971000
2026-09-16T05:53:51.894Z,18899,51930000,80400000
2026-09-16T05:53:51.894Z,33830,2087000,9074000
2026-09-16T05:53:51.894Z,17207,31290000,36260000
2026-09-16T05:53:51.894Z,18710,178900000,198100000
2026-09-16T05:53:51.894Z,41493,103900000,111800000
2026-09-16T05:53:51.894Z,31484,730900,997000
2026-09-16T05:53:51.894Z,54393,305700000,348200000
2026-09-16T05:53:51.894Z,33957,61050000,71890000
2026-09-16T05:53:51.894Z,19185,292100000,346900000
2026-09-16T05:53:51.894Z,2478,1392000,1455000
2026-09-16T05:53:51.894Z,63785,64600,947000
2026-09-16T05:53:51.894Z,53904,25930000,103000000
2026-09-16T05:53:51.894Z,31614,3020000,3537000
2026-09-16T05:53:51.894Z,48422,440000,989800
2026-09-16T05:53:51.894Z,27341,61650,192300
2026-09-16T05:53:51.894Z,16669,26030,29410
2026-09-16T05:53:51.894Z,45771,100.1,600000
2026-09-16T05:53:51.894Z,34282,13210000,14860000
2026-09-16T05:53:51.894Z,3203,2040000,6182000
2026-09-16T05:53:51.894Z,48511,488300000,1351000000
2026-09-16T05:53:51.894Z,89670,312000000,853700000
2026-09-16T05:53:51.894Z,31824,17000000,17040000
2026-09-16T05:53:51.894Z,3697,13740,14940
2026-09-16T05:53:51.894Z,28696,87130,88640
2026-09-16T05:53:51.894Z,57122,351300000,400000000
2026-09-16T05:53:51.894Z,180,6.56,11.95
2026-09-16T05:53:51.894Z,32029,50420,3493000
2026-09-16T05:53:51.894Z,45757,505000,1000000
2026-09-16T05:53:51.894Z,13826,713400,3459000
2026-09-16T05:53:51.894Z,26100,506100,5710000
2026-09-16T05:53:51.894Z,16682,6393,6551
2026-09-16T05:53:51.894Z,2392,635.1,684.7
2026-09-16T05:53:51.894Z,25956,17800000,19100000
2026-09-16T05:53:51.894Z,41030,180100000,194600000
2026-09-16T05:53:51.894Z,87323,15000000,394900000
2026-09-16T05:53:51.894Z,45614,33550000,36320000
2026-09-16T05:53:51.894Z,19935,10130,14790
2026-09-16T05:53:51.894Z,27399,15100,53700
2026-09-16T05:53:51.894Z,93352,310000000,998700000
2026-09-16T05:53:51.894Z,94155,56750000,109800000
2026-09-16T05:53:51.894Z,56067,405600,1368000
2026-09-16T05:53:51.894Z,78788,105000,948200
2026-09-16T05:53:51.894Z,88659,22010000,153300000
2026-09-16T05:53:51.894Z,31007,64100000,424900000
2026-09-16T05:53:51.894Z,83386,80000,987800
2026-09-16T05:53:51.894Z,57454,120300,139000
2026-09-16T05:53:51.894Z,1447,365800,417000
2026-09-16T05:53:51.894Z,76177,1005000,137900000
2026-09-16T05:53:51.894Z,48436,269600,800000
2026-09-16T05:53:51.894Z,31412,2370000,3012000
2026-09-16T05:53:51.894Z,46818,1222000,8696000
2026-09-16T05:53:51.894Z,79735,62990,2998000
2026-09-16T05:53:51.894Z,28266,,447000
2026-09-16T05:53:51.894Z,46862,1104000,12790000
2026-09-16T05:53:51.894Z,28294,432200,547700
2026-09-16T05:53:51.894Z,28274,228200,318500
2026-09-16T05:53:51.894Z,1244,22890,50000
2026-09-16T05:53:51.894Z,3017,255300,596700
2026-09-16T05:53:51.894Z,17912,4879000,5274000
2026-09-16T05:53:51.894Z,52888,65640000,577500000
2026-09-16T05:53:51.894Z,31876,1958000,2048000
2026-09-16T05:53:51.894Z,16481,10000,61600
2026-09-16T05:53:51.894Z,19247,12060000,16870000
2026-09-16T05:53:51.894Z,49741,58110000,64170000
2026-09-16T05:53:51.894Z,20627,2844000,7444000
2026-09-16T05:53:51.894Z,31033,190600,355100
2026-09-16T05:53:51.894Z,27239,152000000,170000000
2026-09-16T05:53:51.894Z,10692,12250,24900
2026-09-16T05:53:51.894Z,20779,14230,29680
2026-09-16T05:53:51.894Z,31055,1312000,1426000
2026-09-16T05:53:51.894Z,3090,4103000,5383000
2026-09-16T05:53:51.894Z,22969,246.1,369.9
2026-09-16T05:53:51.894Z,22474,256200000,271500000
2026-09-16T05:53:51.894Z,3049,4449000,4798000
2026-09-16T05:53:51.894Z,19944,15060,99750
2026-09-16T05:53:51.894Z,30633,131700,219900
2026-09-16T05:53:51.894Z,45514,1500000,2549000
2026-09-16T05:53:51.894Z,28752,131200000,143500000
2026-09-16T05:53:51.894Z,26418,54700000,66520000
2026-09-16T05:53:51.894Z,16527,404800,534400
2026-09-16T05:53:51.894Z,40349,49020000,52230000
2026-09-16T05:53:51.894Z,45601,37170000,39170000
2026-09-16T05:53:51.894Z,16455,26000,72320
2026-09-16T05:53:51.894Z,31175,148800000,299100000
2026-09-16T05:53:51.894Z,22127,100900000,111500000
2026-09-16T05:53:51.894Z,85491,76100000,211400000
2026-09-16T05:53:51.894Z,13222,14030000,16950000
2026-09-16T05:53:51.894Z,3566,2141,6999
2026-09-16T05:53:51.894Z,3962,78750000,89000000
2026-09-16T05:53:51.894Z,22129,66050000,72190000
2026-09-16T05:53:51.894Z,12731,139500000,147900000
2026-09-16T05:53:51.894Z,40565,24380000,31260000
2026-09-16T05:53:51.894Z,15824,602100,1997000
2026-09-16T05:53:51.894Z,18947,243000000,291300000
2026-09-16T05:53:51.894Z,620,8005000,8698000
2026-09-16T05:53:51.894Z,19079,701200,2673000
2026-09-16T05:53:51.894Z,11446,829600,1883000
2026-09-16T05:53:51.894Z,7539,658.3,4000
2026-09-16T05:53:51.894Z,52201,10140,482100
2026-09-16T05:53:51.894Z,90122,131000000,380000000
2026-09-16T05:53:51.894Z,41308,4115,23310
2026-09-16T05:53:51.894Z,43555,1762000,2013000
2026-09-16T05:53:51.894Z,1319,293600,309800
2026-09-16T05:53:51.894Z,26308,8804,9968000
2026-09-16T05:53:51.894Z,43556,1765000,1985000
2026-09-16T05:53:51.894Z,15466,3301000,3666000
2026-09-16T05:53:51.894Z,13815,13680000,23390000
2026-09-16T05:53:51.894Z,23809,30820000,47730000
2026-09-16T05:53:51.894Z,49712,40470000,46980000
2026-09-16T05:53:51.894Z,84519,5000,100000
2026-09-16T05:53:51.894Z,16680,781,812.5
2026-09-16T05:53:51.894Z,5051,60020,114000
2026-09-16T05:53:51.894Z,10680,406800,446700
2026-09-16T05:53:51.894Z,31544,2121000,2864000
2026-09-16T05:53:51.894Z,6635,134400,219800
2026-09-16T05:53:51.894Z,21336,4.29,4.3
2026-09-16T05:53:51.894Z,82467,40090,8626000
2026-09-16T05:53:51.894Z,62574,15080,17750
2026-09-16T05:53:51.894Z,87573,952200000,1399000000
2026-09-16T05:53:51.894Z,89612,167,489.4
2026-09-16T05:53:51.894Z,46006,13860000,16800000
2026-09-16T05:53:51.894Z,20921,45.69,118.6
2026-09-16T05:53:51.894Z,21510,23240000,27630000
2026-09-16T05:53:51.894Z,83352,20040,1045000
2026-09-16T05:53:51.894Z,83259,20010,49990
2026-09-16T05:53:51.894Z,17215,82770,549900
2026-09-16T05:53:51.894Z,13951,9362000,10490000
2026-09-16T05:53:51.894Z,28740,20410000,25980000
2026-09-16T05:53:51.894Z,30328,500,39000
2026-09-16T05:53:51.894Z,31946,38550000,41790000
2026-09-16T05:53:51.894Z,89648,18330000,20990000
2026-09-16T05:53:51.894Z,26322,55280000,62800000
2026-09-16T05:53:51.894Z,2463,8001,8499
2026-09-16T05:53:51.894Z,58956,16040000,22000000
2026-09-16T05:53:51.894Z,2344,64700,69540
2026-09-16T05:53:51.894Z,33618,22850000,22860000
2026-09-16T05:53:51.894Z,2309,3.12,3.72
2026-09-16T05:53:51.894Z,42526,292300,645000
2026-09-16T05:53:51.894Z,9207,35000,117000
2026-09-16T05:53:51.894Z,31300,100400,235100
2026-09-16T05:53:51.894Z,45595,36260000,39490000
2026-09-16T05:53:51.894Z,20410,93210,93220
2026-09-16T05:53:51.894Z,18879,26120000,30870000
2026-09-16T05:53:51.894Z,21474,52330000,89000000
2026-09-16T05:53:51.894Z,643,135900000,144900000
2026-09-16T05:53:51.894Z,2589,165000000,177200000
2026-09-16T05:53:51.894Z,15798,67200000,74800000
2026-09-16T05:53:51.894Z,82302,238.6,346
2026-09-16T05:53:51.894Z,87773,700100,15890000
2026-09-16T05:53:51.894Z,20895,16510000,37700000
2026-09-16T05:53:51.894Z,20701,57910000,73910000
2026-09-16T05:53:51.894Z,19206,178900000,233500000
2026-09-16T05:53:51.894Z,11642,1750000,1841000
2026-09-16T05:53:51.894Z,56863,555000,14460000
2026-09-16T05:53:51.894Z,7329,5084,10400
2026-09-16T05:53:51.894Z,21935,894.3,1000
2026-09-16T05:53:51.894Z,89692,400100,4997000
2026-09-16T05:53:51.894Z,22110,110900000,127700000
2026-09-16T05:53:51.894Z,27252,104300000,119900000
2026-09-16T05:53:51.894Z,85398,8812,12050
2026-09-16T05:53:51.894Z,43687,,38950000
2026-09-16T05:53:51.894Z,85316,427200,451800
2026-09-16T05:53:51.894Z,91977,52330000,82590000
2026-09-16T05:53:51.894Z,21368,3803,4589
2026-09-16T05:53:51.894Z,90471,40690,231800
2026-09-16T05:53:51.894Z,18953,28910000,38470000
2026-09-16T05:53:51.894Z,83244,10000,2187000
2026-09-16T05:53:51.894Z,23097,339700,387800
2026-09-16T05:53:51.894Z,56132,104700,144900
2026-09-16T05:53:51.894Z,34268,929000,998500
2026-09-16T05:53:51.894Z,15887,36340000,43290000
2026-09-16T05:53:51.894Z,56136,10520,22480
2026-09-16T05:53:51.894Z,3329,10.03,17890
2026-09-16T05:53:51.894Z,60286,186600,224000
2026-09-16T05:53:51.894Z,31816,303.4,181000
2026-09-16T05:53:51.894Z,27127,442500,705400
2026-09-16T05:53:51.894Z,628,8008000,9074000
2026-09-16T05:53:51.894Z,28676,1457000,1923000
2026-09-16T05:53:51.894Z,12011,94850000,108200000
2026-09-16T05:53:51.894Z,13252,2659000,2989000
2026-09-16T05:53:51.894Z,440,2547000,2743000
2026-09-16T05:53:51.894Z,33028,9000000,38000000
2026-09-16T05:53:51.894Z,16233,47050000,53510000
2026-09-16T05:53:51.894Z,13929,59890000,68860000
2026-09-16T05:53:51.894Z,18867,55990000,60100000
2026-09-16T05:53:51.894Z,22470,291300000,312400000
2026-09-16T05:53:51.894Z,62523,26.28,33.58
2026-09-16T05:53:51.894Z,91959,5266000,47940000
2026-09-16T05:53:51.894Z,3106,560900,880300
2026-09-16T05:53:51.894Z,34,3.71,4.03
2026-09-16T05:53:51.894Z,40553,9530000,10230000
2026-09-16T05:53:51.894Z,77114,48300000,54260000
2026-09-16T05:53:51.894Z,19137,17000000,21450000
2026-09-16T05:53:51.894Z,18853,2710000,8882000
2026-09-16T05:53:51.894Z,4395,260300,278700
2026-09-16T05:53:51.894Z,18702,74380000,96570000
2026-09-16T05:53:51.894Z,46994,271900,8999000
2026-09-16T05:53:51.894Z,33453,22190000,26170000
2026-09-16T05:53:51.894Z,37599,10930000,16040000
2026-09-16T05:53:51.894Z,31604,3104000,4000000
2026-09-16T05:53:51.894Z,2038,500100,570200
2026-09-16T05:53:51.894Z,21408,202.4,3197
2026-09-16T05:53:51.894Z,47141,7244000,17000000
2026-09-16T05:53:51.894Z,14086,82350,294600
2026-09-16T05:53:51.894Z,13888,8667000,13470000
2026-09-16T05:53:51.894Z,31394,121000,276200
2026-09-16T05:53:51.894Z,3481,68570000,86100000
2026-09-16T05:53:51.894Z,31794,3871000,4090000
2026-09-16T05:53:51.894Z,16537,11870000,14200000
2026-09-16T05:53:51.894Z,19554,218800000,329000000
2026-09-16T05:53:51.894Z,83219,10000,50000
2026-09-16T05:53:51.894Z,57121,299300000,337900000
2026-09-16T05:53:51.894Z,53711,289900000,308700000
2026-09-16T05:53:51.894Z,85654,519900000,581900000
2026-09-16T05:53:51.894Z,25863,158600,949500
2026-09-16T05:53:51.894Z,55596,2001,96000
2026-09-16T05:53:51.894Z,31304,120000,2984000
2026-09-16T05:53:51.894Z,84415,65280,247700
2026-09-16T05:53:51.894Z,2348,124100,131600
2026-09-16T05:53:51.894Z,23711,6086,12210
2026-09-16T05:53:51.894Z,41478,1032000,1084000
2026-09-16T05:53:51.894Z,7367,81520,91530
2026-09-16T05:53:51.894Z,58757,0.02,549500
2026-09-16T05:53:51.894Z,19347,118500000,135800000
2026-09-16T05:53:51.894Z,28336,452.5,499.9
2026-09-16T05:53:51.894Z,11192,17830000,19100000
2026-09-16T05:53:51.894Z,12761,270.1,301
2026-09-16T05:53:51.894Z,89512,6000000,8920000
2026-09-16T05:53:51.894Z,47447,17520000,17530000
2026-09-16T05:53:51.894Z,19117,50990000,109000000
2026-09-16T05:53:51.894Z,15925,4003000,4994000
2026-09-16T05:53:51.894Z,19109,15040000,18780000
2026-09-16T05:53:51.894Z,13788,1585000,2747000
2026-09-16T05:53:51.894Z,60913,82010000,102300000
2026-09-16T05:53:51.894Z,28812,138500000,154000000
2026-09-16T05:53:51.894Z,488,11030,47720
2026-09-16T05:53:51.894Z,14027,13010,119000
2026-09-16T05:53:51.894Z,61197,152400,543300
2026-09-16T05:53:51.894Z,11202,9909000,12210000
2026-09-16T05:53:51.894Z,19341,115000000,126300000
2026-09-16T05:53:51.894Z,26430,10130000,17030000
2026-09-16T05:53:51.894Z,63246,56300,668900
2026-09-16T05:53:51.894Z,52694,3974000,4265000
2026-09-16T05:53:51.894Z,16068,55030000,61780000
2026-09-16T05:53:51.894Z,28646,6282000,6854000
2026-09-16T05:53:51.894Z,18961,68070000,88900000
2026-09-16T05:53:51.894Z,37303,200800000,220500000
2026-09-16T05:53:51.894Z,29057,51030,319900
2026-09-16T05:53:51.894Z,45744,11040000,26230000
2026-09-16T05:53:51.894Z,46782,50.08,3940000
2026-09-16T05:53:51.894Z,83336,1000,195600
2026-09-16T05:53:51.894Z,12066,133800,326400
2026-09-16T05:53:51.894Z,40732,30210000,75160000
2026-09-16T05:53:51.894Z,13980,1674000,1951000
2026-09-16T05:53:51.894Z,34668,2500000,55000000
2026-09-16T05:53:51.894Z,15792,98880000,113300000
2026-09-16T05:53:51.894Z,28801,899300000,1030000000
2026-09-16T05:53:51.894Z,84520,6769,150000
2026-09-16T05:53:51.894Z,33927,53550000,71920000
2026-09-16T05:53:51.894Z,32772,425500,525900
2026-09-16T05:53:51.894Z,18981,16110000,28000000
2026-09-16T05:53:51.894Z,37460,11010000,12280000
2026-09-16T05:53:51.894Z,30342,50.23,7600
2026-09-16T05:53:51.894Z,33442,500.3,19510
2026-09-16T05:53:51.894Z,589,265700,359200
2026-09-16T05:53:51.894Z,94153,252200000,308100000
2026-09-16T05:53:51.894Z,52238,233000000,307500000
2026-09-16T05:53:51.894Z,26913,1510000,1590000
2026-09-16T05:53:51.894Z,15587,4501,7498
2026-09-16T05:53:51.894Z,30558,5649000,6199000
2026-09-16T05:53:51.894Z,14124,22180000,26800000
2026-09-16T05:53:51.894Z,53301,5008,9999
2026-09-16T05:53:51.894Z,19269,1395000,2688000
2026-09-16T05:53:51.894Z,33047,142000,3400000
2026-09-16T05:53:51.894Z,45590,24120000,29700000
2026-09-16T05:53:51.894Z,56790,20000000,49370000
2026-09-16T05:53:51.894Z,13889,610400,610600
2026-09-16T05:53:51.894Z,13873,19720000,22690000
2026-09-16T05:53:51.894Z,17190,300100,1099000
2026-09-16T05:53:51.894Z,8535,35600,80990
2026-09-16T05:53:51.894Z,76167,3025000,78800000
2026-09-16T05:53:51.894Z,45737,6061000,170400000
2026-09-16T05:53:51.894Z,6569,267.1,1849
2026-09-16T05:53:51.894Z,47891,21180000,23210000
2026-09-16T05:53:51.894Z,76170,1000000,10870000
2026-09-16T05:53:51.894Z,52307,132000,1699000
2026-09-16T05:53:51.894Z,41464,46150000,75030000
2026-09-16T05:53:51.894Z,33702,172100000,186500000
2026-09-16T05:53:51.894Z,31628,17820000,18590000
2026-09-16T05:53:51.894Z,11539,35180,42460
2026-09-16T05:53:51.894Z,28805,651000000,701200000
2026-09-16T05:53:51.894Z,9622,22500,26490
2026-09-16T05:53:51.894Z,47898,520100,584800
2026-09-16T05:53:51.894Z,31410,36360000,48560000
2026-09-16T05:53:51.894Z,46240,2118000,18680000
2026-09-16T05:53:51.894Z,208,62.81,69.99
2026-09-16T05:53:51.894Z,31728,6000,29680
2026-09-16T05:53:51.894Z,37546,600700,977600
2026-09-16T05:53:51.894Z,9957,14350000,16400000
2026-09-16T05:53:51.894Z,23133,47350,125000
2026-09-16T05:53:51.894Z,57472,18640000,22380000
2026-09-16T05:53:51.894Z,33671,93650,296700
2026-09-16T05:53:51.894Z,84079,17700000,61990000
2026-09-16T05:53:51.894Z,23091,173000,611700
2026-09-16T05:53:51.894Z,41058,51300000,56400000
2026-09-16T05:53:51.894Z,60475,3700000,4100000
2026-09-16T05:53:51.894Z,45597,29080000,35130000
2026-09-16T05:53:51.894Z,45826,525800,3889000
2026-09-16T05:53:51.894Z,31902,30030000,34860000
2026-09-16T05:53:51.894Z,47144,14940000,21910000
2026-09-16T05:53:51.894Z,43701,32250000,37150000
2026-09-16T05:53:51.894Z,40633,664100000,857400000
2026-09-16T05:53:51.894Z,27319,11.98,19
2026-09-16T05:53:51.894Z,54731,182800000,199900000
2026-09-16T05:53:51.894Z,31964,17530000,57990000
2026-09-16T05:53:51.894Z,9762,483000,508400
2026-09-16T05:53:51.894Z,45847,1551000,9981000
2026-09-16T05:53:51.894Z,15462,12360000,19490000
2026-09-16T05:53:51.894Z,97200,358100000,793800000
2026-09-16T05:53:51.894Z,60467,923000,998800
2026-09-16T05:53:51.894Z,90317,45120000,110000000
2026-09-16T05:53:51.894Z,3074,581800,592100
2026-09-16T05:53:51.894Z,3775,12600,13430
2026-09-16T05:53:51.894Z,31067,33080000,40950000
2026-09-16T05:53:51.894Z,45882,100000,2101000
2026-09-16T05:53:51.894Z,31774,10240000,17500000
2026-09-16T05:53:51.894Z,40660,49150000,57750000
2026-09-16T05:53:51.894Z,47907,23420000,25550000
2026-09-16T05:53:51.894Z,18744,54400,924000
2026-09-16T05:53:51.894Z,90486,367200,888000
2026-09-16T05:53:51.894Z,13001,1247000,1589000
2026-09-16T05:53:51.894Z,3238,83990000,99530000
2026-09-16T05:53:51.894Z,10156,19250000,21780000
2026-09-16T05:53:51.894Z,47814,4751000,7900000
2026-09-16T05:53:51.894Z,41525,58670000,71550000
2026-09-16T05:53:51.894Z,26259,1225,69790
2026-09-16T05:53:51.894Z,45592,36450000,40290000
2026-09-16T05:53:51.894Z,13937,104300000,114800000
2026-09-16T05:53:51.894Z,60476,362800000,408000000
2026-09-16T05:53:51.894Z,25611,104700,104800
2026-09-16T05:53:51.894Z,20573,4114000,7393000
2026-09-16T05:53:51.894Z,57460,513800,539400
2026-09-16T05:53:51.894Z,22782,1884000,2118000
2026-09-16T05:53:51.894Z,27672,3789000,4687000
2026-09-16T05:53:51.894Z,20183,820000000,1494000000
2026-09-16T05:53:51.894Z,88608,20010,2998000
2026-09-16T05:53:51.894Z,19283,9753000,13250000
2026-09-16T05:53:51.894Z,3144,3794000,6793000
2026-09-16T05:53:51.894Z,20065,200000000,252900000
2026-09-16T05:53:51.894Z,13267,6860,9498
2026-09-16T05:53:51.894Z,28682,1759000,2029000
2026-09-16T05:53:51.894Z,33559,133800000,161700000
2026-09-16T05:53:51.894Z,212,17.95,19.45
2026-09-16T05:53:51.894Z,81143,2025,2146
2026-09-16T05:53:51.894Z,24700,46630000,52460000
2026-09-16T05:53:51.894Z,57463,826200,1205000
2026-09-16T05:53:51.894Z,95674,2504000,3188000
2026-09-16T05:53:51.894Z,28809,94540000,104000000
2026-09-16T05:53:51.894Z,47352,20890000,24690000
2026-09-16T05:53:51.894Z,88598,100000,4002000
2026-09-16T05:53:51.894Z,47813,72770,297400
2026-09-16T05:53:51.894Z,57462,385500,434700
2026-09-16T05:53:51.894Z,27391,302.2,447
2026-09-16T05:53:51.894Z,2531,576000,859700
2026-09-16T05:53:51.894Z,9943,7430000,8224000
2026-09-16T05:53:51.894Z,1944,1024000,2500000
2026-09-16T05:53:51.894Z,30754,5103000,5999000
2026-09-16T05:53:51.894Z,34604,70000000,142200000
2026-09-16T05:53:51.894Z,33948,76760000,109000000
2026-09-16T05:53:51.894Z,91410,37010000,64770000
2026-09-16T05:53:51.894Z,34753,301100,11500000
2026-09-16T05:53:51.894Z,46111,1510000,2999000
2026-09-16T05:53:51.894Z,19044,433500000,526700000
2026-09-16T05:53:51.894Z,94033,43360000,73580000
2026-09-16T05:53:51.894Z,12532,9032000,10860000
2026-09-16T05:53:51.894Z,23095,269800,449700
2026-09-16T05:53:51.894Z,11319,310000,343300
2026-09-16T05:53:51.894Z,62578,12010,19900
2026-09-16T05:53:51.894Z,33971,65000000,79920000
2026-09-16T05:53:51.894Z,21918,1094,1175
2026-09-16T05:53:51.894Z,7003,60740,80800
2026-09-16T05:53:51.894Z,31061,301500000,344500000
2026-09-16T05:53:51.894Z,1224,23.25,27.82
2026-09-16T05:53:51.894Z,45742,23750000,238000000
2026-09-16T05:53:51.894Z,23856,50250000,62250000
2026-09-16T05:53:51.894Z,31238,33790,64300
2026-09-16T05:53:51.894Z,31868,2842000,3988000
2026-09-16T05:53:51.894Z,33983,13280000,14340000
2026-09-16T05:53:51.894Z,79756,7137000,89260000
2026-09-16T05:53:51.894Z,13786,5110000,16800000
2026-09-16T05:53:51.894Z,3687,391.4,795
2026-09-16T05:53:51.894Z,42774,200000,2980000
2026-09-16T05:53:51.894Z,18883,782200000,859500000
2026-09-16T05:53:51.894Z,2603,1888,3190
2026-09-16T05:53:51.894Z,21572,165500,699900
2026-09-16T05:53:51.894Z,88377,51000000,348700000
2026-09-16T05:53:51.894Z,47744,4003000,4695000
2026-09-16T05:53:51.894Z,11365,17100000,19110000
2026-09-16T05:53:51.894Z,41215,19760000,21110000
2026-09-16T05:53:51.894Z,20507,180600000,189900000
2026-09-16T05:53:51.894Z,54779,40740,49880
2026-09-16T05:53:51.894Z,74387,18000,149400
2026-09-16T05:53:51.894Z,28808,71310000,83600000
2026-09-16T05:53:51.894Z,13926,45160000,51850000
2026-09-16T05:53:51.894Z,1808,35240,78000
2026-09-16T05:53:51.894Z,32414,21500000,22960000
2026-09-16T05:53:51.894Z,3715,10,104
2026-09-16T05:53:51.894Z,37820,18050000,23940000
2026-09-16T05:53:51.894Z,11550,87530,99530
2026-09-16T05:53:51.894Z,52997,35670000,44860000
2026-09-16T05:53:51.894Z,26438,4850000,5416000
2026-09-16T05:53:51.894Z,184,12.15,20.6
2026-09-16T05:53:51.894Z,40552,10650000,17790000
2026-09-16T05:53:51.894Z,19075,91010,126600
2026-09-16T05:53:51.894Z,33904,230200000,248100000
2026-09-16T05:53:51.894Z,54772,5060,20990
2026-09-16T05:53:51.894Z,5871,801.9,39000
2026-09-16T05:53:51.894Z,54535,655600000,3000000000
2026-09-16T05:53:51.894Z,7579,375000,375200
2026-09-16T05:53:51.894Z,21914,256.9,369.4
2026-09-16T05:53:51.894Z,28328,121,369.8
2026-09-16T05:53:51.894Z,41482,1717000,2615000
2026-09-16T05:53:51.894Z,47478,37050,519800
2026-09-16T05:53:51.894Z,31896,488200,639400
2026-09-16T05:53:51.894Z,12206,1188000,2478000
2026-09-16T05:53:51.894Z,23868,72050000,87110000
2026-09-16T05:53:51.894Z,31818,803300,1284000
2026-09-16T05:53:51.894Z,2605,212600,227000
2026-09-16T05:53:51.894Z,2183,18110,22360
2026-09-16T05:53:51.894Z,11082,395200,851600
2026-09-16T05:53:51.894Z,2679,97.15,147.8
2026-09-16T05:53:51.894Z,22442,237400000,256900000
2026-09-16T05:53:51.894Z,24696,49540000,54590000
2026-09-16T05:53:51.894Z,33391,100000,4900000
2026-09-16T05:53:51.894Z,33039,130100,5940000
2026-09-16T05:53:51.894Z,19937,4233,33220
2026-09-16T05:53:51.894Z,14126,6291000,8861000
2026-09-16T05:53:51.894Z,27361,733.1,755
2026-09-16T05:53:51.894Z,601,115.1,6008
2026-09-16T05:53:51.894Z,18891,67230000,99340000
2026-09-16T05:53:51.894Z,33232,100000,25000000
2026-09-16T05:53:51.894Z,33388,100000,3900000
2026-09-16T05:53:51.894Z,33386,100000,4900000
2026-09-16T05:53:51.894Z,33392,100000,3900000
2026-09-16T05:53:51.894Z,33224,100000,3900000
2026-09-16T05:53:51.894Z,33228,100100,4900000
2026-09-16T05:53:51.894Z,33373,250100,4900000
2026-09-16T05:53:51.894Z,33374,100000,4900000
2026-09-16T05:53:51.894Z,33390,550100,3900000
2026-09-16T05:53:51.894Z,33225,350100,4900000
2026-09-16T05:53:51.894Z,33227,200100,4900000
2026-09-16T05:53:51.894Z,33226,210100,15080000
2026-09-16T05:53:51.894Z,33230,100000,15000000
2026-09-16T05:53:51.894Z,33387,510100,4900000
2026-09-16T05:53:51.894Z,45606,32410000,37970000
2026-09-16T05:53:51.894Z,20022,1201,15000
2026-09-16T05:53:51.894Z,15810,114500000,128100000
2026-09-16T05:53:51.894Z,3520,1531000,1774000
2026-09-16T05:53:51.894Z,15060,1788000000,2399000000
2026-09-16T05:53:51.894Z,18925,182000000,200400000
2026-09-16T05:53:51.894Z,2308,3.22,3.48
2026-09-16T05:53:51.894Z,10190,764500,829000
2026-09-16T05:53:51.894Z,17180,2402000,4769000
2026-09-16T05:53:51.894Z,27419,974.5,1075
2026-09-16T05:53:51.894Z,52294,10000,1000000
2026-09-16T05:53:51.894Z,14158,15350000,24530000
2026-09-16T05:53:51.894Z,43551,1743000,2052000
2026-09-16T05:53:51.894Z,8635,388800,407700
2026-09-16T05:53:51.894Z,27918,962000,1544000
2026-09-16T05:53:51.894Z,47142,13500000,18000000
2026-09-16T05:53:51.894Z,31165,2700000,2840000
2026-09-16T05:53:51.894Z,10868,8953,15870
2026-09-16T05:53:51.894Z,54327,36690,2999000
2026-09-16T05:53:51.894Z,3552,550.3,944.4
2026-09-16T05:53:51.894Z,18756,500000,1980000
2026-09-16T05:53:51.894Z,33898,6584000,9715000
2026-09-16T05:53:51.894Z,19693,113300000,118700000
2026-09-16T05:53:51.894Z,218,8.06,11.61
2026-09-16T05:53:51.894Z,62540,321.7,445
2026-09-16T05:53:51.894Z,56788,779800,961700
2026-09-16T05:53:51.894Z,18935,74010000,93000000
2026-09-16T05:53:51.894Z,55641,100.2,95000
2026-09-16T05:53:51.894Z,16248,110800000,118400000
2026-09-16T05:53:51.894Z,57481,4984000,5883000
2026-09-16T05:53:51.894Z,5975,7321,9100
2026-09-16T05:53:51.894Z,60244,50770000,59460000
2026-09-16T05:53:51.894Z,1195,32010,55270
2026-09-16T05:53:51.894Z,11985,125600000,146100000
2026-09-16T05:53:51.894Z,88715,269800000,399900000
2026-09-16T05:53:51.894Z,58821,1000,700000
2026-09-16T05:53:51.894Z,17893,502700,554000
2026-09-16T05:53:51.894Z,2508,245.5,354
2026-09-16T05:53:51.894Z,45787,350000,3074000
2026-09-16T05:53:51.894Z,21322,4.52,76.99
2026-09-16T05:53:51.894Z,55524,1000,98990
2026-09-16T05:53:51.894Z,32878,907000,1057000
2026-09-16T05:53:51.894Z,25597,530,530.1
2026-09-16T05:53:51.894Z,41033,11750,11790
2026-09-16T05:53:51.894Z,7043,240000,165100
2026-09-16T05:53:51.894Z,54944,17000,88950
2026-09-16T05:53:51.894Z,42787,1000000,22000000
2026-09-16T05:53:51.894Z,35944,69140000,139900000
2026-09-16T05:53:51.894Z,7127,300000,490000
2026-09-16T05:53:51.894Z,42882,10500000,13650000
2026-09-16T05:53:51.894Z,12199,2263000,3199000
2026-09-16T05:53:51.894Z,60661,200000,994100
2026-09-16T05:53:51.894Z,27066,208400000,483300000
2026-09-16T05:53:51.894Z,57740,6373000,18910000
2026-09-16T05:53:51.894Z,57021,2457000,23330000
2026-09-16T05:53:51.894Z,40690,232100000,299600000
2026-09-16T05:53:51.894Z,182,9.21,10.74
2026-09-16T05:53:51.894Z,9734,506700,506800
2026-09-16T05:53:51.894Z,15885,11610000,17970000
2026-09-16T05:53:51.894Z,10165,2079000,3423000
2026-09-16T05:53:51.894Z,95720,407100000,737900000
2026-09-16T05:53:51.894Z,27250,111300000,121100000
2026-09-16T05:53:51.894Z,73794,16310000,18000000
2026-09-16T05:53:51.894Z,37603,107100000,357100000
2026-09-16T05:53:51.894Z,47771,6613000,10490000
2026-09-16T05:53:51.894Z,19548,99020000,119800000
2026-09-16T05:53:51.894Z,3137,81050000,95000000
2026-09-16T05:53:51.894Z,14069,6800000,7880000
2026-09-16T05:53:51.894Z,21358,70.02,254.4
2026-09-16T05:53:51.894Z,60279,54040,84970
2026-09-16T05:53:51.894Z,85773,480000,1077000
2026-09-16T05:53:51.894Z,258,25000,31000
2026-09-16T05:53:51.894Z,46718,1975000,15500000
2026-09-16T05:53:51.894Z,12263,5505000,6374000
2026-09-16T05:53:51.894Z,20500,14350000,20370000
2026-09-16T05:53:51.894Z,19083,2503000,3802000
2026-09-16T05:53:51.894Z,11132,12050,15490
2026-09-16T05:53:51.894Z,62406,31960,33300
2026-09-16T05:53:51.894Z,20002,26.2,909.5
2026-09-16T05:53:51.894Z,57207,59600000,73950000
2026-09-16T05:53:51.894Z,20795,2460,60000
2026-09-16T05:53:51.894Z,4247,18310,18970
2026-09-16T05:53:51.894Z,609,211100,420000
2026-09-16T05:53:51.894Z,83373,80010,341100
2026-09-16T05:53:51.894Z,19035,86800000,178700000
2026-09-16T05:53:51.894Z,62554,2058,2430
2026-09-16T05:53:51.894Z,54381,40190000,156100000
2026-09-16T05:53:51.894Z,11646,1606000,1750000
2026-09-16T05:53:51.894Z,40569,24790000,34280000
2026-09-16T05:53:51.894Z,27413,928,1031
2026-09-16T05:53:51.894Z,18658,49650000,57640000
2026-09-16T05:53:51.894Z,90592,603100,1341000
2026-09-16T05:53:51.894Z,85677,4100000,10000000
2026-09-16T05:53:51.894Z,17898,82010,88000
2026-09-16T05:53:51.894Z,31201,50040,89060
2026-09-16T05:53:51.894Z,89948,40000,137200
2026-09-16T05:53:51.894Z,33334,5540,12470
2026-09-16T05:53:51.894Z,31169,316000000,326500000
2026-09-16T05:53:51.894Z,5322,6560,12670
2026-09-16T05:53:51.894Z,35959,7249000,14550000
2026-09-16T05:53:51.894Z,15963,190800000,226000000
2026-09-16T05:53:51.894Z,41328,900,1995
2026-09-16T05:53:51.894Z,28308,18530000,20980000
2026-09-16T05:53:51.894Z,54827,16970000,24490000
2026-09-16T05:53:51.894Z,31652,14020000,15410000
2026-09-16T05:53:51.894Z,20567,14610000,15750000
2026-09-16T05:53:51.894Z,45789,362400,2980000
2026-09-16T05:53:51.894Z,44158,306100,3392000
2026-09-16T05:53:51.894Z,1820,98,106.8
2026-09-16T05:53:51.894Z,16667,22130,30270
2026-09-16T05:53:51.894Z,21926,706,1064
2026-09-16T05:53:51.894Z,29051,560400,1594000
2026-09-16T05:53:51.894Z,56142,23590000,26680000
2026-09-16T05:53:51.894Z,40476,253700,2095000
2026-09-16T05:53:51.894Z,5319,5070,7681
2026-09-16T05:53:51.894Z,91943,26320000,47960000
2026-09-16T05:53:51.894Z,29059,439500,1653000
2026-09-16T05:53:51.894Z,6675,51430,61440
2026-09-16T05:53:51.894Z,9133,81160,348900
2026-09-16T05:53:51.894Z,29069,50660,617600
2026-09-16T05:53:51.894Z,91926,22440000,47760000
2026-09-16T05:53:51.894Z,20528,60060000,84700000
2026-09-16T05:53:51.894Z,20629,7600000,13190000
2026-09-16T05:53:51.894Z,33337,28110,30330
2026-09-16T05:53:51.894Z,9367,432800,709700
2026-09-16T05:53:51.894Z,5011,3776,4777
2026-09-16T05:53:51.894Z,55358,30100,94980
2026-09-16T05:53:51.894Z,26318,13750000,61170000
2026-09-16T05:53:51.894Z,26358,8530000,57380000
2026-09-16T05:53:51.894Z,19057,44810000,49070000
2026-09-16T05:53:51.894Z,49927,38060000,376000000
2026-09-16T05:53:51.894Z,19268,19060000,28210000
2026-09-16T05:53:51.894Z,3116,549000000,599400000
2026-09-16T05:53:51.894Z,42530,230700,385000
2026-09-16T05:53:51.894Z,92591,60000,171700
2026-09-16T05:53:51.894Z,34771,10110,3500000
2026-09-16T05:53:51.894Z,25273,48910,65520
2026-09-16T05:53:51.894Z,15907,84760000,95900000
2026-09-16T05:53:51.894Z,32095,2472000,18580000
2026-09-16T05:53:51.894Z,444,677.5,3799
2026-09-16T05:53:51.894Z,31041,6115000,9742000
2026-09-16T05:53:51.894Z,33890,335600,403400
2026-09-16T05:53:51.894Z,19191,435800000,466400000
2026-09-16T05:53:51.894Z,54363,1516000,128500000
2026-09-16T05:53:51.894Z,26056,102900,1862000
2026-09-16T05:53:51.894Z,14096,70150,360900
2026-09-16T05:53:51.894Z,47829,204800,989700
2026-09-16T05:53:51.894Z,14070,51750000,54000000
2026-09-16T05:53:51.894Z,37454,6955000,8641000
2026-09-16T05:53:51.894Z,6631,900.7,5001
2026-09-16T05:53:51.894Z,42775,200000,4697000
2026-09-16T05:53:51.894Z,42755,350000,4000000
2026-09-16T05:53:51.894Z,15461,4320000,5693000
2026-09-16T05:53:51.894Z,27182,427.4,400000
2026-09-16T05:53:51.894Z,54948,10,500000
2026-09-16T05:53:51.894Z,47905,1696000,1942000
2026-09-16T05:53:51.894Z,24569,24310000,41870000
2026-09-16T05:53:51.894Z,20506,1100000,33830000
2026-09-16T05:53:51.894Z,42204,37420000,40490000
2026-09-16T05:53:51.894Z,91940,46530000,74430000
2026-09-16T05:53:51.894Z,26360,48470000,62270000
2026-09-16T05:53:51.894Z,14172,8501000,15020000
2026-09-16T05:53:51.894Z,15727,99180,1732000
2026-09-16T05:53:51.894Z,19266,60840000,67930000
2026-09-16T05:53:51.894Z,45603,30410000,35250000
2026-09-16T05:53:51.894Z,13801,4865000,10000000
2026-09-16T05:53:51.894Z,31688,4021000,7128000
2026-09-16T05:53:51.894Z,2305,3.32,3.99
2026-09-16T05:53:51.894Z,34489,260300000,279900000
2026-09-16T05:53:51.894Z,16049,790000,2998000
2026-09-16T05:53:51.894Z,82453,120000,1498000
2026-09-16T05:53:51.894Z,34412,21510000,33210000
2026-09-16T05:53:51.894Z,23844,1460000,4900000
2026-09-16T05:53:51.894Z,8903,90310,150000
2026-09-16T05:53:51.894Z,14232,50550000,71460000
2026-09-16T05:53:51.894Z,3265,5421000,6337000
2026-09-16T05:53:51.894Z,13782,31820000,56920000
2026-09-16T05:53:51.894Z,40564,13870000,19870000
2026-09-16T05:53:51.894Z,20700,3003000000,3325000000
2026-09-16T05:53:51.894Z,16297,8510,9200
2026-09-16T05:53:51.894Z,21089,7685,549400
2026-09-16T05:53:51.894Z,91963,1955000,4448000
2026-09-16T05:53:51.894Z,1355,412300,556800
2026-09-16T05:53:51.894Z,41322,2588,2895
2026-09-16T05:53:51.894Z,18805,202000,496600
2026-09-16T05:53:51.894Z,31005,8929000,9721000
2026-09-16T05:53:51.894Z,47915,36920000,39780000
2026-09-16T05:53:51.894Z,4345,465000000,497900000
2026-09-16T05:53:51.894Z,57461,402900,496000
2026-09-16T05:53:51.894Z,85510,512600000,948900000
2026-09-16T05:53:51.894Z,31330,11110000,13310000
2026-09-16T05:53:51.894Z,31460,706600,1185000
2026-09-16T05:53:51.894Z,31610,991000,1331000
2026-09-16T05:53:51.894Z,21019,10810000,11790000
2026-09-16T05:53:51.894Z,648,803100,984900
2026-09-16T05:53:51.894Z,60032,36970000,77220000
2026-09-16T05:53:51.894Z,31003,5012000,5272000
2026-09-16T05:53:51.894Z,91096,903000,5597000
2026-09-16T05:53:51.894Z,41202,448200000,488800000
2026-09-16T05:53:51.894Z,82315,800.2,1134
2026-09-16T05:53:51.894Z,31163,26840000,29420000
2026-09-16T05:53:51.894Z,2203,3105,3400
2026-09-16T05:53:51.894Z,14264,81540000,99530000
2026-09-16T05:53:51.894Z,56791,4000000,19800000
2026-09-16T05:53:51.894Z,34595,84010000,149700000
2026-09-16T05:53:51.894Z,31069,3144000,4720000
2026-09-16T05:53:51.894Z,91615,290400000,409800000
2026-09-16T05:53:51.894Z,45794,1547000,29490000
2026-09-16T05:53:51.894Z,20161,792500000,919900000
2026-09-16T05:53:51.894Z,16067,80960000,107800000
2026-09-16T05:53:51.894Z,55025,60200000,84500000
2026-09-16T05:53:51.894Z,45817,1000,899100
2026-09-16T05:53:51.894Z,31734,200200,1049000
2026-09-16T05:53:51.894Z,17650,170,1718
2026-09-16T05:53:51.894Z,15677,88760000,143900000
2026-09-16T05:53:51.894Z,56283,324700000,638500000
2026-09-16T05:53:51.894Z,48417,205600,590100
2026-09-16T05:53:51.894Z,76174,100000,127900000
2026-09-16T05:53:51.894Z,14550,7510000000,9649000000
2026-09-16T05:53:51.894Z,19962,0.01,11.99
2026-09-16T05:53:51.894Z,54780,6000,35990
2026-09-16T05:53:51.894Z,54973,18000000,26980000
2026-09-16T05:53:51.894Z,63642,4455000,11990000
2026-09-16T05:53:51.894Z,16646,3022,3407
2026-09-16T05:53:51.894Z,34496,2819000,4093000
2026-09-16T05:53:51.894Z,79715,514200,2500000
2026-09-16T05:53:51.894Z,93908,176300000,213500000
2026-09-16T05:53:51.894Z,43881,305000000,850000000
2026-09-16T05:53:51.894Z,15711,4014000,6014000
2026-09-16T05:53:51.894Z,47032,43090000,65970000
2026-09-16T05:53:51.894Z,32093,269000,4398000
2026-09-16T05:53:51.894Z,15759,16350000,26300000
2026-09-16T05:53:51.894Z,63789,44270000,119900000
2026-09-16T05:53:51.894Z,31746,856700,1352000
2026-09-16T05:53:51.894Z,55337,11.02,91700
2026-09-16T05:53:51.894Z,26324,52050,55640000
2026-09-16T05:53:51.894Z,4346,850600000,947400000
2026-09-16T05:53:51.894Z,23029,686.1,944.2
2026-09-16T05:53:51.894Z,31638,2028000,3815000
2026-09-16T05:53:51.894Z,44205,1010000,5990000
2026-09-16T05:53:51.894Z,45844,2512000,10000000
2026-09-16T05:53:51.894Z,13263,12750000,15010000
2026-09-16T05:53:51.894Z,7045,245000,250000
2026-09-16T05:53:51.894Z,42881,8002000,27070000
2026-09-16T05:53:51.894Z,47873,612100,1060000
2026-09-16T05:53:51.894Z,18849,325000000,402000000
2026-09-16T05:53:51.894Z,20619,383100,1047000
2026-09-16T05:53:51.894Z,90722,5010000,19970000
2026-09-16T05:53:51.894Z,56288,,1044000000
2026-09-16T05:53:51.894Z,91939,9365000,13100000
2026-09-16T05:53:51.894Z,22108,24610000,30890000
2026-09-16T05:53:51.894Z,47308,30000000,30010000
2026-09-16T05:53:51.894Z,17176,1670000,4349000
2026-09-16T05:53:51.894Z,52286,4025000,23990000
2026-09-16T05:53:51.894Z,31740,14900,19980
2026-09-16T05:53:51.894Z,17392,97000,102600
2026-09-16T05:53:51.894Z,37628,181800000,348900000
2026-09-16T05:53:51.894Z,1539,22050,24450
2026-09-16T05:53:51.894Z,11577,3237000,3581000
2026-09-16T05:53:51.894Z,85786,1400000,3311000
2026-09-16T05:53:51.894Z,16696,1227000,3528000
2026-09-16T05:53:51.894Z,48217,5116000,50110000
2026-09-16T05:53:51.894Z,4246,16120,17500
2026-09-16T05:53:51.894Z,11448,8010000,12830000
2026-09-16T05:53:51.894Z,54307,4565000,19670000
2026-09-16T05:53:51.894Z,12486,1151000,2115000
2026-09-16T05:53:51.894Z,11285,3220,4518
2026-09-16T05:53:51.894Z,57477,91170000,99960000
2026-09-16T05:53:51.894Z,90496,141.4,8997
2026-09-16T05:53:51.894Z,76495,5291000,9787000
2026-09-16T05:53:51.894Z,31340,2403000,4847000
2026-09-16T05:53:51.894Z,12814,134300,156800
2026-09-16T05:53:51.894Z,15897,110000000,133000000
2026-09-16T05:53:51.894Z,31400,0.02,1069000
2026-09-16T05:53:51.894Z,25268,39150,84900
2026-09-16T05:53:51.894Z,11732,2000,6981
2026-09-16T05:53:51.894Z,213,13.97,14.79
2026-09-16T05:53:51.894Z,56861,5005,373300
2026-09-16T05:53:51.894Z,87789,609300,2800000
2026-09-16T05:53:51.894Z,19948,9000,12010
2026-09-16T05:53:51.894Z,41238,43520000,53790000
2026-09-16T05:53:51.894Z,85539,277200000,550000000
2026-09-16T05:53:51.894Z,21791,710.4,8996
2026-09-16T05:53:51.894Z,61127,2004000,29870000
2026-09-16T05:53:51.894Z,11989,119000000,131100000
2026-09-16T05:53:51.894Z,11190,15180000,16850000
2026-09-16T05:53:51.894Z,81047,210200000,220600000
2026-09-16T05:53:51.894Z,31572,26090000,295300000
2026-09-16T05:53:51.894Z,17223,101700,499700
2026-09-16T05:53:51.894Z,37881,600000,3778000
2026-09-16T05:53:51.894Z,21730,5000,20170
2026-09-16T05:53:51.894Z,62526,27.72,32.5
2026-09-16T05:53:51.894Z,16231,50500000,57920000
2026-09-16T05:53:51.894Z,10213,90530000,96840000
2026-09-16T05:53:51.894Z,592,127200,348900
2026-09-16T05:53:51.894Z,47342,80060000,117800000
2026-09-16T05:53:51.894Z,2621,445,513.8
2026-09-16T05:53:51.894Z,625,8105000,8899000
2026-09-16T05:53:51.894Z,31908,19370000,22400000
2026-09-16T05:53:51.894Z,45827,172500,999000
2026-09-16T05:53:51.894Z,19087,7009000,9982000
2026-09-16T05:53:51.894Z,22456,36120000,39950000
2026-09-16T05:53:51.894Z,21027,12170000,13320000
2026-09-16T05:53:51.894Z,53377,18590,499900
2026-09-16T05:53:51.894Z,78914,677600000,3000000000
2026-09-16T05:53:51.894Z,3172,496100000,623900000
2026-09-16T05:53:51.894Z,27451,335.4,643.7
2026-09-16T05:53:51.894Z,55640,1000,97700
2026-09-16T05:53:51.894Z,13865,356500,1356000
2026-09-16T05:53:51.894Z,7743,104500,144800
2026-09-16T05:53:51.894Z,31942,24040000,32790000
2026-09-16T05:53:51.894Z,33520,2163000,2365000
2026-09-16T05:53:51.894Z,12237,21020000,28000000
2026-09-16T05:53:51.894Z,85643,352800,1399000
2026-09-16T05:53:51.894Z,30836,817000,919900
2026-09-16T05:53:51.894Z,17500,50400000,56420000
2026-09-16T05:53:51.894Z,15813,35480000,41390000
2026-09-16T05:53:51.894Z,18680,29730000,36640000
2026-09-16T05:53:51.894Z,31950,200.3,750000
2026-09-16T05:53:51.894Z,22937,15070000,38520000
2026-09-16T05:53:51.894Z,627,9156000,10500000
2026-09-16T05:53:51.894Z,63058,261000000,446700000
2026-09-16T05:53:51.894Z,3117,5504000,7908000
2026-09-16T05:53:51.894Z,19313,15000000,34260000
2026-09-16T05:53:51.894Z,17194,201900,2047000
2026-09-16T05:53:51.894Z,53372,118200,1399000
2026-09-16T05:53:51.894Z,20020,4502,34000
2026-09-16T05:53:51.894Z,10209,90100000,97350000
2026-09-16T05:53:51.894Z,1957,8502,44970
2026-09-16T05:53:51.894Z,23154,10460000,10470000
2026-09-16T05:53:51.894Z,46750,367200,996900
2026-09-16T05:53:51.894Z,7413,70310,70320
2026-09-16T05:53:51.894Z,15588,8003,9293
2026-09-16T05:53:51.894Z,2913,1567000,1704000
2026-09-16T05:53:51.894Z,92966,67030000,110000000
2026-09-16T05:53:51.894Z,33527,280300000,312600000
2026-09-16T05:53:51.894Z,11995,215700000,227600000
2026-09-16T05:53:51.894Z,31213,19450,69600
2026-09-16T05:53:51.894Z,13243,13590000,16990000
2026-09-16T05:53:51.894Z,33557,124300000,148300000
2026-09-16T05:53:51.894Z,45890,500000,3997000
2026-09-16T05:53:51.894Z,11297,199100,283900
2026-09-16T05:53:51.894Z,13880,903700,1935000
2026-09-16T05:53:51.894Z,90466,3000,125900
2026-09-16T05:53:51.894Z,63775,10090,4890000
2026-09-16T05:53:51.894Z,37824,90090,177800
2026-09-16T05:53:51.894Z,4016,240000000,335000000
2026-09-16T05:53:51.894Z,18929,60420000,75900000
2026-09-16T05:53:51.894Z,47351,32420000,54780000
2026-09-16T05:53:51.894Z,21937,640.1,739.9
2026-09-16T05:53:51.894Z,12054,417400,1497000
2026-09-16T05:53:51.894Z,11688,17010,19050
2026-09-16T05:53:51.894Z,53229,100000,3031000
2026-09-16T05:53:51.894Z,45906,555600,4980000
2026-09-16T05:53:51.894Z,53379,375000,2492000
2026-09-16T05:53:51.894Z,53041,612100,1200000
2026-09-16T05:53:51.894Z,45913,507000,7889000
2026-09-16T05:53:51.894Z,15909,8445000,11290000
2026-09-16T05:53:51.894Z,31294,152200,5679000
2026-09-16T05:53:51.894Z,55338,69.71,98610
2026-09-16T05:53:51.894Z,11355,3728,19000
2026-09-16T05:53:51.894Z,30378,54800,59840
2026-09-16T05:53:51.894Z,53898,160200000,200100000
2026-09-16T05:53:51.894Z,17736,928000000,969200000
2026-09-16T05:53:51.894Z,91973,36180000,74470000
2026-09-16T05:53:51.894Z,18869,32750000,41250000
2026-09-16T05:53:51.894Z,19537,62030000,119100000
2026-09-16T05:53:51.894Z,53905,68910000,120000000
2026-09-16T05:53:51.894Z,84677,634000000,1000000000
2026-09-16T05:53:51.894Z,14082,113900,439300
2026-09-16T05:53:51.894Z,16505,93260,132500
2026-09-16T05:53:51.894Z,31508,10.01,3703000
2026-09-16T05:53:51.894Z,6999,38000,38010
2026-09-16T05:53:51.894Z,85390,21200,26670
2026-09-16T05:53:51.894Z,84684,431100000,699900000
2026-09-16T05:53:51.894Z,19547,110600000,122500000
2026-09-16T05:53:51.894Z,91974,7802000,9787000
2026-09-16T05:53:51.894Z,3563,250000000,298600000
2026-09-16T05:53:51.894Z,3773,202,790
2026-09-16T05:53:51.894Z,28756,31030000,34450000
2026-09-16T05:53:51.894Z,573,1553000,2280000
2026-09-16T05:53:51.894Z,31450,86400,1665000
2026-09-16T05:53:51.894Z,10842,2091000,2227000
2026-09-16T05:53:51.894Z,91944,1428000,11690000
2026-09-16T05:53:51.894Z,44900,5112000,17990000
2026-09-16T05:53:51.894Z,42773,588700,4198000
2026-09-16T05:53:51.894Z,95673,2100000,2996000
2026-09-16T05:53:51.894Z,55332,1.23,4500
2026-09-16T05:53:51.894Z,33946,342200000,387700000
2026-09-16T05:53:51.894Z,21386,11.01,59.01
2026-09-16T05:53:51.894Z,13250,15290000,17770000
2026-09-16T05:53:51.894Z,18955,60850000,80920000
2026-09-16T05:53:51.894Z,16189,455000,952000
2026-09-16T05:53:51.894Z,14013,4112,49650
2026-09-16T05:53:51.894Z,54788,1200000,139900000
2026-09-16T05:53:51.894Z,28296,11210000,12490000
2026-09-16T05:53:51.894Z,15657,768000,1500000
2026-09-16T05:53:51.894Z,83283,20010,44990
2026-09-16T05:53:51.894Z,88716,97720000,127400000
2026-09-16T05:53:51.894Z,17557,133,399900
2026-09-16T05:53:51.894Z,91174,349500000,379700000
2026-09-16T05:53:51.894Z,89955,2609000,3874000
2026-09-16T05:53:51.894Z,15683,108000000,113000000
2026-09-16T05:53:51.894Z,19245,15420000,18220000
2026-09-16T05:53:51.894Z,55557,69.7,149500
2026-09-16T05:53:51.894Z,9947,1834000,2029000
2026-09-16T05:53:51.894Z,87900,211000,999000
2026-09-16T05:53:51.894Z,46919,2006000,12340000
2026-09-16T05:53:51.894Z,4051,16880,17480
2026-09-16T05:53:51.894Z,30987,251500,296700
2026-09-16T05:53:51.894Z,31916,20990000,29850000
2026-09-16T05:53:51.894Z,14019,132,6485
2026-09-16T05:53:51.894Z,19942,10730,24710
2026-09-16T05:53:51.894Z,86261,55570000,79980000
2026-09-16T05:53:51.894Z,7581,15500,97230
2026-09-16T05:53:51.894Z,3488,651300,738500
2026-09-16T05:53:51.894Z,48429,326200,885900
2026-09-16T05:53:51.894Z,88852,961600,1035000
2026-09-16T05:53:51.894Z,22953,17190000,36090000
2026-09-16T05:53:51.894Z,27195,606300,932000
2026-09-16T05:53:51.894Z,49772,4313000,7219000
2026-09-16T05:53:51.894Z,54751,434100000,772000000
2026-09-16T05:53:51.894Z,55554,69.7,236900
2026-09-16T05:53:51.894Z,18851,396000000,424700000
2026-09-16T05:53:51.894Z,55599,10000,169900
2026-09-16T05:53:51.894Z,85085,7677000,9593000
2026-09-16T05:53:51.894Z,17959,7212,7339
2026-09-16T05:53:51.894Z,43508,1152000,11000000
2026-09-16T05:53:51.894Z,578,146900,173000
2026-09-16T05:53:51.894Z,87325,25320000,35990000
2026-09-16T05:53:51.894Z,45879,1250000,9450000
2026-09-16T05:53:51.894Z,31318,3476000,8375000
2026-09-16T05:53:51.894Z,2205,310200,332700
2026-09-16T05:53:51.894Z,22542,16410,29660
2026-09-16T05:53:51.894Z,18897,60000000,85990000
2026-09-16T05:53:51.894Z,4308,63980000,69760000
2026-09-16T05:53:51.894Z,55567,5000,169000
2026-09-16T05:53:51.894Z,15812,6024000,8889000
2026-09-16T05:53:51.894Z,13119,44.23,89.91
2026-09-16T05:53:51.894Z,55525,5000,98610
2026-09-16T05:53:51.894Z,33177,9999,700000
2026-09-16T05:53:51.894Z,85391,38400,59090
2026-09-16T05:53:51.894Z,14186,23010000,26790000
2026-09-16T05:53:51.894Z,19025,115500000,130700000
2026-09-16T05:53:51.894Z,26288,56910000,62340000
2026-09-16T05:53:51.894Z,11733,5000,8630
2026-09-16T05:53:51.894Z,19925,11010,44820
2026-09-16T05:53:51.894Z,1949,172100,828900
2026-09-16T05:53:51.894Z,19067,250100,374900
2026-09-16T05:53:51.894Z,7585,38930,329500
2026-09-16T05:53:51.894Z,13240,15020000,17030000
2026-09-16T05:53:51.894Z,32817,405500,548900
2026-09-16T05:53:51.894Z,15661,1052000,1151000
2026-09-16T05:53:51.894Z,31948,8775000,34650000
2026-09-16T05:53:51.894Z,18903,52320000,61470000
2026-09-16T05:53:51.894Z,41040,1028000,1673000
2026-09-16T05:53:51.894Z,27409,730.8,1600
2026-09-16T05:53:51.894Z,3824,551.2,2800
2026-09-16T05:53:51.894Z,3711,500,1093
2026-09-16T05:53:51.894Z,83323,1001,100000
2026-09-16T05:53:51.894Z,79744,46990000,98850000
2026-09-16T05:53:51.894Z,16407,54760,54770
2026-09-16T05:53:51.894Z,54747,326000000,368800000
2026-09-16T05:53:51.894Z,14132,6593000,27900000
2026-09-16T05:53:51.894Z,27353,434.5,490
2026-09-16T05:53:51.894Z,13950,33820000,44600000
2026-09-16T05:53:51.894Z,57533,30100000,111300000
2026-09-16T05:53:51.894Z,14156,17560000,19000000
2026-09-16T05:53:51.894Z,23512,17010,61130
2026-09-16T05:53:51.894Z,89946,212300,5500000
2026-09-16T05:53:51.894Z,15800,23160000,75250000
2026-09-16T05:53:51.894Z,28199,1932000,2514000
2026-09-16T05:53:51.894Z,14282,738300,310200
2026-09-16T05:53:51.894Z,46989,20020000,32920000
2026-09-16T05:53:51.894Z,21538,44500000,73580000
2026-09-16T05:53:51.894Z,14148,16700000,23610000
2026-09-16T05:53:51.894Z,84347,964000,7100000
2026-09-16T05:53:51.894Z,56071,203300,298900
2026-09-16T05:53:51.894Z,17226,1400000,1700000
2026-09-16T05:53:51.894Z,54405,50060000,97990000
2026-09-16T05:53:51.894Z,16469,85080,85090
2026-09-16T05:53:51.894Z,55561,7583,98610
2026-09-16T05:53:51.894Z,31077,10600,4499000
2026-09-16T05:53:51.894Z,20733,875,4648
2026-09-16T05:53:51.894Z,7619,215600,992000
2026-09-16T05:53:51.894Z,28435,362000,467500
2026-09-16T05:53:51.894Z,19027,206300000,228500000
2026-09-16T05:53:51.894Z,261,68000,74000
2026-09-16T05:53:51.894Z,26420,60670000,87580000
2026-09-16T05:53:51.894Z,30997,129400,429800
2026-09-16T05:53:51.894Z,27259,107000,239700
2026-09-16T05:53:51.894Z,45762,86540,1597000
2026-09-16T05:53:51.894Z,45625,23860000,29020000
2026-09-16T05:53:51.894Z,1541,516600,589000
2026-09-16T05:53:51.894Z,26068,5600000,6776000
2026-09-16T05:53:51.894Z,14053,3602,40000
2026-09-16T05:53:51.894Z,54782,9372,12500
2026-09-16T05:53:51.894Z,55344,118.1,144000
2026-09-16T05:53:51.894Z,87839,20110,10490000
2026-09-16T05:53:51.894Z,31894,2590000,3200000
2026-09-16T05:53:51.894Z,52250,288100000,320500000
2026-09-16T05:53:51.894Z,31586,214800,302700
2026-09-16T05:53:51.894Z,20749,990,2758
2026-09-16T05:53:51.894Z,19077,305000,897900
2026-09-16T05:53:51.894Z,85640,120600,2599000
2026-09-16T05:53:51.894Z,29079,1300000,1476000
2026-09-16T05:53:51.894Z,25934,1.03,1287000
2026-09-16T05:53:51.894Z,47136,25560000,45580000
2026-09-16T05:53:51.894Z,954,2100000,5479000
2026-09-16T05:53:51.894Z,32311,384600000,407600000
2026-09-16T05:53:51.894Z,11578,4801000,5089000
2026-09-16T05:53:51.894Z,28264,18040000,18990000
2026-09-16T05:53:51.894Z,12304,4128000,5298000
2026-09-16T05:53:51.894Z,31141,12080,39320
2026-09-16T05:53:51.894Z,2355,1,632900
2026-09-16T05:53:51.894Z,28213,1663000,1993000
2026-09-16T05:53:51.894Z,10629,6010,7500
2026-09-16T05:53:51.894Z,11541,36010,38250
2026-09-16T05:53:51.894Z,83239,80000,148100
2026-09-16T05:53:51.894Z,18991,153100000,174600000
2026-09-16T05:53:51.894Z,607,80060,497300
2026-09-16T05:53:51.894Z,92468,1206000,1336000
2026-09-16T05:53:51.894Z,11533,14820,30930
2026-09-16T05:53:51.894Z,16467,149200,197100
2026-09-16T05:53:51.894Z,34317,61100000,73510000
2026-09-16T05:53:51.894Z,15721,1647000,3380000
2026-09-16T05:53:51.894Z,22975,352,527.9
2026-09-16T05:53:51.894Z,15705,11650000,13910000
2026-09-16T05:53:51.894Z,19249,1442000,3433000
2026-09-16T05:53:51.894Z,31882,1539000,1635000
2026-09-16T05:53:51.894Z,13226,4501000,17970000
2026-09-16T05:53:51.894Z,13922,95410000,125000000
2026-09-16T05:53:51.894Z,3214,557300000,631300000
2026-09-16T05:53:51.894Z,45848,147500,3445000
2026-09-16T05:53:51.894Z,63862,100000,901800
2026-09-16T05:53:51.894Z,29085,117100,739000
2026-09-16T05:53:51.894Z,26404,20020000,63560000
2026-09-16T05:53:51.894Z,32063,2508000,11950000
2026-09-16T05:53:51.894Z,35894,234500000,258400000
2026-09-16T05:53:51.894Z,1978,1097000,1197000
2026-09-16T05:53:51.894Z,19181,98340000,119700000
2026-09-16T05:53:51.894Z,33213,171700000,299900000
2026-09-16T05:53:51.894Z,13247,9454000,18520000
2026-09-16T05:53:51.894Z,31636,20000000,26000000
2026-09-16T05:53:51.894Z,11561,183000,418100
2026-09-16T05:53:51.894Z,9846,107000,122300
2026-09-16T05:53:51.894Z,46366,463500,738900
2026-09-16T05:53:51.894Z,31886,2539000,2793000
2026-09-16T05:53:51.894Z,33404,222000000,297400000
2026-09-16T05:53:51.894Z,76491,610400,3495000
2026-09-16T05:53:51.894Z,76493,2046000,3919000
2026-09-16T05:53:51.894Z,32039,2103000,14150000
2026-09-16T05:53:51.894Z,9828,726.6,770.9
2026-09-16T05:53:51.894Z,83485,223400000,239700000
2026-09-16T05:53:51.894Z,21472,73010000,87930000
2026-09-16T05:53:51.894Z,47272,16360000,19000000
2026-09-16T05:53:51.894Z,3118,79070000,94000000
2026-09-16T05:53:51.894Z,83298,10000,393700
2026-09-16T05:53:51.894Z,15629,25000,31000
2026-09-16T05:53:51.894Z,58972,479100,544700
2026-09-16T05:53:51.894Z,11542,4870,5023
2026-09-16T05:53:51.894Z,32307,381000000,414500000
2026-09-16T05:53:51.894Z,33389,100000,3900000
2026-09-16T05:53:51.894Z,23805,169400000,203000000
2026-09-16T05:53:51.894Z,33151,117200000,123700000
2026-09-16T05:53:51.894Z,14031,27010,52020
2026-09-16T05:53:51.894Z,2082,165400000,184100000
2026-09-16T05:53:51.894Z,14296,3495000,3978000
2026-09-16T05:53:51.894Z,31149,404000,8090000
2026-09-16T05:53:51.894Z,25896,5758000,8092000
2026-09-16T05:53:51.894Z,62394,43820,64680
2026-09-16T05:53:51.894Z,42210,90600000,113000000
2026-09-16T05:53:51.894Z,21898,425.5,469
2026-09-16T05:53:51.894Z,49924,60340000,329100000
2026-09-16T05:53:51.894Z,14035,50300,287400
2026-09-16T05:53:51.894Z,81920,282900000,311500000
2026-09-16T05:53:51.894Z,55933,929500,966300
2026-09-16T05:53:51.894Z,23089,359000,391300
2026-09-16T05:53:51.894Z,3647,200.2,302
2026-09-16T05:53:51.894Z,95672,3206000,5800000
2026-09-16T05:53:51.894Z,27367,100,318
2026-09-16T05:53:51.894Z,7491,343.3,7000
2026-09-16T05:53:51.894Z,3989,1530000,2188000
2026-09-16T05:53:51.894Z,45895,177100,4593000
2026-09-16T05:53:51.894Z,95399,330000000,501600000
2026-09-16T05:53:51.894Z,626,9681000,10970000
2026-09-16T05:53:51.894Z,26296,76050000,83880000
2026-09-16T05:53:51.894Z,31910,12910000,14460000
2026-09-16T05:53:51.894Z,15703,11360000,21280000
2026-09-16T05:53:51.894Z,40668,45010000,170300000
2026-09-16T05:53:51.894Z,26364,3605000,59260000
2026-09-16T05:53:51.894Z,33003,305400,544800
2026-09-16T05:53:51.894Z,33007,56200,148600
2026-09-16T05:53:51.894Z,31220,984400,1101000
2026-09-16T05:53:51.894Z,16638,649.5,698.6
2026-09-16T05:53:51.894Z,62402,10210,11740
2026-09-16T05:53:51.894Z,83365,40000,248600
2026-09-16T05:53:51.894Z,56291,7461000,13140000
2026-09-16T05:53:51.894Z,17210,2002000,5597000
2026-09-16T05:53:51.894Z,52202,11000,578900
2026-09-16T05:53:51.894Z,92969,63040000,69990000
2026-09-16T05:53:51.894Z,27256,111100000,122200000
2026-09-16T05:53:51.894Z,73880,4200000,15500000
2026-09-16T05:53:51.894Z,3220,47670000,104800000
2026-09-16T05:53:51.894Z,2446,1279000,1437000
2026-09-16T05:53:51.894Z,3126,80090000,98850000
2026-09-16T05:53:51.894Z,46999,4001000,19990000
2026-09-16T05:53:51.894Z,32116,4207000,11850000
2026-09-16T05:53:51.894Z,45894,40000,2682000
2026-09-16T05:53:51.894Z,33569,62,999
2026-09-16T05:53:51.894Z,20411,92780,98590
2026-09-16T05:53:51.894Z,76290,513400000,897000000
2026-09-16T05:53:51.894Z,13216,15280000,16910000
2026-09-16T05:53:51.894Z,45609,32040000,38220000
2026-09-16T05:53:51.894Z,17676,502,1649
2026-09-16T05:53:51.894Z,47963,5650000,310000000
2026-09-16T05:53:51.894Z,63051,14540000,29510000
2026-09-16T05:53:51.894Z,24427,780700,977700
2026-09-16T05:53:51.894Z,27191,552200,850000
2026-09-16T05:53:51.894Z,7709,40000,53790
2026-09-16T05:53:51.894Z,60910,5010000,12470000
2026-09-16T05:53:51.894Z,2563,900500,1023000
2026-09-16T05:53:51.894Z,13237,15400000,17370000
2026-09-16T05:53:51.894Z,82186,3011000000,3947000000
2026-09-16T05:53:51.894Z,35835,752800000,850000000
2026-09-16T05:53:51.894Z,47922,47260000,53490000
2026-09-16T05:53:51.894Z,91936,2339000,3199000
2026-09-16T05:53:51.894Z,210,11.67,15.49
2026-09-16T05:53:51.894Z,15717,12070000,18150000
2026-09-16T05:53:51.894Z,92964,6809000,24780000
2026-09-16T05:53:51.894Z,55531,0.01,295000
2026-09-16T05:53:51.894Z,30993,27200000,33010000
2026-09-16T05:53:51.894Z,54975,38060000,45850000
2026-09-16T05:53:51.894Z,62640,202700,1063000
2026-09-16T05:53:51.894Z,15674,20100,35200
2026-09-16T05:53:51.894Z,15464,10850000,11500000
2026-09-16T05:53:51.894Z,47786,132000,264700
2026-09-16T05:53:51.894Z,11640,377400,493600
2026-09-16T05:53:51.894Z,27075,450000,739800
2026-09-16T05:53:51.894Z,484,753.8,12580
2026-09-16T05:53:51.894Z,23107,815800,997700
2026-09-16T05:53:51.894Z,23128,18900000,19790000
2026-09-16T05:53:51.894Z,30614,17390000,21850000
2026-09-16T05:53:51.894Z,623,10040000,11530000
2026-09-16T05:53:51.894Z,16313,3162,5190
2026-09-16T05:53:51.894Z,23111,855700,986900
2026-09-16T05:53:51.894Z,6135,6034,99000
2026-09-16T05:53:51.894Z,11188,17480000,19110000
2026-09-16T05:53:51.894Z,47872,90760,131700
2026-09-16T05:53:51.894Z,12023,132300000,148300000
2026-09-16T05:53:51.894Z,32811,1833000000,2399000000
2026-09-16T05:53:51.894Z,24663,101500000,112600000
2026-09-16T05:53:51.894Z,41411,38070000,42750000
2026-09-16T05:53:51.894Z,52630,8053000,800000000
2026-09-16T05:53:51.894Z,62569,3792,4990
2026-09-16T05:53:51.894Z,32862,200000,5038000
2026-09-16T05:53:51.894Z,29620,7673,11530
2026-09-16T05:53:51.894Z,31113,13180000,14460000
2026-09-16T05:53:51.894Z,32340,8899000,17630000
2026-09-16T05:53:51.894Z,33475,7916000,8499000
2026-09-16T05:53:51.894Z,56143,26140000,28000000
2026-09-16T05:53:51.894Z,22229,5231000,5344000
2026-09-16T05:53:51.894Z,22468,257000000,274700000
2026-09-16T05:53:51.894Z,12209,6019000,9996000
2026-09-16T05:53:51.894Z,31880,1082000,1208000
2026-09-16T05:53:51.894Z,95721,7778000,15900000
2026-09-16T05:53:51.894Z,45939,127700,2000000
2026-09-16T05:53:51.894Z,9784,0.03,9000
2026-09-16T05:53:51.894Z,62541,350,422
2026-09-16T05:53:51.894Z,33783,3752000,41840000
2026-09-16T05:53:51.894Z,3065,5023000,5445000
2026-09-16T05:53:51.894Z,17621,3261000,6250000
2026-09-16T05:53:51.894Z,23071,292200,354000
2026-09-16T05:53:51.894Z,23115,620100,942700
2026-09-16T05:53:51.894Z,28365,1497,2698
2026-09-16T05:53:51.894Z,37532,41810,3895000
2026-09-16T05:53:51.894Z,33092,1013,10470
2026-09-16T05:53:51.894Z,47761,68120,100000
2026-09-16T05:53:51.894Z,15806,81040000,93200000
2026-09-16T05:53:51.894Z,11454,83040,665000
2026-09-16T05:53:51.894Z,85746,3527,4071
2026-09-16T05:53:51.894Z,22124,296000000,320000000
2026-09-16T05:53:51.894Z,47911,2208000,2373000
2026-09-16T05:53:51.894Z,27427,281.4,560.5
2026-09-16T05:53:51.894Z,37481,38270000,42940000
2026-09-16T05:53:51.894Z,27359,1957,2037
2026-09-16T05:53:51.894Z,18841,736200,2129000
2026-09-16T05:53:51.894Z,45830,128100,3960000
2026-09-16T05:53:51.894Z,26048,521900,1263000
2026-09-16T05:53:51.894Z,27573,61180000,139600000
2026-09-16T05:53:51.894Z,31421,,1735000
2026-09-16T05:53:51.894Z,54400,186100000,217200000
2026-09-16T05:53:51.894Z,54443,16370000,52740000
2026-09-16T05:53:51.894Z,47827,3708000,3870000
2026-09-16T05:53:51.894Z,28364,7760,8398
2026-09-16T05:53:51.894Z,55618,0.01,98610
2026-09-16T05:53:51.894Z,48656,1488000,279000000
2026-09-16T05:53:51.894Z,31433,,1644000
2026-09-16T05:53:51.894Z,20747,3525,4516
2026-09-16T05:53:51.894Z,26298,79690000,98960000
2026-09-16T05:53:51.894Z,3446,316.5,1170
2026-09-16T05:53:51.894Z,9582,1300,4378
2026-09-16T05:53:51.894Z,2312,13350,13700
2026-09-16T05:53:51.894Z,3210,57810000,100000000
2026-09-16T05:53:51.894Z,91927,3662000,9953000
2026-09-16T05:53:51.894Z,31244,878400,1030000
2026-09-16T05:53:51.894Z,33139,2004000,2400000
2026-09-16T05:53:51.894Z,30464,65300,97990
2026-09-16T05:53:51.894Z,45836,19010,3995000
2026-09-16T05:53:51.894Z,83467,2085000,2304000
2026-09-16T05:53:51.894Z,92954,18050,25000
2026-09-16T05:53:51.894Z,634,8416000,11240000
2026-09-16T05:53:51.894Z,37299,222900000,262400000
2026-09-16T05:53:51.894Z,23073,10060,298500
2026-09-16T05:53:51.894Z,17930,53020000,56950000
2026-09-16T05:53:51.894Z,45938,117100,993400
2026-09-16T05:53:51.894Z,13958,30910000,47700000
2026-09-16T05:53:51.894Z,26292,51750000,63080000
2026-09-16T05:53:51.894Z,53425,42230000,147700000
2026-09-16T05:53:51.894Z,34102,336000000,649000000
2026-09-16T05:53:51.894Z,56850,587800000,650000000
2026-09-16T05:53:51.894Z,47532,8001000,28890000
2026-09-16T05:53:51.894Z,81008,13680000,14680000
2026-09-16T05:53:51.894Z,27433,369.5,948
2026-09-16T05:53:51.894Z,46675,3203,6890
2026-09-16T05:53:51.894Z,52915,107600000,117600000
2026-09-16T05:53:51.894Z,90417,1000000,2263000
2026-09-16T05:53:51.894Z,31700,400000,2552000
2026-09-16T05:53:51.894Z,88594,100000,1909000
2026-09-16T05:53:51.894Z,19183,118400000,131300000
2026-09-16T05:53:51.894Z,87778,365000,499800
2026-09-16T05:53:51.894Z,47798,149000,999400
2026-09-16T05:53:51.894Z,23059,4344000,5000000
2026-09-16T05:53:51.894Z,54399,139900000,163100000
2026-09-16T05:53:51.894Z,19686,109200000,119200000
2026-09-16T05:53:51.894Z,31562,110400,182800
2026-09-16T05:53:51.894Z,568,210700,314200
2026-09-16T05:53:51.894Z,3810,3019,5995
2026-09-16T05:53:51.894Z,57479,2781000,3145000
2026-09-16T05:53:51.894Z,45745,395000000,533900000
2026-09-16T05:53:51.894Z,57110,51670000,94030000
2026-09-16T05:53:51.894Z,32025,119700,993800
2026-09-16T05:53:51.894Z,23087,900,7500
2026-09-16T05:53:51.894Z,90490,41230,338300
2026-09-16T05:53:51.894Z,31011,1158000,1388000
2026-09-16T05:53:51.894Z,54382,92580000,348500000
2026-09-16T05:53:51.894Z,47316,2890000,22900000
2026-09-16T05:53:51.894Z,60758,40690000,83990000
2026-09-16T05:53:51.894Z,82469,460000,4652000
2026-09-16T05:53:51.894Z,53383,0.01,20000
2026-09-16T05:53:51.894Z,9956,3551000,4489000
2026-09-16T05:53:51.894Z,26332,54640000,66460000
2026-09-16T05:53:51.894Z,3977,769700,947900
2026-09-16T05:53:51.894Z,27786,405400000,3074000000
2026-09-16T05:53:51.894Z,27192,183200000,200000000
2026-09-16T05:53:51.894Z,88461,10000,1494000
2026-09-16T05:53:51.894Z,57487,186300000,210300000
2026-09-16T05:53:51.894Z,33270,8210,18990
2026-09-16T05:53:51.894Z,55548,11000,225000
2026-09-16T05:53:51.894Z,5399,2041,12080
2026-09-16T05:53:51.894Z,41191,58310000,64910000
2026-09-16T05:53:51.894Z,13967,80000,179200
2026-09-16T05:53:51.894Z,181,7.96,11.9
2026-09-16T05:53:51.894Z,24632,15600000,17460000
2026-09-16T05:53:51.894Z,653,1820000,2045000
2026-09-16T05:53:51.894Z,11737,800,25000
2026-09-16T05:53:51.894Z,32459,821.9,3500
2026-09-16T05:53:51.894Z,13874,400100,2000000
2026-09-16T05:53:51.894Z,60655,1001000,1498000
2026-09-16T05:53:51.894Z,47466,204000000,222900000
2026-09-16T05:53:51.894Z,1286,26630,144900
2026-09-16T05:53:51.894Z,36910,30090000,37190000
2026-09-16T05:53:51.894Z,17867,100.6,100.7
2026-09-16T05:53:51.894Z,12056,71260,97770
2026-09-16T05:53:51.894Z,18893,82320000,171500000
2026-09-16T05:53:51.894Z,11690,19170,20070
2026-09-16T05:53:51.894Z,621,9777000,10000000
2026-09-16T05:53:51.894Z,16525,3645,14900
2026-09-16T05:53:51.894Z,5179,100600,370000
2026-09-16T05:53:51.894Z,13807,25000000,26000000
2026-09-16T05:53:51.894Z,82437,140000,2899000
2026-09-16T05:53:51.894Z,16381,242800,270900
2026-09-16T05:53:51.894Z,47257,280200,328000
2026-09-16T05:53:51.894Z,11692,16630,17450
2026-09-16T05:53:51.894Z,3405,2011,24690
2026-09-16T05:53:51.894Z,31608,160700,160800
2026-09-16T05:53:51.894Z,54303,34910000,64200000
2026-09-16T05:53:51.894Z,2444,97050,125000
2026-09-16T05:53:51.894Z,55530,1023,119000
2026-09-16T05:53:51.894Z,9950,1771000,2973000
2026-09-16T05:53:51.894Z,31618,256100000,624100000
2026-09-16T05:53:51.894Z,33441,19210,23200
2026-09-16T05:53:51.894Z,23174,3612000,4380000
2026-09-16T05:53:51.894Z,47913,8938000,18700000
2026-09-16T05:53:51.894Z,12243,108500,1500000
2026-09-16T05:53:51.894Z,28292,23090000,24990000
2026-09-16T05:53:51.894Z,55327,1000,96000
2026-09-16T05:53:51.894Z,41469,44320000,52620000
2026-09-16T05:53:51.894Z,16345,4061,4062
2026-09-16T05:53:51.894Z,29103,1109000,1645000
2026-09-16T05:53:51.894Z,48428,17200,70000
2026-09-16T05:53:51.894Z,55674,20620,204000
2026-09-16T05:53:51.894Z,24637,112200000,122100000
2026-09-16T05:53:51.894Z,26400,1618000,59950000
2026-09-16T05:53:51.894Z,82305,550.8,783.6
2026-09-16T05:53:51.894Z,37631,279600000,314600000
2026-09-16T05:53:51.894Z,49795,100300,1999000
2026-09-16T05:53:51.894Z,85307,725900,4950000
2026-09-16T05:53:51.894Z,33565,141200000,155300000
2026-09-16T05:53:51.894Z,2410,1057000,1292000
2026-09-16T05:53:51.894Z,41415,120400000,128700000
2026-09-16T05:53:51.894Z,82963,100000,299700
2026-09-16T05:53:51.894Z,55931,10,9730
2026-09-16T05:53:51.894Z,32037,1990,1669000
2026-09-16T05:53:51.894Z,83332,10000,196400
2026-09-16T05:53:51.894Z,83368,80000,386600
2026-09-16T05:53:51.894Z,27489,1468,1686
2026-09-16T05:53:51.894Z,27122,109300000,119700000
2026-09-16T05:53:51.894Z,83468,2800000,3000000
2026-09-16T05:53:51.894Z,13231,15240000,18070000
2026-09-16T05:53:51.894Z,23896,73640000,113100000
2026-09-16T05:53:51.894Z,28799,506700000,628400000
2026-09-16T05:53:51.894Z,31276,960500,1245000
2026-09-16T05:53:51.894Z,47014,2801000,13090000
2026-09-16T05:53:51.894Z,26452,75820000,81770000
2026-09-16T05:53:51.894Z,31416,55150000,579800000
2026-09-16T05:53:51.894Z,45818,551000,2956000
2026-09-16T05:53:51.894Z,61199,1000000,1064000
2026-09-16T05:53:51.894Z,12005,131500000,137400000
2026-09-16T05:53:51.894Z,21216,121300,4000000
2026-09-16T05:53:51.894Z,42791,420000,9000000
2026-09-16T05:53:51.894Z,19085,2000000,3417000
2026-09-16T05:53:51.894Z,15745,95100000,151800000
2026-09-16T05:53:51.894Z,14106,38820000,46520000
2026-09-16T05:53:51.894Z,1197,2504,6990
2026-09-16T05:53:51.894Z,19415,33230000,34500000
2026-09-16T05:53:51.894Z,45905,504200,12100000
2026-09-16T05:53:51.894Z,2395,796.8,842.7
2026-09-16T05:53:51.894Z,60302,638700,3068000
2026-09-16T05:53:51.894Z,7665,36030,100000
2026-09-16T05:53:51.894Z,16683,25000,26740
2026-09-16T05:53:51.894Z,4302,64060000,70910000
2026-09-16T05:53:51.894Z,24471,48.04,60.09
2026-09-16T05:53:51.894Z,42733,2800,750000
2026-09-16T05:53:51.894Z,62391,40660,46780
2026-09-16T05:53:51.894Z,83338,10000,99990
2026-09-16T05:53:51.894Z,41218,26280000,27850000
2026-09-16T05:53:51.894Z,42829,318.4,364.6
2026-09-16T05:53:51.894Z,2272,3.14,3.48
2026-09-16T05:53:51.894Z,1226,240,849.8
2026-09-16T05:53:51.894Z,52772,500000,42620000
2026-09-16T05:53:51.894Z,55691,100,188500
2026-09-16T05:53:51.894Z,2195,1562000,1600000
2026-09-16T05:53:51.894Z,37880,150000,5000000
2026-09-16T05:53:51.894Z,6919,40000,55400
2026-09-16T05:53:51.894Z,45937,100000,2011000
2026-09-16T05:53:51.894Z,54295,23000,27970
2026-09-16T05:53:51.894Z,33525,184800000,204700000
2026-09-16T05:53:51.894Z,54446,10780000,473600000
2026-09-16T05:53:51.894Z,8113,15000,19500
2026-09-16T05:53:51.894Z,20064,91250000,128600000
2026-09-16T05:53:51.894Z,487,1580,28750
2026-09-16T05:53:51.894Z,94154,20070000,55940000
2026-09-16T05:53:51.894Z,77947,350000,804800
2026-09-16T05:53:51.894Z,52314,62000,70810
2026-09-16T05:53:51.894Z,42880,8000000,17970000
2026-09-16T05:53:51.894Z,54408,153100000,193900000
2026-09-16T05:53:51.894Z,92583,140000,405600
2026-09-16T05:53:51.894Z,92818,233.1,288
2026-09-16T05:53:51.894Z,27375,30000,45000
2026-09-16T05:53:51.894Z,33964,144900000,185500000
2026-09-16T05:53:51.894Z,45631,31850000,36320000
2026-09-16T05:53:51.894Z,31664,769000,2644000
2026-09-16T05:53:51.894Z,26108,18030,1388000
2026-09-16T05:53:51.894Z,88459,60010,7695000
2026-09-16T05:53:51.894Z,17682,32160,790500
2026-09-16T05:53:51.894Z,31185,2953000,3336000
2026-09-16T05:53:51.894Z,25277,31220,55150
2026-09-16T05:53:51.894Z,45850,1224000,9615000
2026-09-16T05:53:51.894Z,24593,7.17,1018
2026-09-16T05:53:51.894Z,30377,32100,35470
2026-09-16T05:53:51.894Z,7749,240000,160500
2026-09-16T05:53:51.894Z,62379,50530,55400
2026-09-16T05:53:51.894Z,53985,2419000,9710000
2026-09-16T05:53:51.894Z,1955,6189,47740
2026-09-16T05:53:51.894Z,61201,100100,273600
2026-09-16T05:53:51.894Z,41504,75750000,94000000
2026-09-16T05:53:51.894Z,598,192500,518700
2026-09-16T05:53:51.894Z,85490,2309000,13950000
2026-09-16T05:53:51.894Z,10250,620700,753000
2026-09-16T05:53:51.894Z,11295,122500,194400
2026-09-16T05:53:51.894Z,23151,1626,94800
2026-09-16T05:53:51.894Z,25598,2774,2777
2026-09-16T05:53:51.894Z,22778,77020,88390
2026-09-16T05:53:51.894Z,31197,201800,14300000
2026-09-16T05:53:51.894Z,3256,4790000,6431000
2026-09-16T05:53:51.894Z,18762,112000,725900
2026-09-16T05:53:51.894Z,25918,4012000,6129000
2026-09-16T05:53:51.894Z,10690,3880,4881
2026-09-16T05:53:51.894Z,16415,50000,77000
2026-09-16T05:53:51.894Z,9646,21120,25100
2026-09-16T05:53:51.894Z,19812,1,2583
2026-09-16T05:53:51.894Z,31594,20550000,23120000
2026-09-16T05:53:51.894Z,452,5121,33500
2026-09-16T05:53:51.894Z,20767,73190,145000
2026-09-16T05:53:51.894Z,91954,20410000,49600000
2026-09-16T05:53:51.894Z,33283,67170000,474600000
2026-09-16T05:53:51.894Z,57484,4509000,7014000
2026-09-16T05:53:51.894Z,40717,55130000,114500000
2026-09-16T05:53:51.894Z,47894,1611000,1770000
2026-09-16T05:53:51.894Z,31800,130400,278600
2026-09-16T05:53:51.894Z,83312,20000,199500
2026-09-16T05:53:51.894Z,91516,5332000000,7000000000
2026-09-16T05:53:51.894Z,13260,14320000,16870000
2026-09-16T05:53:51.894Z,61215,100500,1199000
2026-09-16T05:53:51.894Z,37288,62290000,108800000
2026-09-16T05:53:51.894Z,3616,28650000,39000000
2026-09-16T05:53:51.894Z,31418,50070,128100
2026-09-16T05:53:51.894Z,28324,803,1035
2026-09-16T05:53:51.894Z,92587,80000,249500
2026-09-16T05:53:51.894Z,55646,500,5000
2026-09-16T05:53:51.894Z,41305,0.04,86.95
2026-09-16T05:53:51.894Z,18635,135400,154500
2026-09-16T05:53:51.894Z,85139,1000,494000
2026-09-16T05:53:51.894Z,32045,2402000,3969000
2026-09-16T05:53:51.894Z,14160,32540000,41950000
2026-09-16T05:53:51.894Z,37307,181200000,217800000
2026-09-16T05:53:51.894Z,31742,73010,140000
2026-09-16T05:53:51.894Z,82078,70550000,144900000
2026-09-16T05:53:51.894Z,30422,50,189900000
2026-09-16T05:53:51.894Z,3127,552000000,629700000
2026-09-16T05:53:51.894Z,18833,607200,888900
2026-09-16T05:53:51.894Z,83315,40000,171300
2026-09-16T05:53:51.894Z,26060,100400,4789000
2026-09-16T05:53:51.894Z,42212,194600000,207900000
2026-09-16T05:53:51.894Z,88647,141100,12000000
2026-09-16T05:53:51.894Z,33981,8624000,10740000
2026-09-16T05:53:51.894Z,19976,50,532.2
2026-09-16T05:53:51.894Z,3442,581700,5000000
2026-09-16T05:53:51.894Z,31155,704000,1066000
2026-09-16T05:53:51.894Z,40554,7624000,20390000
2026-09-16T05:53:51.894Z,55556,1000,259900
2026-09-16T05:53:51.894Z,36912,21470000,24480000
2026-09-16T05:53:51.894Z,21039,10070000,10490000
2026-09-16T05:53:51.894Z,96330,13000000,22950000
2026-09-16T05:53:51.894Z,31516,150600,1529000
2026-09-16T05:53:51.894Z,33195,10850,13200
2026-09-16T05:53:51.894Z,7745,220300,220400
2026-09-16T05:53:51.894Z,91934,1509000,2888000
2026-09-16T05:53:51.894Z,40730,38080000,45000000
2026-09-16T05:53:51.894Z,15836,354500,3000000
2026-09-16T05:53:51.894Z,18887,51010000,107200000
2026-09-16T05:53:51.894Z,22120,21420000,36990000
2026-09-16T05:53:51.894Z,54558,31000000,169800000
2026-09-16T05:53:51.894Z,57467,340000,378700
2026-09-16T05:53:51.894Z,40635,51540000,206200000
2026-09-16T05:53:51.894Z,13864,405000,2400000
2026-09-16T05:53:51.894Z,22881,,2992000
2026-09-16T05:53:51.894Z,59407,900100,1899000
2026-09-16T05:53:51.894Z,46874,3052000,21990000
2026-09-16T05:53:51.894Z,33197,627100,861900
2026-09-16T05:53:51.894Z,13823,950100,2485000
2026-09-16T05:53:51.894Z,35795,9560,13420
2026-09-16T05:53:51.894Z,33706,8214,11600
2026-09-16T05:53:51.894Z,209,58,63.81
2026-09-16T05:53:51.894Z,55639,25.01,99990
2026-09-16T05:53:51.894Z,4078,240900000,646500000
2026-09-16T05:53:51.894Z,3094,84030000,96390000
2026-09-16T05:53:51.894Z,41506,98020000,113300000
2026-09-16T05:53:51.894Z,62384,81290,82810
2026-09-16T05:53:51.894Z,28701,91020,93190
2026-09-16T05:53:51.894Z,24692,154000000,163000000
2026-09-16T05:53:51.894Z,87768,225000,5000000
2026-09-16T05:53:51.894Z,19407,1115000,1150000
2026-09-16T05:53:51.894Z,28377,93440000,100900000
2026-09-16T05:53:51.894Z,20753,1.04,71.11
2026-09-16T05:53:51.894Z,23148,62020,170400
2026-09-16T05:53:51.894Z,31870,2111000,2298000
2026-09-16T05:53:51.894Z,34306,3910000,5312000
2026-09-16T05:53:51.894Z,82383,10000,988500
2026-09-16T05:53:51.894Z,7251,100.1,4788
2026-09-16T05:53:51.894Z,83348,100100,998100
2026-09-16T05:53:51.894Z,63779,5.02,99900
2026-09-16T05:53:51.894Z,2306,2.72,3.95
2026-09-16T05:53:51.894Z,23723,1120,39990
2026-09-16T05:53:51.894Z,85544,62060000,78800000
2026-09-16T05:53:51.894Z,55320,5169,840000
2026-09-16T05:53:51.894Z,21478,95180000,117900000
2026-09-16T05:53:51.894Z,33093,1300,45000
2026-09-16T05:53:51.894Z,33962,91040000,116300000
2026-09-16T05:53:51.894Z,45925,1166000,8175000
2026-09-16T05:53:51.894Z,11644,1356000,1594000
2026-09-16T05:53:51.894Z,33972,75100000,90990000
2026-09-16T05:53:51.894Z,14208,137200000,148200000
2026-09-16T05:53:51.894Z,94135,10000,69720
2026-09-16T05:53:51.894Z,12484,2000000,2678000
2026-09-16T05:53:51.894Z,20581,17320000,29110000
2026-09-16T05:53:51.894Z,33943,129200000,158200000
2026-09-16T05:53:51.894Z,24639,100200000,118400000
2026-09-16T05:53:51.894Z,4292,100600000,109100000
2026-09-16T05:53:51.894Z,12217,20500,268000
2026-09-16T05:53:51.894Z,27086,,699700
2026-09-16T05:53:51.894Z,60678,151000,3688000
2026-09-16T05:53:51.894Z,11442,9756000,12090000
2026-09-16T05:53:51.894Z,28332,909.1,1063
2026-09-16T05:53:51.894Z,19101,38030000,43300000
2026-09-16T05:53:51.894Z,22945,59910000,74370000
2026-09-16T05:53:51.894Z,14260,45940000,49610000
2026-09-16T05:53:51.894Z,43530,2501000,10000000
2026-09-16T05:53:51.894Z,22877,66420000,118600000
2026-09-16T05:53:51.894Z,85666,2736000,9999000
2026-09-16T05:53:51.894Z,21628,7400000,12000000
2026-09-16T05:53:51.894Z,28758,32550000,35900000
2026-09-16T05:53:51.894Z,19033,207800000,225000000
2026-09-16T05:53:51.894Z,55690,0.01,237700
2026-09-16T05:53:51.894Z,29003,119000,158700
2026-09-16T05:53:51.894Z,57471,22700000,23300000
2026-09-16T05:53:51.894Z,88147,181500000,207500000
2026-09-16T05:53:51.894Z,58966,1202000,1449000
2026-09-16T05:53:51.894Z,60944,2206000,6623000
2026-09-16T05:53:51.894Z,20791,3201,9998
2026-09-16T05:53:51.894Z,27435,972.6,1084
2026-09-16T05:53:51.894Z,33822,5102,24490
2026-09-16T05:53:51.894Z,23953,960000000,1113000000
2026-09-16T05:53:51.894Z,90414,157400000,447400000
2026-09-16T05:53:51.894Z,42619,1602000,18400000
2026-09-16T05:53:51.894Z,20723,3.75,24.7
2026-09-16T05:53:51.894Z,62630,41770000,54990000
2026-09-16T05:53:51.894Z,26256,2137,64490
2026-09-16T05:53:51.894Z,28659,907500000,979000000
2026-09-16T05:53:51.894Z,77958,94000000,599900000
2026-09-16T05:53:51.894Z,27920,1298000,1667000
2026-09-16T05:53:51.894Z,77957,71000000,499900000
2026-09-16T05:53:51.894Z,55689,5105,2298000
2026-09-16T05:53:51.894Z,28439,239900,240000
2026-09-16T05:53:51.894Z,22907,2072000,4000000
2026-09-16T05:53:51.894Z,77962,190000000,679900000
2026-09-16T05:53:51.894Z,42620,120100000,2000000000
2026-09-16T05:53:51.894Z,29075,57120,656300
2026-09-16T05:53:51.894Z,77959,561000000,999000000
2026-09-16T05:53:51.894Z,41061,99580000,123800000
2026-09-16T05:53:51.894Z,56205,751900000,3866000000
2026-09-16T05:53:51.894Z,25279,24550,26000
2026-09-16T05:53:51.894Z,3195,555700000,634600000
2026-09-16T05:53:51.894Z,17202,101.6,7000
2026-09-16T05:53:51.894Z,17367,164200,266400
2026-09-16T05:53:51.894Z,40348,31730000,33970000
2026-09-16T05:53:51.894Z,20345,117300,136900
2026-09-16T05:53:51.894Z,3086,33240000,70000000
2026-09-16T05:53:51.894Z,77960,251000000,850000000
2026-09-16T05:53:51.894Z,12205,5001000,8413000
2026-09-16T05:53:51.894Z,23039,543.6,671
2026-09-16T05:53:51.894Z,55549,11000,98610
2026-09-16T05:53:51.894Z,32087,2711000,16490000
2026-09-16T05:53:51.894Z,12301,41010000,140400000
2026-09-16T05:53:51.894Z,26070,51680,1327000
2026-09-16T05:53:51.894Z,11740,1890,3696
2026-09-16T05:53:51.894Z,34792,5100000,34990000
2026-09-16T05:53:51.894Z,31083,262600,396500
2026-09-16T05:53:51.894Z,81020,8019000,11880000
2026-09-16T05:53:51.894Z,11249,494600,649000
2026-09-16T05:53:51.894Z,19327,601800000,664500000
2026-09-16T05:53:51.894Z,17244,325700,846700
2026-09-16T05:53:51.894Z,11725,26000,26960
2026-09-16T05:53:51.894Z,20423,87840,99650
2026-09-16T05:53:51.894Z,54365,275400000,498600000
2026-09-16T05:53:51.894Z,11449,9633000,14480000
2026-09-16T05:53:51.894Z,54841,23510000,39000000
2026-09-16T05:53:51.894Z,55341,1010,98610
2026-09-16T05:53:51.894Z,61949,15490000000,39980000000
2026-09-16T05:53:51.894Z,33281,30000000,49840000
2026-09-16T05:53:51.894Z,83304,21000,99960
2026-09-16T05:53:51.894Z,57446,973500,1047000
2026-09-16T05:53:51.894Z,21498,56000000,88430000
2026-09-16T05:53:51.894Z,91965,2606000,3181000
2026-09-16T05:53:51.894Z,31682,11120,319500
2026-09-16T05:53:51.894Z,41576,234200000,303300000
2026-09-16T05:53:51.894Z,27097,300000,829800
2026-09-16T05:53:51.894Z,26334,5909000,61540000
2026-09-16T05:53:51.894Z,3135,538800000,604700000
2026-09-16T05:53:51.894Z,17772,1285000,3000000
2026-09-16T05:53:51.894Z,36908,21320000,23490000
2026-09-16T05:53:51.894Z,33712,203300,406400
2026-09-16T05:53:51.894Z,590,241100,500000
2026-09-16T05:53:51.894Z,31792,27700000,30110000
2026-09-16T05:53:51.894Z,17235,7855,45000
2026-09-16T05:53:51.894Z,13256,15420000,16810000
2026-09-16T05:53:51.894Z,27073,90060,620000
2026-09-16T05:53:51.894Z,47835,21210000,29460000
2026-09-16T05:53:51.894Z,57485,1207000,6204000
2026-09-16T05:53:51.894Z,28288,17200000,18900000
2026-09-16T05:53:51.894Z,1810,11,14.87
2026-09-16T05:53:51.894Z,1963,14540,51450
2026-09-16T05:53:51.894Z,37458,9818000,13950000
2026-09-16T05:53:51.894Z,1202,1304,7173
2026-09-16T05:53:51.894Z,12551,136000,426500
2026-09-16T05:53:51.894Z,84169,380100,2997000
2026-09-16T05:53:51.894Z,14164,60890000,67600000
2026-09-16T05:53:51.894Z,91925,7113000,9786000
2026-09-16T05:53:51.894Z,29097,50060,1317000
2026-09-16T05:53:51.894Z,73869,1572000,11390000
2026-09-16T05:53:51.894Z,9899,7507000,8154000
2026-09-16T05:53:51.894Z,41038,153400000,166500000
2026-09-16T05:53:51.894Z,31380,237600000,264400000
2026-09-16T05:53:51.894Z,87797,600000,260000000
2026-09-16T05:53:51.894Z,47362,96340000,180000000
2026-09-16T05:53:51.894Z,41485,11140000,20980000
2026-09-16T05:53:51.894Z,1228,18.75,18.85
2026-09-16T05:53:51.894Z,47822,3433000,4293000
2026-09-16T05:53:51.894Z,83388,80010,1312000
2026-09-16T05:53:51.894Z,7005,34000,34010
2026-09-16T05:53:51.894Z,33362,11270,11640
2026-09-16T05:53:51.894Z,21733,3600000,4450000
2026-09-16T05:53:51.894Z,10217,90600000,96800000
2026-09-16T05:53:51.894Z,566,46520,87940
2026-09-16T05:53:51.894Z,40758,86880000,111700000
2026-09-16T05:53:51.894Z,19251,19260000,51950000
2026-09-16T05:53:51.894Z,37298,201200000,213300000
2026-09-16T05:53:51.894Z,29613,47500000,170000000
2026-09-16T05:53:51.894Z,85537,347000000,671300000
2026-09-16T05:53:51.894Z,26294,74300000,82630000
2026-09-16T05:53:51.894Z,17832,6032000,8999000
2026-09-16T05:53:51.894Z,55669,10000,449900
2026-09-16T05:53:51.894Z,7621,25050,178800
2026-09-16T05:53:51.894Z,16672,82.74,89.9
2026-09-16T05:53:51.894Z,13982,11910000,16910000
2026-09-16T05:53:51.894Z,31754,34610,66330
2026-09-16T05:53:51.894Z,60227,621600,1998000
2026-09-16T05:53:51.894Z,11453,11340000,19960000
2026-09-16T05:53:51.894Z,27383,121,245.5
2026-09-16T05:53:51.894Z,82475,20030,2867000
2026-09-16T05:53:51.894Z,20703,77620000,89850000
2026-09-16T05:53:51.894Z,87800,226100,19950000
2026-09-16T05:53:51.894Z,29618,6790,12980
2026-09-16T05:53:51.894Z,72872,120100000,133900000
2026-09-16T05:53:51.894Z,54402,288400000,340000000
2026-09-16T05:53:51.894Z,23057,4866000,5727000
2026-09-16T05:53:51.894Z,34260,175500,798300
2026-09-16T05:53:51.894Z,14254,108300000,115000000
2026-09-16T05:53:51.894Z,37843,9237,15100
2026-09-16T05:53:51.894Z,9453,12650,66780
2026-09-16T05:53:51.894Z,243,1222,1223
2026-09-16T05:53:51.894Z,2267,2.22,2.6
2026-09-16T05:53:51.894Z,41251,80610000,93600000
2026-09-16T05:53:51.894Z,4260,805000,1228000
2026-09-16T05:53:51.894Z,24515,321.4,364.9
2026-09-16T05:53:51.894Z,22905,1600000,2100000
2026-09-16T05:53:51.894Z,30497,4584,4585
2026-09-16T05:53:51.894Z,18815,2790000,2819000
2026-09-16T05:53:51.894Z,85089,164000,173400
2026-09-16T05:53:51.894Z,43700,2151000,2497000
2026-09-16T05:53:51.894Z,78688,3878000000,5910000000
2026-09-16T05:53:51.894Z,92555,53670000,150000000
2026-09-16T05:53:51.894Z,94063,279100000,319500000
2026-09-16T05:53:51.894Z,2182,5807,11940
2026-09-16T05:53:51.894Z,85402,4060,7271
2026-09-16T05:53:51.894Z,31784,156000,1400000
2026-09-16T05:53:51.894Z,56285,300,889400
2026-09-16T05:53:51.894Z,81012,349900000,689900000
2026-09-16T05:53:51.894Z,22111,39150000,44870000
2026-09-16T05:53:51.894Z,60313,3081000,3354000
2026-09-16T05:53:51.894Z,28438,168300,174500
2026-09-16T05:53:51.894Z,13244,15410000,17020000
2026-09-16T05:53:51.894Z,22875,99400000,187100000
2026-09-16T05:53:51.894Z,46990,2501000,10820000
2026-09-16T05:53:51.894Z,3359,1582,90000
2026-09-16T05:53:51.894Z,32919,3115000000,3795000000
2026-09-16T05:53:51.894Z,2268,2.42,2.79
2026-09-16T05:53:51.894Z,57078,110000,900000
2026-09-16T05:53:51.894Z,21220,700000,999700
2026-09-16T05:53:51.894Z,26028,2644000,6291000
2026-09-16T05:53:51.894Z,78622,64970000,76780000
2026-09-16T05:53:51.894Z,25948,3860000,4181000
2026-09-16T05:53:51.894Z,82185,52280000,149900000
2026-09-16T05:53:51.894Z,46002,2840000,2948000
2026-09-16T05:53:51.894Z,82174,4220000,7000000
2026-09-16T05:53:51.894Z,11259,120000,6528000
2026-09-16T05:53:51.894Z,55688,62260,247000
2026-09-16T05:53:51.894Z,20881,102800,1626000
2026-09-16T05:53:51.894Z,62011,25000,489000
2026-09-16T05:53:51.894Z,27377,1565,1687
2026-09-16T05:53:51.894Z,57473,13540000,14560000
2026-09-16T05:53:51.894Z,19990,13.1,447.4
2026-09-16T05:53:51.894Z,26416,51160000,69910000
2026-09-16T05:53:51.894Z,55670,1000,99440
2026-09-16T05:53:51.894Z,33824,628000,747500
2026-09-16T05:53:51.894Z,19031,64340000,72740000
2026-09-16T05:53:51.894Z,2301,1250000,1380000
2026-09-16T05:53:51.894Z,21484,38560000,68640000
2026-09-16T05:53:51.894Z,14202,7253000,13200000
2026-09-16T05:53:51.894Z,3554,1595,1889
2026-09-16T05:53:51.894Z,33446,53110000,83890000
2026-09-16T05:53:51.894Z,7623,11990,30000
2026-09-16T05:53:51.894Z,22931,30540000,58270000
2026-09-16T05:53:51.894Z,82066,22570000,59250000
2026-09-16T05:53:51.894Z,31362,85210000,98460000
2026-09-16T05:53:51.894Z,40733,21360000,122600000
2026-09-16T05:53:51.894Z,92952,22220,23000
2026-09-16T05:53:51.894Z,45908,1003000,7778000
2026-09-16T05:53:51.894Z,3247,1502000,5584000
2026-09-16T05:53:51.894Z,32057,212,99980
2026-09-16T05:53:51.894Z,31286,36000,48890
2026-09-16T05:53:51.894Z,20024,2528,60000
2026-09-16T05:53:51.894Z,43878,600800000,850000000
2026-09-16T05:53:51.894Z,55695,500,399500
2026-09-16T05:53:51.894Z,55681,1071,77800
2026-09-16T05:53:51.894Z,43833,32000000,59950000
2026-09-16T05:53:51.894Z,14528,3700000000,4798000000
2026-09-16T05:53:51.894Z,33710,1560000,2442000
2026-09-16T05:53:51.894Z,29009,10040,14360
2026-09-16T05:53:51.894Z,29065,103100,496400
2026-09-16T05:53:51.894Z,93909,92800000,197600000
2026-09-16T05:53:51.894Z,47321,11000000,490000000
2026-09-16T05:53:51.894Z,4347,1238000000,1349000000
2026-09-16T05:53:51.894Z,45617,34000000,36080000
2026-09-16T05:53:51.894Z,617,4085000000,4499000000
2026-09-16T05:53:51.894Z,92990,820000,95890000
2026-09-16T05:53:51.894Z,6527,557.4,999.9
2026-09-16T05:53:51.894Z,44220,25800000,186800000
2026-09-16T05:53:51.894Z,28209,1363000,1747000
2026-09-16T05:53:51.894Z,21586,770300,1556000
2026-09-16T05:53:51.894Z,56065,3250,8400
2026-09-16T05:53:51.894Z,13966,1012000,2179000
2026-09-16T05:53:51.894Z,31274,52070,244100
2026-09-16T05:53:51.894Z,32047,15930000,18800000
2026-09-16T05:53:51.894Z,29992,401800,491600
2026-09-16T05:53:51.894Z,33287,321100000,349500000
2026-09-16T05:53:51.894Z,21740,4741,5998
2026-09-16T05:53:51.894Z,91945,14840000,19020000
2026-09-16T05:53:51.894Z,3993,561000,995200
2026-09-16T05:53:51.894Z,31322,127800,248600
2026-09-16T05:53:51.894Z,52582,60000000,588600000
2026-09-16T05:53:51.894Z,33223,500100,4900000
2026-09-16T05:53:51.894Z,26432,2548000,14750000
2026-09-16T05:53:51.894Z,17715,191500000,204200000
2026-09-16T05:53:51.894Z,62590,10850000,11580000
2026-09-16T05:53:51.894Z,75287,4100,4389
2026-09-16T05:53:51.894Z,27118,111700000,119300000
2026-09-16T05:53:51.894Z,53896,83620000,119900000
2026-09-16T05:53:51.894Z,14880,1020000,250000000
2026-09-16T05:53:51.894Z,90412,1503000,21610000
2026-09-16T05:53:51.894Z,90411,56110000,71130000
2026-09-16T05:53:51.894Z,509,9678000,18470000
2026-09-16T05:53:51.894Z,25912,269100,5939000
2026-09-16T05:53:51.894Z,28654,3814000,5686000
2026-09-16T05:53:51.894Z,46356,894700,969900
2026-09-16T05:53:51.894Z,32031,11240000,15200000
2026-09-16T05:53:51.894Z,44995,381000000,415300000
2026-09-16T05:53:51.894Z,85846,4022000,5962000
2026-09-16T05:53:51.894Z,11433,1624000,4990000
2026-09-16T05:53:51.894Z,34347,29970000,48090000
2026-09-16T05:53:51.894Z,41272,4707,10880
2026-09-16T05:53:51.894Z,33790,36660000,64100000
2026-09-16T05:53:51.894Z,32438,3000,7871
2026-09-16T05:53:51.894Z,14427,1001000000,3142000000
2026-09-16T05:53:51.894Z,41206,7986000,7986000000
2026-09-16T05:53:51.894Z,641,147100000,156200000
2026-09-16T05:53:51.894Z,19213,96100,192000
2026-09-16T05:53:51.894Z,23047,954,2998
2026-09-16T05:53:51.894Z,12269,35750,514900
2026-09-16T05:53:51.894Z,46751,4807000,148000000
2026-09-16T05:53:51.894Z,40356,44060000,48490000
2026-09-16T05:53:51.894Z,95416,240000,2499000
2026-09-16T05:53:51.894Z,239,1130,1594
2026-09-16T05:53:51.894Z,16443,10010,44000
2026-09-16T05:53:51.894Z,45483,4000000,18760000
2026-09-16T05:53:51.894Z,30839,608400,609100
2026-09-16T05:53:51.894Z,34363,6000000,54220000
2026-09-16T05:53:51.894Z,11555,28000,31660
2026-09-16T05:53:51.894Z,83470,2206000,2385000
2026-09-16T05:53:51.894Z,54403,296300000,448700000
2026-09-16T05:53:51.894Z,27417,351.5,667
2026-09-16T05:53:51.894Z,19550,107100000,119000000
2026-09-16T05:53:51.894Z,31306,11730000,15390000
2026-09-16T05:53:51.894Z,82303,294.2,387
2026-09-16T05:53:51.894Z,14078,52120,248500
2026-09-16T05:53:51.894Z,28684,901800,1370000
2026-09-16T05:53:51.894Z,62572,9903,10840
2026-09-16T05:53:51.894Z,91920,1452000,3850000
2026-09-16T05:53:51.894Z,33201,915500,976700
2026-09-16T05:53:51.894Z,54776,10290,16650
2026-09-16T05:53:51.894Z,47920,252300,8713000
2026-09-16T05:53:51.894Z,15747,15980000,23150000
2026-09-16T05:53:51.894Z,13970,2785000,4495000
2026-09-16T05:53:51.894Z,3122,2454000,3221000
2026-09-16T05:53:51.894Z,89241,25390,99000
2026-09-16T05:53:51.894Z,17404,151000,2200000
2026-09-16T05:53:51.894Z,47816,434800,713800
2026-09-16T05:53:51.894Z,26330,23240000,44930000
2026-09-16T05:53:51.894Z,20765,5187,23840
2026-09-16T05:53:51.894Z,33818,221200000,227900000
2026-09-16T05:53:51.894Z,24640,111500000,119300000
2026-09-16T05:53:51.894Z,7253,15500,108000
2026-09-16T05:53:51.894Z,23416,175600000,199500000
2026-09-16T05:53:51.894Z,26254,2100,50000
2026-09-16T05:53:51.894Z,14874,1019000,249500000
2026-09-16T05:53:51.894Z,33298,33670000,378000000
2026-09-16T05:53:51.894Z,3766,226900,324200
2026-09-16T05:53:51.894Z,47309,4206000,68500000
2026-09-16T05:53:51.894Z,207,61.02,79.99
2026-09-16T05:53:51.894Z,2310,1.65,1.98
2026-09-16T05:53:51.894Z,20,501.3,549.4
2026-09-16T05:53:51.894Z,27124,97060000,120500000
2026-09-16T05:53:51.894Z,23139,888000,1500000
2026-09-16T05:53:51.894Z,10836,25180,38500
2026-09-16T05:53:51.894Z,52919,259100000,324900000
2026-09-16T05:53:51.894Z,90643,40000,749900
2026-09-16T05:53:51.894Z,55666,1001,1941000
2026-09-16T05:53:51.894Z,522,15040000,25990000
2026-09-16T05:53:51.894Z,18580,89330000,134000000
2026-09-16T05:53:51.894Z,24558,15300000,17040000
2026-09-16T05:53:51.894Z,31131,78350,1728000
2026-09-16T05:53:51.894Z,19700,75650000,99000000
2026-09-16T05:53:51.894Z,64196,67920000,317200000
2026-09-16T05:53:51.894Z,58891,155000,1919000
2026-09-16T05:53:51.894Z,41062,106100000,127200000
2026-09-16T05:53:51.894Z,92514,265500000,286600000
2026-09-16T05:53:51.894Z,56281,1345,393700
2026-09-16T05:53:51.894Z,56735,32130000,256000000
2026-09-16T05:53:51.894Z,63114,15270000,99330000
2026-09-16T05:53:51.894Z,21406,288.6,743
2026-09-16T05:53:51.894Z,21721,3370000,4226000
2026-09-16T05:53:51.894Z,84174,100000,127600
2026-09-16T05:53:51.894Z,3159,531300000,847500000
2026-09-16T05:53:51.894Z,47735,721600,793000
2026-09-16T05:53:51.894Z,4471,9308,9909
2026-09-16T05:53:51.894Z,43818,31050000,86870000
2026-09-16T05:53:51.894Z,58865,1173,3945000
2026-09-16T05:53:51.894Z,42778,500000,5293000
2026-09-16T05:53:51.894Z,83375,10000,1392000
2026-09-16T05:53:51.894Z,1351,916800,2639000
2026-09-16T05:53:51.894Z,54292,20170,29800
2026-09-16T05:53:51.894Z,31540,,1996000
2026-09-16T05:53:51.894Z,31360,3436000,3566000
2026-09-16T05:53:51.894Z,55686,5003,177700
2026-09-16T05:53:51.894Z,12257,37010,199500
2026-09-16T05:53:51.894Z,62020,75000,19950000
2026-09-16T05:53:51.894Z,47649,610000,3979000
2026-09-16T05:53:51.894Z,76153,1019000,31000000
2026-09-16T05:53:51.894Z,31674,981800,1615000
2026-09-16T05:53:51.894Z,25563,988100,1449000
2026-09-16T05:53:51.894Z,29007,1206,20230
2026-09-16T05:53:51.894Z,4569,17500,17510
2026-09-16T05:53:51.894Z,7289,3000,3001
2026-09-16T05:53:51.894Z,52231,33000000,75390000
2026-09-16T05:53:51.894Z,83357,20010,896900
2026-09-16T05:53:51.894Z,85653,37560000,44330000
2026-09-16T05:53:51.894Z,14057,60000,110000
2026-09-16T05:53:51.894Z,47502,501000,9500000
2026-09-16T05:53:51.894Z,486,6050,37240
2026-09-16T05:53:51.894Z,95414,701100000,810100000
2026-09-16T05:53:51.894Z,53167,600000,6996000
2026-09-16T05:53:51.894Z,55527,1000,2100000
2026-09-16T05:53:51.894Z,6811,200800,980000
2026-09-16T05:53:51.894Z,8025,643.2,9996
2026-09-16T05:53:51.894Z,266,4,5
2026-09-16T05:53:51.894Z,16321,3500,9900
2026-09-16T05:53:51.894Z,6717,5000,10010
2026-09-16T05:53:51.894Z,19299,65110000,115000000
2026-09-16T05:53:51.894Z,58882,5100000,20960000
2026-09-16T05:53:51.894Z,54752,613700000,1085000000
2026-09-16T05:53:51.894Z,20047,5.02,54.99
2026-09-16T05:53:51.894Z,20280,73830000,84350000
2026-09-16T05:53:51.894Z,33681,196700000,214700000
2026-09-16T05:53:51.894Z,28850,6105000000,6481000000
2026-09-16T05:53:51.894Z,31448,960000,999600
2026-09-16T05:53:51.894Z,35886,114100000,176800000
2026-09-16T05:53:51.894Z,569,47660,237900
2026-09-16T05:53:51.894Z,59179,46040,1195000
2026-09-16T05:53:51.894Z,28440,616700,744700
2026-09-16T05:53:51.894Z,21857,172.2,4000
2026-09-16T05:53:51.894Z,41519,1500,9031
2026-09-16T05:53:51.894Z,44940,5136000,24920000
2026-09-16T05:53:51.894Z,84741,232100000,617700000
2026-09-16T05:53:51.894Z,82374,40000,95820
2026-09-16T05:53:51.894Z,88720,370100000,441400000
2026-09-16T05:53:51.894Z,90615,166700,6659000
2026-09-16T05:53:51.894Z,4401,6229000,10220000
2026-09-16T05:53:51.894Z,23147,11000,62500
2026-09-16T05:53:51.894Z,47823,405000,988600
2026-09-16T05:53:51.894Z,37815,149700000,349600000
2026-09-16T05:53:51.894Z,3368,10000,55000
2026-09-16T05:53:51.894Z,91987,240000,1032000
2026-09-16T05:53:51.894Z,17266,2321000,2979000
2026-09-16T05:53:51.894Z,63857,1033,5000000
2026-09-16T05:53:51.894Z,3477,72370000,97760000
2026-09-16T05:53:51.894Z,12203,4698000,9997000
2026-09-16T05:53:51.894Z,58863,100000,14170000
2026-09-16T05:53:51.894Z,3576,34380,127800
2026-09-16T05:53:51.894Z,47700,84390000,107000000
2026-09-16T05:53:51.894Z,47737,683700,699600
2026-09-16T05:53:51.894Z,62382,79470,84460
2026-09-16T05:53:51.894Z,27652,6000000,44290000
2026-09-16T05:53:51.894Z,2921,1073000,2329000
2026-09-16T05:53:51.894Z,94034,38520000,46970000
2026-09-16T05:53:51.894Z,62381,95560,104500
2026-09-16T05:53:51.894Z,37452,55450000,62660000
2026-09-16T05:53:51.894Z,47772,1576000,1898000
2026-09-16T05:53:51.894Z,30187,18070000,22790000
2026-09-16T05:53:51.894Z,33021,300100,68950000
2026-09-16T05:53:51.894Z,32043,780300,1264000
2026-09-16T05:53:51.894Z,95458,28600000,259400000
2026-09-16T05:53:51.894Z,55664,143300,1050000
2026-09-16T05:53:51.894Z,95647,109100,1190000
2026-09-16T05:53:51.894Z,20639,4625000,5931000
2026-09-16T05:53:51.894Z,27119,256000,733900
2026-09-16T05:53:51.894Z,47008,2007000,14970000
2026-09-16T05:53:51.894Z,84172,160000,1136000
2026-09-16T05:53:51.894Z,28737,39110000,63000000
2026-09-16T05:53:51.894Z,55538,50020,77500
2026-09-16T05:53:51.894Z,56210,71710000,179900000
2026-09-16T05:53:51.894Z,16247,67890000,89740000
2026-09-16T05:53:51.894Z,34776,100,3500000
2026-09-16T05:53:51.894Z,75276,18.02,24.8
2026-09-16T05:53:51.894Z,42214,533600000,610600000
2026-09-16T05:53:51.894Z,31750,70000,62290000
2026-09-16T05:53:51.894Z,55634,100,98610
2026-09-16T05:53:51.894Z,31598,185200,228100
2026-09-16T05:53:51.894Z,3470,503600000,631600000
2026-09-16T05:53:51.894Z,25242,85000,94900
2026-09-16T05:53:51.894Z,12238,20000000,98550000
2026-09-16T05:53:51.894Z,85149,48290000,69920000
2026-09-16T05:53:51.894Z,52922,564700000,816600000
2026-09-16T05:53:51.894Z,42548,41010000,499900000
2026-09-16T05:53:51.894Z,28367,146100,430000
2026-09-16T05:53:51.894Z,26030,5250000,7814000
2026-09-16T05:53:51.894Z,3292,63280000,111500000
2026-09-16T05:53:51.894Z,33155,116200000,132500000
2026-09-16T05:53:51.894Z,45557,2000000,4980000
2026-09-16T05:53:51.894Z,3291,1198000,7464000
2026-09-16T05:53:51.894Z,19419,74360000,76370000
2026-09-16T05:53:51.894Z,18969,59780000,74600000
2026-09-16T05:53:51.894Z,37218,110300000,112900000
2026-09-16T05:53:51.894Z,583,362200,399900
2026-09-16T05:53:51.894Z,18700,70640000,130000000
2026-09-16T05:53:51.894Z,73840,300000,1098000
2026-09-16T05:53:51.894Z,47762,9468,15000
2026-09-16T05:53:51.894Z,23829,18610000,26900000
2026-09-16T05:53:51.894Z,48747,132800000,147500000
2026-09-16T05:53:51.894Z,33407,33130000,38000000
2026-09-16T05:53:51.894Z,15331,951.8,958
2026-09-16T05:53:51.894Z,45961,100000,1816000
2026-09-16T05:53:51.894Z,55685,0.01,98610
2026-09-16T05:53:51.894Z,94158,500100,2383000
2026-09-16T05:53:51.894Z,54404,64360000,85720000
2026-09-16T05:53:51.894Z,17368,2029000,2588000
2026-09-16T05:53:51.894Z,47767,1502000,2292000
2026-09-16T05:53:51.894Z,19692,102600000,129000000
2026-09-16T05:53:51.894Z,27099,500100,730100
2026-09-16T05:53:51.894Z,11289,3602,7100
2026-09-16T05:53:51.894Z,24638,113900000,119700000
2026-09-16T05:53:51.894Z,31620,,325900
2026-09-16T05:53:51.894Z,31268,553800,1837000
2026-09-16T05:53:51.894Z,11466,56.12,947
2026-09-16T05:53:51.894Z,34180,333000,1495000
2026-09-16T05:53:51.894Z,27936,3100000,11750000
2026-09-16T05:53:51.894Z,3393,3012,38000
2026-09-16T05:53:51.894Z,28788,100400000,117100000
2026-09-16T05:53:51.894Z,19103,46930000,66990000
2026-09-16T05:53:51.894Z,3224,526100000,617200000
2026-09-16T05:53:51.894Z,23418,64290000,77930000
2026-09-16T05:53:51.894Z,23136,215800,479000
2026-09-16T05:53:51.894Z,60284,576800,839000
2026-09-16T05:53:51.894Z,82054,11630000,24900000
2026-09-16T05:53:51.894Z,85777,140000,252000
2026-09-16T05:53:51.894Z,57735,801000,6699000
2026-09-16T05:53:51.894Z,33052,141100,2000000
2026-09-16T05:53:51.894Z,35680,800000,1559000
2026-09-16T05:53:51.894Z,18807,4011000,18500000
2026-09-16T05:53:51.894Z,62628,33960000,37950000
2026-09-16T05:53:51.894Z,15316,400.1,180100
2026-09-16T05:53:51.894Z,3231,2030000,6629000
2026-09-16T05:53:51.894Z,42754,260000,2600000
2026-09-16T05:53:51.894Z,1977,4530,18770
2026-09-16T05:53:51.894Z,31568,2608000,3371000
2026-09-16T05:53:51.894Z,31406,301300,399000
2026-09-16T05:53:51.894Z,26396,33640000,77520000
2026-09-16T05:53:51.894Z,76485,7817000,11570000
2026-09-16T05:53:51.894Z,1227,100.1,130
2026-09-16T05:53:51.894Z,25544,28230000,34780000
2026-09-16T05:53:51.894Z,4216,100500000,1500000000
2026-09-16T05:53:51.894Z,43880,113100000,117000000
2026-09-16T05:53:51.894Z,40665,402900,40590000
2026-09-16T05:53:51.894Z,45628,30090000,35270000
2026-09-16T05:53:51.894Z,34817,801200000,1839000000
2026-09-16T05:53:51.894Z,85088,48000,51000
2026-09-16T05:53:51.894Z,19243,150000,399000
2026-09-16T05:53:51.894Z,28670,1508000,1990000
2026-09-16T05:53:51.894Z,16229,48580000,59270000
2026-09-16T05:53:51.894Z,53385,15000,395000
2026-09-16T05:53:51.894Z,40752,46570000,67480000
2026-09-16T05:53:51.894Z,17496,621400,1899000
2026-09-16T05:53:51.894Z,62545,700.3,989.9
2026-09-16T05:53:51.894Z,41516,25540000,69380000
2026-09-16T05:53:51.894Z,53210,7053000,23800000
2026-09-16T05:53:51.894Z,27085,300300,604100
2026-09-16T05:53:51.894Z,13279,255600,400000
2026-09-16T05:53:51.894Z,30547,1635000,5300000
2026-09-16T05:53:51.894Z,20579,5107000,10880000
2026-09-16T05:53:51.894Z,45957,187200,2000000
2026-09-16T05:53:51.894Z,92372,3.59,7.29
2026-09-16T05:53:51.894Z,28797,123100000,151800000
2026-09-16T05:53:51.894Z,24541,384.7,507.9
2026-09-16T05:53:51.894Z,21274,758200,1997000
2026-09-16T05:53:51.894Z,43848,40000000,132200000
2026-09-16T05:53:51.894Z,22963,151.8,303
2026-09-16T05:53:51.894Z,91021,205,1479000
2026-09-16T05:53:51.894Z,12068,2853000,3307000
2026-09-16T05:53:51.894Z,82074,5906000,42690000
2026-09-16T05:53:51.894Z,11548,102000,108900
2026-09-16T05:53:51.894Z,21278,11060000,15220000
2026-09-16T05:53:51.894Z,43783,71070000,129900000
2026-09-16T05:53:51.894Z,19271,2000000,5045000
2026-09-16T05:53:51.894Z,57489,18000000000,20280000000
2026-09-16T05:53:51.894Z,46875,3004000,17070000
2026-09-16T05:53:51.894Z,46496,2505000000,2997000000
2026-09-16T05:53:51.894Z,37170,2301000000,2997000000
2026-09-16T05:53:51.894Z,27240,115000,860000
2026-09-16T05:53:51.894Z,28804,330100000,394900000
2026-09-16T05:53:51.894Z,31668,15010,102900
2026-09-16T05:53:51.894Z,3443,100,28990
2026-09-16T05:53:51.894Z,64591,201000000,369900000
2026-09-16T05:53:51.894Z,46721,1292000000,7999000000
2026-09-16T05:53:51.894Z,31250,50400,99360
2026-09-16T05:53:51.894Z,4180,20160000,66390000
2026-09-16T05:53:51.894Z,3979,2157000,2491000
2026-09-16T05:53:51.894Z,85750,55890000,136000000
2026-09-16T05:53:51.894Z,15012,627100000,1803000000
2026-09-16T05:53:51.894Z,12826,152900,184400
2026-09-16T05:53:51.894Z,33895,262000,1792000
2026-09-16T05:53:51.894Z,28744,68690000,77520000
2026-09-16T05:53:51.894Z,1948,3170,120000
2026-09-16T05:53:51.894Z,91975,28670000,47970000
2026-09-16T05:53:51.894Z,33406,244500000,293800000
2026-09-16T05:53:51.894Z,55350,100200,2288000
2026-09-16T05:53:51.894Z,11484,450,516.5
2026-09-16T05:53:51.894Z,12549,6721,127400
2026-09-16T05:53:51.894Z,5299,9108,28980
2026-09-16T05:53:51.894Z,85533,1838000,7479000
2026-09-16T05:53:51.894Z,7535,8303,109300
2026-09-16T05:53:51.894Z,28302,193400,229500
2026-09-16T05:53:51.894Z,17690,381800,970700
2026-09-16T05:53:51.894Z,31622,1033000,1563000
2026-09-16T05:53:51.894Z,672,13330,13340
2026-09-16T05:53:51.894Z,46122,44100000,149000000
2026-09-16T05:53:51.894Z,14536,3303000000,4795000000
2026-09-16T05:53:51.894Z,21400,7.47,265.6
2026-09-16T05:53:51.894Z,47134,17010000,87990000
2026-09-16T05:53:51.894Z,76156,1000000,193000000
2026-09-16T05:53:51.894Z,93741,123000000,188900000
2026-09-16T05:53:51.894Z,15242,624800000,930900000
2026-09-16T05:53:51.894Z,62017,120000,1891000
2026-09-16T05:53:51.894Z,42162,28220000,249300000
2026-09-16T05:53:51.894Z,91932,2270000,2850000
2026-09-16T05:53:51.894Z,47908,770300,869900
2026-09-16T05:53:51.894Z,45822,150700,2199000
2026-09-16T05:53:51.894Z,57458,8320000,8834000
2026-09-16T05:53:51.894Z,3079,184600000,535300000
2026-09-16T05:53:51.894Z,15463,5008000,5345000
2026-09-16T05:53:51.894Z,15757,45280000,58400000
2026-09-16T05:53:51.894Z,19217,130000,4799000
2026-09-16T05:53:51.894Z,20063,,274800000
2026-09-16T05:53:51.894Z,91929,9175000,10600000
2026-09-16T05:53:51.894Z,47298,129100000,144900000
2026-09-16T05:53:51.894Z,56593,8340000,19990000
2026-09-16T05:53:51.894Z,46108,,517200000
2026-09-16T05:53:51.894Z,64597,191000000,409900000
2026-09-16T05:53:51.894Z,42797,442000,19850000
2026-09-16T05:53:51.894Z,91948,1652000,3549000
2026-09-16T05:53:51.894Z,42201,84830000,101100000
2026-09-16T05:53:51.894Z,650,1564000,1886000
2026-09-16T05:53:51.894Z,11553,34090,40970
2026-09-16T05:53:51.894Z,13233,14890000,17730000
2026-09-16T05:53:51.894Z,35928,1000000000,1292000000
2026-09-16T05:53:51.894Z,47125,5952000,36710000
2026-09-16T05:53:51.894Z,27193,637500,975000
2026-09-16T05:53:51.894Z,47683,5950000000,7617000000
2026-09-16T05:53:51.894Z,36729,200000,749200
2026-09-16T05:53:51.894Z,55532,1.01,49950
2026-09-16T05:53:51.894Z,15671,68660,719900
2026-09-16T05:53:51.894Z,14498,6500000000,15000000000
2026-09-16T05:53:51.894Z,52884,35040000,1134000000
2026-09-16T05:53:51.894Z,19555,413700000,608200000
2026-09-16T05:53:51.894Z,23169,52580,455800
2026-09-16T05:53:51.894Z,57064,701500,5999000
2026-09-16T05:53:51.894Z,92820,212.6,265.5
2026-09-16T05:53:51.894Z,22535,151600000,167100000
2026-09-16T05:53:51.894Z,46949,1245000,19970000
2026-09-16T05:53:51.894Z,57119,140200000,171000000
2026-09-16T05:53:51.894Z,31546,7502000,34550000
2026-09-16T05:53:51.894Z,41277,1352,9864
2026-09-16T05:53:51.894Z,13941,117600000,132700000
2026-09-16T05:53:51.894Z,47340,81710000,113900000
2026-09-16T05:53:51.894Z,26402,23380000,53570000
2026-09-16T05:53:51.894Z,25920,2515000,5239000
2026-09-16T05:53:51.894Z,27117,520600,746300
2026-09-16T05:53:51.894Z,23527,391100,778000
2026-09-16T05:53:51.894Z,85453,4620000,7993000
2026-09-16T05:53:51.894Z,41522,105.8,23790
2026-09-16T05:53:51.894Z,17658,600.1,1962
2026-09-16T05:53:51.894Z,53363,50000,889400
2026-09-16T05:53:51.894Z,59328,1241000000,1900000000
2026-09-16T05:53:51.894Z,3496,604200,892300
2026-09-16T05:53:51.894Z,54760,,199900000
2026-09-16T05:53:51.894Z,47375,235300000,499700000
2026-09-16T05:53:51.894Z,85529,259100,900000
2026-09-16T05:53:51.894Z,14268,148500000,170000000
2026-09-16T05:53:51.894Z,47805,499900,842100
2026-09-16T05:53:51.894Z,47476,165900,29890000
2026-09-16T05:53:51.894Z,25588,2814,2815
2026-09-16T05:53:51.894Z,12824,278100,324800
2026-09-16T05:53:51.894Z,54543,270000000,1000000000
2026-09-16T05:53:51.894Z,19556,1152000000,1211000000
2026-09-16T05:53:51.894Z,24513,400.2,435
2026-09-16T05:53:51.894Z,28748,112600000,138000000
2026-09-16T05:53:51.894Z,58879,50.04,8797000
2026-09-16T05:53:51.894Z,2547,507000,793300
2026-09-16T05:53:51.894Z,42796,200000,1600000
2026-09-16T05:53:51.894Z,88203,5243,110000000
2026-09-16T05:53:51.894Z,53374,1421000,148900000
2026-09-16T05:53:51.894Z,4153,20430000,57740000
2026-09-16T05:53:51.894Z,21561,2211000,18990000
2026-09-16T05:53:51.894Z,23506,19000,69920
2026-09-16T05:53:51.894Z,63865,120600,4495000
2026-09-16T05:53:51.894Z,43769,90000000,243000000
2026-09-16T05:53:51.894Z,45607,33950000,37110000
2026-09-16T05:53:51.894Z,83234,10000,300000
2026-09-16T05:53:51.894Z,54785,7890,9840
2026-09-16T05:53:51.894Z,15613,302100,350000
2026-09-16T05:53:51.894Z,34718,2567000,9000000
2026-09-16T05:53:51.894Z,43694,12610000,13990000
2026-09-16T05:53:51.894Z,83290,1000,1001
2026-09-16T05:53:51.894Z,23150,478100,794500
2026-09-16T05:53:51.894Z,45784,50270000,188700000
2026-09-16T05:53:51.894Z,46793,519100,13640000
2026-09-16T05:53:51.894Z,48225,4307000,156200000
2026-09-16T05:53:51.894Z,82301,227.4,341.5
2026-09-16T05:53:51.894Z,31438,,449700
2026-09-16T05:53:51.894Z,91941,3947000,15980000
2026-09-16T05:53:51.894Z,77399,147200000,212600000
2026-09-16T05:53:51.894Z,58768,30110,579900
2026-09-16T05:53:51.894Z,33091,10000,170000
2026-09-16T05:53:51.894Z,45627,26860000,35450000
2026-09-16T05:53:51.894Z,47311,12210000,107900000
2026-09-16T05:53:51.894Z,82479,10010,7885000
2026-09-16T05:53:51.894Z,43840,32580000,125000000
2026-09-16T05:53:51.894Z,43812,75160000,380000000
2026-09-16T05:53:51.894Z,61870,2159,8020000
2026-09-16T05:53:51.894Z,46988,45050000,59950000
2026-09-16T05:53:51.894Z,33055,140100,1500000
2026-09-16T05:53:51.894Z,40522,2211000,72100000
2026-09-16T05:53:51.894Z,18639,16980,27800
2026-09-16T05:53:51.894Z,45623,32560000,35460000
2026-09-16T05:53:51.894Z,17497,9384000,11180000
2026-09-16T05:53:51.894Z,82362,1110000,3349000
2026-09-16T05:53:51.894Z,4243,63870000,125000000
2026-09-16T05:53:51.894Z,88891,70300,9968000
2026-09-16T05:53:51.894Z,20637,78380000,85890000
2026-09-16T05:53:51.894Z,21023,12070000,14880000
2026-09-16T05:53:51.894Z,31191,10390,1280000
2026-09-16T05:53:51.894Z,49099,6829000,8554000
2026-09-16T05:53:51.894Z,7373,45000,45110
2026-09-16T05:53:51.894Z,42244,91970000,103300000
2026-09-16T05:53:51.894Z,1968,15160,51540
2026-09-16T05:53:51.894Z,62566,3304,5884
2026-09-16T05:53:51.894Z,23137,11420000,15470000
2026-09-16T05:53:51.894Z,12212,3540000,5899000
2026-09-16T05:53:51.894Z,8007,3244,22890
2026-09-16T05:53:51.894Z,27178,13430000,23720000
2026-09-16T05:53:51.894Z,42723,249500000,1499000000
2026-09-16T05:53:51.894Z,34181,3610000,10000000
2026-09-16T05:53:51.894Z,33046,230400,1499000
2026-09-16T05:53:51.894Z,15744,6047000,7898000
2026-09-16T05:53:51.894Z,46169,1,11000000
2026-09-16T05:53:51.894Z,46217,15000000,23000000
2026-09-16T05:53:51.894Z,31001,2672000,36850000
2026-09-16T05:53:51.894Z,45764,75000,2500000
2026-09-16T05:53:51.894Z,28272,9039000,12490000
2026-09-16T05:53:51.894Z,35921,24960000,38000000
2026-09-16T05:53:51.894Z,19687,112700000,118600000
2026-09-16T05:53:51.894Z,47258,21320000,26680000
2026-09-16T05:53:51.894Z,27095,501000,848000
2026-09-16T05:53:51.894Z,25916,1756000,8748000
2026-09-16T05:53:51.894Z,45808,2857000,109800000
2026-09-16T05:53:51.894Z,46943,2162000,13960000
2026-09-16T05:53:51.894Z,2486,7784,8997
2026-09-16T05:53:51.894Z,20502,36600000,49940000
2026-09-16T05:53:51.894Z,14514,11740000000,12990000000
2026-09-16T05:53:51.894Z,31678,58590000,87890000
2026-09-16T05:53:51.894Z,16241,3000000,8400000
2026-09-16T05:53:51.894Z,54750,770000000,832800000
2026-09-16T05:53:51.894Z,26892,3544000,4080000
2026-09-16T05:53:51.894Z,45928,4249000,55000000
2026-09-16T05:53:51.894Z,16690,151300,2848000
2026-09-16T05:53:51.894Z,91947,1922000,2850000
2026-09-16T05:53:51.894Z,60099,358200000,1098000000
2026-09-16T05:53:51.894Z,562,3505,20350
2026-09-16T05:53:51.894Z,48424,39230,268500
2026-09-16T05:53:51.894Z,45846,529400,8576000
2026-09-16T05:53:51.894Z,49433,10130000,17700000
2026-09-16T05:53:51.894Z,18885,9001000,39780000
2026-09-16T05:53:51.894Z,21035,11290000,13100000
2026-09-16T05:53:51.894Z,61204,252700,3472000
2026-09-16T05:53:51.894Z,57729,500000,2388000
2026-09-16T05:53:51.894Z,18724,21120,1300000
2026-09-16T05:53:51.894Z,60290,101000,3734000
2026-09-16T05:53:51.894Z,2104,845000,981300
2026-09-16T05:53:51.894Z,40598,3316000,22890000
2026-09-16T05:53:51.894Z,46637,281000000,304000000
2026-09-16T05:53:51.894Z,54759,11000000,37990000
2026-09-16T05:53:51.894Z,27180,8103,397000
2026-09-16T05:53:51.894Z,571,350400,974800
2026-09-16T05:53:51.894Z,31440,14660000,77390000
2026-09-16T05:53:51.894Z,55564,311,98610
2026-09-16T05:53:51.894Z,31584,81890000,301800000
2026-09-16T05:53:51.894Z,7493,8102,99600
2026-09-16T05:53:51.894Z,85939,980600,11560000
2026-09-16T05:53:51.894Z,9941,7463000,8284000
2026-09-16T05:53:51.894Z,55298,71280,200000
2026-09-16T05:53:51.894Z,32061,1001000,4585000
2026-09-16T05:53:51.894Z,41047,60050000,421800000
2026-09-16T05:53:51.894Z,15790,24350000,26450000
2026-09-16T05:53:51.894Z,3230,231700000,599900000
2026-09-16T05:53:51.894Z,35940,23540000,28460000
2026-09-16T05:53:51.894Z,91950,2566000,3000000
2026-09-16T05:53:51.894Z,33924,49260000,87000000
2026-09-16T05:53:51.894Z,24642,50040000,108700000
2026-09-16T05:53:51.894Z,28282,420400,522100
2026-09-16T05:53:51.894Z,21803,12130000,22900000
2026-09-16T05:53:51.894Z,21029,6348000,7096000
2026-09-16T05:53:51.894Z,42155,322000000,990000000
2026-09-16T05:53:51.894Z,95292,36000000,94990000
2026-09-16T05:53:51.894Z,3983,2027000,2492000
2026-09-16T05:53:51.894Z,85477,9367000,16700000
2026-09-16T05:53:51.894Z,86272,100000,8998000
2026-09-16T05:53:51.894Z,46426,164700000,3440000000
2026-09-16T05:53:51.894Z,31534,13530000,18600000
2026-09-16T05:53:51.894Z,23789,36040000,39990000
2026-09-16T05:53:51.894Z,33053,141100,4000000
2026-09-16T05:53:51.894Z,11535,17780,18160
2026-09-16T05:53:51.894Z,28735,40610000,62200000
2026-09-16T05:53:51.894Z,35947,28010000,32250000
2026-09-16T05:53:51.894Z,29081,317500,1370000
2026-09-16T05:53:51.894Z,14375,2647000,800000000
2026-09-16T05:53:51.894Z,27115,110500,993800
2026-09-16T05:53:51.894Z,46156,6022000,36900000
2026-09-16T05:53:51.894Z,23702,5000,59620
2026-09-16T05:53:51.894Z,3339,5133000,9311000
2026-09-16T05:53:51.894Z,43683,20810000,37900000
2026-09-16T05:53:51.894Z,47815,323200,990000
2026-09-16T05:53:51.894Z,45824,500000,1500000
2026-09-16T05:53:51.894Z,12559,63200,82150
2026-09-16T05:53:51.894Z,62575,30100,52980
2026-09-16T05:53:51.894Z,35922,38180000,42230000
2026-09-16T05:53:51.894Z,3234,65270000,94200000
2026-09-16T05:53:51.894Z,945,1551000,3799000
2026-09-16T05:53:51.894Z,41249,65650000,74210000
2026-09-16T05:53:51.894Z,78794,501000,6250000
2026-09-16T05:53:51.894Z,16688,2000000,3500000
2026-09-16T05:53:51.894Z,3440,3024,523100
2026-09-16T05:53:51.894Z,63055,65320000,146200000
2026-09-16T05:53:51.894Z,32935,506500000,800000000
2026-09-16T05:53:51.894Z,54754,2250000000,2945000000
2026-09-16T05:53:51.894Z,46879,158000,1500000
2026-09-16T05:53:51.894Z,18909,51280000,69200000
2026-09-16T05:53:51.894Z,27148,109800000,118900000
2026-09-16T05:53:51.894Z,87771,500000,1579000
2026-09-16T05:53:51.894Z,6761,219700,997000
2026-09-16T05:53:51.894Z,13886,401100,1375000
2026-09-16T05:53:51.894Z,523,6720,9000
2026-09-16T05:53:51.894Z,3439,82310,297000
2026-09-16T05:53:51.894Z,17453,148.3,148.5
2026-09-16T05:53:51.894Z,62624,33030000,38420000
2026-09-16T05:53:51.894Z,31073,958200,1755000
2026-09-16T05:53:51.894Z,57780,15000000,780000000
2026-09-16T05:53:51.894Z,3207,22290000,100500000
2026-09-16T05:53:51.894Z,42702,501000,2963000
2026-09-16T05:53:51.894Z,10840,241100,1140000
2026-09-16T05:53:51.894Z,63052,9419000,35760000
2026-09-16T05:53:51.894Z,27229,71000,999900
2026-09-16T05:53:51.894Z,55611,4000,200000
2026-09-16T05:53:51.894Z,43882,600700000,850000000
2026-09-16T05:53:51.894Z,91098,370500000,746900000
2026-09-16T05:53:51.894Z,13248,15300000,17070000
2026-09-16T05:53:51.894Z,17459,23.15,23.16
2026-09-16T05:53:51.894Z,42624,50190000,19820000000
2026-09-16T05:53:51.894Z,2961,4810000,5976000
2026-09-16T05:53:51.894Z,27333,547.5,623
2026-09-16T05:53:51.894Z,27327,546.8,619.9
2026-09-16T05:53:51.894Z,27465,2204,2531
2026-09-16T05:53:51.894Z,56365,832500,11500000
2026-09-16T05:53:51.894Z,27257,1224,386500
2026-09-16T05:53:51.894Z,31342,5248000,13430000
2026-09-16T05:53:51.894Z,33038,131100,2000000
2026-09-16T05:53:51.894Z,28844,6783000000,7336000000
2026-09-16T05:53:51.894Z,63772,1013,388900
2026-09-16T05:53:51.894Z,29041,103000,707200
2026-09-16T05:53:51.894Z,54328,1.11,400000
2026-09-16T05:53:51.894Z,25900,7863000,9795000
2026-09-16T05:53:51.894Z,57120,194300000,217000000
2026-09-16T05:53:51.894Z,11443,802100,11700000
2026-09-16T05:53:51.894Z,93841,117000000,150000000
2026-09-16T05:53:51.894Z,28164,3876000,4899000
2026-09-16T05:53:51.894Z,33079,4411000000,6700000000
2026-09-16T05:53:51.894Z,24657,,594000000
2026-09-16T05:53:51.894Z,62386,19120,21860
2026-09-16T05:53:51.894Z,14102,18460000,24100000
2026-09-16T05:53:51.894Z,31582,2247000,12840000
2026-09-16T05:53:51.894Z,27194,183200000,199000000
2026-09-16T05:53:51.894Z,62051,420000,1500000
2026-09-16T05:53:51.894Z,4172,43250000,123600000
2026-09-16T05:53:51.894Z,13830,6108000,12810000
2026-09-16T05:53:51.894Z,75908,201100000,324500000
2026-09-16T05:53:51.894Z,24613,10230000,21000000
2026-09-16T05:53:51.894Z,78367,102700000,108400000
2026-09-16T05:53:51.894Z,78792,300000,998000
2026-09-16T05:53:51.894Z,90734,16500000,20180000
2026-09-16T05:53:51.894Z,16664,6601,7243
2026-09-16T05:53:51.894Z,20138,81090,128000
2026-09-16T05:53:51.894Z,52631,20940000,599400000
2026-09-16T05:53:51.894Z,26066,0.01,3490000
2026-09-16T05:53:51.894Z,45632,32580000,36330000
2026-09-16T05:53:51.894Z,49743,60560,98410
2026-09-16T05:53:51.894Z,42763,580100,2699000
2026-09-16T05:53:51.894Z,91281,48110000,100000000
2026-09-16T05:53:51.894Z,27525,813.1,1389
2026-09-16T05:53:51.894Z,95409,83000000,385600000
2026-09-16T05:53:51.894Z,32033,8005,174800
2026-09-16T05:53:51.894Z,4223,28000000,100000000
2026-09-16T05:53:51.894Z,508,1290000,2693000
2026-09-16T05:53:51.894Z,24348,1833000,2031000
2026-09-16T05:53:51.894Z,33891,,1186000
2026-09-16T05:53:51.894Z,48585,100100,8000000
2026-09-16T05:53:51.894Z,50052,91410000,197800000
2026-09-16T05:53:51.894Z,33785,12710000,85530000
2026-09-16T05:53:51.894Z,56144,60020000,159000000
2026-09-16T05:53:51.894Z,12179,26030000,45990000
2026-09-16T05:53:51.894Z,34420,201000,880000
2026-09-16T05:53:51.894Z,31452,23000,43190000
2026-09-16T05:53:51.894Z,33775,17820000,64990000
2026-09-16T05:53:51.894Z,26382,3332000,6907000
2026-09-16T05:53:51.894Z,4170,14320000,233200000
2026-09-16T05:53:51.894Z,57389,57760000,576400000
2026-09-16T05:53:51.894Z,93742,68470000,86000000
2026-09-16T05:53:51.894Z,60647,100000,1940000
2026-09-16T05:53:51.894Z,91951,41310000,58800000
2026-09-16T05:53:51.894Z,91928,19130000,75000000
2026-09-16T05:53:51.894Z,52228,565900,1128000
2026-09-16T05:53:51.894Z,15837,26800000,145800000
2026-09-16T05:53:51.894Z,78783,307300,1000000
2026-09-16T05:53:51.894Z,23019,375.7,640.8
2026-09-16T05:53:51.894Z,47325,263800000,324800000
2026-09-16T05:53:51.894Z,34774,10000,4485000
2026-09-16T05:53:51.894Z,26062,,583400
2026-09-16T05:53:51.894Z,53892,296600000,373500000
2026-09-16T05:53:51.894Z,47870,70000,214700
2026-09-16T05:53:51.894Z,16269,0.01,699900
2026-09-16T05:53:51.894Z,3326,400100,4946000
2026-09-16T05:53:51.894Z,4244,860000000,1235000000
2026-09-16T05:53:51.894Z,57483,77030000,85660000
2026-09-16T05:53:51.894Z,84334,8054000,14990000
2026-09-16T05:53:51.894Z,46830,37000,9895000
2026-09-16T05:53:51.894Z,41302,1262,7810
2026-09-16T05:53:51.894Z,19113,31180000,42870000
2026-09-16T05:53:51.894Z,43755,9038000,49010000
2026-09-16T05:53:51.894Z,23051,903.9,2471
2026-09-16T05:53:51.894Z,16495,15840,22000
2026-09-16T05:53:51.894Z,46575,230100000,285400000
2026-09-16T05:53:51.894Z,3320,4111,86500
2026-09-16T05:53:51.894Z,41486,14550000,22000000
2026-09-16T05:53:51.894Z,19169,80400000,143100000
2026-09-16T05:53:51.894Z,27190,174000000,200100000
2026-09-16T05:53:51.894Z,34777,112,700000
2026-09-16T05:53:51.894Z,31802,1118000,1289000
2026-09-16T05:53:51.894Z,84422,3502000,17940000
2026-09-16T05:53:51.894Z,40771,1001000,20150000
2026-09-16T05:53:51.894Z,94064,439300000,619900000
2026-09-16T05:53:51.894Z,5745,2102,7890
2026-09-16T05:53:51.894Z,53357,82000,99980000
2026-09-16T05:53:51.894Z,15786,30770000,37890000
2026-09-16T05:53:51.894Z,16647,5067,5487
2026-09-16T05:53:51.894Z,81603,15000000,19970000
2026-09-16T05:53:51.894Z,41471,29930000,49000000
2026-09-16T05:53:51.894Z,27107,50130,694800
2026-09-16T05:53:51.894Z,37816,1001000,2547000
2026-09-16T05:53:51.894Z,57465,1030000,1206000
2026-09-16T05:53:51.894Z,78791,307800,1583000
2026-09-16T05:53:51.894Z,31284,22070000,324900000
2026-09-16T05:53:51.894Z,43850,3500000,29990000
2026-09-16T05:53:51.894Z,17861,2712,7940
2026-09-16T05:53:51.894Z,16631,150300,2000000
2026-09-16T05:53:51.894Z,27113,,740000
2026-09-16T05:53:51.894Z,27114,179500000,200900000
2026-09-16T05:53:51.894Z,3340,,1190000
2026-09-16T05:53:51.894Z,13218,13020000,17310000
2026-09-16T05:53:51.894Z,35434,2005,1200000
2026-09-16T05:53:51.894Z,33051,142500,2000000
2026-09-16T05:53:51.894Z,12211,1123000,2057000
2026-09-16T05:53:51.894Z,11083,123900,798900
2026-09-16T05:53:51.894Z,91946,31390000,133400000
2026-09-16T05:53:51.894Z,91923,1551000,19860000
2026-09-16T05:53:51.894Z,54433,30960000,55210000
2026-09-16T05:53:51.894Z,32035,1060000,1249000
2026-09-16T05:53:51.894Z,22993,815.2,1186
2026-09-16T05:53:51.894Z,81021,61330000,169000000
2026-09-16T05:53:51.894Z,33012,,781600
2026-09-16T05:53:51.894Z,55715,168700000,2596000000
2026-09-16T05:53:51.894Z,16595,14010000,16650000
2026-09-16T05:53:51.894Z,20207,1035000000,1372000000
2026-09-16T05:53:51.894Z,14796,14850000000,19050000000
2026-09-16T05:53:51.894Z,20342,45060000,54000000
2026-09-16T05:53:51.894Z,31189,,986900
2026-09-16T05:53:51.894Z,88787,870200,4799000
2026-09-16T05:53:51.894Z,45786,1167000,9283000
2026-09-16T05:53:51.894Z,9251,20000,79800
2026-09-16T05:53:51.894Z,21388,6.01,32
2026-09-16T05:53:51.894Z,27355,73520,109900
2026-09-16T05:53:51.894Z,33096,2171000,2900000
2026-09-16T05:53:51.894Z,33385,100000,15000000
2026-09-16T05:53:51.894Z,3334,1050000,8999000
2026-09-16T05:53:51.894Z,17648,1384,2429
2026-09-16T05:53:51.894Z,21726,113600,289000
2026-09-16T05:53:51.894Z,31209,5330,1962000
2026-09-16T05:53:51.894Z,59632,0.02,108600000
2026-09-16T05:53:51.894Z,84081,11150,3995000
2026-09-16T05:53:51.894Z,83355,60000,740900
2026-09-16T05:53:51.894Z,83258,1000,74140
2026-09-16T05:53:51.894Z,91916,1538000,2999000
2026-09-16T05:53:51.894Z,15939,137300000,156200000
2026-09-16T05:53:51.894Z,64598,,1099000000
2026-09-16T05:53:51.894Z,31676,4049000,10550000
2026-09-16T05:53:51.894Z,20865,263700,1082000
2026-09-16T05:53:51.894Z,17926,83400000,93940000
2026-09-16T05:53:51.894Z,90124,181000000,297900000
2026-09-16T05:53:51.894Z,14492,950000000,1904000000
2026-09-16T05:53:51.894Z,25868,5155000000,7910000000
2026-09-16T05:53:51.894Z,13959,52960000,60800000
2026-09-16T05:53:51.894Z,53386,28890,28970000
2026-09-16T05:53:51.894Z,56853,80480000,173500000
2026-09-16T05:53:51.894Z,23618,50310,100000
2026-09-16T05:53:51.894Z,87514,2109000,5998000
2026-09-16T05:53:51.894Z,19694,113600000,119500000
2026-09-16T05:53:51.894Z,85931,110700000,189500000
2026-09-16T05:53:51.894Z,91170,1541000000,7991000000
2026-09-16T05:53:51.894Z,55539,10000,199500
2026-09-16T05:53:51.894Z,91938,235500000,366800000
2026-09-16T05:53:51.894Z,55586,1000,98410
2026-09-16T05:53:51.894Z,27078,1,499900
2026-09-16T05:53:51.894Z,54742,96000000,120000000
2026-09-16T05:53:51.894Z,70838,200000000,400000000
2026-09-16T05:53:51.894Z,14222,37130000,54980000
2026-09-16T05:53:51.894Z,47778,26370,164000
2026-09-16T05:53:51.894Z,19690,68580000,99940000
2026-09-16T05:53:51.894Z,27120,109500,338000
2026-09-16T05:53:51.894Z,11532,28270,34520
2026-09-16T05:53:51.894Z,17771,506200,4000000
2026-09-16T05:53:51.894Z,14118,78300000,123300000
2026-09-16T05:53:51.894Z,42183,83960000,649000000
2026-09-16T05:53:51.894Z,25906,0.06,489700
2026-09-16T05:53:51.894Z,37156,75000000,424900000
2026-09-16T05:53:51.894Z,31081,102500000,447300000
2026-09-16T05:53:51.894Z,19145,96880000,118900000
2026-09-16T05:53:51.894Z,23950,50010000,69800000
2026-09-16T05:53:51.894Z,2360,57630,70980
2026-09-16T05:53:51.894Z,16243,4000000,9700000
2026-09-16T05:53:51.894Z,654,2355000,2786000
2026-09-16T05:53:51.894Z,82187,810000000,1104000000
2026-09-16T05:53:51.894Z,55696,500,197700
2026-09-16T05:53:51.894Z,15831,5000000,22900000
2026-09-16T05:53:51.894Z,55632,500,300100
2026-09-16T05:53:51.894Z,55568,,864000
2026-09-16T05:53:51.894Z,13259,15320000,16870000
2026-09-16T05:53:51.894Z,2575,1193000,1444000
2026-09-16T05:53:51.894Z,31288,58350,168300
2026-09-16T05:53:51.894Z,28731,17720000,22200000
2026-09-16T05:53:51.894Z,53958,1797000000,9728000000
2026-09-16T05:53:51.894Z,19261,9516000,17990000
2026-09-16T05:53:51.894Z,3136,5220000,7470000
2026-09-16T05:53:51.894Z,87786,1503000000,10990000000
2026-09-16T05:53:51.894Z,28807,989100000,1349000000
2026-09-16T05:53:51.894Z,91942,17810000,50000000
2026-09-16T05:53:51.894Z,82965,20000,700000
2026-09-16T05:53:51.894Z,16457,5002000,5414000
2026-09-16T05:53:51.894Z,12213,100300,754500
2026-09-16T05:53:51.894Z,87798,69100000,125000000
2026-09-16T05:53:51.894Z,60303,27770,298800
2026-09-16T05:53:51.894Z,27445,386,1352
2026-09-16T05:53:51.894Z,54828,25170000,31990000
2026-09-16T05:53:51.894Z,12441,12.01,100000
2026-09-16T05:53:51.894Z,5365,6718,12990
2026-09-16T05:53:51.894Z,43910,500000000,726300000
2026-09-16T05:53:51.894Z,53316,1448000000,4613000000
2026-09-16T05:53:51.894Z,12305,5026,140000
2026-09-16T05:53:51.894Z,76178,5045000,198800000
2026-09-16T05:53:51.894Z,91930,43120000,98890000
2026-09-16T05:53:51.894Z,9141,36200,48700
2026-09-16T05:53:51.894Z,18933,55110000,85090000
2026-09-16T05:53:51.894Z,54407,60700000,188900000
2026-09-16T05:53:51.894Z,33840,3248000000,3667000000
2026-09-16T05:53:51.894Z,55663,30000,3448000
2026-09-16T05:53:51.894Z,46284,817.8,1200
2026-09-16T05:53:51.894Z,92391,23510,49990
2026-09-16T05:53:51.894Z,33054,412000,2000000
2026-09-16T05:53:51.894Z,46921,90490,6738000
2026-09-16T05:53:51.894Z,45782,511300,15110000
2026-09-16T05:53:51.894Z,10188,10270,4500000
2026-09-16T05:53:51.894Z,43685,,41450000
2026-09-16T05:53:51.894Z,54360,300000000,445400000
2026-09-16T05:53:51.894Z,72869,113600000,132200000
2026-09-16T05:53:51.894Z,55721,0.03,5007000000
2026-09-16T05:53:51.894Z,55303,1045,165000
2026-09-16T05:53:51.894Z,13882,332900,1900000
2026-09-16T05:53:51.894Z,56226,18480000000,36000000000
2026-09-16T05:53:51.894Z,46245,122400000,989500000
2026-09-16T05:53:51.894Z,45931,301100,4977000
2026-09-16T05:53:51.894Z,49923,79550000,394500000
2026-09-16T05:53:51.894Z,3955,455900,1116000
2026-09-16T05:53:51.894Z,56273,4351000,17000000
2026-09-16T05:53:51.894Z,83469,2253000,2297000
2026-09-16T05:53:51.894Z,20773,102.9,4199
2026-09-16T05:53:51.894Z,20599,24390000,28090000
2026-09-16T05:53:51.894Z,55032,35500000,44900000
2026-09-16T05:53:51.894Z,33031,210100,979800
2026-09-16T05:53:51.894Z,20777,750.2,5085
2026-09-16T05:53:51.894Z,16009,93300000,128500000
2026-09-16T05:53:51.894Z,23130,858100,4700000
2026-09-16T05:53:51.894Z,14664,3094000000,4996000000
2026-09-16T05:53:51.894Z,7541,4033,19890
2026-09-16T05:53:51.894Z,25548,124800,130000000
2026-09-16T05:53:51.894Z,55637,101.5,98610
2026-09-16T05:53:51.894Z,45902,51000000,135200000
2026-09-16T05:53:51.894Z,24636,90980000,124700000
2026-09-16T05:53:51.894Z,4004,401000000,950000000
2026-09-16T05:53:51.894Z,461,17770,1037000
2026-09-16T05:53:51.894Z,75275,19.51,24.8
2026-09-16T05:53:51.894Z,52323,2076000000,6708000000
2026-09-16T05:53:51.894Z,34559,2800000,553700000
2026-09-16T05:53:51.894Z,34557,1689000,554600000
2026-09-16T05:53:51.894Z,13230,9165000,18180000
2026-09-16T05:53:51.894Z,18662,60100000,99870000
2026-09-16T05:53:51.894Z,47504,21420000,57960000
2026-09-16T05:53:51.894Z,60223,500100,4999000
2026-09-16T05:53:51.894Z,31660,18200,14290000
2026-09-16T05:53:51.894Z,91961,46880000,99900000
2026-09-16T05:53:51.894Z,11279,945300,1390000
2026-09-16T05:53:51.894Z,78366,467500000,507800000
2026-09-16T05:53:51.894Z,31093,33690000,399000000
2026-09-16T05:53:51.894Z,23035,610.1,915.7
2026-09-16T05:53:51.894Z,19697,110600000,123500000
2026-09-16T05:53:51.894Z,45795,4400000,21440000
2026-09-16T05:53:51.894Z,33928,149600000,210000000
2026-09-16T05:53:51.894Z,90125,281000000,698900000
2026-09-16T05:53:51.894Z,31154,5012,120000
2026-09-16T05:53:51.894Z,21374,1003,4716
2026-09-16T05:53:51.894Z,13819,757200,4499000
2026-09-16T05:53:51.894Z,2204,80000,498200
2026-09-16T05:53:51.894Z,33097,1908000,2989000
2026-09-16T05:53:51.894Z,91248,145900000,297000000
2026-09-16T05:53:51.894Z,37859,200.4,20000000
2026-09-16T05:53:51.894Z,73425,6901000000,12420000000
2026-09-16T05:53:51.894Z,31135,401400,3623000
2026-09-16T05:53:51.894Z,12557,33520,46970
2026-09-16T05:53:51.894Z,34772,10000,6968000
2026-09-16T05:53:51.894Z,11370,1806000,2000000
2026-09-16T05:53:51.894Z,972,70640000,87990000
2026-09-16T05:53:51.894Z,8787,127000,155000
2026-09-16T05:53:51.894Z,32083,100000,1284000
2026-09-16T05:53:51.894Z,946,1201000,6294000
2026-09-16T05:53:51.894Z,16599,850500000,1587000000
2026-09-16T05:53:51.894Z,45768,10010,500000
2026-09-16T05:53:51.894Z,93002,1400000,48770000
2026-09-16T05:53:51.894Z,32873,5158000,9632000
2026-09-16T05:53:51.894Z,31684,69010,48130000
2026-09-16T05:53:51.894Z,81050,16610000,31890000
2026-09-16T05:53:51.894Z,55302,5000,109000
2026-09-16T05:53:51.894Z,14810,4900000000,5897000000
2026-09-16T05:53:51.894Z,26252,100.3,68000
2026-09-16T05:53:51.894Z,91935,1552000,2800000
2026-09-16T05:53:51.894Z,54383,566000000,899900000
2026-09-16T05:53:51.894Z,1296,157000,192300
2026-09-16T05:53:51.894Z,8815,21190,274500
2026-09-16T05:53:51.894Z,11695,14510,16590
2026-09-16T05:53:51.894Z,33305,35100000,103700000
2026-09-16T05:53:51.894Z,19420,94570000,102900000
2026-09-16T05:53:51.894Z,25275,40410,74850
2026-09-16T05:53:51.894Z,92392,7538000,8692000
2026-09-16T05:53:51.894Z,22242,63300000,84890000
2026-09-16T05:53:51.894Z,23025,2101,2399
2026-09-16T05:53:51.894Z,80812,131000000,529600000
2026-09-16T05:53:51.894Z,22551,28000000,38000000
2026-09-16T05:53:51.894Z,3246,539900000,650000000
2026-09-16T05:53:51.894Z,27363,41700,98300
2026-09-16T05:53:51.894Z,27121,106000000,120300000
2026-09-16T05:53:51.894Z,20008,15.2,1496
2026-09-16T05:53:51.894Z,41213,8745000,27990000
2026-09-16T05:53:51.894Z,70850,1060000000,2015000000
2026-09-16T05:53:51.894Z,4191,266500000,643000000
2026-09-16T05:53:51.894Z,57076,452000,2998000
2026-09-16T05:53:51.894Z,75277,18.11,24.8
2026-09-16T05:53:51.894Z,15306,626800000,764900000
2026-09-16T05:53:51.894Z,26931,885000,999600
2026-09-16T05:53:51.894Z,45869,500800,2398000
2026-09-16T05:53:51.894Z,27919,237000,216200000
2026-09-16T05:53:51.894Z,43673,9212000,9000000000
2026-09-16T05:53:51.894Z,85492,9899000,29900000
2026-09-16T05:53:51.894Z,90120,4200000,9881000
2026-09-16T05:53:51.894Z,18845,7895000,13850000
2026-09-16T05:53:51.894Z,94146,111400000,225000000
2026-09-16T05:53:51.894Z,15200,1032000,357800000
2026-09-16T05:53:51.894Z,14188,194300000,222000000
2026-09-16T05:53:51.894Z,79717,401300,12370000
2026-09-16T05:53:51.894Z,94156,186600000,319500000
2026-09-16T05:53:51.894Z,49681,125000,1200000
2026-09-16T05:53:51.894Z,60568,500200,2994000
2026-09-16T05:53:51.894Z,1986,3047,39780
2026-09-16T05:53:51.894Z,47117,9274000,47390000
2026-09-16T05:53:51.894Z,55031,24510000,33490000
2026-09-16T05:53:51.894Z,54440,15940000,25980000
2026-09-16T05:53:51.894Z,12202,1804000,3289000
2026-09-16T05:53:51.894Z,55635,0.01,295000
2026-09-16T05:53:51.894Z,91953,5557000,10000000
2026-09-16T05:53:51.894Z,90528,2317000,5998000
2026-09-16T05:53:51.894Z,27925,50000000,168800000
2026-09-16T05:53:51.894Z,45845,1131000,10090000
2026-09-16T05:53:51.894Z,12098,18000000,27800000
2026-09-16T05:53:51.894Z,33033,130100,2000000
2026-09-16T05:53:51.894Z,46907,308100,1971000
2026-09-16T05:53:51.894Z,62396,42220,65000
2026-09-16T05:53:51.894Z,34769,157000,10000000
2026-09-16T05:53:51.894Z,86273,100000,107700000
2026-09-16T05:53:51.894Z,14755,4308000000,8000000000
2026-09-16T05:53:51.894Z,34770,111400,10000000
2026-09-16T05:53:51.894Z,3425,22.07,99000
2026-09-16T05:53:51.894Z,4097,1738000000,94400000000
2026-09-16T05:53:51.894Z,48754,2031000,178000000
2026-09-16T05:53:51.894Z,45965,209000,9965000
2026-09-16T05:53:51.894Z,33301,124200000,498800000
2026-09-16T05:53:51.894Z,55513,2605000,6245000
2026-09-16T05:53:51.894Z,33043,131100,2000000
2026-09-16T05:53:51.894Z,45979,5725000,34500000
2026-09-16T05:53:51.894Z,16221,14780000,35000000
2026-09-16T05:53:51.894Z,15258,4091000000,5999000000
2026-09-16T05:53:51.894Z,33828,2512000,8500000
2026-09-16T05:53:51.894Z,79740,28200,2000000
2026-09-16T05:53:51.894Z,34773,10000,6000000
2026-09-16T05:53:51.894Z,34775,10000,8000000
2026-09-16T05:53:51.894Z,26258,141.2,195000
2026-09-16T05:53:51.894Z,29087,52050,549900
2026-09-16T05:53:51.894Z,15072,503000,500000000
2026-09-16T05:53:51.894Z,22452,37830000,55600000
2026-09-16T05:53:51.894Z,28197,1424000,2621000
2026-09-16T05:53:51.894Z,45852,5018000,17000000
2026-09-16T05:53:51.894Z,14184,26000000,33270000
2026-09-16T05:53:51.894Z,46215,,20930000
2026-09-16T05:53:51.894Z,16232,370100000,555600000
2026-09-16T05:53:51.894Z,47766,41810,495000
2026-09-16T05:53:51.894Z,575,504800,1190000
2026-09-16T05:53:51.894Z,55612,1008,295000
2026-09-16T05:53:51.894Z,15062,625300000,2599000000
2026-09-16T05:53:51.894Z,37234,80130000,121900000
2026-09-16T05:53:51.894Z,2162,50000,4379000
2026-09-16T05:53:51.894Z,55682,4003,1799000
2026-09-16T05:53:51.894Z,22043,2800000,35000000
2026-09-16T05:53:51.894Z,19725,1386000000,1996000000
2026-09-16T05:53:51.894Z,49641,926000,2479000
2026-09-16T05:53:51.894Z,41193,1716000000,2385000000
2026-09-16T05:53:51.894Z,45,1.65,71.65
2026-09-16T05:53:51.894Z,90121,181000000,999900000
2026-09-16T05:53:51.894Z,54787,,229900000
2026-09-16T05:53:51.894Z,3133,3091000,6381000
2026-09-16T05:53:51.894Z,91924,51080000,111100000
2026-09-16T05:53:51.894Z,48817,2136000000,22850000000
2026-09-16T05:53:51.894Z,33714,12110000,80000000
2026-09-16T05:53:51.894Z,54542,407300000,770000000
2026-09-16T05:53:51.894Z,33064,41060000,350000000
2026-09-16T05:53:51.894Z,17485,25290000,74900000
2026-09-16T05:53:51.894Z,565,4100,64860
2026-09-16T05:53:51.894Z,54766,3000000,289900000
2026-09-16T05:53:51.894Z,92576,49000000,212000000
2026-09-16T05:53:51.894Z,36522,1718000000,200000000000
2026-09-16T05:53:51.894Z,47655,11740000,15000000000
2026-09-16T05:53:51.894Z,45901,100700,5101000
2026-09-16T05:53:51.894Z,17865,1620,3990
2026-09-16T05:53:51.894Z,15148,3351000000,6269000000
2026-09-16T05:53:51.894Z,33699,6068,1228000
2026-09-16T05:53:51.894Z,54799,4733000,119900000
2026-09-16T05:53:51.894Z,54798,11000000,299900000
2026-09-16T05:53:51.894Z,55583,1000,199500
2026-09-16T05:53:51.894Z,55330,160500,1985000
2026-09-16T05:53:51.894Z,45969,321500,15000000
2026-09-16T05:53:51.894Z,93609,70010000,90000000
2026-09-16T05:53:51.894Z,54739,61790000,93000000
2026-09-16T05:53:51.894Z,14568,1021000,300000000
2026-09-16T05:53:51.894Z,15030,1626000000,5499000000
2026-09-16T05:53:51.894Z,33050,110100,15000000
2026-09-16T05:53:51.894Z,78857,31720000,50000000
2026-09-16T05:53:51.894Z,15004,387300,320100000
2026-09-16T05:53:51.894Z,15753,37220000,58070000
2026-09-16T05:53:51.894Z,47482,510100000,5991000000
2026-09-16T05:53:51.894Z,22619,4439000,14410000
2026-09-16T05:53:51.894Z,48198,210000000,998200000
2026-09-16T05:53:51.894Z,40754,38380000,87630000
2026-09-16T05:53:51.894Z,54442,8005000,89990000
2026-09-16T05:53:51.894Z,76241,531600000,3242000000
2026-09-16T05:53:51.894Z,15274,3508000000,4500000000
2026-09-16T05:53:51.894Z,87236,16010000,3403000000
2026-09-16T05:53:51.894Z,17528,76520000,89670000
2026-09-16T05:53:51.894Z,30424,399.4,189900000
2026-09-16T05:53:51.894Z,30420,50,209900
2026-09-16T05:53:51.894Z,894,,2900000
2026-09-16T05:53:51.894Z,19418,56900000,60990000
2026-09-16T05:53:51.894Z,27917,226200,213900000
2026-09-16T05:53:51.894Z,32921,3795000000,5000000000
2026-09-16T05:53:51.894Z,57707,3257000000,13960000000
2026-09-16T05:53:51.894Z,17433,4429,5429
2026-09-16T05:53:51.894Z,45575,2085000,300000000
2026-09-16T05:53:51.894Z,34357,24670000,88990000
2026-09-16T05:53:51.894Z,54439,6019000,79030000
2026-09-16T05:53:51.894Z,46277,1111000000,4800000000
2026-09-16T05:53:51.894Z,15815,20000000,
2026-09-16T05:53:51.894Z,92825,8167000,
2026-09-16T05:53:51.894Z,1223,1941,
2026-09-16T05:53:51.894Z,73793,2242000000,
2026-09-16T05:53:51.894Z,85236,10000000,
2026-09-16T05:53:51.894Z,47747,3421000,
2026-09-16T05:53:51.894Z,81080,422900000,
2026-09-16T05:53:51.894Z,89219,205600,
2026-09-16T05:53:51.894Z,78414,5000000,
2026-09-16T05:53:51.894Z,56225,9110000000,
2026-09-16T05:53:51.894Z,81032,335900,
2026-09-16T05:53:51.894Z,45647,18100000,
2026-09-16T05:53:51.894Z,91619,3000000,
2026-09-16T05:53:51.894Z,90037,3591000,
2026-09-16T05:53:51.894Z,23913,842000000,
2026-09-16T05:53:51.894Z,27646,20140000,
2026-09-16T05:53:51.894Z,11567,988400000,
2026-09-16T05:53:51.894Z,22852,763500000,
2026-09-16T05:53:51.894Z,90664,263400000,
2026-09-16T05:53:51.894Z,47154,192100000,
2026-09-16T05:53:51.894Z,3332,591200,
2026-09-16T05:53:51.894Z,28545,1226000,
2026-09-16T05:53:51.894Z,15266,1422000000,
2026-09-16T05:53:51.894Z,15046,4334000000,
2026-09-16T05:53:51.894Z,91639,1500000,
2026-09-16T05:53:51.894Z,15751,91840000,
2026-09-16T05:53:51.894Z,52755,90000000,
2026-09-16T05:53:51.894Z,42124,45400000,
2026-09-16T05:53:51.894Z,77281,30170000,
2026-09-16T05:53:51.894Z,26388,1529000,
2026-09-16T05:53:51.894Z,77283,658900000,
2026-09-16T05:53:51.894Z,23919,744700000,
2026-09-16T05:53:51.894Z,56270,406000000,
2026-09-16T05:53:51.894Z,23917,726400000,
2026-09-16T05:53:51.894Z,91630,3000000,
2026-09-16T05:53:51.894Z,56627,6500,
2026-09-16T05:53:51.894Z,15250,2718000000,
2026-09-16T05:53:51.894Z,92823,8166000,
2026-09-16T05:53:51.894Z,30553,3027000,
2026-09-16T05:53:51.894Z,15044,4424000000,
2026-09-16T05:53:51.894Z,87802,86740000,
2026-09-16T05:53:51.894Z,37887,51020,
2026-09-16T05:53:51.894Z,36390,312000000,
2026-09-16T05:53:51.894Z,44212,101,
