timestamp,type_id,best_buy,best_sell
2026-09-19T00:09:08.434Z,62404,18750,20340
2026-09-19T00:09:08.434Z,12529,27390000,27420000
2026-09-19T00:09:08.434Z,27253,483800,725700
2026-09-19T00:09:08.434Z,52224,3624000,4195000
2026-09-19T00:09:08.434Z,12544,22280,49500
2026-09-19T00:09:08.434Z,18694,599000000,739200000
2026-09-19T00:09:08.434Z,47731,515900,642200
2026-09-19T00:09:08.434Z,47826,26020000,29120000
2026-09-19T00:09:08.434Z,12058,1830000,2009000
2026-09-19T00:09:08.434Z,62521,20.63,21.4
2026-09-19T00:09:08.434Z,16242,989500,1130000
2026-09-19T00:09:08.434Z,57733,10010000,17180000
2026-09-19T00:09:08.434Z,13920,61420000,67300000
2026-09-19T00:09:08.434Z,31061,306800000,339300000
2026-09-19T00:09:08.434Z,37622,54000000,74460000
2026-09-19T00:09:08.434Z,62403,5706,6300
2026-09-19T00:09:08.434Z,40362,10360000,19200000
2026-09-19T00:09:08.434Z,35962,1198000,12240000
2026-09-19T00:09:08.434Z,15955,119000000,124500000
2026-09-19T00:09:08.434Z,2389,558,559.9
2026-09-19T00:09:08.434Z,17408,1030000,4616000
2026-09-19T00:09:08.434Z,91972,7501000,9808000
2026-09-19T00:09:08.434Z,21955,27090000,106200000
2026-09-19T00:09:08.434Z,30373,6809,7000
2026-09-19T00:09:08.434Z,3159,538900000,832600000
2026-09-19T00:09:08.434Z,88482,20100,58990
2026-09-19T00:09:08.434Z,60922,1452000,8000000
2026-09-19T00:09:08.434Z,3888,790000,842900
2026-09-19T00:09:08.434Z,17795,163900,400100
2026-09-19T00:09:08.434Z,14767,55000000000,128900000000
2026-09-19T00:09:08.434Z,32014,189500,199300
2026-09-19T00:09:08.434Z,40519,459100000,471000000
2026-09-19T00:09:08.434Z,21953,29980000,96350000
2026-09-19T00:09:08.434Z,45601,35820000,38890000
2026-09-19T00:09:08.434Z,43898,,4999000
2026-09-19T00:09:08.434Z,16652,46400,50080
2026-09-19T00:09:08.434Z,58823,710600000,1796000000
2026-09-19T00:09:08.434Z,3581,18140000,23000000
2026-09-19T00:09:08.434Z,14776,450200000,1024000000
2026-09-19T00:09:08.434Z,85086,356000000,417500000
2026-09-19T00:09:08.434Z,25625,841000,841300
2026-09-19T00:09:08.434Z,17243,1606,12980
2026-09-19T00:09:08.434Z,37,165,166.9
2026-09-19T00:09:08.434Z,5719,201200,220200
2026-09-19T00:09:08.434Z,26344,,3678000
2026-09-19T00:09:08.434Z,46824,5554000,77430000
2026-09-19T00:09:08.434Z,33702,166600000,181700000
2026-09-19T00:09:08.434Z,12537,3834000,4081000
2026-09-19T00:09:08.434Z,17520,64050000,76000000
2026-09-19T00:09:08.434Z,15837,26800000,144900000
2026-09-19T00:09:08.434Z,49774,25370000,30380000
2026-09-19T00:09:08.434Z,92384,142400000,377900000
2026-09-19T00:09:08.434Z,57459,370100,414700
2026-09-19T00:09:08.434Z,27255,400100,740000
2026-09-19T00:09:08.434Z,19137,17000000,21200000
2026-09-19T00:09:08.434Z,14494,925700000,1800000000
2026-09-19T00:09:08.434Z,16375,295300,325100
2026-09-19T00:09:08.434Z,5721,161400,216200
2026-09-19T00:09:08.434Z,84348,401900,2780000
2026-09-19T00:09:08.434Z,35661,515900,569100
2026-09-19T00:09:08.434Z,31894,2339000,2738000
2026-09-19T00:09:08.434Z,11557,31360,33540
2026-09-19T00:09:08.434Z,33452,8889000,11920000
2026-09-19T00:09:08.434Z,72913,7043000,9016000
2026-09-19T00:09:08.434Z,18676,84000000,92150000
2026-09-19T00:09:08.434Z,46369,95370,203100
2026-09-19T00:09:08.434Z,27916,1203000,1533000
2026-09-19T00:09:08.434Z,4348,629300000,668000000
2026-09-19T00:09:08.434Z,5683,200000,216300
2026-09-19T00:09:08.434Z,62456,2277,2280
2026-09-19T00:09:08.434Z,1877,681700,737000
2026-09-19T00:09:08.434Z,32458,7259000,563100000
2026-09-19T00:09:08.434Z,597,320100,440000
2026-09-19T00:09:08.434Z,90699,,89630
2026-09-19T00:09:08.434Z,96329,3543000,5900000
2026-09-19T00:09:08.434Z,31932,29300000,31250000
2026-09-19T00:09:08.434Z,16644,7755,8125
2026-09-19T00:09:08.434Z,27379,50.43,168.9
2026-09-19T00:09:08.434Z,19015,22030000,24910000
2026-09-19T00:09:08.434Z,11537,19300,22310
2026-09-19T00:09:08.434Z,19071,501,149800
2026-09-19T00:09:08.434Z,3841,822600,894300
2026-09-19T00:09:08.434Z,20959,14000,29000
2026-09-19T00:09:08.434Z,81083,43540000,47800000
2026-09-19T00:09:08.434Z,9660,20000,27490
2026-09-19T00:09:08.434Z,44890,1317000,9900000
2026-09-19T00:09:08.434Z,40559,10400000,10890000
2026-09-19T00:09:08.434Z,20843,820000,2488000
2026-09-19T00:09:08.434Z,13953,24990000,28160000
2026-09-19T00:09:08.434Z,19351,193900000,276000000
2026-09-19T00:09:08.434Z,14172,8594000,13410000
2026-09-19T00:09:08.434Z,27084,35140,194700
2026-09-19T00:09:08.434Z,42834,130.2,473
2026-09-19T00:09:08.434Z,30999,1127000,1524000
2026-09-19T00:09:08.434Z,2310,1.12,1.79
2026-09-19T00:09:08.434Z,91974,7500000,9722000
2026-09-19T00:09:08.434Z,639,138800000,151900000
2026-09-19T00:09:08.434Z,83473,2362000,2595000
2026-09-19T00:09:08.434Z,47765,5001,22000
2026-09-19T00:09:08.434Z,13969,185900000,196900000
2026-09-19T00:09:08.434Z,78796,800100,1990000
2026-09-19T00:09:08.434Z,14003,10840000,12440000
2026-09-19T00:09:08.434Z,3645,423,468.8
2026-09-19T00:09:08.434Z,21484,39250000,46970000
2026-09-19T00:09:08.434Z,58904,47840000,52740000
2026-09-19T00:09:08.434Z,19051,27490000,29990000
2026-09-19T00:09:08.434Z,828,100,2628000
2026-09-19T00:09:08.434Z,29101,61420,882600
2026-09-19T00:09:08.434Z,26440,3500000,7308000
2026-09-19T00:09:08.434Z,33468,84010000,88530000
2026-09-19T00:09:08.434Z,29990,219500000,234600000
2026-09-19T00:09:08.434Z,2875,1102000,1249000
2026-09-19T00:09:08.434Z,2367,116800,120900
2026-09-19T00:09:08.434Z,45589,35470000,38930000
2026-09-19T00:09:08.434Z,47904,49790,58810
2026-09-19T00:09:08.434Z,47730,6012000,6578000
2026-09-19T00:09:08.434Z,14047,9988000,12660000
2026-09-19T00:09:08.434Z,3655,1501000,2037000
2026-09-19T00:09:08.434Z,1403,12610,17200
2026-09-19T00:09:08.434Z,20444,60640000,77830000
2026-09-19T00:09:08.434Z,23719,8667,9633
2026-09-19T00:09:08.434Z,73369,200000,750000
2026-09-19T00:09:08.434Z,57128,1029000000,1189000000
2026-09-19T00:09:08.434Z,25711,21770,21780
2026-09-19T00:09:08.434Z,28405,0.02,129000
2026-09-19T00:09:08.434Z,31962,16380000,21580000
2026-09-19T00:09:08.434Z,16521,3234,6242
2026-09-19T00:09:08.434Z,29067,353000,794600
2026-09-19T00:09:08.434Z,20601,790700,2300000
2026-09-19T00:09:08.434Z,2333,408200,643800
2026-09-19T00:09:08.434Z,8335,600.2,8500
2026-09-19T00:09:08.434Z,8115,21550,21560
2026-09-19T00:09:08.434Z,178,3.62,4.85
2026-09-19T00:09:08.434Z,83709,237100,237200
2026-09-19T00:09:08.434Z,42208,185100000,195000000
2026-09-19T00:09:08.434Z,20414,86610,96610
2026-09-19T00:09:08.434Z,87836,260400,4558000
2026-09-19T00:09:08.434Z,4405,798700,879300
2026-09-19T00:09:08.434Z,52316,6014,9000
2026-09-19T00:09:08.434Z,57445,861100,861200
2026-09-19T00:09:08.434Z,52236,194300000,299000000
2026-09-19T00:09:08.434Z,47755,72000000,80010000
2026-09-19T00:09:08.434Z,7447,422200,536400
2026-09-19T00:09:08.434Z,88001,3920000000,5169000000
2026-09-19T00:09:08.434Z,18853,2750000,5999000
2026-09-19T00:09:08.434Z,42209,347000000,396500000
2026-09-19T00:09:08.434Z,62460,740.2,777.9
2026-09-19T00:09:08.434Z,14250,56580000,63430000
2026-09-19T00:09:08.434Z,32325,9590000,18960000
2026-09-19T00:09:08.434Z,62530,31.74,35
2026-09-19T00:09:08.434Z,55831,376300,624000
2026-09-19T00:09:08.434Z,19045,406000000,430000000
2026-09-19T00:09:08.434Z,15628,111300,114400
2026-09-19T00:09:08.434Z,31928,11700000,12820000
2026-09-19T00:09:08.434Z,26446,1105000,4999000
2026-09-19T00:09:08.434Z,6963,70000,85000
2026-09-19T00:09:08.434Z,12836,76280,79660
2026-09-19T00:09:08.434Z,45485,60200000,321600000
2026-09-19T00:09:08.434Z,47807,14840000,16330000
2026-09-19T00:09:08.434Z,14206,137800000,151500000
2026-09-19T00:09:08.434Z,7789,350800,434500
2026-09-19T00:09:08.434Z,25611,106500,111600
2026-09-19T00:09:08.434Z,17686,800200,1957000
2026-09-19T00:09:08.434Z,43497,240000,1398000
2026-09-19T00:09:08.434Z,41515,33820000,40370000
2026-09-19T00:09:08.434Z,93924,200000,200100
2026-09-19T00:09:08.434Z,2869,970600,1022000
2026-09-19T00:09:08.434Z,25623,6010,6145
2026-09-19T00:09:08.434Z,34204,916500,986300
2026-09-19T00:09:08.434Z,31045,,377300
2026-09-19T00:09:08.434Z,44176,15680,392200
2026-09-19T00:09:08.434Z,2870,1092000,1109000
2026-09-19T00:09:08.434Z,1405,278500,305900
2026-09-19T00:09:08.434Z,11105,178400,200900
2026-09-19T00:09:08.434Z,62518,11.32,13.2
2026-09-19T00:09:08.434Z,9491,448700,538300
2026-09-19T00:09:08.434Z,48525,2005000000,6540000000
2026-09-19T00:09:08.434Z,17674,1703,2378
2026-09-19T00:09:08.434Z,47790,1120000,1200000
2026-09-19T00:09:08.434Z,31648,20000000,23990000
2026-09-19T00:09:08.434Z,649,2149000,2487000
2026-09-19T00:09:08.434Z,56068,6854000,7800000
2026-09-19T00:09:08.434Z,16274,667,706.7
2026-09-19T00:09:08.434Z,35662,512800,573900
2026-09-19T00:09:08.434Z,44891,263600,20670000
2026-09-19T00:09:08.434Z,5933,17210,61370
2026-09-19T00:09:08.434Z,25597,497.7,590
2026-09-19T00:09:08.434Z,47810,456700,761800
2026-09-19T00:09:08.434Z,20969,105.3,4013
2026-09-19T00:09:08.434Z,26929,51000,68850
2026-09-19T00:09:08.434Z,31526,155000,347300
2026-09-19T00:09:08.434Z,33359,9600,9961
2026-09-19T00:09:08.434Z,47821,12750,149200
2026-09-19T00:09:08.434Z,2018,26000,53200
2026-09-19T00:09:08.434Z,28362,8205,8625
2026-09-19T00:09:08.434Z,47923,58060000,59760000
2026-09-19T00:09:08.434Z,25591,65040,66000
2026-09-19T00:09:08.434Z,16633,369.6,374
2026-09-19T00:09:08.434Z,28750,136800000,154800000
2026-09-19T00:09:08.434Z,17317,50250,55930
2026-09-19T00:09:08.434Z,94139,60000,160000
2026-09-19T00:09:08.434Z,85935,2001000,8995000
2026-09-19T00:09:08.434Z,9329,283900,350000
2026-09-19T00:09:08.434Z,33361,13000,13240
2026-09-19T00:09:08.434Z,27256,111100000,119300000
2026-09-19T00:09:08.434Z,41330,956100,1179000
2026-09-19T00:09:08.434Z,63867,16050,516700
2026-09-19T00:09:08.434Z,26310,49980000,52930000
2026-09-19T00:09:08.434Z,18660,78520000,84000000
2026-09-19T00:09:08.434Z,8135,1014,29270
2026-09-19T00:09:08.434Z,44140,10000,488200
2026-09-19T00:09:08.434Z,41469,25050000,51080000
2026-09-19T00:09:08.434Z,62461,703.5,935
2026-09-19T00:09:08.434Z,15739,21940000,22730000
2026-09-19T00:09:08.434Z,31734,200400,1000000
2026-09-19T00:09:08.434Z,14001,10090000,11670000
2026-09-19T00:09:08.434Z,76160,5700000,17710000
2026-09-19T00:09:08.434Z,24547,19670000,21970000
2026-09-19T00:09:08.434Z,8177,1100,1101
2026-09-19T00:09:08.434Z,27068,15620,299300
2026-09-19T00:09:08.434Z,37612,50390000,57200000
2026-09-19T00:09:08.434Z,16238,524600,578600
2026-09-19T00:09:08.434Z,33842,88170000,97980000
2026-09-19T00:09:08.434Z,82454,200000,999900
2026-09-19T00:09:08.434Z,204,190.6,190.7
2026-09-19T00:09:08.434Z,31009,210400,295800
2026-09-19T00:09:08.434Z,44102,3006000,4767000
2026-09-19T00:09:08.434Z,60477,638000,1995000
2026-09-19T00:09:08.434Z,31087,129000,40000000
2026-09-19T00:09:08.434Z,31183,959000,1040000
2026-09-19T00:09:08.434Z,21815,2313000,2529000
2026-09-19T00:09:08.434Z,16635,202.2,217.6
2026-09-19T00:09:08.434Z,16230,350000000,618700000
2026-09-19T00:09:08.434Z,87459,54410000,140000000
2026-09-19T00:09:08.434Z,34260,102600,320400
2026-09-19T00:09:08.434Z,33552,248000000,1196000000
2026-09-19T00:09:08.434Z,1824,38,38.01
2026-09-19T00:09:08.434Z,12076,3880000,4340000
2026-09-19T00:09:08.434Z,37610,2700000,2877000
2026-09-19T00:09:08.434Z,37611,2734000,2866000
2026-09-19T00:09:08.434Z,60311,1407000,1694000
2026-09-19T00:09:08.434Z,25599,462.7,520
2026-09-19T00:09:08.434Z,26444,4611000,5040000
2026-09-19T00:09:08.434Z,12003,120600000,128900000
2026-09-19T00:09:08.434Z,9808,466100,466200
2026-09-19T00:09:08.434Z,53302,8534,10720
2026-09-19T00:09:08.434Z,14297,3391000,3878000
2026-09-19T00:09:08.434Z,8639,356300,408700
2026-09-19T00:09:08.434Z,629,8938000,10120000
2026-09-19T00:09:08.434Z,2396,322.9,341
2026-09-19T00:09:08.434Z,8521,383100,439200
2026-09-19T00:09:08.434Z,28694,85060,92390
2026-09-19T00:09:08.434Z,16497,354000,437700
2026-09-19T00:09:08.434Z,60473,31330000,33930000
2026-09-19T00:09:08.434Z,14144,49980000,55040000
2026-09-19T00:09:08.434Z,3482,539000000,609900000
2026-09-19T00:09:08.434Z,31171,2558000,2835000
2026-09-19T00:09:08.434Z,20965,74.11,424.9
2026-09-19T00:09:08.434Z,47480,0.01,34970
2026-09-19T00:09:08.434Z,19931,7502,21030
2026-09-19T00:09:08.434Z,31680,15020,88040
2026-09-19T00:09:08.434Z,25538,7101000,9949000
2026-09-19T00:09:08.434Z,46833,150000,2368000
2026-09-19T00:09:08.434Z,57813,21000000,170000000
2026-09-19T00:09:08.434Z,16657,5029,5440
2026-09-19T00:09:08.434Z,18666,104200000,116300000
2026-09-19T00:09:08.434Z,25606,9301,9884
2026-09-19T00:09:08.434Z,58919,28710,37900
2026-09-19T00:09:08.434Z,14090,69590,184500
2026-09-19T00:09:08.434Z,45581,22510000,312500000
2026-09-19T00:09:08.434Z,18883,399100000,810000000
2026-09-19T00:09:08.434Z,11327,529800,529900
2026-09-19T00:09:08.434Z,13939,69120000,76920000
2026-09-19T00:09:08.434Z,33149,15330000,18000000
2026-09-19T00:09:08.434Z,44941,1110000,9875000
2026-09-19T00:09:08.434Z,15593,100000,105500
2026-09-19T00:09:08.434Z,41056,721200,746100
2026-09-19T00:09:08.434Z,41055,672300,719400
2026-09-19T00:09:08.434Z,2889,475100,526700
2026-09-19T00:09:08.434Z,14299,3515000,3799000
2026-09-19T00:09:08.434Z,31282,12220000,13270000
2026-09-19T00:09:08.434Z,43801,1000000,40000000
2026-09-19T00:09:08.434Z,16469,85110,117600
2026-09-19T00:09:08.434Z,2404,740500,798300
2026-09-19T00:09:08.434Z,28203,464700,593000
2026-09-19T00:09:08.434Z,4144,561600,8928000
2026-09-19T00:09:08.434Z,47297,23870000,29170000
2026-09-19T00:09:08.434Z,25277,35330,54420
2026-09-19T00:09:08.434Z,31502,13680,399800
2026-09-19T00:09:08.434Z,54914,220200000,895000000
2026-09-19T00:09:08.434Z,12084,8806000,9488000
2026-09-19T00:09:08.434Z,31027,1018000,4695000
2026-09-19T00:09:08.434Z,30259,17780,21890
2026-09-19T00:09:08.434Z,25621,65000,70010
2026-09-19T00:09:08.434Z,5302,12460,24320
2026-09-19T00:09:08.434Z,74148,19820000,45000000
2026-09-19T00:09:08.434Z,60953,62910000,123900000
2026-09-19T00:09:08.434Z,3898,25880000,27960000
2026-09-19T00:09:08.434Z,17213,4412,9857
2026-09-19T00:09:08.434Z,582,135000,153200
2026-09-19T00:09:08.434Z,97198,605600000,1862000000
2026-09-19T00:09:08.434Z,25615,45270,47900
2026-09-19T00:09:08.434Z,12543,45820,164900
2026-09-19T00:09:08.434Z,31738,11180000,71250000
2026-09-19T00:09:08.434Z,33539,357700,437200
2026-09-19T00:09:08.434Z,3239,549000000,613900000
2026-09-19T00:09:08.434Z,11969,139200000,143400000
2026-09-19T00:09:08.434Z,47477,30750,32160
2026-09-19T00:09:08.434Z,85308,180000,889300
2026-09-19T00:09:08.434Z,18710,184300000,200900000
2026-09-19T00:09:08.434Z,14704,255300000,495000000
2026-09-19T00:09:08.434Z,18714,27190,1139000
2026-09-19T00:09:08.434Z,23031,614.1,713.5
2026-09-19T00:09:08.434Z,262,121000,125400
2026-09-19T00:09:08.434Z,35660,7390,10140
2026-09-19T00:09:08.434Z,20187,1421000000,1526000000
2026-09-19T00:09:08.434Z,25624,1618000,1645000
2026-09-19T00:09:08.434Z,23156,8837000,15990000
2026-09-19T00:09:08.434Z,45585,5581,599500
2026-09-19T00:09:08.434Z,208,64,74.62
2026-09-19T00:09:08.434Z,13964,8416000,14970000
2026-09-19T00:09:08.434Z,31824,15450000,16590000
2026-09-19T00:09:08.434Z,96334,81020000,113000000
2026-09-19T00:09:08.434Z,53042,40300000,92990000
2026-09-19T00:09:08.434Z,31712,2346000,5395000
2026-09-19T00:09:08.434Z,23154,10520000,11330000
2026-09-19T00:09:08.434Z,19744,1610000,2223000
2026-09-19T00:09:08.434Z,2867,1780000,1848000
2026-09-19T00:09:08.434Z,34294,21220000,23410000
2026-09-19T00:09:08.434Z,79872,261000000,1300000000
2026-09-19T00:09:08.434Z,7001,24000,53990
2026-09-19T00:09:08.434Z,47139,8811000,8812000
2026-09-19T00:09:08.434Z,31820,27330000,29000000
2026-09-19T00:09:08.434Z,31173,11540000,11950000
2026-09-19T00:09:08.434Z,19187,63320000,71290000
2026-09-19T00:09:08.434Z,23171,33100,39510
2026-09-19T00:09:08.434Z,18865,55390000,61000000
2026-09-19T00:09:08.434Z,14104,35590000,44500000
2026-09-19T00:09:08.434Z,46563,5000000,65000000
2026-09-19T00:09:08.434Z,83350,20010,2237000
2026-09-19T00:09:08.434Z,45610,29000000,31010000
2026-09-19T00:09:08.434Z,94142,42100,97950
2026-09-19T00:09:08.434Z,3033,633500,711600
2026-09-19T00:09:08.434Z,31874,1445000,1667000
2026-09-19T00:09:08.434Z,57150,410,798.7
2026-09-19T00:09:08.434Z,31454,98260,122800
2026-09-19T00:09:08.434Z,26006,4192000,7476000
2026-09-19T00:09:08.434Z,21013,11030000,13670000
2026-09-19T00:09:08.434Z,41181,56120000,170000000
2026-09-19T00:09:08.434Z,12259,3145000,3723000
2026-09-19T00:09:08.434Z,11396,19320,26680
2026-09-19T00:09:08.434Z,32442,,5072
2026-09-19T00:09:08.434Z,40355,44180000,50420000
2026-09-19T00:09:08.434Z,13943,125800000,132400000
2026-09-19T00:09:08.434Z,7829,300800,329700
2026-09-19T00:09:08.434Z,87777,11030000,19490000
2026-09-19T00:09:08.434Z,13891,6144000,22430000
2026-09-19T00:09:08.434Z,54291,121200,177000
2026-09-19T00:09:08.434Z,56979,3800,196700
2026-09-19T00:09:08.434Z,15591,30000,30010
2026-09-19T00:09:08.434Z,49746,156300,448600
2026-09-19T00:09:08.434Z,92039,4013000,9897000
2026-09-19T00:09:08.434Z,85754,675100,4600000
2026-09-19T00:09:08.434Z,53907,55930000,81960000
2026-09-19T00:09:08.434Z,19196,299000000,497600000
2026-09-19T00:09:08.434Z,58767,4.01,241000
2026-09-19T00:09:08.434Z,17812,5021000,7781000
2026-09-19T00:09:08.434Z,90522,333800,399000
2026-09-19T00:09:08.434Z,85642,14000000,25780000
2026-09-19T00:09:08.434Z,16535,569000,692800
2026-09-19T00:09:08.434Z,16499,331900,439400
2026-09-19T00:09:08.434Z,2291,67280,253900
2026-09-19T00:09:08.434Z,47888,35870,43830
2026-09-19T00:09:08.434Z,2103,23370,619700
2026-09-19T00:09:08.434Z,10212,16390000,17720000
2026-09-19T00:09:08.434Z,34755,32560000,120000000
2026-09-19T00:09:08.434Z,48735,2002000000,150100000000
2026-09-19T00:09:08.434Z,85558,1018000000,1387000000
2026-09-19T00:09:08.434Z,18877,33920000,48640000
2026-09-19T00:09:08.434Z,33103,89260,98970
2026-09-19T00:09:08.434Z,18789,180400000,194400000
2026-09-19T00:09:08.434Z,202,277,298.9
2026-09-19T00:09:08.434Z,93593,3507000,4989000
2026-09-19T00:09:08.434Z,15729,44130000,46490000
2026-09-19T00:09:08.434Z,8419,19010,27980
2026-09-19T00:09:08.434Z,57442,70710000,75500000
2026-09-19T00:09:08.434Z,28411,12.12,33480
2026-09-19T00:09:08.434Z,14059,1619000,2995000
2026-09-19T00:09:08.434Z,17894,739600,799600
2026-09-19T00:09:08.434Z,57451,17330000,18200000
2026-09-19T00:09:08.434Z,18963,91480000,162900000
2026-09-19T00:09:08.434Z,31724,2411000,2637000
2026-09-19T00:09:08.434Z,43488,0.01,9798000
2026-09-19T00:09:08.434Z,47255,9269,34250
2026-09-19T00:09:08.434Z,23721,1415,67920
2026-09-19T00:09:08.434Z,43819,21000000,219900000
2026-09-19T00:09:08.434Z,10225,16800000,18700000
2026-09-19T00:09:08.434Z,41481,372200,848900
2026-09-19T00:09:08.434Z,53598,3600000,89450000
2026-09-19T00:09:08.434Z,9728,440100,440200
2026-09-19T00:09:08.434Z,26448,65770000,75300000
2026-09-19T00:09:08.434Z,18977,59000000,64340000
2026-09-19T00:09:08.434Z,17709,37560000,40560000
2026-09-19T00:09:08.434Z,31546,7521000,19990000
2026-09-19T00:09:08.434Z,79727,859100,5905000
2026-09-19T00:09:08.434Z,31534,13760000,17860000
2026-09-19T00:09:08.434Z,12820,223700,279600
2026-09-19T00:09:08.434Z,72869,116900000,130600000
2026-09-19T00:09:08.434Z,14055,1000,86800
2026-09-19T00:09:08.434Z,90416,3600000,13000000
2026-09-19T00:09:08.434Z,44933,13230000,67890000
2026-09-19T00:09:08.434Z,31011,1175000,1281000
2026-09-19T00:09:08.434Z,19111,27820000,37980000
2026-09-19T00:09:08.434Z,86149,7021000,11000000
2026-09-19T00:09:08.434Z,47362,139900000,188400000
2026-09-19T00:09:08.434Z,19055,36210000,42170000
2026-09-19T00:09:08.434Z,49729,20380000,22760000
2026-09-19T00:09:08.434Z,2193,65010,79630
2026-09-19T00:09:08.434Z,18937,165700000,218200000
2026-09-19T00:09:08.434Z,43817,11000000,169900000
2026-09-19T00:09:08.434Z,91114,700000,1173000
2026-09-19T00:09:08.434Z,17322,,7000000
2026-09-19T00:09:08.434Z,17887,592.6,612.3
2026-09-19T00:09:08.434Z,75278,19.73,21.94
2026-09-19T00:09:08.434Z,90048,1050,540000
2026-09-19T00:09:08.434Z,32309,386500000,407800000
2026-09-19T00:09:08.434Z,41579,5300000,12650000
2026-09-19T00:09:08.434Z,40557,9653000,10920000
2026-09-19T00:09:08.434Z,83260,10000,294600
2026-09-19T00:09:08.434Z,31944,30050000,32780000
2026-09-19T00:09:08.434Z,57449,378800000,389000000
2026-09-19T00:09:08.434Z,90459,879200,950000
2026-09-19T00:09:08.434Z,22122,185100000,218900000
2026-09-19T00:09:08.434Z,47136,26650000,39990000
2026-09-19T00:09:08.434Z,12017,219800000,232600000
2026-09-19T00:09:08.434Z,41217,41680000,44920000
2026-09-19T00:09:08.434Z,57444,80100000,87620000
2026-09-19T00:09:08.434Z,54915,225900000,649900000
2026-09-19T00:09:08.434Z,26334,5909000,61320000
2026-09-19T00:09:08.434Z,33896,9582000,9988000
2026-09-19T00:09:08.434Z,19284,36810000,44650000
2026-09-19T00:09:08.434Z,48112,32160,32290
2026-09-19T00:09:08.434Z,14262,138400000,153800000
2026-09-19T00:09:08.434Z,50145,3413000,9000000
2026-09-19T00:09:08.434Z,245,2031,4288
2026-09-19T00:09:08.434Z,4397,791000,1169000
2026-09-19T00:09:08.434Z,7049,250000,239700
2026-09-19T00:09:08.434Z,23711,6103,11930
2026-09-19T00:09:08.434Z,56066,88330,162400
2026-09-19T00:09:08.434Z,76951,810100000,3800000000
2026-09-19T00:09:08.434Z,2531,576000,836500
2026-09-19T00:09:08.434Z,28409,133.4,1298000
2026-09-19T00:09:08.434Z,41204,5029000000,5973000000
2026-09-19T00:09:08.434Z,5339,1235,7000
2026-09-19T00:09:08.434Z,46864,347200,8976000
2026-09-19T00:09:08.434Z,46381,5824000,5826000
2026-09-19T00:09:08.434Z,47934,3123,3437
2026-09-19T00:09:08.434Z,85233,1004000,6897000
2026-09-19T00:09:08.434Z,20185,1425000000,1568000000
2026-09-19T00:09:08.434Z,57016,,11000000
2026-09-19T00:09:08.434Z,37304,159300000,180900000
2026-09-19T00:09:08.434Z,25888,5146000,6395000
2026-09-19T00:09:08.434Z,57529,1001000,79950000
2026-09-19T00:09:08.434Z,62455,1167,1248
2026-09-19T00:09:08.434Z,16273,95.09,99.44
2026-09-19T00:09:08.434Z,27064,34720000,39520000
2026-09-19T00:09:08.434Z,32872,950900,1149000
2026-09-19T00:09:08.434Z,3162,315500,417600
2026-09-19T00:09:08.434Z,16697,400100,4000000
2026-09-19T00:09:08.434Z,26412,65510000,66820000
2026-09-19T00:09:08.434Z,32071,76240,999600
2026-09-19T00:09:08.434Z,31904,8707000,12310000
2026-09-19T00:09:08.434Z,39,1087,1108
2026-09-19T00:09:08.434Z,16662,6202,12490
2026-09-19T00:09:08.434Z,21922,664.1,750.8
2026-09-19T00:09:08.434Z,17726,395100000,428100000
2026-09-19T00:09:08.434Z,42158,10950000,244900000
2026-09-19T00:09:08.434Z,14128,6019000,6525000
2026-09-19T00:09:08.434Z,2969,1356000,1486000
2026-09-19T00:09:08.434Z,19950,10010,19020
2026-09-19T00:09:08.434Z,77961,721000000,1299000000
2026-09-19T00:09:08.434Z,52225,23500000,27950000
2026-09-19T00:09:08.434Z,57474,82730000,98940000
2026-09-19T00:09:08.434Z,14162,16000000,37810000
2026-09-19T00:09:08.434Z,47761,68800,92960
2026-09-19T00:09:08.434Z,19952,12800,18000
2026-09-19T00:09:08.434Z,18861,37900000,45540000
2026-09-19T00:09:08.434Z,12787,154.2,185.3
2026-09-19T00:09:08.434Z,25613,390000,399900
2026-09-19T00:09:08.434Z,31924,1710000,2257000
2026-09-19T00:09:08.434Z,249,1880,3670
2026-09-19T00:09:08.434Z,21512,45400,26830000
2026-09-19T00:09:08.434Z,30311,78520,87790
2026-09-19T00:09:08.434Z,90701,,5000000
2026-09-19T00:09:08.434Z,52244,449900000,600000000
2026-09-19T00:09:08.434Z,41476,456000,744900
2026-09-19T00:09:08.434Z,19937,4252,33380
2026-09-19T00:09:08.434Z,2399,815.2,869.2
2026-09-19T00:09:08.434Z,97199,18200000,69900000
2026-09-19T00:09:08.434Z,24513,401,433.3
2026-09-19T00:09:08.434Z,31280,2957000,3135000
2026-09-19T00:09:08.434Z,90697,,1.01
2026-09-19T00:09:08.434Z,2348,122000,128400
2026-09-19T00:09:08.434Z,21790,201.3,158600
2026-09-19T00:09:08.434Z,6923,50000,195000
2026-09-19T00:09:08.434Z,2464,4405,5900
2026-09-19T00:09:08.434Z,1537,2657000,6559000
2026-09-19T00:09:08.434Z,41220,55660000,59360000
2026-09-19T00:09:08.434Z,6721,37080,136700
2026-09-19T00:09:08.434Z,24533,430,462.1
2026-09-19T00:09:08.434Z,47843,51900000,79890000
2026-09-19T00:09:08.434Z,14142,29760000,32770000
2026-09-19T00:09:08.434Z,3530,940000,1069000
2026-09-19T00:09:08.434Z,89119,7100000,25080000
2026-09-19T00:09:08.434Z,31105,197800,258700
2026-09-19T00:09:08.434Z,31900,38590000,40860000
2026-09-19T00:09:08.434Z,62454,901,1100
2026-09-19T00:09:08.434Z,12005,131800000,133800000
2026-09-19T00:09:08.434Z,31692,201,23050
2026-09-19T00:09:08.434Z,31810,4075000,4812000
2026-09-19T00:09:08.434Z,25594,75010,75160
2026-09-19T00:09:08.434Z,49796,320000,9000000
2026-09-19T00:09:08.434Z,47356,20140000,24960000
2026-09-19T00:09:08.434Z,24283,57620000,66820000
2026-09-19T00:09:08.434Z,23158,26.69,26.7
2026-09-19T00:09:08.434Z,82366,140000,239300
2026-09-19T00:09:08.434Z,2873,258900,297100
2026-09-19T00:09:08.434Z,31039,5025000,5390000
2026-09-19T00:09:08.434Z,15632,8811000,9298000
2026-09-19T00:09:08.434Z,45629,30020000,36320000
2026-09-19T00:09:08.434Z,21491,3152000,22040000
2026-09-19T00:09:08.434Z,15596,604.7,2811
2026-09-19T00:09:08.434Z,11351,45120,64950
2026-09-19T00:09:08.434Z,41404,17100000,37000000
2026-09-19T00:09:08.434Z,40,2173,2225
2026-09-19T00:09:08.434Z,16054,43290000,78900000
2026-09-19T00:09:08.434Z,13783,7573000,13800000
2026-09-19T00:09:08.434Z,85143,280100,400000
2026-09-19T00:09:08.434Z,23717,1262,39600
2026-09-19T00:09:08.434Z,15598,8707,8724
2026-09-19T00:09:08.434Z,9838,11160,11950
2026-09-19T00:09:08.434Z,73437,60060000,350000000
2026-09-19T00:09:08.434Z,11578,4733000,5035000
2026-09-19T00:09:08.434Z,90613,40000,68990
2026-09-19T00:09:08.434Z,15604,978300,1185000
2026-09-19T00:09:08.434Z,12565,80270,86280
2026-09-19T00:09:08.434Z,5533,42900,67000
2026-09-19T00:09:08.434Z,6719,231300,398100
2026-09-19T00:09:08.434Z,41367,40010000,380000000
2026-09-19T00:09:08.434Z,5405,14300,22730
2026-09-19T00:09:08.434Z,25620,17270,18000
2026-09-19T00:09:08.434Z,60160,681100000,1865000000
2026-09-19T00:09:08.434Z,23898,3716000,6897000
2026-09-19T00:09:08.434Z,13224,172400,468800
2026-09-19T00:09:08.434Z,8027,618100,718800
2026-09-19T00:09:08.434Z,47035,7255000,9597000
2026-09-19T00:09:08.434Z,31704,100.6,87920
2026-09-19T00:09:08.434Z,9632,260100,290600
2026-09-19T00:09:08.434Z,47845,22340000,34940000
2026-09-19T00:09:08.434Z,15592,800600,800900
2026-09-19T00:09:08.434Z,37455,6806000,8198000
2026-09-19T00:09:08.434Z,82393,620000,1945000
2026-09-19T00:09:08.434Z,23527,394000,405900
2026-09-19T00:09:08.434Z,37480,39390000,43320000
2026-09-19T00:09:08.434Z,88555,100000,6734000
2026-09-19T00:09:08.434Z,46227,3015000,9925000
2026-09-19T00:09:08.434Z,52226,221100000,268700000
2026-09-19T00:09:08.434Z,14411,2013000,184000000
2026-09-19T00:09:08.434Z,15614,142000,146900
2026-09-19T00:09:08.434Z,89938,40000,99990
2026-09-19T00:09:08.434Z,3578,1476000,1670000
2026-09-19T00:09:08.434Z,20987,1027,1028
2026-09-19T00:09:08.434Z,5321,3572,7890
2026-09-19T00:09:08.434Z,12013,198500000,209200000
2026-09-19T00:09:08.434Z,44919,156000,26990000
2026-09-19T00:09:08.434Z,46781,105000,889800
2026-09-19T00:09:08.434Z,16640,562,630
2026-09-19T00:09:08.434Z,25861,21150,44970
2026-09-19T00:09:08.434Z,16664,6511,7236
2026-09-19T00:09:08.434Z,33440,24600,68480
2026-09-19T00:09:08.434Z,84173,4502000,7499000
2026-09-19T00:09:08.434Z,9580,161900,186000
2026-09-19T00:09:08.434Z,2488,298500,323400
2026-09-19T00:09:08.434Z,23838,2520000,11000000
2026-09-19T00:09:08.434Z,20505,517200000,600000000
2026-09-19T00:09:08.434Z,27441,927.3,1008
2026-09-19T00:09:08.434Z,10222,87770000,97920000
2026-09-19T00:09:08.434Z,25598,2788,3064
2026-09-19T00:09:08.434Z,47818,86020000,98780000
2026-09-19T00:09:08.434Z,14134,21720000,21730000
2026-09-19T00:09:08.434Z,86678,10100,969300
2026-09-19T00:09:08.434Z,29986,218300000,232300000
2026-09-19T00:09:08.434Z,14070,50430000,54420000
2026-09-19T00:09:08.434Z,46822,25010,1399000
2026-09-19T00:09:08.434Z,15510,29710,34580
2026-09-19T00:09:08.434Z,22291,694900,754200
2026-09-19T00:09:08.434Z,46952,1000,2150000
2026-09-19T00:09:08.434Z,17484,55460000,95990000
2026-09-19T00:09:08.434Z,247,8002,23960
2026-09-19T00:09:08.434Z,31346,19010,68480
2026-09-19T00:09:08.434Z,34089,305300,2925000
2026-09-19T00:09:08.434Z,219,7.11,11.47
2026-09-19T00:09:08.434Z,21088,2000000,4597000
2026-09-19T00:09:08.434Z,35659,12830,15960
2026-09-19T00:09:08.434Z,56286,,4890000000
2026-09-19T00:09:08.434Z,17634,30130000,36520000
2026-09-19T00:09:08.434Z,14204,112000000,124400000
2026-09-19T00:09:08.434Z,94144,100000,382800
2026-09-19T00:09:08.434Z,92454,213300000,230000000
2026-09-19T00:09:08.434Z,28672,2454000,2623000
2026-09-19T00:09:08.434Z,8175,1461,8000
2026-09-19T00:09:08.434Z,47874,745800,2494000
2026-09-19T00:09:08.434Z,519,758600,831700
2026-09-19T00:09:08.434Z,6159,4556,6984
2026-09-19T00:09:08.434Z,47798,250000,900000
2026-09-19T00:09:08.434Z,28363,220200,247800
2026-09-19T00:09:08.434Z,13879,8179000,23040000
2026-09-19T00:09:08.434Z,27779,8129000,35000000
2026-09-19T00:09:08.434Z,15992,19190,26870
2026-09-19T00:09:08.434Z,15594,3852000,4025000
2026-09-19T00:09:08.434Z,43825,262000000,400000000
2026-09-19T00:09:08.434Z,2436,1543000,1591000
2026-09-19T00:09:08.434Z,19923,10110,38810
2026-09-19T00:09:08.434Z,13320,16350,93290
2026-09-19T00:09:08.434Z,89673,100000000,164600000
2026-09-19T00:09:08.434Z,20420,88490,97800
2026-09-19T00:09:08.434Z,46878,1104000,4436000
2026-09-19T00:09:08.434Z,56890,136300000,447000000
2026-09-19T00:09:08.434Z,79730,3009000,18190000
2026-09-19T00:09:08.434Z,56904,1210000,375000000
2026-09-19T00:09:08.434Z,44180,53000,2317000
2026-09-19T00:09:08.434Z,35943,16060000,17910000
2026-09-19T00:09:08.434Z,8641,353000,431800
2026-09-19T00:09:08.434Z,42831,126.8,289.8
2026-09-19T00:09:08.434Z,30753,25230000,29180000
2026-09-19T00:09:08.434Z,10850,400100,466800
2026-09-19T00:09:08.434Z,21096,2242000,2567000
2026-09-19T00:09:08.434Z,41198,3969000,4881000
2026-09-19T00:09:08.434Z,47921,6785000,10430000
2026-09-19T00:09:08.434Z,42522,91000000,108200000
2026-09-19T00:09:08.434Z,19288,12250000,14060000
2026-09-19T00:09:08.434Z,521,9849000,17290000
2026-09-19T00:09:08.434Z,45833,61310,61320
2026-09-19T00:09:08.434Z,88529,10000,71000
2026-09-19T00:09:08.434Z,53977,52730,63880
2026-09-19T00:09:08.434Z,17186,3008000,7336000
2026-09-19T00:09:08.434Z,35922,36470000,41960000
2026-09-19T00:09:08.434Z,13957,76520000,90930000
2026-09-19T00:09:08.434Z,85545,362800000,397400000
2026-09-19T00:09:08.434Z,12021,195600000,215000000
2026-09-19T00:09:08.434Z,11959,133500000,138100000
2026-09-19T00:09:08.434Z,85514,96970000,131000000
2026-09-19T00:09:08.434Z,15673,1388000,1590000
2026-09-19T00:09:08.434Z,42206,66410000,72980000
2026-09-19T00:09:08.434Z,47746,240500,322700
2026-09-19T00:09:08.434Z,19984,4236,23700
2026-09-19T00:09:08.434Z,81348,7.22,19.95
2026-09-19T00:09:08.434Z,62525,25.36,27.55
2026-09-19T00:09:08.434Z,60283,374700,418000
2026-09-19T00:09:08.434Z,19272,2328000,5285000
2026-09-19T00:09:08.434Z,56598,,8386000000
2026-09-19T00:09:08.434Z,2319,10200,10390
2026-09-19T00:09:08.434Z,17843,36680000,38700000
2026-09-19T00:09:08.434Z,594,91060,100500
2026-09-19T00:09:08.434Z,11200,13610000,14350000
2026-09-19T00:09:08.434Z,9848,74210,82160
2026-09-19T00:09:08.434Z,3348,502,40000
2026-09-19T00:09:08.434Z,11259,275000,899600
2026-09-19T00:09:08.434Z,18831,114900000,124500000
2026-09-19T00:09:08.434Z,4002,3010000000,10000000000
2026-09-19T00:09:08.434Z,32853,651000000,980000000
2026-09-19T00:09:08.434Z,33109,280000000,445500000
2026-09-19T00:09:08.434Z,61867,85900000,189500000
2026-09-19T00:09:08.434Z,34208,4545000,5639000
2026-09-19T00:09:08.434Z,33754,72000000,86990000
2026-09-19T00:09:08.434Z,4019,30270000,85170000
2026-09-19T00:09:08.434Z,25605,22610,24110
2026-09-19T00:09:08.434Z,33214,1000000,28900000
2026-09-19T00:09:08.434Z,33792,3011000,18570000
2026-09-19T00:09:08.434Z,3186,4539000,4890000
2026-09-19T00:09:08.434Z,46821,207300,2999000
2026-09-19T00:09:08.434Z,46960,100400,3800000
2026-09-19T00:09:08.434Z,46817,50.01,4850000
2026-09-19T00:09:08.434Z,57005,1001000,2343000
2026-09-19T00:09:08.434Z,23049,1135,2665
2026-09-19T00:09:08.434Z,60680,202500,1490000
2026-09-19T00:09:08.434Z,17480,34160000,38560000
2026-09-19T00:09:08.434Z,47867,4607,48840
2026-09-19T00:09:08.434Z,8821,21660,55140
2026-09-19T00:09:08.434Z,40335,7018,12980
2026-09-19T00:09:08.434Z,27413,955.7,1026
2026-09-19T00:09:08.434Z,12034,13730000,14380000
2026-09-19T00:09:08.434Z,22121,92020000,99800000
2026-09-19T00:09:08.434Z,23177,5746000,8192000
2026-09-19T00:09:08.434Z,23172,35940000,40720000
2026-09-19T00:09:08.434Z,85778,1000,263500
2026-09-19T00:09:08.434Z,32880,192900,230000
2026-09-19T00:09:08.434Z,32307,372100000,399700000
2026-09-19T00:09:08.434Z,47892,23510,33520
2026-09-19T00:09:08.434Z,11554,40520,47620
2026-09-19T00:09:08.434Z,49740,9942000,10800000
2026-09-19T00:09:08.434Z,35656,15930,22130
2026-09-19T00:09:08.434Z,25619,1791000,1810000
2026-09-19T00:09:08.434Z,56132,107600,137700
2026-09-19T00:09:08.434Z,2410,1090000,1100000
2026-09-19T00:09:08.434Z,54557,50000000,70000000
2026-09-19T00:09:08.434Z,11531,31350,32360
2026-09-19T00:09:08.434Z,56201,595800000,699800000
2026-09-19T00:09:08.434Z,85643,352900,1369000
2026-09-19T00:09:08.434Z,94316,,245000000
2026-09-19T00:09:08.434Z,10217,90000000,97470000
2026-09-19T00:09:08.434Z,25707,41490,74960
2026-09-19T00:09:08.434Z,14252,98840000,106100000
2026-09-19T00:09:08.434Z,42207,108100000,115600000
2026-09-19T00:09:08.434Z,21570,1001000,1366000
2026-09-19T00:09:08.434Z,43726,781000000,1097000000
2026-09-19T00:09:08.434Z,24560,6106000,13160000
2026-09-19T00:09:08.434Z,90611,158600,940000
2026-09-19T00:09:08.434Z,15902,3564000,6795000
2026-09-19T00:09:08.434Z,60476,364000000,395000000
2026-09-19T00:09:08.434Z,83307,10000,134100
2026-09-19T00:09:08.434Z,5649,222,3282
2026-09-19T00:09:08.434Z,18843,1516000,4488000
2026-09-19T00:09:08.434Z,21569,31000000,34020000
2026-09-19T00:09:08.434Z,15587,4500,4501
2026-09-19T00:09:08.434Z,12745,130600000,144200000
2026-09-19T00:09:08.434Z,49955,545300000,1395000000
2026-09-19T00:09:08.434Z,42145,17490000,20970000
2026-09-19T00:09:08.434Z,27190,163300000,198900000
2026-09-19T00:09:08.434Z,41490,755800,797400
2026-09-19T00:09:08.434Z,57487,180200000,207800000
2026-09-19T00:09:08.434Z,1800,6778000,60480000
2026-09-19T00:09:08.434Z,16301,8505,23030
2026-09-19T00:09:08.434Z,30251,216200,231400
2026-09-19T00:09:08.434Z,2876,1916000,2094000
2026-09-19T00:09:08.434Z,95296,70000000,125000000
2026-09-19T00:09:08.434Z,79951,78110000,119000000
2026-09-19T00:09:08.434Z,46901,10100000,39000000
2026-09-19T00:09:08.434Z,19053,24950000,29560000
2026-09-19T00:09:08.434Z,85547,150000000,342800000
2026-09-19T00:09:08.434Z,31596,167900000,369300000
2026-09-19T00:09:08.434Z,44904,26,22870000
2026-09-19T00:09:08.434Z,86120,3182000,14200000
2026-09-19T00:09:08.434Z,93832,2502000,3257000
2026-09-19T00:09:08.434Z,4188,121000,26410000
2026-09-19T00:09:08.434Z,25609,1557000,1616000
2026-09-19T00:09:08.434Z,2801,1340,1444
2026-09-19T00:09:08.434Z,19200,137600000,150400000
2026-09-19T00:09:08.434Z,48589,0.01,1000000
2026-09-19T00:09:08.434Z,33015,100000,93900000
2026-09-19T00:09:08.434Z,84342,500200,2655000
2026-09-19T00:09:08.434Z,37479,585300,717700
2026-09-19T00:09:08.434Z,57450,102900000,112800000
2026-09-19T00:09:08.434Z,48492,10000000,200000000
2026-09-19T00:09:08.434Z,251,2750,8796
2026-09-19T00:09:08.434Z,85965,50090000,284400000
2026-09-19T00:09:08.434Z,29073,351700,846100
2026-09-19T00:09:08.434Z,4833,5148,11990
2026-09-19T00:09:08.434Z,52309,38150,40500
2026-09-19T00:09:08.434Z,19359,142000000,153700000
2026-09-19T00:09:08.434Z,46897,1003000,11970000
2026-09-19T00:09:08.434Z,37456,7005000,8397000
2026-09-19T00:09:08.434Z,63777,7246,90000
2026-09-19T00:09:08.434Z,58873,12000000,19990000
2026-09-19T00:09:08.434Z,54966,2800000,6078000
2026-09-19T00:09:08.434Z,52314,66100,70770
2026-09-19T00:09:08.434Z,33516,143200000,155500000
2026-09-19T00:09:08.434Z,25617,215100,215200
2026-09-19T00:09:08.434Z,59816,5200000,698300000
2026-09-19T00:09:08.434Z,47734,13070000,14240000
2026-09-19T00:09:08.434Z,47915,35260000,39740000
2026-09-19T00:09:08.434Z,57448,605000,830800
2026-09-19T00:09:08.434Z,22175,36390,46400
2026-09-19T00:09:08.434Z,220,7.3,14.29
2026-09-19T00:09:08.434Z,47544,5485,195500
2026-09-19T00:09:08.434Z,40756,40490000,53950000
2026-09-19T00:09:08.434Z,83354,,499900
2026-09-19T00:09:08.434Z,7453,447700,529900
2026-09-19T00:09:08.434Z,90592,805300,1225000
2026-09-19T00:09:08.434Z,60312,1463000,3610000
2026-09-19T00:09:08.434Z,47763,500,2201
2026-09-19T00:09:08.434Z,222,17.8,19
2026-09-19T00:09:08.434Z,19321,151300000,170000000
2026-09-19T00:09:08.434Z,16002,188200,246900
2026-09-19T00:09:08.434Z,47729,60320,114000
2026-09-19T00:09:08.434Z,26342,300100,4493000
2026-09-19T00:09:08.434Z,19257,6717000,13870000
2026-09-19T00:09:08.434Z,47541,100500000,478900000
2026-09-19T00:09:08.434Z,33180,68340,84900
2026-09-19T00:09:08.434Z,54401,199800000,232600000
2026-09-19T00:09:08.434Z,14208,139500000,147900000
2026-09-19T00:09:08.434Z,15681,114700000,122000000
2026-09-19T00:09:08.434Z,34595,91340000,135500000
2026-09-19T00:09:08.434Z,25601,3262,3263
2026-09-19T00:09:08.434Z,30834,786100,823900
2026-09-19T00:09:08.434Z,33199,514100,926900
2026-09-19T00:09:08.434Z,41506,87560000,99980000
2026-09-19T00:09:08.434Z,15612,25940,44990
2026-09-19T00:09:08.434Z,45662,1201,1288
2026-09-19T00:09:08.434Z,3544,301000000,397800000
2026-09-19T00:09:08.434Z,83378,10000,369900
2026-09-19T00:09:08.434Z,19036,236500000,262500000
2026-09-19T00:09:08.434Z,63695,9201000,24800000
2026-09-19T00:09:08.434Z,19363,4269000,5880000
2026-09-19T00:09:08.434Z,19301,32390000,36920000
2026-09-19T00:09:08.434Z,47900,31790,42700
2026-09-19T00:09:08.434Z,21638,739000,791700
2026-09-19T00:09:08.434Z,73408,401.4,884.5
2026-09-19T00:09:08.434Z,53890,108200000,228900000
2026-09-19T00:09:08.434Z,3839,54810,87980
2026-09-19T00:09:08.434Z,47754,1682000,1999000
2026-09-19T00:09:08.434Z,29266,666000,832000
2026-09-19T00:09:08.434Z,57446,971600,999500
2026-09-19T00:09:08.434Z,42701,120000,1000000
2026-09-19T00:09:08.434Z,13960,52410000,62940000
2026-09-19T00:09:08.434Z,85003,,990000000
2026-09-19T00:09:08.434Z,13257,2096000,5016000
2026-09-19T00:09:08.434Z,64397,3007000,639600000
2026-09-19T00:09:08.434Z,11303,46660,233300
2026-09-19T00:09:08.434Z,23144,22490,43700
2026-09-19T00:09:08.434Z,12608,53.24,62.78
2026-09-19T00:09:08.434Z,33850,80860000,135500000
2026-09-19T00:09:08.434Z,31486,1525000,1850000
2026-09-19T00:09:08.434Z,93353,32000000,138900000
2026-09-19T00:09:08.434Z,54830,14110,199800
2026-09-19T00:09:08.434Z,19982,2300,4998
2026-09-19T00:09:08.434Z,18809,154500000,168400000
2026-09-19T00:09:08.434Z,16475,203100,237800
2026-09-19T00:09:08.434Z,3214,551000000,625300000
2026-09-19T00:09:08.434Z,15589,15000,15010
2026-09-19T00:09:08.434Z,47738,40850000,45430000
2026-09-19T00:09:08.434Z,1804,793400,10000000
2026-09-19T00:09:08.434Z,90597,1010,38000
2026-09-19T00:09:08.434Z,15661,1001000,1055000
2026-09-19T00:09:08.434Z,16634,166.3,184.5
2026-09-19T00:09:08.434Z,19225,2514000,5494000
2026-09-19T00:09:08.434Z,2524,90080,95960
2026-09-19T00:09:08.434Z,29337,30000000,38850000
2026-09-19T00:09:08.434Z,9840,12630,13740
2026-09-19T00:09:08.434Z,88133,2258000,3341000
2026-09-19T00:09:08.434Z,47269,17980000,20400000
2026-09-19T00:09:08.434Z,62463,259.7,1234
2026-09-19T00:09:08.434Z,11393,22460000,22960000
2026-09-19T00:09:08.434Z,26068,5618000,6589000
2026-09-19T00:09:08.434Z,19739,2080000,2208000
2026-09-19T00:09:08.434Z,13998,89850000,107600000
2026-09-19T00:09:08.434Z,60288,217500,288900
2026-09-19T00:09:08.434Z,5945,537700,589500
2026-09-19T00:09:08.434Z,16661,600.2,713.8
2026-09-19T00:09:08.434Z,57014,3300000,12030000
2026-09-19T00:09:08.434Z,31049,284000000,432800000
2026-09-19T00:09:08.434Z,31358,649800,746000
2026-09-19T00:09:08.434Z,12789,70.13,78.92
2026-09-19T00:09:08.434Z,2420,3851000,4174000
2026-09-19T00:09:08.434Z,64378,573000000,1121000000
2026-09-19T00:09:08.434Z,47037,18130000,23310000
2026-09-19T00:09:08.434Z,18626,21560,107700
2026-09-19T00:09:08.434Z,85467,20100000,32950000
2026-09-19T00:09:08.434Z,31886,2542000,2866000
2026-09-19T00:09:08.434Z,60432,0.01,1224000
2026-09-19T00:09:08.434Z,30540,1385000,5230000
2026-09-19T00:09:08.434Z,45608,34750000,37570000
2026-09-19T00:09:08.434Z,30993,27190000,29920000
2026-09-19T00:09:08.434Z,15898,14670000,20930000
2026-09-19T00:09:08.434Z,253,5501,12840
2026-09-19T00:09:08.434Z,2539,473700,630800
2026-09-19T00:09:08.434Z,22126,43840000,50940000
2026-09-19T00:09:08.434Z,33756,20000000,57670000
2026-09-19T00:09:08.434Z,47901,2166000,2369000
2026-09-19T00:09:08.434Z,56078,63020,87990
2026-09-19T00:09:08.434Z,41632,,109900000
2026-09-19T00:09:08.434Z,93963,7005000,12000000
2026-09-19T00:09:08.434Z,24531,472,552.8
2026-09-19T00:09:08.434Z,5320,5800,9345
2026-09-19T00:09:08.434Z,22778,80690,88360
2026-09-19T00:09:08.434Z,46539,254600000,299900000
2026-09-19T00:09:08.434Z,40568,24670000,31710000
2026-09-19T00:09:08.434Z,34363,6000000,49770000
2026-09-19T00:09:08.434Z,60291,121600,211000
2026-09-19T00:09:08.434Z,21596,56.03,56.04
2026-09-19T00:09:08.434Z,31884,2063000,2226000
2026-09-19T00:09:08.434Z,31374,19650000,19680000
2026-09-19T00:09:08.434Z,26376,62170000,89380000
2026-09-19T00:09:08.434Z,26088,5507000,5636000
2026-09-19T00:09:08.434Z,23152,19250000,21320000
2026-09-19T00:09:08.434Z,25894,6816000,7196000
2026-09-19T00:09:08.434Z,56134,8103,10110
2026-09-19T00:09:08.434Z,20739,2133,3382
2026-09-19T00:09:08.434Z,52311,421600,477800
2026-09-19T00:09:08.434Z,35788,15000,27930
2026-09-19T00:09:08.434Z,19345,77230000,95500000
2026-09-19T00:09:08.434Z,37250,550000000,1415000000
2026-09-19T00:09:08.434Z,33283,73150000,468600000
2026-09-19T00:09:08.434Z,56140,42710000,44850000
2026-09-19T00:09:08.434Z,13241,300000,3000000
2026-09-19T00:09:08.434Z,15650,2000000,2297000
2026-09-19T00:09:08.434Z,28576,504100,569600
2026-09-19T00:09:08.434Z,41621,,64900000
2026-09-19T00:09:08.434Z,21264,4761000,6799000
2026-09-19T00:09:08.434Z,92586,76000000,181000000
2026-09-19T00:09:08.434Z,44923,3094000,18830000
2026-09-19T00:09:08.434Z,19239,6769,649000
2026-09-19T00:09:08.434Z,45602,31760000,36800000
2026-09-19T00:09:08.434Z,48383,70890000,136700000
2026-09-19T00:09:08.434Z,17924,84530000,97090000
2026-09-19T00:09:08.434Z,9135,42370,84640
2026-09-19T00:09:08.434Z,16057,50010000,120300000
2026-09-19T00:09:08.434Z,85662,293500000,370000000
2026-09-19T00:09:08.434Z,25908,1519000,6068000
2026-09-19T00:09:08.434Z,47750,818000,1366000
2026-09-19T00:09:08.434Z,44943,110300,24980000
2026-09-19T00:09:08.434Z,88087,5.02,9.86
2026-09-19T00:09:08.434Z,9287,240900,329800
2026-09-19T00:09:08.434Z,12204,1644000,3439000
2026-09-19T00:09:08.434Z,25563,998900,1615000
2026-09-19T00:09:08.434Z,27182,427.4,341700
2026-09-19T00:09:08.434Z,76490,1010000,2999000
2026-09-19T00:09:08.434Z,30024,3919,4348
2026-09-19T00:09:08.434Z,3893,30500000,35800000
2026-09-19T00:09:08.434Z,27579,9023000,31930000
2026-09-19T00:09:08.434Z,14220,130100,29280000
2026-09-19T00:09:08.434Z,27405,960.2,1017
2026-09-19T00:09:08.434Z,20569,16080000,18660000
2026-09-19T00:09:08.434Z,85475,25290000,51990000
2026-09-19T00:09:08.434Z,20419,89690,97750
2026-09-19T00:09:08.434Z,21584,239700,599800
2026-09-19T00:09:08.434Z,41224,75120000,166900000
2026-09-19T00:09:08.434Z,37482,40460000,52070000
2026-09-19T00:09:08.434Z,54753,880000000,977400000
2026-09-19T00:09:08.434Z,52313,30210,34880
2026-09-19T00:09:08.434Z,41054,683100,754900
2026-09-19T00:09:08.434Z,61211,767300,991700
2026-09-19T00:09:08.434Z,8295,2033,4581
2026-09-19T00:09:08.434Z,14049,10960000,11680000
2026-09-19T00:09:08.434Z,88550,40010,1968000
2026-09-19T00:09:08.434Z,87832,180500,500000
2026-09-19T00:09:08.434Z,3082,1161000,1274000
2026-09-19T00:09:08.434Z,43805,5033000,145000000
2026-09-19T00:09:08.434Z,9830,11330,11930
2026-09-19T00:09:08.434Z,21728,75800,275500
2026-09-19T00:09:08.434Z,21720,8690000,9980000
2026-09-19T00:09:08.434Z,31161,1168000,1209000
2026-09-19T00:09:08.434Z,48416,43540,142800
2026-09-19T00:09:08.434Z,14258,100500000,120800000
2026-09-19T00:09:08.434Z,38,660.1,689.4
2026-09-19T00:09:08.434Z,41615,100,100900000
2026-09-19T00:09:08.434Z,27427,282,584.7
2026-09-19T00:09:08.434Z,13925,35970000,40850000
2026-09-19T00:09:08.434Z,56923,1000000,3142000
2026-09-19T00:09:08.434Z,90469,87290000,100400000
2026-09-19T00:09:08.434Z,86113,132000,1989000
2026-09-19T00:09:08.434Z,2364,785300,847600
2026-09-19T00:09:08.434Z,21722,2761000,3134000
2026-09-19T00:09:08.434Z,81046,158800000,164300000
2026-09-19T00:09:08.434Z,4787,17540,22920
2026-09-19T00:09:08.434Z,3146,1721000,1843000
2026-09-19T00:09:08.434Z,14015,15260,74750
2026-09-19T00:09:08.434Z,21076,23980,162600
2026-09-19T00:09:08.434Z,11186,16850000,18290000
2026-09-19T00:09:08.434Z,25565,1098,25000
2026-09-19T00:09:08.434Z,81350,97.82,112.1
2026-09-19T00:09:08.434Z,31364,3372000,4746000
2026-09-19T00:09:08.434Z,45591,35600000,38990000
2026-09-19T00:09:08.434Z,2466,277100,300300
2026-09-19T00:09:08.434Z,20280,74040000,83970000
2026-09-19T00:09:08.434Z,60292,328900,398200
2026-09-19T00:09:08.434Z,15138,919100000,1301000000
2026-09-19T00:09:08.434Z,5757,181200,198500
2026-09-19T00:09:08.434Z,85456,45990000,67900000
2026-09-19T00:09:08.434Z,527,760000,816800
2026-09-19T00:09:08.434Z,16679,644.1,698.6
2026-09-19T00:09:08.434Z,2559,812600,999400
2026-09-19T00:09:08.434Z,7327,60060,114700
2026-09-19T00:09:08.434Z,30486,432400,472000
2026-09-19T00:09:08.434Z,90619,1000000,2950000
2026-09-19T00:09:08.434Z,37483,37510000,39350000
2026-09-19T00:09:08.434Z,5340,7114,8895
2026-09-19T00:09:08.434Z,9772,487900,507000
2026-09-19T00:09:08.434Z,8529,46070,53950
2026-09-19T00:09:08.434Z,14146,47930000,57900000
2026-09-19T00:09:08.434Z,59227,523400000,9976000000
2026-09-19T00:09:08.434Z,3025,1715000,1887000
2026-09-19T00:09:08.434Z,64596,2795,2797000000
2026-09-19T00:09:08.434Z,31159,213100,234500
2026-09-19T00:09:08.434Z,20767,73220,106400
2026-09-19T00:09:08.434Z,2998,89070000,94860000
2026-09-19T00:09:08.434Z,2317,9100,9277
2026-09-19T00:09:08.434Z,47257,290000,333900
2026-09-19T00:09:08.434Z,22125,32310000,39340000
2026-09-19T00:09:08.434Z,47902,9367000,9368000
2026-09-19T00:09:08.434Z,44268,82.03,379.3
2026-09-19T00:09:08.434Z,46016,200400000,12210000000
2026-09-19T00:09:08.434Z,24698,43180000,46760000
2026-09-19T00:09:08.434Z,17728,374400000,400300000
2026-09-19T00:09:08.434Z,47906,7490000,8380000
2026-09-19T00:09:08.434Z,233,35,54.78
2026-09-19T00:09:08.434Z,76157,3202000,18090000
2026-09-19T00:09:08.434Z,33985,69130000,81310000
2026-09-19T00:09:08.434Z,31167,0.01,12870000
2026-09-19T00:09:08.434Z,28668,24190,25630
2026-09-19T00:09:08.434Z,23161,26.03,59.67
2026-09-19T00:09:08.434Z,33555,87420000,117000000
2026-09-19T00:09:08.434Z,34049,10000000,75500000
2026-09-19T00:09:08.434Z,17210,2053000,3954000
2026-09-19T00:09:08.434Z,18682,60760000,74660000
2026-09-19T00:09:08.434Z,24417,865200,946100
2026-09-19T00:09:08.434Z,37544,5000,10980
2026-09-19T00:09:08.434Z,3536,270100000,317300000
2026-09-19T00:09:08.434Z,82388,20000,950000
2026-09-19T00:09:08.434Z,2321,13580,16390
2026-09-19T00:09:08.434Z,26076,200000,335000
2026-09-19T00:09:08.434Z,27625,200000,15000000
2026-09-19T00:09:08.434Z,37481,38430000,44850000
2026-09-19T00:09:08.434Z,18849,362000000,401400000
2026-09-19T00:09:08.434Z,486,6053,29870
2026-09-19T00:09:08.434Z,28814,5350000,51050000
2026-09-19T00:09:08.434Z,87830,440000,1212000
2026-09-19T00:09:08.434Z,90472,603.4,744900
2026-09-19T00:09:08.434Z,8535,35120,54970
2026-09-19T00:09:08.434Z,11269,685900,741500
2026-09-19T00:09:08.434Z,35682,90070000,1420000000
2026-09-19T00:09:08.434Z,83219,10000,49930
2026-09-19T00:09:08.434Z,47919,61120000,64120000
2026-09-19T00:09:08.434Z,37846,6839,9990
2026-09-19T00:09:08.434Z,47801,55250,183400
2026-09-19T00:09:08.434Z,81951,875100000,1010000000
2026-09-19T00:09:08.434Z,53167,600000,3986000
2026-09-19T00:09:08.434Z,13972,3706000,3956000
2026-09-19T00:09:08.434Z,64593,12570000,1550000000
2026-09-19T00:09:08.434Z,76488,3001000,3798000
2026-09-19T00:09:08.434Z,92183,58190000,64090000
2026-09-19T00:09:08.434Z,11371,17660000,18420000
2026-09-19T00:09:08.434Z,193,107.6,133.6
2026-09-19T00:09:08.434Z,93345,340000,121100000
2026-09-19T00:09:08.434Z,18797,6319000,8608000
2026-09-19T00:09:08.434Z,31892,1791000,1899000
2026-09-19T00:09:08.434Z,47735,721800,793100
2026-09-19T00:09:08.434Z,33828,2604000,5997000
2026-09-19T00:09:08.434Z,90523,14400000,15750000
2026-09-19T00:09:08.434Z,80441,500100,4298000
2026-09-19T00:09:08.434Z,11082,395200,850900
2026-09-19T00:09:08.434Z,27179,148300000,166800000
2026-09-19T00:09:08.434Z,42189,3003000,3497000000
2026-09-19T00:09:08.434Z,85089,163500,172000
2026-09-19T00:09:08.434Z,83298,10000,147000
2026-09-19T00:09:08.434Z,8759,759600,2695000
2026-09-19T00:09:08.434Z,15994,25010,25020
2026-09-19T00:09:08.434Z,16636,305.4,323.7
2026-09-19T00:09:08.434Z,3683,435.2,453.1
2026-09-19T00:09:08.434Z,87769,10000000,30000000
2026-09-19T00:09:08.434Z,18768,68010000,77980000
2026-09-19T00:09:08.434Z,2398,375,400
2026-09-19T00:09:08.434Z,11691,17460,19830
2026-09-19T00:09:08.434Z,15965,79010000,85750000
2026-09-19T00:09:08.434Z,26340,11540000,79900000
2026-09-19T00:09:08.434Z,42773,588800,4180000
2026-09-19T00:09:08.434Z,91150,320100,7998000
2026-09-19T00:09:08.434Z,21388,6.01,30
2026-09-19T00:09:08.434Z,530,25030,85510
2026-09-19T00:09:08.434Z,33981,9251000,11410000
2026-09-19T00:09:08.434Z,201,220,249.3
2026-09-19T00:09:08.434Z,42202,20030000,37770000
2026-09-19T00:09:08.434Z,6811,210500,975400
2026-09-19T00:09:08.434Z,41036,50000000,369900000
2026-09-19T00:09:08.434Z,88481,10010,914000
2026-09-19T00:09:08.434Z,7667,35150,42800
2026-09-19T00:09:08.434Z,218,8.08,11.08
2026-09-19T00:09:08.434Z,27176,14320000,25450000
2026-09-19T00:09:08.434Z,40520,699900000,740000000
2026-09-19T00:09:08.434Z,33527,287000000,319900000
2026-09-19T00:09:08.434Z,14276,70330,71000
2026-09-19T00:09:08.434Z,5301,8880,18450
2026-09-19T00:09:08.434Z,17208,500,6995
2026-09-19T00:09:08.434Z,25713,21970,24980
2026-09-19T00:09:08.434Z,266,3.6,5.3
2026-09-19T00:09:08.434Z,16321,3500,9500
2026-09-19T00:09:08.434Z,42837,205.5,433.4
2026-09-19T00:09:08.434Z,6296,2700,7661
2026-09-19T00:09:08.434Z,19812,100,1832
2026-09-19T00:09:08.434Z,16305,6011,16410
2026-09-19T00:09:08.434Z,216,6.1,7.47
2026-09-19T00:09:08.434Z,6673,1034,8796
2026-09-19T00:09:08.434Z,14260,45910000,49660000
2026-09-19T00:09:08.434Z,44205,1010000,5989000
2026-09-19T00:09:08.434Z,12546,338000,339200
2026-09-19T00:09:08.434Z,25333,24020,44950
2026-09-19T00:09:08.434Z,31760,2759000,2876000
2026-09-19T00:09:08.434Z,20961,2.4,207
2026-09-19T00:09:08.434Z,30745,458300,480000
2026-09-19T00:09:08.434Z,3693,12000,12390
2026-09-19T00:09:08.434Z,57732,810000,1784000
2026-09-19T00:09:08.434Z,20749,990,2586
2026-09-19T00:09:08.434Z,21592,16.04,28.02
2026-09-19T00:09:08.434Z,57166,10000,1892000
2026-09-19T00:09:08.434Z,25590,74780,78800
2026-09-19T00:09:08.434Z,16670,76.15,82.9
2026-09-19T00:09:08.434Z,33681,191800000,210200000
2026-09-19T00:09:08.434Z,58865,1173,1098000
2026-09-19T00:09:08.434Z,73226,,28690000
2026-09-19T00:09:08.434Z,20857,2023000,4600000
2026-09-19T00:09:08.434Z,87507,2672000,6933000
2026-09-19T00:09:08.434Z,11433,1666000,4335000
2026-09-19T00:09:08.434Z,30746,1398000,1438000
2026-09-19T00:09:08.434Z,83360,360000,2499000
2026-09-19T00:09:08.434Z,28782,117300,65000000
2026-09-19T00:09:08.434Z,36912,21650000,35000000
2026-09-19T00:09:08.434Z,85677,4100000,9998000
2026-09-19T00:09:08.434Z,95412,10000,60000
2026-09-19T00:09:08.434Z,92451,208800000,210000000
2026-09-19T00:09:08.434Z,29079,1300000,1428000
2026-09-19T00:09:08.434Z,58882,5100000,19000000
2026-09-19T00:09:08.434Z,24443,722600,983300
2026-09-19T00:09:08.434Z,17476,35050000,37720000
2026-09-19T00:09:08.434Z,81948,68340000,74690000
2026-09-19T00:09:08.434Z,2872,1802000,1918000
2026-09-19T00:09:08.434Z,188,14.28,26.99
2026-09-19T00:09:08.434Z,90601,0.01,73990
2026-09-19T00:09:08.434Z,16447,13960,61950
2026-09-19T00:09:08.434Z,197,24.42,59.7
2026-09-19T00:09:08.434Z,83248,10000,237000
2026-09-19T00:09:08.434Z,88587,80000,1481000
2026-09-19T00:09:08.434Z,88677,60000,1500000
2026-09-19T00:09:08.434Z,22559,43100000,46240000
2026-09-19T00:09:08.434Z,599,161500,250000
2026-09-19T00:09:08.434Z,18939,168000000,176900000
2026-09-19T00:09:08.434Z,18935,80760000,94820000
2026-09-19T00:09:08.434Z,18943,63000000,66650000
2026-09-19T00:09:08.434Z,47918,31500000,33670000
2026-09-19T00:09:08.434Z,3542,294700000,316100000
2026-09-19T00:09:08.434Z,11443,813200,3981000
2026-09-19T00:09:08.434Z,19077,305000,839900
2026-09-19T00:09:08.434Z,13927,9112000,11000000
2026-09-19T00:09:08.434Z,18813,3617000,8756000
2026-09-19T00:09:08.434Z,30310,38620,42100
2026-09-19T00:09:08.434Z,19181,99820000,113000000
2026-09-19T00:09:08.434Z,25595,1910,2193
2026-09-19T00:09:08.434Z,23015,2023,2209
2026-09-19T00:09:08.434Z,72907,6522000,8974000
2026-09-19T00:09:08.434Z,41530,100700000,270800000
2026-09-19T00:09:08.434Z,23128,18890000,22490000
2026-09-19T00:09:08.434Z,43693,1.03,39000000
2026-09-19T00:09:08.434Z,55760,776500,851600
2026-09-19T00:09:08.434Z,33549,501400000,2149000000
2026-09-19T00:09:08.434Z,46000,36870000,38000000
2026-09-19T00:09:08.434Z,5723,125300,217900
2026-09-19T00:09:08.434Z,46002,2634000,2890000
2026-09-19T00:09:08.434Z,49794,25070,499000
2026-09-19T00:09:08.434Z,57452,12090000,12220000
2026-09-19T00:09:08.434Z,8427,68680,99900
2026-09-19T00:09:08.434Z,20110,1606000,2119000
2026-09-19T00:09:08.434Z,19349,59630000,67500000
2026-09-19T00:09:08.434Z,83202,80000,124000
2026-09-19T00:09:08.434Z,19353,176000000,184000000
2026-09-19T00:09:08.434Z,71755,441.1,441.2
2026-09-19T00:09:08.434Z,14045,31550000,40360000
2026-09-19T00:09:08.434Z,48586,0.01,4357000
2026-09-19T00:09:08.434Z,45998,5910000,6300000
2026-09-19T00:09:08.434Z,46003,15010000,16040000
2026-09-19T00:09:08.434Z,15707,3739000,4738000
2026-09-19T00:09:08.434Z,21740,5000,6000
2026-09-19T00:09:08.434Z,17888,532.5,608.5
2026-09-19T00:09:08.434Z,25622,149100,149200
2026-09-19T00:09:08.434Z,27175,850000,1632000
2026-09-19T00:09:08.434Z,19081,4349000,5500000
2026-09-19T00:09:08.434Z,62402,10570,11100
2026-09-19T00:09:08.434Z,4246,16380,17490
2026-09-19T00:09:08.434Z,46522,32430000,64820000
2026-09-19T00:09:08.434Z,35827,1,29530000000
2026-09-19T00:09:08.434Z,57004,41380000,71000000
2026-09-19T00:09:08.434Z,57470,15390000,16540000
2026-09-19T00:09:08.434Z,9646,21060,25070
2026-09-19T00:09:08.434Z,45737,6104000,164900000
2026-09-19T00:09:08.434Z,45741,21050000,43870000
2026-09-19T00:09:08.434Z,14176,25220000,30970000
2026-09-19T00:09:08.434Z,45788,114500,7397000
2026-09-19T00:09:08.434Z,17491,46130000,74470000
2026-09-19T00:09:08.434Z,24694,141100000,150000000
2026-09-19T00:09:08.434Z,83256,1000,567500
2026-09-19T00:09:08.434Z,53142,10000000,550000000
2026-09-19T00:09:08.434Z,20741,4046,4598
2026-09-19T00:09:08.434Z,16449,41160,94900
2026-09-19T00:09:08.434Z,41212,13320000,15120000
2026-09-19T00:09:08.434Z,60031,1405000,5131000
2026-09-19T00:09:08.434Z,23071,252400,285600
2026-09-19T00:09:08.434Z,57443,11670000,12660000
2026-09-19T00:09:08.434Z,94008,1125000000,1767000000
2026-09-19T00:09:08.434Z,25618,4701,4703
2026-09-19T00:09:08.434Z,4033,37670000,63090000
2026-09-19T00:09:08.434Z,19685,112200000,119600000
2026-09-19T00:09:08.434Z,84413,2000,17700
2026-09-19T00:09:08.434Z,88720,370100000,440400000
2026-09-19T00:09:08.434Z,3102,1504000,94340000
2026-09-19T00:09:08.434Z,14061,5712000,6965000
2026-09-19T00:09:08.434Z,48113,38220000,41000000
2026-09-19T00:09:08.434Z,17364,136200,296600
2026-09-19T00:09:08.434Z,41059,91580000,105600000
2026-09-19T00:09:08.434Z,45612,29600000,34600000
2026-09-19T00:09:08.434Z,40661,42040000,46800000
2026-09-19T00:09:08.434Z,23511,30040,7900000
2026-09-19T00:09:08.434Z,31328,2951000,3331000
2026-09-19T00:09:08.434Z,87465,1101000,16670000
2026-09-19T00:09:08.434Z,19282,110300000,118300000
2026-09-19T00:09:08.434Z,2185,756500,811700
2026-09-19T00:09:08.434Z,434,42210,69930
2026-09-19T00:09:08.434Z,20121,53520000,58360000
2026-09-19T00:09:08.434Z,2865,2201000,2598000
2026-09-19T00:09:08.434Z,17889,496,505
2026-09-19T00:09:08.434Z,7663,78310,104100
2026-09-19T00:09:08.434Z,3232,75000000,83250000
2026-09-19T00:09:08.434Z,34429,30050,309800
2026-09-19T00:09:08.434Z,53013,3100000,8000000
2026-09-19T00:09:08.434Z,60474,3209000,3550000
2026-09-19T00:09:08.434Z,74529,1800,2002
2026-09-19T00:09:08.434Z,11349,50610,64970
2026-09-19T00:09:08.434Z,57486,76240,78150
2026-09-19T00:09:08.434Z,52189,57010,1500000
2026-09-19T00:09:08.434Z,41250,85710000,105900000
2026-09-19T00:09:08.434Z,76489,800000,2365000
2026-09-19T00:09:08.434Z,30370,4278,4498
2026-09-19T00:09:08.434Z,16062,63030000,66490000
2026-09-19T00:09:08.434Z,47752,4424000,5322000
2026-09-19T00:09:08.434Z,14037,476300,697000
2026-09-19T00:09:08.434Z,45951,219000,3903000
2026-09-19T00:09:08.434Z,1236,364700,410700
2026-09-19T00:09:08.434Z,34562,50740000,65700000
2026-09-19T00:09:08.434Z,14100,39430000,44490000
2026-09-19T00:09:08.434Z,31270,371600,2499000
2026-09-19T00:09:08.434Z,85738,107400000,199800000
2026-09-19T00:09:08.434Z,27349,155.3,398
2026-09-19T00:09:08.434Z,19205,148700000,160600000
2026-09-19T00:09:08.434Z,55342,10,98580
2026-09-19T00:09:08.434Z,27357,,341.5
2026-09-19T00:09:08.434Z,62555,1940,1942
2026-09-19T00:09:08.434Z,19686,110100000,119400000
2026-09-19T00:09:08.434Z,80941,,640000000
2026-09-19T00:09:08.434Z,16533,172400,257200
2026-09-19T00:09:08.434Z,20199,5690000,6847000
2026-09-19T00:09:08.434Z,14067,20430000,23000000
2026-09-19T00:09:08.434Z,28848,6915000000,6998000000
2026-09-19T00:09:08.434Z,32037,1990,1644000
2026-09-19T00:09:08.434Z,92581,580000,2369000
2026-09-19T00:09:08.434Z,62467,2814,2876
2026-09-19T00:09:08.434Z,16519,20130,38430
2026-09-19T00:09:08.434Z,31480,100100,346600
2026-09-19T00:09:08.434Z,25812,4463000,4890000
2026-09-19T00:09:08.434Z,41156,24100000,178000000
2026-09-19T00:09:08.434Z,88634,10000,6547000
2026-09-19T00:09:08.434Z,31770,1.01,3744000
2026-09-19T00:09:08.434Z,41534,530700000,574500000
2026-09-19T00:09:08.434Z,54436,5788000,81000000
2026-09-19T00:09:08.434Z,49771,4413000,6302000
2026-09-19T00:09:08.434Z,85698,311900000,590000000
2026-09-19T00:09:08.434Z,3101,,6500000
2026-09-19T00:09:08.434Z,79722,699300,4908000
2026-09-19T00:09:08.434Z,15764,88920000,96740000
2026-09-19T00:09:08.434Z,85489,1109000000,1344000000
2026-09-19T00:09:08.434Z,3202,502200,3194000
2026-09-19T00:09:08.434Z,62567,2901,3816
2026-09-19T00:09:08.434Z,7085,312600,347900
2026-09-19T00:09:08.434Z,18941,65410000,74000000
2026-09-19T00:09:08.434Z,58950,7535000,64530000
2026-09-19T00:09:08.434Z,17858,3000000,100000000
2026-09-19T00:09:08.434Z,81098,2007000,3482000
2026-09-19T00:09:08.434Z,43554,1617000,1814000
2026-09-19T00:09:08.434Z,23902,30610000,62490000
2026-09-19T00:09:08.434Z,9844,50.17,4999
2026-09-19T00:09:08.434Z,48233,3211000,104800000
2026-09-19T00:09:08.434Z,55590,256500,999900
2026-09-19T00:09:08.434Z,47907,23760000,24430000
2026-09-19T00:09:08.434Z,17559,49570000,54050000
2026-09-19T00:09:08.434Z,57457,3470,3644
2026-09-19T00:09:08.434Z,2352,74000,94500
2026-09-19T00:09:08.434Z,19223,53130000,58670000
2026-09-19T00:09:08.434Z,41314,2416,2490
2026-09-19T00:09:08.434Z,48426,1600000,2625000
2026-09-19T00:09:08.434Z,17862,,90000000
2026-09-19T00:09:08.434Z,1335,170200,215500
2026-09-19T00:09:08.434Z,31177,40410,56640
2026-09-19T00:09:08.434Z,23709,20850,58760
2026-09-19T00:09:08.434Z,86109,335100,1274000
2026-09-19T00:09:08.434Z,49733,14510000,14920000
2026-09-19T00:09:08.434Z,90528,2586000,3884000
2026-09-19T00:09:08.434Z,22448,258000000,283600000
2026-09-19T00:09:08.434Z,24523,1569,1617
2026-09-19T00:09:08.434Z,17864,,70000000
2026-09-19T00:09:08.434Z,19135,9254000,12000000
2026-09-19T00:09:08.434Z,84334,9024000,13890000
2026-09-19T00:09:08.434Z,49739,3121000,3350000
2026-09-19T00:09:08.434Z,28211,1260000,1417000
2026-09-19T00:09:08.434Z,47701,1283000,2147000
2026-09-19T00:09:08.434Z,34206,301100,301200
2026-09-19T00:09:08.434Z,87325,26100000,34000000
2026-09-19T00:09:08.434Z,60465,707700,1070000
2026-09-19T00:09:08.434Z,60460,400000,545000
2026-09-19T00:09:08.434Z,60471,205500,405000
2026-09-19T00:09:08.434Z,87774,290000000,459800000
2026-09-19T00:09:08.434Z,2401,752,790
2026-09-19T00:09:08.434Z,15899,134800000,170400000
2026-09-19T00:09:08.434Z,12200,10580000,17340000
2026-09-19T00:09:08.434Z,19727,783800000,1950000000
2026-09-19T00:09:08.434Z,60215,200000,4001000
2026-09-19T00:09:08.434Z,31798,335500000,374300000
2026-09-19T00:09:08.434Z,89240,2932000,3348000
2026-09-19T00:09:08.434Z,19684,10490000,17490000
2026-09-19T00:09:08.434Z,35774,120300,139700
2026-09-19T00:09:08.434Z,21906,452.8,541.8
2026-09-19T00:09:08.434Z,644,136100000,148800000
2026-09-19T00:09:08.434Z,20186,1451000000,2000000000
2026-09-19T00:09:08.434Z,18637,115900,195800
2026-09-19T00:09:08.434Z,28326,246.2,524.3
2026-09-19T00:09:08.434Z,44110,550,550.1
2026-09-19T00:09:08.434Z,45892,10000,999000
2026-09-19T00:09:08.434Z,53983,8549000,9785000
2026-09-19T00:09:08.434Z,53854,57140000,79920000
2026-09-19T00:09:08.434Z,47192,11000,1890000
2026-09-19T00:09:08.434Z,31979,90140000,181200000
2026-09-19T00:09:08.434Z,47466,207500000,224600000
2026-09-19T00:09:08.434Z,86122,11980000,49000000
2026-09-19T00:09:08.434Z,88640,10000,1181000
2026-09-19T00:09:08.434Z,20449,1312000,46052412
2026-09-19T00:09:08.434Z,53893,294500000,447000000
2026-09-19T00:09:08.434Z,17871,11610000,14340000
2026-09-19T00:09:08.434Z,31762,19850000,33460000
2026-09-19T00:09:08.434Z,60566,1510000,6000000
2026-09-19T00:09:08.434Z,2397,691.8,726.3
2026-09-19T00:09:08.434Z,81051,52590,80480
2026-09-19T00:09:08.434Z,443,211.7,3050
2026-09-19T00:09:08.434Z,20540,,54371388
2026-09-19T00:09:08.434Z,90596,180100,4928000
2026-09-19T00:09:08.434Z,33812,364500000,976300000
2026-09-19T00:09:08.434Z,47912,4000000,14990000
2026-09-19T00:09:08.434Z,19281,45390000,50570000
2026-09-19T00:09:08.434Z,29091,360600,731500
2026-09-19T00:09:08.434Z,83292,60000,167300
2026-09-19T00:09:08.434Z,83224,65000,556700
2026-09-19T00:09:08.434Z,83236,1000,316400
2026-09-19T00:09:08.434Z,60670,19000,979800
2026-09-19T00:09:08.434Z,83472,2970000,3243000
2026-09-19T00:09:08.434Z,2937,833100,1374000
2026-09-19T00:09:08.434Z,31600,690700,1210000
2026-09-19T00:09:08.434Z,20704,,51002322
2026-09-19T00:09:08.434Z,3074,580800,581000
2026-09-19T00:09:08.434Z,57469,499.8,315000
2026-09-19T00:09:08.434Z,31023,,1372000
2026-09-19T00:09:08.434Z,19013,15700000,20940000
2026-09-19T00:09:08.434Z,32819,320100,534100
2026-09-19T00:09:08.434Z,56782,2713000,30000000
2026-09-19T00:09:08.434Z,45936,100500,1380000
2026-09-19T00:09:08.434Z,21014,,1202763200
2026-09-19T00:09:08.434Z,17547,149900000,400000000
2026-09-19T00:09:08.434Z,7451,462000,493500
2026-09-19T00:09:08.434Z,21024,218800000,1306728000
2026-09-19T00:09:08.434Z,25612,596100,596300
2026-09-19T00:09:08.434Z,21924,429,468.8
2026-09-19T00:09:08.434Z,12052,254700,349900
2026-09-19T00:09:08.434Z,83207,442400,992800
2026-09-19T00:09:08.434Z,5215,1019,8169
2026-09-19T00:09:08.434Z,21026,,1663964800
2026-09-19T00:09:08.434Z,31366,30520000,31650000
2026-09-19T00:09:08.434Z,84426,64430,64440
2026-09-19T00:09:08.434Z,88477,140000,3623000
2026-09-19T00:09:08.434Z,21028,502100000,833702400
2026-09-19T00:09:08.434Z,17732,304700000,337500000
2026-09-19T00:09:08.434Z,44993,445900000,488000000
2026-09-19T00:09:08.434Z,83204,10000,449900
2026-09-19T00:09:08.434Z,23136,215700,425700
2026-09-19T00:09:08.434Z,48367,632700000,4992000000
2026-09-19T00:09:08.434Z,60674,7120,997000
2026-09-19T00:09:08.434Z,44922,8009000,349000000
2026-09-19T00:09:08.434Z,47323,151900000,238100000
2026-09-19T00:09:08.434Z,37624,62640000,71960000
2026-09-19T00:09:08.434Z,21036,,1228398800
2026-09-19T00:09:08.434Z,57062,70730000,149600000
2026-09-19T00:09:08.434Z,49790,50070000,76650000
2026-09-19T00:09:08.434Z,14190,182100000,226600000
2026-09-19T00:09:08.434Z,43844,184400,11800000
2026-09-19T00:09:08.434Z,19151,75340000,93830000
2026-09-19T00:09:08.434Z,28846,6118000000,6648000000
2026-09-19T00:09:08.434Z,493,51000,210800
2026-09-19T00:09:08.434Z,21040,,1543366400
2026-09-19T00:09:08.434Z,91970,9753000,13750000
2026-09-19T00:09:08.434Z,19149,28640000,29940000
2026-09-19T00:09:08.434Z,12548,350700,430000
2026-09-19T00:09:08.434Z,21378,2618,4667
2026-09-19T00:09:08.434Z,47898,500100,500200
2026-09-19T00:09:08.434Z,11538,40450,41950
2026-09-19T00:09:08.434Z,21042,,1393368000
2026-09-19T00:09:08.434Z,60224,700100,6999000
2026-09-19T00:09:08.434Z,3304,1315,78990
2026-09-19T00:09:08.434Z,40500,,499900000
2026-09-19T00:09:08.434Z,42876,500,10780000
2026-09-19T00:09:08.434Z,15963,172500000,185000000
2026-09-19T00:09:08.434Z,14068,11580000,17320000
2026-09-19T00:09:08.434Z,30306,10970,11180
2026-09-19T00:09:08.434Z,88051,302100000,599400000
2026-09-19T00:09:08.434Z,21604,,31372640
2026-09-19T00:09:08.434Z,90050,410000,997400
2026-09-19T00:09:08.434Z,31702,99000,46340000
2026-09-19T00:09:08.434Z,19229,26120000,27920000
2026-09-19T00:09:08.434Z,77168,105100000,194300000
2026-09-19T00:09:08.434Z,7997,14010,42230
2026-09-19T00:09:08.434Z,33140,25690000,29980000
2026-09-19T00:09:08.434Z,48386,2378000,6368000
2026-09-19T00:09:08.434Z,207,65.3,69
2026-09-19T00:09:08.434Z,30308,12250,12940
2026-09-19T00:09:08.434Z,37849,2334000,2981000
2026-09-19T00:09:08.434Z,19227,27980000,29000000
2026-09-19T00:09:08.434Z,11558,30370,31270
2026-09-19T00:09:08.434Z,61182,15990000,494600000
2026-09-19T00:09:08.434Z,49727,1301000,1495000
2026-09-19T00:09:08.434Z,3887,2066,42750
2026-09-19T00:09:08.434Z,34035,22800000,38110000
2026-09-19T00:09:08.434Z,15656,90700,90730
2026-09-19T00:09:08.434Z,92466,1526000,2634000
2026-09-19T00:09:08.434Z,74160,22110000,46000000
2026-09-19T00:09:08.434Z,79713,88000,687700
2026-09-19T00:09:08.434Z,33954,37060000,54980000
2026-09-19T00:09:08.434Z,21727,69030,164700
2026-09-19T00:09:08.434Z,638,141500000,157700000
2026-09-19T00:09:08.434Z,13827,43280000,51900000
2026-09-19T00:09:08.434Z,89261,100000,384600
2026-09-19T00:09:08.434Z,60924,14150000,42000000
2026-09-19T00:09:08.434Z,19189,124800000,141800000
2026-09-19T00:09:08.434Z,31187,35470000,53220000
2026-09-19T00:09:08.434Z,2393,432,456.8
2026-09-19T00:09:08.434Z,15479,1241000,1490000
2026-09-19T00:09:08.434Z,5755,186200,218800
2026-09-19T00:09:08.434Z,4435,5054,7167
2026-09-19T00:09:08.434Z,30028,40000,47430
2026-09-19T00:09:08.434Z,2303,950100,1137000
2026-09-19T00:09:08.434Z,81024,10440000,69540000
2026-09-19T00:09:08.434Z,47005,23660000,31950000
2026-09-19T00:09:08.434Z,90041,2002,42980
2026-09-19T00:09:08.434Z,37877,50000,1600000
2026-09-19T00:09:08.434Z,47890,9018000,9950000
2026-09-19T00:09:08.434Z,60666,408500,5000000
2026-09-19T00:09:08.434Z,20931,1002,11530
2026-09-19T00:09:08.434Z,13947,10640000,11210000
2026-09-19T00:09:08.434Z,44898,,38000000
2026-09-19T00:09:08.434Z,19001,40180000,43970000
2026-09-19T00:09:08.434Z,88651,1110000,12000000
2026-09-19T00:09:08.434Z,12563,58140,63130
2026-09-19T00:09:08.434Z,18837,8551000,9689000
2026-09-19T00:09:08.434Z,20597,4806000,8435000
2026-09-19T00:09:08.434Z,14272,35720,78400
2026-09-19T00:09:08.434Z,91952,12810000,14850000
2026-09-19T00:09:08.434Z,44145,10000,876400
2026-09-19T00:09:08.434Z,33671,93650,295100
2026-09-19T00:09:08.434Z,14072,46120000,48980000
2026-09-19T00:09:08.434Z,23736,,598300000
2026-09-19T00:09:08.434Z,87509,4262000,7999000
2026-09-19T00:09:08.434Z,29996,9001000,24070000
2026-09-19T00:09:08.434Z,17619,7211000,7990000
2026-09-19T00:09:08.434Z,12533,521000,949000
2026-09-19T00:09:08.434Z,80942,69750000,490000000
2026-09-19T00:09:08.434Z,23916,477700000,1050000000
2026-09-19T00:09:08.434Z,29043,50200,913200
2026-09-19T00:09:08.434Z,20631,26790000,33470000
2026-09-19T00:09:08.434Z,21918,1064,1146
2026-09-19T00:09:08.434Z,40345,13600000,17440000
2026-09-19T00:09:08.434Z,54392,249100000,272900000
2026-09-19T00:09:08.434Z,42695,529,645.8
2026-09-19T00:09:08.434Z,46989,20020000,32000000
2026-09-19T00:09:08.434Z,5439,4206,13160
2026-09-19T00:09:08.434Z,27102,101000,350000
2026-09-19T00:09:08.434Z,28710,900000000,940100000
2026-09-19T00:09:08.434Z,62644,20030,1384000
2026-09-19T00:09:08.434Z,1248,462600,513700
2026-09-19T00:09:08.434Z,14298,3515000,4230000
2026-09-19T00:09:08.434Z,83343,100400,2550000
2026-09-19T00:09:08.434Z,13287,352900,787000
2026-09-19T00:09:08.434Z,11267,167800,214800
2026-09-19T00:09:08.434Z,23954,48020,481400000
2026-09-19T00:09:08.434Z,16000,21430,23040
2026-09-19T00:09:08.434Z,17736,931200000,1028000000
2026-09-19T00:09:08.434Z,17859,2203,4697
2026-09-19T00:09:08.434Z,31942,26640000,32710000
2026-09-19T00:09:08.434Z,4349,366900000,390000000
2026-09-19T00:09:08.434Z,24349,,90000
2026-09-19T00:09:08.434Z,43729,758100000,997000000
2026-09-19T00:09:08.434Z,11530,31280,33880
2026-09-19T00:09:08.434Z,31029,7324000,9253000
2026-09-19T00:09:08.434Z,34810,921000000,2815000000
2026-09-19T00:09:08.434Z,37453,7603000,9108000
2026-09-19T00:09:08.434Z,20443,200500000,255100000
2026-09-19T00:09:08.434Z,86116,4000000,37000000
2026-09-19T00:09:08.434Z,9678,451400,559500
2026-09-19T00:09:08.434Z,11552,35440,43530
2026-09-19T00:09:08.434Z,52562,7545000,40000000
2026-09-19T00:09:08.434Z,96332,9700000,16700000
2026-09-19T00:09:08.434Z,60647,100000,1938000
2026-09-19T00:09:08.434Z,42696,127.2,472.8
2026-09-19T00:09:08.434Z,31662,1750000,4234000
2026-09-19T00:09:08.434Z,11478,625.6,848.8
2026-09-19T00:09:08.434Z,14844,3662000000,6315000000
2026-09-19T00:09:08.434Z,60633,20000,1000000
2026-09-19T00:09:08.434Z,24548,,1683418400
2026-09-19T00:09:08.434Z,47837,30010000,55930000
2026-09-19T00:09:08.434Z,14074,18260000,19910000
2026-09-19T00:09:08.434Z,28780,72720000,84590000
2026-09-19T00:09:08.434Z,15780,8053000,13200000
2026-09-19T00:09:08.434Z,53984,213400,235100
2026-09-19T00:09:08.434Z,213,14.1,14.87
2026-09-19T00:09:08.434Z,14236,55350000,62890000
2026-09-19T00:09:08.434Z,24553,,240947786
2026-09-19T00:09:08.434Z,24305,5410000,5856000
2026-09-19T00:09:08.434Z,21354,1.41,30.47
2026-09-19T00:09:08.434Z,15905,20020000,39060000
2026-09-19T00:09:08.434Z,89156,26210000,39370000
2026-09-19T00:09:08.434Z,90458,111.2,89990
2026-09-19T00:09:08.434Z,12538,18630,18640
2026-09-19T00:09:08.434Z,58860,413000,3299000
2026-09-19T00:09:08.434Z,31998,45350,52970
2026-09-19T00:09:08.434Z,31918,14870000,16950000
2026-09-19T00:09:08.434Z,62632,27360000,34210000
2026-09-19T00:09:08.434Z,6757,3118,14120
2026-09-19T00:09:08.434Z,34575,922600,1042000
2026-09-19T00:09:08.434Z,24559,170300000,1697361200
2026-09-19T00:09:08.434Z,90501,239300,457000
2026-09-19T00:09:08.434Z,47780,69920,188200
2026-09-19T00:09:08.434Z,45519,92000000,525000000
2026-09-19T00:09:08.434Z,56864,5025000,13490000
2026-09-19T00:09:08.434Z,450,,24860
2026-09-19T00:09:08.434Z,50050,219000000,500000000
2026-09-19T00:09:08.434Z,31710,,1894000
2026-09-19T00:09:08.434Z,57734,1378000,2878000
2026-09-19T00:09:08.434Z,2534,66270,91990
2026-09-19T00:09:08.434Z,24561,,1670784800
2026-09-19T00:09:08.434Z,33941,52000000,60980000
2026-09-19T00:09:08.434Z,57396,150200000,500000000
2026-09-19T00:09:08.434Z,24645,,399900000
2026-09-19T00:09:08.434Z,35,16.51,17.42
2026-09-19T00:09:08.434Z,25898,7530000,7936000
2026-09-19T00:09:08.434Z,29015,9039,13160
2026-09-19T00:09:08.434Z,1185,10490,14500
2026-09-19T00:09:08.434Z,19264,58030000,69790000
2026-09-19T00:09:08.434Z,18857,16410000,24680000
2026-09-19T00:09:08.434Z,45663,141000,193400
2026-09-19T00:09:08.434Z,24699,503100000,580000000
2026-09-19T00:09:08.434Z,83374,623100,3442000
2026-09-19T00:09:08.434Z,4135,133000000,999900000
2026-09-19T00:09:08.434Z,46943,2203000,13940000
2026-09-19T00:09:08.434Z,12822,179100,204100
2026-09-19T00:09:08.434Z,23093,313400,387700
2026-09-19T00:09:08.434Z,86107,25040000,384800000
2026-09-19T00:09:08.434Z,26761,11000,600000
2026-09-19T00:09:08.434Z,90609,8049000,9495000
2026-09-19T00:09:08.434Z,1816,14,21.34
2026-09-19T00:09:08.434Z,34431,1,198900
2026-09-19T00:09:08.434Z,86117,2443000,6440000
2026-09-19T00:09:08.434Z,26762,,600000
2026-09-19T00:09:08.434Z,15675,39330000,42660000
2026-09-19T00:09:08.434Z,43773,26580000,86120000
2026-09-19T00:09:08.434Z,53714,902100000,1021000000
2026-09-19T00:09:08.434Z,14150,17450000,27270000
2026-09-19T00:09:08.434Z,393,19190,19200
2026-09-19T00:09:08.434Z,61865,260300,9319000
2026-09-19T00:09:08.434Z,9451,114900,224200
2026-09-19T00:09:08.434Z,84087,77260000,93800000
2026-09-19T00:09:08.434Z,22107,20650000,22540000
2026-09-19T00:09:08.434Z,4038,143800000,212200000
2026-09-19T00:09:08.434Z,45633,32680000,35200000
2026-09-19T00:09:08.434Z,6437,5000,7999
2026-09-19T00:09:08.434Z,12365,,264600
2026-09-19T00:09:08.434Z,43765,3333000,12000000
2026-09-19T00:09:08.434Z,4393,37290,63940
2026-09-19T00:09:08.434Z,46961,1536000,14870000
2026-09-19T00:09:08.434Z,41266,5850,9589
2026-09-19T00:09:08.434Z,27679,,51000000
2026-09-19T00:09:08.434Z,48950,,13980000
2026-09-19T00:09:08.434Z,15751,92050000,149800000
2026-09-19T00:09:08.434Z,22977,421.3,611.8
2026-09-19T00:09:08.434Z,25274,61200,64920
2026-09-19T00:09:08.434Z,48437,44000000,47760000
2026-09-19T00:09:08.434Z,41034,42640,69430
2026-09-19T00:09:08.434Z,593,300800,413600
2026-09-19T00:09:08.434Z,27913,12200000,200000000
2026-09-19T00:09:08.434Z,18917,147000000,154600000
2026-09-19T00:09:08.434Z,84086,82130000,126600000
2026-09-19T00:09:08.434Z,18692,40420000,44980000
2026-09-19T00:09:08.434Z,44925,8650000,15510000
2026-09-19T00:09:08.434Z,46799,1020,1400000
2026-09-19T00:09:08.434Z,27923,150300,150000000
2026-09-19T00:09:08.434Z,60300,414200,519600
2026-09-19T00:09:08.434Z,90620,1111000,4650000
2026-09-19T00:09:08.434Z,36953,150100000,200000000
2026-09-19T00:09:08.434Z,30013,5047,7996
2026-09-19T00:09:08.434Z,56070,219900,275000
2026-09-19T00:09:08.434Z,89649,43510000,44950000
2026-09-19T00:09:08.434Z,82476,160800,1700000
2026-09-19T00:09:08.434Z,44207,4100,7499000
2026-09-19T00:09:08.434Z,45859,40000000,80400000
2026-09-19T00:09:08.434Z,46712,561900,2801000
2026-09-19T00:09:08.434Z,14234,13330000,15590000
2026-09-19T00:09:08.434Z,45596,34380000,39000000
2026-09-19T00:09:08.434Z,14230,36350000,44110000
2026-09-19T00:09:08.434Z,19009,48980000,55000000
2026-09-19T00:09:08.434Z,26442,7529000,7558000
2026-09-19T00:09:08.434Z,26286,55190000,71590000
2026-09-19T00:09:08.434Z,54163,251000,1227000
2026-09-19T00:09:08.434Z,47916,7002000,12990000
2026-09-19T00:09:08.434Z,22981,101,734.8
2026-09-19T00:09:08.434Z,84338,300000,315300
2026-09-19T00:09:08.434Z,587,260900,309000
2026-09-19T00:09:08.434Z,85645,375000000,496800000
2026-09-19T00:09:08.434Z,47055,600000,9898000
2026-09-19T00:09:08.434Z,56074,119200,168900
2026-09-19T00:09:08.434Z,12773,90.91,124.5
2026-09-19T00:09:08.434Z,17893,504200,504300
2026-09-19T00:09:08.434Z,31119,20170,197900
2026-09-19T00:09:08.434Z,13945,65600000,72920000
2026-09-19T00:09:08.434Z,4403,1550000,1645000
2026-09-19T00:09:08.434Z,28647,,31372640
2026-09-19T00:09:08.434Z,13982,12970000,13000000
2026-09-19T00:09:08.434Z,62464,1265,1399
2026-09-19T00:09:08.434Z,84085,25780000,108700000
2026-09-19T00:09:08.434Z,90475,44350000,51020000
2026-09-19T00:09:08.434Z,84340,19510000,24870000
2026-09-19T00:09:08.434Z,48147,178000000,1499000000
2026-09-19T00:09:08.434Z,21324,10,142700
2026-09-19T00:09:08.434Z,20413,93510,101200
2026-09-19T00:09:08.434Z,11184,13040000,14170000
2026-09-19T00:09:08.434Z,89607,1071000000,1945000000
2026-09-19T00:09:08.434Z,47700,87280000,95180000
2026-09-19T00:09:08.434Z,14413,11080000,449000000
2026-09-19T00:09:08.434Z,36955,150000000,200000000
2026-09-19T00:09:08.434Z,11311,106200,300000
2026-09-19T00:09:08.434Z,91921,1712000,3799000
2026-09-19T00:09:08.434Z,47636,31040000,87900000
2026-09-19T00:09:08.434Z,33360,12600,14050
2026-09-19T00:09:08.434Z,14170,66930000,72950000
2026-09-19T00:09:08.434Z,34483,78670000,84790000
2026-09-19T00:09:08.434Z,29000,100000,1500000
2026-09-19T00:09:08.434Z,85452,247500000,340000000
2026-09-19T00:09:08.434Z,62050,1301000,10000000
2026-09-19T00:09:08.434Z,4306,55250000,68850000
2026-09-19T00:09:08.434Z,11481,425.8,540
2026-09-19T00:09:08.434Z,30021,598.1,711.6
2026-09-19T00:09:08.434Z,27483,1307,1697
2026-09-19T00:09:08.434Z,32344,16020000,17060000
2026-09-19T00:09:08.434Z,29002,24990,1500000
2026-09-19T00:09:08.434Z,28606,976700000,1141000000
2026-09-19T00:09:08.434Z,23713,8054,30060
2026-09-19T00:09:08.434Z,60468,1508000,1950000
2026-09-19T00:09:08.434Z,14922,29400000,298000000
2026-09-19T00:09:08.434Z,12777,128.4,145.8
2026-09-19T00:09:08.434Z,33157,105200000,112200000
2026-09-19T00:09:08.434Z,30372,7900,8050
2026-09-19T00:09:08.434Z,61216,262300,1746000
2026-09-19T00:09:08.434Z,29006,100300,1500000
2026-09-19T00:09:08.434Z,35794,11480,18870
2026-09-19T00:09:08.434Z,20018,21160,64990
2026-09-19T00:09:08.434Z,13988,1147000,7143000
2026-09-19T00:09:08.434Z,14238,99510000,102900000
2026-09-19T00:09:08.434Z,22895,8099000,12910000
2026-09-19T00:09:08.434Z,37628,188100000,342200000
2026-09-19T00:09:08.434Z,82587,4248000,419800000
2026-09-19T00:09:08.434Z,29011,12010,12020
2026-09-19T00:09:08.434Z,29008,25190,1500000
2026-09-19T00:09:08.434Z,15689,15150,299900
2026-09-19T00:09:08.434Z,2508,285.2,314.9
2026-09-19T00:09:08.434Z,54733,1032000000,1127000000
2026-09-19T00:09:08.434Z,56617,5165000,10250000
2026-09-19T00:09:08.434Z,61204,252700,3459000
2026-09-19T00:09:08.434Z,87770,550000000,778400000
2026-09-19T00:09:08.434Z,29010,25180,1500000
2026-09-19T00:09:08.434Z,9943,7319000,8175000
2026-09-19T00:09:08.434Z,7127,302900,414900
2026-09-19T00:09:08.434Z,82445,1001,100000
2026-09-19T00:09:08.434Z,83210,65000,2112000
2026-09-19T00:09:08.434Z,14433,56600000,373900000
2026-09-19T00:09:08.434Z,16240,894600,948800
2026-09-19T00:09:08.434Z,3268,1516000,5746000
2026-09-19T00:09:08.434Z,19283,9782000,10610000
2026-09-19T00:09:08.434Z,79954,3600000,29600000
2026-09-19T00:09:08.434Z,31031,55530000,346200000
2026-09-19T00:09:08.434Z,25736,4132000,6597000
2026-09-19T00:09:08.434Z,40567,2007000,29470000
2026-09-19T00:09:08.434Z,47928,641.9,700
2026-09-19T00:09:08.434Z,11547,88450,110800
2026-09-19T00:09:08.434Z,21896,668,762.9
2026-09-19T00:09:08.434Z,90490,41810,298900
2026-09-19T00:09:08.434Z,79949,11150000,38620000
2026-09-19T00:09:08.434Z,46368,435500,3007000
2026-09-19T00:09:08.434Z,2953,3085000,4287000
2026-09-19T00:09:08.434Z,27226,1.02,123800
2026-09-19T00:09:08.434Z,13249,15250000,16670000
2026-09-19T00:09:08.434Z,29040,0.01,15000000
2026-09-19T00:09:08.434Z,47894,1700000,1989000
2026-09-19T00:09:08.434Z,25608,340600,340700
2026-09-19T00:09:08.434Z,48438,221700000,245700000
2026-09-19T00:09:08.434Z,17722,242200000,273900000
2026-09-19T00:09:08.434Z,14178,25230000,27990000
2026-09-19T00:09:08.434Z,52312,508500,605800
2026-09-19T00:09:08.434Z,28665,901500000,947000000
2026-09-19T00:09:08.434Z,87782,40000,99900
2026-09-19T00:09:08.434Z,34203,679100,679300
2026-09-19T00:09:08.434Z,28798,273800000,304700000
2026-09-19T00:09:08.434Z,25978,219200,2067000
2026-09-19T00:09:08.434Z,29042,1222000,15000000
2026-09-19T00:09:08.434Z,62049,400000,5000000
2026-09-19T00:09:08.434Z,53712,423900000,458900000
2026-09-19T00:09:08.434Z,30305,10760,11000
2026-09-19T00:09:08.434Z,80001,306400,2000000
2026-09-19T00:09:08.434Z,45828,528600,3500000
2026-09-19T00:09:08.434Z,56283,324900000,637500000
2026-09-19T00:09:08.434Z,82472,125000,2999000
2026-09-19T00:09:08.434Z,31426,10000,730000
2026-09-19T00:09:08.434Z,29044,,15000000
2026-09-19T00:09:08.434Z,81044,65000000,84690000
2026-09-19T00:09:08.434Z,56609,600600,1798000
2026-09-19T00:09:08.434Z,18863,40870000,45750000
2026-09-19T00:09:08.434Z,11451,158100,999600
2026-09-19T00:09:08.434Z,49634,57000,1800000
2026-09-19T00:09:08.434Z,47771,6708000,9940000
2026-09-19T00:09:08.434Z,29046,,15000000
2026-09-19T00:09:08.434Z,25968,,1193000
2026-09-19T00:09:08.434Z,47767,1522000,2279000
2026-09-19T00:09:08.434Z,46224,702100,5998000
2026-09-19T00:09:08.434Z,12221,1376000,1587000
2026-09-19T00:09:08.434Z,15130,,769900000
2026-09-19T00:09:08.434Z,85966,204900000,596100000
2026-09-19T00:09:08.434Z,49728,5233000,5474000
2026-09-19T00:09:08.434Z,26414,65000000,71550000
2026-09-19T00:09:08.434Z,53709,410000000,436000000
2026-09-19T00:09:08.434Z,52847,500100,1337000
2026-09-19T00:09:08.434Z,16487,46200,60480
2026-09-19T00:09:08.434Z,19057,47320000,59480000
2026-09-19T00:09:08.434Z,43697,122600000,360000000
2026-09-19T00:09:08.434Z,29050,1.05,14990000
2026-09-19T00:09:08.434Z,19211,104000,129800
2026-09-19T00:09:08.434Z,16643,5899,6260
2026-09-19T00:09:08.434Z,584,300000,398800
2026-09-19T00:09:08.434Z,29052,0.01,15000000
2026-09-19T00:09:08.434Z,31612,22600,26000000
2026-09-19T00:09:08.434Z,27112,2800000,25800000
2026-09-19T00:09:08.434Z,46883,123,3339000
2026-09-19T00:09:08.434Z,43699,48500,58880
2026-09-19T00:09:08.434Z,34088,580200000,978600000
2026-09-19T00:09:08.434Z,19276,1679000,3809000
2026-09-19T00:09:08.434Z,2390,540.3,581.9
2026-09-19T00:09:08.434Z,29056,0.01,15000000
2026-09-19T00:09:08.434Z,2351,76010,82000
2026-09-19T00:09:08.434Z,18807,4072000,8057000
2026-09-19T00:09:08.434Z,14674,2300000000,2800000000
2026-09-19T00:09:08.434Z,72904,7213000,8495000
2026-09-19T00:09:08.434Z,52287,1000000,3699000
2026-09-19T00:09:08.434Z,3949,790600,1128000
2026-09-19T00:09:08.434Z,29058,0.01,15000000
2026-09-19T00:09:08.434Z,22548,186600000,206900000
2026-09-19T00:09:08.434Z,15465,22520000,25830000
2026-09-19T00:09:08.434Z,14525,490300000,874500000
2026-09-19T00:09:08.434Z,6325,2043,10690
2026-09-19T00:09:08.434Z,9842,12300,12900
2026-09-19T00:09:08.434Z,5399,2038,12400
2026-09-19T00:09:08.434Z,21424,500.1,8891
2026-09-19T00:09:08.434Z,58821,1000,697900
2026-09-19T00:09:08.434Z,29060,0.01,15000000
2026-09-19T00:09:08.434Z,41230,49990,1500000
2026-09-19T00:09:08.434Z,21400,7.47,197.9
2026-09-19T00:09:08.434Z,9622,18020,28180
2026-09-19T00:09:08.434Z,27678,24100000,90000000
2026-09-19T00:09:08.434Z,2476,40990,51010
2026-09-19T00:09:08.434Z,21386,11,44.98
2026-09-19T00:09:08.434Z,82491,100000,597500
2026-09-19T00:09:08.434Z,29062,0.01,15000000
2026-09-19T00:09:08.434Z,41463,40000000,57320000
2026-09-19T00:09:08.434Z,54784,5216,6350
2026-09-19T00:09:08.434Z,46940,40,2196000
2026-09-19T00:09:08.434Z,29064,0.01,15000000
2026-09-19T00:09:08.434Z,86679,620000,774500
2026-09-19T00:09:08.434Z,90638,1600000,7999000
2026-09-19T00:09:08.434Z,44137,,999800
2026-09-19T00:09:08.434Z,14065,11850000,13000000
2026-09-19T00:09:08.434Z,86152,3013000,5881000
2026-09-19T00:09:08.434Z,13974,6458000,7991000
2026-09-19T00:09:08.434Z,82373,40000,93570000
2026-09-19T00:09:08.434Z,60665,25880,489800
2026-09-19T00:09:08.434Z,26016,4503000,6484000
2026-09-19T00:09:08.434Z,92541,1200000000,1375000000
2026-09-19T00:09:08.434Z,482,656500,730600
2026-09-19T00:09:08.434Z,41363,35010000,380000000
2026-09-19T00:09:08.434Z,31898,591100,1498000
2026-09-19T00:09:08.434Z,29068,0.01,15000000
2026-09-19T00:09:08.434Z,6861,30000,45580
2026-09-19T00:09:08.434Z,43664,131700000,185900000
2026-09-19T00:09:08.434Z,14264,83570000,99470000
2026-09-19T00:09:08.434Z,88670,60010,15980000
2026-09-19T00:09:08.434Z,22456,36420000,39990000
2026-09-19T00:09:08.434Z,16241,3000000,8372000
2026-09-19T00:09:08.434Z,40662,104700000,113800000
2026-09-19T00:09:08.434Z,46004,142600,155000
2026-09-19T00:09:08.434Z,15766,31670000,34120000
2026-09-19T00:09:08.434Z,33892,2202000,2893000
2026-09-19T00:09:08.434Z,14246,36340000,38980000
2026-09-19T00:09:08.434Z,9942,7362000,7965000
2026-09-19T00:09:08.434Z,17136,72110,76200
2026-09-19T00:09:08.434Z,84172,147100,849600
2026-09-19T00:09:08.434Z,56922,25410000,394900000
2026-09-19T00:09:08.434Z,33151,116600000,124000000
2026-09-19T00:09:08.434Z,15602,604600,604700
2026-09-19T00:09:08.434Z,29072,0.01,15000000
2026-09-19T00:09:08.434Z,86111,4087000,60000000
2026-09-19T00:09:08.434Z,57456,3005,3144
2026-09-19T00:09:08.434Z,54359,210200000,539100000
2026-09-19T00:09:08.434Z,17684,91060,1459000
2026-09-19T00:09:08.434Z,200,155.2,199
2026-09-19T00:09:08.434Z,23062,25010000,280000000
2026-09-19T00:09:08.434Z,35949,35070000,39080000
2026-09-19T00:09:08.434Z,29074,1.05,15000000
2026-09-19T00:09:08.434Z,18811,1084000,2380000
2026-09-19T00:09:08.434Z,56930,1019000,212700000
2026-09-19T00:09:08.434Z,47123,20200000,38020000
2026-09-19T00:09:08.434Z,31185,3013000,3304000
2026-09-19T00:09:08.434Z,29076,,15000000
2026-09-19T00:09:08.434Z,23060,25010000,293900000
2026-09-19T00:09:08.434Z,17182,2607000,5222000
2026-09-19T00:09:08.434Z,15463,5048000,5341000
2026-09-19T00:09:08.434Z,16650,49050,51920
2026-09-19T00:09:08.434Z,10155,4268000,4695000
2026-09-19T00:09:08.434Z,76487,16000000,52940000
2026-09-19T00:09:08.434Z,82303,294.2,378.9
2026-09-19T00:09:08.434Z,41385,30010000,280000000
2026-09-19T00:09:08.434Z,90491,8306000,12140000
2026-09-19T00:09:08.434Z,29078,,15000000
2026-09-19T00:09:08.434Z,25890,3750000,5892000
2026-09-19T00:09:08.434Z,87524,37340000,100000000
2026-09-19T00:09:08.434Z,16056,47500000,105400000
2026-09-19T00:09:08.434Z,19325,32440000,35510000
2026-09-19T00:09:08.434Z,3143,552900000,619100000
2026-09-19T00:09:08.434Z,60168,157100000,300000000
2026-09-19T00:09:08.434Z,34723,4407,616300
2026-09-19T00:09:08.434Z,58888,100000,4980000
2026-09-19T00:09:08.434Z,34424,1000,1250000
2026-09-19T00:09:08.434Z,56901,0.02,350000000
2026-09-19T00:09:08.434Z,29080,,15000000
2026-09-19T00:09:08.434Z,57488,700800000,736000000
2026-09-19T00:09:08.434Z,54773,33020,39980
2026-09-19T00:09:08.434Z,14726,45160000,175000000
2026-09-19T00:09:08.434Z,4250,2461000,2717000
2026-09-19T00:09:08.434Z,23009,1347,1348
2026-09-19T00:09:08.434Z,23785,50880000,88840000
2026-09-19T00:09:08.434Z,23056,26010000,280400000
2026-09-19T00:09:08.434Z,56910,,394900000
2026-09-19T00:09:08.434Z,42875,2000000,11800000
2026-09-19T00:09:08.434Z,29084,0.01,15000000
2026-09-19T00:09:08.434Z,9834,75390,81940
2026-09-19T00:09:08.434Z,41361,35010000,380000000
2026-09-19T00:09:08.434Z,3130,1168000,1200000
2026-09-19T00:09:08.434Z,29086,0.01,15000000
2026-09-19T00:09:08.434Z,7783,355300,440800
2026-09-19T00:09:08.434Z,32343,35010000,380000000
2026-09-19T00:09:08.434Z,57391,15230000,299900000
2026-09-19T00:09:08.434Z,82958,,700000
2026-09-19T00:09:08.434Z,85783,20000,247900
2026-09-19T00:09:08.434Z,626,9812000,11590000
2026-09-19T00:09:08.434Z,56072,155000,193800
2026-09-19T00:09:08.434Z,25593,4536,4890
2026-09-19T00:09:08.434Z,17452,155.2,155.3
2026-09-19T00:09:08.434Z,19019,98180000,116800000
2026-09-19T00:09:08.434Z,183,4,14
2026-09-19T00:09:08.434Z,92587,100000,184700
2026-09-19T00:09:08.434Z,49736,2076000,3952000
2026-09-19T00:09:08.434Z,14088,77160,136400
2026-09-19T00:09:08.434Z,20423,87890,91000
2026-09-19T00:09:08.434Z,45579,6083000,184900000
2026-09-19T00:09:08.434Z,25614,85010,85950
2026-09-19T00:09:08.434Z,8635,387000,411900
2026-09-19T00:09:08.434Z,23137,9951000,14480000
2026-09-19T00:09:08.434Z,20411,93270,101400
2026-09-19T00:09:08.434Z,11319,311300,325500
2026-09-19T00:09:08.434Z,29090,,15000000
2026-09-19T00:09:08.434Z,16381,238700,269600
2026-09-19T00:09:08.434Z,19021,212800000,232300000
2026-09-19T00:09:08.434Z,5759,174000,197200
2026-09-19T00:09:08.434Z,10888,143800,156000
2026-09-19T00:09:08.434Z,10884,139700,155400
2026-09-19T00:09:08.434Z,5177,603.2,1839
2026-09-19T00:09:08.434Z,23139,889700,1648000
2026-09-19T00:09:08.434Z,40555,8364000,11860000
2026-09-19T00:09:08.434Z,9331,356000,349900
2026-09-19T00:09:08.434Z,9327,364700,500000
2026-09-19T00:09:08.434Z,10876,45400,55230
2026-09-19T00:09:08.434Z,10880,45410,54820
2026-09-19T00:09:08.434Z,5443,44460,68580
2026-09-19T00:09:08.434Z,4027,43200,43210
2026-09-19T00:09:08.434Z,9417,232600,428200
2026-09-19T00:09:08.434Z,29092,0.01,15000000
2026-09-19T00:09:08.434Z,27381,709.5,749.8
2026-09-19T00:09:08.434Z,3466,29060,56810
2026-09-19T00:09:08.434Z,26038,255600,2000000
2026-09-19T00:09:08.434Z,57319,28670000,34570000
2026-09-19T00:09:08.434Z,41312,1436,4991
2026-09-19T00:09:08.434Z,92092,36010000,87980000
2026-09-19T00:09:08.434Z,56917,251100,328800000
2026-09-19T00:09:08.434Z,41565,50240000,72380000
2026-09-19T00:09:08.434Z,19017,68230000,75790000
2026-09-19T00:09:08.434Z,31312,326600,1563000
2026-09-19T00:09:08.434Z,16373,285700,319900
2026-09-19T00:09:08.434Z,29096,0.01,15000000
2026-09-19T00:09:08.434Z,31294,152300,5092000
2026-09-19T00:09:08.434Z,4258,956900,1091000
2026-09-19T00:09:08.434Z,16648,7300,7750
2026-09-19T00:09:08.434Z,31640,9808000,14900000
2026-09-19T00:09:08.434Z,31748,1735000,2386000
2026-09-19T00:09:08.434Z,3105,53200,6899000
2026-09-19T00:09:08.434Z,2328,6777,6880
2026-09-19T00:09:08.434Z,46370,333700,1333000
2026-09-19T00:09:08.434Z,91282,31080000,50290000
2026-09-19T00:09:08.434Z,85495,,179000000
2026-09-19T00:09:08.434Z,47975,47650,47690
2026-09-19T00:09:08.434Z,11692,16660,22940
2026-09-19T00:09:08.434Z,49710,25140000,27450000
2026-09-19T00:09:08.434Z,23725,0.01,16000
2026-09-19T00:09:08.434Z,3124,348600000,484500000
2026-09-19T00:09:08.434Z,47274,39700000,45240000
2026-09-19T00:09:08.434Z,47830,24320000,25250000
2026-09-19T00:09:08.434Z,17487,20040000,23100000
2026-09-19T00:09:08.434Z,84167,60130,79500
2026-09-19T00:09:08.434Z,88663,20000,4997000
2026-09-19T00:09:08.434Z,33520,2055000,2338000
2026-09-19T00:09:08.434Z,29102,0.01,15000000
2026-09-19T00:09:08.434Z,11483,494.1,648
2026-09-19T00:09:08.434Z,11486,327.7,699.7
2026-09-19T00:09:08.434Z,21587,16.03,16.04
2026-09-19T00:09:08.434Z,3198,520800000,598300000
2026-09-19T00:09:08.434Z,29104,1.05,15000000
2026-09-19T00:09:08.434Z,7089,319000,346600
2026-09-19T00:09:08.434Z,25976,,2382000
2026-09-19T00:09:08.434Z,29336,34310000,35490000
2026-09-19T00:09:08.434Z,91964,1566000,2488000
2026-09-19T00:09:08.434Z,19209,50000,159900
2026-09-19T00:09:08.434Z,12271,4063000,4369000
2026-09-19T00:09:08.434Z,19207,142600000,149900000
2026-09-19T00:09:08.434Z,29106,10030000,15000000
2026-09-19T00:09:08.434Z,14084,164000,342000
2026-09-19T00:09:08.434Z,3178,543900,598400
2026-09-19T00:09:08.434Z,29108,1.05,15000000
2026-09-19T00:09:08.434Z,30270,8732,9589
2026-09-19T00:09:08.434Z,33952,299000000,364300000
2026-09-19T00:09:08.434Z,13924,80070000,86750000
2026-09-19T00:09:08.434Z,75282,237.6,388.5
2026-09-19T00:09:08.434Z,95275,605600000,847700000
2026-09-19T00:09:08.434Z,10998,12950,21750
2026-09-19T00:09:08.434Z,22436,725800000,761800000
2026-09-19T00:09:08.434Z,91949,1816000,2195000
2026-09-19T00:09:08.434Z,29110,1.05,15000000
2026-09-19T00:09:08.434Z,28300,12510000,13270000
2026-09-19T00:09:08.434Z,45829,101300,999500
2026-09-19T00:09:08.434Z,31930,28630000,30160000
2026-09-19T00:09:08.434Z,26020,2527000,6387000
2026-09-19T00:09:08.434Z,7047,240000,238800
2026-09-19T00:09:08.434Z,19105,33020000,35260000
2026-09-19T00:09:08.434Z,95299,35000000,95000000
2026-09-19T00:09:08.434Z,3177,50100000,93860000
2026-09-19T00:09:08.434Z,19143,33440000,43910000
2026-09-19T00:09:08.434Z,45755,116,1500000
2026-09-19T00:09:08.434Z,78768,300000,697000
2026-09-19T00:09:08.434Z,37626,88110000,119300000
2026-09-19T00:09:08.434Z,45877,95360,4186000
2026-09-19T00:09:08.434Z,28700,81620,81630
2026-09-19T00:09:08.434Z,25589,596.2,741
2026-09-19T00:09:08.434Z,31001,4624000,36630000
2026-09-19T00:09:08.434Z,85969,,245800000
2026-09-19T00:09:08.434Z,20353,2623000,3211000
2026-09-19T00:09:08.434Z,2175,865800,868600
2026-09-19T00:09:08.434Z,16477,249000,270700
2026-09-19T00:09:08.434Z,28678,1948000,2218000
2026-09-19T00:09:08.434Z,2346,78120,86980
2026-09-19T00:09:08.434Z,89510,331200000,414800000
2026-09-19T00:09:08.434Z,54732,457000000,540000000
2026-09-19T00:09:08.434Z,15599,50410,50420
2026-09-19T00:09:08.434Z,19203,121000000,133300000
2026-09-19T00:09:08.434Z,54292,20160,31370
2026-09-19T00:09:08.434Z,2871,1472000,1511000
2026-09-19T00:09:08.434Z,94065,150000000,200000000
2026-09-19T00:09:08.434Z,47272,15930000,18640000
2026-09-19T00:09:08.434Z,56076,783100,1084000
2026-09-19T00:09:08.434Z,35941,7010000,11820000
2026-09-19T00:09:08.434Z,602,446600,514700
2026-09-19T00:09:08.434Z,83465,112300000,137400000
2026-09-19T00:09:08.434Z,20160,339600000,385900000
2026-09-19T00:09:08.434Z,16656,2017,2219
2026-09-19T00:09:08.434Z,61205,120600,620700
2026-09-19T00:09:08.434Z,56080,185300,249000
2026-09-19T00:09:08.434Z,32342,14500000,17330000
2026-09-19T00:09:08.434Z,14136,20090000,22900000
2026-09-19T00:09:08.434Z,31380,342700,245900000
2026-09-19T00:09:08.434Z,37625,56420000,63940000
2026-09-19T00:09:08.434Z,33826,25750000,30870000
2026-09-19T00:09:08.434Z,2454,3548,4206
2026-09-19T00:09:08.434Z,16682,6397,6532
2026-09-19T00:09:08.434Z,608,81260,449000
2026-09-19T00:09:08.434Z,27169,15030000,24670000
2026-09-19T00:09:08.434Z,14782,8905000000,9533000000
2026-09-19T00:09:08.434Z,19179,146700000,154500000
2026-09-19T00:09:08.434Z,13890,1400000,2588000
2026-09-19T00:09:08.434Z,85012,6.11,4990000000
2026-09-19T00:09:08.434Z,18803,2707000,3967000
2026-09-19T00:09:08.434Z,14080,85300,85310
2026-09-19T00:09:08.434Z,57736,1459000,10060000
2026-09-19T00:09:08.434Z,7003,24500,80000
2026-09-19T00:09:08.434Z,1802,2000000,19760000
2026-09-19T00:09:08.434Z,15843,1609000,6000000
2026-09-19T00:09:08.434Z,30252,9311,10470
2026-09-19T00:09:08.434Z,377,3965,9940
2026-09-19T00:09:08.434Z,58866,25010,1500000
2026-09-19T00:09:08.434Z,30019,884.1,994.7
2026-09-19T00:09:08.434Z,41199,4382000,5169000
2026-09-19T00:09:08.434Z,73872,2806000,6787000
2026-09-19T00:09:08.434Z,75268,1450000000,2250000000
2026-09-19T00:09:08.434Z,94032,93930000,156000000
2026-09-19T00:09:08.434Z,27507,411,1391
2026-09-19T00:09:08.434Z,21506,10030000,13940000
2026-09-19T00:09:08.434Z,83237,10000,274900
2026-09-19T00:09:08.434Z,4254,715500,843400
2026-09-19T00:09:08.434Z,3095,549000000,593300000
2026-09-19T00:09:08.434Z,83266,1000,49980
2026-09-19T00:09:08.434Z,74386,100,298.6
2026-09-19T00:09:08.434Z,6865,30070,245000
2026-09-19T00:09:08.434Z,2807,150000,100000000
2026-09-19T00:09:08.434Z,14407,33370000,373000000
2026-09-19T00:09:08.434Z,30474,46430,179500
2026-09-19T00:09:08.434Z,13785,47360000,65590000
2026-09-19T00:09:08.434Z,23003,451.6,1280
2026-09-19T00:09:08.434Z,47926,902,995.9
2026-09-19T00:09:08.434Z,81945,200200,1396000
2026-09-19T00:09:08.434Z,23707,4354,6683
2026-09-19T00:09:08.434Z,47917,23490000,30520000
2026-09-19T00:09:08.434Z,21725,2013000,2753000
2026-09-19T00:09:08.434Z,56793,52000,600000
2026-09-19T00:09:08.434Z,14228,6121000,12590000
2026-09-19T00:09:08.434Z,56208,1793000000,13000000000
2026-09-19T00:09:08.434Z,83370,340000,1774000
2026-09-19T00:09:08.434Z,57485,1207000,6150000
2026-09-19T00:09:08.434Z,31556,0.02,3675000
2026-09-19T00:09:08.434Z,47787,4008000,4188000
2026-09-19T00:09:08.434Z,45512,6181,11870
2026-09-19T00:09:08.434Z,60293,135400,542000
2026-09-19T00:09:08.434Z,31211,32030,22900000
2026-09-19T00:09:08.434Z,19202,165200000,181700000
2026-09-19T00:09:08.434Z,44171,25010,1217000
2026-09-19T00:09:08.434Z,34290,3141000,3349000
2026-09-19T00:09:08.434Z,47875,93670000,109500000
2026-09-19T00:09:08.434Z,19115,47330000,59980000
2026-09-19T00:09:08.434Z,92038,1301000,2155000
2026-09-19T00:09:08.434Z,48172,41000000,159900000
2026-09-19T00:09:08.434Z,88542,160000,2988000
2026-09-19T00:09:08.434Z,53307,8604000,78490000
2026-09-19T00:09:08.434Z,2254,52110,91980
2026-09-19T00:09:08.434Z,31666,185000,38990000
2026-09-19T00:09:08.434Z,25715,961600,1107000
2026-09-19T00:09:08.434Z,47741,12830000,13990000
2026-09-19T00:09:08.434Z,40349,40570000,49720000
2026-09-19T00:09:08.434Z,22919,14430000,38660000
2026-09-19T00:09:08.434Z,47929,626.5,798.9
2026-09-19T00:09:08.434Z,45660,8801,10490
2026-09-19T00:09:08.434Z,62670,,243000000
2026-09-19T00:09:08.434Z,81349,19.67,33.97
2026-09-19T00:09:08.434Z,52252,642000000,709300000
2026-09-19T00:09:08.434Z,31392,38100,53500000
2026-09-19T00:09:08.434Z,20847,2802000,3111000
2026-09-19T00:09:08.434Z,15104,6659000000,8000000000
2026-09-19T00:09:08.434Z,92035,6995000,7044000
2026-09-19T00:09:08.434Z,48726,6000000,25990000
2026-09-19T00:09:08.434Z,4394,,600000
2026-09-19T00:09:08.434Z,83213,1000,4099000
2026-09-19T00:09:08.434Z,74154,1139000,6894000
2026-09-19T00:09:08.434Z,645,139800000,150000000
2026-09-19T00:09:08.434Z,31792,27910000,31580000
2026-09-19T00:09:08.434Z,56075,223500,509500
2026-09-19T00:09:08.434Z,22953,17300000,30000000
2026-09-19T00:09:08.434Z,92579,60000,123600
2026-09-19T00:09:08.434Z,28695,41160,55900
2026-09-19T00:09:08.434Z,19287,2721000,2983000
2026-09-19T00:09:08.434Z,34207,3527000,3720000
2026-09-19T00:09:08.434Z,3958,25130000,350000000
2026-09-19T00:09:08.434Z,19038,248100000,279800000
2026-09-19T00:09:08.434Z,31442,19690,116900
2026-09-19T00:09:08.434Z,3488,612700,733100
2026-09-19T00:09:08.434Z,7705,30000,54370
2026-09-19T00:09:08.434Z,22109,67040000,73860000
2026-09-19T00:09:08.434Z,31390,3031000,5021000
2026-09-19T00:09:08.434Z,37864,441900000,972200000
2026-09-19T00:09:08.434Z,3209,82690000,116200000
2026-09-19T00:09:08.434Z,30309,33120,34870
2026-09-19T00:09:08.434Z,31822,,4682000
2026-09-19T00:09:08.434Z,37515,13010000,174700000
2026-09-19T00:09:08.434Z,9371,475000,432200
2026-09-19T00:09:08.434Z,14544,1174000000,2000000000
2026-09-19T00:09:08.434Z,85470,5729000,9900000
2026-09-19T00:09:08.434Z,847,,13670000
2026-09-19T00:09:08.434Z,25887,90060,97140
2026-09-19T00:09:08.434Z,19695,90620000,94480000
2026-09-19T00:09:08.434Z,52240,406000000,490000000
2026-09-19T00:09:08.434Z,54948,10,498900
2026-09-19T00:09:08.434Z,14043,5519000,6193000
2026-09-19T00:09:08.434Z,40566,21910000,25190000
2026-09-19T00:09:08.434Z,53954,10000000,2451000000
2026-09-19T00:09:08.434Z,52254,407900000,468000000
2026-09-19T00:09:08.434Z,30307,16120,16200
2026-09-19T00:09:08.434Z,47183,20000,230000
2026-09-19T00:09:08.434Z,35963,8604000,15320000
2026-09-19T00:09:08.434Z,48516,10150000,498600000
2026-09-19T00:09:08.434Z,19023,75120000,82590000
2026-09-19T00:09:08.434Z,47819,5240000,7826000
2026-09-19T00:09:08.434Z,20989,3554,8000
2026-09-19T00:09:08.434Z,35657,141800,152700
2026-09-19T00:09:08.434Z,15508,5046,32500
2026-09-19T00:09:08.434Z,23164,28.27,28.28
2026-09-19T00:09:08.434Z,21585,112900,449800
2026-09-19T00:09:08.434Z,21081,3301,108800
2026-09-19T00:09:08.434Z,16637,1087,1245
2026-09-19T00:09:08.434Z,41196,52560000,58750000
2026-09-19T00:09:08.434Z,17196,1209,7932
2026-09-19T00:09:08.434Z,72811,107600000,116200000
2026-09-19T00:09:08.434Z,53301,5436,11840
2026-09-19T00:09:08.434Z,30304,7973,8140
2026-09-19T00:09:08.434Z,92034,5230000,6347000
2026-09-19T00:09:08.434Z,92033,6516000,7017000
2026-09-19T00:09:08.434Z,92036,993700,1685000
2026-09-19T00:09:08.434Z,92040,2200000,2500000
2026-09-19T00:09:08.434Z,92041,1603000,2188000
2026-09-19T00:09:08.434Z,83206,280000,14580000
2026-09-19T00:09:08.434Z,27246,202700,595900
2026-09-19T00:09:08.434Z,34412,23070000,29290000
2026-09-19T00:09:08.434Z,78917,30030000,285000000
2026-09-19T00:09:08.434Z,16267,281300,478800
2026-09-19T00:09:08.434Z,42151,12350,249500000
2026-09-19T00:09:08.434Z,47895,16150000,16750000
2026-09-19T00:09:08.434Z,31731,750,500000
2026-09-19T00:09:08.434Z,20503,285000000,310000000
2026-09-19T00:09:08.434Z,4112,20670000,74130000
2026-09-19T00:09:08.434Z,60578,5020000,1500000000
2026-09-19T00:09:08.434Z,47623,1510000,20990000
2026-09-19T00:09:08.434Z,54398,99780000,144600000
2026-09-19T00:09:08.434Z,91940,52090000,74400000
2026-09-19T00:09:08.434Z,41236,29790000,39840000
2026-09-19T00:09:08.434Z,12015,135700000,143700000
2026-09-19T00:09:08.434Z,27383,121.6,198.9
2026-09-19T00:09:08.434Z,26384,1.05,2480000
2026-09-19T00:09:08.434Z,31340,2403000,4799000
2026-09-19T00:09:08.434Z,16067,82210000,106000000
2026-09-19T00:09:08.434Z,24495,60.24,67.97
2026-09-19T00:09:08.434Z,18983,28040000,31970000
2026-09-19T00:09:08.434Z,87841,543100,2884000
2026-09-19T00:09:08.434Z,82964,10000,188200
2026-09-19T00:09:08.434Z,211,8.3,15.81
2026-09-19T00:09:08.434Z,16641,6007,6250
2026-09-19T00:09:08.434Z,83217,10000,9444000
2026-09-19T00:09:08.434Z,228,15.04,59.34
2026-09-19T00:09:08.434Z,1306,260300,280400
2026-09-19T00:09:08.434Z,57112,52670000,92000000
2026-09-19T00:09:08.434Z,47927,801.8,900
2026-09-19T00:09:08.434Z,20059,224400000,275900000
2026-09-19T00:09:08.434Z,47899,9458000,9750000
2026-09-19T00:09:08.434Z,26328,32010000,74650000
2026-09-19T00:09:08.434Z,19265,59330000,67890000
2026-09-19T00:09:08.434Z,27225,123500,110000000
2026-09-19T00:09:08.434Z,15868,223600,1860000
2026-09-19T00:09:08.434Z,12779,310.6,341.3
2026-09-19T00:09:08.434Z,2571,1081000,1302000
2026-09-19T00:09:08.434Z,59178,130000,9599000
2026-09-19T00:09:08.434Z,574,1720000,1700000
2026-09-19T00:09:08.434Z,55761,3510000,3745000
2026-09-19T00:09:08.434Z,16507,92000,221100
2026-09-19T00:09:08.434Z,7125,466000,429900
2026-09-19T00:09:08.434Z,7087,420600,493100
2026-09-19T00:09:08.434Z,3775,12390,13330
2026-09-19T00:09:08.434Z,88711,251700000,293000000
2026-09-19T00:09:08.434Z,5849,66070,75800
2026-09-19T00:09:08.434Z,4613,18030,46860
2026-09-19T00:09:08.434Z,239,1119,1592
2026-09-19T00:09:08.434Z,15625,4500,4501
2026-09-19T00:09:08.434Z,86264,50510000,68170000
2026-09-19T00:09:08.434Z,57530,1381000,39000000
2026-09-19T00:09:08.434Z,85155,10000,1590000
2026-09-19T00:09:08.434Z,5141,342.7,7899
2026-09-19T00:09:08.434Z,25603,3249,3593
2026-09-19T00:09:08.434Z,14152,4512000,5763000
2026-09-19T00:09:08.434Z,31155,758200,1010000
2026-09-19T00:09:08.434Z,14868,4014000000,8000000000
2026-09-19T00:09:08.434Z,3779,840.3,874.9
2026-09-19T00:09:08.434Z,41201,218900000,232000000
2026-09-19T00:09:08.434Z,3280,515600,4497000
2026-09-19T00:09:08.434Z,85781,360000,2300000
2026-09-19T00:09:08.434Z,43855,374500000,410000000
2026-09-19T00:09:08.434Z,19536,40060000,65300000
2026-09-19T00:09:08.434Z,14168,65960000,74280000
2026-09-19T00:09:08.434Z,19215,9620000,10710000
2026-09-19T00:09:08.434Z,3598,648000,739000
2026-09-19T00:09:08.434Z,49732,2757000,3225000
2026-09-19T00:09:08.434Z,75271,51000000,150000000
2026-09-19T00:09:08.434Z,83294,10000,199900
2026-09-19T00:09:08.434Z,56590,39910000,3000000000
2026-09-19T00:09:08.434Z,21476,69550000,119500000
2026-09-19T00:09:08.434Z,19293,176200000,193600000
2026-09-19T00:09:08.434Z,40570,21540000,26520000
2026-09-19T00:09:08.434Z,96331,16340000,27980000
2026-09-19T00:09:08.434Z,2195,1570000,1723000
2026-09-19T00:09:08.434Z,60470,1801000,2950000
2026-09-19T00:09:08.434Z,12542,6147000,7097000
2026-09-19T00:09:08.434Z,55327,1000,1001
2026-09-19T00:09:08.434Z,13992,8327000,11000000
2026-09-19T00:09:08.434Z,1828,330.1,373.9
2026-09-19T00:09:08.434Z,88533,,49860000
2026-09-19T00:09:08.434Z,18742,85100,208000
2026-09-19T00:09:08.434Z,17217,17050000,19990000
2026-09-19T00:09:08.434Z,37254,976300000,1397000000
2026-09-19T00:09:08.434Z,53631,3025000,118000000
2026-09-19T00:09:08.434Z,60165,2500000000,4500000000
2026-09-19T00:09:08.434Z,12487,686200,1030000
2026-09-19T00:09:08.434Z,19412,15950000,16640000
2026-09-19T00:09:08.434Z,19414,27070000,28390000
2026-09-19T00:09:08.434Z,37545,5200,5952
2026-09-19T00:09:08.434Z,18975,126300000,167300000
2026-09-19T00:09:08.434Z,19255,60240000,76400000
2026-09-19T00:09:08.434Z,37848,11200,11210
2026-09-19T00:09:08.434Z,46219,259000,1685000
2026-09-19T00:09:08.434Z,13822,602000,3500000
2026-09-19T00:09:08.434Z,92463,3023000,3266000
2026-09-19T00:09:08.434Z,84084,60020000,519900000
2026-09-19T00:09:08.434Z,48590,126000,4899000
2026-09-19T00:09:08.434Z,225,26.14,32.46
2026-09-19T00:09:08.434Z,47739,4015000,5668000
2026-09-19T00:09:08.434Z,47169,40010000,760900000
2026-09-19T00:09:08.434Z,57480,50050000,127600000
2026-09-19T00:09:08.434Z,13956,86680000,112200000
2026-09-19T00:09:08.434Z,85392,10540,103900
2026-09-19T00:09:08.434Z,26084,4536000,5811000
2026-09-19T00:09:08.434Z,85752,545500,9799000
2026-09-19T00:09:08.434Z,3691,8510,9335
2026-09-19T00:09:08.434Z,22971,205.4,593.2
2026-09-19T00:09:08.434Z,23175,113800,193800
2026-09-19T00:09:08.434Z,92037,1202000,5492000
2026-09-19T00:09:08.434Z,47445,35520000,85000000
2026-09-19T00:09:08.434Z,78777,200000,1199000
2026-09-19T00:09:08.434Z,26380,5029000,7547000
2026-09-19T00:09:08.434Z,92467,332000,448600
2026-09-19T00:09:08.434Z,19221,4891000,5632000
2026-09-19T00:09:08.434Z,2032,464200,521600
2026-09-19T00:09:08.434Z,52188,1500000,2450000
2026-09-19T00:09:08.434Z,90457,800.2,6600
2026-09-19T00:09:08.434Z,41200,219700000,235200000
2026-09-19T00:09:08.434Z,3289,140500,20000000
2026-09-19T00:09:08.434Z,4383,2580000,2695000
2026-09-19T00:09:08.434Z,3689,10180,10500
2026-09-19T00:09:08.434Z,11301,69160,167300
2026-09-19T00:09:08.434Z,25948,3869000,4131000
2026-09-19T00:09:08.434Z,9497,500200,552000
2026-09-19T00:09:08.434Z,27411,847.6,969.4
2026-09-19T00:09:08.434Z,20702,1312000,49800000
2026-09-19T00:09:08.434Z,45616,30850000,32980000
2026-09-19T00:09:08.434Z,88478,10000,334500
2026-09-19T00:09:08.434Z,73456,81010000,199900000
2026-09-19T00:09:08.434Z,20201,492100,195800000
2026-09-19T00:09:08.434Z,27187,23220000,26940000
2026-09-19T00:09:08.434Z,30375,10630,11490
2026-09-19T00:09:08.434Z,30374,8017,8589
2026-09-19T00:09:08.434Z,16659,822.6,922.7
2026-09-19T00:09:08.434Z,28680,1868000,2099000
2026-09-19T00:09:08.434Z,43552,1674000,1872000
2026-09-19T00:09:08.434Z,56081,73580,248900
2026-09-19T00:09:08.434Z,47924,321.5,393.9
2026-09-19T00:09:08.434Z,60171,3300000000,4999000000
2026-09-19T00:09:08.434Z,28270,434100,447600
2026-09-19T00:09:08.434Z,17482,2859000,3287000
2026-09-19T00:09:08.434Z,27935,,38000000
2026-09-19T00:09:08.434Z,49823,8073000,5181000000
2026-09-19T00:09:08.434Z,45626,32860000,35750000
2026-09-19T00:09:08.434Z,48115,82100000,86000000
2026-09-19T00:09:08.434Z,4200,22190000,84960000
2026-09-19T00:09:08.434Z,2506,370,391
2026-09-19T00:09:08.434Z,84344,600000,3979000
2026-09-19T00:09:08.434Z,19551,134800000,147500000
2026-09-19T00:09:08.434Z,63860,55370,2200000
2026-09-19T00:09:08.434Z,252,4460,31890
2026-09-19T00:09:08.434Z,88632,1000,3874000
2026-09-19T00:09:08.434Z,53895,803300000,996000000
2026-09-19T00:09:08.434Z,31812,15350000,16230000
2026-09-19T00:09:08.434Z,54396,619400000,728500000
2026-09-19T00:09:08.434Z,84131,495300000,950000000
2026-09-19T00:09:08.434Z,42205,46650000,50560000
2026-09-19T00:09:08.434Z,42782,500400,6000000
2026-09-19T00:09:08.434Z,84519,150000,400500
2026-09-19T00:09:08.434Z,32881,2000000,5131000
2026-09-19T00:09:08.434Z,28442,222000,252000
2026-09-19T00:09:08.434Z,30628,16720000,19970000
2026-09-19T00:09:08.434Z,42211,131400000,148100000
2026-09-19T00:09:08.434Z,2921,1208000,2317000
2026-09-19T00:09:08.434Z,15825,72190000,138900000
2026-09-19T00:09:08.434Z,15114,184500000,329900000
2026-09-19T00:09:08.434Z,24690,140200000,153400000
2026-09-19T00:09:08.434Z,19208,230200000,243000000
2026-09-19T00:09:08.434Z,2929,3679000,4051000
2026-09-19T00:09:08.434Z,2312,12920,12940
2026-09-19T00:09:08.434Z,88672,6200000,10900000
2026-09-19T00:09:08.434Z,41493,105500000,114200000
2026-09-19T00:09:08.434Z,47814,4813000,7936000
2026-09-19T00:09:08.434Z,47772,1580000,1875000
2026-09-19T00:09:08.434Z,84423,2400000,4374000
2026-09-19T00:09:08.434Z,32782,1.32,5.63
2026-09-19T00:09:08.434Z,33470,254800000,275000000
2026-09-19T00:09:08.434Z,3703,335,2000
2026-09-19T00:09:08.434Z,47816,437500,712600
2026-09-19T00:09:08.434Z,17773,7013000,11000000
2026-09-19T00:09:08.434Z,21640,770300,829900
2026-09-19T00:09:08.434Z,45613,32530000,35950000
2026-09-19T00:09:08.434Z,33394,245700000,338000000
2026-09-19T00:09:08.434Z,4022,110000000,899900000
2026-09-19T00:09:08.434Z,34430,534500,3750000
2026-09-19T00:09:08.434Z,30248,4606,4776
2026-09-19T00:09:08.434Z,22961,342.3,447.3
2026-09-19T00:09:08.434Z,85979,20040000000,29500000000
2026-09-19T00:09:08.434Z,41218,25860000,27210000
2026-09-19T00:09:08.434Z,17653,,2089000
2026-09-19T00:09:08.434Z,14202,8110000,10460000
2026-09-19T00:09:08.434Z,2478,1393000,1474000
2026-09-19T00:09:08.434Z,3475,539000000,614900000
2026-09-19T00:09:08.434Z,59223,158100000,2790000000
2026-09-19T00:09:08.434Z,36784,16000000,1831000000
2026-09-19T00:09:08.434Z,31226,11120,138000
2026-09-19T00:09:08.434Z,13003,1257000,1325000
2026-09-19T00:09:08.434Z,34201,372000,421100
2026-09-19T00:09:08.434Z,11343,6149,14680
2026-09-19T00:09:08.434Z,78790,100000,739900
2026-09-19T00:09:08.434Z,88125,100700000,127200000
2026-09-19T00:09:08.434Z,85668,271800000,331000000
2026-09-19T00:09:08.434Z,60951,42550000,98990000
2026-09-19T00:09:08.434Z,54308,3258000,34990000
2026-09-19T00:09:08.434Z,35790,1024000,1148000
2026-09-19T00:09:08.434Z,17655,,5200000
2026-09-19T00:09:08.434Z,1822,40,53.89
2026-09-19T00:09:08.434Z,22446,263600000,284500000
2026-09-19T00:09:08.434Z,17661,4051,3800000
2026-09-19T00:09:08.434Z,23533,6792,15340
2026-09-19T00:09:08.434Z,82392,780000,2893000
2026-09-19T00:09:08.434Z,41332,1253000,1459000
2026-09-19T00:09:08.434Z,34202,1801000,1886000
2026-09-19T00:09:08.434Z,29059,500300,1620000
2026-09-19T00:09:08.434Z,41275,5188,8895
2026-09-19T00:09:08.434Z,17262,5000,5001
2026-09-19T00:09:08.434Z,16431,39070,69080
2026-09-19T00:09:08.434Z,21079,600.5,12910
2026-09-19T00:09:08.434Z,11198,16880000,17110000
2026-09-19T00:09:08.434Z,41155,11740,14510
2026-09-19T00:09:08.434Z,1875,8000,55000
2026-09-19T00:09:08.434Z,22911,,8354000
2026-09-19T00:09:08.434Z,49792,21800000,36970000
2026-09-19T00:09:08.434Z,37882,,238600
2026-09-19T00:09:08.434Z,655,2234000,2560000
2026-09-19T00:09:08.434Z,40659,35750000,42360000
2026-09-19T00:09:08.434Z,8517,4646000,5379000
2026-09-19T00:09:08.434Z,4395,231500,258800
2026-09-19T00:09:08.434Z,31404,11140000,42880000
2026-09-19T00:09:08.434Z,16236,1161000,1187000
2026-09-19T00:09:08.434Z,17691,1000000,13600000
2026-09-19T00:09:08.434Z,380,180900,222000
2026-09-19T00:09:08.434Z,14007,2603,5166
2026-09-19T00:09:08.434Z,93713,10140,36000000
2026-09-19T00:09:08.434Z,90740,435000,1200000
2026-09-19T00:09:08.434Z,56069,7000000,8999000
2026-09-19T00:09:08.434Z,29061,420100,754000
2026-09-19T00:09:08.434Z,37235,230300000,410000000
2026-09-19T00:09:08.434Z,90527,6020,69430
2026-09-19T00:09:08.434Z,83226,10000,97430000
2026-09-19T00:09:08.434Z,48114,35250000,37600000
2026-09-19T00:09:08.434Z,91233,200100000,349900000
2026-09-19T00:09:08.434Z,13263,12940000,13920000
2026-09-19T00:09:08.434Z,17478,38010000,41220000
2026-09-19T00:09:08.434Z,42721,55360,1600000
2026-09-19T00:09:08.434Z,31638,2028000,3807000
2026-09-19T00:09:08.434Z,57464,1168000,1250000
2026-09-19T00:09:08.434Z,55636,1486000,11530000
2026-09-19T00:09:08.434Z,33942,77250000,85000000
2026-09-19T00:09:08.434Z,56974,113.2,29990
2026-09-19T00:09:08.434Z,2400,432.1,452.8
2026-09-19T00:09:08.434Z,18961,68110000,87880000
2026-09-19T00:09:08.434Z,19003,51580000,58750000
2026-09-19T00:09:08.434Z,57478,45820,47500
2026-09-19T00:09:08.434Z,87460,2100000,29960000
2026-09-19T00:09:08.434Z,60029,,2224000000
2026-09-19T00:09:08.434Z,60466,783800,975000
2026-09-19T00:09:08.434Z,60462,300200,395000
2026-09-19T00:09:08.434Z,60461,634200,634600
2026-09-19T00:09:08.434Z,60472,7260000,8325000
2026-09-19T00:09:08.434Z,27920,1362000,1663000
2026-09-19T00:09:08.434Z,4401,6249000,9986000
2026-09-19T00:09:08.434Z,45024,31000000,344700000
2026-09-19T00:09:08.434Z,46021,30080000,1899000000
2026-09-19T00:09:08.434Z,15590,20010,20020
2026-09-19T00:09:08.434Z,641,139400000,149900000
2026-09-19T00:09:08.434Z,83306,10000,179900
2026-09-19T00:09:08.434Z,88710,1804000000,2000000000
2026-09-19T00:09:08.434Z,27167,13720000,21530000
2026-09-19T00:09:08.434Z,92469,1834000,2294000
2026-09-19T00:09:08.434Z,34306,4594000,5123000
2026-09-19T00:09:08.434Z,31207,839000,998100
2026-09-19T00:09:08.434Z,47751,18050000,19680000
2026-09-19T00:09:08.434Z,35683,65500000,69310000
2026-09-19T00:09:08.434Z,28286,611300,989900
2026-09-19T00:09:08.434Z,991,63720,6679000
2026-09-19T00:09:08.434Z,4477,9361,21830
2026-09-19T00:09:08.434Z,2024,705200,770000
2026-09-19T00:09:08.434Z,47743,15840000,18060000
2026-09-19T00:09:08.434Z,623,11130000,13600000
2026-09-19T00:09:08.434Z,34272,1757000,2179000
2026-09-19T00:09:08.434Z,62531,40.07,55
2026-09-19T00:09:08.434Z,56131,77430,99650
2026-09-19T00:09:08.434Z,48895,441300000,739900000
2026-09-19T00:09:08.434Z,53035,11750000,48850000
2026-09-19T00:09:08.434Z,85118,140000,458500
2026-09-19T00:09:08.434Z,30187,18090000,20790000
2026-09-19T00:09:08.434Z,43681,271100000,318400000
2026-09-19T00:09:08.434Z,40358,5109000,7393000
2026-09-19T00:09:08.434Z,4260,820000,1558000
2026-09-19T00:09:08.434Z,61207,688800,1199000
2026-09-19T00:09:08.434Z,22430,711600000,734000000
2026-09-19T00:09:08.434Z,4046,506700000,2900000000
2026-09-19T00:09:08.434Z,15630,71910,94660
2026-09-19T00:09:08.434Z,18973,61660000,70880000
2026-09-19T00:09:08.434Z,56133,70000,75630
2026-09-19T00:09:08.434Z,91099,277200000,975000000
2026-09-19T00:09:08.434Z,60097,750000000,1024000000
2026-09-19T00:09:08.434Z,42699,170800,1450000
2026-09-19T00:09:08.434Z,14756,,450000000
2026-09-19T00:09:08.434Z,15719,3001000,9787000
2026-09-19T00:09:08.434Z,27245,109800000,118700000
2026-09-19T00:09:08.434Z,3618,107800000,133300000
2026-09-19T00:09:08.434Z,26290,57250000,63490000
2026-09-19T00:09:08.434Z,93238,900000,17600000
2026-09-19T00:09:08.434Z,238,195.2,232.7
2026-09-19T00:09:08.434Z,85929,109300000,253100000
2026-09-19T00:09:08.434Z,17866,1721,2114
2026-09-19T00:09:08.434Z,33393,380100000,400000000
2026-09-19T00:09:08.434Z,4312,17350,17990
2026-09-19T00:09:08.434Z,26086,5920000,6551000
2026-09-19T00:09:08.434Z,57475,93360000,99480000
2026-09-19T00:09:08.434Z,30022,31520,38790
2026-09-19T00:09:08.434Z,21370,3172,4409
2026-09-19T00:09:08.434Z,33295,22170000,339000000
2026-09-19T00:09:08.434Z,33076,11010,17900
2026-09-19T00:09:08.434Z,26420,65710000,73890000
2026-09-19T00:09:08.434Z,27115,750100,1088000
2026-09-19T00:09:08.434Z,31414,21090000,22490000
2026-09-19T00:09:08.434Z,230,72.55,75.57
2026-09-19T00:09:08.434Z,18873,74390000,82510000
2026-09-19T00:09:08.434Z,26004,102000,6461000
2026-09-19T00:09:08.434Z,57344,77680000,219100000
2026-09-19T00:09:08.434Z,50003,91430000,895000000
2026-09-19T00:09:08.434Z,26396,33860000,77220000
2026-09-19T00:09:08.434Z,7169,441000,530000
2026-09-19T00:09:08.434Z,2510,340.1,370
2026-09-19T00:09:08.434Z,7173,332900,531300
2026-09-19T00:09:08.434Z,13809,16970000,25900000
2026-09-19T00:09:08.434Z,24535,502.5,576.9
2026-09-19T00:09:08.434Z,5839,1572000,1648000
2026-09-19T00:09:08.434Z,25892,5025000,6287000
2026-09-19T00:09:08.434Z,9668,463400,491400
2026-09-19T00:09:08.434Z,8105,305400,663700
2026-09-19T00:09:08.434Z,7167,504000,539700
2026-09-19T00:09:08.434Z,46930,30010,1000000
2026-09-19T00:09:08.434Z,34704,111300,1998000
2026-09-19T00:09:08.434Z,9800,475500,505800
2026-09-19T00:09:08.434Z,57476,107600,84960000
2026-09-19T00:09:08.434Z,20307,49,63
2026-09-19T00:09:08.434Z,11317,244800,342600
2026-09-19T00:09:08.434Z,17841,7110000,8142000
2026-09-19T00:09:08.434Z,25336,167000,345200
2026-09-19T00:09:08.434Z,54393,269000000,317800000
2026-09-19T00:09:08.434Z,31698,0.02,1410000
2026-09-19T00:09:08.434Z,19035,89380000,177700000
2026-09-19T00:09:08.434Z,62516,10.46,11.46
2026-09-19T00:09:08.434Z,3828,9634,10470
2026-09-19T00:09:08.434Z,30268,8171,9194
2026-09-19T00:09:08.434Z,31890,1500000,1604000
2026-09-19T00:09:08.434Z,31051,4586000,4956000
2026-09-19T00:09:08.434Z,43759,43190000,65710000
2026-09-19T00:09:08.434Z,73461,500000,1789000
2026-09-19T00:09:08.434Z,22177,35000,39900
2026-09-19T00:09:08.434Z,19119,49650000,54270000
2026-09-19T00:09:08.434Z,4231,40180000,44990000
2026-09-19T00:09:08.434Z,31922,1609000,1934000
2026-09-19T00:09:08.434Z,91154,431700000,1213000000
2026-09-19T00:09:08.434Z,2281,1650000,1823000
2026-09-19T00:09:08.434Z,62591,22680000,31070000
2026-09-19T00:09:08.434Z,4294,93350000,105400000
2026-09-19T00:09:08.434Z,17177,3300000,5578000
2026-09-19T00:09:08.434Z,19361,7500000,11990000
2026-09-19T00:09:08.434Z,33178,70540,91450
2026-09-19T00:09:08.434Z,62622,7501000,8199000
2026-09-19T00:09:08.434Z,33922,77300000,84000000
2026-09-19T00:09:08.434Z,85141,100000,335000
2026-09-19T00:09:08.434Z,622,10250000,11230000
2026-09-19T00:09:08.434Z,33472,824200000,856700000
2026-09-19T00:09:08.434Z,52275,200000,200100
2026-09-19T00:09:08.434Z,87464,460000000,900000000
2026-09-19T00:09:08.434Z,60475,3258000,3825000
2026-09-19T00:09:08.434Z,83362,340100,1861000
2026-09-19T00:09:08.434Z,26026,6234000,7066000
2026-09-19T00:09:08.434Z,33138,794500,1769000
2026-09-19T00:09:08.434Z,28754,174100000,181700000
2026-09-19T00:09:08.434Z,18696,313700000,341000000
2026-09-19T00:09:08.434Z,6173,2000,19910
2026-09-19T00:09:08.434Z,18987,19890000,32790000
2026-09-19T00:09:08.434Z,21594,9.23,9.24
2026-09-19T00:09:08.434Z,16646,3038,3257
2026-09-19T00:09:08.434Z,4248,5750000,7659000
2026-09-19T00:09:08.434Z,34677,58280,16880000
2026-09-19T00:09:08.434Z,62635,91860000,131600000
2026-09-19T00:09:08.434Z,91139,1401000,5999000
2026-09-19T00:09:08.434Z,83221,0.01,10000
2026-09-19T00:09:08.434Z,29103,1164000,1630000
2026-09-19T00:09:08.434Z,263,68.1,182.6
2026-09-19T00:09:08.434Z,648,808100,1063000
2026-09-19T00:09:08.434Z,56854,,5390000
2026-09-19T00:09:08.434Z,45831,220000,4975000
2026-09-19T00:09:08.434Z,16658,800.1,910
2026-09-19T00:09:08.434Z,12235,132100000,460400000
2026-09-19T00:09:08.434Z,18827,61500000,73530000
2026-09-19T00:09:08.434Z,89647,65150000,71960000
2026-09-19T00:09:08.434Z,41508,1890000000,2200000000
2026-09-19T00:09:08.434Z,30269,8651,11770
2026-09-19T00:09:08.434Z,33902,43110000,46690000
2026-09-19T00:09:08.434Z,56926,,364900000
2026-09-19T00:09:08.434Z,45775,200000,2970000
2026-09-19T00:09:08.434Z,44931,10010000,59900000
2026-09-19T00:09:08.434Z,17918,713300000,766400000
2026-09-19T00:09:08.434Z,45020,161000000,349900000
2026-09-19T00:09:08.434Z,46948,10050000,24810000
2026-09-19T00:09:08.434Z,35789,5816000,6863000
2026-09-19T00:09:08.434Z,3725,9887,11260
2026-09-19T00:09:08.434Z,30376,18040,20190
2026-09-19T00:09:08.434Z,33279,33140000,329500000
2026-09-19T00:09:08.434Z,29053,457700,509900
2026-09-19T00:09:08.434Z,94152,269300000,288000000
2026-09-19T00:09:08.434Z,990,50,8659000
2026-09-19T00:09:08.434Z,13223,4283000,4900000
2026-09-19T00:09:08.434Z,43774,11020000,15000000
2026-09-19T00:09:08.434Z,85178,896900,897600
2026-09-19T00:09:08.434Z,40558,10050000,10850000
2026-09-19T00:09:08.434Z,89610,101200,1374000
2026-09-19T00:09:08.434Z,33778,486600,22000000
2026-09-19T00:09:08.434Z,56146,260000000,26240000000
2026-09-19T00:09:08.434Z,12729,99000000,105700000
2026-09-19T00:09:08.434Z,34606,1324000,21400000
2026-09-19T00:09:08.434Z,33332,1165,13330
2026-09-19T00:09:08.434Z,92399,115000000,126100000
2026-09-19T00:09:08.434Z,12612,24.13,37.48
2026-09-19T00:09:08.434Z,32039,2305000,13800000
2026-09-19T00:09:08.434Z,13941,117500000,123800000
2026-09-19T00:09:08.434Z,85552,611400000,1196000000
2026-09-19T00:09:08.434Z,13929,60070000,66500000
2026-09-19T00:09:08.434Z,57125,309200000,359800000
2026-09-19T00:09:08.434Z,32047,15880000,16240000
2026-09-19T00:09:08.434Z,32444,44000000,84470000
2026-09-19T00:09:08.434Z,44260,534.9,979.9
2026-09-19T00:09:08.434Z,62400,8874,9100
2026-09-19T00:09:08.434Z,45632,32800000,36180000
2026-09-19T00:09:08.434Z,48121,95000,95840
2026-09-19T00:09:08.434Z,29013,3201,14500
2026-09-19T00:09:08.434Z,45975,5002000,19480000
2026-09-19T00:09:08.434Z,23854,1197000,4298000
2026-09-19T00:09:08.434Z,11957,125300000,134100000
2026-09-19T00:09:08.434Z,34278,3314000,4746000
2026-09-19T00:09:08.434Z,27151,31350,399100
2026-09-19T00:09:08.434Z,41270,3618,10780
2026-09-19T00:09:08.434Z,41456,302400000,350300000
2026-09-19T00:09:08.434Z,81065,63620,71330
2026-09-19T00:09:08.434Z,16537,12350000,14320000
2026-09-19T00:09:08.434Z,21290,250900,2900000
2026-09-19T00:09:08.434Z,78786,100000,1490000
2026-09-19T00:09:08.434Z,88546,10010,998800
2026-09-19T00:09:08.434Z,28652,21020000,22940000
2026-09-19T00:09:08.434Z,34720,12460,500000000
2026-09-19T00:09:08.434Z,94010,1200000000,1420000000
2026-09-19T00:09:08.434Z,47791,18310000,21630000
2026-09-19T00:09:08.434Z,48764,170.6,200000
2026-09-19T00:09:08.434Z,45959,5015000,11780000
2026-09-19T00:09:08.434Z,32045,2402000,3966000
2026-09-19T00:09:08.434Z,47448,318400000,368200000
2026-09-19T00:09:08.434Z,44270,625,799
2026-09-19T00:09:08.434Z,33700,26720000,30080000
2026-09-19T00:09:08.434Z,75279,261.7,319.9
2026-09-19T00:09:08.434Z,34496,3043000,3991000
2026-09-19T00:09:08.434Z,88532,20010,695700
2026-09-19T00:09:08.434Z,32061,1001000,4512000
2026-09-19T00:09:08.434Z,18766,7019000,7999000
2026-09-19T00:09:08.434Z,57123,180000000,211800000
2026-09-19T00:09:08.434Z,11740,1870,3697
2026-09-19T00:09:08.434Z,84108,750000000,1640000000
2026-09-19T00:09:08.434Z,21418,25.07,1984
2026-09-19T00:09:08.434Z,31726,24380000,30900000
2026-09-19T00:09:08.434Z,3154,3865000,4199000
2026-09-19T00:09:08.434Z,20845,,2883000
2026-09-19T00:09:08.434Z,20951,7.01,110.9
2026-09-19T00:09:08.434Z,37847,9509,11490
2026-09-19T00:09:08.434Z,87562,221900000,222000000
2026-09-19T00:09:08.434Z,32246,35350000,38990000
2026-09-19T00:09:08.434Z,23027,,792.3
2026-09-19T00:09:08.434Z,37822,85290,240000
2026-09-19T00:09:08.434Z,31256,1000,897900
2026-09-19T00:09:08.434Z,18931,53010000,60880000
2026-09-19T00:09:08.434Z,11577,3265000,3548000
2026-09-19T00:09:08.434Z,49741,58000000,61450000
2026-09-19T00:09:08.434Z,46521,5117000,44800000
2026-09-19T00:09:08.434Z,7583,9982,75000
2026-09-19T00:09:08.434Z,45804,512700,3840000
2026-09-19T00:09:08.434Z,20417,85180,96470
2026-09-19T00:09:08.434Z,20415,85720,92000
2026-09-19T00:09:08.434Z,11551,38370,42580
2026-09-19T00:09:08.434Z,45618,33100000,35760000
2026-09-19T00:09:08.434Z,91849,14500000,17700000
2026-09-19T00:09:08.434Z,35826,3737000000,4293000000
2026-09-19T00:09:08.434Z,18783,11340,445400
2026-09-19T00:09:08.434Z,8117,20540,23360
2026-09-19T00:09:08.434Z,11739,708.1,245000
2026-09-19T00:09:08.434Z,31560,140000,140000000
2026-09-19T00:09:08.434Z,25530,65030000,78830000
2026-09-19T00:09:08.434Z,20499,94000000,96500000
2026-09-19T00:09:08.434Z,95267,,250000000
2026-09-19T00:09:08.434Z,31584,83140000,299700000
2026-09-19T00:09:08.434Z,56136,10550,18580
2026-09-19T00:09:08.434Z,28752,136300000,143100000
2026-09-19T00:09:08.434Z,47914,17640000,19910000
2026-09-19T00:09:08.434Z,75269,1111,1200000000
2026-09-19T00:09:08.434Z,29340,35710000,36600000
2026-09-19T00:09:08.434Z,31059,11010000,12050000
2026-09-19T00:09:08.434Z,30747,4648000,4791000
2026-09-19T00:09:08.434Z,20841,1050000,1895000
2026-09-19T00:09:08.434Z,42907,6090000,17410000
2026-09-19T00:09:08.434Z,26374,47580000,53540000
2026-09-19T00:09:08.434Z,45891,4170000,15090000
2026-09-19T00:09:08.434Z,41311,171,6988
2026-09-19T00:09:08.434Z,87461,131000000,480000000
2026-09-19T00:09:08.434Z,85774,140000,140100
2026-09-19T00:09:08.434Z,33944,269000000,289300000
2026-09-19T00:09:08.434Z,47028,37400000,41990000
2026-09-19T00:09:08.434Z,29039,843100,1413000
2026-09-19T00:09:08.434Z,20509,1327000000,1498000000
2026-09-19T00:09:08.434Z,31796,16140000,17090000
2026-09-19T00:09:08.434Z,15881,22360000,28270000
2026-09-19T00:09:08.434Z,33453,22010000,25310000
2026-09-19T00:09:08.434Z,84129,240400000,425000000
2026-09-19T00:09:08.434Z,45933,55000,1390000
2026-09-19T00:09:08.434Z,64410,52070000,488400000
2026-09-19T00:09:08.434Z,90466,3200,30000
2026-09-19T00:09:08.434Z,41254,1175000000,1488000000
2026-09-19T00:09:08.434Z,31510,213200,7277000
2026-09-19T00:09:08.434Z,33900,46350000,47820000
2026-09-19T00:09:08.434Z,44164,,1447000
2026-09-19T00:09:08.434Z,62398,7611,8550
2026-09-19T00:09:08.434Z,46325,359000000,395900000
2026-09-19T00:09:08.434Z,49653,222000,2398000
2026-09-19T00:09:08.434Z,33697,11380000,13920000
2026-09-19T00:09:08.434Z,633,7704000,8847000
2026-09-19T00:09:08.434Z,17932,54160000,59110000
2026-09-19T00:09:08.434Z,585,316400,489800
2026-09-19T00:09:08.434Z,14244,108400000,118100000
2026-09-19T00:09:08.434Z,11488,112500,976100
2026-09-19T00:09:08.434Z,28808,64180000,78920000
2026-09-19T00:09:08.434Z,33382,268500000,474900000
2026-09-19T00:09:08.434Z,44186,500000,1999000
2026-09-19T00:09:08.434Z,62556,2335,4259
2026-09-19T00:09:08.434Z,31416,55150000,571100000
2026-09-19T00:09:08.434Z,22137,409600000,434900000
2026-09-19T00:09:08.434Z,84103,600100000,1149000000
2026-09-19T00:09:08.434Z,17216,500,3900
2026-09-19T00:09:08.434Z,62527,28.04,34.97
2026-09-19T00:09:08.434Z,31814,23080000,445700000
2026-09-19T00:09:08.434Z,33563,123500000,140800000
2026-09-19T00:09:08.434Z,33400,7120000,7677000
2026-09-19T00:09:08.434Z,52406,16000000,160000000
2026-09-19T00:09:08.434Z,31582,2247000,12080000
2026-09-19T00:09:08.434Z,85146,80000,180000
2026-09-19T00:09:08.434Z,82351,60000,118300
2026-09-19T00:09:08.434Z,25600,40910,42330
2026-09-19T00:09:08.434Z,93778,,42890
2026-09-19T00:09:08.434Z,18981,17860000,24890000
2026-09-19T00:09:08.434Z,18779,65710000,100200000
2026-09-19T00:09:08.434Z,37630,257000000,379600000
2026-09-19T00:09:08.434Z,13954,42110000,51390000
2026-09-19T00:09:08.434Z,31508,10.01,3645000
2026-09-19T00:09:08.434Z,56139,53380000,59160000
2026-09-19T00:09:08.434Z,20418,95290,96430
2026-09-19T00:09:08.434Z,42830,302.9,382.9
2026-09-19T00:09:08.434Z,41482,2012000,2497000
2026-09-19T00:09:08.434Z,46099,889900,999000000
2026-09-19T00:09:08.434Z,35833,8779000000,9306000000
2026-09-19T00:09:08.434Z,34641,55000000,148800000
2026-09-19T00:09:08.434Z,47030,34130000,67190000
2026-09-19T00:09:08.434Z,46415,7028000,359000000
2026-09-19T00:09:08.434Z,45921,1006000,34000000
2026-09-19T00:09:08.434Z,36637,100000,58880000
2026-09-19T00:09:08.434Z,42835,381.7,464.8
2026-09-19T00:09:08.434Z,4573,2026,22560
2026-09-19T00:09:08.434Z,44,13600,13920
2026-09-19T00:09:08.434Z,31125,3201000,3487000
2026-09-19T00:09:08.434Z,45776,66660,599200
2026-09-19T00:09:08.434Z,31544,2134000,2845000
2026-09-19T00:09:08.434Z,4158,17500000,367200000
2026-09-19T00:09:08.434Z,45484,185600000,682900000
2026-09-19T00:09:08.434Z,29994,461800,798800
2026-09-19T00:09:08.434Z,24486,47.15,84
2026-09-19T00:09:08.434Z,8869,21000,84990
2026-09-19T00:09:08.434Z,85938,300100,2300000
2026-09-19T00:09:08.434Z,27369,36430,57690
2026-09-19T00:09:08.434Z,19553,178100000,191400000
2026-09-19T00:09:08.434Z,41309,391.1,80000
2026-09-19T00:09:08.434Z,86216,2789000,3330000
2026-09-19T00:09:08.434Z,83222,140000,750000
2026-09-19T00:09:08.434Z,49619,10000,3989000
2026-09-19T00:09:08.434Z,73397,1002000,14900000
2026-09-19T00:09:08.434Z,62532,90.27,105.9
2026-09-19T00:09:08.434Z,21428,3105,9986
2026-09-19T00:09:08.434Z,35924,60490000,70600000
2026-09-19T00:09:08.434Z,78366,477800000,522000000
2026-09-19T00:09:08.434Z,13283,21850,33720
2026-09-19T00:09:08.434Z,23536,1250,83490
2026-09-19T00:09:08.434Z,87324,57030000,68990000
2026-09-19T00:09:08.434Z,31324,800300,1103000
2026-09-19T00:09:08.434Z,60677,67800,749900
2026-09-19T00:09:08.434Z,17287,150100,9600000
2026-09-19T00:09:08.434Z,20412,91290,96040
2026-09-19T00:09:08.434Z,23117,632200,987200
2026-09-19T00:09:08.434Z,11215,40080,2883000
2026-09-19T00:09:08.434Z,185,21.64,27.6
2026-09-19T00:09:08.434Z,31576,156800,1364000
2026-09-19T00:09:08.434Z,84498,22120000,173100000
2026-09-19T00:09:08.434Z,55587,100,100.1
2026-09-19T00:09:08.434Z,4346,865100000,957700000
2026-09-19T00:09:08.434Z,55654,,16230
2026-09-19T00:09:08.434Z,31246,726200,2883000
2026-09-19T00:09:08.434Z,55308,1001,1002
2026-09-19T00:09:08.434Z,44135,10000,1180000
2026-09-19T00:09:08.434Z,63061,81190000,127000000
2026-09-19T00:09:08.434Z,55642,10000,10010
2026-09-19T00:09:08.434Z,55649,2002,2003
2026-09-19T00:09:08.434Z,3296,25000,37340
2026-09-19T00:09:08.434Z,62533,83.87,113
2026-09-19T00:09:08.434Z,19550,109400000,118200000
2026-09-19T00:09:08.434Z,14154,3142000,4350000
2026-09-19T00:09:08.434Z,88642,10000,899800
2026-09-19T00:09:08.434Z,82358,40000,2899000
2026-09-19T00:09:08.434Z,82385,10000,444600
2026-09-19T00:09:08.434Z,83341,10000,195700
2026-09-19T00:09:08.434Z,31213,21050,49960
2026-09-19T00:09:08.434Z,40462,12550,5800000
2026-09-19T00:09:08.434Z,11648,1840000,2390000
2026-09-19T00:09:08.434Z,93470,24980000,249800000
2026-09-19T00:09:08.434Z,60917,6710000,9711000
2026-09-19T00:09:08.434Z,81144,5039,5533
2026-09-19T00:09:08.434Z,90703,101.3,271.2
2026-09-19T00:09:08.434Z,19313,15630000,29970000
2026-09-19T00:09:08.434Z,31790,851700,1182000
2026-09-19T00:09:08.434Z,41486,15470000,19440000
2026-09-19T00:09:08.434Z,3090,4407000,4900000
2026-09-19T00:09:08.434Z,31274,52340,242900
2026-09-19T00:09:08.434Z,21888,44150000,47610000
2026-09-19T00:09:08.434Z,60304,91320,379800
2026-09-19T00:09:08.434Z,2349,87970,103600
2026-09-19T00:09:08.434Z,23159,41.21,41.22
2026-09-19T00:09:08.434Z,33929,130100,1900000
2026-09-19T00:09:08.434Z,18815,2790000,3849000
2026-09-19T00:09:08.434Z,12541,2500,168800
2026-09-19T00:09:08.434Z,16246,110300000,118900000
2026-09-19T00:09:08.434Z,26914,2009000,2269000
2026-09-19T00:09:08.434Z,53299,179800000,221100000
2026-09-19T00:09:08.434Z,88472,1010,79990
2026-09-19T00:09:08.434Z,8748,8114,14880
2026-09-19T00:09:08.434Z,34124,9791000,12500000
2026-09-19T00:09:08.434Z,19339,80090000,88870000
2026-09-19T00:09:08.434Z,564,27000,38770
2026-09-19T00:09:08.434Z,17219,504,504.1
2026-09-19T00:09:08.434Z,13976,7303000,9220000
2026-09-19T00:09:08.434Z,31133,203100,28100000
2026-09-19T00:09:08.434Z,24695,1074000000,1538000000
2026-09-19T00:09:08.434Z,42614,10000000,13940000
2026-09-19T00:09:08.434Z,50004,4000000,1557000000
2026-09-19T00:09:08.434Z,11549,95820,105900
2026-09-19T00:09:08.434Z,82304,560.9,784.9
2026-09-19T00:09:08.434Z,20125,145100000,147400000
2026-09-19T00:09:08.434Z,25266,2174000,2799000
2026-09-19T00:09:08.434Z,28697,101100,107500
2026-09-19T00:09:08.434Z,40731,31670000,105700000
2026-09-19T00:09:08.434Z,60307,270100,1047000
2026-09-19T00:09:08.434Z,31766,123.4,89290
2026-09-19T00:09:08.434Z,96328,920900,2500000
2026-09-19T00:09:08.434Z,24395,211400,417000
2026-09-19T00:09:08.434Z,2629,362.3,390
2026-09-19T00:09:08.434Z,2108,38420,69350
2026-09-19T00:09:08.434Z,16359,191100,215000
2026-09-19T00:09:08.434Z,632,6188000,9286000
2026-09-19T00:09:08.434Z,92398,112600000,119500000
2026-09-19T00:09:08.434Z,631,7110000,7897000
2026-09-19T00:09:08.434Z,15228,111800,165000000
2026-09-19T00:09:08.434Z,56899,375800,494900000
2026-09-19T00:09:08.434Z,47931,1215,1400
2026-09-19T00:09:08.434Z,11225,36100,1327000
2026-09-19T00:09:08.434Z,54970,9293,15330
2026-09-19T00:09:08.434Z,60281,201000,221400
2026-09-19T00:09:08.434Z,33153,116300000,131100000
2026-09-19T00:09:08.434Z,43675,69970,200000000
2026-09-19T00:09:08.434Z,12210,392500,675000
2026-09-19T00:09:08.434Z,93840,95150000,138000000
2026-09-19T00:09:08.434Z,7619,218300,845500
2026-09-19T00:09:08.434Z,40556,9376000,11530000
2026-09-19T00:09:08.434Z,21086,390300,743600
2026-09-19T00:09:08.434Z,19540,88810000,109300000
2026-09-19T00:09:08.434Z,56079,47170,96800
2026-09-19T00:09:08.434Z,60163,1633000000,2200000000
2026-09-19T00:09:08.434Z,62399,4307,4842
2026-09-19T00:09:08.434Z,6961,50200,65900
2026-09-19T00:09:08.434Z,16118,3184,30000
2026-09-19T00:09:08.434Z,33577,460600,460700
2026-09-19T00:09:08.434Z,15597,4696,4697
2026-09-19T00:09:08.434Z,33529,2303000000,2999000000
2026-09-19T00:09:08.434Z,34264,2403000,2706000
2026-09-19T00:09:08.434Z,20038,11.82,823.4
2026-09-19T00:09:08.434Z,36913,310300,14990000
2026-09-19T00:09:08.434Z,31872,1132000,1245000
2026-09-19T00:09:08.434Z,9941,5515000,8240000
2026-09-19T00:09:08.434Z,86114,48360000,111000000
2026-09-19T00:09:08.434Z,27080,102600,650000
2026-09-19T00:09:08.434Z,42559,15000000,44880000
2026-09-19T00:09:08.434Z,35840,110500000,599700000
2026-09-19T00:09:08.434Z,3826,350,2000
2026-09-19T00:09:08.434Z,91920,1473000,3694000
2026-09-19T00:09:08.434Z,84170,264100,500000
2026-09-19T00:09:08.434Z,86105,28290000,68490000
2026-09-19T00:09:08.434Z,11370,1730000,1955000
2026-09-19T00:09:08.434Z,55294,52050000,90000000
2026-09-19T00:09:08.434Z,30552,4251000,6100000
2026-09-19T00:09:08.434Z,14642,2642000000,2892000000
2026-09-19T00:09:08.434Z,26046,200100,1433000
2026-09-19T00:09:08.434Z,29622,8654,14660
2026-09-19T00:09:08.434Z,11993,141200000,153500000
2026-09-19T00:09:08.434Z,18068,1398000,1651000
2026-09-19T00:09:08.434Z,47909,15030,56970
2026-09-19T00:09:08.434Z,5363,5792,7487
2026-09-19T00:09:08.434Z,40692,648200000,879900000
2026-09-19T00:09:08.434Z,60762,200200000,340000000
2026-09-19T00:09:08.434Z,75898,206000000,493700000
2026-09-19T00:09:08.434Z,2977,622900,657700
2026-09-19T00:09:08.434Z,12791,133.9,160.7
2026-09-19T00:09:08.434Z,48387,7011000,13800000
2026-09-19T00:09:08.434Z,56616,13530000,284800000
2026-09-19T00:09:08.434Z,85682,7007000,61500000
2026-09-19T00:09:08.434Z,52559,,995000000
2026-09-19T00:09:08.434Z,87521,39050000,100000000
2026-09-19T00:09:08.434Z,60464,9951000,10740000
2026-09-19T00:09:08.434Z,15695,144.1,800000
2026-09-19T00:09:08.434Z,64570,,168900000
2026-09-19T00:09:08.434Z,31788,208700,237300
2026-09-19T00:09:08.434Z,34627,1970000,39000000
2026-09-19T00:09:08.434Z,7287,152000,175000
2026-09-19T00:09:08.434Z,992,50,12740000
2026-09-19T00:09:08.434Z,79716,12950000,21860000
2026-09-19T00:09:08.434Z,42203,142000000,174000000
2026-09-19T00:09:08.434Z,49434,5045000,11150000
2026-09-19T00:09:08.434Z,42546,4400000,12000000
2026-09-19T00:09:08.434Z,53955,241000000,500000000
2026-09-19T00:09:08.434Z,26436,7060000,7676000
2026-09-19T00:09:08.434Z,97200,100000000,749700000
2026-09-19T00:09:08.434Z,84422,3761000,6995000
2026-09-19T00:09:08.434Z,84406,700,16980
2026-09-19T00:09:08.434Z,91166,263600000,395300000
2026-09-19T00:09:08.434Z,15919,280000,6981000
2026-09-19T00:09:08.434Z,7291,,21220
2026-09-19T00:09:08.434Z,15891,114600000,122100000
2026-09-19T00:09:08.434Z,590,242900,450000
2026-09-19T00:09:08.434Z,47742,2313000,2570000
2026-09-19T00:09:08.434Z,14678,,13450000000
2026-09-19T00:09:08.434Z,46949,1245000,13100000
2026-09-19T00:09:08.434Z,49723,965800,1299000
2026-09-19T00:09:08.434Z,6005,2639,4153
2026-09-19T00:09:08.434Z,55985,122000000,230500000
2026-09-19T00:09:08.434Z,47897,200900,395000
2026-09-19T00:09:08.434Z,34684,51340,9990000
2026-09-19T00:09:08.434Z,43788,4752000,44970000
2026-09-19T00:09:08.434Z,28437,371000,462600
2026-09-19T00:09:08.434Z,14108,44410000,49280000
2026-09-19T00:09:08.434Z,43900,401100,39000000
2026-09-19T00:09:08.434Z,86263,55520000,72770000
2026-09-19T00:09:08.434Z,31906,7328000,8648000
2026-09-19T00:09:08.434Z,85395,330000,398000
2026-09-19T00:09:08.434Z,6959,55100,67000
2026-09-19T00:09:08.434Z,14463,1550000000,6550000000
2026-09-19T00:09:08.434Z,27419,977.3,1069
2026-09-19T00:09:08.434Z,47886,602,789.4
2026-09-19T00:09:08.434Z,27401,952.9,1037
2026-09-19T00:09:08.434Z,21382,1359,4834
2026-09-19T00:09:08.434Z,27339,2020,2204
2026-09-19T00:09:08.434Z,31776,8000,14410
2026-09-19T00:09:08.434Z,55555,500,97800
2026-09-19T00:09:08.434Z,18957,14100000,46480000
2026-09-19T00:09:08.434Z,32774,12870,24000
2026-09-19T00:09:08.434Z,41216,23790000,30800000
2026-09-19T00:09:08.434Z,19231,131800000,144600000
2026-09-19T00:09:08.434Z,17740,822300000,893500000
2026-09-19T00:09:08.434Z,19183,116500000,124900000
2026-09-19T00:09:08.434Z,12267,2339000,2575000
2026-09-19T00:09:08.434Z,31467,,1089000
2026-09-19T00:09:08.434Z,179,3.2,5
2026-09-19T00:09:08.434Z,3153,126100,90000000
2026-09-19T00:09:08.434Z,26081,,1250000
2026-09-19T00:09:08.434Z,49751,240000000,1000000000
2026-09-19T00:09:08.434Z,53986,9131000,13990000
2026-09-19T00:09:08.434Z,5282,5000,8987
2026-09-19T00:09:08.434Z,14025,13870,89960
2026-09-19T00:09:08.434Z,58893,635700,34000000
2026-09-19T00:09:08.434Z,43849,47070000,60000000
2026-09-19T00:09:08.434Z,81383,350000,350100
2026-09-19T00:09:08.434Z,4240,203500000,499700000
2026-09-19T00:09:08.434Z,42840,430.1,468
2026-09-19T00:09:08.434Z,18698,389100000,426400000
2026-09-19T00:09:08.434Z,33779,12500000,87490000
2026-09-19T00:09:08.434Z,4399,3306000,4288000
2026-09-19T00:09:08.434Z,88483,1000,478000
2026-09-19T00:09:08.434Z,2868,2259000,2342000
2026-09-19T00:09:08.434Z,28699,83370,89970
2026-09-19T00:09:08.434Z,27395,1392,1509
2026-09-19T00:09:08.434Z,14296,3506000,3833000
2026-09-19T00:09:08.434Z,32006,97130,103700
2026-09-19T00:09:08.434Z,16391,357600,438700
2026-09-19T00:09:08.434Z,3127,552000000,619500000
2026-09-19T00:09:08.434Z,53380,60100,89690
2026-09-19T00:09:08.434Z,22619,4700000,13990000
2026-09-19T00:09:08.434Z,27106,2002,646700
2026-09-19T00:09:08.434Z,49791,351000000,461800000
2026-09-19T00:09:08.434Z,20507,183100000,189600000
2026-09-19T00:09:08.434Z,50131,10,299800
2026-09-19T00:09:08.434Z,91858,12180000,16500000
2026-09-19T00:09:08.434Z,2044,61000,390000000
2026-09-19T00:09:08.434Z,41598,1001000,21890000
2026-09-19T00:09:08.434Z,49099,6889000,8474000
2026-09-19T00:09:08.434Z,22111,40060000,44830000
2026-09-19T00:09:08.434Z,90396,1670000000,3695000000
2026-09-19T00:09:08.434Z,8091,3322,8095
2026-09-19T00:09:08.434Z,26300,24160000,80000000
2026-09-19T00:09:08.434Z,45661,1643,1976
2026-09-19T00:09:08.434Z,17205,1255000,1500000
2026-09-19T00:09:08.434Z,16467,151300,194900
2026-09-19T00:09:08.434Z,85140,160100,2680000
2026-09-19T00:09:08.434Z,7747,137800,236900
2026-09-19T00:09:08.434Z,43807,25000000,281400000
2026-09-19T00:09:08.434Z,53374,1600000,99770000
2026-09-19T00:09:08.434Z,31356,22000000,344900000
2026-09-19T00:09:08.434Z,3937,32070,206900
2026-09-19T00:09:08.434Z,21017,15260000,17100000
2026-09-19T00:09:08.434Z,90134,500000,1498000
2026-09-19T00:09:08.434Z,3148,1012000,388800000
2026-09-19T00:09:08.434Z,31469,,1800000
2026-09-19T00:09:08.434Z,9950,1570000,1687000
2026-09-19T00:09:08.434Z,36671,129000000,15000000000
2026-09-19T00:09:08.434Z,34745,3066000,75000000
2026-09-19T00:09:08.434Z,80939,14000000,1000000000
2026-09-19T00:09:08.434Z,34730,5001000,1000000000
2026-09-19T00:09:08.434Z,36764,7800000,96930000
2026-09-19T00:09:08.434Z,36828,5000000,5000000000
2026-09-19T00:09:08.434Z,37810,7316000,13000000
2026-09-19T00:09:08.434Z,14994,453300000,718900000
2026-09-19T00:09:08.434Z,90739,3094000,4002000
2026-09-19T00:09:08.434Z,15829,8377000,64990000
2026-09-19T00:09:08.434Z,7785,242200,444500
2026-09-19T00:09:08.434Z,31111,2777000,3041000
2026-09-19T00:09:08.434Z,44261,4000,7476
2026-09-19T00:09:08.434Z,32993,2625,3786
2026-09-19T00:09:08.434Z,43753,5010000,34850000
2026-09-19T00:09:08.434Z,44263,721.8,2200
2026-09-19T00:09:08.434Z,33032,100000,1899000
2026-09-19T00:09:08.434Z,85932,209600000,375400000
2026-09-19T00:09:08.434Z,2533,71030,91960
2026-09-19T00:09:08.434Z,26912,1250000,1452000
2026-09-19T00:09:08.434Z,79732,126500,2291000
2026-09-19T00:09:08.434Z,27079,209200,730800
2026-09-19T00:09:08.434Z,81826,600000000,638200000
2026-09-19T00:09:08.434Z,26378,,3101000
2026-09-19T00:09:08.434Z,57482,73890000,92650000
2026-09-19T00:09:08.434Z,54911,40060000,1485000000
2026-09-19T00:09:08.434Z,41276,501.3,14480
2026-09-19T00:09:08.434Z,47911,1752000,1986000
2026-09-19T00:09:08.434Z,16495,16010,58000
2026-09-19T00:09:08.434Z,14116,54310000,57900000
2026-09-19T00:09:08.434Z,21549,1945000,34990000
2026-09-19T00:09:08.434Z,36958,35060000,98400000
2026-09-19T00:09:08.434Z,464,1211000,2487000
2026-09-19T00:09:08.434Z,53010,702000,4742000
2026-09-19T00:09:08.434Z,4233,111,3990000
2026-09-19T00:09:08.434Z,28999,3007,16720
2026-09-19T00:09:08.434Z,82367,10000,232900
2026-09-19T00:09:08.434Z,16233,46910000,51340000
2026-09-19T00:09:08.434Z,16365,340600,340900
2026-09-19T00:09:08.434Z,79719,607400,5093000
2026-09-19T00:09:08.434Z,44157,153600,2100000
2026-09-19T00:09:08.434Z,59198,101000,113500
2026-09-19T00:09:08.434Z,21384,9.04,13.44
2026-09-19T00:09:08.434Z,35586,3.04,79500
2026-09-19T00:09:08.434Z,11399,16920,17690
2026-09-19T00:09:08.434Z,23045,1366,1610
2026-09-19T00:09:08.434Z,10246,9071,11480
2026-09-19T00:09:08.434Z,50132,1452,7900
2026-09-19T00:09:08.434Z,82478,10010,988000
2026-09-19T00:09:08.434Z,40561,18570000,25280000
2026-09-19T00:09:08.434Z,47802,30830000,36980000
2026-09-19T00:09:08.434Z,85780,60000,779700
2026-09-19T00:09:08.434Z,33522,25800000,29990000
2026-09-19T00:09:08.434Z,4252,4188000,25720000
2026-09-19T00:09:08.434Z,46992,3120000,9995000
2026-09-19T00:09:08.434Z,42214,542000000,604700000
2026-09-19T00:09:08.434Z,24241,1017,110000
2026-09-19T00:09:08.434Z,15208,2438000000,4078000000
2026-09-19T00:09:08.434Z,2567,1399000,1645000
2026-09-19T00:09:08.434Z,27423,1397,1473
2026-09-19T00:09:08.434Z,30008,606700,978100
2026-09-19T00:09:08.434Z,4529,2419,5983
2026-09-19T00:09:08.434Z,41492,73250000,80250000
2026-09-19T00:09:08.434Z,14718,60000000,98000000
2026-09-19T00:09:08.434Z,3995,1730000,2042000
2026-09-19T00:09:08.434Z,31959,10080000,165000000
2026-09-19T00:09:08.434Z,83203,10000,342800
2026-09-19T00:09:08.434Z,34728,1200000,2289000
2026-09-19T00:09:08.434Z,17365,299100,748700
2026-09-19T00:09:08.434Z,45573,19850000,178900000
2026-09-19T00:09:08.434Z,85664,282500000,392200000
2026-09-19T00:09:08.434Z,82361,10000,74970000
2026-09-19T00:09:08.434Z,46866,1551000,9999000
2026-09-19T00:09:08.434Z,78767,256700,300000
2026-09-19T00:09:08.434Z,3440,3026,523200
2026-09-19T00:09:08.434Z,91922,1072000,2500000
2026-09-19T00:09:08.434Z,57463,990700,1125000
2026-09-19T00:09:08.434Z,19806,742500,895800
2026-09-19T00:09:08.434Z,23167,91.35,91.36
2026-09-19T00:09:08.434Z,17267,5013,27970
2026-09-19T00:09:08.434Z,85670,19010000,3200000000
2026-09-19T00:09:08.434Z,21472,66000000,87480000
2026-09-19T00:09:08.434Z,27196,23320000,27450000
2026-09-19T00:09:08.434Z,31664,769000,2496000
2026-09-19T00:09:08.434Z,87469,21000000,180000000
2026-09-19T00:09:08.434Z,41050,203000000,499000000
2026-09-19T00:09:08.434Z,40552,11180000,13920000
2026-09-19T00:09:08.434Z,61127,2155000,27760000
2026-09-19T00:09:08.434Z,92982,2200000,17910000
2026-09-19T00:09:08.434Z,45926,118100,5114000
2026-09-19T00:09:08.434Z,31778,,88380
2026-09-19T00:09:08.434Z,61866,10030000,29410000
2026-09-19T00:09:08.434Z,43733,270000000,549000000
2026-09-19T00:09:08.434Z,28733,50100000,62400000
2026-09-19T00:09:08.434Z,92468,1205000,1321000
2026-09-19T00:09:08.434Z,54564,183,648.8
2026-09-19T00:09:08.434Z,30488,396500,422300
2026-09-19T00:09:08.434Z,3265,5440000,6290000
2026-09-19T00:09:08.434Z,22124,320100000,349700000
2026-09-19T00:09:08.434Z,2605,207600,227000
2026-09-19T00:09:08.434Z,1826,200,215.4
2026-09-19T00:09:08.434Z,27409,730.5,1595
2026-09-19T00:09:08.434Z,40663,153800000,764600000
2026-09-19T00:09:08.434Z,31432,0.01,357200
2026-09-19T00:09:08.434Z,31462,1800000,2191000
2026-09-19T00:09:08.434Z,91102,194900000,429000000
2026-09-19T00:09:08.434Z,31478,128,97000
2026-09-19T00:09:08.434Z,41057,3446000,3833000
2026-09-19T00:09:08.434Z,45605,36310000,40770000
2026-09-19T00:09:08.434Z,18989,38290000,43970000
2026-09-19T00:09:08.434Z,27536,220000000,2077000000
2026-09-19T00:09:08.434Z,20010,2115,2116
2026-09-19T00:09:08.434Z,44113,35010,250000000
2026-09-19T00:09:08.434Z,27359,1902,2033
2026-09-19T00:09:08.434Z,14009,2297,48830
2026-09-19T00:09:08.434Z,60200,75000000,95000000
2026-09-19T00:09:08.434Z,50149,10010000,12000000
2026-09-19T00:09:08.434Z,21037,7312000,8106000
2026-09-19T00:09:08.434Z,91570,7162000,18500000
2026-09-19T00:09:08.434Z,23132,55350000,63950000
2026-09-19T00:09:08.434Z,34626,199200,198500000
2026-09-19T00:09:08.434Z,77114,50330000,53980000
2026-09-19T00:09:08.434Z,84944,130000000,200000000
2026-09-19T00:09:08.434Z,31368,515900000,785600000
2026-09-19T00:09:08.434Z,45830,128100,3955000
2026-09-19T00:09:08.434Z,26040,101200,959800
2026-09-19T00:09:08.434Z,17863,2361,6461
2026-09-19T00:09:08.434Z,40660,43260000,57580000
2026-09-19T00:09:08.434Z,85004,,891900000
2026-09-19T00:09:08.434Z,79736,132900,3076000
2026-09-19T00:09:08.434Z,11279,950900,1377000
2026-09-19T00:09:08.434Z,91410,39000000,49950000
2026-09-19T00:09:08.434Z,19927,13090,39950
2026-09-19T00:09:08.434Z,45839,982000,9990000
2026-09-19T00:09:08.434Z,34692,3011000,16980000
2026-09-19T00:09:08.434Z,45958,4200000,12190000
2026-09-19T00:09:08.434Z,20161,784600000,860400000
2026-09-19T00:09:08.434Z,31421,,1729000
2026-09-19T00:09:08.434Z,33446,53370000,83570000
2026-09-19T00:09:08.434Z,84079,21580000,61750000
2026-09-19T00:09:08.434Z,47001,151800,3679000
2026-09-19T00:09:08.434Z,14958,4215000,419000000
2026-09-19T00:09:08.434Z,19011,17870000,25140000
2026-09-19T00:09:08.434Z,85539,277200000,450000000
2026-09-19T00:09:08.434Z,62383,85300,89860
2026-09-19T00:09:08.434Z,11539,36770,41950
2026-09-19T00:09:08.434Z,60926,8005000,37000000
2026-09-19T00:09:08.434Z,54437,1975000,41650000
2026-09-19T00:09:08.434Z,92570,1516,2666
2026-09-19T00:09:08.434Z,57110,53060000,92700000
2026-09-19T00:09:08.434Z,36659,,80740000
2026-09-19T00:09:08.434Z,5867,,645.9
2026-09-19T00:09:08.434Z,41459,302900000,332500000
2026-09-19T00:09:08.434Z,31419,,1183000
2026-09-19T00:09:08.434Z,47263,8500000000,12490000000
2026-09-19T00:09:08.434Z,89508,91470000,178900000
2026-09-19T00:09:08.434Z,15312,238700000,471000000
2026-09-19T00:09:08.434Z,33301,124200000,399700000
2026-09-19T00:09:08.434Z,88466,20000,450000
2026-09-19T00:09:08.434Z,22464,39750000,40660000
2026-09-19T00:09:08.434Z,48656,1507000,279000000
2026-09-19T00:09:08.434Z,31433,,1639000
2026-09-19T00:09:08.434Z,81143,2041,2141
2026-09-19T00:09:08.434Z,20747,3525,4490
2026-09-19T00:09:08.434Z,23920,410400000,23000000000
2026-09-19T00:09:08.434Z,41507,132000000,138900000
2026-09-19T00:09:08.434Z,46529,400400000,7855000000
2026-09-19T00:09:08.434Z,13799,4161000,8999000
2026-09-19T00:09:08.434Z,1274,2187,17860
2026-09-19T00:09:08.434Z,84684,431100000,669900000
2026-09-19T00:09:08.434Z,79724,256400,1729000
2026-09-19T00:09:08.434Z,3284,115000,17000000
2026-09-19T00:09:08.434Z,14232,45730000,70660000
2026-09-19T00:09:08.434Z,41240,495500000,878000000
2026-09-19T00:09:08.434Z,57022,3600000,11000000
2026-09-19T00:09:08.434Z,21898,427,469.1
2026-09-19T00:09:08.434Z,3446,351,22000
2026-09-19T00:09:08.434Z,43556,1802000,1979000
2026-09-19T00:09:08.434Z,3276,501600000,671900000
2026-09-19T00:09:08.434Z,15627,15000,15010
2026-09-19T00:09:08.434Z,19554,239100000,333300000
2026-09-19T00:09:08.434Z,15828,601500,2600000
2026-09-19T00:09:08.434Z,15615,3587000,3834000
2026-09-19T00:09:08.434Z,11453,11470000,12970000
2026-09-19T00:09:08.434Z,24527,1501,1618
2026-09-19T00:09:08.434Z,56143,24130000,27480000
2026-09-19T00:09:08.434Z,3174,10000000,90450000
2026-09-19T00:09:08.434Z,25952,,3206000
2026-09-19T00:09:08.434Z,254,8065,18990
2026-09-19T00:09:08.434Z,60907,2200000,3639000
2026-09-19T00:09:08.434Z,91927,3790000,12770000
2026-09-19T00:09:08.434Z,3356,62.2,1999
2026-09-19T00:09:08.434Z,29344,36040000,39390000
2026-09-19T00:09:08.434Z,29248,430500,519900
2026-09-19T00:09:08.434Z,643,135100000,144500000
2026-09-19T00:09:08.434Z,19980,877.1,2498
2026-09-19T00:09:08.434Z,45943,101000,2772000
2026-09-19T00:09:08.434Z,33139,2024000,2425000
2026-09-19T00:09:08.434Z,19191,422000000,459800000
2026-09-19T00:09:08.434Z,25709,19100,20000
2026-09-19T00:09:08.434Z,24700,46840000,52400000
2026-09-19T00:09:08.434Z,85391,41010,59170
2026-09-19T00:09:08.434Z,47905,1703000,1925000
2026-09-19T00:09:08.434Z,24488,29.31,67.99
2026-09-19T00:09:08.434Z,84431,44520,79980
2026-09-19T00:09:08.434Z,11971,135100000,145200000
2026-09-19T00:09:08.434Z,28332,911.9,1024
2026-09-19T00:09:08.434Z,89662,30720000,83860000
2026-09-19T00:09:08.434Z,4247,17930,18540
2026-09-19T00:09:08.434Z,85148,80010,1987000
2026-09-19T00:09:08.434Z,43551,1774000,2052000
2026-09-19T00:09:08.434Z,92954,18990,24370
2026-09-19T00:09:08.434Z,45884,150200,2490000
2026-09-19T00:09:08.434Z,37299,224600000,256400000
2026-09-19T00:09:08.434Z,23073,11680,287900
2026-09-19T00:09:08.434Z,5051,83620,115400
2026-09-19T00:09:08.434Z,84420,2704,2705
2026-09-19T00:09:08.434Z,41489,11080,11750
2026-09-19T00:09:08.434Z,45999,8873000,9900000
2026-09-19T00:09:08.434Z,4358,58820,97980
2026-09-19T00:09:08.434Z,17930,53150000,58450000
2026-09-19T00:09:08.434Z,47805,507300,700000
2026-09-19T00:09:08.434Z,14966,708500000,2129000000
2026-09-19T00:09:08.434Z,31563,,400000
2026-09-19T00:09:08.434Z,94064,554600000,648800000
2026-09-19T00:09:08.434Z,23095,290600,611500
2026-09-19T00:09:08.434Z,5631,2600,13000
2026-09-19T00:09:08.434Z,17407,200800,7001000
2026-09-19T00:09:08.434Z,17346,,6000000
2026-09-19T00:09:08.434Z,19069,118000,279900
2026-09-19T00:09:08.434Z,21198,8732,50000
2026-09-19T00:09:08.434Z,17254,30000,30010
2026-09-19T00:09:08.434Z,77165,65900000,104900000
2026-09-19T00:09:08.434Z,47806,95590000,105600000
2026-09-19T00:09:08.434Z,27607,4000000,4700000000
2026-09-19T00:09:08.434Z,31740,14900,19940
2026-09-19T00:09:08.434Z,19147,20240000,21480000
2026-09-19T00:09:08.434Z,49432,1003000,2893000
2026-09-19T00:09:08.434Z,46722,101000,1500000
2026-09-19T00:09:08.434Z,20063,,269600000
2026-09-19T00:09:08.434Z,88467,100000,2771000
2026-09-19T00:09:08.434Z,33890,331700,392400
2026-09-19T00:09:08.434Z,85654,516900000,685900000
2026-09-19T00:09:08.434Z,25588,2205,2737
2026-09-19T00:09:08.434Z,15855,121100,29000000
2026-09-19T00:09:08.434Z,13984,12100000,13970000
2026-09-19T00:09:08.434Z,11542,4800,5012
2026-09-19T00:09:08.434Z,31880,1099000,1201000
2026-09-19T00:09:08.434Z,52915,99940000,117100000
2026-09-19T00:09:08.434Z,15925,4004000,5404000
2026-09-19T00:09:08.434Z,33294,,55900000
2026-09-19T00:09:08.434Z,28435,363800,462300
2026-09-19T00:09:08.434Z,91857,15220000,18190000
2026-09-19T00:09:08.434Z,18817,12000000,13980000
2026-09-19T00:09:08.434Z,3250,3001,5505000
2026-09-19T00:09:08.434Z,29001,8104,12590
2026-09-19T00:09:08.434Z,23059,1003000,4916000
2026-09-19T00:09:08.434Z,15172,,162100000
2026-09-19T00:09:08.434Z,54399,139600000,170700000
2026-09-19T00:09:08.434Z,85971,55170000,107000000
2026-09-19T00:09:08.434Z,48927,13860,15980
2026-09-19T00:09:08.434Z,34111,990300,7500000
2026-09-19T00:09:08.434Z,44177,5000,899900
2026-09-19T00:09:08.434Z,26100,506200,5679000
2026-09-19T00:09:08.434Z,634,8476000,10130000
2026-09-19T00:09:08.434Z,57058,1002000,429900000
2026-09-19T00:09:08.434Z,8583,10820,47730
2026-09-19T00:09:08.434Z,3057,4408000,5218000
2026-09-19T00:09:08.434Z,19029,39600000,42940000
2026-09-19T00:09:08.434Z,32949,906000000,2197000000
2026-09-19T00:09:08.434Z,60314,4990000,5541000
2026-09-19T00:09:08.434Z,31410,37030000,47790000
2026-09-19T00:09:08.434Z,85465,359900000,928300000
2026-09-19T00:09:08.434Z,29045,724100,1799000
2026-09-19T00:09:08.434Z,42584,15100000,98910000
2026-09-19T00:09:08.434Z,85150,1200000,2487000
2026-09-19T00:09:08.434Z,21894,1117,1253
2026-09-19T00:09:08.434Z,20981,805.2,14970
2026-09-19T00:09:08.434Z,27148,112100000,119700000
2026-09-19T00:09:08.434Z,84740,219400000,335500000
2026-09-19T00:09:08.434Z,37546,727800,975700
2026-09-19T00:09:08.434Z,94154,20300000,51970000
2026-09-19T00:09:08.434Z,27237,210000,365200
2026-09-19T00:09:08.434Z,9957,14450000,16500000
2026-09-19T00:09:08.434Z,23133,60000,218400
2026-09-19T00:09:08.434Z,90647,20010,15000000
2026-09-19T00:09:08.434Z,82499,20580000,109900000
2026-09-19T00:09:08.434Z,11255,1053,678900
2026-09-19T00:09:08.434Z,16481,3100,61450
2026-09-19T00:09:08.434Z,46225,765600,5800000
2026-09-19T00:09:08.434Z,28236,5000000,5001000
2026-09-19T00:09:08.434Z,630,10960000,11400000
2026-09-19T00:09:08.434Z,47271,410000000,419500000
2026-09-19T00:09:08.434Z,60315,138200000,146600000
2026-09-19T00:09:08.434Z,37457,19920000,20740000
2026-09-19T00:09:08.434Z,41058,41840000,55950000
2026-09-19T00:09:08.434Z,32869,,3153000
2026-09-19T00:09:08.434Z,86155,6506000,15420000
2026-09-19T00:09:08.434Z,12731,139500000,149800000
2026-09-19T00:09:08.434Z,90318,109600000,390000000
2026-09-19T00:09:08.434Z,78774,101000,1100000
2026-09-19T00:09:08.434Z,4098,21450000,59990000
2026-09-19T00:09:08.434Z,45826,525800,4000000
2026-09-19T00:09:08.434Z,52190,54,20660000
2026-09-19T00:09:08.434Z,31902,30090000,33040000
2026-09-19T00:09:08.434Z,3185,3256000,6467000
2026-09-19T00:09:08.434Z,91413,501700,20000000
2026-09-19T00:09:08.434Z,33716,200100000,713500000
2026-09-19T00:09:08.434Z,34365,3900000,43430000
2026-09-19T00:09:08.434Z,52242,1500000000,1600000000
2026-09-19T00:09:08.434Z,4051,16270,17390
2026-09-19T00:09:08.434Z,33476,4701000,55740000
2026-09-19T00:09:08.434Z,45795,4800000,12000000
2026-09-19T00:09:08.434Z,9762,477600,507000
2026-09-19T00:09:08.434Z,42557,11000000,95000000
2026-09-19T00:09:08.434Z,45791,5000000,10090000
2026-09-19T00:09:08.434Z,83238,100000,1190000
2026-09-19T00:09:08.434Z,45781,880100,3881000
2026-09-19T00:09:08.434Z,4036,140000000,200000000
2026-09-19T00:09:08.434Z,46963,8021,3969000
2026-09-19T00:09:08.434Z,34734,502300,23900000
2026-09-19T00:09:08.434Z,15462,12690000,19340000
2026-09-19T00:09:08.434Z,60956,103100000,988000000
2026-09-19T00:09:08.434Z,10244,12150000,18550000
2026-09-19T00:09:08.434Z,14130,5523000,6589000
2026-09-19T00:09:08.434Z,60309,290500,518700
2026-09-19T00:09:08.434Z,28646,6289000,6855000
2026-09-19T00:09:08.434Z,20929,2164,8497
2026-09-19T00:09:08.434Z,85777,140000,228800
2026-09-19T00:09:08.434Z,13001,1393000,1638000
2026-09-19T00:09:08.434Z,3238,83740000,98000000
2026-09-19T00:09:08.434Z,42545,21100000,99900000
2026-09-19T00:09:08.434Z,27108,8444000,16820000
2026-09-19T00:09:08.434Z,13216,15340000,16680000
2026-09-19T00:09:08.434Z,11995,204100000,223700000
2026-09-19T00:09:08.434Z,40696,131000000,166500000
2026-09-19T00:09:08.434Z,76289,46110000,90980000
2026-09-19T00:09:08.434Z,19193,155300000,207500000
2026-09-19T00:09:08.434Z,12747,147900000,158000000
2026-09-19T00:09:08.434Z,14292,600.4,199900
2026-09-19T00:09:08.434Z,13937,105000000,114400000
2026-09-19T00:09:08.434Z,15895,70720000,74000000
2026-09-19T00:09:08.434Z,85747,18310000,19990000
2026-09-19T00:09:08.434Z,24641,14650000,16960000
2026-09-19T00:09:08.434Z,1246,9600,20680
2026-09-19T00:09:08.434Z,62563,5939,6796
2026-09-19T00:09:08.434Z,23176,50000,224000
2026-09-19T00:09:08.434Z,83371,10000,246900
2026-09-19T00:09:08.434Z,85230,18820000,25630000
2026-09-19T00:09:08.434Z,14019,133,5999
2026-09-19T00:09:08.434Z,22782,1906000,2080000
2026-09-19T00:09:08.434Z,88468,10000,172500
2026-09-19T00:09:08.434Z,27672,3797000,4495000
2026-09-19T00:09:08.434Z,17207,31330000,36040000
2026-09-19T00:09:08.434Z,47264,360000,575700
2026-09-19T00:09:08.434Z,17190,302900,900300
2026-09-19T00:09:08.434Z,77524,5001,5002
2026-09-19T00:09:08.434Z,36425,212500,7420000
2026-09-19T00:09:08.434Z,42526,292600,609000
2026-09-19T00:09:08.434Z,47647,61310,889100
2026-09-19T00:09:08.434Z,31876,1932000,2056000
2026-09-19T00:09:08.434Z,33337,28000,30240
2026-09-19T00:09:08.434Z,42547,99890,109800000
2026-09-19T00:09:08.434Z,3345,2180000000,6800000000
2026-09-19T00:09:08.434Z,46731,,1697000000
2026-09-19T00:09:08.434Z,212,17.94,19.42
2026-09-19T00:09:08.434Z,28810,169300000,219200000
2026-09-19T00:09:08.434Z,95674,2536000,2990000
2026-09-19T00:09:08.434Z,15931,115700000,122800000
2026-09-19T00:09:08.434Z,19247,12820000,15870000
2026-09-19T00:09:08.434Z,17765,145000,304900
2026-09-19T00:09:08.434Z,43782,,134000000
2026-09-19T00:09:08.434Z,28809,89010000,98730000
2026-09-19T00:09:08.434Z,4225,23140000,29350000
2026-09-19T00:09:08.434Z,42574,22000000,187900000
2026-09-19T00:09:08.434Z,90468,10540000,13930000
2026-09-19T00:09:08.434Z,84428,109600,698500
2026-09-19T00:09:08.434Z,88598,100000,3987000
2026-09-19T00:09:08.434Z,47312,7349000,27000000
2026-09-19T00:09:08.434Z,24521,1307,1492
2026-09-19T00:09:08.434Z,2344,60440,69560
2026-09-19T00:09:08.434Z,83302,20000,374900
2026-09-19T00:09:08.434Z,88595,1000,449900
2026-09-19T00:09:08.434Z,49797,1100,1979000
2026-09-19T00:09:08.434Z,49992,1400,9990
2026-09-19T00:09:08.434Z,80025,25,6899
2026-09-19T00:09:08.434Z,27535,500400000,2550000000
2026-09-19T00:09:08.434Z,92821,253.5,285
2026-09-19T00:09:08.434Z,33948,77000000,102900000
2026-09-19T00:09:08.434Z,42580,11000000,67690000
2026-09-19T00:09:08.434Z,5747,4906,7884
2026-09-19T00:09:08.434Z,46937,175100,4165000
2026-09-19T00:09:08.434Z,24663,102400000,112000000
2026-09-19T00:09:08.434Z,18911,55650000,80990000
2026-09-19T00:09:08.434Z,42554,4100000,57700000
2026-09-19T00:09:08.434Z,43686,23300000,38550000
2026-09-19T00:09:08.434Z,627,9228000,11420000
2026-09-19T00:09:08.434Z,52277,75000,75010
2026-09-19T00:09:08.434Z,19315,114600000,123500000
2026-09-19T00:09:08.434Z,45744,11030000,25560000
2026-09-19T00:09:08.434Z,13970,2895000,3488000
2026-09-19T00:09:08.434Z,11287,5006,7000
2026-09-19T00:09:08.434Z,28231,5000000,5001000
2026-09-19T00:09:08.434Z,84409,2004,75000
2026-09-19T00:09:08.434Z,62628,34350000,37680000
2026-09-19T00:09:08.434Z,24501,40,49
2026-09-19T00:09:08.434Z,15731,81620,989000
2026-09-19T00:09:08.434Z,18608,1035000,1228000
2026-09-19T00:09:08.434Z,47249,22200000,100000000
2026-09-19T00:09:08.434Z,57465,900800,1124000
2026-09-19T00:09:08.434Z,87309,500000000,1737000000
2026-09-19T00:09:08.434Z,985,1100000,5959000
2026-09-19T00:09:08.434Z,23789,29170000,36740000
2026-09-19T00:09:08.434Z,92464,315500,384100
2026-09-19T00:09:08.434Z,18913,133800000,151400000
2026-09-19T00:09:08.434Z,2549,80000,91990
2026-09-19T00:09:08.434Z,91242,65320000,124700000
2026-09-19T00:09:08.434Z,27773,22000000,58150000
2026-09-19T00:09:08.434Z,59475,17780000,999000000
2026-09-19T00:09:08.434Z,90322,15820000,32000000
2026-09-19T00:09:08.434Z,15808,110000000,168500000
2026-09-19T00:09:08.434Z,9289,180000,229500
2026-09-19T00:09:08.434Z,25610,2401000,2437000
2026-09-19T00:09:08.434Z,32027,175400,799700
2026-09-19T00:09:08.434Z,2514,3.11,10.77
2026-09-19T00:09:08.434Z,2358,88590,99980
2026-09-19T00:09:08.434Z,642,141400000,152100000
2026-09-19T00:09:08.434Z,92455,107300000,116900000
2026-09-19T00:09:08.434Z,16672,87.03,91.98
2026-09-19T00:09:08.434Z,20771,393,443
2026-09-19T00:09:08.434Z,92964,10320000,19300000
2026-09-19T00:09:08.434Z,31234,205600,1440000
2026-09-19T00:09:08.434Z,640,109200000,120000000
2026-09-19T00:09:08.434Z,46740,102000000,2466000000
2026-09-19T00:09:08.434Z,31370,155600,197500
2026-09-19T00:09:08.434Z,47748,875400,1197000
2026-09-19T00:09:08.434Z,24660,3500000,10790000
2026-09-19T00:09:08.434Z,2550,80160,91990
2026-09-19T00:09:08.434Z,41219,31930000,44230000
2026-09-19T00:09:08.434Z,43519,60170000,116500000
2026-09-19T00:09:08.434Z,25616,1016,1218
2026-09-19T00:09:08.434Z,28756,32520000,34160000
2026-09-19T00:09:08.434Z,40764,701600000,1129000000
2026-09-19T00:09:08.434Z,37292,190200000,206400000
2026-09-19T00:09:08.434Z,14770,260000000,359600000
2026-09-19T00:09:08.434Z,20416,93580,102300
2026-09-19T00:09:08.434Z,3257,80080000,95940000
2026-09-19T00:09:08.434Z,17498,417500000,510000000
2026-09-19T00:09:08.434Z,45625,24180000,28480000
2026-09-19T00:09:08.434Z,16683,25100,26080
2026-09-19T00:09:08.434Z,31075,33250000,37350000
2026-09-19T00:09:08.434Z,7669,38590,194000
2026-09-19T00:09:08.434Z,3017,256800,595500
2026-09-19T00:09:08.434Z,13966,1055000,2163000
2026-09-19T00:09:08.434Z,33904,230200000,240800000
2026-09-19T00:09:08.434Z,28288,17380000,19980000
2026-09-19T00:09:08.434Z,40730,38340000,48410000
2026-09-19T00:09:08.434Z,10694,151700,257900
2026-09-19T00:09:08.434Z,18795,71460,109900
2026-09-19T00:09:08.434Z,7083,290700,337800
2026-09-19T00:09:08.434Z,2048,343500,354900
2026-09-19T00:09:08.434Z,15082,622100000,1990000000
2026-09-19T00:09:08.434Z,47140,7256000,9000000
2026-09-19T00:09:08.434Z,20026,,3299000
2026-09-19T00:09:08.434Z,42760,205600,2500000
2026-09-19T00:09:08.434Z,13119,44.34,89.86
2026-09-19T00:09:08.434Z,27123,12,198000
2026-09-19T00:09:08.434Z,13866,902900,6825000
2026-09-19T00:09:08.434Z,86680,20010,118400
2026-09-19T00:09:08.434Z,84687,10000000,98610000
2026-09-19T00:09:08.434Z,34280,3355000,3570000
2026-09-19T00:09:08.434Z,7449,482600,530500
2026-09-19T00:09:08.434Z,46385,55170000,969800000
2026-09-19T00:09:08.434Z,84075,5325000,314200000
2026-09-19T00:09:08.434Z,85484,1497000,1496000000
2026-09-19T00:09:08.434Z,40346,13000000,14390000
2026-09-19T00:09:08.434Z,87780,1401000,9977000
2026-09-19T00:09:08.434Z,2109,902000,989400
2026-09-19T00:09:08.434Z,1820,83,94.98
2026-09-19T00:09:08.434Z,13219,10950000,17110000
2026-09-19T00:09:08.434Z,85400,19930,23060
2026-09-19T00:09:08.434Z,49725,7046000,7581000
2026-09-19T00:09:08.434Z,14278,166400,275000
2026-09-19T00:09:08.434Z,56073,71110,163600
2026-09-19T00:09:08.434Z,50146,160500000,304900000
2026-09-19T00:09:08.434Z,36,51.01,52.9
2026-09-19T00:09:08.434Z,42833,554,632.4
2026-09-19T00:09:08.434Z,48231,27770,14140000
2026-09-19T00:09:08.434Z,9131,15210,99870
2026-09-19T00:09:08.434Z,60679,100000,1097000
2026-09-19T00:09:08.434Z,17306,5004,18970000
2026-09-19T00:09:08.434Z,31800,130400,274400
2026-09-19T00:09:08.434Z,14658,1935000000,2997000000
2026-09-19T00:09:08.434Z,20589,299000,4985000
2026-09-19T00:09:08.434Z,35700,54090000,349300000
2026-09-19T00:09:08.434Z,46005,2754000,2761000
2026-09-19T00:09:08.434Z,62520,20.11,23.25
2026-09-19T00:09:08.434Z,22133,4810000,6798000
2026-09-19T00:09:08.434Z,24539,603.3,660.9
2026-09-19T00:09:08.434Z,14738,640300000,1300000000
2026-09-19T00:09:08.434Z,93645,202700,228500
2026-09-19T00:09:08.434Z,22470,291300000,299700000
2026-09-19T00:09:08.434Z,73795,17270000,18810000
2026-09-19T00:09:08.434Z,33950,396000000,445000000
2026-09-19T00:09:08.434Z,27321,550,614
2026-09-19T00:09:08.434Z,62625,13760000,15910000
2026-09-19T00:09:08.434Z,31220,900200,1087000
2026-09-19T00:09:08.434Z,21538,46020000,69810000
2026-09-19T00:09:08.434Z,31017,8085000,9097000
2026-09-19T00:09:08.434Z,95501,2500000,4900000
2026-09-19T00:09:08.434Z,28215,1213000,1398000
2026-09-19T00:09:08.434Z,11642,1702000,1791000
2026-09-19T00:09:08.434Z,85000,1115000000,3022000000
2026-09-19T00:09:08.434Z,82447,80000,955500
2026-09-19T00:09:08.434Z,2913,1530000,1598000
2026-09-19T00:09:08.434Z,31642,313600000,351800000
2026-09-19T00:09:08.434Z,49650,1000,1965000
2026-09-19T00:09:08.434Z,93077,163000000,193700000
2026-09-19T00:09:08.434Z,12620,9.98,13.96
2026-09-19T00:09:08.434Z,56957,70400000,182900000
2026-09-19T00:09:08.434Z,20559,7271000,15840000
2026-09-19T00:09:08.434Z,32865,,1399000
2026-09-19T00:09:08.434Z,56701,2942000,7999000
2026-09-19T00:09:08.434Z,31396,491700,29870000
2026-09-19T00:09:08.434Z,84995,,590500000
2026-09-19T00:09:08.434Z,43795,125600,27770000
2026-09-19T00:09:08.434Z,54541,196100000,259000000
2026-09-19T00:09:08.434Z,31752,16120,27990
2026-09-19T00:09:08.434Z,53343,50,94
2026-09-19T00:09:08.434Z,46905,454700,3000000
2026-09-19T00:09:08.434Z,37627,247900000,270700000
2026-09-19T00:09:08.434Z,27650,3980000,18960000
2026-09-19T00:09:08.434Z,74151,3000000,15000000
2026-09-19T00:09:08.434Z,85967,133500000,899900000
2026-09-19T00:09:08.434Z,17175,2605000,5817000
2026-09-19T00:09:08.434Z,34308,1700000,38880000
2026-09-19T00:09:08.434Z,93999,1050000000,1259000000
2026-09-19T00:09:08.434Z,91976,15330000,19880000
2026-09-19T00:09:08.434Z,12631,44.02,70.34
2026-09-19T00:09:08.434Z,11359,18540,325200
2026-09-19T00:09:08.434Z,652,1378000,1897000
2026-09-19T00:09:08.434Z,22134,17330000,23940000
2026-09-19T00:09:08.434Z,15626,8000,8001
2026-09-19T00:09:08.434Z,15998,50000,50010
2026-09-19T00:09:08.434Z,24537,466,677.3
2026-09-19T00:09:08.434Z,44905,500100,15010000
2026-09-19T00:09:08.434Z,20853,27060,449800
2026-09-19T00:09:08.434Z,60030,80300000,853700000
2026-09-19T00:09:08.434Z,47036,6111000,9985000
2026-09-19T00:09:08.434Z,89658,83090000,198800000
2026-09-19T00:09:08.434Z,12775,293.7,326.7
2026-09-19T00:09:08.434Z,93841,117000000,174400000
2026-09-19T00:09:08.434Z,64034,222000000,279600000
2026-09-19T00:09:08.434Z,45630,31110000,34790000
2026-09-19T00:09:08.434Z,56708,99,195
2026-09-19T00:09:08.434Z,84113,110000000,149800000
2026-09-19T00:09:08.434Z,31777,4999,248900
2026-09-19T00:09:08.434Z,13994,3900000,4964000
2026-09-19T00:09:08.434Z,44937,496,44000000
2026-09-19T00:09:08.434Z,87515,270000000,300000000
2026-09-19T00:09:08.434Z,19046,399400000,430900000
2026-09-19T00:09:08.434Z,22129,66370000,72280000
2026-09-19T00:09:08.434Z,31107,724100,1005000
2026-09-19T00:09:08.434Z,62538,190.9,191
2026-09-19T00:09:08.434Z,43803,1589000,98000000
2026-09-19T00:09:08.434Z,41214,27100000,28900000
2026-09-19T00:09:08.434Z,439,11130,14000
2026-09-19T00:09:08.434Z,15862,18270000,145000000
2026-09-19T00:09:08.434Z,31878,2701000,2935000
2026-09-19T00:09:08.434Z,22913,,11200000
2026-09-19T00:09:08.434Z,21534,11040000,33940000
2026-09-19T00:09:08.434Z,92383,29700000,339100000
2026-09-19T00:09:08.434Z,45624,30420000,35400000
2026-09-19T00:09:08.434Z,3275,73370000,97740000
2026-09-19T00:09:08.434Z,62380,85140,98950
2026-09-19T00:09:08.434Z,24509,400.6,436
2026-09-19T00:09:08.434Z,91115,16170000,64990000
2026-09-19T00:09:08.434Z,22987,305.6,668.9
2026-09-19T00:09:08.434Z,57473,13560000,14580000
2026-09-19T00:09:08.434Z,37180,250700000,34970000000
2026-09-19T00:09:08.434Z,27393,206.5,699.8
2026-09-19T00:09:08.434Z,43829,1065000,200000000
2026-09-19T00:09:08.434Z,28276,3608000,3798000
2026-09-19T00:09:08.434Z,25278,25230,32790
2026-09-19T00:09:08.434Z,92554,142800000,268100000
2026-09-19T00:09:08.434Z,28735,40610000,62100000
2026-09-19T00:09:08.434Z,21286,46440000,79950000
2026-09-19T00:09:08.434Z,31019,211100000,294700000
2026-09-19T00:09:08.434Z,1855,672500,911300
2026-09-19T00:09:08.434Z,9828,730.7,770.6
2026-09-19T00:09:08.434Z,21256,12010,295900
2026-09-19T00:09:08.434Z,83286,1000,87990
2026-09-19T00:09:08.434Z,44160,123.5,200000
2026-09-19T00:09:08.434Z,27114,170600000,194400000
2026-09-19T00:09:08.434Z,14248,110700000,124000000
2026-09-19T00:09:08.434Z,33933,2028000,8000000
2026-09-19T00:09:08.434Z,33844,125500000,138200000
2026-09-19T00:09:08.434Z,2050,341000000,390900000
2026-09-19T00:09:08.434Z,92380,21000000,299800000
2026-09-19T00:09:08.434Z,8433,1881000,2072000
2026-09-19T00:09:08.434Z,56591,409000,1999000
2026-09-19T00:09:08.434Z,26424,5113000,22720000
2026-09-19T00:09:08.434Z,31864,1115000,1187000
2026-09-19T00:09:08.434Z,47360,48910000,59560000
2026-09-19T00:09:08.434Z,23103,300500,398100
2026-09-19T00:09:08.434Z,22535,151200000,163700000
2026-09-19T00:09:08.434Z,34328,1030000000,1183000000
2026-09-19T00:09:08.434Z,14114,15320000,22570000
2026-09-19T00:09:08.434Z,57461,415000,495100
2026-09-19T00:09:08.434Z,19241,110100,787300
2026-09-19T00:09:08.434Z,83297,10000,447300
2026-09-19T00:09:08.434Z,90413,711800,6689000
2026-09-19T00:09:08.434Z,75266,126300000,299900000
2026-09-19T00:09:08.434Z,3081,52560000,90790000
2026-09-19T00:09:08.434Z,23119,666100,749900
2026-09-19T00:09:08.434Z,90564,20000,44000
2026-09-19T00:09:08.434Z,28393,9361,1478000
2026-09-19T00:09:08.434Z,47193,10000,54900
2026-09-19T00:09:08.434Z,41116,51150000,121000000
2026-09-19T00:09:08.434Z,2811,1409,1632
2026-09-19T00:09:08.434Z,19278,29080000,33070000
2026-09-19T00:09:08.434Z,44178,1000,850000
2026-09-19T00:09:08.434Z,41273,8059,10430
2026-09-19T00:09:08.434Z,78795,405400,1387000
2026-09-19T00:09:08.434Z,83471,2404000,2873000
2026-09-19T00:09:08.434Z,18871,26020000,29980000
2026-09-19T00:09:08.434Z,11182,15340000,16580000
2026-09-19T00:09:08.434Z,49713,607100000,684700000
2026-09-19T00:09:08.434Z,37178,252000000,34950000000
2026-09-19T00:09:08.434Z,52307,132300,1095000
2026-09-19T00:09:08.434Z,60434,10000,1988000
2026-09-19T00:09:08.434Z,47831,5107000,6689000
2026-09-19T00:09:08.434Z,3049,4463000,4956000
2026-09-19T00:09:08.434Z,21210,6034,450000
2026-09-19T00:09:08.434Z,41316,1183,1499
2026-09-19T00:09:08.434Z,54231,195300000,400000000
2026-09-19T00:09:08.434Z,62529,31.55,35
2026-09-19T00:09:08.434Z,572,67530,200000
2026-09-19T00:09:08.434Z,33450,1918000,2205000
2026-09-19T00:09:08.434Z,52428,500000000,1438000000
2026-09-19T00:09:08.434Z,11202,10010000,11680000
2026-09-19T00:09:08.434Z,46891,302000,1509000
2026-09-19T00:09:08.434Z,42177,2800000,98000000
2026-09-19T00:09:08.434Z,27922,850500,1197000
2026-09-19T00:09:08.434Z,20763,1295,9000
2026-09-19T00:09:08.434Z,20555,2000000,5200000
2026-09-19T00:09:08.434Z,27181,141900000,169700000
2026-09-19T00:09:08.434Z,25349,16090000,19670000
2026-09-19T00:09:08.434Z,54534,118200000,161000000
2026-09-19T00:09:08.434Z,31268,553800,1492000
2026-09-19T00:09:08.434Z,96330,11030000,12000000
2026-09-19T00:09:08.434Z,31606,14480000,14700000
2026-09-19T00:09:08.434Z,44908,3130000,18800000
2026-09-19T00:09:08.434Z,27325,11.81,69.9
2026-09-19T00:09:08.434Z,63257,41000,1499000
2026-09-19T00:09:08.434Z,31644,70010,247500
2026-09-19T00:09:08.434Z,21246,2050000,5097000
2026-09-19T00:09:08.434Z,31352,,3488000
2026-09-19T00:09:08.434Z,20751,2308,3805
2026-09-19T00:09:08.434Z,17666,985.6,1566
2026-09-19T00:09:08.434Z,31826,346900000,396100000
2026-09-19T00:09:08.434Z,60575,8233000,9196000
2026-09-19T00:09:08.434Z,27315,553.6,659
2026-09-19T00:09:08.434Z,27238,19560000,23990000
2026-09-19T00:09:08.434Z,62377,86830,90000
2026-09-19T00:09:08.434Z,47319,15480000,99380000
2026-09-19T00:09:08.434Z,13234,7431000,9884000
2026-09-19T00:09:08.434Z,83586,4000000,58740000
2026-09-19T00:09:08.434Z,48485,2000,33600000
2026-09-19T00:09:08.434Z,47300,423,999
2026-09-19T00:09:08.434Z,63859,57290,1100000
2026-09-19T00:09:08.434Z,17367,164300,265800
2026-09-19T00:09:08.434Z,13788,1597000,2661000
2026-09-19T00:09:08.434Z,83592,5007000,136200000
2026-09-19T00:09:08.434Z,22541,7001000,11800000
2026-09-19T00:09:08.434Z,31500,110000,23000000
2026-09-19T00:09:08.434Z,191,13.7,96.04
2026-09-19T00:09:08.434Z,2392,648.5,679.6
2026-09-19T00:09:08.434Z,20189,150000000,1515000000
2026-09-19T00:09:08.434Z,43544,,4260000
2026-09-19T00:09:08.434Z,19270,891800,999800
2026-09-19T00:09:08.434Z,61203,147700,714800
2026-09-19T00:09:08.434Z,11963,138000000,138700000
2026-09-19T00:09:08.434Z,14240,2008000,3099000
2026-09-19T00:09:08.434Z,57504,,12000000
2026-09-19T00:09:08.434Z,62492,5100,9573
2026-09-19T00:09:08.434Z,92572,1812,3000
2026-09-19T00:09:08.434Z,47762,9470,14000
2026-09-19T00:09:08.434Z,83212,10000,99980
2026-09-19T00:09:08.434Z,41575,338300000,449900000
2026-09-19T00:09:08.434Z,43501,369800,5690000
2026-09-19T00:09:08.434Z,29093,455500,797500
2026-09-19T00:09:08.434Z,90728,16000000,21500000
2026-09-19T00:09:08.434Z,20347,252100,453600
2026-09-19T00:09:08.434Z,5697,160600,233400
2026-09-19T00:09:08.434Z,20,501.2,546.6
2026-09-19T00:09:08.434Z,41410,5000000,32900000
2026-09-19T00:09:08.434Z,1952,819400,972400
2026-09-19T00:09:08.434Z,23129,268700,567400
2026-09-19T00:09:08.434Z,12818,114900,137000
2026-09-19T00:09:08.434Z,11544,5926,6424
2026-09-19T00:09:08.434Z,24505,46.32,46.87
2026-09-19T00:09:08.434Z,21011,7646000,10220000
2026-09-19T00:09:08.434Z,45570,60000000,189900000
2026-09-19T00:09:08.434Z,17895,3802000,3863000
2026-09-19T00:09:08.434Z,19688,108000000,119200000
2026-09-19T00:09:08.434Z,37580,5000000,38920000
2026-09-19T00:09:08.434Z,45628,30200000,35080000
2026-09-19T00:09:08.434Z,20567,8632000,15820000
2026-09-19T00:09:08.434Z,78918,200000000,360000000
2026-09-19T00:09:08.434Z,45593,30820000,34900000
2026-09-19T00:09:08.434Z,8263,25460,45840
2026-09-19T00:09:08.434Z,37579,5424000,38980000
2026-09-19T00:09:08.434Z,27387,713.3,735.8
2026-09-19T00:09:08.434Z,41180,44030000,133200000
2026-09-19T00:09:08.434Z,60266,10100000,199000000
2026-09-19T00:09:08.434Z,32050,5000,225000
2026-09-19T00:09:08.434Z,62534,113,118
2026-09-19T00:09:08.434Z,14063,2119000,3192000
2026-09-19T00:09:08.434Z,40563,21520000,23110000
2026-09-19T00:09:08.434Z,45920,45040000,79950000
2026-09-19T00:09:08.434Z,4345,429200000,471900000
2026-09-19T00:09:08.434Z,22945,60170000,73570000
2026-09-19T00:09:08.434Z,54786,7315,8784
2026-09-19T00:09:08.434Z,23023,599.3,782.6
2026-09-19T00:09:08.434Z,15480,3344000,4171000
2026-09-19T00:09:08.434Z,10221,16070000,17990000
2026-09-19T00:09:08.434Z,10208,16150000,17760000
2026-09-19T00:09:08.434Z,53059,2552000,28650000
2026-09-19T00:09:08.434Z,41215,19640000,21140000
2026-09-19T00:09:08.434Z,30832,843100,922100
2026-09-19T00:09:08.434Z,33846,82440000,88240000
2026-09-19T00:09:08.434Z,1987,573400,772900
2026-09-19T00:09:08.434Z,55655,1000,1001
2026-09-19T00:09:08.434Z,59327,1535000000,2599000000
2026-09-19T00:09:08.434Z,2297,719100,798700
2026-09-19T00:09:08.434Z,44254,10010000,1448000000
2026-09-19T00:09:08.434Z,45774,258800,1470000
2026-09-19T00:09:08.434Z,82391,1000,499700
2026-09-19T00:09:08.434Z,21591,83.19,83.22
2026-09-19T00:09:08.434Z,85785,1000,467800
2026-09-19T00:09:08.434Z,63787,31010,950000
2026-09-19T00:09:08.434Z,2637,368.2,473.3
2026-09-19T00:09:08.434Z,52918,129200000,229400000
2026-09-19T00:09:08.434Z,84675,53000000,127900000
2026-09-19T00:09:08.434Z,461,17770,1033000
2026-09-19T00:09:08.434Z,91960,10470000,17850000
2026-09-19T00:09:08.434Z,3538,92130,174000
2026-09-19T00:09:08.434Z,34126,245100000,280000000
2026-09-19T00:09:08.434Z,14166,58200000,64210000
2026-09-19T00:09:08.434Z,48434,1727000,2161000
2026-09-19T00:09:08.434Z,15997,30000,30010
2026-09-19T00:09:08.434Z,48146,129100000,213800000
2026-09-19T00:09:08.434Z,34024,45680000,98890000
2026-09-19T00:09:08.434Z,657,2012000,2209000
2026-09-19T00:09:08.434Z,18899,53130000,83900000
2026-09-19T00:09:08.434Z,90495,130.3,18870
2026-09-19T00:09:08.434Z,63786,62710,3200000
2026-09-19T00:09:08.434Z,90122,201100000,377400000
2026-09-19T00:09:08.434Z,33736,249000000,636400000
2026-09-19T00:09:08.434Z,20349,789800,859700
2026-09-19T00:09:08.434Z,23113,628500,711600
2026-09-19T00:09:08.434Z,31466,100,39300
2026-09-19T00:09:08.434Z,47029,6017000,16420000
2026-09-19T00:09:08.434Z,91394,50000,1165000
2026-09-19T00:09:08.434Z,33983,8155000,12980000
2026-09-19T00:09:08.434Z,93733,81320000,103000000
2026-09-19T00:09:08.434Z,22130,303500000,361700000
2026-09-19T00:09:08.434Z,13260,14760000,16690000
2026-09-19T00:09:08.434Z,92461,351400,427500
2026-09-19T00:09:08.434Z,13233,14960000,17650000
2026-09-19T00:09:08.434Z,45599,32510000,36330000
2026-09-19T00:09:08.434Z,11448,8103000,13370000
2026-09-19T00:09:08.434Z,17499,37190000,43420000
2026-09-19T00:09:08.434Z,567,1186,25190
2026-09-19T00:09:08.434Z,2341,155700,646600
2026-09-19T00:09:08.434Z,44173,166,599900
2026-09-19T00:09:08.434Z,33729,194000000,399900000
2026-09-19T00:09:08.434Z,89661,101000000,259900000
2026-09-19T00:09:08.434Z,3244,954500,1054000
2026-09-19T00:09:08.434Z,34434,90000,1499000
2026-09-19T00:09:08.434Z,84171,121800,249300
2026-09-19T00:09:08.434Z,15610,624500,686200
2026-09-19T00:09:08.434Z,3135,559000000,604200000
2026-09-19T00:09:08.434Z,6809,806400,2114000
2026-09-19T00:09:08.434Z,60668,310000,1000000
2026-09-19T00:09:08.434Z,34132,227700000,278600000
2026-09-19T00:09:08.434Z,27776,5011000,15480000
2026-09-19T00:09:08.434Z,29089,409800,583800
2026-09-19T00:09:08.434Z,59180,1000000,1469000
2026-09-19T00:09:08.434Z,3695,6096,7199
2026-09-19T00:09:08.434Z,22975,168.3,513.8
2026-09-19T00:09:08.434Z,88664,8200000,17000000
2026-09-19T00:09:08.434Z,31260,27000,16400000
2026-09-19T00:09:08.434Z,17429,2059,20000
2026-09-19T00:09:08.434Z,9944,31400,59300
2026-09-19T00:09:08.434Z,27553,11200000,29950000
2026-09-19T00:09:08.434Z,14660,5762000000,11910000000
2026-09-19T00:09:08.434Z,3175,247400000,508300000
2026-09-19T00:09:08.434Z,43822,271000000,649900000
2026-09-19T00:09:08.434Z,47101,96300000,597900000
2026-09-19T00:09:08.434Z,93877,200000,200100
2026-09-19T00:09:08.434Z,37231,232500000,426000000
2026-09-19T00:09:08.434Z,83242,10000,500000
2026-09-19T00:09:08.434Z,62564,3229,3630
2026-09-19T00:09:08.434Z,35695,48850000,130000000
2026-09-19T00:09:08.434Z,17720,162800000,175400000
2026-09-19T00:09:08.434Z,63785,63010,946900
2026-09-19T00:09:08.434Z,37532,41880,3869000
2026-09-19T00:09:08.434Z,77874,21100000,64880000
2026-09-19T00:09:08.434Z,15957,4890000,9000000
2026-09-19T00:09:08.434Z,27341,62170,189700
2026-09-19T00:09:08.434Z,92453,225500000,250000000
2026-09-19T00:09:08.434Z,85457,500000000,696800000
2026-09-19T00:09:08.434Z,20327,6030000,17800000
2026-09-19T00:09:08.434Z,55986,60020000,348700000
2026-09-19T00:09:08.434Z,48511,489500000,1351000000
2026-09-19T00:09:08.434Z,87603,118,3238000
2026-09-19T00:09:08.434Z,89670,315000000,849200000
2026-09-19T00:09:08.434Z,3697,13620,15860
2026-09-19T00:09:08.434Z,28696,87290,93300
2026-09-19T00:09:08.434Z,45617,18150000,36140000
2026-09-19T00:09:08.434Z,53432,1080000,500000000
2026-09-19T00:09:08.434Z,10631,298000,333000
2026-09-19T00:09:08.434Z,448,1200000,1227000
2026-09-19T00:09:08.434Z,5361,5030,8474
2026-09-19T00:09:08.434Z,82375,120000,727900
2026-09-19T00:09:08.434Z,56635,600000,1077000
2026-09-19T00:09:08.434Z,59202,371000000,3983000000
2026-09-19T00:09:08.434Z,54559,4708000,49100000
2026-09-19T00:09:08.434Z,25973,10,2329000
2026-09-19T00:09:08.434Z,15823,3370000,8500000
2026-09-19T00:09:08.434Z,45614,33560000,35270000
2026-09-19T00:09:08.434Z,60905,442.6,1143
2026-09-19T00:09:08.434Z,14158,18320000,22780000
2026-09-19T00:09:08.434Z,92589,60000,73970
2026-09-19T00:09:08.434Z,27185,5162,60000
2026-09-19T00:09:08.434Z,36710,53010000,430000000
2026-09-19T00:09:08.434Z,93352,310000000,998300000
2026-09-19T00:09:08.434Z,56067,504900,1320000
2026-09-19T00:09:08.434Z,79741,24540000,39000000
2026-09-19T00:09:08.434Z,53437,115200000,178700000
2026-09-19T00:09:08.434Z,14078,52120,238600
2026-09-19T00:09:08.434Z,46867,1055000,3499000
2026-09-19T00:09:08.434Z,79735,63060,2490000
2026-09-19T00:09:08.434Z,46986,3810000,9996000
2026-09-19T00:09:08.434Z,46929,5214,1588000
2026-09-19T00:09:08.434Z,46967,63580,6243000
2026-09-19T00:09:08.434Z,46926,524300,5006000
2026-09-19T00:09:08.434Z,46899,12760,3973000
2026-09-19T00:09:08.434Z,46918,44160,11920000
2026-09-19T00:09:08.434Z,60906,11000,4495000
2026-09-19T00:09:08.434Z,46912,2102000,14220000
2026-09-19T00:09:08.434Z,62223,700000000,1240000000
2026-09-19T00:09:08.434Z,19258,1960000,4068000
2026-09-19T00:09:08.434Z,13980,1675000,1875000
2026-09-19T00:09:08.434Z,18787,101,3210000
2026-09-19T00:09:08.434Z,40697,64120000,149000000
2026-09-19T00:09:08.434Z,30656,1000000,9999000
2026-09-19T00:09:08.434Z,11297,200600,391600
2026-09-19T00:09:08.434Z,31033,195000,353900
2026-09-19T00:09:08.434Z,27239,147100000,197700000
2026-09-19T00:09:08.434Z,33091,10030,50000
2026-09-19T00:09:08.434Z,40328,3102000,6000000
2026-09-19T00:09:08.434Z,10692,12310,24880
2026-09-19T00:09:08.434Z,43482,110000,736500
2026-09-19T00:09:08.434Z,833,100,16790000
2026-09-19T00:09:08.434Z,19141,27530000,32220000
2026-09-19T00:09:08.434Z,87952,50000,96840
2026-09-19T00:09:08.434Z,92662,5108000,34990000
2026-09-19T00:09:08.434Z,62031,6002,199700
2026-09-19T00:09:08.434Z,650,1568000,1738000
2026-09-19T00:09:08.434Z,16642,1963,2100
2026-09-19T00:09:08.434Z,85492,9899000,23000000
2026-09-19T00:09:08.434Z,87264,1251,4100000
2026-09-19T00:09:08.434Z,13222,14100000,16090000
2026-09-19T00:09:08.434Z,3962,77610000,89370000
2026-09-19T00:09:08.434Z,30497,4611,5343
2026-09-19T00:09:08.434Z,55623,,70000
2026-09-19T00:09:08.434Z,21949,26050000,42190000
2026-09-19T00:09:08.434Z,830,100,7236000
2026-09-19T00:09:08.434Z,17528,78100000,93860000
2026-09-19T00:09:08.434Z,56887,56170000,500000000
2026-09-19T00:09:08.434Z,19079,703100,2672000
2026-09-19T00:09:08.434Z,81621,177400000,441300000
2026-09-19T00:09:08.434Z,44168,173,788500
2026-09-19T00:09:08.434Z,15168,,1275000000
2026-09-19T00:09:08.434Z,37306,157600000,175100000
2026-09-19T00:09:08.434Z,13801,4866000,10020000
2026-09-19T00:09:08.434Z,31982,15040,25980
2026-09-19T00:09:08.434Z,52200,15990,20940
2026-09-19T00:09:08.434Z,43555,1789000,2014000
2026-09-19T00:09:08.434Z,10039,363,5999
2026-09-19T00:09:08.434Z,96333,38030000,46900000
2026-09-19T00:09:08.434Z,54228,,1983000
2026-09-19T00:09:08.434Z,87511,51490000,137400000
2026-09-19T00:09:08.434Z,1319,276200,304500
2026-09-19T00:09:08.434Z,31498,400000,8945000
2026-09-19T00:09:08.434Z,34654,408000000,1164000000
2026-09-19T00:09:08.434Z,91408,1800000,4000000
2026-09-19T00:09:08.434Z,26308,8804,9788000
2026-09-19T00:09:08.434Z,13815,14300000,19400000
2026-09-19T00:09:08.434Z,15753,40410000,54360000
2026-09-19T00:09:08.434Z,22783,,27300000
2026-09-19T00:09:08.434Z,20879,10080000,344100000
2026-09-19T00:09:08.434Z,21593,16.09,49.87
2026-09-19T00:09:08.434Z,41662,25500000,55000000
2026-09-19T00:09:08.434Z,46289,0.01,65000
2026-09-19T00:09:08.434Z,62574,15080,17730
2026-09-19T00:09:08.434Z,17548,9500000,10860000
2026-09-19T00:09:08.434Z,42590,21000000,147400000
2026-09-19T00:09:08.434Z,28375,19560000,33950000
2026-09-19T00:09:08.434Z,41521,1318,48400
2026-09-19T00:09:08.434Z,46006,15260000,16600000
2026-09-19T00:09:08.434Z,36450,5807000,40000000
2026-09-19T00:09:08.434Z,2863,25930000,29860000
2026-09-19T00:09:08.434Z,28813,781300000,855900000
2026-09-19T00:09:08.434Z,83259,20010,48930
2026-09-19T00:09:08.434Z,47371,0.01,2500000000
2026-09-19T00:09:08.434Z,95727,205000000,319100000
2026-09-19T00:09:08.434Z,41417,1327000000,1700000000
2026-09-19T00:09:08.434Z,26322,59800000,62050000
2026-09-19T00:09:08.434Z,484,760.6,12290
2026-09-19T00:09:08.434Z,37608,2709000,2877000
2026-09-19T00:09:08.434Z,17445,653.6,900
2026-09-19T00:09:08.434Z,33830,2161000,4977000
2026-09-19T00:09:08.434Z,21027,12210000,13250000
2026-09-19T00:09:08.434Z,46020,141000000,347000000
2026-09-19T00:09:08.434Z,2309,3.18,4
2026-09-19T00:09:08.434Z,9207,35000,98000
2026-09-19T00:09:08.434Z,31300,100400,230000
2026-09-19T00:09:08.434Z,84126,71030000,187800000
2026-09-19T00:09:08.434Z,95725,161100000,210000000
2026-09-19T00:09:08.434Z,21731,32740,199700
2026-09-19T00:09:08.434Z,27856,13000000,23500000
2026-09-19T00:09:08.434Z,34747,12690,3825000
2026-09-19T00:09:08.434Z,90599,40000,95000
2026-09-19T00:09:08.434Z,3392,480,11960
2026-09-19T00:09:08.434Z,31035,1066000,1277000
2026-09-19T00:09:08.434Z,1229,1404,2087
2026-09-19T00:09:08.434Z,27417,451,676.7
2026-09-19T00:09:08.434Z,89692,400100,3332000
2026-09-19T00:09:08.434Z,45812,61080,2190000
2026-09-19T00:09:08.434Z,27252,105000000,119500000
2026-09-19T00:09:08.434Z,56851,910000000,1200000000
2026-09-19T00:09:08.434Z,91977,54220000,82520000
2026-09-19T00:09:08.434Z,21368,3803,4586
2026-09-19T00:09:08.434Z,86270,,690000000
2026-09-19T00:09:08.434Z,18726,284200,3294000
2026-09-19T00:09:08.434Z,45777,440300,1956000
2026-09-19T00:09:08.434Z,47699,91930,129800
2026-09-19T00:09:08.434Z,83244,10000,2181000
2026-09-19T00:09:08.434Z,23097,350100,387800
2026-09-19T00:09:08.434Z,23799,1045000,30000000
2026-09-19T00:09:08.434Z,85026,7777000,9123000000
2026-09-19T00:09:08.434Z,15887,41000000,43220000
2026-09-19T00:09:08.434Z,12826,153000,186000
2026-09-19T00:09:08.434Z,5219,11130,30990
2026-09-19T00:09:08.434Z,1161,2011,399000
2026-09-19T00:09:08.434Z,60286,186600,223300
2026-09-19T00:09:08.434Z,12044,16330000,17900000
2026-09-19T00:09:08.434Z,45932,1002,500000
2026-09-19T00:09:08.434Z,28676,1743000,1919000
2026-09-19T00:09:08.434Z,46778,,1122000
2026-09-19T00:09:08.434Z,53891,210300000,259000000
2026-09-19T00:09:08.434Z,13774,190600,844300
2026-09-19T00:09:08.434Z,33477,3000000,20980000
2026-09-19T00:09:08.434Z,440,2557000,2726000
2026-09-19T00:09:08.434Z,55634,100,77990
2026-09-19T00:09:08.434Z,10190,768100,821700
2026-09-19T00:09:08.434Z,46875,3004000,17010000
2026-09-19T00:09:08.434Z,14268,149600000,153400000
2026-09-19T00:09:08.434Z,48896,388700000,517000000
2026-09-19T00:09:08.434Z,18867,56110000,59930000
2026-09-19T00:09:08.434Z,73910,480700000,550000000
2026-09-19T00:09:08.434Z,21912,452.2,599.3
2026-09-19T00:09:08.434Z,54749,837300000,1047000000
2026-09-19T00:09:08.434Z,57124,209000000,286400000
2026-09-19T00:09:08.434Z,34,3.83,3.98
2026-09-19T00:09:08.434Z,54748,181000000,196300000
2026-09-19T00:09:08.434Z,40553,7904000,8539000
2026-09-19T00:09:08.434Z,3283,1,394900
2026-09-19T00:09:08.434Z,33591,3382000,4446000
2026-09-19T00:09:08.434Z,46994,299000,8997000
2026-09-19T00:09:08.434Z,47547,25110,374800
2026-09-19T00:09:08.434Z,21408,202.4,3183
2026-09-19T00:09:08.434Z,21963,89980000,119900000
2026-09-19T00:09:08.434Z,52870,100200,644000000
2026-09-19T00:09:08.434Z,17848,280300,380000
2026-09-19T00:09:08.434Z,7247,655800,899700
2026-09-19T00:09:08.434Z,21078,10010,60000
2026-09-19T00:09:08.434Z,27235,1,389600
2026-09-19T00:09:08.434Z,81119,130800000,2190000000
2026-09-19T00:09:08.434Z,3829,21690,34720
2026-09-19T00:09:08.434Z,52423,160400000,318300000
2026-09-19T00:09:08.434Z,53711,289900000,307300000
2026-09-19T00:09:08.434Z,13229,15000000,17250000
2026-09-19T00:09:08.434Z,25863,158600,949500
2026-09-19T00:09:08.434Z,46375,34980000,36970000
2026-09-19T00:09:08.434Z,76293,112200000,449900000
2026-09-19T00:09:08.434Z,34074,162400000,438700000
2026-09-19T00:09:08.434Z,47150,8919000,15070000
2026-09-19T00:09:08.434Z,3575,228000000,306300000
2026-09-19T00:09:08.434Z,17664,4.1,316.7
2026-09-19T00:09:08.434Z,54166,203000,2299000
2026-09-19T00:09:08.434Z,7827,242400,368600
2026-09-19T00:09:08.434Z,15844,1376000,3972000
2026-09-19T00:09:08.434Z,48418,841700,2650000
2026-09-19T00:09:08.434Z,41478,1036000,1234000
2026-09-19T00:09:08.434Z,27089,42410,699900
2026-09-19T00:09:08.434Z,199,100.1,118.9
2026-09-19T00:09:08.434Z,12785,80,82
2026-09-19T00:09:08.434Z,89512,5033000,8866000
2026-09-19T00:09:08.434Z,60295,963700,1025000
2026-09-19T00:09:08.434Z,93666,,49970000
2026-09-19T00:09:08.434Z,47447,17510000,18560000
2026-09-19T00:09:08.434Z,19117,51720000,87500000
2026-09-19T00:09:08.434Z,31175,153400000,295200000
2026-09-19T00:09:08.434Z,34042,21580000,47430000
2026-09-19T00:09:08.434Z,19107,8371000,9900000
2026-09-19T00:09:08.434Z,47375,267800000,499700000
2026-09-19T00:09:08.434Z,27231,1211,379800
2026-09-19T00:09:08.434Z,42751,35010,674900
2026-09-19T00:09:08.434Z,60658,30000,139700
2026-09-19T00:09:08.434Z,60913,80210000,100000000
2026-09-19T00:09:08.434Z,488,12000,45940
2026-09-19T00:09:08.434Z,7541,4034,17770
2026-09-19T00:09:08.434Z,56797,1110000,3798000
2026-09-19T00:09:08.434Z,61197,152500,543300
2026-09-19T00:09:08.434Z,27771,1000000,19850000
2026-09-19T00:09:08.434Z,19407,1115000,1136000
2026-09-19T00:09:08.434Z,19341,114400000,126800000
2026-09-19T00:09:08.434Z,7579,378900,537000
2026-09-19T00:09:08.434Z,87783,140000,198000
2026-09-19T00:09:08.434Z,46204,0.04,20920000
2026-09-19T00:09:08.434Z,21252,1450000,8250000
2026-09-19T00:09:08.434Z,52694,3987000,4218000
2026-09-19T00:09:08.434Z,17470,11.33,11.34
2026-09-19T00:09:08.434Z,37220,75710000,120000000
2026-09-19T00:09:08.434Z,15477,5362000,6097000
2026-09-19T00:09:08.434Z,6671,2543,55500
2026-09-19T00:09:08.434Z,3193,5245000,7317000
2026-09-19T00:09:08.434Z,18947,257300000,304500000
2026-09-19T00:09:08.434Z,48744,219000000,291100000
2026-09-19T00:09:08.434Z,89509,33370000,54990000
2026-09-19T00:09:08.434Z,82394,10000,261800
2026-09-19T00:09:08.434Z,79007,44000000,174400000
2026-09-19T00:09:08.434Z,17920,860900000,900000000
2026-09-19T00:09:08.434Z,34080,92330000,155800000
2026-09-19T00:09:08.434Z,10842,2091000,2222000
2026-09-19T00:09:08.434Z,28801,929000000,1099000000
2026-09-19T00:09:08.434Z,20565,21930000,44880000
2026-09-19T00:09:08.434Z,85144,0.01,649900
2026-09-19T00:09:08.434Z,6635,120200,187500
2026-09-19T00:09:08.434Z,31376,3195000,3889000
2026-09-19T00:09:08.434Z,37460,11010000,11990000
2026-09-19T00:09:08.434Z,32053,36420,1999000
2026-09-19T00:09:08.434Z,47342,80490000,116200000
2026-09-19T00:09:08.434Z,9836,10060,10760
2026-09-19T00:09:08.434Z,36666,140000000,5000000000
2026-09-19T00:09:08.434Z,40485,25810000,1846000000
2026-09-19T00:09:08.434Z,36658,46010000,5000000000
2026-09-19T00:09:08.434Z,36678,100100000,1254000000
2026-09-19T00:09:08.434Z,45868,25030000,72000000
2026-09-19T00:09:08.434Z,34660,150000000,1474000000
2026-09-19T00:09:08.434Z,36307,175500000,10000000000
2026-09-19T00:09:08.434Z,36292,142500000,10000000000
2026-09-19T00:09:08.434Z,46134,75010000,543000000
2026-09-19T00:09:08.434Z,40591,98340000,3000000000
2026-09-19T00:09:08.434Z,40508,167600000,999900000
2026-09-19T00:09:08.434Z,36837,0.01,25000000000
2026-09-19T00:09:08.434Z,34666,710000000,10000000000
2026-09-19T00:09:08.434Z,52238,240600000,280000000
2026-09-19T00:09:08.434Z,1810,9,14.9
2026-09-19T00:09:08.434Z,33041,101000,2998000
2026-09-19T00:09:08.434Z,27351,1908,2164
2026-09-19T00:09:08.434Z,88221,43710000,434300000
2026-09-19T00:09:08.434Z,4256,2641000,3576000
2026-09-19T00:09:08.434Z,46247,43810000,128000000
2026-09-19T00:09:08.434Z,3266,80070000,95290000
2026-09-19T00:09:08.434Z,93076,253400000,410000000
2026-09-19T00:09:08.434Z,15947,181600000,252400000
2026-09-19T00:09:08.434Z,41140,16150000,91000000
2026-09-19T00:09:08.434Z,14532,6421000000,7298000000
2026-09-19T00:09:08.434Z,76171,3022000,11490000
2026-09-19T00:09:08.434Z,11550,89230,99760
2026-09-19T00:09:08.434Z,16601,2800000000,3455000000
2026-09-19T00:09:08.434Z,52997,36670000,44700000
2026-09-19T00:09:08.434Z,26438,4854000,5358000
2026-09-19T00:09:08.434Z,184,12.04,24.9
2026-09-19T00:09:08.434Z,88031,3501000,13960000
2026-09-19T00:09:08.434Z,54377,366100000,714900000
2026-09-19T00:09:08.434Z,24624,15240000,21630000
2026-09-19T00:09:08.434Z,87950,113200000,480000000
2026-09-19T00:09:08.434Z,18933,66200000,83900000
2026-09-19T00:09:08.434Z,40691,493600000,620900000
2026-09-19T00:09:08.434Z,32414,21710000,23240000
2026-09-19T00:09:08.434Z,14488,10.04,5689000000
2026-09-19T00:09:08.434Z,54772,5570,23970
2026-09-19T00:09:08.434Z,11545,6000,6425
2026-09-19T00:09:08.434Z,22570,19050000,20900000
2026-09-19T00:09:08.434Z,13259,15310000,16630000
2026-09-19T00:09:08.434Z,28328,123.1,370
2026-09-19T00:09:08.434Z,34758,110000000,2980000000
2026-09-19T00:09:08.434Z,5647,200,3910
2026-09-19T00:09:08.434Z,90049,48100,2739000
2026-09-19T00:09:08.434Z,47478,37050,443900
2026-09-19T00:09:08.434Z,89708,20000,298500
2026-09-19T00:09:08.434Z,31818,803200,1278000
2026-09-19T00:09:08.434Z,45946,126100,1440000
2026-09-19T00:09:08.434Z,6485,1247,3889
2026-09-19T00:09:08.434Z,14540,9202000000,9829000000
2026-09-19T00:09:08.434Z,42175,185000000,2090000000
2026-09-19T00:09:08.434Z,46491,1407000000,2623000000
2026-09-19T00:09:08.434Z,33215,3218000,49900000
2026-09-19T00:09:08.434Z,78369,415000000,447200000
2026-09-19T00:09:08.434Z,33025,24000,24000000
2026-09-19T00:09:08.434Z,37883,10000,789700
2026-09-19T00:09:08.434Z,14644,6803000000,7994000000
2026-09-19T00:09:08.434Z,11689,17110,18750
2026-09-19T00:09:08.434Z,14126,6004000,7097000
2026-09-19T00:09:08.434Z,48836,1066000,100100000
2026-09-19T00:09:08.434Z,27361,703.2,760
2026-09-19T00:09:08.434Z,25980,100100,1889000
2026-09-19T00:09:08.434Z,25914,3006,3485000
2026-09-19T00:09:08.434Z,22468,250000000,271900000
2026-09-19T00:09:08.434Z,31041,6227000,9726000
2026-09-19T00:09:08.434Z,14822,191800000,1076000000
2026-09-19T00:09:08.434Z,27234,3285000,72000000
2026-09-19T00:09:08.434Z,29616,8009,13040
2026-09-19T00:09:08.434Z,43838,25000000,1925000000
2026-09-19T00:09:08.434Z,25934,1.03,1281000
2026-09-19T00:09:08.434Z,2465,150000,400000
2026-09-19T00:09:08.434Z,14132,6947000,24900000
2026-09-19T00:09:08.434Z,14760,28510000,508000000
2026-09-19T00:09:08.434Z,8225,7136,9734
2026-09-19T00:09:08.434Z,2455,7009,265100
2026-09-19T00:09:08.434Z,22440,726300000,778900000
2026-09-19T00:09:08.434Z,60463,1831000,3949000
2026-09-19T00:09:08.434Z,84212,40000,68970
2026-09-19T00:09:08.434Z,33728,160100000,2226000000
2026-09-19T00:09:08.434Z,85693,20860000,52500000
2026-09-19T00:09:08.434Z,43722,740700000,875000000
2026-09-19T00:09:08.434Z,63870,121500,3999000
2026-09-19T00:09:08.434Z,95722,3580000,10000000
2026-09-19T00:09:08.434Z,36391,70010000,700100000
2026-09-19T00:09:08.434Z,89663,81090000,233300000
2026-09-19T00:09:08.434Z,54731,116100000,159400000
2026-09-19T00:09:08.434Z,33783,3786000,41480000
2026-09-19T00:09:08.434Z,17621,3263000,7491000
2026-09-19T00:09:08.434Z,28351,93020000,148900000
2026-09-19T00:09:08.434Z,95538,1,11930
2026-09-19T00:09:08.434Z,22119,24700000,29000000
2026-09-19T00:09:08.434Z,90606,840000,13980000
2026-09-19T00:09:08.434Z,11965,139500000,148800000
2026-09-19T00:09:08.434Z,35891,122900000,168700000
2026-09-19T00:09:08.434Z,22983,335.1,690
2026-09-19T00:09:08.434Z,37867,120500000,869600000
2026-09-19T00:09:08.434Z,40361,5801000,6280000
2026-09-19T00:09:08.434Z,23115,633300,942700
2026-09-19T00:09:08.434Z,19249,1447000,3435000
2026-09-19T00:09:08.434Z,26450,75480000,78820000
2026-09-19T00:09:08.434Z,3534,529000000,648100000
2026-09-19T00:09:08.434Z,34166,4000000,35720000
2026-09-19T00:09:08.434Z,20002,26.23,909.5
2026-09-19T00:09:08.434Z,43827,181000000,299900000
2026-09-19T00:09:08.434Z,27435,974.4,1077
2026-09-19T00:09:08.434Z,83373,80000,339900
2026-09-19T00:09:08.434Z,62560,4905,5511
2026-09-19T00:09:08.434Z,40569,24980000,33800000
2026-09-19T00:09:08.434Z,2621,445.1,513.2
2026-09-19T00:09:08.434Z,2829,0.02,100000000
2026-09-19T00:09:08.434Z,41082,51120000,170000000
2026-09-19T00:09:08.434Z,53639,80880000,747400000
2026-09-19T00:09:08.434Z,85755,130000000,171100000
2026-09-19T00:09:08.434Z,60289,585000,697000
2026-09-19T00:09:08.434Z,85679,20740000,59060000
2026-09-19T00:09:08.434Z,84743,2100000000,4400000000
2026-09-19T00:09:08.434Z,19335,258700000,286800000
2026-09-19T00:09:08.434Z,31201,50250,88430
2026-09-19T00:09:08.434Z,6001,23150,32750
2026-09-19T00:09:08.434Z,2308,3.22,3.48
2026-09-19T00:09:08.434Z,91393,280000,310000
2026-09-19T00:09:08.434Z,27918,1066000,1568000
2026-09-19T00:09:08.434Z,3766,226900,324300
2026-09-19T00:09:08.434Z,89948,40000,134900
2026-09-19T00:09:08.434Z,22997,501.4,1079
2026-09-19T00:09:08.434Z,87513,693100000,1140000000
2026-09-19T00:09:08.434Z,83228,10000,124900
2026-09-19T00:09:08.434Z,31169,316000000,316800000
2026-09-19T00:09:08.434Z,32437,800100,80000000
2026-09-19T00:09:08.434Z,5322,6555,12460
2026-09-19T00:09:08.434Z,83284,40000,97390
2026-09-19T00:09:08.434Z,44262,420,826
2026-09-19T00:09:08.434Z,41328,900.1,1997
2026-09-19T00:09:08.434Z,62457,602,603.1
2026-09-19T00:09:08.434Z,84411,1005,146300
2026-09-19T00:09:08.434Z,45789,360800,2960000
2026-09-19T00:09:08.434Z,43487,210700,4284000
2026-09-19T00:09:08.434Z,21926,708.2,1059
2026-09-19T00:09:08.434Z,88620,1000,99890
2026-09-19T00:09:08.434Z,56142,25040000,26110000
2026-09-19T00:09:08.434Z,89263,20000,96990
2026-09-19T00:09:08.434Z,82462,10000,991300
2026-09-19T00:09:08.434Z,5319,5070,7679
2026-09-19T00:09:08.434Z,83214,20000,27980
2026-09-19T00:09:08.434Z,87319,10000,116000
2026-09-19T00:09:08.434Z,31290,,220000000
2026-09-19T00:09:08.434Z,33334,5552,12500
2026-09-19T00:09:08.434Z,91939,9386000,12000000
2026-09-19T00:09:08.434Z,32439,701000,70000000
2026-09-19T00:09:08.434Z,29069,50660,616000
2026-09-19T00:09:08.434Z,7045,245000,238100
2026-09-19T00:09:08.434Z,91117,40000,250000
2026-09-19T00:09:08.434Z,26358,8531000,57100000
2026-09-19T00:09:08.434Z,54537,170300000,249300000
2026-09-19T00:09:08.434Z,85649,218000,3190000
2026-09-19T00:09:08.434Z,49927,38220000,366200000
2026-09-19T00:09:08.434Z,86660,240000,3647000
2026-09-19T00:09:08.434Z,82433,10000,297700
2026-09-19T00:09:08.434Z,48587,880000,5600000
2026-09-19T00:09:08.434Z,32441,1079000,90000000
2026-09-19T00:09:08.434Z,43853,1860000,17090000
2026-09-19T00:09:08.434Z,25273,49460,65400
2026-09-19T00:09:08.434Z,47551,,689700000
2026-09-19T00:09:08.434Z,76492,11990000,24080000
2026-09-19T00:09:08.434Z,54364,174500000,231200000
2026-09-19T00:09:08.434Z,42788,15050000,34680000
2026-09-19T00:09:08.434Z,55650,1004,493000
2026-09-19T00:09:08.434Z,7749,240000,239700
2026-09-19T00:09:08.434Z,34487,101400000,138200000
2026-09-19T00:09:08.434Z,27371,603.1,749.8
2026-09-19T00:09:08.434Z,54363,1613000,128800000
2026-09-19T00:09:08.434Z,16433,6300,17500
2026-09-19T00:09:08.434Z,15687,502,150000
2026-09-19T00:09:08.434Z,25956,17800000,18150000
2026-09-19T00:09:08.434Z,14722,326000000,773600000
2026-09-19T00:09:08.434Z,32443,1.08,100000000
2026-09-19T00:09:08.434Z,46676,2586,3890
2026-09-19T00:09:08.434Z,21292,420000,16950000
2026-09-19T00:09:08.434Z,25737,,2125000
2026-09-19T00:09:08.434Z,21039,9997000,10260000
2026-09-19T00:09:08.434Z,93691,175000000,696600000
2026-09-19T00:09:08.434Z,45849,3005000,14480000
2026-09-19T00:09:08.434Z,11688,17500,18810
2026-09-19T00:09:08.434Z,32445,,54371388
2026-09-19T00:09:08.434Z,57786,221500000,370000000
2026-09-19T00:09:08.434Z,13240,15380000,16980000
2026-09-19T00:09:08.434Z,60169,88000000,425000000
2026-09-19T00:09:08.434Z,18891,69230000,98500000
2026-09-19T00:09:08.434Z,33231,550100,10000000
2026-09-19T00:09:08.434Z,37885,10200,1379000
2026-09-19T00:09:08.434Z,19766,1000,828600
2026-09-19T00:09:08.434Z,37549,413300,8820000
2026-09-19T00:09:08.434Z,12530,2228,2229
2026-09-19T00:09:08.434Z,37518,200100000,2818000000
2026-09-19T00:09:08.434Z,35705,220000000,886000000
2026-09-19T00:09:08.434Z,3647,200.5,200.6
2026-09-19T00:09:08.434Z,15810,116800000,123900000
2026-09-19T00:09:08.434Z,14526,1236000000,2448000000
2026-09-19T00:09:08.434Z,56604,2339000,6999000
2026-09-19T00:09:08.434Z,34422,180500,1000000
2026-09-19T00:09:08.434Z,85479,2447000,11500000
2026-09-19T00:09:08.434Z,41202,410300000,480000000
2026-09-19T00:09:08.434Z,57114,206000000,300500000
2026-09-19T00:09:08.434Z,18887,52170000,103300000
2026-09-19T00:09:08.434Z,23166,104.6,175
2026-09-19T00:09:08.434Z,49817,300000000,1182000000
2026-09-19T00:09:08.434Z,18851,403500000,439200000
2026-09-19T00:09:08.434Z,20421,90390,107200
2026-09-19T00:09:08.434Z,55512,38480,94960
2026-09-19T00:09:08.434Z,81949,1999000,38610000
2026-09-19T00:09:08.434Z,13978,2539000,12940000
2026-09-19T00:09:08.434Z,14011,1612,9780
2026-09-19T00:09:08.434Z,41291,2.19,5465
2026-09-19T00:09:08.434Z,18756,552800,1471000
2026-09-19T00:09:08.434Z,16667,28610,31500
2026-09-19T00:09:08.434Z,57074,100,578500
2026-09-19T00:09:08.434Z,45922,5081000,18880000
2026-09-19T00:09:08.434Z,86118,5785000,25780000
2026-09-19T00:09:08.434Z,6631,900.7,5900
2026-09-19T00:09:08.434Z,90499,130.2,1301
2026-09-19T00:09:08.434Z,55349,294,197900
2026-09-19T00:09:08.434Z,33789,11250000,194900000
2026-09-19T00:09:08.434Z,60244,56060000,59990000
2026-09-19T00:09:08.434Z,21474,54290000,89170000
2026-09-19T00:09:08.434Z,27095,,777900
2026-09-19T00:09:08.434Z,18923,202500,62500000
2026-09-19T00:09:08.434Z,18847,10520000,12770000
2026-09-19T00:09:08.434Z,20022,1207,18210
2026-09-19T00:09:08.434Z,23019,375.8,643.7
2026-09-19T00:09:08.434Z,17425,2255,6037
2026-09-19T00:09:08.434Z,20607,642600,3125000
2026-09-19T00:09:08.434Z,2311,3.4,3.9
2026-09-19T00:09:08.434Z,33528,204800000,230000000
2026-09-19T00:09:08.434Z,17426,2202,8000
2026-09-19T00:09:08.434Z,15900,60270000,84400000
2026-09-19T00:09:08.434Z,73875,1.01,12980000
2026-09-19T00:09:08.434Z,64202,2530000,255000000
2026-09-19T00:09:08.434Z,54775,25090,27420
2026-09-19T00:09:08.434Z,19500,5325,5326
2026-09-19T00:09:08.434Z,56071,203500,298400
2026-09-19T00:09:08.434Z,53393,11000,999300
2026-09-19T00:09:08.434Z,64271,5804000,128900000
2026-09-19T00:09:08.434Z,80909,700000000,1098000000
2026-09-19T00:09:08.434Z,203,168.1,186.6
2026-09-19T00:09:08.434Z,78792,300100,995000
2026-09-19T00:09:08.434Z,31772,903300,1959000
2026-09-19T00:09:08.434Z,12625,32.01,50.88
2026-09-19T00:09:08.434Z,73465,4010000,7889000
2026-09-19T00:09:08.434Z,603,100000,123900
2026-09-19T00:09:08.434Z,45620,32960000,35990000
2026-09-19T00:09:08.434Z,54944,17000,49990
2026-09-19T00:09:08.434Z,13965,13210000,16760000
2026-09-19T00:09:08.434Z,42787,1047000,21970000
2026-09-19T00:09:08.434Z,35944,69580000,138600000
2026-09-19T00:09:08.434Z,32081,25020,125100
2026-09-19T00:09:08.434Z,60912,505100,15010000
2026-09-19T00:09:08.434Z,85845,80090,768700
2026-09-19T00:09:08.434Z,36493,22510000,570000000
2026-09-19T00:09:08.434Z,34317,59670000,70490000
2026-09-19T00:09:08.434Z,44206,3000000,19000000
2026-09-19T00:09:08.434Z,25596,2597,2899
2026-09-19T00:09:08.434Z,27066,209000000,452300000
2026-09-19T00:09:08.434Z,41068,,47910000
2026-09-19T00:09:08.434Z,19329,189000000,214900000
2026-09-19T00:09:08.434Z,9945,,249940
2026-09-19T00:09:08.434Z,57021,3040000,23300000
2026-09-19T00:09:08.434Z,82432,1500000,2190000
2026-09-19T00:09:08.434Z,7367,79800,179400
2026-09-19T00:09:08.434Z,47841,20200000,48000000
2026-09-19T00:09:08.434Z,31153,212600,232600
2026-09-19T00:09:08.434Z,95720,420000000,725900000
2026-09-19T00:09:08.434Z,18730,61780,2260000
2026-09-19T00:09:08.434Z,37603,116000000,352200000
2026-09-19T00:09:08.434Z,48859,38000000,68940000
2026-09-19T00:09:08.434Z,31709,0.02,59870000
2026-09-19T00:09:08.434Z,29984,215000000,230100000
2026-09-19T00:09:08.434Z,3318,1105,78700
2026-09-19T00:09:08.434Z,57069,4001000000,29500000000
2026-09-19T00:09:08.434Z,94127,20000,88890
2026-09-19T00:09:08.434Z,21358,70.02,251.9
2026-09-19T00:09:08.434Z,26302,65530000,72730000
2026-09-19T00:09:08.434Z,60279,55000,84900
2026-09-19T00:09:08.434Z,41639,2001000,39000000
2026-09-19T00:09:08.434Z,258,29100,30980
2026-09-19T00:09:08.434Z,46718,1978000,15490000
2026-09-19T00:09:08.434Z,8865,10010,13410
2026-09-19T00:09:08.434Z,17192,500.2,5889
2026-09-19T00:09:08.434Z,87514,2224000,4999000
2026-09-19T00:09:08.434Z,47822,3451000,4235000
2026-09-19T00:09:08.434Z,31588,890900,1232000
2026-09-19T00:09:08.434Z,31608,180100,289800
2026-09-19T00:09:08.434Z,78915,10000000,142300000
2026-09-19T00:09:08.434Z,30987,255900,288800
2026-09-19T00:09:08.434Z,12263,5544000,6369000
2026-09-19T00:09:08.434Z,15054,45750000,189400000
2026-09-19T00:09:08.434Z,63207,50030000,549900000
2026-09-19T00:09:08.434Z,31460,707100,1147000
2026-09-19T00:09:08.434Z,40633,665100000,849800000
2026-09-19T00:09:08.434Z,14174,11550000,12980000
2026-09-19T00:09:08.434Z,60032,37320000,65000000
2026-09-19T00:09:08.434Z,2046,5948,7590
2026-09-19T00:09:08.434Z,39585,55400000,2414000000
2026-09-19T00:09:08.434Z,4113,22840000,115000000
2026-09-19T00:09:08.434Z,81902,259,990
2026-09-19T00:09:08.434Z,19201,100600000,149900000
2026-09-19T00:09:08.434Z,17341,,7000000
2026-09-19T00:09:08.434Z,93745,165000000,279200000
2026-09-19T00:09:08.434Z,24284,,57790000
2026-09-19T00:09:08.434Z,23145,56730,134000
2026-09-19T00:09:08.434Z,85641,498300000,775000000
2026-09-19T00:09:08.434Z,54400,186500000,218700000
2026-09-19T00:09:08.434Z,625,8116000,9435000
2026-09-19T00:09:08.434Z,45794,2027000,29230000
2026-09-19T00:09:08.434Z,26406,70310000,85200000
2026-09-19T00:09:08.434Z,46356,799800,992800
2026-09-19T00:09:08.434Z,41607,1033000,27740000
2026-09-19T00:09:08.434Z,1075,999.9,21000
2026-09-19T00:09:08.434Z,83223,10000,220000
2026-09-19T00:09:08.434Z,83261,10000,134600
2026-09-19T00:09:08.434Z,20447,,51870000
2026-09-19T00:09:08.434Z,33939,7004000,14000000
2026-09-19T00:09:08.434Z,15677,86150000,144300000
2026-09-19T00:09:08.434Z,21298,162600,30000000
2026-09-19T00:09:08.434Z,89937,60000,110800
2026-09-19T00:09:08.434Z,42549,11200000,47500000
2026-09-19T00:09:08.434Z,46425,25000000,284700000
2026-09-19T00:09:08.434Z,45742,24080000,213800000
2026-09-19T00:09:08.434Z,31716,21000,26970
2026-09-19T00:09:08.434Z,87493,499900000,799700000
2026-09-19T00:09:08.434Z,31238,33960,64820
2026-09-19T00:09:08.434Z,79720,680600,999700
2026-09-19T00:09:08.434Z,31868,2768000,3988000
2026-09-19T00:09:08.434Z,3699,18.4,51.28
2026-09-19T00:09:08.434Z,57008,509700,2194000
2026-09-19T00:09:08.434Z,2985,1584000,3578000
2026-09-19T00:09:08.434Z,46923,300500,3086000
2026-09-19T00:09:08.434Z,90319,911200000,1198000000
2026-09-19T00:09:08.434Z,31411,,58000000
2026-09-19T00:09:08.434Z,31579,,58000000
2026-09-19T00:09:08.434Z,31363,,58000000
2026-09-19T00:09:08.434Z,33282,,56000000
2026-09-19T00:09:08.434Z,33299,,56000000
2026-09-19T00:09:08.434Z,31507,,58000000
2026-09-19T00:09:08.434Z,31531,,58000000
2026-09-19T00:09:08.434Z,13786,5229000,17990000
2026-09-19T00:09:08.434Z,18781,1087,1435000
2026-09-19T00:09:08.434Z,609,212600,420900
2026-09-19T00:09:08.434Z,21606,4631000000,5288000000
2026-09-19T00:09:08.434Z,520,40200,56650
2026-09-19T00:09:08.434Z,64379,120000,14550000
2026-09-19T00:09:08.434Z,46039,78740000,173700000
2026-09-19T00:09:08.434Z,31505,,1500000
2026-09-19T00:09:08.434Z,31570,7510000,18160000
2026-09-19T00:09:08.434Z,28334,604,667.9
2026-09-19T00:09:08.434Z,672,13350,17950
2026-09-19T00:09:08.434Z,88377,51000000,348600000
2026-09-19T00:09:08.434Z,84118,41020000,169900000
2026-09-19T00:09:08.434Z,13825,4674000,12400000
2026-09-19T00:09:08.434Z,85746,3637,4308
2026-09-19T00:09:08.434Z,82379,201000,421600
2026-09-19T00:09:08.434Z,45907,1000000,9459000
2026-09-19T00:09:08.434Z,62633,70510000,83490000
2026-09-19T00:09:08.434Z,74143,39870,1281000
2026-09-19T00:09:08.434Z,46038,48260000,92500000
2026-09-19T00:09:08.434Z,37820,19280000,23770000
2026-09-19T00:09:08.434Z,45793,2314000,8668000
2026-09-19T00:09:08.434Z,14681,,1998000000
2026-09-19T00:09:08.434Z,2589,150000000,161000000
2026-09-19T00:09:08.434Z,58896,102500,900000
2026-09-19T00:09:08.434Z,46775,15000,1893000
2026-09-19T00:09:08.434Z,7491,345,43500
2026-09-19T00:09:08.434Z,56615,51150000,1850000000
2026-09-19T00:09:08.434Z,15048,251800,140000000
2026-09-19T00:09:08.434Z,2446,1281000,1282000
2026-09-19T00:09:08.434Z,27367,,471
2026-09-19T00:09:08.434Z,47003,66520,5897000
2026-09-19T00:09:08.434Z,82468,200000,999200
2026-09-19T00:09:08.434Z,31972,15100000,29600000
2026-09-19T00:09:08.434Z,45767,119200,2499000
2026-09-19T00:09:08.434Z,14005,507,87090
2026-09-19T00:09:08.434Z,88210,37500000,240000000
2026-09-19T00:09:08.434Z,1447,372800,419000
2026-09-19T00:09:08.434Z,76290,514200000,894900000
2026-09-19T00:09:08.434Z,17366,12000,28370
2026-09-19T00:09:08.434Z,20351,1656000,1807000
2026-09-19T00:09:08.434Z,74145,50010,4349000
2026-09-19T00:09:08.434Z,13803,756000,4000000
2026-09-19T00:09:08.434Z,56065,2586,6390
2026-09-19T00:09:08.434Z,57113,88590000,138900000
2026-09-19T00:09:08.434Z,17199,3019,3020
2026-09-19T00:09:08.434Z,11561,185500,416200
2026-09-19T00:09:08.434Z,24427,798400,978500
2026-09-19T00:09:08.434Z,22621,124500000,205600000
2026-09-19T00:09:08.434Z,55633,5000,79000
2026-09-19T00:09:08.434Z,28414,55110,4974000
2026-09-19T00:09:08.434Z,53166,2001000,9639000
2026-09-19T00:09:08.434Z,82186,3011000000,5487000000
2026-09-19T00:09:08.434Z,35835,758000000,839300000
2026-09-19T00:09:08.434Z,37297,10740000,90000000
2026-09-19T00:09:08.434Z,91936,2349000,3200000
2026-09-19T00:09:08.434Z,210,11.8,14.25
2026-09-19T00:09:08.434Z,15717,12070000,17890000
2026-09-19T00:09:08.434Z,54993,82850000,140000000
2026-09-19T00:09:08.434Z,55318,401,3402
2026-09-19T00:09:08.434Z,64190,,1198000
2026-09-19T00:09:08.434Z,84174,60000,122800
2026-09-19T00:09:08.434Z,2363,24150,37790
2026-09-19T00:09:08.434Z,60939,7400,22490
2026-09-19T00:09:08.434Z,46933,156.7,973000
2026-09-19T00:09:08.434Z,3520,1630000,1727000
2026-09-19T00:09:08.434Z,15464,10920000,12200000
2026-09-19T00:09:08.434Z,20745,600,2272
2026-09-19T00:09:08.434Z,58875,125200,1873000
2026-09-19T00:09:08.434Z,54309,11900000,29990000
2026-09-19T00:09:08.434Z,47262,1427000000,2029000000
2026-09-19T00:09:08.434Z,30371,3875,4439
2026-09-19T00:09:08.434Z,43531,10350000,255500000
2026-09-19T00:09:08.434Z,5181,468.9,10000
2026-09-19T00:09:08.434Z,46784,1.11,2241000
2026-09-19T00:09:08.434Z,34414,10540000,11790000
2026-09-19T00:09:08.434Z,34017,221600000,591600000
2026-09-19T00:09:08.434Z,32105,4708000,25650000
2026-09-19T00:09:08.434Z,27447,914.1,998.9
2026-09-19T00:09:08.434Z,46871,607800,9997000
2026-09-19T00:09:08.434Z,29055,105600,463900
2026-09-19T00:09:08.434Z,33550,610000000,1989000000
2026-09-19T00:09:08.434Z,23111,614400,885000
2026-09-19T00:09:08.434Z,23109,622000,750000
2026-09-19T00:09:08.434Z,14734,56360000,689900000
2026-09-19T00:09:08.434Z,90323,55100000,119000000
2026-09-19T00:09:08.434Z,11188,17620000,18840000
2026-09-19T00:09:08.434Z,12023,140000000,147700000
2026-09-19T00:09:08.434Z,55514,2,18960
2026-09-19T00:09:08.434Z,5973,306100,418400
2026-09-19T00:09:08.434Z,12241,80000000,523100000
2026-09-19T00:09:08.434Z,40716,36350000,57990000
2026-09-19T00:09:08.434Z,52630,8059000,799900000
2026-09-19T00:09:08.434Z,56783,4013000,39420000
2026-09-19T00:09:08.434Z,16638,621.2,684.9
2026-09-19T00:09:08.434Z,26362,1050000,20580000
2026-09-19T00:09:08.434Z,52351,224200000,597800000
2026-09-19T00:09:08.434Z,82062,4238000,9000000
2026-09-19T00:09:08.434Z,25916,1770000,8725000
2026-09-19T00:09:08.434Z,3166,41750000,70000000
2026-09-19T00:09:08.434Z,12239,34020000,41840000
2026-09-19T00:09:08.434Z,40363,8753000,14070000
2026-09-19T00:09:08.434Z,31113,13120000,13320000
2026-09-19T00:09:08.434Z,32340,9161000,17260000
2026-09-19T00:09:08.434Z,62631,60360000,75780000
2026-09-19T00:09:08.434Z,91283,159000000,241100000
2026-09-19T00:09:08.434Z,89511,85660000,314500000
2026-09-19T00:09:08.434Z,90412,1625000,14200000
2026-09-19T00:09:08.434Z,75910,264800000,777800000
2026-09-19T00:09:08.434Z,33475,8019000,8499000
2026-09-19T00:09:08.434Z,16297,8600,9100
2026-09-19T00:09:08.434Z,48544,225000000,489600000
2026-09-19T00:09:08.434Z,64568,826400,3388000
2026-09-19T00:09:08.434Z,62626,66160000,76290000
2026-09-19T00:09:08.434Z,78794,504300,6248000
2026-09-19T00:09:08.434Z,73460,700000,4926000
2026-09-19T00:09:08.434Z,42752,250000,4892000
2026-09-19T00:09:08.434Z,19235,100000,197000
2026-09-19T00:09:08.434Z,33063,3250000,4792000
2026-09-19T00:09:08.434Z,24569,24340000,30310000
2026-09-19T00:09:08.434Z,20506,16980000,34000000
2026-09-19T00:09:08.434Z,23053,1366,1595
2026-09-19T00:09:08.434Z,52322,3500000000,4830000000
2026-09-19T00:09:08.434Z,686,40810000,80500000
2026-09-19T00:09:08.434Z,46001,111900,124000
2026-09-19T00:09:08.434Z,19266,60840000,67440000
2026-09-19T00:09:08.434Z,5693,5008,12010
2026-09-19T00:09:08.434Z,31688,4040000,7043000
2026-09-19T00:09:08.434Z,34489,271100000,296800000
2026-09-19T00:09:08.434Z,786,,60000
2026-09-19T00:09:08.434Z,16049,790400,2991000
2026-09-19T00:09:08.434Z,82453,120000,1497000
2026-09-19T00:09:08.434Z,790,,999960
2026-09-19T00:09:08.434Z,8903,90510,236300
2026-09-19T00:09:08.434Z,18869,34030000,41750000
2026-09-19T00:09:08.434Z,48385,201500000,332200000
2026-09-19T00:09:08.434Z,803,2000000,5000000
2026-09-19T00:09:08.434Z,19421,124400000,133000000
2026-09-19T00:09:08.434Z,33816,70010000,73900000
2026-09-19T00:09:08.434Z,804,1500000,3000000
2026-09-19T00:09:08.434Z,40564,14300000,19390000
2026-09-19T00:09:08.434Z,45754,5500,1170000
2026-09-19T00:09:08.434Z,85486,10000000,22000000
2026-09-19T00:09:08.434Z,57471,19820000,21140000
2026-09-19T00:09:08.434Z,806,,2500000
2026-09-19T00:09:08.434Z,30836,816100,899900
2026-09-19T00:09:08.434Z,11476,315.5,599.7
2026-09-19T00:09:08.434Z,47887,920.1,1158
2026-09-19T00:09:08.434Z,42647,44020000,298900000
2026-09-19T00:09:08.434Z,807,1000,700000
2026-09-19T00:09:08.434Z,45843,57310000,289600000
2026-09-19T00:09:08.434Z,36506,70720,1290000
2026-09-19T00:09:08.434Z,808,5000,900000
2026-09-19T00:09:08.434Z,83324,40000,109900
2026-09-19T00:09:08.434Z,41322,2516,3205
2026-09-19T00:09:08.434Z,79744,47360000,90000000
2026-09-19T00:09:08.434Z,31005,5001000,9636000
2026-09-19T00:09:08.434Z,37850,1917000,2223000
2026-09-19T00:09:08.434Z,91135,50000000,250000000
2026-09-19T00:09:08.434Z,87525,10040000,550000000
2026-09-19T00:09:08.434Z,811,5,150000
2026-09-19T00:09:08.434Z,73273,1000000,24000000
2026-09-19T00:09:08.434Z,40351,124100000,134600000
2026-09-19T00:09:08.434Z,812,5000,160000
2026-09-19T00:09:08.434Z,83254,10000,79900
2026-09-19T00:09:08.434Z,44258,50000,491000000
2026-09-19T00:09:08.434Z,42159,271100,260000000
2026-09-19T00:09:08.434Z,813,21020,180000
2026-09-19T00:09:08.434Z,26292,51350000,62570000
2026-09-19T00:09:08.434Z,31690,26560000,88740000
2026-09-19T00:09:08.434Z,814,5000,140000
2026-09-19T00:09:08.434Z,31131,100900,1697000
2026-09-19T00:09:08.434Z,19700,77720000,100000000
2026-09-19T00:09:08.434Z,949,10,2850000
2026-09-19T00:09:08.434Z,21270,55000000,141800000
2026-09-19T00:09:08.434Z,64196,68210000,316900000
2026-09-19T00:09:08.434Z,3301,503.9,25480
2026-09-19T00:09:08.434Z,950,613400,2850000
2026-09-19T00:09:08.434Z,952,501200,2750000
2026-09-19T00:09:08.434Z,968,62020000,83500000
2026-09-19T00:09:08.434Z,2961,4828000,5376000
2026-09-19T00:09:08.434Z,45820,2000000,16700000
2026-09-19T00:09:08.434Z,57068,790200000,1200000000
2026-09-19T00:09:08.434Z,92514,225600000,285600000
2026-09-19T00:09:08.434Z,22899,1110000,2388000
2026-09-19T00:09:08.434Z,977,26010000,81500000
2026-09-19T00:09:08.434Z,8867,4209,19000
2026-09-19T00:09:08.434Z,89657,160000000,308800000
2026-09-19T00:09:08.434Z,54770,2000,9300
2026-09-19T00:09:08.434Z,23864,1790000,15240000
2026-09-19T00:09:08.434Z,47351,32620000,52990000
2026-09-19T00:09:08.434Z,17772,1301000,2898000
2026-09-19T00:09:08.434Z,72872,122100000,133900000
2026-09-19T00:09:08.434Z,56281,1400,393500
2026-09-19T00:09:08.434Z,85473,751900000,900000000
2026-09-19T00:09:08.434Z,46391,1951,84990000
2026-09-19T00:09:08.434Z,73436,600000000,1650000000
2026-09-19T00:09:08.434Z,91105,500500,964000
2026-09-19T00:09:08.434Z,13817,17990000,27090000
2026-09-19T00:09:08.434Z,34625,5670000,47580000
2026-09-19T00:09:08.434Z,1112,8000,20000
2026-09-19T00:09:08.434Z,1116,,150000
2026-09-19T00:09:08.434Z,91100,67490000,214000000
2026-09-19T00:09:08.434Z,19286,3332000,3807000
2026-09-19T00:09:08.434Z,88265,5517000000,6199000000
2026-09-19T00:09:08.434Z,53956,112400000,2321000000
2026-09-19T00:09:08.434Z,1117,,600000
2026-09-19T00:09:08.434Z,22949,25270000,31560000
2026-09-19T00:09:08.434Z,22108,26430000,30700000
2026-09-19T00:09:08.434Z,43666,420000000,925900000
2026-09-19T00:09:08.434Z,1118,,200000
2026-09-19T00:09:08.434Z,63113,359200000,600000000
2026-09-19T00:09:08.434Z,63112,15040000,112000000
2026-09-19T00:09:08.434Z,63114,15510000,88860000
2026-09-19T00:09:08.434Z,37155,992900000,1850000000
2026-09-19T00:09:08.434Z,43682,,38350000
2026-09-19T00:09:08.434Z,1119,,1200000
2026-09-19T00:09:08.434Z,32025,119700,976600
2026-09-19T00:09:08.434Z,21406,288.6,745.9
2026-09-19T00:09:08.434Z,1120,,900000
2026-09-19T00:09:08.434Z,44159,10000,2803000
2026-09-19T00:09:08.434Z,42732,35010000,318600000
2026-09-19T00:09:08.434Z,1121,,1500000
2026-09-19T00:09:08.434Z,56275,18000,69990
2026-09-19T00:09:08.434Z,16003,80400000,118500000
2026-09-19T00:09:08.434Z,1122,,6000000
2026-09-19T00:09:08.434Z,26060,100500,4787000
2026-09-19T00:09:08.434Z,21721,3706000,4000000
2026-09-19T00:09:08.434Z,87828,380100,419900
2026-09-19T00:09:08.434Z,1123,,2000000
2026-09-19T00:09:08.434Z,28812,128600000,146500000
2026-09-19T00:09:08.434Z,45586,33950000,37010000
2026-09-19T00:09:08.434Z,33001,50600,300000
2026-09-19T00:09:08.434Z,34028,41000000,168200000
2026-09-19T00:09:08.434Z,91126,8001000,32990000
2026-09-19T00:09:08.434Z,11442,9772000,12780000
2026-09-19T00:09:08.434Z,1125,,15000000
2026-09-19T00:09:08.434Z,32999,,287800
2026-09-19T00:09:08.434Z,14196,2561000,2850000000
2026-09-19T00:09:08.434Z,28073,8500000,10860000
2026-09-19T00:09:08.434Z,583,361100,439800
2026-09-19T00:09:08.434Z,1126,,9000000
2026-09-19T00:09:08.434Z,22923,43640000,89850000
2026-09-19T00:09:08.434Z,18744,54400,922900
2026-09-19T00:09:08.434Z,33735,355300000,997600000
2026-09-19T00:09:08.434Z,47056,18010000,35000000
2026-09-19T00:09:08.434Z,34609,73000000,724500000
2026-09-19T00:09:08.434Z,41495,4250000000,6250000000
2026-09-19T00:09:08.434Z,24503,40,50
2026-09-19T00:09:08.434Z,4292,97370000,104200000
2026-09-19T00:09:08.434Z,12753,148200000,158900000
2026-09-19T00:09:08.434Z,53897,129000000,157000000
2026-09-19T00:09:08.434Z,89616,19110000,167100000
2026-09-19T00:09:08.434Z,1133,1,50000
2026-09-19T00:09:08.434Z,15202,81000000,600000000
2026-09-19T00:09:08.434Z,21376,2801,4595
2026-09-19T00:09:08.434Z,1135,,70000
2026-09-19T00:09:08.434Z,37843,9261,14960
2026-09-19T00:09:08.434Z,15178,130800000,250000000
2026-09-19T00:09:08.434Z,14395,412500,499500000
2026-09-19T00:09:08.434Z,93480,24010000,70000000
2026-09-19T00:09:08.434Z,43818,31050000,119800000
2026-09-19T00:09:08.434Z,52191,3.02,240000
2026-09-19T00:09:08.434Z,92952,22040,23070
2026-09-19T00:09:08.434Z,91632,301200000,360000000
2026-09-19T00:09:08.434Z,15184,,158000000
2026-09-19T00:09:08.434Z,1138,,80000
2026-09-19T00:09:08.434Z,82371,10000,11610000
2026-09-19T00:09:08.434Z,1140,1201,150000
2026-09-19T00:09:08.434Z,1142,1000,225000
2026-09-19T00:09:08.434Z,1143,5,275000
2026-09-19T00:09:08.434Z,15176,315000,318000000
2026-09-19T00:09:08.434Z,37162,280500000,475000000
2026-09-19T00:09:08.434Z,91096,950300,5592000
2026-09-19T00:09:08.434Z,12066,136700,322100
2026-09-19T00:09:08.434Z,42618,34010000,2789000000
2026-09-19T00:09:08.434Z,1146,5,200000
2026-09-19T00:09:08.434Z,54447,20020000,538900000
2026-09-19T00:09:08.434Z,43889,100100000,122000000
2026-09-19T00:09:08.434Z,3106,562000,869700
2026-09-19T00:09:08.434Z,52196,1.21,516700
2026-09-19T00:09:08.434Z,19698,110100000,120300000
2026-09-19T00:09:08.434Z,1148,5,400000
2026-09-19T00:09:08.434Z,48513,1110000,589400000
2026-09-19T00:09:08.434Z,241,506,1200
2026-09-19T00:09:08.434Z,1149,5,500000
2026-09-19T00:09:08.434Z,83383,330000,1720000
2026-09-19T00:09:08.434Z,1351,916500,2639000
2026-09-19T00:09:08.434Z,1150,1000,600000
2026-09-19T00:09:08.434Z,45937,100000,1970000
2026-09-19T00:09:08.434Z,88628,10000,134900
2026-09-19T00:09:08.434Z,33525,187200000,207600000
2026-09-19T00:09:08.434Z,54446,10830000,473600000
2026-09-19T00:09:08.434Z,1152,1000,800000
2026-09-19T00:09:08.434Z,8113,15000,23000
2026-09-19T00:09:08.434Z,34708,12160000,129800000
2026-09-19T00:09:08.434Z,1096,1000,1300000
2026-09-19T00:09:08.434Z,16595,14100000,16650000
2026-09-19T00:09:08.434Z,1214,1500000,5000000
2026-09-19T00:09:08.434Z,34809,123500000,1070000000
2026-09-19T00:09:08.434Z,55933,940000,966200
2026-09-19T00:09:08.434Z,18979,209900000,255100000
2026-09-19T00:09:08.434Z,28213,1708000,1905000
2026-09-19T00:09:08.434Z,53960,1011000000,2446000000
2026-09-19T00:09:08.434Z,1216,1133,180000
2026-09-19T00:09:08.434Z,21374,1003,4713
2026-09-19T00:09:08.434Z,1220,5,45000
2026-09-19T00:09:08.434Z,1221,10,9000000
2026-09-19T00:09:08.434Z,15162,385000000,688000000
2026-09-19T00:09:08.434Z,1247,,41600
2026-09-19T00:09:08.434Z,1255,,41600
2026-09-19T00:09:08.434Z,40664,591900000,699200000
2026-09-19T00:09:08.434Z,1354,,99200
2026-09-19T00:09:08.434Z,26360,48470000,61780000
2026-09-19T00:09:08.434Z,45895,176600,4589000
2026-09-19T00:09:08.434Z,55588,10000,119700
2026-09-19T00:09:08.434Z,1446,,97440
2026-09-19T00:09:08.434Z,42786,3301000,64220000
2026-09-19T00:09:08.434Z,45018,9395000,23980000
2026-09-19T00:09:08.434Z,88774,1000,146600
2026-09-19T00:09:08.434Z,45604,32840000,36620000
2026-09-19T00:09:08.434Z,1540,,99200
2026-09-19T00:09:08.434Z,74428,,1000
2026-09-19T00:09:08.434Z,90700,15.14,43.23
2026-09-19T00:09:08.434Z,1811,13400,150000
2026-09-19T00:09:08.434Z,1817,,160000
2026-09-19T00:09:08.434Z,1819,5002,750000
2026-09-19T00:09:08.434Z,20036,11.98,497
2026-09-19T00:09:08.434Z,37159,1006000000,1797000000
2026-09-19T00:09:08.434Z,1821,,900000
2026-09-19T00:09:08.434Z,95673,1003000,1973000
2026-09-19T00:09:08.434Z,1823,2101,700000
2026-09-19T00:09:08.434Z,19537,80000000,108400000
2026-09-19T00:09:08.434Z,53985,2431000,9707000
2026-09-19T00:09:08.434Z,37151,1005000000,1799000000
2026-09-19T00:09:08.434Z,1955,6194,47680
2026-09-19T00:09:08.434Z,1825,19020,800000
2026-09-19T00:09:08.434Z,89117,51000000,119600000
2026-09-19T00:09:08.434Z,14397,227300000,905000000
2026-09-19T00:09:08.434Z,1827,800700,3000000
2026-09-19T00:09:08.434Z,62638,400000,1275000
2026-09-19T00:09:08.434Z,26416,51790000,59160000
2026-09-19T00:09:08.434Z,1829,612700,5000000
2026-09-19T00:09:08.434Z,31091,16060000,16860000
2026-09-19T00:09:08.434Z,23708,100.1,1763000
2026-09-19T00:09:08.434Z,14254,104300000,112800000
2026-09-19T00:09:08.434Z,1831,50110,2500000
2026-09-19T00:09:08.434Z,87265,1061,4000000
2026-09-19T00:09:08.434Z,24493,75,92.31
2026-09-19T00:09:08.434Z,1833,17100,4000000
2026-09-19T00:09:08.434Z,54193,5510000,59900000
2026-09-19T00:09:08.434Z,1876,,90000
2026-09-19T00:09:08.434Z,3824,560,2000
2026-09-19T00:09:08.434Z,26306,500000,10670000
2026-09-19T00:09:08.434Z,76375,,1000000000
2026-09-19T00:09:08.434Z,2194,2501000,6000000
2026-09-19T00:09:08.434Z,5743,1870,99180
2026-09-19T00:09:08.434Z,26072,200000,530800
2026-09-19T00:09:08.434Z,2332,,97440
2026-09-19T00:09:08.434Z,33462,3704000,2580000000
2026-09-19T00:09:08.434Z,598,225000,523800
2026-09-19T00:09:08.434Z,10228,14160000,16070000
2026-09-19T00:09:08.434Z,2507,1000,7000000
2026-09-19T00:09:08.434Z,11295,123200,191100
2026-09-19T00:09:08.434Z,47935,2064,2998
2026-09-19T00:09:08.434Z,2509,15360,10000000
2026-09-19T00:09:08.434Z,46229,1117,598000
2026-09-19T00:09:08.434Z,2511,100100,8000000
2026-09-19T00:09:08.434Z,31681,5000,130800
2026-09-19T00:09:08.434Z,26298,82910000,97550000
2026-09-19T00:09:08.434Z,2513,5,35000
2026-09-19T00:09:08.434Z,23135,41010,79920
2026-09-19T00:09:08.434Z,2515,5,40000
2026-09-19T00:09:08.434Z,31197,202300,14230000
2026-09-19T00:09:08.434Z,93348,71000000,149500000
2026-09-19T00:09:08.434Z,3256,4823000,6433000
2026-09-19T00:09:08.434Z,2517,1392,50000
2026-09-19T00:09:08.434Z,2272,3.17,4.49
2026-09-19T00:09:08.434Z,58862,5000000,44900000
2026-09-19T00:09:08.434Z,31676,4095000,9672000
2026-09-19T00:09:08.434Z,3998,205400000,1075000000
2026-09-19T00:09:08.434Z,88526,480000,2113000
2026-09-19T00:09:08.434Z,16415,5001,106800
2026-09-19T00:09:08.434Z,46996,50000,1697000
2026-09-19T00:09:08.434Z,195,26,33.48
2026-09-19T00:09:08.434Z,41079,520400000,968900000
2026-09-19T00:09:08.434Z,17867,100.5,105
2026-09-19T00:09:08.434Z,3351,11050,589900
2026-09-19T00:09:08.434Z,63869,102700,10370000
2026-09-19T00:09:08.434Z,53624,100100,489000000
2026-09-19T00:09:08.434Z,47475,300100,1574000
2026-09-19T00:09:08.434Z,57484,4592000,6850000
2026-09-19T00:09:08.434Z,31053,12000000,16170000
2026-09-19T00:09:08.434Z,3529,10,400000
2026-09-19T00:09:08.434Z,64574,277100000,2762000000
2026-09-19T00:09:08.434Z,57481,4992000,5875000
2026-09-19T00:09:08.434Z,46728,834200000,1885000000
2026-09-19T00:09:08.434Z,62224,501900000,1100000000
2026-09-19T00:09:08.434Z,49708,60000,532900
2026-09-19T00:09:08.434Z,33176,56610,89870
2026-09-19T00:09:08.434Z,55332,1.23,1.24
2026-09-19T00:09:08.434Z,3765,142300000,70000000000
2026-09-19T00:09:08.434Z,3830,,124740
2026-09-19T00:09:08.434Z,20501,111700000,119000000
2026-09-19T00:09:08.434Z,3840,50000,312420
2026-09-19T00:09:08.434Z,41498,85380000,93250000
2026-09-19T00:09:08.434Z,3978,,3000000
2026-09-19T00:09:08.434Z,87796,180000,390000
2026-09-19T00:09:08.434Z,49151,9001000,7086000000
2026-09-19T00:09:08.434Z,37298,189500000,225900000
2026-09-19T00:09:08.434Z,55579,48000,97000
2026-09-19T00:09:08.434Z,17167,606200,2880000
2026-09-19T00:09:08.434Z,19194,189000000,211800000
2026-09-19T00:09:08.434Z,3988,,3400000
2026-09-19T00:09:08.434Z,13874,500500,4399000
2026-09-19T00:09:08.434Z,3994,,3600000
2026-09-19T00:09:08.434Z,55522,10000,129900
2026-09-19T00:09:08.434Z,11299,583200,843400
2026-09-19T00:09:08.434Z,85014,,1969000000
2026-09-19T00:09:08.434Z,15792,108900000,121300000
2026-09-19T00:09:08.434Z,79611,389300000,550000000
2026-09-19T00:09:08.434Z,10679,,90000
2026-09-19T00:09:08.434Z,56845,12470000,24480000
2026-09-19T00:09:08.434Z,53950,114400000,1139000000
2026-09-19T00:09:08.434Z,62537,185.2,185.4
2026-09-19T00:09:08.434Z,3228,3183000,6814000
2026-09-19T00:09:08.434Z,7409,45390,76980
2026-09-19T00:09:08.434Z,85087,125600000,144900000
2026-09-19T00:09:08.434Z,82467,80020,8614000
2026-09-19T00:09:08.434Z,16345,4031,5940
2026-09-19T00:09:08.434Z,17202,101.6,101.7
2026-09-19T00:09:08.434Z,7289,3001,13010
2026-09-19T00:09:08.434Z,83382,680200,15990000
2026-09-19T00:09:08.434Z,243,1251,3890
2026-09-19T00:09:08.434Z,221,16.51,18.48
2026-09-19T00:09:08.434Z,90045,3999,394200
2026-09-19T00:09:08.434Z,52231,44040000,57890000
2026-09-19T00:09:08.434Z,3532,162400000,269500000
2026-09-19T00:09:08.434Z,45631,31990000,35720000
2026-09-19T00:09:08.434Z,17194,35010,400000
2026-09-19T00:09:08.434Z,3999,100600000,1049000000
2026-09-19T00:09:08.434Z,3041,620500,693500
2026-09-19T00:09:08.434Z,11613,2003,99940
2026-09-19T00:09:08.434Z,88673,1000,349900
2026-09-19T00:09:08.434Z,62648,148000,1948000
2026-09-19T00:09:08.434Z,82477,160000,1078000
2026-09-19T00:09:08.434Z,42576,13000000,59800000
2026-09-19T00:09:08.434Z,41415,119700000,128400000
2026-09-19T00:09:08.434Z,83310,10000,10010
2026-09-19T00:09:08.434Z,13321,,749970
2026-09-19T00:09:08.434Z,15683,102400000,117000000
2026-09-19T00:09:08.434Z,49737,17380000,19200000
2026-09-19T00:09:08.434Z,85031,99170000,550000000
2026-09-19T00:09:08.434Z,14013,4118,49580
2026-09-19T00:09:08.434Z,20210,330700,769900
2026-09-19T00:09:08.434Z,34556,779500,688000000
2026-09-19T00:09:08.434Z,85443,10140000,13970000
2026-09-19T00:09:08.434Z,27086,,699000
2026-09-19T00:09:08.434Z,46800,,2125000
2026-09-19T00:09:08.434Z,55826,1600000000,1894000000
2026-09-19T00:09:08.434Z,89121,41000000,139900000
2026-09-19T00:09:08.434Z,12237,21420000,27890000
2026-09-19T00:09:08.434Z,20983,12.61,1492
2026-09-19T00:09:08.434Z,3512,995200,1263000
2026-09-19T00:09:08.434Z,48218,4034000,59890000
2026-09-19T00:09:08.434Z,17500,50880000,56090000
2026-09-19T00:09:08.434Z,47060,920000,1987000
2026-09-19T00:09:08.434Z,41448,,449900000
2026-09-19T00:09:08.434Z,18680,30420000,43790000
2026-09-19T00:09:08.434Z,63058,264200000,446400000
2026-09-19T00:09:08.434Z,18845,7984000,9986000
2026-09-19T00:09:08.434Z,21242,2001000,4050000
2026-09-19T00:09:08.434Z,12102,3374000,3754000
2026-09-19T00:09:08.434Z,28788,104700000,114600000
2026-09-19T00:09:08.434Z,1957,9000,44990
2026-09-19T00:09:08.434Z,41462,345400000,412600000
2026-09-19T00:09:08.434Z,21486,9185000,22930000
2026-09-19T00:09:08.434Z,92966,67290000,105000000
2026-09-19T00:09:08.434Z,13243,13600000,16790000
2026-09-19T00:09:08.434Z,20769,17.79,100
2026-09-19T00:09:08.434Z,28197,1460000,2597000
2026-09-19T00:09:08.434Z,19005,16580000,34980000
2026-09-19T00:09:08.434Z,47889,2322000,2864000
2026-09-19T00:09:08.434Z,63775,10100,4886000
2026-09-19T00:09:08.434Z,59224,,999500000
2026-09-19T00:09:08.434Z,4016,240200000,333000000
2026-09-19T00:09:08.434Z,18929,60420000,75890000
2026-09-19T00:09:08.434Z,3450,600,29200
2026-09-19T00:09:08.434Z,21937,640.2,739.9
2026-09-19T00:09:08.434Z,12054,514400,1498000
2026-09-19T00:09:08.434Z,23105,692000,818000
2026-09-19T00:09:08.434Z,92592,222000000,440000000
2026-09-19T00:09:08.434Z,82041,2200000,92990000
2026-09-19T00:09:08.434Z,55359,138200,229600
2026-09-19T00:09:08.434Z,53229,100400,3019000
2026-09-19T00:09:08.434Z,27649,7800000,35510000
2026-09-19T00:09:08.434Z,78769,520000,1984000
2026-09-19T00:09:08.434Z,87831,1600000,3746000
2026-09-19T00:09:08.434Z,50043,476900000,900000000
2026-09-19T00:09:08.434Z,31409,,2948000
2026-09-19T00:09:08.434Z,92580,66070000,240000000
2026-09-19T00:09:08.434Z,78858,2610000,3205000
2026-09-19T00:09:08.434Z,53898,162800000,198900000
2026-09-19T00:09:08.434Z,34048,45570000,53850000
2026-09-19T00:09:08.434Z,84343,7199000,9603000
2026-09-19T00:09:08.434Z,91973,36610000,74020000
2026-09-19T00:09:08.434Z,82055,1002000,19700000
2026-09-19T00:09:08.434Z,22442,238700000,253100000
2026-09-19T00:09:08.434Z,81357,855000000,1499000000
2026-09-19T00:09:08.434Z,31077,10800,4766000
2026-09-19T00:09:08.434Z,55346,10000,2888000
2026-09-19T00:09:08.434Z,81360,51010000,259900000
2026-09-19T00:09:08.434Z,76958,820100000,2399000000
2026-09-19T00:09:08.434Z,46946,10040,9770000
2026-09-19T00:09:08.434Z,14082,114000,443300
2026-09-19T00:09:08.434Z,62473,125.6,2999
2026-09-19T00:09:08.434Z,81361,281100000,450000000
2026-09-19T00:09:08.434Z,63140,581000000,648000000
2026-09-19T00:09:08.434Z,84690,222700000,3799000000
2026-09-19T00:09:08.434Z,60305,363500,582600
2026-09-19T00:09:08.434Z,14409,8146000,1000000000
2026-09-19T00:09:08.434Z,84685,401000000,1600000000
2026-09-19T00:09:08.434Z,33790,37350000,65000000
2026-09-19T00:09:08.434Z,44267,,710
2026-09-19T00:09:08.434Z,52283,900000,2499000
2026-09-19T00:09:08.434Z,57493,1,20990000
2026-09-19T00:09:08.434Z,14140,27250000,29430000
2026-09-19T00:09:08.434Z,454,18300,55550
2026-09-19T00:09:08.434Z,15310,,447700000
2026-09-19T00:09:08.434Z,53041,0.02,1787000
2026-09-19T00:09:08.434Z,63165,271.6,500
2026-09-19T00:09:08.434Z,44900,9112000,26000000
2026-09-19T00:09:08.434Z,86112,14610000,45000000
2026-09-19T00:09:08.434Z,23061,4983000,5100000
2026-09-19T00:09:08.434Z,12816,224200,240900
2026-09-19T00:09:08.434Z,33442,801.6,26790
2026-09-19T00:09:08.434Z,60162,1300000,700000000
2026-09-19T00:09:08.434Z,33946,352000000,379700000
2026-09-19T00:09:08.434Z,14962,380000,489000000
2026-09-19T00:09:08.434Z,45870,1438,1192000
2026-09-19T00:09:08.434Z,84346,501200,3980000
2026-09-19T00:09:08.434Z,44936,8530000,37510000
2026-09-19T00:09:08.434Z,13250,15320000,17670000
2026-09-19T00:09:08.434Z,46870,901000,5499000
2026-09-19T00:09:08.434Z,81356,7207000,42100000
2026-09-19T00:09:08.434Z,79613,460000000,1698000000
2026-09-19T00:09:08.434Z,83372,20000,176500
2026-09-19T00:09:08.434Z,82067,5501000,33000000
2026-09-19T00:09:08.434Z,53037,123300000,199700000
2026-09-19T00:09:08.434Z,27638,5001000,12990000
2026-09-19T00:09:08.434Z,62047,920000,3000000
2026-09-19T00:09:08.434Z,45507,,987600000
2026-09-19T00:09:08.434Z,43672,1283000000,2750000000
2026-09-19T00:09:08.434Z,47010,305100,4659000
2026-09-19T00:09:08.434Z,14838,831900000,1215000000
2026-09-19T00:09:08.434Z,55930,92970,96680
2026-09-19T00:09:08.434Z,37300,197600000,222800000
2026-09-19T00:09:08.434Z,47316,3288000,22960000
2026-09-19T00:09:08.434Z,42213,312600000,343400000
2026-09-19T00:09:08.434Z,31618,257500000,619100000
2026-09-19T00:09:08.434Z,85010,,4213000000
2026-09-19T00:09:08.434Z,82442,10010,600400
2026-09-19T00:09:08.434Z,49705,21150,450000
2026-09-19T00:09:08.434Z,49721,0.02,300000000
2026-09-19T00:09:08.434Z,27489,1437,1688
2026-09-19T00:09:08.434Z,53901,326100000,415900000
2026-09-19T00:09:08.434Z,27122,109400000,118500000
2026-09-19T00:09:08.434Z,4122,956300000,956400000
2026-09-19T00:09:08.434Z,2948,1662000000,2421000000
2026-09-19T00:09:08.434Z,47251,60760000,170000000
2026-09-19T00:09:08.434Z,47869,1116000,1283000
2026-09-19T00:09:08.434Z,23896,76340000,104000000
2026-09-19T00:09:08.434Z,31888,1077000,1231000
2026-09-19T00:09:08.434Z,48197,111,480000000
2026-09-19T00:09:08.434Z,47306,,17000000
2026-09-19T00:09:08.434Z,57737,610800,1855000
2026-09-19T00:09:08.434Z,64189,30000,1135000
2026-09-19T00:09:08.434Z,46540,515800000,7372000000
2026-09-19T00:09:08.434Z,3292,63380000,97810000
2026-09-19T00:09:08.434Z,18728,144600,4487000
2026-09-19T00:09:08.434Z,81010,53980000,225000000
2026-09-19T00:09:08.434Z,90602,221000,1094000
2026-09-19T00:09:08.434Z,12056,71260,98400
2026-09-19T00:09:08.434Z,46831,116900,4492000
2026-09-19T00:09:08.434Z,5745,2120,7500
2026-09-19T00:09:08.434Z,12735,96430000,105100000
2026-09-19T00:09:08.434Z,3469,1150000,1950000
2026-09-19T00:09:08.434Z,56613,142000000,999100000
2026-09-19T00:09:08.434Z,1541,521900,590800
2026-09-19T00:09:08.434Z,34710,28620000,223200000
2026-09-19T00:09:08.434Z,15745,95100000,142800000
2026-09-19T00:09:08.434Z,37818,8734000000,13790000000
2026-09-19T00:09:08.434Z,61199,860900,1065000
2026-09-19T00:09:08.434Z,15647,50000,50010
2026-09-19T00:09:08.434Z,15629,25010,25020
2026-09-19T00:09:08.434Z,58972,479100,542800
2026-09-19T00:09:08.434Z,653,1826000,2000000
2026-09-19T00:09:08.434Z,58883,3067000,110000000
2026-09-19T00:09:08.434Z,15198,20030000,168000000
2026-09-19T00:09:08.434Z,92462,1781000,3423000
2026-09-19T00:09:08.434Z,45848,148500,3433000
2026-09-19T00:09:08.434Z,31628,11940000,18150000
2026-09-19T00:09:08.434Z,48139,1501000,87990000
2026-09-19T00:09:08.434Z,85134,20000,990000
2026-09-19T00:09:08.434Z,19415,33230000,34490000
2026-09-19T00:09:08.434Z,30744,175000,188800
2026-09-19T00:09:08.434Z,91628,110000000,146000000
2026-09-19T00:09:08.434Z,28758,33120000,35790000
2026-09-19T00:09:08.434Z,93908,70040000,115800000
2026-09-19T00:09:08.434Z,13878,9028000,11880000
2026-09-19T00:09:08.434Z,45905,504200,11770000
2026-09-19T00:09:08.434Z,2043,61000,367200000
2026-09-19T00:09:08.434Z,2395,799,843.2
2026-09-19T00:09:08.434Z,86154,2222000000,6894000000
2026-09-19T00:09:08.434Z,17222,30000,30010
2026-09-19T00:09:08.434Z,60302,638700,2921000
2026-09-19T00:09:08.434Z,16249,56890000,65300000
2026-09-19T00:09:08.434Z,24478,20,47.68
2026-09-19T00:09:08.434Z,45740,5.02,149800
2026-09-19T00:09:08.434Z,31685,0.02,59760000
2026-09-19T00:09:08.434Z,7665,36100,74870
2026-09-19T00:09:08.434Z,31673,0.02,59760000
2026-09-19T00:09:08.434Z,82355,260000,5394000
2026-09-19T00:09:08.434Z,56291,7466000,12000000
2026-09-19T00:09:08.434Z,483,8003,10930
2026-09-19T00:09:08.434Z,80937,202300,1549000
2026-09-19T00:09:08.434Z,36516,110000000,1198000000
2026-09-19T00:09:08.434Z,36394,17000000,800000000
2026-09-19T00:09:08.434Z,32933,812300000,1599000000
2026-09-19T00:09:08.434Z,25268,41500,69340
2026-09-19T00:09:08.434Z,63246,56300,434900
2026-09-19T00:09:08.434Z,30653,1301000,2350000
2026-09-19T00:09:08.434Z,53133,28170000,239900000
2026-09-19T00:09:08.434Z,54561,75050000,249900000
2026-09-19T00:09:08.434Z,64572,62630000,998600000
2026-09-19T00:09:08.434Z,42733,2800,998000
2026-09-19T00:09:08.434Z,4242,202300,3237000
2026-09-19T00:09:08.434Z,40506,1016000,290000000
2026-09-19T00:09:08.434Z,1436,506000,627900
2026-09-19T00:09:08.434Z,31399,0.02,58000000
2026-09-19T00:09:08.434Z,52737,318900,413900000
2026-09-19T00:09:08.434Z,21041,9829000,10680000
2026-09-19T00:09:08.434Z,32436,847.9,4697
2026-09-19T00:09:08.434Z,42829,319.3,373
2026-09-19T00:09:08.434Z,2603,1850,2938
2026-09-19T00:09:08.434Z,46326,1037000000,2786000000
2026-09-19T00:09:08.434Z,55313,49220,1900000
2026-09-19T00:09:08.434Z,85137,640000,1940000
2026-09-19T00:09:08.434Z,17496,621500,1588000
2026-09-19T00:09:08.434Z,23017,,376.5
2026-09-19T00:09:08.434Z,83283,20000,44680
2026-09-19T00:09:08.434Z,48200,135000000,799900000
2026-09-19T00:09:08.434Z,31351,0.02,58990000
2026-09-19T00:09:08.434Z,21222,160000,3394000
2026-09-19T00:09:08.434Z,85775,1000,350000
2026-09-19T00:09:08.434Z,34171,275000000,990000000
2026-09-19T00:09:08.434Z,33964,146800000,185500000
2026-09-19T00:09:08.434Z,33931,3251000,12000000
2026-09-19T00:09:08.434Z,3172,496900000,626500000
2026-09-19T00:09:08.434Z,85462,100000000,1500000000
2026-09-19T00:09:08.434Z,31146,,57990000
2026-09-19T00:09:08.434Z,55309,100,20000
2026-09-19T00:09:08.434Z,7581,15680,139900
2026-09-19T00:09:08.434Z,46708,310700,1310000
2026-09-19T00:09:08.434Z,689,150000,3100000
2026-09-19T00:09:08.434Z,56894,325900,369800000
2026-09-19T00:09:08.434Z,82378,1000,370000
2026-09-19T00:09:08.434Z,52856,102900,349700000
2026-09-19T00:09:08.434Z,31110,,58000000
2026-09-19T00:09:08.434Z,31457,,1729000
2026-09-19T00:09:08.434Z,55519,30330,842100
2026-09-19T00:09:08.434Z,90650,1000,2188000
2026-09-19T00:09:08.434Z,55553,170.1,170.2
2026-09-19T00:09:08.434Z,55678,5000,13500
2026-09-19T00:09:08.434Z,31443,,1088000
2026-09-19T00:09:08.434Z,31431,,969900
2026-09-19T00:09:08.434Z,40762,333000000,850000000
2026-09-19T00:09:08.434Z,55599,100.5,100.6
2026-09-19T00:09:08.434Z,62526,20.4,28.93
2026-09-19T00:09:08.434Z,55573,10000,174000
2026-09-19T00:09:08.434Z,85501,551700,7500000
2026-09-19T00:09:08.434Z,48857,1000000,2249000000
2026-09-19T00:09:08.434Z,34735,998800,17950000
2026-09-19T00:09:08.434Z,25275,41080,74520
2026-09-19T00:09:08.434Z,82068,8101000,70000000
2026-09-19T00:09:08.434Z,578,148100,171500
2026-09-19T00:09:08.434Z,21020,0.02,1204000000
2026-09-19T00:09:08.434Z,16367,332200,364100
2026-09-19T00:09:08.434Z,90660,32030000,198000000
2026-09-19T00:09:08.434Z,45879,201000,8887000
2026-09-19T00:09:08.434Z,7535,8614,104700
2026-09-19T00:09:08.434Z,31318,3486000,8311000
2026-09-19T00:09:08.434Z,2205,312300,360500
2026-09-19T00:09:08.434Z,15812,6104000,8888000
2026-09-19T00:09:08.434Z,85478,1624000000,2646000000
2026-09-19T00:09:08.434Z,49735,1132000,1380000
2026-09-19T00:09:08.434Z,32877,3275000,8795138
2026-09-19T00:09:08.434Z,52745,6010000,35000000
2026-09-19T00:09:08.434Z,26288,56820000,61800000
2026-09-19T00:09:08.434Z,31794,3912000,4076000
2026-09-19T00:09:08.434Z,15889,38350000,43190000
2026-09-19T00:09:08.434Z,13247,9488000,18180000
2026-09-19T00:09:08.434Z,19988,114,533.5
2026-09-19T00:09:08.434Z,11356,1000,1029000
2026-09-19T00:09:08.434Z,7585,39100,319300
2026-09-19T00:09:08.434Z,75911,16100000000,34000000000
2026-09-19T00:09:08.434Z,405,3091000,24850000
2026-09-19T00:09:08.434Z,47756,8037000,9051000
2026-09-19T00:09:08.434Z,34715,35360000,2931000000
2026-09-19T00:09:08.434Z,92986,1000000,25960000
2026-09-19T00:09:08.434Z,90895,36390,234400
2026-09-19T00:09:08.434Z,87815,110100,365300000
2026-09-19T00:09:08.434Z,4347,1233000000,1327000000
2026-09-19T00:09:08.434Z,1304,5088,33000
2026-09-19T00:09:08.434Z,87573,963400000,1350000000
2026-09-19T00:09:08.434Z,17912,4952000,5600000
2026-09-19T00:09:08.434Z,3707,120.1,11000
2026-09-19T00:09:08.434Z,3818,550.1,9399
2026-09-19T00:09:08.434Z,3822,427.1,5997
2026-09-19T00:09:08.434Z,3711,424.1,1094
2026-09-19T00:09:08.434Z,25347,251000,5000000
2026-09-19T00:09:08.434Z,2993,378700,498200
2026-09-19T00:09:08.434Z,85002,455900000,1098000000
2026-09-19T00:09:08.434Z,36908,21330000,23200000
2026-09-19T00:09:08.434Z,24541,370.1,506.8
2026-09-19T00:09:08.434Z,21035,11470000,12610000
2026-09-19T00:09:08.434Z,1171,500000,2199000
2026-09-19T00:09:08.434Z,12814,134400,153800
2026-09-19T00:09:08.434Z,54903,3000000,797900000
2026-09-19T00:09:08.434Z,55643,500,29800
2026-09-19T00:09:08.434Z,88784,120000000,180000000
2026-09-19T00:09:08.434Z,16439,4040,20000
2026-09-19T00:09:08.434Z,47290,201200000,400000000
2026-09-19T00:09:08.434Z,55350,100200,5990000
2026-09-19T00:09:08.434Z,1175,201000,2700000
2026-09-19T00:09:08.434Z,46908,58500,7990000
2026-09-19T00:09:08.434Z,42598,11000000,123000000
2026-09-19T00:09:08.434Z,452,5121,31500
2026-09-19T00:09:08.434Z,47292,1500000000,17960000000
2026-09-19T00:09:08.434Z,47250,13520000,278600000
2026-09-19T00:09:08.434Z,27772,192300,29890000
2026-09-19T00:09:08.434Z,19027,216200000,238100000
2026-09-19T00:09:08.434Z,52743,2316000,250000000
2026-09-19T00:09:08.434Z,31554,114000,98950000
2026-09-19T00:09:08.434Z,47006,25010,1334000
2026-09-19T00:09:08.434Z,42623,251100000,2496000000
2026-09-19T00:09:08.434Z,72557,675000000,4073000000
2026-09-19T00:09:08.434Z,47509,400000000,1999000000
2026-09-19T00:09:08.434Z,44127,78440000,206900000
2026-09-19T00:09:08.434Z,55591,30030,1299000
2026-09-19T00:09:08.434Z,31021,150000,287500
2026-09-19T00:09:08.434Z,18833,609200,889900
2026-09-19T00:09:08.434Z,87307,32060000,288000000
2026-09-19T00:09:08.434Z,83220,65000,487600
2026-09-19T00:09:08.434Z,52250,293300000,323800000
2026-09-19T00:09:08.434Z,31586,214800,302700
2026-09-19T00:09:08.434Z,52595,1003000,306000000
2026-09-19T00:09:08.434Z,1163,,870000
2026-09-19T00:09:08.434Z,954,2101000,5465000
2026-09-19T00:09:08.434Z,88636,10000,1453000
2026-09-19T00:09:08.434Z,57462,360200,405000
2026-09-19T00:09:08.434Z,47171,4211000,797800000
2026-09-19T00:09:08.434Z,52195,2.17,310000
2026-09-19T00:09:08.434Z,47682,760800000,1419000000
2026-09-19T00:09:08.434Z,61184,25000000,596900000
2026-09-19T00:09:08.434Z,47173,1600000,995900000
2026-09-19T00:09:08.434Z,89946,216100,5489000
2026-09-19T00:09:08.434Z,12346,772700,1380000
2026-09-19T00:09:08.434Z,52408,53.19,740000
2026-09-19T00:09:08.434Z,49821,1000000,744900000
2026-09-19T00:09:08.434Z,1167,,840000
2026-09-19T00:09:08.434Z,44266,2300000,12970000
2026-09-19T00:09:08.434Z,48778,53.02,150000
2026-09-19T00:09:08.434Z,48526,33990000,23990000000
2026-09-19T00:09:08.434Z,11475,436.5,713
2026-09-19T00:09:08.434Z,55316,220000,986100
2026-09-19T00:09:08.434Z,18893,83070000,167400000
2026-09-19T00:09:08.434Z,54229,30000000,240000000
2026-09-19T00:09:08.434Z,52409,3.04,148300
2026-09-19T00:09:08.434Z,56896,3970000,396000000
2026-09-19T00:09:08.434Z,3756,42310000,49950000
2026-09-19T00:09:08.434Z,34624,7234000,32740000
2026-09-19T00:09:08.434Z,14548,3927000000,6979000000
2026-09-19T00:09:08.434Z,52192,1.16,750000
2026-09-19T00:09:08.434Z,607,35000,497300
2026-09-19T00:09:08.434Z,52197,1.16,750000
2026-09-19T00:09:08.434Z,62228,5000000000,9258000000
2026-09-19T00:09:08.434Z,23013,727,1897
2026-09-19T00:09:08.434Z,34073,220700000,1000000000
2026-09-19T00:09:08.434Z,32118,1259000,12260000
2026-09-19T00:09:08.434Z,1166,,1300000
2026-09-19T00:09:08.434Z,56928,10000000,466900000
2026-09-19T00:09:08.434Z,89653,11020000,97800000
2026-09-19T00:09:08.434Z,48518,281800000,539000000
2026-09-19T00:09:08.434Z,506,100.1,1980000
2026-09-19T00:09:08.434Z,55751,10000,548800
2026-09-19T00:09:08.434Z,11541,33580,35360
2026-09-19T00:09:08.434Z,79874,22010000,54350000
2026-09-19T00:09:08.434Z,47733,69820,75010
2026-09-19T00:09:08.434Z,29085,118900,739400
2026-09-19T00:09:08.434Z,29051,561900,1823000
2026-09-19T00:09:08.434Z,26404,20020000,63170000
2026-09-19T00:09:08.434Z,49752,100000000,1000000000
2026-09-19T00:09:08.434Z,35894,236800000,258000000
2026-09-19T00:09:08.434Z,53360,300000,1126000
2026-09-19T00:09:08.434Z,1978,1092000,1185000
2026-09-19T00:09:08.434Z,37452,55570000,59940000
2026-09-19T00:09:08.434Z,3200,10870000,73990000
2026-09-19T00:09:08.434Z,42528,405500,514000
2026-09-19T00:09:08.434Z,1158,,15700
2026-09-19T00:09:08.434Z,56279,,1383000000
2026-09-19T00:09:08.434Z,36487,8000000,49900000
2026-09-19T00:09:08.434Z,16443,10000,58000
2026-09-19T00:09:08.434Z,83485,127400000,231800000
2026-09-19T00:09:08.434Z,34593,20190000,24810000
2026-09-19T00:09:08.434Z,63029,6100000,7748000
2026-09-19T00:09:08.434Z,27616,2208000,36210000
2026-09-19T00:09:08.434Z,90698,,88000
2026-09-19T00:09:08.434Z,84941,36120000,99960000
2026-09-19T00:09:08.434Z,36670,10440000,85000000
2026-09-19T00:09:08.434Z,87605,120,23990000
2026-09-19T00:09:08.434Z,41238,40260000,62780000
2026-09-19T00:09:08.434Z,1419,1789000,4999000
2026-09-19T00:09:08.434Z,14242,105000000,119200000
2026-09-19T00:09:08.434Z,62232,3000000000,7993000000
2026-09-19T00:09:08.434Z,33813,246300000,1094000000
2026-09-19T00:09:08.434Z,28268,18820000,20990000
2026-09-19T00:09:08.434Z,2082,166500000,177000000
2026-09-19T00:09:08.434Z,1156,,11000
2026-09-19T00:09:08.434Z,72812,111000000,121200000
2026-09-19T00:09:08.434Z,62394,43750,64660
2026-09-19T00:09:08.434Z,42210,91790000,110000000
2026-09-19T00:09:08.434Z,95539,55050,3631000
2026-09-19T00:09:08.434Z,17526,25480000,27000000
2026-09-19T00:09:08.434Z,88471,30000,8699000
2026-09-19T00:09:08.434Z,3810,3025,5869
2026-09-19T00:09:08.434Z,14035,50330,387000
2026-09-19T00:09:08.434Z,92971,10000,8999000
2026-09-19T00:09:08.434Z,2178,6604,12790
2026-09-19T00:09:08.434Z,47190,9000,23000
2026-09-19T00:09:08.434Z,60265,10120000,173900000
2026-09-19T00:09:08.434Z,21380,2562,4262
2026-09-19T00:09:08.434Z,46956,151500,3000000
2026-09-19T00:09:08.434Z,46747,485000,484900000
2026-09-19T00:09:08.434Z,24692,147500000,159300000
2026-09-19T00:09:08.434Z,62544,800.8,800.9
2026-09-19T00:09:08.434Z,27768,4000000,29970000
2026-09-19T00:09:08.434Z,23559,26330,260000
2026-09-19T00:09:08.434Z,26338,37060000,98950000
2026-09-19T00:09:08.434Z,26296,76050000,83230000
2026-09-19T00:09:08.434Z,43521,219900000,447900000
2026-09-19T00:09:08.434Z,84994,,339000000
2026-09-19T00:09:08.434Z,28806,197100000,236900000
2026-09-19T00:09:08.434Z,11452,9876000,13860000
2026-09-19T00:09:08.434Z,62018,25500,1487000
2026-09-19T00:09:08.434Z,26364,3605000,58590000
2026-09-19T00:09:08.434Z,33007,56220,147900
2026-09-19T00:09:08.434Z,91404,10000,3000000
2026-09-19T00:09:08.434Z,81352,100000,100100
2026-09-19T00:09:08.434Z,32780,3262000,3597000
2026-09-19T00:09:08.434Z,3479,4661000,6549000
2026-09-19T00:09:08.434Z,41308,4105,22760
2026-09-19T00:09:08.434Z,95533,3300000,15000000
2026-09-19T00:09:08.434Z,56862,500200,5491000
2026-09-19T00:09:08.434Z,31472,37100,1057000
2026-09-19T00:09:08.434Z,3226,54960000,74950000
2026-09-19T00:09:08.434Z,52864,3230000,493900000
2026-09-19T00:09:08.434Z,76173,10360,12000000
2026-09-19T00:09:08.434Z,31686,892900,1485000
2026-09-19T00:09:08.434Z,54540,200000,1920000
2026-09-19T00:09:08.434Z,42551,12000000,115000000
2026-09-19T00:09:08.434Z,45745,402400000,534000000
2026-09-19T00:09:08.434Z,55656,86010,898000
2026-09-19T00:09:08.434Z,28324,803,1036
2026-09-19T00:09:08.434Z,18905,78400000,122300000
2026-09-19T00:09:08.434Z,44184,80100,14980000
2026-09-19T00:09:08.434Z,46720,590000000,10000000000
2026-09-19T00:09:08.434Z,47891,21350000,25390000
2026-09-19T00:09:08.434Z,48845,3210000,10000000000
2026-09-19T00:09:08.434Z,22123,55060000,71990000
2026-09-19T00:09:08.434Z,52291,46000000,74400000
2026-09-19T00:09:08.434Z,18635,136400,156000
2026-09-19T00:09:08.434Z,31936,9963000,11730000
2026-09-19T00:09:08.434Z,14705,231000000,490000000
2026-09-19T00:09:08.434Z,31258,11530,1225000
2026-09-19T00:09:08.434Z,80873,85150,99500
2026-09-19T00:09:08.434Z,17406,7610000,13150000
2026-09-19T00:09:08.434Z,32093,269000,4386000
2026-09-19T00:09:08.434Z,88530,10010,4995000
2026-09-19T00:09:08.434Z,33720,16130000,30000000
2026-09-19T00:09:08.434Z,27627,1940000,19640000
2026-09-19T00:09:08.434Z,54430,28050000,280500000
2026-09-19T00:09:08.434Z,79948,2660000,93710000
2026-09-19T00:09:08.434Z,34165,15460000,28270000
2026-09-19T00:09:08.434Z,30422,5.01,550000
2026-09-19T00:09:08.434Z,34161,31370000,80530000
2026-09-19T00:09:08.434Z,45772,121300,1750000
2026-09-19T00:09:08.434Z,3133,3152000,6380000
2026-09-19T00:09:08.434Z,91624,65820000,119000000
2026-09-19T00:09:08.434Z,21194,2237,39990
2026-09-19T00:09:08.434Z,6441,4900,10620
2026-09-19T00:09:08.434Z,42212,196000000,217000000
2026-09-19T00:09:08.434Z,46856,4002000,24000000
2026-09-19T00:09:08.434Z,14826,870000,622900000
2026-09-19T00:09:08.434Z,32095,2472000,17790000
2026-09-19T00:09:08.434Z,31970,37130000,80770000
2026-09-19T00:09:08.434Z,40773,28560000,200000000
2026-09-19T00:09:08.434Z,89706,40020,79970
2026-09-19T00:09:08.434Z,40565,24920000,30570000
2026-09-19T00:09:08.434Z,16065,22550000,29500000
2026-09-19T00:09:08.434Z,12250,2,99990
2026-09-19T00:09:08.434Z,44895,8810000,17000000
2026-09-19T00:09:08.434Z,92387,1010000,3169000
2026-09-19T00:09:08.434Z,14439,,1393000000
2026-09-19T00:09:08.434Z,46880,,1424000
2026-09-19T00:09:08.434Z,27631,1140000,11400000
2026-09-19T00:09:08.434Z,43781,8014000,28980000
2026-09-19T00:09:08.434Z,45897,10040000,28460000
2026-09-19T00:09:08.434Z,17355,,6800000
2026-09-19T00:09:08.434Z,41175,50400000,91000000
2026-09-19T00:09:08.434Z,31516,151000,1516000
2026-09-19T00:09:08.434Z,33195,10990,16660
2026-09-19T00:09:08.434Z,91934,1547000,2874000
2026-09-19T00:09:08.434Z,14295,1504000,3398000
2026-09-19T00:09:08.434Z,14806,2962000000,3100000000
2026-09-19T00:09:08.434Z,57467,280900,375000
2026-09-19T00:09:08.434Z,40670,404900000,885000000
2026-09-19T00:09:08.434Z,941,200000,4858000
2026-09-19T00:09:08.434Z,22881,,2970000
2026-09-19T00:09:08.434Z,28850,6107000000,6392000000
2026-09-19T00:09:08.434Z,88544,10010,2590000
2026-09-19T00:09:08.434Z,46874,3403000,21000000
2026-09-19T00:09:08.434Z,573,1578000,2250000
2026-09-19T00:09:08.434Z,4066,518200000,3500000000
2026-09-19T00:09:08.434Z,45865,5003000,15010000
2026-09-19T00:09:08.434Z,20641,635500,4378000
2026-09-19T00:09:08.434Z,14986,55600000,395600000
2026-09-19T00:09:08.434Z,37886,127400,23260000
2026-09-19T00:09:08.434Z,15126,730700000,999000000
2026-09-19T00:09:08.434Z,35795,9563,13430
2026-09-19T00:09:08.434Z,41303,4017,10980
2026-09-19T00:09:08.434Z,60227,623400,1700000
2026-09-19T00:09:08.434Z,4078,249900000,646500000
2026-09-19T00:09:08.434Z,17713,35020000,35490000
2026-09-19T00:09:08.434Z,30839,609100,899800
2026-09-19T00:09:08.434Z,31952,26560000,29070000
2026-09-19T00:09:08.434Z,2444,103500,125700
2026-09-19T00:09:08.434Z,31310,50110,89990
2026-09-19T00:09:08.434Z,17292,5200,3800000
2026-09-19T00:09:08.434Z,40741,,5000000
2026-09-19T00:09:08.434Z,74001,100000,100100
2026-09-19T00:09:08.434Z,27644,8220000,38490000
2026-09-19T00:09:08.434Z,56976,1210,146700
2026-09-19T00:09:08.434Z,56638,151,1697000
2026-09-19T00:09:08.434Z,87773,700100,15800000
2026-09-19T00:09:08.434Z,83216,1000,344000
2026-09-19T00:09:08.434Z,55604,1,2489000
2026-09-19T00:09:08.434Z,14534,10580000000,17410000000
2026-09-19T00:09:08.434Z,54780,6001,35850
2026-09-19T00:09:08.434Z,27784,152200000,495000000
2026-09-19T00:09:08.434Z,79715,515100,2290000
2026-09-19T00:09:08.434Z,31720,601000,3484000
2026-09-19T00:09:08.434Z,56880,70000000,134500000
2026-09-19T00:09:08.434Z,62392,0.01,130000
2026-09-19T00:09:08.434Z,47032,43100000,61450000
2026-09-19T00:09:08.434Z,28578,500000,647900
2026-09-19T00:09:08.434Z,85686,8501000,38750000
2026-09-19T00:09:08.434Z,47189,284000,690000
2026-09-19T00:09:08.434Z,63789,44460000,110000000
2026-09-19T00:09:08.434Z,5955,139900,148700
2026-09-19T00:09:08.434Z,88538,360000,3439000
2026-09-19T00:09:08.434Z,18770,1708,79000
2026-09-19T00:09:08.434Z,16527,410400,494600
2026-09-19T00:09:08.434Z,55337,11.02,91600
2026-09-19T00:09:08.434Z,77169,142000000,399900000
2026-09-19T00:09:08.434Z,2897,1219000,1344000
2026-09-19T00:09:08.434Z,32953,1860000000,2098000000
2026-09-19T00:09:08.434Z,45844,2512000,10000000
2026-09-19T00:09:08.434Z,45735,9900000,29900000
2026-09-19T00:09:08.434Z,27174,152700000,163800000
2026-09-19T00:09:08.434Z,47508,5072000,31700000
2026-09-19T00:09:08.434Z,19268,20730000,23030000
2026-09-19T00:09:08.434Z,54556,33010000,199000000
2026-09-19T00:09:08.434Z,967,100,50000
2026-09-19T00:09:08.434Z,12354,436000,892600
2026-09-19T00:09:08.434Z,47873,612200,990000
2026-09-19T00:09:08.434Z,46250,372700000,1050000000
2026-09-19T00:09:08.434Z,33557,125100000,147900000
2026-09-19T00:09:08.434Z,55754,51000,730000
2026-09-19T00:09:08.434Z,93736,141600000,336900000
2026-09-19T00:09:08.434Z,47648,327800,1980000
2026-09-19T00:09:08.434Z,21023,12240000,14840000
2026-09-19T00:09:08.434Z,47308,30000000,138400000
2026-09-19T00:09:08.434Z,47141,8318000,18430000
2026-09-19T00:09:08.434Z,72552,82010000,1969000000
2026-09-19T00:09:08.434Z,3312,2474,44790
2026-09-19T00:09:08.434Z,34179,52100000,70580000
2026-09-19T00:09:08.434Z,91287,261300000,329000000
2026-09-19T00:09:08.434Z,16696,1227000,3493000
2026-09-19T00:09:08.434Z,90605,10100,54190
2026-09-19T00:09:08.434Z,33034,351100,2000000
2026-09-19T00:09:08.434Z,48217,5116000,50100000
2026-09-19T00:09:08.434Z,45981,16890000,336800000
2026-09-19T00:09:08.434Z,4058,41560000,96890000
2026-09-19T00:09:08.434Z,46847,17150000,49000000
2026-09-19T00:09:08.434Z,22127,101300000,113800000
2026-09-19T00:09:08.434Z,12486,1160000,2229000
2026-09-19T00:09:08.434Z,4168,6450000,111300000
2026-09-19T00:09:08.434Z,82205,500,4500
2026-09-19T00:09:08.434Z,3138,1450000,1560000
2026-09-19T00:09:08.434Z,43809,306200000,900000000
2026-09-19T00:09:08.434Z,34682,300000,7750000
2026-09-19T00:09:08.434Z,52432,210500000,1176000000
2026-09-19T00:09:08.434Z,46975,1061000,9439000
2026-09-19T00:09:08.434Z,11207,5118,1250000
2026-09-19T00:09:08.434Z,41657,29900000,37900000
2026-09-19T00:09:08.434Z,37305,27560000,195700000
2026-09-19T00:09:08.434Z,23815,16260000,66900000
2026-09-19T00:09:08.434Z,14017,501,12360
2026-09-19T00:09:08.434Z,4169,3408000,114800000
2026-09-19T00:09:08.434Z,28811,397000000,431300000
2026-09-19T00:09:08.434Z,31181,1200000,30000000
2026-09-19T00:09:08.434Z,79952,79250000,148600000
2026-09-19T00:09:08.434Z,52866,10010000,149000000
2026-09-19T00:09:08.434Z,80938,310000000,1999000000
2026-09-19T00:09:08.434Z,29049,133700,742900
2026-09-19T00:09:08.434Z,15272,102000,400000000
2026-09-19T00:09:08.434Z,28778,113700,70000000
2026-09-19T00:09:08.434Z,12199,2337000,2972000
2026-09-19T00:09:08.434Z,37511,2.01,1613000000
2026-09-19T00:09:08.434Z,52634,18960000,1841000000
2026-09-19T00:09:08.434Z,23821,9536000,41720000
2026-09-19T00:09:08.434Z,37878,22000,8696000
2026-09-19T00:09:08.434Z,31592,3142000,3217000
2026-09-19T00:09:08.434Z,45989,10300000,293000000
2026-09-19T00:09:08.434Z,45654,95600,1100000
2026-09-19T00:09:08.434Z,31572,26090000,292900000
2026-09-19T00:09:08.434Z,3222,1569000,6191000
2026-09-19T00:09:08.434Z,21730,2108,20130
2026-09-19T00:09:08.434Z,85537,347000000,625000000
2026-09-19T00:09:08.434Z,83211,100000,487900
2026-09-19T00:09:08.434Z,46910,2010000,7000000
2026-09-19T00:09:08.434Z,41445,,400000000
2026-09-19T00:09:08.434Z,37875,222000,1577000
2026-09-19T00:09:08.434Z,53851,196400,19640000
2026-09-19T00:09:08.434Z,31481,,1709000
2026-09-19T00:09:08.434Z,63783,1000,700000
2026-09-19T00:09:08.434Z,78914,680500000,3000000000
2026-09-19T00:09:08.434Z,10151,3700000,3984000
2026-09-19T00:09:08.434Z,13830,6104000,10810000
2026-09-19T00:09:08.434Z,26350,500100,2900000
2026-09-19T00:09:08.434Z,53896,83810000,119800000
2026-09-19T00:09:08.434Z,55031,24690000,33490000
2026-09-19T00:09:08.434Z,13779,2708000,22840000
2026-09-19T00:09:08.434Z,37454,6946000,7989000
2026-09-19T00:09:08.434Z,41640,,65000000
2026-09-19T00:09:08.434Z,60758,42150000,83980000
2026-09-19T00:09:08.434Z,46236,,44900000
2026-09-19T00:09:08.434Z,21480,,196700000
2026-09-19T00:09:08.434Z,58769,15010,317400
2026-09-19T00:09:08.434Z,42704,72000,329900
2026-09-19T00:09:08.434Z,9956,3661000,4489000
2026-09-19T00:09:08.434Z,47184,60100,100000
2026-09-19T00:09:08.434Z,56601,,250000000
2026-09-19T00:09:08.434Z,26332,54640000,63410000
2026-09-19T00:09:08.434Z,11462,50.16,449.9
2026-09-19T00:09:08.434Z,55661,6000,200000
2026-09-19T00:09:08.434Z,30538,4154000,5400000
2026-09-19T00:09:08.434Z,3195,551000000,629000000
2026-09-19T00:09:08.434Z,47634,61010000,139900000
2026-09-19T00:09:08.434Z,55548,11000,224900
2026-09-19T00:09:08.434Z,4061,15100000,1100000000
2026-09-19T00:09:08.434Z,181,7.98,8.99
2026-09-19T00:09:08.434Z,24632,15040000,17150000
2026-09-19T00:09:08.434Z,17897,2300,6500
2026-09-19T00:09:08.434Z,11737,815,24990
2026-09-19T00:09:08.434Z,43861,981900000,1875000000
2026-09-19T00:09:08.434Z,36910,30190000,36900000
2026-09-19T00:09:08.434Z,34168,25610000,66120000
2026-09-19T00:09:08.434Z,33834,340000000,580000000
2026-09-19T00:09:08.434Z,21928,447.5,557.8
2026-09-19T00:09:08.434Z,62458,674,674.9
2026-09-19T00:09:08.434Z,46842,20030,1434000
2026-09-19T00:09:08.434Z,11985,123800000,145600000
2026-09-19T00:09:08.434Z,55667,1000,66000
2026-09-19T00:09:08.434Z,21402,,931.9
2026-09-19T00:09:08.434Z,27077,490300,749700
2026-09-19T00:09:08.434Z,15713,6184000,14030000
2026-09-19T00:09:08.434Z,45514,1600000,2549000
2026-09-19T00:09:08.434Z,27775,4008000,34930000
2026-09-19T00:09:08.434Z,27556,15120000,58900000
2026-09-19T00:09:08.434Z,63143,12600,339800
2026-09-19T00:09:08.434Z,92569,1650,2149
2026-09-19T00:09:08.434Z,54303,35180000,61000000
2026-09-19T00:09:08.434Z,24696,46650000,52070000
2026-09-19T00:09:08.434Z,47913,9260000,15980000
2026-09-19T00:09:08.434Z,28292,25020000,26970000
2026-09-19T00:09:08.434Z,90598,102000,4799000
2026-09-19T00:09:08.434Z,48430,4305000,15330000
2026-09-19T00:09:08.434Z,84127,195000000,265500000
2026-09-19T00:09:08.434Z,6135,8020,94900
2026-09-19T00:09:08.434Z,55674,20620,199900
2026-09-19T00:09:08.434Z,40525,42920000,125000000
2026-09-19T00:09:08.434Z,509,9687000,17920000
2026-09-19T00:09:08.434Z,22967,289.4,519.9
2026-09-19T00:09:08.434Z,85454,,1249000000
2026-09-19T00:09:08.434Z,31803,10000,1250000
2026-09-19T00:09:08.434Z,82591,40020000,399900000
2026-09-19T00:09:08.434Z,52576,,499600000
2026-09-19T00:09:08.434Z,35681,10020000,124400000
2026-09-19T00:09:08.434Z,15042,2100000,1000000000
2026-09-19T00:09:08.434Z,3452,144.5,13000
2026-09-19T00:09:08.434Z,37583,23750000,47480000
2026-09-19T00:09:08.434Z,24592,9,999
2026-09-19T00:09:08.434Z,24597,335,9999
2026-09-19T00:09:08.434Z,56211,1920000000,19000000000
2026-09-19T00:09:08.434Z,10250,631200,717100
2026-09-19T00:09:08.434Z,14256,34810000,37220000
2026-09-19T00:09:08.434Z,56202,645200000,724500000
2026-09-19T00:09:08.434Z,13990,2007000,16890000
2026-09-19T00:09:08.434Z,93001,300000,29000000
2026-09-19T00:09:08.434Z,90414,258200000,434800000
2026-09-19T00:09:08.434Z,15010,,425000000
2026-09-19T00:09:08.434Z,48893,109600000,179800000
2026-09-19T00:09:08.434Z,88536,10040,4979000
2026-09-19T00:09:08.434Z,55698,1073,63890
2026-09-19T00:09:08.434Z,34824,44010000,974000000
2026-09-19T00:09:08.434Z,27777,2760000,17800000
2026-09-19T00:09:08.434Z,52750,550100000,1997000000
2026-09-19T00:09:08.434Z,28659,913500000,983700000
2026-09-19T00:09:08.434Z,57061,103400000,2777000000
2026-09-19T00:09:08.434Z,56711,5430000,11400000
2026-09-19T00:09:08.434Z,28410,1.38,30000
2026-09-19T00:09:08.434Z,45568,6530000,245000000
2026-09-19T00:09:08.434Z,22578,0.12,97000
2026-09-19T00:09:08.434Z,5971,17000,23090
2026-09-19T00:09:08.434Z,33022,23110000,37980000
2026-09-19T00:09:08.434Z,12441,12.01,100000
2026-09-19T00:09:08.434Z,89660,211700000,407500000
2026-09-19T00:09:08.434Z,526,28560,48290
2026-09-19T00:09:08.434Z,29075,57220,654300
2026-09-19T00:09:08.434Z,36486,41030000,648500000
2026-09-19T00:09:08.434Z,56205,751900000,3860000000
2026-09-19T00:09:08.434Z,27075,450000,666900
2026-09-19T00:09:08.434Z,31594,18110000,20670000
2026-09-19T00:09:08.434Z,27230,1277000,15280000
2026-09-19T00:09:08.434Z,25279,24700,26890
2026-09-19T00:09:08.434Z,85438,410900,1440000
2026-09-19T00:09:08.434Z,42146,21000000,25990000
2026-09-19T00:09:08.434Z,18969,60000000,73270000
2026-09-19T00:09:08.434Z,33962,82020000,103700000
2026-09-19T00:09:08.434Z,25903,,2360000
2026-09-19T00:09:08.434Z,83205,15000,9979000
2026-09-19T00:09:08.434Z,32087,2727000,16180000
2026-09-19T00:09:08.434Z,84347,964000,7100000
2026-09-19T00:09:08.434Z,27193,636100,943000
2026-09-19T00:09:08.434Z,57063,1000000000,2556000000
2026-09-19T00:09:08.434Z,48149,619500000,1479000000
2026-09-19T00:09:08.434Z,13918,50,69980
2026-09-19T00:09:08.434Z,43783,71080000,128600000
2026-09-19T00:09:08.434Z,43676,825000000,2300000000
2026-09-19T00:09:08.434Z,26029,24990,1308000
2026-09-19T00:09:08.434Z,3080,2637000,5290000
2026-09-19T00:09:08.434Z,20637,73080000,89000000
2026-09-19T00:09:08.434Z,57067,129600000,5599000000
2026-09-19T00:09:08.434Z,42645,240200000,2400000000
2026-09-19T00:09:08.434Z,40505,1057000,489500000
2026-09-19T00:09:08.434Z,23674,524800000,821600000
2026-09-19T00:09:08.434Z,34760,141200000,805000000
2026-09-19T00:09:08.434Z,27601,120100000,1189000000
2026-09-19T00:09:08.434Z,45749,17400000,34900000
2026-09-19T00:09:08.434Z,49787,10000,40000000
2026-09-19T00:09:08.434Z,92021,,343500
2026-09-19T00:09:08.434Z,36785,204300000,5000000000
2026-09-19T00:09:08.434Z,60170,1500000000,2198000000
2026-09-19T00:09:08.434Z,21498,52000000,87660000
2026-09-19T00:09:08.434Z,22120,25020000,34990000
2026-09-19T00:09:08.434Z,43780,1292000,46450000
2026-09-19T00:09:08.434Z,24669,3044000000,5438000000
2026-09-19T00:09:08.434Z,939,490,4900000
2026-09-19T00:09:08.434Z,91965,2775000,3148000
2026-09-19T00:09:08.434Z,27641,2799000,10900000
2026-09-19T00:09:08.434Z,44264,22000,32890
2026-09-19T00:09:08.434Z,59815,12000000,390900000
2026-09-19T00:09:08.434Z,92400,100000000,115000000
2026-09-19T00:09:08.434Z,7743,106500,249800
2026-09-19T00:09:08.434Z,31682,11120,321100
2026-09-19T00:09:08.434Z,41576,237300000,297000000
2026-09-19T00:09:08.434Z,33932,4404000,30000000
2026-09-19T00:09:08.434Z,34327,6005000,45000000
2026-09-19T00:09:08.434Z,23170,20070,269800
2026-09-19T00:09:08.434Z,48777,1.06,148000
2026-09-19T00:09:08.434Z,17251,4500,45390
2026-09-19T00:09:08.434Z,93485,38000000,100000000
2026-09-19T00:09:08.434Z,17459,22.81,28.15
2026-09-19T00:09:08.434Z,36359,5017000,87970000
2026-09-19T00:09:08.434Z,95403,68000000,222400000
2026-09-19T00:09:08.434Z,86156,226100000,289900000
2026-09-19T00:09:08.434Z,27116,112200000,119100000
2026-09-19T00:09:08.434Z,34647,5700000,57800000
2026-09-19T00:09:08.434Z,59329,1576000000,2812000000
2026-09-19T00:09:08.434Z,56595,1308000,40000000
2026-09-19T00:09:08.434Z,34180,333000,1455000
2026-09-19T00:09:08.434Z,47502,501000,9455000
2026-09-19T00:09:08.434Z,90702,,1898000
2026-09-19T00:09:08.434Z,48767,3.16,14550000
2026-09-19T00:09:08.434Z,88789,129000000,949800000
2026-09-19T00:09:08.434Z,13256,15160000,16560000
2026-09-19T00:09:08.434Z,45847,1103000,9961000
2026-09-19T00:09:08.434Z,54975,38710000,43950000
2026-09-19T00:09:08.434Z,2047,50000,293800
2026-09-19T00:09:08.434Z,47835,21210000,29090000
2026-09-19T00:09:08.434Z,37574,902000,16990000
2026-09-19T00:09:08.434Z,57460,505800,535000
2026-09-19T00:09:08.434Z,34601,206700,32990000
2026-09-19T00:09:08.434Z,25337,250000,1628000
2026-09-19T00:09:08.434Z,77707,200000,200100
2026-09-19T00:09:08.434Z,45822,150800,2184000
2026-09-19T00:09:08.434Z,62651,160000000,490000000
2026-09-19T00:09:08.434Z,55550,152400,1000000
2026-09-19T00:09:08.434Z,46328,250000000,37440000000
2026-09-19T00:09:08.434Z,45948,452500,2970000
2026-09-19T00:09:08.434Z,10216,16730000,17800000
2026-09-19T00:09:08.434Z,55665,612500,1199000
2026-09-19T00:09:08.434Z,94035,167400000,1499000000
2026-09-19T00:09:08.434Z,54164,2000000,7993000
2026-09-19T00:09:08.434Z,14640,751600000,1550000000
2026-09-19T00:09:08.434Z,34711,50000000,433600000
2026-09-19T00:09:08.434Z,95399,335000000,493900000
2026-09-19T00:09:08.434Z,15653,16320,139300
2026-09-19T00:09:08.434Z,81619,50000000,494600000
2026-09-19T00:09:08.434Z,41504,80220000,94180000
2026-09-19T00:09:08.434Z,45968,2561000,9989000
2026-09-19T00:09:08.434Z,85970,300000000,949900000
2026-09-19T00:09:08.434Z,29097,500800,1508000
2026-09-19T00:09:08.434Z,33093,1301,46990
2026-09-19T00:09:08.434Z,41211,25590000000,35800000000
2026-09-19T00:09:08.434Z,11084,661100,1126000
2026-09-19T00:09:08.434Z,23783,128000,1161000
2026-09-19T00:09:08.434Z,17794,716100,1379000
2026-09-19T00:09:08.434Z,11989,119800000,129100000
2026-09-19T00:09:08.434Z,9899,7398000,8100000
2026-09-19T00:09:08.434Z,60659,200000,1349000
2026-09-19T00:09:08.434Z,81047,212000000,218000000
2026-09-19T00:09:08.434Z,15755,100400000,135200000
2026-09-19T00:09:08.434Z,49148,56010000,1700000000
2026-09-19T00:09:08.434Z,27083,155400,424000
2026-09-19T00:09:08.434Z,89693,430000000,587600000
2026-09-19T00:09:08.434Z,41485,12070000,20980000
2026-09-19T00:09:08.434Z,21254,2550000,5489000
2026-09-19T00:09:08.434Z,21248,3500,5150000
2026-09-19T00:09:08.434Z,16457,5000000,5381000
2026-09-19T00:09:08.434Z,9947,1852000,2086000
2026-09-19T00:09:08.434Z,7005,34010,78300
2026-09-19T00:09:08.434Z,33362,11530,11560
2026-09-19T00:09:08.434Z,15703,11360000,19180000
2026-09-19T00:09:08.434Z,82586,18020000,174800000
2026-09-19T00:09:08.434Z,53038,2401000000,7463000000
2026-09-19T00:09:08.434Z,88147,185600000,211100000
2026-09-19T00:09:08.434Z,59230,485500000,4803000000
2026-09-19T00:09:08.434Z,61183,111000000,699000000
2026-09-19T00:09:08.434Z,84432,203000,4145000
2026-09-19T00:09:08.434Z,40758,87600000,111600000
2026-09-19T00:09:08.434Z,19251,21150000,49710000
2026-09-19T00:09:08.434Z,27180,8102,377800
2026-09-19T00:09:08.434Z,18752,50380,299800
2026-09-19T00:09:08.434Z,45861,27410000,43000000
2026-09-19T00:09:08.434Z,84678,2625000000,9800000000
2026-09-19T00:09:08.434Z,31656,5210,60000
2026-09-19T00:09:08.434Z,31754,34650,66990
2026-09-19T00:09:08.434Z,88669,120000,810000
2026-09-19T00:09:08.434Z,31397,10000,785000
2026-09-19T00:09:08.434Z,35841,864800000,1160000000
2026-09-19T00:09:08.434Z,95537,1,995900
2026-09-19T00:09:08.434Z,1201,70500,115600
2026-09-19T00:09:08.434Z,45590,25440000,35400000
2026-09-19T00:09:08.434Z,85692,1550000,48750000
2026-09-19T00:09:08.434Z,3108,194200,45000000
2026-09-19T00:09:08.434Z,76209,0.01,779100
2026-09-19T00:09:08.434Z,40458,35610,6840000
2026-09-19T00:09:08.434Z,63642,4465000,10000000
2026-09-19T00:09:08.434Z,47962,2609000,158000000
2026-09-19T00:09:08.434Z,56981,60000,597800
2026-09-19T00:09:08.434Z,82437,140000,2899000
2026-09-19T00:09:08.434Z,1244,23070,54880
2026-09-19T00:09:08.434Z,29618,6013,12910
2026-09-19T00:09:08.434Z,41065,41440000,100000000
2026-09-19T00:09:08.434Z,40774,2001000,33980000
2026-09-19T00:09:08.434Z,33036,100000,2000000
2026-09-19T00:09:08.434Z,53036,14070000,87990000
2026-09-19T00:09:08.434Z,56293,25400000,225400000
2026-09-19T00:09:08.434Z,84168,380000,2224000
2026-09-19T00:09:08.434Z,54402,276300000,347900000
2026-09-19T00:09:08.434Z,22542,18050,29900
2026-09-19T00:09:08.434Z,83367,680000,2917000
2026-09-19T00:09:08.434Z,47191,41240,599800
2026-09-19T00:09:08.434Z,29095,252500,957900
2026-09-19T00:09:08.434Z,47338,52030000,77700000
2026-09-19T00:09:08.434Z,23057,4893000,5491000
2026-09-19T00:09:08.434Z,76957,833000000,2400000000
2026-09-19T00:09:08.434Z,85147,11290000,16960000
2026-09-19T00:09:08.434Z,85843,100000,978900
2026-09-19T00:09:08.434Z,82340,80000,878300
2026-09-19T00:09:08.434Z,26394,49630000,94760000
2026-09-19T00:09:08.434Z,47747,3606000,6999000
2026-09-19T00:09:08.434Z,14164,51140000,65990000
2026-09-19T00:09:08.434Z,62499,1644,10000
2026-09-19T00:09:08.434Z,28740,19320000,26200000
2026-09-19T00:09:08.434Z,41251,82270000,93320000
2026-09-19T00:09:08.434Z,59187,4083,1483000
2026-09-19T00:09:08.434Z,31448,960000,988100
2026-09-19T00:09:08.434Z,27407,28370,69990
2026-09-19T00:09:08.434Z,47538,1008000000,3740000000
2026-09-19T00:09:08.434Z,52310,53720,60330
2026-09-19T00:09:08.434Z,33976,403800000,490000000
2026-09-19T00:09:08.434Z,24515,321.4,366
2026-09-19T00:09:08.434Z,48366,2709000,1644000000
2026-09-19T00:09:08.434Z,14764,1161000000,1857000000
2026-09-19T00:09:08.434Z,21551,1121000,3745000
2026-09-19T00:09:08.434Z,95543,2229000,4950000
2026-09-19T00:09:08.434Z,52573,40000000,400000000
2026-09-19T00:09:08.434Z,20205,312000000,980000000
2026-09-19T00:09:08.434Z,73789,19130000,20610000
2026-09-19T00:09:08.434Z,56749,,2344000
2026-09-19T00:09:08.434Z,92583,140000,400000
2026-09-19T00:09:08.434Z,44169,50270,1484000
2026-09-19T00:09:08.434Z,55306,500,500.1
2026-09-19T00:09:08.434Z,44144,1000,990000
2026-09-19T00:09:08.434Z,1818,66,69.97
2026-09-19T00:09:08.434Z,46791,535600,5275000
2026-09-19T00:09:08.434Z,56849,23000000,34990000
2026-09-19T00:09:08.434Z,52588,151000000,1500000000
2026-09-19T00:09:08.434Z,32855,,9000000
2026-09-19T00:09:08.434Z,13776,1065000,5449000
2026-09-19T00:09:08.434Z,33019,1010000,8000000
2026-09-19T00:09:08.434Z,94063,270000000,316900000
2026-09-19T00:09:08.434Z,3009,1301000,1444000
2026-09-19T00:09:08.434Z,11289,5540,7081
2026-09-19T00:09:08.434Z,60303,30080,298800
2026-09-19T00:09:08.434Z,88229,157600000,455700000
2026-09-19T00:09:08.434Z,17715,195900000,207500000
2026-09-19T00:09:08.434Z,93346,110000000,140000000
2026-09-19T00:09:08.434Z,84163,460000,2496000
2026-09-19T00:09:08.434Z,49750,125700000,1190000000
2026-09-19T00:09:08.434Z,82356,10000,94980
2026-09-19T00:09:08.434Z,9093,3006,48000
2026-09-19T00:09:08.434Z,52704,300000000,1042000000
2026-09-19T00:09:08.434Z,29009,10040,14420
2026-09-19T00:09:08.434Z,59833,1579000,1700000000
2026-09-19T00:09:08.434Z,6805,20050,98970
2026-09-19T00:09:08.434Z,29065,104100,490800
2026-09-19T00:09:08.434Z,88633,180100,9000000
2026-09-19T00:09:08.434Z,20138,82090,123800
2026-09-19T00:09:08.434Z,50138,17000,35810
2026-09-19T00:09:08.434Z,17392,95040,104700
2026-09-19T00:09:08.434Z,45665,10010000,700000000
2026-09-19T00:09:08.434Z,54779,40970,49580
2026-09-19T00:09:08.434Z,47495,28110,1487000
2026-09-19T00:09:08.434Z,617,4091000000,4499000000
2026-09-19T00:09:08.434Z,460,121300,259800
2026-09-19T00:09:08.434Z,20733,894.3,3998
2026-09-19T00:09:08.434Z,1999,706100,795800
2026-09-19T00:09:08.434Z,94056,254600000,280000000
2026-09-19T00:09:08.434Z,93741,126000000,187700000
2026-09-19T00:09:08.434Z,6527,557.9,979.9
2026-09-19T00:09:08.434Z,21857,164.1,7993
2026-09-19T00:09:08.434Z,44220,25800000,186400000
2026-09-19T00:09:08.434Z,28209,1389000,1487000
2026-09-19T00:09:08.434Z,44101,40480000,648800000
2026-09-19T00:09:08.434Z,45873,55140,321500
2026-09-19T00:09:08.434Z,92985,3000000,44990000
2026-09-19T00:09:08.434Z,73871,660000,7938000
2026-09-19T00:09:08.434Z,21586,771300,1697000
2026-09-19T00:09:08.434Z,52578,100000000,999900000
2026-09-19T00:09:08.434Z,92799,12020000,2556000000
2026-09-19T00:09:08.434Z,46527,91600000,440000000
2026-09-19T00:09:08.434Z,70847,270100000,444500000
2026-09-19T00:09:08.434Z,21087,2036,6081
2026-09-19T00:09:08.434Z,32255,390800000,498300000
2026-09-19T00:09:08.434Z,31445,,1708000
2026-09-19T00:09:08.434Z,48774,1.06,149000
2026-09-19T00:09:08.434Z,92590,120000000,199800000
2026-09-19T00:09:08.434Z,31362,85310000,98270000
2026-09-19T00:09:08.434Z,53144,16000000,160000000
2026-09-19T00:09:08.434Z,518,8009000,17000000
2026-09-19T00:09:08.434Z,52587,100000000,979200000
2026-09-19T00:09:08.434Z,60299,108100,497900
2026-09-19T00:09:08.434Z,31000,,2750000
2026-09-19T00:09:08.434Z,45521,200200000,450000000
2026-09-19T00:09:08.434Z,44211,521000,6288000
2026-09-19T00:09:08.434Z,45622,28840000,34510000
2026-09-19T00:09:08.434Z,15206,321300000,914900000
2026-09-19T00:09:08.434Z,79731,29100000,61000000
2026-09-19T00:09:08.434Z,17668,1229,3474
2026-09-19T00:09:08.434Z,52577,1034000,748200000
2026-09-19T00:09:08.434Z,24554,424800000,567900000
2026-09-19T00:09:08.434Z,41138,12450000,247900000
2026-09-19T00:09:08.434Z,79742,35060000,270000000
2026-09-19T00:09:08.434Z,77174,73020000,279800000
2026-09-19T00:09:08.434Z,42586,51000000,159800000
2026-09-19T00:09:08.434Z,82182,360500000,478900000
2026-09-19T00:09:08.434Z,26432,2548000,14270000
2026-09-19T00:09:08.434Z,82311,988,1492
2026-09-19T00:09:08.434Z,87508,182500000,372000000
2026-09-19T00:09:08.434Z,45841,5000,16000000
2026-09-19T00:09:08.434Z,20591,816800,1889000
2026-09-19T00:09:08.434Z,85847,340000,1639000
2026-09-19T00:09:08.434Z,48369,300000000,2988000000
2026-09-19T00:09:08.434Z,59809,7517000,737700000
2026-09-19T00:09:08.434Z,14385,32030000,36990000000
2026-09-19T00:09:08.434Z,93783,,9899000
2026-09-19T00:09:08.434Z,86110,4471000,20000000
2026-09-19T00:09:08.434Z,28654,3814000,5668000
2026-09-19T00:09:08.434Z,86115,6112000,10000000
2026-09-19T00:09:08.434Z,81354,201100000,360000000
2026-09-19T00:09:08.434Z,87954,146900000,450000000
2026-09-19T00:09:08.434Z,34594,,260000000
2026-09-19T00:09:08.434Z,86121,3005000,39000000
2026-09-19T00:09:08.434Z,53846,,88530000
2026-09-19T00:09:08.434Z,48650,401300000,898800000
2026-09-19T00:09:08.434Z,52581,70000000,600000000
2026-09-19T00:09:08.434Z,85846,4038000,5931000
2026-09-19T00:09:08.434Z,59337,70590000,324900000
2026-09-19T00:09:08.434Z,47064,11000,11990000
2026-09-19T00:09:08.434Z,37888,600000,1200000
2026-09-19T00:09:08.434Z,60572,25090000,185500000
2026-09-19T00:09:08.434Z,34347,29970000,47560000
2026-09-19T00:09:08.434Z,60916,119200,25000000
2026-09-19T00:09:08.434Z,45835,501300,1930000
2026-09-19T00:09:08.434Z,41272,4707,10890
2026-09-19T00:09:08.434Z,77418,5001,5002
2026-09-19T00:09:08.434Z,23047,958.5,2966
2026-09-19T00:09:08.434Z,33818,201300000,227800000
2026-09-19T00:09:08.434Z,87829,260100,1492000
2026-09-19T00:09:08.434Z,49985,166700,1499000
2026-09-19T00:09:08.434Z,95416,240000,3991000
2026-09-19T00:09:08.434Z,4042,11550000,16560000
2026-09-19T00:09:08.434Z,20049,1.05,114
2026-09-19T00:09:08.434Z,58828,1398000,1400000000
2026-09-19T00:09:08.434Z,85544,63390000,73990000
2026-09-19T00:09:08.434Z,94014,,3000000000
2026-09-19T00:09:08.434Z,95411,880000,3480000
2026-09-19T00:09:08.434Z,60167,36280000,399700000
2026-09-19T00:09:08.434Z,60166,300000000,1117000000
2026-09-19T00:09:08.434Z,85672,12590000,50000000
2026-09-19T00:09:08.434Z,48143,1000000,372900000
2026-09-19T00:09:08.434Z,83291,1000,48890
2026-09-19T00:09:08.434Z,47908,773900,829600
2026-09-19T00:09:08.434Z,11265,5019000,7919000
2026-09-19T00:09:08.434Z,89712,20560000,55520000
2026-09-19T00:09:08.434Z,40527,0.01,36000000
2026-09-19T00:09:08.434Z,59408,1140000,3698000
2026-09-19T00:09:08.434Z,26294,74260000,82210000
2026-09-19T00:09:08.434Z,45483,4003000,18780000
2026-09-19T00:09:08.434Z,79953,14000000,60000000
2026-09-19T00:09:08.434Z,1973,17050,32280
2026-09-19T00:09:08.434Z,3255,308400000,592700000
2026-09-19T00:09:08.434Z,27636,2514000,35520000
2026-09-19T00:09:08.434Z,23526,1021000,17000000
2026-09-19T00:09:08.434Z,43757,51180000,166000000
2026-09-19T00:09:08.434Z,64594,10000000,4999000000
2026-09-19T00:09:08.434Z,32931,201400000,884300000
2026-09-19T00:09:08.434Z,85008,170700000,1343000000
2026-09-19T00:09:08.434Z,54403,308300000,448600000
2026-09-19T00:09:08.434Z,81008,13690000,14620000
2026-09-19T00:09:08.434Z,54307,4714000,19340000
2026-09-19T00:09:08.434Z,34050,173100000,1299000000
2026-09-19T00:09:08.434Z,45919,18360000,69980000
2026-09-19T00:09:08.434Z,3438,20540,68000
2026-09-19T00:09:08.434Z,49645,550000,1331000
2026-09-19T00:09:08.434Z,34396,5749000,6033000
2026-09-19T00:09:08.434Z,31744,0.01,4999000
2026-09-19T00:09:08.434Z,47293,1413000,985600000
2026-09-19T00:09:08.434Z,22993,861.1,1089
2026-09-19T00:09:08.434Z,28701,91400,99160
2026-09-19T00:09:08.434Z,11217,50000,149000
2026-09-19T00:09:08.434Z,61198,111200,499500
2026-09-19T00:09:08.434Z,31420,,373900
2026-09-19T00:09:08.434Z,95540,432400,2199000
2026-09-19T00:09:08.434Z,31277,10000,785000
2026-09-19T00:09:08.434Z,12733,102400000,106800000
2026-09-19T00:09:08.434Z,23021,75,438.6
2026-09-19T00:09:08.434Z,44934,13440000,89940000
2026-09-19T00:09:08.434Z,18859,32510000,36440000
2026-09-19T00:09:08.434Z,17692,,769500
2026-09-19T00:09:08.434Z,54306,36540000,54250000
2026-09-19T00:09:08.434Z,49147,795700000,1593000000
2026-09-19T00:09:08.434Z,14972,300000,150000000
2026-09-19T00:09:08.434Z,22875,99000000,186300000
2026-09-19T00:09:08.434Z,3201,190800000,398600000
2026-09-19T00:09:08.434Z,33733,620100000,1110000000
2026-09-19T00:09:08.434Z,15945,50320000,74130000
2026-09-19T00:09:08.434Z,34426,1601000,1602000
2026-09-19T00:09:08.434Z,88475,160000,3393000
2026-09-19T00:09:08.434Z,33744,143400000,377900000
2026-09-19T00:09:08.434Z,31292,653000,1015000
2026-09-19T00:09:08.434Z,73455,50010000,97780000
2026-09-19T00:09:08.434Z,91923,2704000,19530000
2026-09-19T00:09:08.434Z,43848,53570000,131800000
2026-09-19T00:09:08.434Z,55307,69.7,199000
2026-09-19T00:09:08.434Z,15663,100000,332900
2026-09-19T00:09:08.434Z,3402,1.3,19990
2026-09-19T00:09:08.434Z,33848,83140000,103200000
2026-09-19T00:09:08.434Z,9784,501.2,11990
2026-09-19T00:09:08.434Z,34419,128000,1000000
2026-09-19T00:09:08.434Z,31494,111000,109900000
2026-09-19T00:09:08.434Z,62013,1121,547900
2026-09-19T00:09:08.434Z,73463,1000000,4980000
2026-09-19T00:09:08.434Z,60469,508000,975000
2026-09-19T00:09:08.434Z,3211,48410000,114200000
2026-09-19T00:09:08.434Z,31668,15010,101200
2026-09-19T00:09:08.434Z,54921,4000000,2075000000
2026-09-19T00:09:08.434Z,3443,100,29000
2026-09-19T00:09:08.434Z,64591,201000000,414900000
2026-09-19T00:09:08.434Z,33272,844400,972900
2026-09-19T00:09:08.434Z,17168,2046000,13050000
2026-09-19T00:09:08.434Z,4368,360000000,710100000
2026-09-19T00:09:08.434Z,53953,104100000,3499000000
2026-09-19T00:09:08.434Z,81012,350200000,685900000
2026-09-19T00:09:08.434Z,84407,1002,1003
2026-09-19T00:09:08.434Z,86143,360000,3926000
2026-09-19T00:09:08.434Z,20064,92160000,118500000
2026-09-19T00:09:08.434Z,34733,6117000,28900000
2026-09-19T00:09:08.434Z,28438,166600,166700
2026-09-19T00:09:08.434Z,32879,5001000,13900000
2026-09-19T00:09:08.434Z,46966,146200,8350000
2026-09-19T00:09:08.434Z,13244,15250000,16490000
2026-09-19T00:09:08.434Z,48759,1000000,310000000
2026-09-19T00:09:08.434Z,20057,251,1000
2026-09-19T00:09:08.434Z,45603,30630000,35300000
2026-09-19T00:09:08.434Z,27609,624400000,1187000000
2026-09-19T00:09:08.434Z,45656,,13000000
2026-09-19T00:09:08.434Z,48213,304000000,3885000000
2026-09-19T00:09:08.434Z,46558,2222,2680000000
2026-09-19T00:09:08.434Z,60663,200000,2175000
2026-09-19T00:09:08.434Z,45765,167000,2610000
2026-09-19T00:09:08.434Z,2180,5327,9997
2026-09-19T00:09:08.434Z,60338,74230,33000000
2026-09-19T00:09:08.434Z,60099,363000000,1000000000
2026-09-19T00:09:08.434Z,56608,5043000,53870000
2026-09-19T00:09:08.434Z,61862,580000,16990000
2026-09-19T00:09:08.434Z,91953,7146000,15530000
2026-09-19T00:09:08.434Z,82185,52460000,129900000
2026-09-19T00:09:08.434Z,95527,435600000,800000000
2026-09-19T00:09:08.434Z,78405,171300000,600000000
2026-09-19T00:09:08.434Z,33786,132400000,987600000
2026-09-19T00:09:08.434Z,59232,319000000,10890000000
2026-09-19T00:09:08.434Z,27377,1527,1528
2026-09-19T00:09:08.434Z,45863,5000000,8861000
2026-09-19T00:09:08.434Z,45799,4608000,29990000
2026-09-19T00:09:08.434Z,87710,20350000,155000000
2026-09-19T00:09:08.434Z,85650,100100000,1000000000
2026-09-19T00:09:08.434Z,53438,2125000,2280000000
2026-09-19T00:09:08.434Z,46129,29000000,492600000
2026-09-19T00:09:08.434Z,1240,369600,2622000
2026-09-19T00:09:08.434Z,42790,564100,11480000
2026-09-19T00:09:08.434Z,33824,670400,747600
2026-09-19T00:09:08.434Z,2301,1296000,1388000
2026-09-19T00:09:08.434Z,46296,505,195000
2026-09-19T00:09:08.434Z,46801,128100,3595000
2026-09-19T00:09:08.434Z,76284,2582000,994900000
2026-09-19T00:09:08.434Z,47187,2400,944000
2026-09-19T00:09:08.434Z,41100,12170000,100000000
2026-09-19T00:09:08.434Z,40732,31190000,75120000
2026-09-19T00:09:08.434Z,22931,34810000,58200000
2026-09-19T00:09:08.434Z,82066,22640000,50000000
2026-09-19T00:09:08.434Z,36441,4000000,2789000000
2026-09-19T00:09:08.434Z,12198,1171000,1197000
2026-09-19T00:09:08.434Z,34616,168100000,1670000000
2026-09-19T00:09:08.434Z,41687,8400000,800000000
2026-09-19T00:09:08.434Z,45908,1003000,7743000
2026-09-19T00:09:08.434Z,45906,606000,4979000
2026-09-19T00:09:08.434Z,14110,28110000,33510000
2026-09-19T00:09:08.434Z,40625,370000000,3700000000
2026-09-19T00:09:08.434Z,88127,144200000,207600000
2026-09-19T00:09:08.434Z,23058,27040000,233300000
2026-09-19T00:09:08.434Z,45778,1358000,15000000
2026-09-19T00:09:08.434Z,85290,1608000,3298000
2026-09-19T00:09:08.434Z,31286,,49790
2026-09-19T00:09:08.434Z,41043,215400000,405400000
2026-09-19T00:09:08.434Z,36838,39010000,290000000
2026-09-19T00:09:08.434Z,36377,335100000,3344000000
2026-09-19T00:09:08.434Z,82439,150800,434000
2026-09-19T00:09:08.434Z,54375,25310000,41060000
2026-09-19T00:09:08.434Z,43834,20000000,300000000
2026-09-19T00:09:08.434Z,48498,1125000,67940000
2026-09-19T00:09:08.434Z,91248,149300000,279000000
2026-09-19T00:09:08.434Z,23039,547.1,713.4
2026-09-19T00:09:08.434Z,54381,40640000,199900000
2026-09-19T00:09:08.434Z,4180,21090000,60000000
2026-09-19T00:09:08.434Z,87320,140000,1859000
2026-09-19T00:09:08.434Z,85750,56590000,135900000
2026-09-19T00:09:08.434Z,11529,9538000,14880000
2026-09-19T00:09:08.434Z,35959,7296000,14500000
2026-09-19T00:09:08.434Z,41413,35030000,59000000
2026-09-19T00:09:08.434Z,17402,6015000,11960000
2026-09-19T00:09:08.434Z,47507,23480,2876000
2026-09-19T00:09:08.434Z,82370,10000,728800
2026-09-19T00:09:08.434Z,50074,1005000,12500000000
2026-09-19T00:09:08.434Z,20723,3.78,26.72
2026-09-19T00:09:08.434Z,54776,10290,16660
2026-09-19T00:09:08.434Z,31768,,5999000
2026-09-19T00:09:08.434Z,45619,29240000,35100000
2026-09-19T00:09:08.434Z,14834,908300000,1300000000
2026-09-19T00:09:08.434Z,46689,11.02,194
2026-09-19T00:09:08.434Z,63686,13000,496900000
2026-09-19T00:09:08.434Z,88714,1959000000,2385000000
2026-09-19T00:09:08.434Z,88474,10000,385800
2026-09-19T00:09:08.434Z,13231,15230000,17960000
2026-09-19T00:09:08.434Z,52570,1044000,299900000
2026-09-19T00:09:08.434Z,88174,1.01,100000
2026-09-19T00:09:08.434Z,24640,111200000,119000000
2026-09-19T00:09:08.434Z,14702,115000000,720000000
2026-09-19T00:09:08.434Z,53645,3752000,2999000000
2026-09-19T00:09:08.434Z,14744,20000000,1378000000
2026-09-19T00:09:08.434Z,59633,31060000,65990000
2026-09-19T00:09:08.434Z,12225,102700,791900
2026-09-19T00:09:08.434Z,31482,200000,120000000
2026-09-19T00:09:08.434Z,47839,194300000,265700000
2026-09-19T00:09:08.434Z,20030,1106000,1799000
2026-09-19T00:09:08.434Z,85510,512600000,898800000
2026-09-19T00:09:08.434Z,28264,18010000,19970000
2026-09-19T00:09:08.434Z,36787,110000000,1100000000
2026-09-19T00:09:08.434Z,48384,3829000000,19800000000
2026-09-19T00:09:08.434Z,3188,53680000,119700000
2026-09-19T00:09:08.434Z,49824,5500000,6000000000
2026-09-19T00:09:08.434Z,3079,199000000,536200000
2026-09-19T00:09:08.434Z,33710,1550000,2391000
2026-09-19T00:09:08.434Z,43766,8300000,25000000
2026-09-19T00:09:08.434Z,31684,69010,47440000
2026-09-19T00:09:08.434Z,75277,18.35,21.17
2026-09-19T00:09:08.434Z,28682,1776000,2039000
2026-09-19T00:09:08.434Z,15830,6036000,149600000
2026-09-19T00:09:08.434Z,33298,34160000,375300000
2026-09-19T00:09:08.434Z,2563,910700,1477000
2026-09-19T00:09:08.434Z,49804,450300,3281000
2026-09-19T00:09:08.434Z,34748,1011000,6000000
2026-09-19T00:09:08.434Z,16275,4650,5456
2026-09-19T00:09:08.434Z,52681,45170000,66650000
2026-09-19T00:09:08.434Z,24637,111400000,121200000
2026-09-19T00:09:08.434Z,27128,40000,100000000
2026-09-19T00:09:08.434Z,52293,1234000,12600000
2026-09-19T00:09:08.434Z,85727,,4898000
2026-09-19T00:09:08.434Z,21284,6759000,35700000
2026-09-19T00:09:08.434Z,20753,1.04,71.11
2026-09-19T00:09:08.434Z,76287,11010000,240000000
2026-09-19T00:09:08.434Z,44114,17070000,44700000
2026-09-19T00:09:08.434Z,16229,49070000,58140000
2026-09-19T00:09:08.434Z,31870,2160000,2358000
2026-09-19T00:09:08.434Z,31386,59000,64990000
2026-09-19T00:09:08.434Z,62379,50550,55310
2026-09-19T00:09:08.434Z,45924,111300,6859000
2026-09-19T00:09:08.434Z,50150,222700000,376200000
2026-09-19T00:09:08.434Z,31756,1000000,5986000
2026-09-19T00:09:08.434Z,3992,2825000,990000000
2026-09-19T00:09:08.434Z,64270,200000,238000000
2026-09-19T00:09:08.434Z,21018,330200000,1356000000
2026-09-19T00:09:08.434Z,88469,100000,2082000
2026-09-19T00:09:08.434Z,37817,2000000,2001000
2026-09-19T00:09:08.434Z,45985,166100,3980000
2026-09-19T00:09:08.434Z,17898,70240,90240
2026-09-19T00:09:08.434Z,45988,250000,17100000
2026-09-19T00:09:08.434Z,46233,252000,1200000
2026-09-19T00:09:08.434Z,73796,17290000,18700000
2026-09-19T00:09:08.434Z,32918,270.6,39000
2026-09-19T00:09:08.434Z,45925,1165000,8162000
2026-09-19T00:09:08.434Z,93738,51080000,149300000
2026-09-19T00:09:08.434Z,63115,94000000,120000000
2026-09-19T00:09:08.434Z,95532,2567000,4690000
2026-09-19T00:09:08.434Z,46237,7041000,9860000
2026-09-19T00:09:08.434Z,7371,1203,60000
2026-09-19T00:09:08.434Z,24639,100200000,118800000
2026-09-19T00:09:08.434Z,46978,56490,14040000
2026-09-19T00:09:08.434Z,45987,1548000,8600000
2026-09-19T00:09:08.434Z,46795,13370,8966000
2026-09-19T00:09:08.434Z,81920,275100000,298300000
2026-09-19T00:09:08.434Z,17211,908.3,9000
2026-09-19T00:09:08.434Z,23805,185100000,200000000
2026-09-19T00:09:08.434Z,996,133700,1331000000
2026-09-19T00:09:08.434Z,82959,1000,394900
2026-09-19T00:09:08.434Z,33578,,300000000
2026-09-19T00:09:08.434Z,82070,13530000,45000000
2026-09-19T00:09:08.434Z,22452,41530000,54990000
2026-09-19T00:09:08.434Z,43498,0.03,3656000
2026-09-19T00:09:08.434Z,3212,328800000,535000000
2026-09-19T00:09:08.434Z,84999,340900000,2500000000
2026-09-19T00:09:08.434Z,43530,2831000,8000000
2026-09-19T00:09:08.434Z,29003,119000,157400
2026-09-19T00:09:08.434Z,29081,317700,1350000
2026-09-19T00:09:08.434Z,27560,12000000,29000000
2026-09-19T00:09:08.434Z,27227,112500000,132000000
2026-09-19T00:09:08.434Z,41257,,168000000
2026-09-19T00:09:08.434Z,84120,100000000,200000000
2026-09-19T00:09:08.434Z,58814,70000000,3000000000
2026-09-19T00:09:08.434Z,20599,24580000,53940000
2026-09-19T00:09:08.434Z,33579,26060000,175000000
2026-09-19T00:09:08.434Z,20757,75,286.6
2026-09-19T00:09:08.434Z,55675,116000,986100
2026-09-19T00:09:08.434Z,46221,22000,750100
2026-09-19T00:09:08.434Z,26930,,5999000
2026-09-19T00:09:08.434Z,45885,285500,7100000
2026-09-19T00:09:08.434Z,3282,237600,180000000
2026-09-19T00:09:08.434Z,20358,140000000,193900000
2026-09-19T00:09:08.434Z,16050,9126000,17940000
2026-09-19T00:09:08.434Z,57385,1317000,97970000
2026-09-19T00:09:08.434Z,48164,53760000,2400000000
2026-09-19T00:09:08.434Z,37217,224000000,499700000
2026-09-19T00:09:08.434Z,37798,500000,5244000
2026-09-19T00:09:08.434Z,15070,503000,200000000
2026-09-19T00:09:08.434Z,28684,905500,1355000
2026-09-19T00:09:08.434Z,46531,100000000,3780000000
2026-09-19T00:09:08.434Z,27232,202500,57990000
2026-09-19T00:09:08.434Z,48497,1000000,298000000
2026-09-19T00:09:08.434Z,27229,71000,999900
2026-09-19T00:09:08.434Z,79733,11030,2499000
2026-09-19T00:09:08.434Z,26382,3332000,6695000
2026-09-19T00:09:08.434Z,43763,50340,4399000
2026-09-19T00:09:08.434Z,56932,,470900000
2026-09-19T00:09:08.434Z,3065,5040000,6757000
2026-09-19T00:09:08.434Z,88667,10000,389900
2026-09-19T00:09:08.434Z,62471,901.1,1990
2026-09-19T00:09:08.434Z,21012,,1530000000
2026-09-19T00:09:08.434Z,17297,201000,40000000
2026-09-19T00:09:08.434Z,42594,,394900000
2026-09-19T00:09:08.434Z,27195,607500,917000
2026-09-19T00:09:08.434Z,47627,7106000,79990000
2026-09-19T00:09:08.434Z,17481,6266000,1599000000
2026-09-19T00:09:08.434Z,78923,57200000,233900000
2026-09-19T00:09:08.434Z,14401,,386900000
2026-09-19T00:09:08.434Z,48928,,3000000000
2026-09-19T00:09:08.434Z,28737,39110000,59900000
2026-09-19T00:09:08.434Z,14274,30080,70910
2026-09-19T00:09:08.434Z,63683,11760000,388000000
2026-09-19T00:09:08.434Z,56618,97660000,280000000
2026-09-19T00:09:08.434Z,56958,350500000,500000000
2026-09-19T00:09:08.434Z,88671,1000,350000
2026-09-19T00:09:08.434Z,94058,1021000,34790000
2026-09-19T00:09:08.434Z,90521,211.7,6994
2026-09-19T00:09:08.434Z,46906,25000,1762000
2026-09-19T00:09:08.434Z,17680,0.01,1175000
2026-09-19T00:09:08.434Z,85406,3400000,4445000
2026-09-19T00:09:08.434Z,46985,2236000,9000000
2026-09-19T00:09:08.434Z,55666,1003,1940000
2026-09-19T00:09:08.434Z,1969,896000,999000
2026-09-19T00:09:08.434Z,54431,200000000,5000000000
2026-09-19T00:09:08.434Z,83230,10000,93440000
2026-09-19T00:09:08.434Z,14520,1452000000,2177000000
2026-09-19T00:09:08.434Z,33457,963100000,1300000000
2026-09-19T00:09:08.434Z,14842,1352000000,3627000000
2026-09-19T00:09:08.434Z,57387,3584000,233500000
2026-09-19T00:09:08.434Z,3713,2542,7999
2026-09-19T00:09:08.434Z,52427,124200000,1000000000
2026-09-19T00:09:08.434Z,14393,253500,372300000
2026-09-19T00:09:08.434Z,2268,2.5,2.73
2026-09-19T00:09:08.434Z,41313,,198000000
2026-09-19T00:09:08.434Z,84741,232100000,547400000
2026-09-19T00:09:08.434Z,84119,110700000,139300000
2026-09-19T00:09:08.434Z,21282,5108000,12680000
2026-09-19T00:09:08.434Z,52426,185700000,1870000000
2026-09-19T00:09:08.434Z,82374,40000,94710
2026-09-19T00:09:08.434Z,15314,529400000,1200000000
2026-09-19T00:09:08.434Z,14486,877600000,1443000000
2026-09-19T00:09:08.434Z,28237,2187000,4795000
2026-09-19T00:09:08.434Z,14964,1035000000,2556000000
2026-09-19T00:09:08.434Z,90615,166700,6795000
2026-09-19T00:09:08.434Z,88624,20000,238200
2026-09-19T00:09:08.434Z,46931,25000,2999000
2026-09-19T00:09:08.434Z,76955,300000000,2900000000
2026-09-19T00:09:08.434Z,19723,1216000000,1942000000
2026-09-19T00:09:08.434Z,43865,391600000,440000000
2026-09-19T00:09:08.434Z,46851,157100,3000000
2026-09-19T00:09:08.434Z,23147,11000,61930
2026-09-19T00:09:08.434Z,55614,1,224200
2026-09-19T00:09:08.434Z,37815,155400000,420500000
2026-09-19T00:09:08.434Z,48181,13340000,2000000000
2026-09-19T00:09:08.434Z,83333,,4999000
2026-09-19T00:09:08.434Z,83067,10000,249900
2026-09-19T00:09:08.434Z,85772,120000,399900
2026-09-19T00:09:08.434Z,57170,515000,10480000
2026-09-19T00:09:08.434Z,40714,23030000,35260000
2026-09-19T00:09:08.434Z,57060,600400,3998000
2026-09-19T00:09:08.434Z,42736,30000000,176700000
2026-09-19T00:09:08.434Z,91946,37280000,89990000
2026-09-19T00:09:08.434Z,41239,130800000,164300000
2026-09-19T00:09:08.434Z,78920,63620000,950400000
2026-09-19T00:09:08.434Z,12203,5003000,9999000
2026-09-19T00:09:08.434Z,34620,225100000,1249000000
2026-09-19T00:09:08.434Z,27790,314200000,1424000000
2026-09-19T00:09:08.434Z,47124,7373000,37850000
2026-09-19T00:09:08.434Z,34695,100000000,998000000
2026-09-19T00:09:08.434Z,63705,65000000,95010000
2026-09-19T00:09:08.434Z,63706,,97560000
2026-09-19T00:09:08.434Z,33029,511000,10000000
2026-09-19T00:09:08.434Z,45640,25000000,349900000
2026-09-19T00:09:08.434Z,31750,70000,58610000
2026-09-19T00:09:08.434Z,2020,143100,168300
2026-09-19T00:09:08.434Z,63689,12000000,900000000
2026-09-19T00:09:08.434Z,74117,353900000,1668000000
2026-09-19T00:09:08.434Z,11694,18200,22170
2026-09-19T00:09:08.434Z,82380,10000,890000
2026-09-19T00:09:08.434Z,14759,1100000000,1590000000
2026-09-19T00:09:08.434Z,25338,457000,739800
2026-09-19T00:09:08.434Z,25330,58500,154000
2026-09-19T00:09:08.434Z,90123,506000000,697700000
2026-09-19T00:09:08.434Z,85736,81130000,479900000
2026-09-19T00:09:08.434Z,75909,1520000000,3194000000
2026-09-19T00:09:08.434Z,27577,2000000,18000000
2026-09-19T00:09:08.434Z,31568,2633000,3348000
2026-09-19T00:09:08.434Z,36650,10260000,68890000
2026-09-19T00:09:08.434Z,40632,409200000,479400000
2026-09-19T00:09:08.434Z,654,2363000,2778000
2026-09-19T00:09:08.434Z,34427,302300,669000
2026-09-19T00:09:08.434Z,27788,565300000,1000000000
2026-09-19T00:09:08.434Z,4157,25100000,485000000
2026-09-19T00:09:08.434Z,15649,60100,149800
2026-09-19T00:09:08.434Z,93729,31190000,76900000
2026-09-19T00:09:08.434Z,52922,574500000,815300000
2026-09-19T00:09:08.434Z,45481,28710000,12500000000
2026-09-19T00:09:08.434Z,42595,21000000,109700000
2026-09-19T00:09:08.434Z,42543,11000000,88000000
2026-09-19T00:09:08.434Z,42556,11000000,359900000
2026-09-19T00:09:08.434Z,42579,51000000,199900000
2026-09-19T00:09:08.434Z,42597,41020000,119700000
2026-09-19T00:09:08.434Z,42599,81000000,309700000
2026-09-19T00:09:08.434Z,33794,6038000,29010000
2026-09-19T00:09:08.434Z,43876,359000000,370000000
2026-09-19T00:09:08.434Z,47160,810000000,1497000000
2026-09-19T00:09:08.434Z,37808,570000000,12500000000
2026-09-19T00:09:08.434Z,49819,502700000,7394000000
2026-09-19T00:09:08.434Z,41475,132400,129700000
2026-09-19T00:09:08.434Z,37588,803100,8391000
2026-09-19T00:09:08.434Z,15824,603400,1995000
2026-09-19T00:09:08.434Z,33026,50000,6800000
2026-09-19T00:09:08.434Z,60436,5000,595600
2026-09-19T00:09:08.434Z,26890,7449000,9762000
2026-09-19T00:09:08.434Z,3189,546300000,739800000
2026-09-19T00:09:08.434Z,53491,575000,8489000
2026-09-19T00:09:08.434Z,34645,75000000,2499000000
2026-09-19T00:09:08.434Z,24575,,17500000000
2026-09-19T00:09:08.434Z,36424,223900,8354000
2026-09-19T00:09:08.434Z,15877,2306000,68880000
2026-09-19T00:09:08.434Z,88786,,1200000000
2026-09-19T00:09:08.434Z,46869,419100,4940000
2026-09-19T00:09:08.434Z,42560,12000000,99970000
2026-09-19T00:09:08.434Z,15845,3084000,36800000
2026-09-19T00:09:08.434Z,25341,123000,299500
2026-09-19T00:09:08.434Z,90281,0.03,60000000
2026-09-19T00:09:08.434Z,34802,93130000,850000000
2026-09-19T00:09:08.434Z,18700,72780000,124400000
2026-09-19T00:09:08.434Z,60197,16100000,99960000
2026-09-19T00:09:08.434Z,10213,90700000,97490000
2026-09-19T00:09:08.434Z,3436,109,30000
2026-09-19T00:09:08.434Z,45918,15980000,55730000
2026-09-19T00:09:08.434Z,90276,0.03,60000000
2026-09-19T00:09:08.434Z,55659,1000,44700
2026-09-19T00:09:08.434Z,48136,5211000,80000000
2026-09-19T00:09:08.434Z,3206,1832000,5987000
2026-09-19T00:09:08.434Z,31279,,58000000
2026-09-19T00:09:08.434Z,23803,91630000,101500000
2026-09-19T00:09:08.434Z,17214,3245,3247
2026-09-19T00:09:08.434Z,11738,5001,19680
2026-09-19T00:09:08.434Z,2038,501000,573000
2026-09-19T00:09:08.434Z,53964,130200000,999900000
2026-09-19T00:09:08.434Z,17290,501800,11510000
2026-09-19T00:09:08.434Z,87772,280000000,699900000
2026-09-19T00:09:08.434Z,74536,2500,6224
2026-09-19T00:09:08.434Z,12550,761.1,7000
2026-09-19T00:09:08.434Z,17770,100000,6969000
2026-09-19T00:09:08.434Z,15806,85500000,97300000
2026-09-19T00:09:08.434Z,47497,1624000,5608000
2026-09-19T00:09:08.434Z,45961,100100,1812000
2026-09-19T00:09:08.434Z,41128,15100000,149700000
2026-09-19T00:09:08.434Z,54194,92080,123300000
2026-09-19T00:09:08.434Z,494,51210,449900
2026-09-19T00:09:08.434Z,495,210100,1660000
2026-09-19T00:09:08.434Z,4167,40440000,79800000
2026-09-19T00:09:08.434Z,34642,20000000,246400000
2026-09-19T00:09:08.434Z,25331,47100,65000
2026-09-19T00:09:08.434Z,27088,100500,239900
2026-09-19T00:09:08.434Z,58885,303500,1506000
2026-09-19T00:09:08.434Z,48768,,999800
2026-09-19T00:09:08.434Z,84082,,100800000
2026-09-19T00:09:08.434Z,32868,,193900
2026-09-19T00:09:08.434Z,56594,10000000,9975000000
2026-09-19T00:09:08.434Z,62592,1.05,100000000
2026-09-19T00:09:08.434Z,62593,,260000000
2026-09-19T00:09:08.434Z,91407,10000,1945000
2026-09-19T00:09:08.434Z,60313,2894000,3238000
2026-09-19T00:09:08.434Z,15741,6780000,15000000
2026-09-19T00:09:08.434Z,70852,300000000,1959000000
2026-09-19T00:09:08.434Z,24638,93920000,118900000
2026-09-19T00:09:08.434Z,31620,,329400
2026-09-19T00:09:08.434Z,37510,2154000,34680000
2026-09-19T00:09:08.434Z,90121,231000000,309400000
2026-09-19T00:09:08.434Z,1225,4558,5000
2026-09-19T00:09:08.434Z,90047,293000,1199000
2026-09-19T00:09:08.434Z,52770,7299000,3000000000
2026-09-19T00:09:08.434Z,40522,4252000,71050000
2026-09-19T00:09:08.434Z,14076,83110,120200
2026-09-19T00:09:08.434Z,46773,1008000,4682000
2026-09-19T00:09:08.434Z,1977,4560,18790
2026-09-19T00:09:08.434Z,93014,3500000,75000000
2026-09-19T00:09:08.434Z,14752,115000,188000000
2026-09-19T00:09:08.434Z,46828,117200,2776000
2026-09-19T00:09:08.434Z,92282,120300000,129700000
2026-09-19T00:09:08.434Z,86261,56160000,81980000
2026-09-19T00:09:08.434Z,36501,890000000,5989000000
2026-09-19T00:09:08.434Z,83247,10000,599700
2026-09-19T00:09:08.434Z,84076,100300,45000000
2026-09-19T00:09:08.434Z,36503,280000000,6180000000
2026-09-19T00:09:08.434Z,89513,557800000,1093000000
2026-09-19T00:09:08.434Z,48081,208000000,290000000
2026-09-19T00:09:08.434Z,36490,35000000,2980000000
2026-09-19T00:09:08.434Z,57526,1,3000000000
2026-09-19T00:09:08.434Z,57512,500400000,1500000000
2026-09-19T00:09:08.434Z,57515,75080000,150000000
2026-09-19T00:09:08.434Z,57516,401400000,750000000
2026-09-19T00:09:08.434Z,57519,1,3000000000
2026-09-19T00:09:08.434Z,57520,1503000,1499000000
2026-09-19T00:09:08.434Z,57521,701200000,1500000000
2026-09-19T00:09:08.434Z,57522,701200000,1500000000
2026-09-19T00:09:08.434Z,57523,121400000,150000000
2026-09-19T00:09:08.434Z,34033,110000000,179400000
2026-09-19T00:09:08.434Z,47610,1020000,4843000
2026-09-19T00:09:08.434Z,28585,21000000,31800000
2026-09-19T00:09:08.434Z,57524,1002000000,1500000000
2026-09-19T00:09:08.434Z,57525,150200,1500000000
2026-09-19T00:09:08.434Z,47532,8033000,28850000
2026-09-19T00:09:08.434Z,26388,4870000,9862000
2026-09-19T00:09:08.434Z,32028,5000,1000000
2026-09-19T00:09:08.434Z,41044,212600000,1484000000
2026-09-19T00:09:08.434Z,56953,127800000,552400000
2026-09-19T00:09:08.434Z,48198,210000000,610900000
2026-09-19T00:09:08.434Z,63195,9450,11740
2026-09-19T00:09:08.434Z,49822,235900000,1795000000
2026-09-19T00:09:08.434Z,43794,4000000,12000000
2026-09-19T00:09:08.434Z,41046,203300000,961500000
2026-09-19T00:09:08.434Z,15298,17600000000,23990000000
2026-09-19T00:09:08.434Z,31786,2038000,32500000
2026-09-19T00:09:08.434Z,22611,12150000,15290000
2026-09-19T00:09:08.434Z,21889,42350000,45010000
2026-09-19T00:09:08.434Z,71722,97030000,957700000
2026-09-19T00:09:08.434Z,91144,20000000,34990000
2026-09-19T00:09:08.434Z,33787,1910000,37780000
2026-09-19T00:09:08.434Z,54162,11200000,17700000
2026-09-19T00:09:08.434Z,15834,31810,5998000
2026-09-19T00:09:08.434Z,93360,34000000,59900000
2026-09-19T00:09:08.434Z,85525,105900,7299000
2026-09-19T00:09:08.434Z,81084,6400000,8623000
2026-09-19T00:09:08.434Z,2267,2.22,2.83
2026-09-19T00:09:08.434Z,40590,4739000,4696000000
2026-09-19T00:09:08.434Z,46808,575000,2900000
2026-09-19T00:09:08.434Z,42592,11000000,299800000
2026-09-19T00:09:08.434Z,71725,90010000,884900000
2026-09-19T00:09:08.434Z,4085,250300000,700400000
2026-09-19T00:09:08.434Z,22933,31130000,87440000
2026-09-19T00:09:08.434Z,82074,5910000,26680000
2026-09-19T00:09:08.434Z,42589,62000000,259800000
2026-09-19T00:09:08.434Z,40464,52530,14250000
2026-09-19T00:09:08.434Z,50084,112200000,4968000000
2026-09-19T00:09:08.434Z,27857,11110000,19120000
2026-09-19T00:09:08.434Z,54906,15010000,1599000000
2026-09-19T00:09:08.434Z,43852,3463000,31830000
2026-09-19T00:09:08.434Z,15316,400.1,175000
2026-09-19T00:09:08.434Z,42577,221000000,539600000
2026-09-19T00:09:08.434Z,85685,9661000,58750000
2026-09-19T00:09:08.434Z,11617,5000,313900
2026-09-19T00:09:08.434Z,59468,1.06,500000000
2026-09-19T00:09:08.434Z,25889,,2360000
2026-09-19T00:09:08.434Z,15276,501000000,1735000000
2026-09-19T00:09:08.434Z,31406,302200,399000
2026-09-19T00:09:08.434Z,81355,21010000,179900000
2026-09-19T00:09:08.434Z,57815,332200000,480000000
2026-09-19T00:09:08.434Z,70846,1768000000,3894000000
2026-09-19T00:09:08.434Z,16279,6489000,19000000
2026-09-19T00:09:08.434Z,44123,141.7,3900000
2026-09-19T00:09:08.434Z,16053,10620000,31990000
2026-09-19T00:09:08.434Z,90140,1300000000,4896000000
2026-09-19T00:09:08.434Z,40347,14510000,15670000
2026-09-19T00:09:08.434Z,37256,980500000,1397000000
2026-09-19T00:09:08.434Z,46860,7041000,38790000
2026-09-19T00:09:08.434Z,47303,0.01,79500
2026-09-19T00:09:08.434Z,25544,28220000,35500000
2026-09-19T00:09:08.434Z,13777,5880000,12500000
2026-09-19T00:09:08.434Z,59467,,749000000
2026-09-19T00:09:08.434Z,58876,5020000,33000000
2026-09-19T00:09:08.434Z,85499,93990000,620200000
2026-09-19T00:09:08.434Z,88599,10000,235800
2026-09-19T00:09:08.434Z,19280,74010000,87900000
2026-09-19T00:09:08.434Z,45838,1027000,29910000
2026-09-19T00:09:08.434Z,72553,205000000,699900000
2026-09-19T00:09:08.434Z,34817,801200000,1823000000
2026-09-19T00:09:08.434Z,46365,56090,388000
2026-09-19T00:09:08.434Z,41326,1151,2139
2026-09-19T00:09:08.434Z,43668,555100000,6350000000
2026-09-19T00:09:08.434Z,4314,5000000,10800000
2026-09-19T00:09:08.434Z,36396,210000000,1110000000
2026-09-19T00:09:08.434Z,14736,,2100000000
2026-09-19T00:09:08.434Z,47505,15370000,29990000
2026-09-19T00:09:08.434Z,57386,6305000,142200000
2026-09-19T00:09:08.434Z,25900,7885000,19500000
2026-09-19T00:09:08.434Z,90704,200,39860
2026-09-19T00:09:08.434Z,47298,130200000,143400000
2026-09-19T00:09:08.434Z,36729,200000,748200
2026-09-19T00:09:08.434Z,14720,274200,312800000
2026-09-19T00:09:08.434Z,84114,31010000,58000000
2026-09-19T00:09:08.434Z,1315,93300,799900
2026-09-19T00:09:08.434Z,17266,2329000,2973000
2026-09-19T00:09:08.434Z,41516,25610000,69270000
2026-09-19T00:09:08.434Z,34160,395000000,1051000000
2026-09-19T00:09:08.434Z,34721,200000000,1979000000
2026-09-19T00:09:08.434Z,14672,,1200000000
2026-09-19T00:09:08.434Z,45856,40500000,107300000
2026-09-19T00:09:08.434Z,17693,1000000,16490000
2026-09-19T00:09:08.434Z,40495,101100,999900000
2026-09-19T00:09:08.434Z,85133,100000,164900
2026-09-19T00:09:08.434Z,30548,1000000,5599000
2026-09-19T00:09:08.434Z,14730,1751000000,3377000000
2026-09-19T00:09:08.434Z,2361,99900,112400
2026-09-19T00:09:08.434Z,43728,25300000,220000000
2026-09-19T00:09:08.434Z,54805,1.19,5098000
2026-09-19T00:09:08.434Z,88121,136500,104800000
2026-09-19T00:09:08.434Z,50079,1104000000,24980000000
2026-09-19T00:09:08.434Z,17514,17070000,358500000
2026-09-19T00:09:08.434Z,43761,1711000,30000000
2026-09-19T00:09:08.434Z,33838,1560000000,1983000000
2026-09-19T00:09:08.434Z,40336,,1500000
2026-09-19T00:09:08.434Z,57342,15060000,598900000
2026-09-19T00:09:08.434Z,42569,41010000,201100000
2026-09-19T00:09:08.434Z,14536,3850000000,4405000000
2026-09-19T00:09:08.434Z,42587,111000000,270200000
2026-09-19T00:09:08.434Z,46844,300100,7999000
2026-09-19T00:09:08.434Z,85742,1110000000,2389000000
2026-09-19T00:09:08.434Z,95298,6608000,41030000
2026-09-19T00:09:08.434Z,35881,613500000,690000000
2026-09-19T00:09:08.434Z,15024,,476900000
2026-09-19T00:09:08.434Z,78822,90000000,543800000
2026-09-19T00:09:08.434Z,40337,100000,1500000
2026-09-19T00:09:08.434Z,34650,90850000,390900000
2026-09-19T00:09:08.434Z,21420,425.7,2992
2026-09-19T00:09:08.434Z,34757,52000000,1280000000
2026-09-19T00:09:08.434Z,77868,53010000,119700000
2026-09-19T00:09:08.434Z,21414,41610,89900
2026-09-19T00:09:08.434Z,46888,552.4,2859000
2026-09-19T00:09:08.434Z,13881,514500,2618000
2026-09-19T00:09:08.434Z,14423,600000,643500000
2026-09-19T00:09:08.434Z,79609,21000000,49900000
2026-09-19T00:09:08.434Z,19745,1002000,6900000
2026-09-19T00:09:08.434Z,19299,66330000,114800000
2026-09-19T00:09:08.434Z,93484,42010000,70000000
2026-09-19T00:09:08.434Z,33045,250100,2000000
2026-09-19T00:09:08.434Z,54785,7908,8800
2026-09-19T00:09:08.434Z,43888,581700000,794800000
2026-09-19T00:09:08.434Z,36488,76000000,1250000000
2026-09-19T00:09:08.434Z,42,1023,17000
2026-09-19T00:09:08.434Z,1204,10,2645000
2026-09-19T00:09:08.434Z,45809,24140000,45810000
2026-09-19T00:09:08.434Z,14381,2314000,2498000000
2026-09-19T00:09:08.434Z,21426,2015,6400
2026-09-19T00:09:08.434Z,28661,838400000,900300000
2026-09-19T00:09:08.434Z,46774,304000,1999000
2026-09-19T00:09:08.434Z,63123,2510000,202400000
2026-09-19T00:09:08.434Z,40597,9998000,998800000
2026-09-19T00:09:08.434Z,40587,110100000,997000000
2026-09-19T00:09:08.434Z,50075,1000000,12590000000
2026-09-19T00:09:08.434Z,34643,11770000,635000000
2026-09-19T00:09:08.434Z,73372,110200,599700
2026-09-19T00:09:08.434Z,52410,106.1,319900
2026-09-19T00:09:08.434Z,48577,9100000,124900000
2026-09-19T00:09:08.434Z,46121,161900,990000000
2026-09-19T00:09:08.434Z,54444,10440000,313000000
2026-09-19T00:09:08.434Z,938,303900,3900000
2026-09-19T00:09:08.434Z,26902,1103000,2481000
2026-09-19T00:09:08.434Z,56973,1,169900
2026-09-19T00:09:08.434Z,60028,76440000,1049000000
2026-09-19T00:09:08.434Z,46730,,1200000000
2026-09-19T00:09:08.434Z,34700,5000000,226400000
2026-09-19T00:09:08.434Z,34046,151400000,1824000000
2026-09-19T00:09:08.434Z,84940,,439900000
2026-09-19T00:09:08.434Z,93145,161000000,368700000
2026-09-19T00:09:08.434Z,41117,35000000,193500000
2026-09-19T00:09:08.434Z,11487,70000000,389400000000
2026-09-19T00:09:08.434Z,17143,104000,6898000
2026-09-19T00:09:08.434Z,83279,10000,259900
2026-09-19T00:09:08.434Z,21302,100200000,429700000
2026-09-19T00:09:08.434Z,91415,123.5,3280000
2026-09-19T00:09:08.434Z,52434,415500000,3880000000
2026-09-19T00:09:08.434Z,36768,97500000,1739000000
2026-09-19T00:09:08.434Z,43667,1255000000,5100000000
2026-09-19T00:09:08.434Z,46896,2828000,4850000
2026-09-19T00:09:08.434Z,55658,1000,97840
2026-09-19T00:09:08.434Z,40501,,499900000
2026-09-19T00:09:08.434Z,451,1003,16440
2026-09-19T00:09:08.434Z,57307,100000000,199500000
2026-09-19T00:09:08.434Z,46090,100200,649800000
2026-09-19T00:09:08.434Z,46105,11000000,798300000
2026-09-19T00:09:08.434Z,42646,83000000,503700000
2026-09-19T00:09:08.434Z,46100,100000,449000000
2026-09-19T00:09:08.434Z,43856,290300000,449900000
2026-09-19T00:09:08.434Z,34638,180000000,294900000
2026-09-19T00:09:08.434Z,50040,,24900000
2026-09-19T00:09:08.434Z,15757,45670000,58410000
2026-09-19T00:09:08.434Z,43754,100,14670000
2026-09-19T00:09:08.434Z,19217,100000,4800000
2026-09-19T00:09:08.434Z,46968,400000,8798000
2026-09-19T00:09:08.434Z,82359,10000,1075000
2026-09-19T00:09:08.434Z,90072,90000,96550
2026-09-19T00:09:08.434Z,87768,250100,5000000
2026-09-19T00:09:08.434Z,46128,11320000,499900000
2026-09-19T00:09:08.434Z,28807,989100000,1350000000
2026-09-19T00:09:08.434Z,60027,,798700000
2026-09-19T00:09:08.434Z,31634,900000,1161000
2026-09-19T00:09:08.434Z,82485,10000,293300
2026-09-19T00:09:08.434Z,18740,6140,1579000
2026-09-19T00:09:08.434Z,27085,300300,603200
2026-09-19T00:09:08.434Z,83339,10100,4283000
2026-09-19T00:09:08.434Z,48137,1000000,124000000
2026-09-19T00:09:08.434Z,46123,,409700000
2026-09-19T00:09:08.434Z,42153,1128000,897700000
2026-09-19T00:09:08.434Z,34675,502700000,2897000000
2026-09-19T00:09:08.434Z,4194,1810000,87810000
2026-09-19T00:09:08.434Z,31043,52110000,393600000
2026-09-19T00:09:08.434Z,91621,46010000,69000000
2026-09-19T00:09:08.434Z,56593,8353000,17500000
2026-09-19T00:09:08.434Z,56792,1368,1165000
2026-09-19T00:09:08.434Z,31137,1502000,4830000
2026-09-19T00:09:08.434Z,21667,16000000,16800000
2026-09-19T00:09:08.434Z,45760,125000,1960000
2026-09-19T00:09:08.434Z,834,1000,25000
2026-09-19T00:09:08.434Z,40635,55630000,213000000
2026-09-19T00:09:08.434Z,47496,528500,20000000
2026-09-19T00:09:08.434Z,14784,1615000000,4097000000
2026-09-19T00:09:08.434Z,60759,99990000,131800000
2026-09-19T00:09:08.434Z,88545,10000,731800
2026-09-19T00:09:08.434Z,73458,500000,1499000
2026-09-19T00:09:08.434Z,40694,1544000000,5080000000
2026-09-19T00:09:08.434Z,11978,115000000,135200000
2026-09-19T00:09:08.434Z,34086,3905000,77060000
2026-09-19T00:09:08.434Z,42167,1,219900000
2026-09-19T00:09:08.434Z,46733,24690000,1598000000
2026-09-19T00:09:08.434Z,45896,3024000,15920000
2026-09-19T00:09:08.434Z,59226,378400000,8895000000
2026-09-19T00:09:08.434Z,64597,191000000,420000000
2026-09-19T00:09:08.434Z,37153,981200000,1850000000
2026-09-19T00:09:08.434Z,41158,15100000,188000000
2026-09-19T00:09:08.434Z,46187,1000000,10070000
2026-09-19T00:09:08.434Z,62480,1593,2648
2026-09-19T00:09:08.434Z,33405,272500000,298300000
2026-09-19T00:09:08.434Z,13780,16200000,49000000
2026-09-19T00:09:08.434Z,42201,85710000,101500000
2026-09-19T00:09:08.434Z,41379,25080000,283300000
2026-09-19T00:09:08.434Z,15605,4001000,4700000
2026-09-19T00:09:08.434Z,46092,103200,440400000
2026-09-19T00:09:08.434Z,95534,,250000
2026-09-19T00:09:08.434Z,42200,52000000,57670000
2026-09-19T00:09:08.434Z,2374,101.2,300000
2026-09-19T00:09:08.434Z,3420,3128,249900
2026-09-19T00:09:08.434Z,37221,223700000,420000000
2026-09-19T00:09:08.434Z,25233,5007,189800
2026-09-19T00:09:08.434Z,31722,1090000,1164000
2026-09-19T00:09:08.434Z,3444,69100,100000
2026-09-19T00:09:08.434Z,33058,7200000,11290000
2026-09-19T00:09:08.434Z,3327,300,29490
2026-09-19T00:09:08.434Z,17296,51000,10930000
2026-09-19T00:09:08.434Z,34740,3045000,40990000
2026-09-19T00:09:08.434Z,42154,,790000000
2026-09-19T00:09:08.434Z,42171,18250000,1199000000
2026-09-19T00:09:08.434Z,34756,150000000,1496000000
2026-09-19T00:09:08.434Z,42192,7305000,199400000
2026-09-19T00:09:08.434Z,28615,4101000,5500000
2026-09-19T00:09:08.434Z,82350,1000,1997000
2026-09-19T00:09:08.434Z,31446,5100000,70000000
2026-09-19T00:09:08.434Z,26366,480000,42900000
2026-09-19T00:09:08.434Z,11543,6023,6995
2026-09-19T00:09:08.434Z,46109,65000000,890000000
2026-09-19T00:09:08.434Z,44899,6573000,23080000
2026-09-19T00:09:08.434Z,45957,188600,1999000
2026-09-19T00:09:08.434Z,47683,5988000000,7604000000
2026-09-19T00:09:08.434Z,33519,1,38000000
2026-09-19T00:09:08.434Z,42193,2502000,226800000
2026-09-19T00:09:08.434Z,1948,3180,116800
2026-09-19T00:09:08.434Z,91961,47460000,90000000
2026-09-19T00:09:08.434Z,21344,,218
2026-09-19T00:09:08.434Z,83288,10000,3152000
2026-09-19T00:09:08.434Z,34727,4000000,96620000
2026-09-19T00:09:08.434Z,42184,200300000,499000000
2026-09-19T00:09:08.434Z,57064,707300,5994000
2026-09-19T00:09:08.434Z,45526,250000000,449300000
2026-09-19T00:09:08.434Z,92820,215.4,265.3
2026-09-19T00:09:08.434Z,26312,8201000,12190000
2026-09-19T00:09:08.434Z,53289,81240,189600
2026-09-19T00:09:08.434Z,33286,,58000000
2026-09-19T00:09:08.434Z,20779,16090,29650
2026-09-19T00:09:08.434Z,46094,11200,198200000
2026-09-19T00:09:08.434Z,47778,29420,100000
2026-09-19T00:09:08.434Z,45597,30020000,37760000
2026-09-19T00:09:08.434Z,48140,20000000,141800000
2026-09-19T00:09:08.434Z,19721,600100000,2102000000
2026-09-19T00:09:08.434Z,61535,81610000,900000000
2026-09-19T00:09:08.434Z,35886,120200000,177400000
2026-09-19T00:09:08.434Z,37576,2118000,70000000
2026-09-19T00:09:08.434Z,28272,10130000,12480000
2026-09-19T00:09:08.434Z,46988,45000000,59000000
2026-09-19T00:09:08.434Z,31517,,1500000
2026-09-19T00:09:08.434Z,26402,23590000,53230000
2026-09-19T00:09:08.434Z,33706,8212,11580
2026-09-19T00:09:08.434Z,34712,65600000,495400000
2026-09-19T00:09:08.434Z,85502,66990000,227200000
2026-09-19T00:09:08.434Z,57384,5728000,66500000
2026-09-19T00:09:08.434Z,47764,751,5330
2026-09-19T00:09:08.434Z,37175,250000000,19970000000
2026-09-19T00:09:08.434Z,3981,594000,890000
2026-09-19T00:09:08.434Z,37558,9000000,179600000
2026-09-19T00:09:08.434Z,22807,1017,150000
2026-09-19T00:09:08.434Z,83273,10000,69760
2026-09-19T00:09:08.434Z,43786,,89950000
2026-09-19T00:09:08.434Z,53363,50000,889200
2026-09-19T00:09:08.434Z,11248,9999,785000
2026-09-19T00:09:08.434Z,46530,7062000,999900000
2026-09-19T00:09:08.434Z,78911,350000000,500000000
2026-09-19T00:09:08.434Z,88465,10010,3069000
2026-09-19T00:09:08.434Z,21719,200500,1113000
2026-09-19T00:09:08.434Z,36817,5000000,28870000
2026-09-19T00:09:08.434Z,56955,315100000,749900000
2026-09-19T00:09:08.434Z,52703,70710000,999900000
2026-09-19T00:09:08.434Z,46692,16.52,2382000
2026-09-19T00:09:08.434Z,14980,760100000,1436000000
2026-09-19T00:09:08.434Z,33770,501500000,3486000000
2026-09-19T00:09:08.434Z,53894,581300000,814900000
2026-09-19T00:09:08.434Z,60664,100000,794000
2026-09-19T00:09:08.434Z,47004,1718000,11460000
2026-09-19T00:09:08.434Z,54219,78140000,250700000
2026-09-19T00:09:08.434Z,43767,,35000000
2026-09-19T00:09:08.434Z,83289,10000,555000
2026-09-19T00:09:08.434Z,72556,319100000,534000000
2026-09-19T00:09:08.434Z,89514,462700000,750000000
2026-09-19T00:09:08.434Z,37488,400000,1293000
2026-09-19T00:09:08.434Z,43687,,38800000
2026-09-19T00:09:08.434Z,3555,10000,1047000
2026-09-19T00:09:08.434Z,46809,892000,7301000
2026-09-19T00:09:08.434Z,17646,702100,2161000
2026-09-19T00:09:08.434Z,76954,146000000,400000000
2026-09-19T00:09:08.434Z,46533,6826000,6000000000
2026-09-19T00:09:08.434Z,45667,3022000,500000000
2026-09-19T00:09:08.434Z,3553,25250,525000
2026-09-19T00:09:08.434Z,44928,7340000,39000000
2026-09-19T00:09:08.434Z,45607,34000000,37070000
2026-09-19T00:09:08.434Z,12994,7441000,369000000
2026-09-19T00:09:08.434Z,33899,,2360000
2026-09-19T00:09:08.434Z,25893,,2360000
2026-09-19T00:09:08.434Z,47476,168400,1511000
2026-09-19T00:09:08.434Z,6715,10040,76000
2026-09-19T00:09:08.434Z,3955,466000,1102000
2026-09-19T00:09:08.434Z,42707,110000,1120000
2026-09-19T00:09:08.434Z,37148,275400000,650000000
2026-09-19T00:09:08.434Z,64033,1000000,1001000
2026-09-19T00:09:08.434Z,95541,2,1298000
2026-09-19T00:09:08.434Z,45819,134100,13000000
2026-09-19T00:09:08.434Z,4299,123000,1189000
2026-09-19T00:09:08.434Z,11574,3501000,4891000
2026-09-19T00:09:08.434Z,88639,4600000,24970000
2026-09-19T00:09:08.434Z,45850,1225000,9610000
2026-09-19T00:09:08.434Z,53436,128000000,167800000
2026-09-19T00:09:08.434Z,3496,795000,1013000
2026-09-19T00:09:08.434Z,88179,187000000,3200000000
2026-09-19T00:09:08.434Z,45982,72870000,142500000
2026-09-19T00:09:08.434Z,45972,3023000,30830000
2026-09-19T00:09:08.434Z,48751,300100000,445000000
2026-09-19T00:09:08.434Z,26110,,879500
2026-09-19T00:09:08.434Z,14222,37540000,51230000
2026-09-19T00:09:08.434Z,48486,2.02,87110000
2026-09-19T00:09:08.434Z,455,1940,32970
2026-09-19T00:09:08.434Z,31784,156300,1381000
2026-09-19T00:09:08.434Z,58768,33010,199100
2026-09-19T00:09:08.434Z,60195,400000000,1588000000
2026-09-19T00:09:08.434Z,32124,1000000,10850000
2026-09-19T00:09:08.434Z,25917,24990,1500000
2026-09-19T00:09:08.434Z,24693,189000,1887000000
2026-09-19T00:09:08.434Z,46913,1151,3960000
2026-09-19T00:09:08.434Z,63864,50.01,1680000
2026-09-19T00:09:08.434Z,43769,92900000,243000000
2026-09-19T00:09:08.434Z,44906,2032000,10040000
2026-09-19T00:09:08.434Z,45627,30220000,35470000
2026-09-19T00:09:08.434Z,3118,83530000,93780000
2026-09-19T00:09:08.434Z,14530,3538000000,4893000000
2026-09-19T00:09:08.434Z,33712,203500,406600
2026-09-19T00:09:08.434Z,31882,1538000,1663000
2026-09-19T00:09:08.434Z,20000,302.6,699.9
2026-09-19T00:09:08.434Z,22999,264.9,1369
2026-09-19T00:09:08.434Z,20839,808200,1379000
2026-09-19T00:09:08.434Z,83326,10000,178100
2026-09-19T00:09:08.434Z,89694,632000000,839000000
2026-09-19T00:09:08.434Z,42887,500000,10900000
2026-09-19T00:09:08.434Z,88534,1400000,7519000
2026-09-19T00:09:08.434Z,33788,23580000,369800000
2026-09-19T00:09:08.434Z,45580,100000,126100000
2026-09-19T00:09:08.434Z,92029,,580100
2026-09-19T00:09:08.434Z,15737,71080,575700
2026-09-19T00:09:08.434Z,12484,1874000,2565000
2026-09-19T00:09:08.434Z,47142,15060000,20210000
2026-09-19T00:09:08.434Z,10226,85070000,97400000
2026-09-19T00:09:08.434Z,92002,,17980
2026-09-19T00:09:08.434Z,45578,1000000,848800000
2026-09-19T00:09:08.434Z,43784,34940000,135800000
2026-09-19T00:09:08.434Z,83065,40000,69630
2026-09-19T00:09:08.434Z,27098,70000,149900
2026-09-19T00:09:08.434Z,45555,2000000,999000000
2026-09-19T00:09:08.434Z,12212,3540000,5899000
2026-09-19T00:09:08.434Z,62545,700.3,1173
2026-09-19T00:09:08.434Z,8007,3551,19450
2026-09-19T00:09:08.434Z,36956,32140000,186900000
2026-09-19T00:09:08.434Z,34170,156000000,954100000
2026-09-19T00:09:08.434Z,1190,400000,749400
2026-09-19T00:09:08.434Z,27191,511600,799800
2026-09-19T00:09:08.434Z,58887,12200,2998000
2026-09-19T00:09:08.434Z,85405,20000,1300000
2026-09-19T00:09:08.434Z,56897,100100,899800000
2026-09-19T00:09:08.434Z,32041,420.3,149700
2026-09-19T00:09:08.434Z,42723,251500000,1494000000
2026-09-19T00:09:08.434Z,45664,22500000,899900000
2026-09-19T00:09:08.434Z,42544,6100000,27990000
2026-09-19T00:09:08.434Z,45990,4000000,69960000
2026-09-19T00:09:08.434Z,46156,6037000,36900000
2026-09-19T00:09:08.434Z,36386,67510000,900000000
2026-09-19T00:09:08.434Z,78779,353100,1199000
2026-09-19T00:09:08.434Z,34181,3610000,21730000
2026-09-19T00:09:08.434Z,41119,214500000,660000000
2026-09-19T00:09:08.434Z,42679,150000000,1335000000
2026-09-19T00:09:08.434Z,34432,334000,2000000
2026-09-19T00:09:08.434Z,7373,45000,66960
2026-09-19T00:09:08.434Z,28797,109400000,125700000
2026-09-19T00:09:08.434Z,19416,40150000,40890000
2026-09-19T00:09:08.434Z,20943,1000,15950
2026-09-19T00:09:08.434Z,33526,252400000,299000000
2026-09-19T00:09:08.434Z,90600,405000,3727000
2026-09-19T00:09:08.434Z,12213,100300,754500
2026-09-19T00:09:08.434Z,95477,300000000,5000000000
2026-09-19T00:09:08.434Z,22176,5000,365000
2026-09-19T00:09:08.434Z,93905,838200000,997000000
2026-09-19T00:09:08.434Z,33836,675900000,1250000000
2026-09-19T00:09:08.434Z,17295,4528000,44990000
2026-09-19T00:09:08.434Z,47311,13250000,101200000
2026-09-19T00:09:08.434Z,37889,10000,131000
2026-09-19T00:09:08.434Z,43760,40040000,100000000
2026-09-19T00:09:08.434Z,28786,60100000,94900000
2026-09-19T00:09:08.434Z,43812,88390000,350000000
2026-09-19T00:09:08.434Z,61870,2159,8008000
2026-09-19T00:09:08.434Z,43806,,70000000
2026-09-19T00:09:08.434Z,43802,1000000,53000000
2026-09-19T00:09:08.434Z,2290,,850000
2026-09-19T00:09:08.434Z,45544,251000000,449900000
2026-09-19T00:09:08.434Z,79610,95170000,169900000
2026-09-19T00:09:08.434Z,63771,100000,397900
2026-09-19T00:09:08.434Z,46972,9000,4862000
2026-09-19T00:09:08.434Z,62551,725,1000
2026-09-19T00:09:08.434Z,43810,248000000,400000000
2026-09-19T00:09:08.434Z,91416,220000,4000000
2026-09-19T00:09:08.434Z,33037,90000,3200000
2026-09-19T00:09:08.434Z,88665,1000,646000
2026-09-19T00:09:08.434Z,4243,64440000,124100000
2026-09-19T00:09:08.434Z,46898,14490,2332000
2026-09-19T00:09:08.434Z,41511,150200,143800000
2026-09-19T00:09:08.434Z,31540,,2155000
2026-09-19T00:09:08.434Z,32260,170000000,222100000
2026-09-19T00:09:08.434Z,55602,400,381000
2026-09-19T00:09:08.434Z,4147,1023000,2379000
2026-09-19T00:09:08.434Z,19689,102000000,109700000
2026-09-19T00:09:08.434Z,59185,200100,250600
2026-09-19T00:09:08.434Z,31191,10420,1266000
2026-09-19T00:09:08.434Z,42715,2778,2789000
2026-09-19T00:09:08.434Z,61874,13050000,36000000
2026-09-19T00:09:08.434Z,14996,2281000000,4872000000
2026-09-19T00:09:08.434Z,44152,150400,3199000
2026-09-19T00:09:08.434Z,64204,7162,477000000
2026-09-19T00:09:08.434Z,14846,,6344000000
2026-09-19T00:09:08.434Z,47903,18360000,21580000
2026-09-19T00:09:08.434Z,79762,59480000,99940000
2026-09-19T00:09:08.434Z,606,2001,19350
2026-09-19T00:09:08.434Z,15192,1181000,249900000
2026-09-19T00:09:08.434Z,20579,5109000,10890000
2026-09-19T00:09:08.434Z,54806,1.19,4099000
2026-09-19T00:09:08.434Z,15743,73270000,91000000
2026-09-19T00:09:08.434Z,30545,3850000,6400000
2026-09-19T00:09:08.434Z,56971,50000,900000
2026-09-19T00:09:08.434Z,30551,2302000,9897000
2026-09-19T00:09:08.434Z,88105,4.02,272
2026-09-19T00:09:08.434Z,30554,3604000,5299000
2026-09-19T00:09:08.434Z,14701,208500000,749000000
2026-09-19T00:09:08.434Z,19406,553800,570500
2026-09-19T00:09:08.434Z,48580,12070000,2495000000
2026-09-19T00:09:08.434Z,49673,116700,747200
2026-09-19T00:09:08.434Z,40715,35930000,77910000
2026-09-19T00:09:08.434Z,33155,121000000,134200000
2026-09-19T00:09:08.434Z,31056,,1800000
2026-09-19T00:09:08.434Z,31036,,1800000
2026-09-19T00:09:08.434Z,31086,,1800000
2026-09-19T00:09:08.434Z,31074,100000,1790000
2026-09-19T00:09:08.434Z,31066,,1800000
2026-09-19T00:09:08.434Z,31024,,1800000
2026-09-19T00:09:08.434Z,31012,,1800000
2026-09-19T00:09:08.434Z,31493,,1789000
2026-09-19T00:09:08.434Z,31518,,210900000
2026-09-19T00:09:08.434Z,52865,1011000,1500000000
2026-09-19T00:09:08.434Z,14387,635900,330600000
2026-09-19T00:09:08.434Z,31484,733600,989900
2026-09-19T00:09:08.434Z,8815,21150,238400
2026-09-19T00:09:08.434Z,4367,600000000,1700000000
2026-09-19T00:09:08.434Z,84175,2200000,6798000
2026-09-19T00:09:08.434Z,93476,32050000,150000000
2026-09-19T00:09:08.434Z,28744,69110000,77600000
2026-09-19T00:09:08.434Z,23850,5061000,35000000
2026-09-19T00:09:08.434Z,88120,31300000,75700000
2026-09-19T00:09:08.434Z,47516,1,89500000000
2026-09-19T00:09:08.434Z,79760,426700000,880000000
2026-09-19T00:09:08.434Z,17939,1215,263900
2026-09-19T00:09:08.434Z,89659,44110000,119500000
2026-09-19T00:09:08.434Z,15122,410300,882200000
2026-09-19T00:09:08.434Z,6633,924.6,4445
2026-09-19T00:09:08.434Z,93469,21000000,70000000
2026-09-19T00:09:08.434Z,91136,930000000,1600000000
2026-09-19T00:09:08.434Z,43796,54000000,145000000
2026-09-19T00:09:08.434Z,21947,29370000,45340000
2026-09-19T00:09:08.434Z,20949,18.18,250
2026-09-19T00:09:08.434Z,34359,7620000,23630000
2026-09-19T00:09:08.434Z,48506,72770000,206400000
2026-09-19T00:09:08.434Z,92379,26200000,100000000
2026-09-19T00:09:08.434Z,45609,33690000,37990000
2026-09-19T00:09:08.434Z,27069,,1050000
2026-09-19T00:09:08.434Z,31010,,1140000
2026-09-19T00:09:08.434Z,31491,,890000
2026-09-19T00:09:08.434Z,31479,,979900
2026-09-19T00:09:08.434Z,31455,,1037000
2026-09-19T00:09:08.434Z,48952,,20000000
2026-09-19T00:09:08.434Z,89120,10100000,109600000
2026-09-19T00:09:08.434Z,42709,10000000,88000000
2026-09-19T00:09:08.434Z,48953,1,30000000
2026-09-19T00:09:08.434Z,15800,24310000,74630000
2026-09-19T00:09:08.434Z,23731,7119,8750
2026-09-19T00:09:08.434Z,46017,229400000,5940000000
2026-09-19T00:09:08.434Z,81023,19310000,67000000
2026-09-19T00:09:08.434Z,46251,5256000,10420000
2026-09-19T00:09:08.434Z,43798,16500000,160000000
2026-09-19T00:09:08.434Z,48760,200100000,449900000
2026-09-19T00:09:08.434Z,55297,100,100.1
2026-09-19T00:09:08.434Z,41390,,51000000
2026-09-19T00:09:08.434Z,46310,200.6,2398
2026-09-19T00:09:08.434Z,41393,,51000000
2026-09-19T00:09:08.434Z,28689,40150,100000
2026-09-19T00:09:08.434Z,3449,55.01,29490
2026-09-19T00:09:08.434Z,32226,66000000,197000000
2026-09-19T00:09:08.434Z,54920,4675000,2190000000
2026-09-19T00:09:08.434Z,91108,,124400000
2026-09-19T00:09:08.434Z,41394,,51000000
2026-09-19T00:09:08.434Z,85930,149100000,209700000
2026-09-19T00:09:08.434Z,43696,129400000,375000000
2026-09-19T00:09:08.434Z,60923,5403000,34000000
2026-09-19T00:09:08.434Z,978,57990000,91850000
2026-09-19T00:09:08.434Z,54369,22000000,45000000
2026-09-19T00:09:08.434Z,45889,301000,1783000
2026-09-19T00:09:08.434Z,87853,1440000000,3199000000
2026-09-19T00:09:08.434Z,26109,24990,1500000
2026-09-19T00:09:08.434Z,2042,61000,229800000
2026-09-19T00:09:08.434Z,21561,2211000,25730000
2026-09-19T00:09:08.434Z,42188,11280000,399000000
2026-09-19T00:09:08.434Z,23506,19000,69780
2026-09-19T00:09:08.434Z,52748,400000000,1095000000
2026-09-19T00:09:08.434Z,22572,32350,73540
2026-09-19T00:09:08.434Z,25901,,2360000
2026-09-19T00:09:08.434Z,25899,,2360000
2026-09-19T00:09:08.434Z,25891,100000,2360000
2026-09-19T00:09:08.434Z,25975,,2279000
2026-09-19T00:09:08.434Z,25969,,2349000
2026-09-19T00:09:08.434Z,25981,,2349000
2026-09-19T00:09:08.434Z,25979,,2218000
2026-09-19T00:09:08.434Z,25971,,2369000
2026-09-19T00:09:08.434Z,25897,,2360000
2026-09-19T00:09:08.434Z,25977,,2360000
2026-09-19T00:09:08.434Z,40743,,3345000
2026-09-19T00:09:08.434Z,47258,21410000,23900000
2026-09-19T00:09:08.434Z,3347,5900000,6800000000
2026-09-19T00:09:08.434Z,55542,10000,98610
2026-09-19T00:09:08.434Z,83381,20000,3448000
2026-09-19T00:09:08.434Z,83344,10000,2672000
2026-09-19T00:09:08.434Z,83321,20000,426100
2026-09-19T00:09:08.434Z,88460,1000,200000
2026-09-19T00:09:08.434Z,12262,100000,10350000
2026-09-19T00:09:08.434Z,3413,1013,24980
2026-09-19T00:09:08.434Z,42572,131000000,579800000
2026-09-19T00:09:08.434Z,15317,10330,11460
2026-09-19T00:09:08.434Z,46858,257600,14830000
2026-09-19T00:09:08.434Z,48502,3002000,22950000
2026-09-19T00:09:08.434Z,47305,441600,30210000
2026-09-19T00:09:08.434Z,91945,10650000,17740000
2026-09-19T00:09:08.434Z,37521,605400000,4669000000
2026-09-19T00:09:08.434Z,46114,209000000,339000000
2026-09-19T00:09:08.434Z,1404,5000,57000
2026-09-19T00:09:08.434Z,28413,280100,2749000
2026-09-19T00:09:08.434Z,43510,260100000,500000000
2026-09-19T00:09:08.434Z,43873,970600000,1825000000
2026-09-19T00:09:08.434Z,79006,265100000,638200000
2026-09-19T00:09:08.434Z,48727,26760000,299900000
2026-09-19T00:09:08.434Z,33030,50000,4900000
2026-09-19T00:09:08.434Z,820,1000,100000
2026-09-19T00:09:08.434Z,28443,220900,261100
2026-09-19T00:09:08.434Z,2486,7683,8745
2026-09-19T00:09:08.434Z,40701,1,4990000
2026-09-19T00:09:08.434Z,2028,,273000000
2026-09-19T00:09:08.434Z,79758,221000000,441800000
2026-09-19T00:09:08.434Z,940,901000,3955000
2026-09-19T00:09:08.434Z,14936,453800000,997200000
2026-09-19T00:09:08.434Z,31598,185200,226900
2026-09-19T00:09:08.434Z,31678,57640000,87740000
2026-09-19T00:09:08.434Z,825,10000,700000
2026-09-19T00:09:08.434Z,20188,751300000,2043000000
2026-09-19T00:09:08.434Z,63201,70000000,800000000
2026-09-19T00:09:08.434Z,41683,48740000,348800000
2026-09-19T00:09:08.434Z,59200,306000000,667900000
2026-09-19T00:09:08.434Z,17743,,193800
2026-09-19T00:09:08.434Z,87607,3200,84990000
2026-09-19T00:09:08.434Z,56195,250100000,2497000000
2026-09-19T00:09:08.434Z,1067,100000,400000
2026-09-19T00:09:08.434Z,14358,700,700.1
2026-09-19T00:09:08.434Z,12067,25020,1700000
2026-09-19T00:09:08.434Z,36392,25000000,949000000
2026-09-19T00:09:08.434Z,45502,2269,1001000
2026-09-19T00:09:08.434Z,15459,15990000,18000000
2026-09-19T00:09:08.434Z,57120,177100000,217700000
2026-09-19T00:09:08.434Z,37291,46610000,76560000
2026-09-19T00:09:08.434Z,46814,25000,1478000
2026-09-19T00:09:08.434Z,31162,9999,850000
2026-09-19T00:09:08.434Z,28772,50760000,99000000
2026-09-19T00:09:08.434Z,33727,230100000,1595000000
2026-09-19T00:09:08.434Z,55558,67320,590000
2026-09-19T00:09:08.434Z,16690,151400,2830000
2026-09-19T00:09:08.434Z,15248,485400,465200000
2026-09-19T00:09:08.434Z,3160,21,3250000
2026-09-19T00:09:08.434Z,42244,92200000,100200000
2026-09-19T00:09:08.434Z,28774,20760000,54000000
2026-09-19T00:09:08.434Z,16689,6609000,12710000
2026-09-19T00:09:08.434Z,13237,15270000,16990000
2026-09-19T00:09:08.434Z,46953,3001,605000
2026-09-19T00:09:08.434Z,55679,5000,99990
2026-09-19T00:09:08.434Z,46810,552600,3950000
2026-09-19T00:09:08.434Z,22577,6000,350000
2026-09-19T00:09:08.434Z,63694,5227000,1427000000
2026-09-19T00:09:08.434Z,25348,105000,3040000
2026-09-19T00:09:08.434Z,92026,,825100
2026-09-19T00:09:08.434Z,45510,4269,30000
2026-09-19T00:09:08.434Z,56888,178300000,384800000
2026-09-19T00:09:08.434Z,3727,3349,94750
2026-09-19T00:09:08.434Z,92003,,449100
2026-09-19T00:09:08.434Z,82580,30190000,242600000
2026-09-19T00:09:08.434Z,56972,10000,497700
2026-09-19T00:09:08.434Z,25913,24990,1500000
2026-09-19T00:09:08.434Z,85242,,288400000
2026-09-19T00:09:08.434Z,36505,,512400000
2026-09-19T00:09:08.434Z,52430,290000000,2400000000
2026-09-19T00:09:08.434Z,52561,354800000,1989000000
2026-09-19T00:09:08.434Z,92661,2200000,32000000
2026-09-19T00:09:08.434Z,28520,22080000,399700000
2026-09-19T00:09:08.434Z,93075,170700000,262100000
2026-09-19T00:09:08.434Z,15838,24930,7900000
2026-09-19T00:09:08.434Z,62671,1,300000000
2026-09-19T00:09:08.434Z,41271,5510,8258
2026-09-19T00:09:08.434Z,63862,100000,901700
2026-09-19T00:09:08.434Z,62677,,912750000
2026-09-19T00:09:08.434Z,31742,73040,111100
2026-09-19T00:09:08.434Z,14707,5335000000,6894000000
2026-09-19T00:09:08.434Z,82183,1810000000,2230000000
2026-09-19T00:09:08.434Z,32927,519300000,1050000000
2026-09-19T00:09:08.434Z,60290,101000,3842000
2026-09-19T00:09:08.434Z,90894,1606,5950000
2026-09-19T00:09:08.434Z,15923,200100,999900
2026-09-19T00:09:08.434Z,40598,3500000,24500000
2026-09-19T00:09:08.434Z,19173,154300000,189700000
2026-09-19T00:09:08.434Z,45910,118100,9119000
2026-09-19T00:09:08.434Z,27778,3852000,29000000
2026-09-19T00:09:08.434Z,84688,212300000,399900000
2026-09-19T00:09:08.434Z,497,535300,1123000
2026-09-19T00:09:08.434Z,31440,14660000,77290000
2026-09-19T00:09:08.434Z,31236,25200,74990000
2026-09-19T00:09:08.434Z,31474,0.01,2186000
2026-09-19T00:09:08.434Z,70842,2959000000,4949000000
2026-09-19T00:09:08.434Z,692,45080000,118400000
2026-09-19T00:09:08.434Z,3806,6614,40900
2026-09-19T00:09:08.434Z,34059,81010000,2979000000
2026-09-19T00:09:08.434Z,55298,71280,71290
2026-09-19T00:09:08.434Z,14467,30450000,31990000000
2026-09-19T00:09:08.434Z,25935,120000,1743000
2026-09-19T00:09:08.434Z,70848,530100000,2775000000
2026-09-19T00:09:08.434Z,13245,14800000,15580000
2026-09-19T00:09:08.434Z,46426,171900000,3440000000
2026-09-19T00:09:08.434Z,13217,15280000,16990000
2026-09-19T00:09:08.434Z,3395,100,70000
2026-09-19T00:09:08.434Z,92575,5005000,145000000
2026-09-19T00:09:08.434Z,55609,28000,97990
2026-09-19T00:09:08.434Z,43906,24990,1992000
2026-09-19T00:09:08.434Z,46660,401000000,5500000000
2026-09-19T00:09:08.434Z,58787,67000000,2400000000
2026-09-19T00:09:08.434Z,45869,501200,2397000
2026-09-19T00:09:08.434Z,1076,,30000
2026-09-19T00:09:08.434Z,28729,43900000,62300000
2026-09-19T00:09:08.434Z,85455,2203000,6798000
2026-09-19T00:09:08.434Z,27091,10000,641200
2026-09-19T00:09:08.434Z,53209,1300000,24810000
2026-09-19T00:09:08.434Z,91403,100,200000
2026-09-19T00:09:08.434Z,52640,21100000,1339000000
2026-09-19T00:09:08.434Z,15086,802700000,1993000000
2026-09-19T00:09:08.434Z,14849,,400000000
2026-09-19T00:09:08.434Z,88479,50000,8433000
2026-09-19T00:09:08.434Z,35947,28010000,30890000
2026-09-19T00:09:08.434Z,20040,261.2,628.1
2026-09-19T00:09:08.434Z,12092,150000,2900000
2026-09-19T00:09:08.434Z,62033,1.01,1600000
2026-09-19T00:09:08.434Z,28840,100000,28780000
2026-09-19T00:09:08.434Z,15160,,448700000
2026-09-19T00:09:08.434Z,52315,6106,38750
2026-09-19T00:09:08.434Z,27247,40040000,129800000
2026-09-19T00:09:08.434Z,14902,194700000,258000000
2026-09-19T00:09:08.434Z,13797,606400,5601000
2026-09-19T00:09:08.434Z,43797,23550000,49000000
2026-09-19T00:09:08.434Z,75270,142000000,240000000
2026-09-19T00:09:08.434Z,87510,600400000,950000000
2026-09-19T00:09:08.434Z,14786,1898000000,3500000000
2026-09-19T00:09:08.434Z,89116,23820,967900
2026-09-19T00:09:08.434Z,15170,5233000000,13990000000
2026-09-19T00:09:08.434Z,43920,282000000,385000000
2026-09-19T00:09:08.434Z,15790,24350000,26120000
2026-09-19T00:09:08.434Z,23534,6002,200000
2026-09-19T00:09:08.434Z,31385,7500,1499000
2026-09-19T00:09:08.434Z,46313,2573,49990
2026-09-19T00:09:08.434Z,59312,297200000,442300000
2026-09-19T00:09:08.434Z,88043,224400,4987000
2026-09-19T00:09:08.434Z,2537,6551,57560
2026-09-19T00:09:08.434Z,60239,15010,2000000
2026-09-19T00:09:08.434Z,85526,57460,6000000
2026-09-19T00:09:08.434Z,62372,260100000,915100000
2026-09-19T00:09:08.434Z,82584,21380000,206200000
2026-09-19T00:09:08.434Z,83364,20010,11990000
2026-09-19T00:09:08.434Z,85013,3334000,3335000000
2026-09-19T00:09:08.434Z,17940,504200,1290000
2026-09-19T00:09:08.434Z,24642,50250000,108400000
2026-09-19T00:09:08.434Z,31276,961000,1245000
2026-09-19T00:09:08.434Z,21666,6260000,16750000
2026-09-19T00:09:08.434Z,21803,12250000,22900000
2026-09-19T00:09:08.434Z,11640,388600,502000
2026-09-19T00:09:08.434Z,88788,131000000,2487000000
2026-09-19T00:09:08.434Z,55518,1003,875000
2026-09-19T00:09:08.434Z,78889,350000000,419900000
2026-09-19T00:09:08.434Z,47044,80000,1787000
2026-09-19T00:09:08.434Z,82957,80000,299800
2026-09-19T00:09:08.434Z,34676,,188600000
2026-09-19T00:09:08.434Z,95292,37230000,97800000
2026-09-19T00:09:08.434Z,32870,,5255000
2026-09-19T00:09:08.434Z,20827,76920,1000000
2026-09-19T00:09:08.434Z,53668,626000000,1600000000
2026-09-19T00:09:08.434Z,33404,226200000,292600000
2026-09-19T00:09:08.434Z,3428,100,98000
2026-09-19T00:09:08.434Z,54754,2305000000,2826000000
2026-09-19T00:09:08.434Z,29620,,11410
2026-09-19T00:09:08.434Z,52632,63270000,842000000
2026-09-19T00:09:08.434Z,25921,24990,1350000
2026-09-19T00:09:08.434Z,44917,1505000,14290000
2026-09-19T00:09:08.434Z,53625,30320000,224900000
2026-09-19T00:09:08.434Z,78412,70000000,678100000
2026-09-19T00:09:08.434Z,42739,27700000,139900000
2026-09-19T00:09:08.434Z,19687,110200000,120100000
2026-09-19T00:09:08.434Z,2008,61000,499200000
2026-09-19T00:09:08.434Z,62227,76000000,615000000
2026-09-19T00:09:08.434Z,62486,2010,4000
2026-09-19T00:09:08.434Z,41118,141200000,470700000
2026-09-19T00:09:08.434Z,93474,27050000,70000000
2026-09-19T00:09:08.434Z,27902,10210,124000
2026-09-19T00:09:08.434Z,40668,45010000,164400000
2026-09-19T00:09:08.434Z,6761,220000,1000000
2026-09-19T00:09:08.434Z,47737,512200,1479000
2026-09-19T00:09:08.434Z,615,5511000000,6000000000
2026-09-19T00:09:08.434Z,91251,301400000,882000000
2026-09-19T00:09:08.434Z,41472,501200000,968500000
2026-09-19T00:09:08.434Z,89690,360000000,468000000
2026-09-19T00:09:08.434Z,43820,56000000,79990000
2026-09-19T00:09:08.434Z,13886,400700,1400000
2026-09-19T00:09:08.434Z,23035,637.5,1195
2026-09-19T00:09:08.434Z,81014,25000000,297700000
2026-09-19T00:09:08.434Z,76294,3078000000,30000000000
2026-09-19T00:09:08.434Z,3454,500.1,523200
2026-09-19T00:09:08.434Z,45796,11310000,45000000
2026-09-19T00:09:08.434Z,43824,110000000,699900000
2026-09-19T00:09:08.434Z,70845,172000000,7552000000
2026-09-19T00:09:08.434Z,45824,507800,1700000
2026-09-19T00:09:08.434Z,12559,60020,79900
2026-09-19T00:09:08.434Z,43864,967000000,1875000000
2026-09-19T00:09:08.434Z,20055,21.12,819.9
2026-09-19T00:09:08.434Z,46125,95450000,790000000
2026-09-19T00:09:08.434Z,43724,749600000,975000000
2026-09-19T00:09:08.434Z,48837,1254000,699800000
2026-09-19T00:09:08.434Z,17449,276.6,594.5
2026-09-19T00:09:08.434Z,47102,98030000,400000000
2026-09-19T00:09:08.434Z,12356,260700,2875000
2026-09-19T00:09:08.434Z,44156,161300,2900000
2026-09-19T00:09:08.434Z,15156,4255000000,4779000000
2026-09-19T00:09:08.434Z,41249,60140000,73320000
2026-09-19T00:09:08.434Z,82395,20000,2048000
2026-09-19T00:09:08.434Z,683,501000,2550000
2026-09-19T00:09:08.434Z,62514,5638,9934
2026-09-19T00:09:08.434Z,56190,9999000,3000000000
2026-09-19T00:09:08.434Z,92802,10010000,3334000000
2026-09-19T00:09:08.434Z,93482,72010000,150000000
2026-09-19T00:09:08.434Z,81615,70110000,599900000
2026-09-19T00:09:08.434Z,37601,5000000000,19490000000
2026-09-19T00:09:08.434Z,62230,15900000,649000000
2026-09-19T00:09:08.434Z,30537,,5400000
2026-09-19T00:09:08.434Z,685,100100,2350000
2026-09-19T00:09:08.434Z,62391,40500,46500
2026-09-19T00:09:08.434Z,14676,4937000000,6460000000
2026-09-19T00:09:08.434Z,14610,10710000,1490000000
2026-09-19T00:09:08.434Z,28429,1500,2998
2026-09-19T00:09:08.434Z,56977,1000,174900
2026-09-19T00:09:08.434Z,32947,895200000,1200000000
2026-09-19T00:09:08.434Z,46707,201100,1890000
2026-09-19T00:09:08.434Z,12865,50.12,296.9
2026-09-19T00:09:08.434Z,13232,1149000,9784000
2026-09-19T00:09:08.434Z,20446,18280000,80990000
2026-09-19T00:09:08.434Z,33798,143000000,539000000
2026-09-19T00:09:08.434Z,687,58370000,82500000
2026-09-19T00:09:08.434Z,4149,78080000,298900000
2026-09-19T00:09:08.434Z,36810,80000000,735000000
2026-09-19T00:09:08.434Z,34825,100100000,1870000000
2026-09-19T00:09:08.434Z,23130,883600,3358000
2026-09-19T00:09:08.434Z,77872,41000000,87000000
2026-09-19T00:09:08.434Z,45527,45370000,499600000
2026-09-19T00:09:08.434Z,1176,500200,3840000
2026-09-19T00:09:08.434Z,27600,588600000,1100000000
2026-09-19T00:09:08.434Z,45011,999900,50000000
2026-09-19T00:09:08.434Z,3394,10200,200000
2026-09-19T00:09:08.434Z,23848,6114000,11960000
2026-09-19T00:09:08.434Z,31654,285300000,451100000
2026-09-19T00:09:08.434Z,3207,22520000,100100000
2026-09-19T00:09:08.434Z,36380,37200000,7200000000
2026-09-19T00:09:08.434Z,31272,29000,27490000
2026-09-19T00:09:08.434Z,41441,402100000,676700000
2026-09-19T00:09:08.434Z,33218,12000000,175000000
2026-09-19T00:09:08.434Z,59217,,2990000000
2026-09-19T00:09:08.434Z,57065,21470000,1961000000
2026-09-19T00:09:08.434Z,45015,10430000,619100000
2026-09-19T00:09:08.434Z,60563,310200,1000000
2026-09-19T00:09:08.434Z,43886,583600000,1297000000
2026-09-19T00:09:08.434Z,52417,129000000,12900000000
2026-09-19T00:09:08.434Z,27327,547.3,628
2026-09-19T00:09:08.434Z,33809,3000000000,19000000000
2026-09-19T00:09:08.434Z,33772,7503000,550000000
2026-09-19T00:09:08.434Z,14982,1348000000,2588000000
2026-09-19T00:09:08.434Z,59233,525300000,3322000000
2026-09-19T00:09:08.434Z,53137,24000000,240000000
2026-09-19T00:09:08.434Z,45564,11650,547900000
2026-09-19T00:09:08.434Z,15036,230900000,505000000
2026-09-19T00:09:08.434Z,93695,2050000,99990000
2026-09-19T00:09:08.434Z,52780,26310000,4199000000
2026-09-19T00:09:08.434Z,46157,0.01,15970000
2026-09-19T00:09:08.434Z,42758,265000,1874000
2026-09-19T00:09:08.434Z,43684,,39900000
2026-09-19T00:09:08.434Z,79192,72070,485600
2026-09-19T00:09:08.434Z,47063,2000000,4695000
2026-09-19T00:09:08.434Z,13239,2011000,4411000
2026-09-19T00:09:08.434Z,25334,32150,78300
2026-09-19T00:09:08.434Z,60379,588000,5999000
2026-09-19T00:09:08.434Z,54743,457500000,498000000
2026-09-19T00:09:08.434Z,47058,5500000,9900000
2026-09-19T00:09:08.434Z,983,15150,3487500
2026-09-19T00:09:08.434Z,1160,4999,100000
2026-09-19T00:09:08.434Z,46131,1128000,594400000
2026-09-19T00:09:08.434Z,17424,9068,29070
2026-09-19T00:09:08.434Z,64195,72000000,112300000
2026-09-19T00:09:08.434Z,40686,,69000000
2026-09-19T00:09:08.434Z,41160,303300000,540000000
2026-09-19T00:09:08.434Z,56853,80610000,173500000
2026-09-19T00:09:08.434Z,34057,151000000,399800000
2026-09-19T00:09:08.434Z,85524,14900000,894900000
2026-09-19T00:09:08.434Z,10209,90640000,97730000
2026-09-19T00:09:08.434Z,94067,15500000,85990000
2026-09-19T00:09:08.434Z,15286,,2097000000
2026-09-19T00:09:08.434Z,36504,140000000,2670000000
2026-09-19T00:09:08.434Z,14765,1773000000,3119000000
2026-09-19T00:09:08.434Z,45499,2725,2726
2026-09-19T00:09:08.434Z,41052,658900,530000000
2026-09-19T00:09:08.434Z,15232,1005000,250000000
2026-09-19T00:09:08.434Z,33808,,1000000000
2026-09-19T00:09:08.434Z,33960,19330000,25000000
2026-09-19T00:09:08.434Z,53422,9733000,1895000000
2026-09-19T00:09:08.434Z,46865,2220000,20360000
2026-09-19T00:09:08.434Z,73457,463500000,769900000
2026-09-19T00:09:08.434Z,1195,32040,50000
2026-09-19T00:09:08.434Z,94315,,189000000
2026-09-19T00:09:08.434Z,7487,50010,118700
2026-09-19T00:09:08.434Z,3653,69180,227600
2026-09-19T00:09:08.434Z,92149,1,964900
2026-09-19T00:09:08.434Z,87790,500000000,4800000000
2026-09-19T00:09:08.434Z,93612,117000000,300000000
2026-09-19T00:09:08.434Z,47550,50000,989000000
2026-09-19T00:09:08.434Z,46292,50.03,250000
2026-09-19T00:09:08.434Z,22925,4569000,44700000
2026-09-19T00:09:08.434Z,49652,382000,6696000
2026-09-19T00:09:08.434Z,62048,1800000,3000000
2026-09-19T00:09:08.434Z,45798,15000000,29970000
2026-09-19T00:09:08.434Z,57422,53820000,179900000
2026-09-19T00:09:08.434Z,62390,39000,48990
2026-09-19T00:09:08.434Z,1124,,12000000
2026-09-19T00:09:08.434Z,46417,8209000,62870000
2026-09-19T00:09:08.434Z,34108,53210000,129300000
2026-09-19T00:09:08.434Z,28690,81230,96060
2026-09-19T00:09:08.434Z,42698,48000,839000
2026-09-19T00:09:08.434Z,60655,1200000,1201000
2026-09-19T00:09:08.434Z,34157,102500000,999500000
2026-09-19T00:09:08.434Z,37548,1,3410000000
2026-09-19T00:09:08.434Z,53187,31000000,190000000
2026-09-19T00:09:08.434Z,53375,250000,940100
2026-09-19T00:09:08.434Z,35685,101400,1788000
2026-09-19T00:09:08.434Z,90734,,20040000
2026-09-19T00:09:08.434Z,79755,223900000,356000000
2026-09-19T00:09:08.434Z,45009,116000000,129800000
2026-09-19T00:09:08.434Z,82390,10000,887600
2026-09-19T00:09:08.434Z,9133,81160,281100
2026-09-19T00:09:08.434Z,85154,10000,395800
2026-09-19T00:09:08.434Z,48210,25950000,997900000
2026-09-19T00:09:08.434Z,41466,91480000,122000000
2026-09-19T00:09:08.434Z,1132,1,40000
2026-09-19T00:09:08.434Z,82348,10000,1389000
2026-09-19T00:09:08.434Z,14852,1600000,805100000
2026-09-19T00:09:08.434Z,45773,6500000,11150000
2026-09-19T00:09:08.434Z,47117,9285000,46500000
2026-09-19T00:09:08.434Z,2327,14690,16900
2026-09-19T00:09:08.434Z,34655,700000000,894800000
2026-09-19T00:09:08.434Z,52633,14570000,579900000
2026-09-19T00:09:08.434Z,56637,1000,1999000
2026-09-19T00:09:08.434Z,52631,21000000,599400000
2026-09-19T00:09:08.434Z,84987,313000000,415000000
2026-09-19T00:09:08.434Z,48216,400000000,3998000000
2026-09-19T00:09:08.434Z,36491,70000000,490000000
2026-09-19T00:09:08.434Z,36387,161000000,995000000
2026-09-19T00:09:08.434Z,26066,0.01,3485000
2026-09-19T00:09:08.434Z,1139,1000,110000
2026-09-19T00:09:08.434Z,91281,49450000,100000000
2026-09-19T00:09:08.434Z,95409,83000000,385600000
2026-09-19T00:09:08.434Z,54445,500000,758900000
2026-09-19T00:09:08.434Z,4156,103600000,355000000
2026-09-19T00:09:08.434Z,48500,8005000,54730000
2026-09-19T00:09:08.434Z,44172,25000,1871000
2026-09-19T00:09:08.434Z,92571,1426,1790
2026-09-19T00:09:08.434Z,50039,16250,1960000
2026-09-19T00:09:08.434Z,4223,28000000,99990000
2026-09-19T00:09:08.434Z,23836,201600,5989000
2026-09-19T00:09:08.434Z,46226,730000,9996000
2026-09-19T00:09:08.434Z,33793,73270000,144700000
2026-09-19T00:09:08.434Z,14754,66730000,600000000
2026-09-19T00:09:08.434Z,43836,169900000,768500000
2026-09-19T00:09:08.434Z,46195,1000000,10130000
2026-09-19T00:09:08.434Z,45062,300000000,1245000000
2026-09-19T00:09:08.434Z,1145,1000,400000
2026-09-19T00:09:08.434Z,46194,1000000,10160000
2026-09-19T00:09:08.434Z,28511,15010000,300000000
2026-09-19T00:09:08.434Z,55611,4000,199900
2026-09-19T00:09:08.434Z,57072,1703000000,14000000000
2026-09-19T00:09:08.434Z,805,,4000000
2026-09-19T00:09:08.434Z,43881,305000000,829700000
2026-09-19T00:09:08.434Z,11553,34830,40500
2026-09-19T00:09:08.434Z,34752,20000000,798900000
2026-09-19T00:09:08.434Z,43704,250600000,34970000000
2026-09-19T00:09:08.434Z,46238,6226000,10960000
2026-09-19T00:09:08.434Z,26356,480000,52900000
2026-09-19T00:09:08.434Z,61187,,999700000
2026-09-19T00:09:08.434Z,83265,10000,189700
2026-09-19T00:09:08.434Z,78912,10010000,1765000000
2026-09-19T00:09:08.434Z,16313,3159,5100
2026-09-19T00:09:08.434Z,46396,26150000,5000000000
2026-09-19T00:09:08.434Z,809,36100,800000
2026-09-19T00:09:08.434Z,60761,38000000,123300000
2026-09-19T00:09:08.434Z,21957,27800000,56800000
2026-09-19T00:09:08.434Z,53129,300000000,480000000
2026-09-19T00:09:08.434Z,31301,10000,839900
2026-09-19T00:09:08.434Z,55033,15610000,23300000
2026-09-19T00:09:08.434Z,52393,,320000000
2026-09-19T00:09:08.434Z,26452,75830000,81070000
2026-09-19T00:09:08.434Z,47103,168600000,748500000
2026-09-19T00:09:08.434Z,40699,26250000,98990000
2026-09-19T00:09:08.434Z,53141,,240000000
2026-09-19T00:09:08.434Z,33048,100400,1000000
2026-09-19T00:09:08.434Z,57053,23590000,2000000000
2026-09-19T00:09:08.434Z,43669,500500000,1299000000
2026-09-19T00:09:08.434Z,46672,431900000,2200000000
2026-09-19T00:09:08.434Z,52395,125300000,240000000
2026-09-19T00:09:08.434Z,27257,1224,386600
2026-09-19T00:09:08.434Z,40772,2001000,7713000
2026-09-19T00:09:08.434Z,33078,628700,1250000
2026-09-19T00:09:08.434Z,829,100,3120000
2026-09-19T00:09:08.434Z,73874,933800,9199000
2026-09-19T00:09:08.434Z,52402,45000000,160000000
2026-09-19T00:09:08.434Z,56900,22600000,212900000
2026-09-19T00:09:08.434Z,7171,552000,599900
2026-09-19T00:09:08.434Z,30752,73340000,81000000
2026-09-19T00:09:08.434Z,56212,609000000,3100000000
2026-09-19T00:09:08.434Z,62506,15000,30710
2026-09-19T00:09:08.434Z,34032,62520000,99910000
2026-09-19T00:09:08.434Z,44136,100,300000
2026-09-19T00:09:08.434Z,55597,0.02,0.03
2026-09-19T00:09:08.434Z,46916,800100,6497000
2026-09-19T00:09:08.434Z,14890,728700,710000000
2026-09-19T00:09:08.434Z,48499,11320000,111500000
2026-09-19T00:09:08.434Z,45823,453000,5613000
2026-09-19T00:09:08.434Z,85015,,3189000000
2026-09-19T00:09:08.434Z,14403,,692300000
2026-09-19T00:09:08.434Z,88213,892000000,2400000000
2026-09-19T00:09:08.434Z,32075,9266000,27830000
2026-09-19T00:09:08.434Z,45509,100000000,749800000
2026-09-19T00:09:08.434Z,33745,35680000,80000000
2026-09-19T00:09:08.434Z,94314,,164900000
2026-09-19T00:09:08.434Z,57511,1608000,1589000000
2026-09-19T00:09:08.434Z,33755,45000000,49190000
2026-09-19T00:09:08.434Z,14916,153700000,182800000
2026-09-19T00:09:08.434Z,48501,5300000,44500000
2026-09-19T00:09:08.434Z,33057,100000,4997000
2026-09-19T00:09:08.434Z,95474,260900000,2999000000
2026-09-19T00:09:08.434Z,42179,5086000,499500000
2026-09-19T00:09:08.434Z,60308,460000,1699000
2026-09-19T00:09:08.434Z,48775,3.19,1497000
2026-09-19T00:09:08.434Z,23029,696.2,1022
2026-09-19T00:09:08.434Z,18662,61250000,99630000
2026-09-19T00:09:08.434Z,42160,76260000,990000000
2026-09-19T00:09:08.434Z,54382,92820000,348100000
2026-09-19T00:09:08.434Z,36401,215000000,6999000000
2026-09-19T00:09:08.434Z,75906,50100000,998000000
2026-09-19T00:09:08.434Z,33891,,1186000
2026-09-19T00:09:08.434Z,48585,110000,7897000
2026-09-19T00:09:08.434Z,93839,150000000,299800000
2026-09-19T00:09:08.434Z,47498,553100,55760000
2026-09-19T00:09:08.434Z,46188,1000000,9995000
2026-09-19T00:09:08.434Z,44280,23250000,1998000000
2026-09-19T00:09:08.434Z,50052,91730000,197800000
2026-09-19T00:09:08.434Z,28692,36200,74990
2026-09-19T00:09:08.434Z,42622,22000000,4875000000
2026-09-19T00:09:08.434Z,83379,180000,3373000
2026-09-19T00:09:08.434Z,33785,13560000,85240000
2026-09-19T00:09:08.434Z,56602,196300000,4500000000
2026-09-19T00:09:08.434Z,43816,4100000,30100000
2026-09-19T00:09:08.434Z,43503,518500,592800000
2026-09-19T00:09:08.434Z,47186,1000,300000
2026-09-19T00:09:08.434Z,46189,1000000,10120000
2026-09-19T00:09:08.434Z,42161,40020000,398000000
2026-09-19T00:09:08.434Z,42199,50000000,997400000
2026-09-19T00:09:08.434Z,46193,1000000,10110000
2026-09-19T00:09:08.434Z,46220,135000,999000
2026-09-19T00:09:08.434Z,53961,210000000,1440000000
2026-09-19T00:09:08.434Z,7331,2213,9990
2026-09-19T00:09:08.434Z,23720,125000,1000000
2026-09-19T00:09:08.434Z,84961,4444000,5897000000
2026-09-19T00:09:08.434Z,56144,60020000,153800000
2026-09-19T00:09:08.434Z,15124,690000000,777300000
2026-09-19T00:09:08.434Z,34105,1009000000,9000000000
2026-09-19T00:09:08.434Z,6763,1192,59790
2026-09-19T00:09:08.434Z,31602,29300,43930000
2026-09-19T00:09:08.434Z,1151,10000,700000
2026-09-19T00:09:08.434Z,20837,250200,250300
2026-09-19T00:09:08.434Z,83832,202100,1999000
2026-09-19T00:09:08.434Z,95473,270100000,2200000000
2026-09-19T00:09:08.434Z,44143,1000,965000
2026-09-19T00:09:08.434Z,21268,1016000,10000000
2026-09-19T00:09:08.434Z,1210,250000,416640
2026-09-19T00:09:08.434Z,1547,21270,79000
2026-09-19T00:09:08.434Z,27244,0.01,463000
2026-09-19T00:09:08.434Z,33775,18040000,63300000
2026-09-19T00:09:08.434Z,45900,1001000,19910000
2026-09-19T00:09:08.434Z,24613,10230000,21950000
2026-09-19T00:09:08.434Z,45911,5287000,20200000
2026-09-19T00:09:08.434Z,33008,,9499000
2026-09-19T00:09:08.434Z,16227,41740000,55000000
2026-09-19T00:09:08.434Z,27539,1583000,4999000000
2026-09-19T00:09:08.434Z,17690,381800,967600
2026-09-19T00:09:08.434Z,45658,,13000000
2026-09-19T00:09:08.434Z,41154,222300000,724500000
2026-09-19T00:09:08.434Z,81953,55990,498000
2026-09-19T00:09:08.434Z,84942,471000000,843400000
2026-09-19T00:09:08.434Z,53430,900800000,9990000000
2026-09-19T00:09:08.434Z,33782,1000000,11500000
2026-09-19T00:09:08.434Z,40669,405100000,900000000
2026-09-19T00:09:08.434Z,64406,20010000,4888000000
2026-09-19T00:09:08.434Z,31470,41090,10000000
2026-09-19T00:09:08.434Z,17624,450,99990
2026-09-19T00:09:08.434Z,2019,,250000
2026-09-19T00:09:08.434Z,19113,31180000,41820000
2026-09-19T00:09:08.434Z,37892,4110,501800
2026-09-19T00:09:08.434Z,24499,62.01,67.87
2026-09-19T00:09:08.434Z,57066,109100000,745000000
2026-09-19T00:09:08.434Z,14648,13620000000,18890000000
2026-09-19T00:09:08.434Z,88543,1000,197400
2026-09-19T00:09:08.434Z,36510,120000000,1680000000
2026-09-19T00:09:08.434Z,31335,5000,250000
2026-09-19T00:09:08.434Z,76208,1.1,50000
2026-09-19T00:09:08.434Z,43516,4564000,1394000000
2026-09-19T00:09:08.434Z,43755,9057000,48000000
2026-09-19T00:09:08.434Z,75908,201100000,324400000
2026-09-19T00:09:08.434Z,46915,750000,3700000
2026-09-19T00:09:08.434Z,54536,5193000000,8499000000
2026-09-19T00:09:08.434Z,21470,55090000,141600000
2026-09-19T00:09:08.434Z,26062,,563000
2026-09-19T00:09:08.434Z,43778,18160,19950000
2026-09-19T00:09:08.434Z,59868,9998000,999000000
2026-09-19T00:09:08.434Z,31275,,246400
2026-09-19T00:09:08.434Z,36382,96100000,1001000000
2026-09-19T00:09:08.434Z,2041,61000,219900000
2026-09-19T00:09:08.434Z,43892,651000000,795000000
2026-09-19T00:09:08.434Z,45516,570100000,697900000
2026-09-19T00:09:08.434Z,19169,82310000,139900000
2026-09-19T00:09:08.434Z,3539,,799900
2026-09-19T00:09:08.434Z,15268,55240000,229200000
2026-09-19T00:09:08.434Z,54439,6168000,79000000
2026-09-19T00:09:08.434Z,31081,107600000,446600000
2026-09-19T00:09:08.434Z,27897,15500000,770600000
2026-09-19T00:09:08.434Z,55303,1046,7747
2026-09-19T00:09:08.434Z,14848,151800000,972800000
2026-09-19T00:09:08.434Z,31804,,179900000
2026-09-19T00:09:08.434Z,43772,3001000,124000000
2026-09-19T00:09:08.434Z,41223,29050000,130900000
2026-09-19T00:09:08.434Z,31696,30000,300000000
2026-09-19T00:09:08.434Z,3894,25080000,32590000
2026-09-19T00:09:08.434Z,49816,,2400000000
2026-09-19T00:09:08.434Z,46857,1000000,15440000
2026-09-19T00:09:08.434Z,60236,123100,7982000
2026-09-19T00:09:08.434Z,15509,602000,2678000
2026-09-19T00:09:08.434Z,41473,211900000,498800000
2026-09-19T00:09:08.434Z,45969,321500,12950000
2026-09-19T00:09:08.434Z,80908,6024000,36600000
2026-09-19T00:09:08.434Z,55756,800100,9950000
2026-09-19T00:09:08.434Z,1815,179.5,140000
2026-09-19T00:09:08.434Z,1170,82070,3294000
2026-09-19T00:09:08.434Z,73251,12020,100100
2026-09-19T00:09:08.434Z,27633,2689000,14970000
2026-09-19T00:09:08.434Z,88356,20000,109000
2026-09-19T00:09:08.434Z,32070,5000,225000
2026-09-19T00:09:08.434Z,12211,1136000,2056000
2026-09-19T00:09:08.434Z,25895,,2369000
2026-09-19T00:09:08.434Z,34690,101300000,948500000
2026-09-19T00:09:08.434Z,82460,20180,4997000
2026-09-19T00:09:08.434Z,32058,5000,225000
2026-09-19T00:09:08.434Z,33722,80000000,2000000000
2026-09-19T00:09:08.434Z,31299,5000,200000
2026-09-19T00:09:08.434Z,15118,120100000,499900000
2026-09-19T00:09:08.434Z,46958,500000,7998000
2026-09-19T00:09:08.434Z,12345,,1000000
2026-09-19T00:09:08.434Z,32082,5000,250000
2026-09-19T00:09:08.434Z,33378,267600000,877500000
2026-09-19T00:09:08.434Z,46582,16240000000,37900000000
2026-09-19T00:09:08.434Z,47629,44030000,79990000
2026-09-19T00:09:08.434Z,12355,,10000000
2026-09-19T00:09:08.434Z,32090,5000,250000
2026-09-19T00:09:08.434Z,3334,1051000,2690000
2026-09-19T00:09:08.434Z,21965,20640000,58480000
2026-09-19T00:09:08.434Z,77164,150000000,499800000
2026-09-19T00:09:08.434Z,93611,70420000,175000000
2026-09-19T00:09:08.434Z,59462,,699000000
2026-09-19T00:09:08.434Z,49709,67330,3797000
2026-09-19T00:09:08.434Z,55715,315700000,2596000000
2026-09-19T00:09:08.434Z,33049,100000,2000000
2026-09-19T00:09:08.434Z,31968,16760000,22650000
2026-09-19T00:09:08.434Z,27530,1005000000,1750000000
2026-09-19T00:09:08.434Z,14772,564000000,745800000
2026-09-19T00:09:08.434Z,16603,4890000000,5275000000
2026-09-19T00:09:08.434Z,15120,151000000,380600000
2026-09-19T00:09:08.434Z,34640,550500000,2751000000
2026-09-19T00:09:08.434Z,53024,9504000000,23420000000
2026-09-19T00:09:08.434Z,4178,1469000,5000000
2026-09-19T00:09:08.434Z,14816,34000000,501600000
2026-09-19T00:09:08.434Z,11293,16220,22990
2026-09-19T00:09:08.434Z,36499,36100000,824500000
2026-09-19T00:09:08.434Z,54926,146100,15860000
2026-09-19T00:09:08.434Z,14832,909800000,2108000000
2026-09-19T00:09:08.434Z,59819,277500000,3895000000
2026-09-19T00:09:08.434Z,53154,250000,13650000
2026-09-19T00:09:08.434Z,46796,19.07,3288000
2026-09-19T00:09:08.434Z,40308,35070000,250000000
2026-09-19T00:09:08.434Z,46015,250100,12240000000
2026-09-19T00:09:08.434Z,88178,20010000,1000000000
2026-09-19T00:09:08.434Z,31189,,499500
2026-09-19T00:09:08.434Z,57472,19020000,22130000
2026-09-19T00:09:08.434Z,45855,15120000,30120000
2026-09-19T00:09:08.434Z,56748,91230,111700
2026-09-19T00:09:08.434Z,42178,1000000,478900000
2026-09-19T00:09:08.434Z,31178,5001,225000
2026-09-19T00:09:08.434Z,27542,182400,19640000
2026-09-19T00:09:08.434Z,59181,122000,563300
2026-09-19T00:09:08.434Z,41255,914700000,1708000000
2026-09-19T00:09:08.434Z,36646,,5000000000
2026-09-19T00:09:08.434Z,36287,5033000,5025000000
2026-09-19T00:09:08.434Z,56975,10.02,199900
2026-09-19T00:09:08.434Z,56980,12.17,89800
2026-09-19T00:09:08.434Z,28748,113900000,138700000
2026-09-19T00:09:08.434Z,32091,0.02,1479000
2026-09-19T00:09:08.434Z,87601,30000000,700000000
2026-09-19T00:09:08.434Z,77402,,799800000
2026-09-19T00:09:08.434Z,3110,112400,9900000
2026-09-19T00:09:08.434Z,45546,2855000000,3190000000
2026-09-19T00:09:08.434Z,60950,21000000,550000000
2026-09-19T00:09:08.434Z,15142,1930000000,2065000000
2026-09-19T00:09:08.434Z,93717,10080,79990000
2026-09-19T00:09:08.434Z,17288,5200,11500000
2026-09-19T00:09:08.434Z,27615,119400,15990000
2026-09-19T00:09:08.434Z,20561,36090000,59000000
2026-09-19T00:09:08.434Z,4398,25000,1350000
2026-09-19T00:09:08.434Z,92576,49000000,211400000
2026-09-19T00:09:08.434Z,12238,20000000,95000000
2026-09-19T00:09:08.434Z,3997,17000000,1700000000
2026-09-19T00:09:08.434Z,41159,21320000,100000000
2026-09-19T00:09:08.434Z,31743,10020,785000
2026-09-19T00:09:08.434Z,31566,284000,175000000
2026-09-19T00:09:08.434Z,57787,118200000,2002000000
2026-09-19T00:09:08.434Z,3474,75410000,123600000
2026-09-19T00:09:08.434Z,82365,20000,87900
2026-09-19T00:09:08.434Z,848,,16740000
2026-09-19T00:09:08.434Z,4155,101000000,399700000
2026-09-19T00:09:08.434Z,90565,450800,1449000
2026-09-19T00:09:08.434Z,13255,15050000,16750000
2026-09-19T00:09:08.434Z,31325,10000,785000
2026-09-19T00:09:08.434Z,78784,200000,1080000
2026-09-19T00:09:08.434Z,91086,60000000,250000000
2026-09-19T00:09:08.434Z,60098,291800000,735000000
2026-09-19T00:09:08.434Z,15818,114700,55000000
2026-09-19T00:09:08.434Z,28385,400500,744900
2026-09-19T00:09:08.434Z,17351,1,7000000
2026-09-19T00:09:08.434Z,52871,100100,1891000000
2026-09-19T00:09:08.434Z,49146,117900000,399000000
2026-09-19T00:09:08.434Z,48138,1220000,45200000
2026-09-19T00:09:08.434Z,33377,1626000000,2994000000
2026-09-19T00:09:08.434Z,4003,370000000,1187000000
2026-09-19T00:09:08.434Z,59829,200000,249900000
2026-09-19T00:09:08.434Z,27589,1647000,846900000
2026-09-19T00:09:08.434Z,17815,359500,359700
2026-09-19T00:09:08.434Z,73248,100000,100100
2026-09-19T00:09:08.434Z,48651,149800000,2000000000
2026-09-19T00:09:08.434Z,61194,10000000,696900000
2026-09-19T00:09:08.434Z,33291,33310000,387900000
2026-09-19T00:09:08.434Z,29249,2811000,5400000
2026-09-19T00:09:08.434Z,19400,1.01,6214
2026-09-19T00:09:08.434Z,91916,1812000,3000000
2026-09-19T00:09:08.434Z,15939,139700000,153500000
2026-09-19T00:09:08.434Z,4198,25,2880000
2026-09-19T00:09:08.434Z,62453,150000000,348700000
2026-09-19T00:09:08.434Z,46379,33010000,898500000
2026-09-19T00:09:08.434Z,46936,1505,700000
2026-09-19T00:09:08.434Z,14840,951800000,1570000000
2026-09-19T00:09:08.434Z,46970,2001,2440000
2026-09-19T00:09:08.434Z,15666,60000,990800
2026-09-19T00:09:08.434Z,21250,2650000,5100000
2026-09-19T00:09:08.434Z,36316,166600000,5025000000
2026-09-19T00:09:08.434Z,37522,9241000,2749000000
2026-09-19T00:09:08.434Z,36289,13070000,3525000000
2026-09-19T00:09:08.434Z,37492,135600000,5025000000
2026-09-19T00:09:08.434Z,46412,36150000,2525000000
2026-09-19T00:09:08.434Z,36315,225000000,5025000000
2026-09-19T00:09:08.434Z,34678,12500000,1864000000
2026-09-19T00:09:08.434Z,36293,998000,998900000
2026-09-19T00:09:08.434Z,40621,55660000,2525000000
2026-09-19T00:09:08.434Z,12297,1000000,9400000
2026-09-19T00:09:08.434Z,33898,7622000,9926000
2026-09-19T00:09:08.434Z,3643,1.3,1.31
2026-09-19T00:09:08.434Z,36347,600000000,1470000000
2026-09-19T00:09:08.434Z,47527,119900000,1160000000
2026-09-19T00:09:08.434Z,56983,15.45,19970
2026-09-19T00:09:08.434Z,41461,470000000,500000000
2026-09-19T00:09:08.434Z,1318,,17000
2026-09-19T00:09:08.434Z,4001,12060000,489000000
2026-09-19T00:09:08.434Z,845,75000,7187000
2026-09-19T00:09:08.434Z,33774,100000000,980000000
2026-09-19T00:09:08.434Z,88364,2810000,3463000
2026-09-19T00:09:08.434Z,88209,46210000,128300000
2026-09-19T00:09:08.434Z,36436,190100000,1640000000
2026-09-19T00:09:08.434Z,32863,59960,3586000
2026-09-19T00:09:08.434Z,47106,367200000,938300000
2026-09-19T00:09:08.434Z,34083,100000000,1200000000
2026-09-19T00:09:08.434Z,31266,,49580000
2026-09-19T00:09:08.434Z,37164,250000000,2997000000
2026-09-19T00:09:08.434Z,53308,71540000,104900000
2026-09-19T00:09:08.434Z,42573,21000000,300000000
2026-09-19T00:09:08.434Z,40579,55660000,2525000000
2026-09-19T00:09:08.434Z,36814,87010000,2525000000
2026-09-19T00:09:08.434Z,76248,601000000,3109000000
2026-09-19T00:09:08.434Z,36751,6997000,2525000000
2026-09-19T00:09:08.434Z,36820,,5025000000
2026-09-19T00:09:08.434Z,34611,125000000,5025000000
2026-09-19T00:09:08.434Z,40624,270000000,5025000000
2026-09-19T00:09:08.434Z,46729,,2500000000
2026-09-19T00:09:08.434Z,36759,25750000,2525000000
2026-09-19T00:09:08.434Z,85404,60000,1083000
2026-09-19T00:09:08.434Z,61208,120900,2725000
2026-09-19T00:09:08.434Z,15078,3391000000,3650000000
2026-09-19T00:09:08.434Z,18722,500200,1836000
2026-09-19T00:09:08.434Z,47254,1051,27950
2026-09-19T00:09:08.434Z,40488,77550000,1496000000
2026-09-19T00:09:08.434Z,34635,46380000,2498000000
2026-09-19T00:09:08.434Z,25907,24990,1500000
2026-09-19T00:09:08.434Z,3685,498.2,883
2026-09-19T00:09:08.434Z,4388,45000000000,169400000000
2026-09-19T00:09:08.434Z,88579,20000,1384000
2026-09-19T00:09:08.434Z,34694,60000000,945000000
2026-09-19T00:09:08.434Z,31398,78100,69260000
2026-09-19T00:09:08.434Z,36298,125600000,1100000000
2026-09-19T00:09:08.434Z,60569,,3499000000
2026-09-19T00:09:08.434Z,56956,704500000,4951000000
2026-09-19T00:09:08.434Z,50041,,124000000
2026-09-19T00:09:08.434Z,59228,410700000,8606000000
2026-09-19T00:09:08.434Z,37229,232500000,479000000
2026-09-19T00:09:08.434Z,31375,,60000000
2026-09-19T00:09:08.434Z,27612,400400000,999900000
2026-09-19T00:09:08.434Z,44945,12100000,38450000
2026-09-19T00:09:08.434Z,4020,8700000,10990000
2026-09-19T00:09:08.434Z,78816,1044000000,2756000000
2026-09-19T00:09:08.434Z,31721,1.05,49000000
2026-09-19T00:09:08.434Z,26078,51610,234000
2026-09-19T00:09:08.434Z,31757,0.02,49000000
2026-09-19T00:09:08.434Z,54782,9426,12980
2026-09-19T00:09:08.434Z,37232,80010000,121000000
2026-09-19T00:09:08.434Z,24655,55500000,253900000
2026-09-19T00:09:08.434Z,42644,45000000,8843000000
2026-09-19T00:09:08.434Z,90039,60190000,170000000
2026-09-19T00:09:08.434Z,34808,170000000,1685000000
2026-09-19T00:09:08.434Z,11882,0.01,999900
2026-09-19T00:09:08.434Z,32982,30010,39980000
2026-09-19T00:09:08.434Z,34725,136200000,2885000000
2026-09-19T00:09:08.434Z,34749,171600000,848400000
2026-09-19T00:09:08.434Z,42567,2500000,57790000
2026-09-19T00:09:08.434Z,57490,,11000000
2026-09-19T00:09:08.434Z,36482,46140000,1000000000
2026-09-19T00:09:08.434Z,53007,1111000,5000000000
2026-09-19T00:09:08.434Z,50002,36640000,500000000
2026-09-19T00:09:08.434Z,22178,5000,348000
2026-09-19T00:09:08.434Z,36495,1509000000,12000000000
2026-09-19T00:09:08.434Z,59827,50000000,2120000000
2026-09-19T00:09:08.434Z,81072,,5400000
2026-09-19T00:09:08.434Z,21208,178200,1499000
2026-09-19T00:09:08.434Z,48725,1092000000,1597000000
2026-09-19T00:09:08.434Z,36762,25060000,2525000000
2026-09-19T00:09:08.434Z,40498,5000000,4525000000
2026-09-19T00:09:08.434Z,36706,77510000,2525000000
2026-09-19T00:09:08.434Z,36718,1001000,2525000000
2026-09-19T00:09:08.434Z,36824,1333000,5025000000
2026-09-19T00:09:08.434Z,37514,66460000,4998000000
2026-09-19T00:09:08.434Z,31541,,1500000
2026-09-19T00:09:08.434Z,83208,10000,45590000
2026-09-19T00:09:08.434Z,41242,1.05,19000000
2026-09-19T00:09:08.434Z,93364,45000000,78790000
2026-09-19T00:09:08.434Z,27073,90080,687000
2026-09-19T00:09:08.434Z,91950,2583000,3000000
2026-09-19T00:09:08.434Z,84122,96410000,189900000
2026-09-19T00:09:08.434Z,10247,14510000,29980000
2026-09-19T00:09:08.434Z,13884,650100,4551000
2026-09-19T00:09:08.434Z,14700,27220000,250000000
2026-09-19T00:09:08.434Z,46924,57530,2478000
2026-09-19T00:09:08.434Z,53603,27000000,273000000
2026-09-19T00:09:08.434Z,18712,,779200
2026-09-19T00:09:08.434Z,3419,502.7,166700
2026-09-19T00:09:08.434Z,17654,101,1495
2026-09-19T00:09:08.434Z,41531,233100000,259700000
2026-09-19T00:09:08.434Z,21404,187.8,399
2026-09-19T00:09:08.434Z,55333,1071,132000
2026-09-19T00:09:08.434Z,37056,3000000000,49440000000
2026-09-19T00:09:08.434Z,4165,47070000,100100000
2026-09-19T00:09:08.434Z,46889,2.01,1382000
2026-09-19T00:09:08.434Z,81362,110000000,880000000
2026-09-19T00:09:08.434Z,36836,9022000,8724000000
2026-09-19T00:09:08.434Z,36708,3102000,2525000000
2026-09-19T00:09:08.434Z,36835,9938000,3025000000
2026-09-19T00:09:08.434Z,26073,,1306000
2026-09-19T00:09:08.434Z,21868,,600000
2026-09-19T00:09:08.434Z,970,65210000,118900000
2026-09-19T00:09:08.434Z,14670,19900000,86000000000
2026-09-19T00:09:08.434Z,46427,45050000,2292000000
2026-09-19T00:09:08.434Z,32440,1406,6437
2026-09-19T00:09:08.434Z,21234,370000,874900
2026-09-19T00:09:08.434Z,2009,,485000000
2026-09-19T00:09:08.434Z,54742,97060000,114800000
2026-09-19T00:09:08.434Z,70838,99260000,400000000
2026-09-19T00:09:08.434Z,52597,32000000,398800000
2026-09-19T00:09:08.434Z,25925,24990,1500000
2026-09-19T00:09:08.434Z,47002,59510,3360000
2026-09-19T00:09:08.434Z,1302,86830,8683000
2026-09-19T00:09:08.434Z,32326,35010000,319900000
2026-09-19T00:09:08.434Z,31659,10000,1500000
2026-09-19T00:09:08.434Z,70841,1162000000,5200000000
2026-09-19T00:09:08.434Z,32084,10000,785000
2026-09-19T00:09:08.434Z,41152,22440000,54600000
2026-09-19T00:09:08.434Z,31289,10000,785000
2026-09-19T00:09:08.434Z,56784,100000,1190000
2026-09-19T00:09:08.434Z,15210,25000000000,106900000000
2026-09-19T00:09:08.434Z,27078,1,500000
2026-09-19T00:09:08.434Z,34267,4999,250000
2026-09-19T00:09:08.434Z,33823,5000,200000
2026-09-19T00:09:08.434Z,17337,,8000000
2026-09-19T00:09:08.434Z,46312,250,12000
2026-09-19T00:09:08.434Z,78791,307800,1582000
2026-09-19T00:09:08.434Z,23729,12010,35950
2026-09-19T00:09:08.434Z,47185,2010,18030
2026-09-19T00:09:08.434Z,46274,4100000000,18490000000
2026-09-19T00:09:08.434Z,31284,22070000,322600000
2026-09-19T00:09:08.434Z,14851,72000000,720000000
2026-09-19T00:09:08.434Z,46853,252700,7098000
2026-09-19T00:09:08.434Z,88263,515300000,5000000000
2026-09-19T00:09:08.434Z,3340,2385,490000
2026-09-19T00:09:08.434Z,10837,,364640
2026-09-19T00:09:08.434Z,46855,1506000,10000000
2026-09-19T00:09:08.434Z,46249,426100000,799900000
2026-09-19T00:09:08.434Z,91929,9181000,10400000
2026-09-19T00:09:08.434Z,71732,6235000,1757000000
2026-09-19T00:09:08.434Z,31265,10000,1200000
2026-09-19T00:09:08.434Z,31349,10000,850000
2026-09-19T00:09:08.434Z,28397,1625,225000
2026-09-19T00:09:08.434Z,59474,1000000,7498000000
2026-09-19T00:09:08.434Z,90636,1600000,10990000
2026-09-19T00:09:08.434Z,19690,71700000,99940000
2026-09-19T00:09:08.434Z,60161,451500,188500000
2026-09-19T00:09:08.434Z,25915,25000,1500000
2026-09-19T00:09:08.434Z,48770,1.07,149500
2026-09-19T00:09:08.434Z,33219,300000,30000000
2026-09-19T00:09:08.434Z,27120,109500,346000
2026-09-19T00:09:08.434Z,57531,30490000,250000000
2026-09-19T00:09:08.434Z,31160,5000,129000
2026-09-19T00:09:08.434Z,27767,5000000,14930000
2026-09-19T00:09:08.434Z,25911,24990,2000000
2026-09-19T00:09:08.434Z,54761,110000000,749000000
2026-09-19T00:09:08.434Z,46118,0.01,179900000
2026-09-19T00:09:08.434Z,76285,1605000000,4596000000
2026-09-19T00:09:08.434Z,33459,38220000,142200000
2026-09-19T00:09:08.434Z,30997,131500,398000
2026-09-19T00:09:08.434Z,31693,5000,130800
2026-09-19T00:09:08.434Z,2054,61000,242000000
2026-09-19T00:09:08.434Z,40672,1312000,28000000
2026-09-19T00:09:08.434Z,34064,2711000000,9667000000
2026-09-19T00:09:08.434Z,14762,3643000,195000000
2026-09-19T00:09:08.434Z,46378,233000000,999900000
2026-09-19T00:09:08.434Z,81073,,7000000
2026-09-19T00:09:08.434Z,85179,2503,937300
2026-09-19T00:09:08.434Z,14118,81230000,109800000
2026-09-19T00:09:08.434Z,73912,157900000,286800000
2026-09-19T00:09:08.434Z,14942,555000000,1749000000
2026-09-19T00:09:08.434Z,57054,44040000,80000000
2026-09-19T00:09:08.434Z,11877,0.01,750000
2026-09-19T00:09:08.434Z,81353,2110000,26020000
2026-09-19T00:09:08.434Z,23866,34250,37740000
2026-09-19T00:09:08.434Z,60574,144500000,500000000
2026-09-19T00:09:08.434Z,62053,20000,3750000
2026-09-19T00:09:08.434Z,53488,14020,999700
2026-09-19T00:09:08.434Z,24557,,2146886800
2026-09-19T00:09:08.434Z,42681,322600000,729900000
2026-09-19T00:09:08.434Z,58905,41020000,190000000
2026-09-19T00:09:08.434Z,53498,506300,2799000
2026-09-19T00:09:08.434Z,91084,704000,2999000
2026-09-19T00:09:08.434Z,46711,1001000000,2500000000
2026-09-19T00:09:08.434Z,43890,50000000,2197000000
2026-09-19T00:09:08.434Z,2055,61000,242000000
2026-09-19T00:09:08.434Z,95395,1.06,21.11
2026-09-19T00:09:08.434Z,19049,19280000,46290000
2026-09-19T00:09:08.434Z,33313,35580000,497900000
2026-09-19T00:09:08.434Z,91406,163000,899700
2026-09-19T00:09:08.434Z,24689,215000000,1650000000
2026-09-19T00:09:08.434Z,27495,1325,1715
2026-09-19T00:09:08.434Z,14453,,4800000000
2026-09-19T00:09:08.434Z,43792,990000,15000000
2026-09-19T00:09:08.434Z,55632,1000,400000
2026-09-19T00:09:08.434Z,23079,225000,245000
2026-09-19T00:09:08.434Z,23416,176000000,199900000
2026-09-19T00:09:08.434Z,26760,,600000
2026-09-19T00:09:08.434Z,46863,1009000,8917000
2026-09-19T00:09:08.434Z,28584,4002000,400000000
2026-09-19T00:09:08.434Z,82078,70600000,222300000
2026-09-19T00:09:08.434Z,52304,200000000,890000000
2026-09-19T00:09:08.434Z,28653,48020,481455760
2026-09-19T00:09:08.434Z,43785,15280000,150000000
2026-09-19T00:09:08.434Z,47167,1,450000000
2026-09-19T00:09:08.434Z,48196,45000000,469900000
2026-09-19T00:09:08.434Z,29041,103400,706000
2026-09-19T00:09:08.434Z,34738,134700,6449000
2026-09-19T00:09:08.434Z,1165,,250000
2026-09-19T00:09:08.434Z,2575,1244000,1459000
2026-09-19T00:09:08.434Z,20787,,2500
2026-09-19T00:09:08.434Z,29004,1024000,50000000
2026-09-19T00:09:08.434Z,40718,88550000,379900000
2026-09-19T00:09:08.434Z,3087,400000000,799900000
2026-09-19T00:09:08.434Z,46777,50000,1748000
2026-09-19T00:09:08.434Z,73250,11760,759600
2026-09-19T00:09:08.434Z,43799,30750000,89000000
2026-09-19T00:09:08.434Z,29012,100000,1500000
2026-09-19T00:09:08.434Z,54538,117700000,3100000000
2026-09-19T00:09:08.434Z,29014,99990,1500000
2026-09-19T00:09:08.434Z,44903,12000000,60000000
2026-09-19T00:09:08.434Z,57509,30000000,50000000
2026-09-19T00:09:08.434Z,28791,65840000,92000000
2026-09-19T00:09:08.434Z,55817,1051000,493000000
2026-09-19T00:09:08.434Z,40572,75000000,117800000
2026-09-19T00:09:08.434Z,86104,26270000,64390000
2026-09-19T00:09:08.434Z,76286,901000000,5199000000
2026-09-19T00:09:08.434Z,23025,2144,2496
2026-09-19T00:09:08.434Z,11588,,833900
2026-09-19T00:09:08.434Z,16059,4515000,29750000
2026-09-19T00:09:08.434Z,46116,55360000,799900000
2026-09-19T00:09:08.434Z,29048,0.01,15000000
2026-09-19T00:09:08.434Z,55862,10420,2999000
2026-09-19T00:09:08.434Z,17332,,7000000
2026-09-19T00:09:08.434Z,33717,16110000,80000000
2026-09-19T00:09:08.434Z,11644,1386000,1619000
2026-09-19T00:09:08.434Z,46709,100000,9999000000
2026-09-19T00:09:08.434Z,88228,75410000,596900000
2026-09-19T00:09:08.434Z,29054,1.05,15000000
2026-09-19T00:09:08.434Z,47529,203400000,5990000000
2026-09-19T00:09:08.434Z,59336,0.01,125000000
2026-09-19T00:09:08.434Z,41066,249300000,472600000
2026-09-19T00:09:08.434Z,34672,18520000,72300000
2026-09-19T00:09:08.434Z,46147,1000000,199500000
2026-09-19T00:09:08.434Z,48495,1070000,97910000
2026-09-19T00:09:08.434Z,54299,5011000,67980000
2026-09-19T00:09:08.434Z,53509,1012000,42240000
2026-09-19T00:09:08.434Z,82459,60030,3211000
2026-09-19T00:09:08.434Z,46903,27140,29440000
2026-09-19T00:09:08.434Z,17338,,9000000
2026-09-19T00:09:08.434Z,80022,256.3,16200
2026-09-19T00:09:08.434Z,29066,,15000000
2026-09-19T00:09:08.434Z,995,702000000,1317000000
2026-09-19T00:09:08.434Z,45558,1006000,999000000
2026-09-19T00:09:08.434Z,11277,41000,196400
2026-09-19T00:09:08.434Z,55757,157000,165500
2026-09-19T00:09:08.434Z,844,,3126000
2026-09-19T00:09:08.434Z,44213,1800000,17200000
2026-09-19T00:09:08.434Z,43715,50000000,19970000000
2026-09-19T00:09:08.434Z,29070,1.05,15000000
2026-09-19T00:09:08.434Z,43717,50000000,19970000000
2026-09-19T00:09:08.434Z,73452,1733000000,5000000000
2026-09-19T00:09:08.434Z,79614,2014000000,3199000000
2026-09-19T00:09:08.434Z,47536,100000000,5000000000
2026-09-19T00:09:08.434Z,43708,50000000,19970000000
2026-09-19T00:09:08.434Z,41221,8000000,15700000
2026-09-19T00:09:08.434Z,3415,63020000,116500000
2026-09-19T00:09:08.434Z,48496,5048000,75000000
2026-09-19T00:09:08.434Z,42730,84000,21980000
2026-09-19T00:09:08.434Z,56952,118000000,1148000000
2026-09-19T00:09:08.434Z,74144,500000,13700000
2026-09-19T00:09:08.434Z,1162,10000,740000
2026-09-19T00:09:08.434Z,71729,485100000,4800000000
2026-09-19T00:09:08.434Z,42888,500000,11990000
2026-09-19T00:09:08.434Z,56924,3334000,347900000
2026-09-19T00:09:08.434Z,43719,125000000,19700000000
2026-09-19T00:09:08.434Z,46493,1572000000,3497000000
2026-09-19T00:09:08.434Z,46893,5003,999900
2026-09-19T00:09:08.434Z,29082,0.01,15000000
2026-09-19T00:09:08.434Z,60564,486000000,4400000000
2026-09-19T00:09:08.434Z,37171,50000000,19970000000
2026-09-19T00:09:08.434Z,13218,13020000,17240000
2026-09-19T00:09:08.434Z,53666,167900000,389800000
2026-09-19T00:09:08.434Z,48514,,144900000
2026-09-19T00:09:08.434Z,45966,25100,2991000
2026-09-19T00:09:08.434Z,31424,10000,492000
2026-09-19T00:09:08.434Z,59821,,693000000
2026-09-19T00:09:08.434Z,827,,2313000
2026-09-19T00:09:08.434Z,85403,340300,4992000
2026-09-19T00:09:08.434Z,52883,101100,599000000
2026-09-19T00:09:08.434Z,59867,6499000,1199000000
2026-09-19T00:09:08.434Z,824,,1262000
2026-09-19T00:09:08.434Z,4235,75000,8961000
2026-09-19T00:09:08.434Z,45979,5730000,34490000
2026-09-19T00:09:08.434Z,46981,1203000,4900000
2026-09-19T00:09:08.434Z,17340,,7000000
2026-09-19T00:09:08.434Z,12220,,40000000
2026-09-19T00:09:08.434Z,60267,50270000,449900000
2026-09-19T00:09:08.434Z,29094,1.05,15000000
2026-09-19T00:09:08.434Z,53316,1513000000,4609000000
2026-09-19T00:09:08.434Z,31623,10000,1000000
2026-09-19T00:09:08.434Z,41412,,60000000
2026-09-19T00:09:08.434Z,843,,2628000
2026-09-19T00:09:08.434Z,842,,2320000
2026-09-19T00:09:08.434Z,88646,10000,1806000
2026-09-19T00:09:08.434Z,60225,103300000,799800000
2026-09-19T00:09:08.434Z,77725,300500000,548200000
2026-09-19T00:09:08.434Z,40674,,46000000
2026-09-19T00:09:08.434Z,59466,,1700000000
2026-09-19T00:09:08.434Z,29100,0.01,15000000
2026-09-19T00:09:08.434Z,58881,300600,4900000
2026-09-19T00:09:08.434Z,20737,,1744
2026-09-19T00:09:08.434Z,74431,,1000
2026-09-19T00:09:08.434Z,46921,90490,6733000
2026-09-19T00:09:08.434Z,48227,7179000,199700000
2026-09-19T00:09:08.434Z,48223,19120000,124800000
2026-09-19T00:09:08.434Z,19420,94570000,102400000
2026-09-19T00:09:08.434Z,32860,,500000
2026-09-19T00:09:08.434Z,41078,29350000,194800000
2026-09-19T00:09:08.434Z,45878,25150,1899000
2026-09-19T00:09:08.434Z,88523,10000,141600
2026-09-19T00:09:08.434Z,45931,301100,4954000
2026-09-19T00:09:08.434Z,46742,17010000,11900000000
2026-09-19T00:09:08.434Z,28784,55980000,88340000
2026-09-19T00:09:08.434Z,989,10,4856000
2026-09-19T00:09:08.434Z,14974,69700,1000000000
2026-09-19T00:09:08.434Z,4063,153000000,750000000
2026-09-19T00:09:08.434Z,49649,0.01,1944000
2026-09-19T00:09:08.434Z,62393,26450,39940
2026-09-19T00:09:08.434Z,54768,9915000,988600000
2026-09-19T00:09:08.434Z,57593,6000000,256900000
2026-09-19T00:09:08.434Z,46431,19600000,1960000000
2026-09-19T00:09:08.434Z,31025,4000000,99000000
2026-09-19T00:09:08.434Z,14751,700000000,881100000
2026-09-19T00:09:08.434Z,41241,402700000,949900000
2026-09-19T00:09:08.434Z,70849,2011000000,6690000000
2026-09-19T00:09:08.434Z,72554,11330000,719000000
2026-09-19T00:09:08.434Z,47513,80000000000,189900000000
2026-09-19T00:09:08.434Z,56226,18630000000,36000000000
2026-09-19T00:09:08.434Z,90125,500200000,600000000
2026-09-19T00:09:08.434Z,46196,1000000,10410000
2026-09-19T00:09:08.434Z,1130,,20000
2026-09-19T00:09:08.434Z,54304,500000,7450000
2026-09-19T00:09:08.434Z,46198,1000000,8999000
2026-09-19T00:09:08.434Z,27613,119400,21900000
2026-09-19T00:09:08.434Z,91164,505000000,3500000000
2026-09-19T00:09:08.434Z,77738,1000000000,2679000000
2026-09-19T00:09:08.434Z,37150,280400000,649000000
2026-09-19T00:09:08.434Z,56927,,269900000
2026-09-19T00:09:08.434Z,40514,2000000,1299000000
2026-09-19T00:09:08.434Z,15040,169900000,660900000
2026-09-19T00:09:08.434Z,54789,5000000,2800000000
2026-09-19T00:09:08.434Z,56909,7900000,497900000
2026-09-19T00:09:08.434Z,45562,,750000000
2026-09-19T00:09:08.434Z,63773,1005,999700
2026-09-19T00:09:08.434Z,53612,,349000000
2026-09-19T00:09:08.434Z,17347,,6900000
2026-09-19T00:09:08.434Z,70840,1009000000,4700000000
2026-09-19T00:09:08.434Z,83275,10000,147900
2026-09-19T00:09:08.434Z,84996,,4698000000
2026-09-19T00:09:08.434Z,43670,1101000000,2250000000
2026-09-19T00:09:08.434Z,60380,310000,1950000
2026-09-19T00:09:08.434Z,45736,406100000,546000000
2026-09-19T00:09:08.434Z,78689,250100000,2230000000
2026-09-19T00:09:08.434Z,78690,50260000,620000000
2026-09-19T00:09:08.434Z,58818,40000000,1600000000
2026-09-19T00:09:08.434Z,17333,,6000000
2026-09-19T00:09:08.434Z,36444,11000000,34000000
2026-09-19T00:09:08.434Z,21396,60.33,2586
2026-09-19T00:09:08.434Z,47062,2000000,24990000
2026-09-19T00:09:08.434Z,52398,22000000,160000000
2026-09-19T00:09:08.434Z,49923,80770000,394500000
2026-09-19T00:09:08.434Z,34670,1104000000,199400000000
2026-09-19T00:09:08.434Z,48508,50000000,279000000
2026-09-19T00:09:08.434Z,24567,100400000,144000000
2026-09-19T00:09:08.434Z,80811,160000000,348800000
2026-09-19T00:09:08.434Z,59856,250000000,2757000000
2026-09-19T00:09:08.434Z,72555,110000000,975000000
2026-09-19T00:09:08.434Z,54555,5000000,40980000
2026-09-19T00:09:08.434Z,16869,5200000,84300000
2026-09-19T00:09:08.434Z,3349,1001,999600
2026-09-19T00:09:08.434Z,46201,1000000,9000000
2026-09-19T00:09:08.434Z,37157,946500000,1875000000
2026-09-19T00:09:08.434Z,34759,480300000,2290000000
2026-09-19T00:09:08.434Z,54429,80500000,800100000
2026-09-19T00:09:08.434Z,25345,727000,3000000
2026-09-19T00:09:08.434Z,34612,55010000,717400000
2026-09-19T00:09:08.434Z,64400,6202000,391200000
2026-09-19T00:09:08.434Z,28430,900,1450
2026-09-19T00:09:08.434Z,11612,,1300000
2026-09-19T00:09:08.434Z,46152,6000000,12980000
2026-09-19T00:09:08.434Z,1186,5000,106000
2026-09-19T00:09:08.434Z,46284,818,1499
2026-09-19T00:09:08.434Z,20889,147100,7096000
2026-09-19T00:09:08.434Z,54778,3579,23990
2026-09-19T00:09:08.434Z,31320,250100,250000000
2026-09-19T00:09:08.434Z,13000,58010000,120000000
2026-09-19T00:09:08.434Z,47639,614800000,2100000000
2026-09-19T00:09:08.434Z,84495,1529000,285400000
2026-09-19T00:09:08.434Z,998,507100000,1029000000
2026-09-19T00:09:08.434Z,43734,946700000,1875000000
2026-09-19T00:09:08.434Z,1227,100.8,131
2026-09-19T00:09:08.434Z,46242,13000000,64990000
2026-09-19T00:09:08.434Z,76211,,3001
2026-09-19T00:09:08.434Z,83469,2286000,2432000
2026-09-19T00:09:08.434Z,20190,600200000,1969000000
2026-09-19T00:09:08.434Z,48558,,382900000
2026-09-19T00:09:08.434Z,17649,262100,13000000
2026-09-19T00:09:08.434Z,41668,,69000000
2026-09-19T00:09:08.434Z,36325,,333000000
2026-09-19T00:09:08.434Z,34741,12660000,30000000
2026-09-19T00:09:08.434Z,46316,3085,999800
2026-09-19T00:09:08.434Z,40503,,499900000
2026-09-19T00:09:08.434Z,15026,36200000,349900000
2026-09-19T00:09:08.434Z,42774,200000,2982000
2026-09-19T00:09:08.434Z,46561,18490000,1849000000
2026-09-19T00:09:08.434Z,55032,35500000,44930000
2026-09-19T00:09:08.434Z,42190,221700000,1999000000
2026-09-19T00:09:08.434Z,1134,2400,60000
2026-09-19T00:09:08.434Z,84938,11120000,44990000
2026-09-19T00:09:08.434Z,34673,10000000,11990000000
2026-09-19T00:09:08.434Z,40502,9302000,499900000
2026-09-19T00:09:08.434Z,31332,118600000,429200000
2026-09-19T00:09:08.434Z,17289,6000,13900000
2026-09-19T00:09:08.434Z,45012,1004000000,9990000000
2026-09-19T00:09:08.434Z,33040,200100,2900000
2026-09-19T00:09:08.434Z,52589,101100000,250000000
2026-09-19T00:09:08.434Z,33042,130100,1992000
2026-09-19T00:09:08.434Z,48581,526200000,7500000000
2026-09-19T00:09:08.434Z,63174,10000,169800000
2026-09-19T00:09:08.434Z,63638,21220000,679800000
2026-09-19T00:09:08.434Z,45902,51000000,135100000
2026-09-19T00:09:08.434Z,88531,20000,178000
2026-09-19T00:09:08.434Z,37163,946400000,1850000000
2026-09-19T00:09:08.434Z,33044,220100,2299000
2026-09-19T00:09:08.434Z,975,10010000,99400000
2026-09-19T00:09:08.434Z,77739,50000000,580000000
2026-09-19T00:09:08.434Z,46045,1111,1200000000
2026-09-19T00:09:08.434Z,34039,25400000,800000000
2026-09-19T00:09:08.434Z,28390,3530,997000
2026-09-19T00:09:08.434Z,74522,10.78,21.88
2026-09-19T00:09:08.434Z,95268,161100000,320000000
2026-09-19T00:09:08.434Z,36345,3100000,247000000
2026-09-19T00:09:08.434Z,36500,921200,300000000
2026-09-19T00:09:08.434Z,4216,100500000,1700000000
2026-09-19T00:09:08.434Z,11889,5000,984900
2026-09-19T00:09:08.434Z,92631,475300000,740900000
2026-09-19T00:09:08.434Z,14932,313900000,350000000
2026-09-19T00:09:08.434Z,11616,,88000
2026-09-19T00:09:08.434Z,52735,25430000,47000000
2026-09-19T00:09:08.434Z,42615,26580000,1965000000
2026-09-19T00:09:08.434Z,52323,2120000000,6697000000
2026-09-19T00:09:08.434Z,1208,,30800
2026-09-19T00:09:08.434Z,28739,81860000,113800000
2026-09-19T00:09:08.434Z,91280,10950000,40000000
2026-09-19T00:09:08.434Z,77419,5001,5002
2026-09-19T00:09:08.434Z,34792,10980000,29990000
2026-09-19T00:09:08.434Z,997,1021000000,1653000000
2026-09-19T00:09:08.434Z,87779,95050000,274900000
2026-09-19T00:09:08.434Z,47168,140000000,972900000
2026-09-19T00:09:08.434Z,59199,215200000,876400000
2026-09-19T00:09:08.434Z,41406,5020000,38000000
2026-09-19T00:09:08.434Z,47042,361000,37000000
2026-09-19T00:09:08.434Z,46584,700000000,6999000000
2026-09-19T00:09:08.434Z,42552,21000000,179800000
2026-09-19T00:09:08.434Z,77869,90010000,900000000
2026-09-19T00:09:08.434Z,969,77110000,87000000
2026-09-19T00:09:08.434Z,3814,34.84,36
2026-09-19T00:09:08.434Z,73453,41000000,117900000
2026-09-19T00:09:08.434Z,31248,58000,26800000
2026-09-19T00:09:08.434Z,52399,30000000,240000000
2026-09-19T00:09:08.434Z,95417,61000000,300000000
2026-09-19T00:09:08.434Z,84100,706600000,1955000000
2026-09-19T00:09:08.434Z,14664,3105000000,4996000000
2026-09-19T00:09:08.434Z,46423,64650000,8083000000
2026-09-19T00:09:08.434Z,3152,,4968000
2026-09-19T00:09:08.434Z,14383,,10000000000
2026-09-19T00:09:08.434Z,85523,,36640000000
2026-09-19T00:09:08.434Z,48510,,189800000
2026-09-19T00:09:08.434Z,11130,100,199700
2026-09-19T00:09:08.434Z,25548,90660000,129200000
2026-09-19T00:09:08.434Z,14391,80000000,249100000
2026-09-19T00:09:08.434Z,41403,17040000,31500000
2026-09-19T00:09:08.434Z,34630,24990000,98400000
2026-09-19T00:09:08.434Z,34072,230400000,540000000
2026-09-19T00:09:08.434Z,77405,,699700000
2026-09-19T00:09:08.434Z,15180,,178500000
2026-09-19T00:09:08.434Z,48381,3099000000,7399000000
2026-09-19T00:09:08.434Z,53962,2025000000,3299000000
2026-09-19T00:09:08.434Z,35690,36900000,177900000
2026-09-19T00:09:08.434Z,64589,1000000,210800000
2026-09-19T00:09:08.434Z,28398,334.5,297000
2026-09-19T00:09:08.434Z,47213,0.01,280000000
2026-09-19T00:09:08.434Z,4234,10,4470000
2026-09-19T00:09:08.434Z,47222,0.01,200000000
2026-09-19T00:09:08.434Z,47216,,280000000
2026-09-19T00:09:08.434Z,47219,,280000000
2026-09-19T00:09:08.434Z,57810,530200000,1347000000
2026-09-19T00:09:08.434Z,24572,3024000,11900000
2026-09-19T00:09:08.434Z,1141,5,175000
2026-09-19T00:09:08.434Z,1272,120000,4980000
2026-09-19T00:09:08.434Z,14798,14850000000,29000000000
2026-09-19T00:09:08.434Z,17293,200000,3098000
2026-09-19T00:09:08.434Z,48756,200000000,375000000
2026-09-19T00:09:08.434Z,45571,7290000,998900000
2026-09-19T00:09:08.434Z,47504,21430000,49990000
2026-09-19T00:09:08.434Z,42652,50000000,378700000
2026-09-19T00:09:08.434Z,40482,101000,297000000
2026-09-19T00:09:08.434Z,46135,86930000,622900000
2026-09-19T00:09:08.434Z,14956,136300,499000000
2026-09-19T00:09:08.434Z,43768,19130000,31000000
2026-09-19T00:09:08.434Z,31229,,1500000
2026-09-19T00:09:08.434Z,24551,,321000000
2026-09-19T00:09:08.434Z,31338,,40000000
2026-09-19T00:09:08.434Z,31337,10000,999800
2026-09-19T00:09:08.434Z,46051,,373000000
2026-09-19T00:09:08.434Z,4103,46870000,108700000
2026-09-19T00:09:08.434Z,91395,1000,1999000
2026-09-19T00:09:08.434Z,41584,775200000,1050000000
2026-09-19T00:09:08.434Z,82589,14010000,135000000
2026-09-19T00:09:08.434Z,88041,151200000,449400000
2026-09-19T00:09:08.434Z,16060,4900000,16000000
2026-09-19T00:09:08.434Z,85011,1400000000,2591000000
2026-09-19T00:09:08.434Z,56196,26100000,4217000000
2026-09-19T00:09:08.434Z,53207,200600,37790000
2026-09-19T00:09:08.434Z,984,200100,7425000
2026-09-19T00:09:08.434Z,46798,201100,5899000
2026-09-19T00:09:08.434Z,826,10080,2000000
2026-09-19T00:09:08.434Z,14417,150000000,700000000
2026-09-19T00:09:08.434Z,27952,3.01,522349680
2026-09-19T00:09:08.434Z,63687,2000000,2999000000
2026-09-19T00:09:08.434Z,11630,5000,400000
2026-09-19T00:09:08.434Z,79745,21980,12150000
2026-09-19T00:09:08.434Z,85647,,550000000
2026-09-19T00:09:08.434Z,45019,13980000,549900000
2026-09-19T00:09:08.434Z,31267,0.02,58000000
2026-09-19T00:09:08.434Z,22761,20310000,39000000
2026-09-19T00:09:08.434Z,87707,60300000,388600000
2026-09-19T00:09:08.434Z,31781,0.02,59860000
2026-09-19T00:09:08.434Z,34658,1443000000,3973000000
2026-09-19T00:09:08.434Z,40473,,2499000000
2026-09-19T00:09:08.434Z,31218,0.02,59800000
2026-09-19T00:09:08.434Z,31255,0.02,58000000
2026-09-19T00:09:08.434Z,25562,5000,261200
2026-09-19T00:09:08.434Z,87517,300100000,1000000000
2026-09-19T00:09:08.434Z,31291,0.03,58000000
2026-09-19T00:09:08.434Z,15841,174300,67920000
2026-09-19T00:09:08.434Z,40666,43310000,78300000
2026-09-19T00:09:08.434Z,31387,0.02,58000000
2026-09-19T00:09:08.434Z,31122,,58000000
2026-09-19T00:09:08.434Z,15264,,480000000
2026-09-19T00:09:08.434Z,26082,111700,578800
2026-09-19T00:09:08.434Z,15284,1249000000,1401000000
2026-09-19T00:09:08.434Z,14830,124000000,2423000000
2026-09-19T00:09:08.434Z,89118,201100000,354900000
2026-09-19T00:09:08.434Z,54916,630600000,1940000000
2026-09-19T00:09:08.434Z,46164,,15940000
2026-09-19T00:09:08.434Z,34353,3400000,45000000
2026-09-19T00:09:08.434Z,58820,81480000,1600000000
2026-09-19T00:09:08.434Z,58817,20010000,2500000000
2026-09-19T00:09:08.434Z,50046,160000000,930000000
2026-09-19T00:09:08.434Z,62624,33160000,39550000
2026-09-19T00:09:08.434Z,46190,1000000,10050000
2026-09-19T00:09:08.434Z,82352,10000,1343000
2026-09-19T00:09:08.434Z,43791,624000,9500000
2026-09-19T00:09:08.434Z,36769,104600000,2500000000
2026-09-19T00:09:08.434Z,34750,1000,5000000000
2026-09-19T00:09:08.434Z,36755,24660000,5000000000
2026-09-19T00:09:08.434Z,40499,2000000,2293000000
2026-09-19T00:09:08.434Z,36781,5000000,5025000000
2026-09-19T00:09:08.434Z,40595,6778000,3739000000
2026-09-19T00:09:08.434Z,34617,100000000,598700000
2026-09-19T00:09:08.434Z,40480,,2500000000
2026-09-19T00:09:08.434Z,46395,46760000,5000000000
2026-09-19T00:09:08.434Z,82961,120000,387300
2026-09-19T00:09:08.434Z,62054,151400,1248000
2026-09-19T00:09:08.434Z,11286,51640,2620000
2026-09-19T00:09:08.434Z,14552,160900000,298100000
2026-09-19T00:09:08.434Z,2184,1008000,1949000
2026-09-19T00:09:08.434Z,41206,8079000,7986000000
2026-09-19T00:09:08.434Z,62226,1096000000,2636000000
2026-09-19T00:09:08.434Z,32034,5000,130800
2026-09-19T00:09:08.434Z,52732,,1999000000
2026-09-19T00:09:08.434Z,79739,38910000,69260000
2026-09-19T00:09:08.434Z,20203,1279000,325700000
2026-09-19T00:09:08.434Z,3352,1001,523200
2026-09-19T00:09:08.434Z,36783,128000000,5000000000
2026-09-19T00:09:08.434Z,36765,,5000000000
2026-09-19T00:09:08.434Z,34731,110200,500000000
2026-09-19T00:09:08.434Z,34621,260000000,5000000000
2026-09-19T00:09:08.434Z,36779,,5000000000
2026-09-19T00:09:08.434Z,40504,220000000,498800000
2026-09-19T00:09:08.434Z,36291,,5025000000
2026-09-19T00:09:08.434Z,36756,142300000,2500000000
2026-09-19T00:09:08.434Z,40611,1,4998000000
2026-09-19T00:09:08.434Z,46127,20030000,476900000
2026-09-19T00:09:08.434Z,88654,10010,3878000
2026-09-19T00:09:08.434Z,11634,5000,500000
2026-09-19T00:09:08.434Z,457,48160,178400
2026-09-19T00:09:08.434Z,36758,125100000,5000000000
2026-09-19T00:09:08.434Z,40619,350000000,7474000000
2026-09-19T00:09:08.434Z,36296,45550000,5025000000
2026-09-19T00:09:08.434Z,14692,500700000,947600000
2026-09-19T00:09:08.434Z,52744,2000000,300000000
2026-09-19T00:09:08.434Z,32941,2413000000,4987000000
2026-09-19T00:09:08.434Z,19761,651200,1047000
2026-09-19T00:09:08.434Z,46160,,17990000
2026-09-19T00:09:08.434Z,57507,30010000,50000000
2026-09-19T00:09:08.434Z,13227,12520,11940000
2026-09-19T00:09:08.434Z,25540,52580000,69800000
2026-09-19T00:09:08.434Z,57494,0.04,10500000
2026-09-19T00:09:08.434Z,87706,45010000,449900000
2026-09-19T00:09:08.434Z,2406,101000,1299000
2026-09-19T00:09:08.434Z,33217,240000,50000000
2026-09-19T00:09:08.434Z,47645,19900000,9999000000
2026-09-19T00:09:08.434Z,3161,5336000,69910000
2026-09-19T00:09:08.434Z,92386,262000000,590000000
2026-09-19T00:09:08.434Z,31916,22410000,29750000
2026-09-19T00:09:08.434Z,53018,1001000000,14760000000
2026-09-19T00:09:08.434Z,92968,108800000,175000000
2026-09-19T00:09:08.434Z,70855,1799000000,5393000000
2026-09-19T00:09:08.434Z,83277,1000,78300
2026-09-19T00:09:08.434Z,61213,154000,348900
2026-09-19T00:09:08.434Z,88233,1208000,1190000000
2026-09-19T00:09:08.434Z,93237,4406000,29890000
2026-09-19T00:09:08.434Z,36301,,1000000000
2026-09-19T00:09:08.434Z,74524,10,21
2026-09-19T00:09:08.434Z,63711,,62000000
2026-09-19T00:09:08.434Z,78406,1971000000,6999000000
2026-09-19T00:09:08.434Z,34686,3000000,39900000
2026-09-19T00:09:08.434Z,3406,278100,939000
2026-09-19T00:09:08.434Z,53016,9300000,27400000
2026-09-19T00:09:08.434Z,49948,8004000000,359900000000
2026-09-19T00:09:08.434Z,83661,,15430000000
2026-09-19T00:09:08.434Z,37165,50000000,19970000000
2026-09-19T00:09:08.434Z,17659,12120,9000000
2026-09-19T00:09:08.434Z,21969,30040000,117500000
2026-09-19T00:09:08.434Z,24684,5100000,22980000
2026-09-19T00:09:08.434Z,36502,39000000,1280000000
2026-09-19T00:09:08.434Z,53619,14900000,468000000
2026-09-19T00:09:08.434Z,14864,295000000,1380000000
2026-09-19T00:09:08.434Z,73272,1214000,14000000
2026-09-19T00:09:08.434Z,75899,251700000,359800000
2026-09-19T00:09:08.434Z,46380,225100000,6994000000
2026-09-19T00:09:08.434Z,31458,78020,54990000
2026-09-19T00:09:08.434Z,41157,1103000,170200000
2026-09-19T00:09:08.434Z,60223,500100,4996000
2026-09-19T00:09:08.434Z,36489,21000000,598000000
2026-09-19T00:09:08.434Z,47633,,46270000
2026-09-19T00:09:08.434Z,42169,25070000,890000000
2026-09-19T00:09:08.434Z,16237,600300,11600000
2026-09-19T00:09:08.434Z,52773,275700000,942500000
2026-09-19T00:09:08.434Z,32875,1600000,11400000
2026-09-19T00:09:08.434Z,32083,100000,1294000
2026-09-19T00:09:08.434Z,93697,,300000000
2026-09-19T00:09:08.434Z,27597,502900000,1100000000
2026-09-19T00:09:08.434Z,92019,,9500000
2026-09-19T00:09:08.434Z,946,1201000,6284000
2026-09-19T00:09:08.434Z,54901,42000000,742000000
2026-09-19T00:09:08.434Z,82354,20000,1574000
2026-09-19T00:09:08.434Z,52698,3555000000,8755000000
2026-09-19T00:09:08.434Z,42886,500000,14000000
2026-09-19T00:09:08.434Z,33832,2288000,6998000
2026-09-19T00:09:08.434Z,17689,1000000,32980000
2026-09-19T00:09:08.434Z,19411,12260000,12760000
2026-09-19T00:09:08.434Z,43711,50000000,19970000000
2026-09-19T00:09:08.434Z,14884,402100000,496000000
2026-09-19T00:09:08.434Z,56908,375100,490000000
2026-09-19T00:09:08.434Z,693,561200000,1113000000
2026-09-19T00:09:08.434Z,32092,10000,1500000
2026-09-19T00:09:08.434Z,14580,12860000,599000000
2026-09-19T00:09:08.434Z,33329,25200000000,34980000000
2026-09-19T00:09:08.434Z,31708,1189000,80000000
2026-09-19T00:09:08.434Z,28396,9205,500000
2026-09-19T00:09:08.434Z,31590,35040,180000000
2026-09-19T00:09:08.434Z,45498,601.5,199900
2026-09-19T00:09:08.434Z,54440,16040000,30000000
2026-09-19T00:09:08.434Z,42170,165800000,1490000000
2026-09-19T00:09:08.434Z,49814,32970000,200000000
2026-09-19T00:09:08.434Z,70854,810100000,2500000000
2026-09-19T00:09:08.434Z,41225,,48370000
2026-09-19T00:09:08.434Z,93002,1600000,44910000
2026-09-19T00:09:08.434Z,48521,36990000,6594000000
2026-09-19T00:09:08.434Z,62485,2077,5000
2026-09-19T00:09:08.434Z,62488,2431,8000
2026-09-19T00:09:08.434Z,43832,310000,99550000
2026-09-19T00:09:08.434Z,14970,99990000,258400000
2026-09-19T00:09:08.434Z,33458,384900000,699800000
2026-09-19T00:09:08.434Z,57814,204600000,2499000000
2026-09-19T00:09:08.434Z,54442,8005000,76900000
2026-09-19T00:09:08.434Z,64587,110000000,539000000
2026-09-19T00:09:08.434Z,41590,99990,5000000
2026-09-19T00:09:08.434Z,1144,1000,325000
2026-09-19T00:09:08.434Z,40507,202400000,895100000
2026-09-19T00:09:08.434Z,31660,18200,13350000
2026-09-19T00:09:08.434Z,56915,111100,387900000
2026-09-19T00:09:08.434Z,684,111000,2150000
2026-09-19T00:09:08.434Z,40695,10040000000,69840000000
2026-09-19T00:09:08.434Z,64412,200000000,1998000000
2026-09-19T00:09:08.434Z,4068,3600000000,9500000000
2026-09-19T00:09:08.434Z,61202,50060,299700
2026-09-19T00:09:08.434Z,63748,389100000,2500000000
2026-09-19T00:09:08.434Z,15163,851800000,5300000000
2026-09-19T00:09:08.434Z,41446,,300000000
2026-09-19T00:09:08.434Z,41449,,300000000
2026-09-19T00:09:08.434Z,11870,4999,998600
2026-09-19T00:09:08.434Z,90476,,60000000
2026-09-19T00:09:08.434Z,49928,311800000,624900000
2026-09-19T00:09:08.434Z,41583,460100000,1000000000
2026-09-19T00:09:08.434Z,91391,1800000,5000000
2026-09-19T00:09:08.434Z,42793,1993000,5799000
2026-09-19T00:09:08.434Z,34045,573100000,985000000
2026-09-19T00:09:08.434Z,48553,,1819000000
2026-09-19T00:09:08.434Z,31230,26300,14000000
2026-09-19T00:09:08.434Z,41591,500000,5000000
2026-09-19T00:09:08.434Z,64401,200000000,387900000
2026-09-19T00:09:08.434Z,46290,75.07,50000
2026-09-19T00:09:08.434Z,55635,,28680
2026-09-19T00:09:08.434Z,64408,325300000,3209000000
2026-09-19T00:09:08.434Z,27621,169000,16980000
2026-09-19T00:09:08.434Z,48723,1250000000,1880000000
2026-09-19T00:09:08.434Z,41592,500000,5000000
2026-09-19T00:09:08.434Z,14810,4989000000,5897000000
2026-09-19T00:09:08.434Z,37553,4298000,92910000
2026-09-19T00:09:08.434Z,45525,140000000,1217000000
2026-09-19T00:09:08.434Z,91170,1610000000,30160000000
2026-09-19T00:09:08.434Z,41593,500000,5000000
2026-09-19T00:09:08.434Z,1986,3046,39740
2026-09-19T00:09:08.434Z,61206,50220,547100
2026-09-19T00:09:08.434Z,34031,191400000,219900000
2026-09-19T00:09:08.434Z,41594,199900,5000000
2026-09-19T00:09:08.434Z,43857,679300000,1489000000
2026-09-19T00:09:08.434Z,71724,37090000,358600000
2026-09-19T00:09:08.434Z,36914,5110000,77990000
2026-09-19T00:09:08.434Z,56933,30000000,244000000
2026-09-19T00:09:08.434Z,41595,199900,5000000
2026-09-19T00:09:08.434Z,91935,1589000,2500000
2026-09-19T00:09:08.434Z,62519,22.84,40
2026-09-19T00:09:08.434Z,45559,2001000,464000000
2026-09-19T00:09:08.434Z,3559,380000000,440000000
2026-09-19T00:09:08.434Z,41596,199900,5000000
2026-09-19T00:09:08.434Z,26113,24990,1348000
2026-09-19T00:09:08.434Z,46549,2000000,29730000
2026-09-19T00:09:08.434Z,41597,199900,5000000
2026-09-19T00:09:08.434Z,21547,1511000,22970000
2026-09-19T00:09:08.434Z,31819,,500000
2026-09-19T00:09:08.434Z,41599,1312000,9200000
2026-09-19T00:09:08.434Z,46787,10130,7223000
2026-09-19T00:09:08.434Z,14682,2847000000,3650000000
2026-09-19T00:09:08.434Z,26372,3500000,7697000
2026-09-19T00:09:08.434Z,57334,385600000,993000000
2026-09-19T00:09:08.434Z,34696,2144000,769200000
2026-09-19T00:09:08.434Z,46434,2750000,5000000000
2026-09-19T00:09:08.434Z,42651,38000000,2000000000
2026-09-19T00:09:08.434Z,44259,42010000,420000000
2026-09-19T00:09:08.434Z,92388,300000000,9255000000
2026-09-19T00:09:08.434Z,33305,36070000,103000000
2026-09-19T00:09:08.434Z,84686,1003000000,2998000000
2026-09-19T00:09:08.434Z,59340,90980000,649900000
2026-09-19T00:09:08.434Z,27110,5999000,15000000
2026-09-19T00:09:08.434Z,45912,203700,11860000
2026-09-19T00:09:08.434Z,15194,156800000,295900000
2026-09-19T00:09:08.434Z,34091,178200000,288300000
2026-09-19T00:09:08.434Z,56954,22830000,349300000
2026-09-19T00:09:08.434Z,62498,1655,2600
2026-09-19T00:09:08.434Z,15304,487100,389900000
2026-09-19T00:09:08.434Z,55560,1000,129000
2026-09-19T00:09:08.434Z,1296,157100,192400
2026-09-19T00:09:08.434Z,90634,280100,39130000
2026-09-19T00:09:08.434Z,21266,5703000,19900000
2026-09-19T00:09:08.434Z,59339,97740000,387100000
2026-09-19T00:09:08.434Z,41213,8860000,27860000
2026-09-19T00:09:08.434Z,57057,50070000,1000000000
2026-09-19T00:09:08.434Z,77404,,500000000
2026-09-19T00:09:08.434Z,22623,225000000,700000000
2026-09-19T00:09:08.434Z,53226,2997000000,8973000000
2026-09-19T00:09:08.434Z,26107,125000,1308000
2026-09-19T00:09:08.434Z,42553,51000000,599800000
2026-09-19T00:09:08.434Z,87953,89640000,194900000
2026-09-19T00:09:08.434Z,21244,1910000,7150000
2026-09-19T00:09:08.434Z,56867,6058,999900
2026-09-19T00:09:08.434Z,16278,2891000,3399000
2026-09-19T00:09:08.434Z,36483,47100000,577600000
2026-09-19T00:09:08.434Z,14930,187100,500000000
2026-09-19T00:09:08.434Z,77421,5001,8496
2026-09-19T00:09:08.434Z,56913,49000000,497000000
2026-09-19T00:09:08.434Z,42565,11000000,169800000
2026-09-19T00:09:08.434Z,45504,130.1,15140
2026-09-19T00:09:08.434Z,3227,29990000,300000000
2026-09-19T00:09:08.434Z,84682,556000000,4000000000
2026-09-19T00:09:08.434Z,31553,,749900
2026-09-19T00:09:08.434Z,82208,575.6,1501
2026-09-19T00:09:08.434Z,31182,,58000000
2026-09-19T00:09:08.434Z,31745,0.02,49990000
2026-09-19T00:09:08.434Z,14435,8320000,2496000000
2026-09-19T00:09:08.434Z,88660,20000,9999000
2026-09-19T00:09:08.434Z,4153,21030000,57290000
2026-09-19T00:09:08.434Z,15835,515100,24480000
2026-09-19T00:09:08.434Z,31733,0.02,59890000
2026-09-19T00:09:08.434Z,33065,7410000,18900000
2026-09-19T00:09:08.434Z,28844,6782000000,7322000000
2026-09-19T00:09:08.434Z,48734,103100,7500000000
2026-09-19T00:09:08.434Z,32957,5555000000,8900000000
2026-09-19T00:09:08.434Z,91121,630000000,4800000000
2026-09-19T00:09:08.434Z,31805,0.02,59840000
2026-09-19T00:09:08.434Z,19033,219000000,237800000
2026-09-19T00:09:08.434Z,42729,2000000,998900000
2026-09-19T00:09:08.434Z,90745,10000000,150000000
2026-09-19T00:09:08.434Z,27121,106700000,120300000
2026-09-19T00:09:08.434Z,28607,5100000,950900000
2026-09-19T00:09:08.434Z,55652,1980000,9794000
2026-09-19T00:09:08.434Z,31633,5000,130700
2026-09-19T00:09:08.434Z,47172,2005000,999500000
2026-09-19T00:09:08.434Z,25970,,1184000
2026-09-19T00:09:08.434Z,15068,3002000,450000000
2026-09-19T00:09:08.434Z,58955,,400940
2026-09-19T00:09:08.434Z,54428,180600000,1175000000
2026-09-19T00:09:08.434Z,27224,125500,15150000
2026-09-19T00:09:08.434Z,4150,12150000,99200000
2026-09-19T00:09:08.434Z,82384,10000,6689000
2026-09-19T00:09:08.434Z,42568,31000000,95000000
2026-09-19T00:09:08.434Z,71727,250100000,1500000000
2026-09-19T00:09:08.434Z,53963,850000000,2300000000
2026-09-19T00:09:08.434Z,93356,48040000,89480000
2026-09-19T00:09:08.434Z,63203,10800000,300000000
2026-09-19T00:09:08.434Z,15182,,377000000
2026-09-19T00:09:08.434Z,15260,8000000,238000000
2026-09-19T00:09:08.434Z,3565,276200000,346900000
2026-09-19T00:09:08.434Z,62590,10850000,12000000
2026-09-19T00:09:08.434Z,46726,1201000000,8977000000
2026-09-19T00:09:08.434Z,4192,5500000,48510000
2026-09-19T00:09:08.434Z,48588,1,850000
2026-09-19T00:09:08.434Z,28688,81260,119300
2026-09-19T00:09:08.434Z,93143,15010000,366300000
2026-09-19T00:09:08.434Z,53015,3003000,3294000000
2026-09-19T00:09:08.434Z,17652,2.4,598.6
2026-09-19T00:09:08.434Z,55029,2003,817800
2026-09-19T00:09:08.434Z,14656,1901000000,2499000000
2026-09-19T00:09:08.434Z,49720,31470000,150800000
2026-09-19T00:09:08.434Z,56614,57010000,750000000
2026-09-19T00:09:08.434Z,28544,1201000,130000000
2026-09-19T00:09:08.434Z,56607,25000000,275000000
2026-09-19T00:09:08.434Z,17662,31,995
2026-09-19T00:09:08.434Z,37519,45200000,659800000
2026-09-19T00:09:08.434Z,56611,16110000,195000000
2026-09-19T00:09:08.434Z,28391,5058,4874000
2026-09-19T00:09:08.434Z,57811,434200000,1249000000
2026-09-19T00:09:08.434Z,4365,200000000,3000000000
2026-09-19T00:09:08.434Z,46203,1000000,9749000
2026-09-19T00:09:08.434Z,42616,2963000,2965000000
2026-09-19T00:09:08.434Z,52896,100100,649900000
2026-09-19T00:09:08.434Z,61188,143600000,558300000
2026-09-19T00:09:08.434Z,53614,100100,999600000
2026-09-19T00:09:08.434Z,33056,100000,4980000
2026-09-19T00:09:08.434Z,26931,950000,1088000
2026-09-19T00:09:08.434Z,53017,49680000,4884000000
2026-09-19T00:09:08.434Z,57393,,449900000
2026-09-19T00:09:08.434Z,2445,4500000,7000000
2026-09-19T00:09:08.434Z,31587,4999,130800
2026-09-19T00:09:08.434Z,26892,3549000,10000000
2026-09-19T00:09:08.434Z,43662,48160000,185700000
2026-09-19T00:09:08.434Z,84985,288200000,628600000
2026-09-19T00:09:08.434Z,57071,1107000000,14360000000
2026-09-19T00:09:08.434Z,53611,1004000,1900000000
2026-09-19T00:09:08.434Z,95724,25160000,150300000
2026-09-19T00:09:08.434Z,76953,210000000,1000000000
2026-09-19T00:09:08.434Z,47043,10000,3997000
2026-09-19T00:09:08.434Z,14636,29980000,280000000
2026-09-19T00:09:08.434Z,37516,1000000,5000000000
2026-09-19T00:09:08.434Z,88648,1000,5022000
2026-09-19T00:09:08.434Z,45666,27040000,149900000
2026-09-19T00:09:08.434Z,53637,1001000,999000000
2026-09-19T00:09:08.434Z,53636,1111000,999000000
2026-09-19T00:09:08.434Z,53635,5109000,799000000
2026-09-19T00:09:08.434Z,58810,75000000,6000000000
2026-09-19T00:09:08.434Z,59817,5100000,500000000
2026-09-19T00:09:08.434Z,56914,224000000,458900000
2026-09-19T00:09:08.434Z,52886,600000,999000000
2026-09-19T00:09:08.434Z,23758,1,1177000000
2026-09-19T00:09:08.434Z,17359,,9000000
2026-09-19T00:09:08.434Z,87775,155000000,220000000
2026-09-19T00:09:08.434Z,87704,50010000,500000000
2026-09-19T00:09:08.434Z,85646,4030000,18480000
2026-09-19T00:09:08.434Z,34361,180000000,11000000000
2026-09-19T00:09:08.434Z,64269,9000000,210000000
2026-09-19T00:09:08.434Z,1945,1049000,9400000
2026-09-19T00:09:08.434Z,64573,306300000,1378000000
2026-09-19T00:09:08.434Z,27533,800900000,1989000000
2026-09-19T00:09:08.434Z,86271,350000000,400000000
2026-09-19T00:09:08.434Z,50053,331700000,1748000000
2026-09-19T00:09:08.434Z,11620,5003,144900
2026-09-19T00:09:08.434Z,43671,1101000000,2440000000
2026-09-19T00:09:08.434Z,54158,2500000000,12900000000
2026-09-19T00:09:08.434Z,59818,80010000,1200000000
2026-09-19T00:09:08.434Z,4164,130000000,345000000
2026-09-19T00:09:08.434Z,59851,,750000000
2026-09-19T00:09:08.434Z,21240,2501000,7045000
2026-09-19T00:09:08.434Z,34047,255000000,4503000000
2026-09-19T00:09:08.434Z,17345,,5996000
2026-09-19T00:09:08.434Z,14601,117800000,999500000
2026-09-19T00:09:08.434Z,53020,6313000,6399000000
2026-09-19T00:09:08.434Z,53009,150200000,2650000000
2026-09-19T00:09:08.434Z,53019,0.02,2998000000
2026-09-19T00:09:08.434Z,53008,520400000,7932000000
2026-09-19T00:09:08.434Z,4075,2980000000,10000000000
2026-09-19T00:09:08.434Z,43713,50000000,19970000000
2026-09-19T00:09:08.434Z,60567,8000000,5000000000
2026-09-19T00:09:08.434Z,36290,46250000,5000000000
2026-09-19T00:09:08.434Z,54745,129200000,199000000
2026-09-19T00:09:08.434Z,26087,24990,1500000
2026-09-19T00:09:08.434Z,31672,1500000,50000000
2026-09-19T00:09:08.434Z,31647,10000,785000
2026-09-19T00:09:08.434Z,43674,1571000000,10000000000
2026-09-19T00:09:08.434Z,20184,855300000,2025000000
2026-09-19T00:09:08.434Z,52863,2000000,990000000
2026-09-19T00:09:08.434Z,43673,9236000,9000000000
2026-09-19T00:09:08.434Z,501,10700,68890
2026-09-19T00:09:08.434Z,33181,10170,1000000
2026-09-19T00:09:08.434Z,83246,10000,153000
2026-09-19T00:09:08.434Z,32042,5000,175000
2026-09-19T00:09:08.434Z,31530,141700,113700000
2026-09-19T00:09:08.434Z,90120,5502000,9778000
2026-09-19T00:09:08.434Z,4305,283600000,658900000
2026-09-19T00:09:08.434Z,46119,25710000,499800000
2026-09-19T00:09:08.434Z,46130,50000000,574800000
2026-09-19T00:09:08.434Z,36665,75110000,5000000000
2026-09-19T00:09:08.434Z,36311,310000000,5000000000
2026-09-19T00:09:08.434Z,36664,250000000,5000000000
2026-09-19T00:09:08.434Z,34729,130000000,1260000000
2026-09-19T00:09:08.434Z,36511,24480000,423800000
2026-09-19T00:09:08.434Z,14814,10340000000,11000000000
2026-09-19T00:09:08.434Z,55617,110800,3759000
2026-09-19T00:09:08.434Z,40609,50010000,4998000000
2026-09-19T00:09:08.434Z,85007,,3000000000
2026-09-19T00:09:08.434Z,31434,200000,27990000
2026-09-19T00:09:08.434Z,59808,110,4500000000
2026-09-19T00:09:08.434Z,47175,153200000,1998000000
2026-09-19T00:09:08.434Z,47174,,999800000
2026-09-19T00:09:08.434Z,28817,5000000,650100000
2026-09-19T00:09:08.434Z,45983,12170000,36150000
2026-09-19T00:09:08.434Z,15869,10180000,199800000
2026-09-19T00:09:08.434Z,28816,5100000,450100000
2026-09-19T00:09:08.434Z,28818,5100000,319100000
2026-09-19T00:09:08.434Z,3396,620800,2095000
2026-09-19T00:09:08.434Z,46737,52000000,1000000000
2026-09-19T00:09:08.434Z,52400,1111,480000000
2026-09-19T00:09:08.434Z,52396,212000000,480000000
2026-09-19T00:09:08.434Z,48488,35880000,60000000
2026-09-19T00:09:08.434Z,52394,51800000,160000000
2026-09-19T00:09:08.434Z,14748,84350000,255600000
2026-09-19T00:09:08.434Z,27643,4504000,14490000
2026-09-19T00:09:08.434Z,58809,120000000,6000000000
2026-09-19T00:09:08.434Z,58785,75000000,8000000000
2026-09-19T00:09:08.434Z,87323,17500000,408000000
2026-09-19T00:09:08.434Z,59201,416400000,749900000
2026-09-19T00:09:08.434Z,3248,22000000,84000000
2026-09-19T00:09:08.434Z,37223,261000000,435000000
2026-09-19T00:09:08.434Z,2757,150000,50000000
2026-09-19T00:09:08.434Z,46133,411400000,1999000000
2026-09-19T00:09:08.434Z,95404,17000000,45000000
2026-09-19T00:09:08.434Z,42180,333000000,2999000000
2026-09-19T00:09:08.434Z,34307,25000,1500000
2026-09-19T00:09:08.434Z,31476,120000,12790000
2026-09-19T00:09:08.434Z,94146,112000000,225000000
2026-09-19T00:09:08.434Z,58874,353800,1675000
2026-09-19T00:09:08.434Z,82346,1000,258900
2026-09-19T00:09:08.434Z,3113,40680000,97900000
2026-09-19T00:09:08.434Z,33312,,57000000
2026-09-19T00:09:08.434Z,76210,,1195000
2026-09-19T00:09:08.434Z,52752,,899000000
2026-09-19T00:09:08.434Z,4065,261000000,690000000
2026-09-19T00:09:08.434Z,46162,,17990000
2026-09-19T00:09:08.434Z,53665,151700000,555000000
2026-09-19T00:09:08.434Z,52740,,1875000000
2026-09-19T00:09:08.434Z,36480,38210000,446000000
2026-09-19T00:09:08.434Z,15106,6536000000,9537000000
2026-09-19T00:09:08.434Z,82387,1000,93500000
2026-09-19T00:09:08.434Z,48565,,6994000000
2026-09-19T00:09:08.434Z,27455,65190,150000
2026-09-19T00:09:08.434Z,40497,35400000,318900000
2026-09-19T00:09:08.434Z,14618,2513000,2000000000
2026-09-19T00:09:08.434Z,41085,,42990000
2026-09-19T00:09:08.434Z,52290,127900,1899000
2026-09-19T00:09:08.434Z,31109,37000,160000000
2026-09-19T00:09:08.434Z,92977,2500000,7500000
2026-09-19T00:09:08.434Z,59229,408700000,3285000000
2026-09-19T00:09:08.434Z,56916,20400,17480000
2026-09-19T00:09:08.434Z,31156,9999,1000000
2026-09-19T00:09:08.434Z,52571,,349000000
2026-09-19T00:09:08.434Z,884,10,500000
2026-09-19T00:09:08.434Z,41601,100,29990000
2026-09-19T00:09:08.434Z,32422,61000,788800000
2026-09-19T00:09:08.434Z,14447,35000,41980000000
2026-09-19T00:09:08.434Z,53132,5095000,160000000
2026-09-19T00:09:08.434Z,56865,374500,4199000
2026-09-19T00:09:08.434Z,34156,,788800000
2026-09-19T00:09:08.434Z,33016,5010000,295000000
2026-09-19T00:09:08.434Z,85877,20000,798400
2026-09-19T00:09:08.434Z,26067,24990,1308000
2026-09-19T00:09:08.434Z,31657,5000,130800
2026-09-19T00:09:08.434Z,85009,363000000,1199000000
2026-09-19T00:09:08.434Z,59847,,1999000000
2026-09-19T00:09:08.434Z,15188,21740000,499900000
2026-09-19T00:09:08.434Z,26091,,1732000
2026-09-19T00:09:08.434Z,887,,798000
2026-09-19T00:09:08.434Z,49682,91390,674500
2026-09-19T00:09:08.434Z,31132,9999,1000000
2026-09-19T00:09:08.434Z,27769,3001000,24000000
2026-09-19T00:09:08.434Z,24563,40100000,278000000
2026-09-19T00:09:08.434Z,885,1721,2499000
2026-09-19T00:09:08.434Z,26101,,1350000
2026-09-19T00:09:08.434Z,31139,27690000,84900000
2026-09-19T00:09:08.434Z,19978,21,10000
2026-09-19T00:09:08.434Z,82206,511.6,4512
2026-09-19T00:09:08.434Z,17302,201000,4850000
2026-09-19T00:09:08.434Z,21010,509600000,1313000000
2026-09-19T00:09:08.434Z,20495,11900,994200
2026-09-19T00:09:08.434Z,25332,186000,284600
2026-09-19T00:09:08.434Z,86274,0.01,109600000
2026-09-19T00:09:08.434Z,59848,,4999000000
2026-09-19T00:09:08.434Z,46854,10040,999800
2026-09-19T00:09:08.434Z,40338,10930,748000
2026-09-19T00:09:08.434Z,27619,119400,9419000
2026-09-19T00:09:08.434Z,45013,,698000000
2026-09-19T00:09:08.434Z,48142,1000000,50000000
2026-09-19T00:09:08.434Z,81017,2179000,39970000
2026-09-19T00:09:08.434Z,29016,49990,1500000
2026-09-19T00:09:08.434Z,48549,120000000,1800000000
2026-09-19T00:09:08.434Z,47643,5950000,9999000000
2026-09-19T00:09:08.434Z,52858,3.99,1199000000
2026-09-19T00:09:08.434Z,45060,360000000,1351000000
2026-09-19T00:09:08.434Z,89784,2125000,5000000
2026-09-19T00:09:08.434Z,46959,105000,1986000
2026-09-19T00:09:08.434Z,14683,10400000,10480000000
2026-09-19T00:09:08.434Z,33011,1866,24600
2026-09-19T00:09:08.434Z,15224,249000,199000000
2026-09-19T00:09:08.434Z,56886,,399900000
2026-09-19T00:09:08.434Z,93467,55040000,150000000
2026-09-19T00:09:08.434Z,3403,252500,570000
2026-09-19T00:09:08.434Z,31780,,9899000
2026-09-19T00:09:08.434Z,40593,1505000,1000000000
2026-09-19T00:09:08.434Z,11803,5002,600000
2026-09-19T00:09:08.434Z,46669,1100000000,4490000000
2026-09-19T00:09:08.434Z,34653,304400000,55040000000
2026-09-19T00:09:08.434Z,48584,1235,21380000
2026-09-19T00:09:08.434Z,53617,2513000,496600000
2026-09-19T00:09:08.434Z,41256,,99700000
2026-09-19T00:09:08.434Z,93983,2078000000,2898000000
2026-09-19T00:09:08.434Z,84691,836300000,1300000000
2026-09-19T00:09:08.434Z,53514,749100,74910000
2026-09-19T00:09:08.434Z,15667,,3889000
2026-09-19T00:09:08.434Z,2736,150000,50000000
2026-09-19T00:09:08.434Z,15861,1279000,150000000
2026-09-19T00:09:08.434Z,49156,310000000,4254000000
2026-09-19T00:09:08.434Z,2740,150000,50000000
2026-09-19T00:09:08.434Z,47376,155000000,500000000
2026-09-19T00:09:08.434Z,2741,,50000000
2026-09-19T00:09:08.434Z,46830,39000,9892000
2026-09-19T00:09:08.434Z,41108,,111000000
2026-09-19T00:09:08.434Z,42198,300000000,2897000000
2026-09-19T00:09:08.434Z,41072,,116000000
2026-09-19T00:09:08.434Z,31621,5000,130800
2026-09-19T00:09:08.434Z,4059,78000000,540000000
2026-09-19T00:09:08.434Z,33773,5211000,98970000
2026-09-19T00:09:08.434Z,95479,1650000000,2797000000
2026-09-19T00:09:08.434Z,54752,613100000,1122000000
2026-09-19T00:09:08.434Z,14934,100000000,499900000
2026-09-19T00:09:08.434Z,45023,1000000,3000000000
2026-09-19T00:09:08.434Z,41165,,86000000
2026-09-19T00:09:08.434Z,41171,,96000000
2026-09-19T00:09:08.434Z,2750,150000,500000000
2026-09-19T00:09:08.434Z,95480,1550000000,2899000000
2026-09-19T00:09:08.434Z,78818,60000000,598400000
2026-09-19T00:09:08.434Z,2752,30000000,100000000
2026-09-19T00:09:08.434Z,53610,100100,999900000
2026-09-19T00:09:08.434Z,52861,,499900000
2026-09-19T00:09:08.434Z,2755,150000,50000000
2026-09-19T00:09:08.434Z,46142,15320000,474900000
2026-09-19T00:09:08.434Z,2759,150000,50000000
2026-09-19T00:09:08.434Z,53537,1023000,119800000
2026-09-19T00:09:08.434Z,27100,139500,699000
2026-09-19T00:09:08.434Z,27582,7550000,59870000
2026-09-19T00:09:08.434Z,55816,111000000,2112000000
2026-09-19T00:09:08.434Z,31038,,62900000
2026-09-19T00:09:08.434Z,33721,265600000,2655000000
2026-09-19T00:09:08.434Z,52882,3591000,499000000
2026-09-19T00:09:08.434Z,2761,150000,50000000
2026-09-19T00:09:08.434Z,788,0.03,3199000
2026-09-19T00:09:08.434Z,34687,55010000,2255000000
2026-09-19T00:09:08.434Z,36770,2106000,49990000
2026-09-19T00:09:08.434Z,2763,1.05,50000000
2026-09-19T00:09:08.434Z,40753,,9900000
2026-09-19T00:09:08.434Z,40742,,9900000
2026-09-19T00:09:08.434Z,22536,503.1,940900
2026-09-19T00:09:08.434Z,34599,5005000,47990000
2026-09-19T00:09:08.434Z,31610,991600,1300000
2026-09-19T00:09:08.434Z,33784,727900,11960000
2026-09-19T00:09:08.434Z,47510,120000000,999900000
2026-09-19T00:09:08.434Z,43517,10000000,1400000000
2026-09-19T00:09:08.434Z,31026,,59010000
2026-09-19T00:09:08.434Z,2774,150000,500000000
2026-09-19T00:09:08.434Z,2775,154000,250000000
2026-09-19T00:09:08.434Z,32866,,8900000
2026-09-19T00:09:08.434Z,2040,65010000,112800000
2026-09-19T00:09:08.434Z,2776,150800,125000000
2026-09-19T00:09:08.434Z,2777,150000,500000000
2026-09-19T00:09:08.434Z,10839,899900,1458560
2026-09-19T00:09:08.434Z,11619,5000,500000
2026-09-19T00:09:08.434Z,2778,150600,250000000
2026-09-19T00:09:08.434Z,54949,11030,229000
2026-09-19T00:09:08.434Z,2779,150000,125000000
2026-09-19T00:09:08.434Z,2781,150000,250000000
2026-09-19T00:09:08.434Z,2782,150000,125000000
2026-09-19T00:09:08.434Z,2783,150000,500000000
2026-09-19T00:09:08.434Z,17423,44410,44410000
2026-09-19T00:09:08.434Z,2784,320000,250000000
2026-09-19T00:09:08.434Z,14855,2709000000,6282000000
2026-09-19T00:09:08.434Z,2785,184400,125000000
2026-09-19T00:09:08.434Z,63124,48110000,110000000
2026-09-19T00:09:08.434Z,10841,,5854720
2026-09-19T00:09:08.434Z,31488,2008000,14990000
2026-09-19T00:09:08.434Z,2792,,50000000
2026-09-19T00:09:08.434Z,17977,0.01,218900
2026-09-19T00:09:08.434Z,2794,,50000000
2026-09-19T00:09:08.434Z,42678,1080000000,7980000000
2026-09-19T00:09:08.434Z,2796,,50000000
2026-09-19T00:09:08.434Z,43866,995600000,1565000000
2026-09-19T00:09:08.434Z,2798,,50000000
2026-09-19T00:09:08.434Z,27591,520800000,900000000
2026-09-19T00:09:08.434Z,2799,150000,50000000
2026-09-19T00:09:08.434Z,62045,6.42,225000
2026-09-19T00:09:08.434Z,17331,,8000000
2026-09-19T00:09:08.434Z,17329,,6000000
2026-09-19T00:09:08.434Z,2804,0.02,75000000
2026-09-19T00:09:08.434Z,2805,150000,100000000
2026-09-19T00:09:08.434Z,34176,50000000,250000000
2026-09-19T00:09:08.434Z,2806,1.05,50000000
2026-09-19T00:09:08.434Z,2808,,50000000
2026-09-19T00:09:08.434Z,14475,12090000,21490000000
2026-09-19T00:09:08.434Z,2810,150300,50000000
2026-09-19T00:09:08.434Z,2813,,25000000
2026-09-19T00:09:08.434Z,32026,5000,225000
2026-09-19T00:09:08.434Z,2814,150000,50000000
2026-09-19T00:09:08.434Z,46197,1000000,10000000
2026-09-19T00:09:08.434Z,2815,,25000000
2026-09-19T00:09:08.434Z,2816,150000,25000000
2026-09-19T00:09:08.434Z,20524,20000000,89850000
2026-09-19T00:09:08.434Z,2819,150000,25000000
2026-09-19T00:09:08.434Z,12824,290400,349000
2026-09-19T00:09:08.434Z,2823,150000,50000000
2026-09-19T00:09:08.434Z,2824,150000,50000000
2026-09-19T00:09:08.434Z,2825,,25000000
2026-09-19T00:09:08.434Z,33795,24100000,449700000
2026-09-19T00:09:08.434Z,2826,1.05,25000000
2026-09-19T00:09:08.434Z,71721,25320000,1260000000
2026-09-19T00:09:08.434Z,2827,,50000000
2026-09-19T00:09:08.434Z,54811,1,250000000
2026-09-19T00:09:08.434Z,42874,2000000,10800000
2026-09-19T00:09:08.434Z,2828,,50000000
2026-09-19T00:09:08.434Z,2830,0.02,100000000
2026-09-19T00:09:08.434Z,91930,46890000,98850000
2026-09-19T00:09:08.434Z,21948,1.01,200000000
2026-09-19T00:09:08.434Z,30532,,5230000
2026-09-19T00:09:08.434Z,73423,5512000000,7799000000
2026-09-19T00:09:08.434Z,21950,1.01,200000000
2026-09-19T00:09:08.434Z,21952,210200,200000000
2026-09-19T00:09:08.434Z,3103,49350000,199000000
2026-09-19T00:09:08.434Z,21954,1.01,200000000
2026-09-19T00:09:08.434Z,15000,521900,492600000
2026-09-19T00:09:08.434Z,34560,2850000,633500000
2026-09-19T00:09:08.434Z,21958,150100000,200000000
2026-09-19T00:09:08.434Z,21960,200200,200000000
2026-09-19T00:09:08.434Z,48750,110000000,2800000000
2026-09-19T00:09:08.434Z,59171,1.01,300000000
2026-09-19T00:09:08.434Z,21962,150200000,200000000
2026-09-19T00:09:08.434Z,21964,200200,200000000
2026-09-19T00:09:08.434Z,21966,1.01,200000000
2026-09-19T00:09:08.434Z,27912,1481000,1768000
2026-09-19T00:09:08.434Z,21968,1.01,200000000
2026-09-19T00:09:08.434Z,17299,4610000,342500000
2026-09-19T00:09:08.434Z,16243,4000000,13900000
2026-09-19T00:09:08.434Z,43698,45000000,174800000
2026-09-19T00:09:08.434Z,85527,,300000000
2026-09-19T00:09:08.434Z,31224,289100,21010000
2026-09-19T00:09:08.434Z,18657,1050000,9999000
2026-09-19T00:09:08.434Z,48211,5000000,1249000000
2026-09-19T00:09:08.434Z,52859,100100,1500000000
2026-09-19T00:09:08.434Z,46101,451200,449000000
2026-09-19T00:09:08.434Z,46719,600700000,9196000000
2026-09-19T00:09:08.434Z,12098,18730000,27800000
2026-09-19T00:09:08.434Z,33107,260000000,696800000
2026-09-19T00:09:08.434Z,40573,40000000,128000000
2026-09-19T00:09:08.434Z,36753,10580000,5000000000
2026-09-19T00:09:08.434Z,46113,22960000,622200000
2026-09-19T00:09:08.434Z,40603,13280000,6247000000
2026-09-19T00:09:08.434Z,20835,150000,274600
2026-09-19T00:09:08.434Z,52425,205100000,798700000
2026-09-19T00:09:08.434Z,3607,,150000
2026-09-19T00:09:08.434Z,28402,50.01,3300000
2026-09-19T00:09:08.434Z,85687,18010000,42020000
2026-09-19T00:09:08.434Z,78848,15230000,44980000
2026-09-19T00:09:08.434Z,41053,202000000,799000000
2026-09-19T00:09:08.434Z,31118,5000,250000
2026-09-19T00:09:08.434Z,86273,100000,107500000
2026-09-19T00:09:08.434Z,36498,40230000,1790000000
2026-09-19T00:09:08.434Z,44120,309000,4997000
2026-09-19T00:09:08.434Z,56197,1054000000,3000000000
2026-09-19T00:09:08.434Z,28412,98120,3239000
2026-09-19T00:09:08.434Z,49954,1529000000,25000000000
2026-09-19T00:09:08.434Z,83253,10000,468000
2026-09-19T00:09:08.434Z,54804,20180,5100000
2026-09-19T00:09:08.434Z,41051,240300000,538900000
2026-09-19T00:09:08.434Z,47259,2500,1900000
2026-09-19T00:09:08.434Z,57055,49520000,5799000000
2026-09-19T00:09:08.434Z,28815,5000000,122000000
2026-09-19T00:09:08.434Z,47211,5,280000000
2026-09-19T00:09:08.434Z,45548,500000000,34950000000
2026-09-19T00:09:08.434Z,43841,0.01,2974000
2026-09-19T00:09:08.434Z,44122,3000,624000
2026-09-19T00:09:08.434Z,14742,69200000,300000000
2026-09-19T00:09:08.434Z,14856,105900000,316000000
2026-09-19T00:09:08.434Z,41045,159700000,559000000
2026-09-19T00:09:08.434Z,12534,16050,2000000
2026-09-19T00:09:08.434Z,24697,272500000,618400000
2026-09-19T00:09:08.434Z,37895,10000,357000
2026-09-19T00:09:08.434Z,2007,61520000,93700000
2026-09-19T00:09:08.434Z,4191,268000000,642300000
2026-09-19T00:09:08.434Z,17817,32520,15000000
2026-09-19T00:09:08.434Z,41143,,103000000
2026-09-19T00:09:08.434Z,44255,,2000000000
2026-09-19T00:09:08.434Z,52779,96240000,5000000000
2026-09-19T00:09:08.434Z,46991,7488000,30000000
2026-09-19T00:09:08.434Z,53951,1211000000,5485000000
2026-09-19T00:09:08.434Z,1010,,280000
2026-09-19T00:09:08.434Z,46695,1906,490000
2026-09-19T00:09:08.434Z,34173,125000000,1500000000
2026-09-19T00:09:08.434Z,31359,,1249000
2026-09-19T00:09:08.434Z,52579,70000000,700000000
2026-09-19T00:09:08.434Z,57318,34620000,49990000
2026-09-19T00:09:08.434Z,31344,22290000,319800000
2026-09-19T00:09:08.434Z,55714,4699000,4000000000
2026-09-19T00:09:08.434Z,40474,,5000000000
2026-09-19T00:09:08.434Z,46199,1000000,9749000
2026-09-19T00:09:08.434Z,43486,4900000,1900000000
2026-09-19T00:09:08.434Z,33610,0.01,50000000
2026-09-19T00:09:08.434Z,33804,650000000,21000000000
2026-09-19T00:09:08.434Z,33803,961400000,19000000000
2026-09-19T00:09:08.434Z,29099,55050,1496000
2026-09-19T00:09:08.434Z,43884,715000000,1297000000
2026-09-19T00:09:08.434Z,88088,710000000,1990000000
2026-09-19T00:09:08.434Z,46146,14220000,54850000
2026-09-19T00:09:08.434Z,896,,1540000
2026-09-19T00:09:08.434Z,12478,5873,799500
2026-09-19T00:09:08.434Z,34364,880000000,1602000000
2026-09-19T00:09:08.434Z,84674,1144000000,9999000000
2026-09-19T00:09:08.434Z,34174,48980000,79780000
2026-09-19T00:09:08.434Z,50035,110000000,750000000
2026-09-19T00:09:08.434Z,30003,,13000000
2026-09-19T00:09:08.434Z,34435,200000,20110000
2026-09-19T00:09:08.434Z,41049,70420000,689000000
2026-09-19T00:09:08.434Z,73228,1000000,18800000
2026-09-19T00:09:08.434Z,92374,5.29,21.97
2026-09-19T00:09:08.434Z,21970,,200000000
2026-09-19T00:09:08.434Z,24703,551000000,598900000
2026-09-19T00:09:08.434Z,73271,,19860000
2026-09-19T00:09:08.434Z,59235,,2600000000
2026-09-19T00:09:08.434Z,48748,85000000,978200000
2026-09-19T00:09:08.434Z,40755,,9900000
2026-09-19T00:09:08.434Z,43,188.4,398.9
2026-09-19T00:09:08.434Z,64405,100000000,1129000000
2026-09-19T00:09:08.434Z,24653,91700000,389000000
2026-09-19T00:09:08.434Z,27782,,1099000000
2026-09-19T00:09:08.434Z,53615,5000000,449000000
2026-09-19T00:09:08.434Z,87798,71000000,125000000
2026-09-19T00:09:08.434Z,47295,883000000,1500000000
2026-09-19T00:09:08.434Z,32867,,999900
2026-09-19T00:09:08.434Z,30477,,13000000
2026-09-19T00:09:08.434Z,47047,20000,90000000
2026-09-19T00:09:08.434Z,84998,421000000,1300000000
2026-09-19T00:09:08.434Z,28431,16.14,1800
2026-09-19T00:09:08.434Z,29997,,13000000
2026-09-19T00:09:08.434Z,59835,1,3220000000
2026-09-19T00:09:08.434Z,16692,5000000,20000000
2026-09-19T00:09:08.434Z,47294,26530000,2799000000
2026-09-19T00:09:08.434Z,91085,,15980000
2026-09-19T00:09:08.434Z,2030,,499900000
2026-09-19T00:09:08.434Z,15032,130000000,400000000
2026-09-19T00:09:08.434Z,56912,1000000,850000000
2026-09-19T00:09:08.434Z,48592,101000,39000000
2026-09-19T00:09:08.434Z,60264,32030000,127500000
2026-09-19T00:09:08.434Z,31536,44090000,239900000
2026-09-19T00:09:08.434Z,45992,1001000,178800000
2026-09-19T00:09:08.434Z,36723,33000000,174900000
2026-09-19T00:09:08.434Z,15802,64110000,130000000
2026-09-19T00:09:08.434Z,36514,1100000000,10250000000
2026-09-19T00:09:08.434Z,24549,,317000000
2026-09-19T00:09:08.434Z,48839,1406000,494500000
2026-09-19T00:09:08.434Z,43659,,400000000
2026-09-19T00:09:08.434Z,15084,,2587000000
2026-09-19T00:09:08.434Z,57812,300700000,1950000000
2026-09-19T00:09:08.434Z,42163,100000,990000000
2026-09-19T00:09:08.434Z,14900,233900000,285400000
2026-09-19T00:09:08.434Z,46317,5592,34000000
2026-09-19T00:09:08.434Z,24636,95820000,124800000
2026-09-19T00:09:08.434Z,42181,155200000,1990000000
2026-09-19T00:09:08.434Z,56194,1225000,2000000000
2026-09-19T00:09:08.434Z,62495,819.6,2985
2026-09-19T00:09:08.434Z,52782,570000000,5700000000
2026-09-19T00:09:08.434Z,18679,5004,20000000
2026-09-19T00:09:08.434Z,84429,45360,390000
2026-09-19T00:09:08.434Z,87266,55.11,9400000
2026-09-19T00:09:08.434Z,47057,,100000000
2026-09-19T00:09:08.434Z,41063,11180000,150000000
2026-09-19T00:09:08.434Z,3425,22.07,100000
2026-09-19T00:09:08.434Z,53183,1110000,1000000000
2026-09-19T00:09:08.434Z,18716,377.9,3400000
2026-09-19T00:09:08.434Z,3409,3205,750000
2026-09-19T00:09:08.434Z,54741,75870000,135100000
2026-09-19T00:09:08.434Z,4097,2537000000,94400000000
2026-09-19T00:09:08.434Z,52629,11550000,900000000
2026-09-19T00:09:08.434Z,57514,1587000,1589000000
2026-09-19T00:09:08.434Z,27595,199800000,888200000
2026-09-19T00:09:08.434Z,12201,159200,999600
2026-09-19T00:09:08.434Z,21202,75540,1697000
2026-09-19T00:09:08.434Z,37169,25010000,19970000000
2026-09-19T00:09:08.434Z,54809,1,26980000
2026-09-19T00:09:08.434Z,31645,5000,130700
2026-09-19T00:09:08.434Z,11872,10020,699700
2026-09-19T00:09:08.434Z,27065,,61000000
2026-09-19T00:09:08.434Z,15064,141900000,285100000
2026-09-19T00:09:08.434Z,17291,10010000,20000000
2026-09-19T00:09:08.434Z,28394,4524,490000
2026-09-19T00:09:08.434Z,48382,65000000,1066000000
2026-09-19T00:09:08.434Z,17250,185000000,375000000
2026-09-19T00:09:08.434Z,16232,370100000,554700000
2026-09-19T00:09:08.434Z,24691,1002000000,1859000000
2026-09-19T00:09:08.434Z,40490,35560000,329200000
2026-09-19T00:09:08.434Z,55855,16690000000,69990000000
2026-09-19T00:09:08.434Z,46641,125000000,7986000000
2026-09-19T00:09:08.434Z,84972,507500000,699900000
2026-09-19T00:09:08.434Z,41697,,70000000
2026-09-19T00:09:08.434Z,90398,1004000,7793000
2026-09-19T00:09:08.434Z,21206,7500,1450000
2026-09-19T00:09:08.434Z,43692,25140000,39790000
2026-09-19T00:09:08.434Z,14858,,600100000
2026-09-19T00:09:08.434Z,93993,900000000,1450000000
2026-09-19T00:09:08.434Z,27674,10000000,80000000
2026-09-19T00:09:08.434Z,838,100000,1189000
2026-09-19T00:09:08.434Z,46900,20.1,4245000
2026-09-19T00:09:08.434Z,34348,1200000000,8000000000
2026-09-19T00:09:08.434Z,53421,24000000,2395000000
2026-09-19T00:09:08.434Z,53959,410000000,1200000000
2026-09-19T00:09:08.434Z,832,100,13490000
2026-09-19T00:09:08.434Z,55858,13890000000,60910000000
2026-09-19T00:09:08.434Z,36299,57000000,569000000
2026-09-19T00:09:08.434Z,14646,16420000000,29740000000
2026-09-19T00:09:08.434Z,85876,13000000,14410000
2026-09-19T00:09:08.434Z,37894,10000,899900
2026-09-19T00:09:08.434Z,89705,20000000,307000000
2026-09-19T00:09:08.434Z,48180,10000000,4799000000
2026-09-19T00:09:08.434Z,71730,,297900000
2026-09-19T00:09:08.434Z,41092,,35900000
2026-09-19T00:09:08.434Z,14405,2306000,3200000000
2026-09-19T00:09:08.434Z,81054,104100000,2090000000
2026-09-19T00:09:08.434Z,48232,7399000,69900000
2026-09-19T00:09:08.434Z,12057,5000,400000
2026-09-19T00:09:08.434Z,43546,,9000000
2026-09-19T00:09:08.434Z,1245,5000,325000
2026-09-19T00:09:08.434Z,25343,160000,887800
2026-09-19T00:09:08.434Z,11621,1000,200000
2026-09-19T00:09:08.434Z,59465,,750000000
2026-09-19T00:09:08.434Z,33221,400000,70000000
2026-09-19T00:09:08.434Z,74156,608400,14800000
2026-09-19T00:09:08.434Z,85483,10,10000000000
2026-09-19T00:09:08.434Z,45901,100700,4000000
2026-09-19T00:09:08.434Z,20941,570,8999
2026-09-19T00:09:08.434Z,59332,59800000,2593000000
2026-09-19T00:09:08.434Z,16591,35100000,38000000
2026-09-19T00:09:08.434Z,41243,,35490000
2026-09-19T00:09:08.434Z,22043,3004000,27000000
2026-09-19T00:09:08.434Z,14878,1374000,500000000
2026-09-19T00:09:08.434Z,62476,405.9,1500
2026-09-19T00:09:08.434Z,83921,785100,2979000
2026-09-19T00:09:08.434Z,47110,100,500000000
2026-09-19T00:09:08.434Z,43926,3257000,1000000000
2026-09-19T00:09:08.434Z,45540,2236000,1000000000
2026-09-19T00:09:08.434Z,45541,3259000,1000000000
2026-09-19T00:09:08.434Z,45542,1001000,1000000000
2026-09-19T00:09:08.434Z,43928,3267000,1000000000
2026-09-19T00:09:08.434Z,40684,,29000000
2026-09-19T00:09:08.434Z,41698,,69000000
2026-09-19T00:09:08.434Z,81071,,5234000
2026-09-19T00:09:08.434Z,43663,,398000000
2026-09-19T00:09:08.434Z,56895,100100,500000000
2026-09-19T00:09:08.434Z,62497,2428,7400
2026-09-19T00:09:08.434Z,979,30610000,92960000
2026-09-19T00:09:08.434Z,14484,457400000,976000000
2026-09-19T00:09:08.434Z,19725,1386000000,1991000000
2026-09-19T00:09:08.434Z,40607,5228000,305000000
2026-09-19T00:09:08.434Z,92984,6000000,30000000
2026-09-19T00:09:08.434Z,56628,8141,13000
2026-09-19T00:09:08.434Z,31729,,2249000
2026-09-19T00:09:08.434Z,57416,2503000,295000000
2026-09-19T00:09:08.434Z,70853,1227000000,3273000000
2026-09-19T00:09:08.434Z,31548,79550000,600000000
2026-09-19T00:09:08.434Z,4064,55100000,199800000
2026-09-19T00:09:08.434Z,52855,100500,1499000000
2026-09-19T00:09:08.434Z,43665,,400000000
2026-09-19T00:09:08.434Z,44902,135500,6965000
2026-09-19T00:09:08.434Z,46964,191400,2199000
2026-09-19T00:09:08.434Z,76282,310100000,2000000000
2026-09-19T00:09:08.434Z,26111,25000,1500000
2026-09-19T00:09:08.434Z,23714,100,2200000
2026-09-19T00:09:08.434Z,93775,,499800
2026-09-19T00:09:08.434Z,23660,3000,1000000
2026-09-19T00:09:08.434Z,78408,470600000,1950000000
2026-09-19T00:09:08.434Z,62512,13580,35650
2026-09-19T00:09:08.434Z,59225,33670000,2185000000
2026-09-19T00:09:08.434Z,85724,,35000000
2026-09-19T00:09:08.434Z,34814,70010000,9500000000
2026-09-19T00:09:08.434Z,17860,,80000000
2026-09-19T00:09:08.434Z,21030,914900,914500000
2026-09-19T00:09:08.434Z,17180,2378000,6000000
2026-09-19T00:09:08.434Z,79615,973500000,7500000000
2026-09-19T00:09:08.434Z,11296,10000,1000000
2026-09-19T00:09:08.434Z,79617,831200000,3899000000
2026-09-19T00:09:08.434Z,54904,150000000,3750000000
2026-09-19T00:09:08.434Z,76155,100900,14090000
2026-09-19T00:09:08.434Z,15140,1051000000,4599000000
2026-09-19T00:09:08.434Z,56210,72010000,179900000
2026-09-19T00:09:08.434Z,85482,2060000,34890000
2026-09-19T00:09:08.434Z,46155,8000000,29200000
2026-09-19T00:09:08.434Z,52695,,31372640
2026-09-19T00:09:08.434Z,15236,,500000000
2026-09-19T00:09:08.434Z,15196,,450000000
2026-09-19T00:09:08.434Z,28388,10610,382400
2026-09-19T00:09:08.434Z,93477,47230000,150000000
2026-09-19T00:09:08.434Z,15161,349000,996600000
2026-09-19T00:09:08.434Z,32854,,3900000
2026-09-19T00:09:08.434Z,43758,58020000,200000000
2026-09-19T00:09:08.434Z,45929,10260000,121300000
2026-09-19T00:09:08.434Z,95266,35320000,989900000
2026-09-19T00:09:08.434Z,46200,1000000,10000000
2026-09-19T00:09:08.434Z,92988,5215000,23660000
2026-09-19T00:09:08.434Z,26071,24990,1500000
2026-09-19T00:09:08.434Z,92793,10100000,1556000000
2026-09-19T00:09:08.434Z,92794,10010000,1556000000
2026-09-19T00:09:08.434Z,75272,26900000,1300000000
2026-09-19T00:09:08.434Z,41451,,400000000
2026-09-19T00:09:08.434Z,26039,,5000000
2026-09-19T00:09:08.434Z,27598,367000000,576000000
2026-09-19T00:09:08.434Z,26047,,5000000
2026-09-19T00:09:08.434Z,26049,,5000000
2026-09-19T00:09:08.434Z,70851,1704000000,5700000000
2026-09-19T00:09:08.434Z,59231,323800000,2790000000
2026-09-19T00:09:08.434Z,31661,0.02,59730000
2026-09-19T00:09:08.434Z,80024,1.17,1497
2026-09-19T00:09:08.434Z,15016,101000000,775600000
2026-09-19T00:09:08.434Z,14603,5699000000,13060000000
2026-09-19T00:09:08.434Z,83225,40000,97120000
2026-09-19T00:09:08.434Z,37489,100,3000000000
2026-09-19T00:09:08.434Z,3729,501.5,264900
2026-09-19T00:09:08.434Z,55746,1,49900000
2026-09-19T00:09:08.434Z,73249,11970,1166000
2026-09-19T00:09:08.434Z,2057,612500,595000000
2026-09-19T00:09:08.434Z,60949,22000000,890000000
2026-09-19T00:09:08.434Z,1154,,31400
2026-09-19T00:09:08.434Z,49922,,249900000
2026-09-19T00:09:08.434Z,37274,125000000,19970000000
2026-09-19T00:09:08.434Z,47209,5,230000000
2026-09-19T00:09:08.434Z,34269,9999,1000000
2026-09-19T00:09:08.434Z,36767,67100000,1265000000
2026-09-19T00:09:08.434Z,1809,150000,300000
2026-09-19T00:09:08.434Z,41183,,126000000
2026-09-19T00:09:08.434Z,41177,,126000000
2026-09-19T00:09:08.434Z,43935,7449000000,17000000000
2026-09-19T00:09:08.434Z,54800,10060000,319900000
2026-09-19T00:09:08.434Z,33308,,57000000
2026-09-19T00:09:08.434Z,31339,0.02,56000000
2026-09-19T00:09:08.434Z,31315,0.02,58000000
2026-09-19T00:09:08.434Z,33278,,56000000
2026-09-19T00:09:08.434Z,31543,,57000000
2026-09-19T00:09:08.434Z,59222,3851000,12000000000
2026-09-19T00:09:08.434Z,37868,5002000,1500000000
2026-09-19T00:09:08.434Z,43548,,2000000
2026-09-19T00:09:08.434Z,46126,4350000,999900000
2026-09-19T00:09:08.434Z,54177,2605000000,3897000000
2026-09-19T00:09:08.434Z,14886,50010000,338100000
2026-09-19T00:09:08.434Z,11238,9999,850000
2026-09-19T00:09:08.434Z,36408,210300000,1660000000
2026-09-19T00:09:08.434Z,54370,45680000,100000000
2026-09-19T00:09:08.434Z,26079,24990,1500000
2026-09-19T00:09:08.434Z,17221,10070,499100
2026-09-19T00:09:08.434Z,53957,2927000,2440000000
2026-09-19T00:09:08.434Z,59875,44010000,2980000000
2026-09-19T00:09:08.434Z,63697,7984000,1898000000
2026-09-19T00:09:08.434Z,47534,500000,849500000
2026-09-19T00:09:08.434Z,45552,6026000000,35000000000
2026-09-19T00:09:08.434Z,21038,223200000,1062000000
2026-09-19T00:09:08.434Z,48834,3117000,406000000
2026-09-19T00:09:08.434Z,93354,195000000,349000000
2026-09-19T00:09:08.434Z,53650,,1850000000
2026-09-19T00:09:08.434Z,14654,157400000,140000000000
2026-09-19T00:09:08.434Z,71728,200000000,3500000000
2026-09-19T00:09:08.434Z,53193,167000000,1111000000
2026-09-19T00:09:08.434Z,14379,5100000000,6500000000
2026-09-19T00:09:08.434Z,78887,100000,22890000
2026-09-19T00:09:08.434Z,2735,0.02,575000000
2026-09-19T00:09:08.434Z,43721,125000000,19970000000
2026-09-19T00:09:08.434Z,41142,145000000,800000000
2026-09-19T00:09:08.434Z,41458,267000000,1200000000
2026-09-19T00:09:08.434Z,46663,1100000000,9000000000
2026-09-19T00:09:08.434Z,54542,420000000,770000000
2026-09-19T00:09:08.434Z,82360,60010,1923000
2026-09-19T00:09:08.434Z,41114,59200000,115000000
2026-09-19T00:09:08.434Z,46705,500.1,177800
2026-09-19T00:09:08.434Z,48731,27080000,299900000
2026-09-19T00:09:08.434Z,46696,0.1,777800
2026-09-19T00:09:08.434Z,23918,494700000,18000000000
2026-09-19T00:09:08.434Z,41258,,169900000
2026-09-19T00:09:08.434Z,52404,390000000,999700000
2026-09-19T00:09:08.434Z,60226,61620000,650000000
2026-09-19T00:09:08.434Z,27675,5001000,1875000000
2026-09-19T00:09:08.434Z,41064,22290000,123100000
2026-09-19T00:09:08.434Z,17356,,5900000
2026-09-19T00:09:08.434Z,49423,3333,5750000000
2026-09-19T00:09:08.434Z,31471,0.02,63000000
2026-09-19T00:09:08.434Z,11358,1000,1129000
2026-09-19T00:09:08.434Z,12226,355500,1882000
2026-09-19T00:09:08.434Z,1275,10,2500000
2026-09-19T00:09:08.434Z,14554,759000000,1206000000
2026-09-19T00:09:08.434Z,31435,0.02,63000000
2026-09-19T00:09:08.434Z,31459,0.02,63000000
2026-09-19T00:09:08.434Z,31014,,62010000
2026-09-19T00:09:08.434Z,31076,,62990000
2026-09-19T00:09:08.434Z,31088,0.02,63000000
2026-09-19T00:09:08.434Z,33903,30000000,63000000
2026-09-19T00:09:08.434Z,41633,,130000000
2026-09-19T00:09:08.434Z,3942,,2740000
2026-09-19T00:09:08.434Z,24555,,320000000
2026-09-19T00:09:08.434Z,16234,316100000,594500000
2026-09-19T00:09:08.434Z,46642,125000000,28950000000
2026-09-19T00:09:08.434Z,840,,1682000
2026-09-19T00:09:08.434Z,839,,1250000
2026-09-19T00:09:08.434Z,89558,,500000
2026-09-19T00:09:08.434Z,89606,,5000000
2026-09-19T00:09:08.434Z,46674,360400000,3333000000
2026-09-19T00:09:08.434Z,17675,20000,16000000
2026-09-19T00:09:08.434Z,20451,1312000,73000000
2026-09-19T00:09:08.434Z,23722,,2300000
2026-09-19T00:09:08.434Z,93776,,20270000
2026-09-19T00:09:08.434Z,37149,991200000,1850000000
2026-09-19T00:09:08.434Z,52869,,388700000
2026-09-19T00:09:08.434Z,28417,819.6,21000
2026-09-19T00:09:08.434Z,80015,1231,298700
2026-09-19T00:09:08.434Z,57390,110000000,1950000000
2026-09-19T00:09:08.434Z,17326,,7000000
2026-09-19T00:09:08.434Z,95478,504900000,2950000000
2026-09-19T00:09:08.434Z,34693,22610000,399000000
2026-09-19T00:09:08.434Z,46158,,17990000
2026-09-19T00:09:08.434Z,23474,1.05,7000000
2026-09-19T00:09:08.434Z,25949,1000,1350000
2026-09-19T00:09:08.434Z,81043,61010000,130000000
2026-09-19T00:09:08.434Z,34736,22200000,149000000
2026-09-19T00:09:08.434Z,25953,24990,1500000
2026-09-19T00:09:08.434Z,1334,50000,150000
2026-09-19T00:09:08.434Z,31373,10000,1250000
2026-09-19T00:09:08.434Z,59334,54820000,2497000000
2026-09-19T00:09:08.434Z,54766,3000000,190000000
2026-09-19T00:09:08.434Z,46691,300600,549900
2026-09-19T00:09:08.434Z,92027,,1997000
2026-09-19T00:09:08.434Z,36794,55100000,941900000
2026-09-19T00:09:08.434Z,63698,1.45,33000000
2026-09-19T00:09:08.434Z,40616,75000000,10000000000
2026-09-19T00:09:08.434Z,48135,1000000,144000000
2026-09-19T00:09:08.434Z,1106,5000,500000
2026-09-19T00:09:08.434Z,12302,911000,2939000
2026-09-19T00:09:08.434Z,36902,6053000,37000000000
2026-09-19T00:09:08.434Z,46144,6000000,1499000000
2026-09-19T00:09:08.434Z,92373,5.05,25
2026-09-19T00:09:08.434Z,92371,1.12,12
2026-09-19T00:09:08.434Z,15006,2468000,240900000
2026-09-19T00:09:08.434Z,14802,2434000000,2849000000
2026-09-19T00:09:08.434Z,88048,26880000,26890000000
2026-09-19T00:09:08.434Z,49152,100000000,9745000000
2026-09-19T00:09:08.434Z,46314,7869,321600
2026-09-19T00:09:08.434Z,26027,24990,1496000
2026-09-19T00:09:08.434Z,56902,,1190000000
2026-09-19T00:09:08.434Z,31801,5000,224700
2026-09-19T00:09:08.434Z,26021,24990,1500000
2026-09-19T00:09:08.434Z,57708,25210000000,64500000000
2026-09-19T00:09:08.434Z,52878,101100,449900000
2026-09-19T00:09:08.434Z,31789,,225000
2026-09-19T00:09:08.434Z,48550,,595100000
2026-09-19T00:09:08.434Z,48547,,685100000
2026-09-19T00:09:08.434Z,52850,353200,353100000
2026-09-19T00:09:08.434Z,14946,16180000000,24990000000
2026-09-19T00:09:08.434Z,52868,470400,468800000
2026-09-19T00:09:08.434Z,93481,71010000,157600000
2026-09-19T00:09:08.434Z,63175,18000000,194000000
2026-09-19T00:09:08.434Z,33290,,49900000
2026-09-19T00:09:08.434Z,33220,300000,50000000
2026-09-19T00:09:08.434Z,31134,,58000000
2026-09-19T00:09:08.434Z,17336,,9000000
2026-09-19T00:09:08.434Z,28403,1058,90000
2026-09-19T00:09:08.434Z,41609,10,63000000
2026-09-19T00:09:08.434Z,33988,1500000,35000000
2026-09-19T00:09:08.434Z,34417,55100,2000000
2026-09-19T00:09:08.434Z,17342,,6000000
2026-09-19T00:09:08.434Z,31303,0.02,58000000
2026-09-19T00:09:08.434Z,47054,4100000,5900000
2026-09-19T00:09:08.434Z,53184,,2198000000
2026-09-19T00:09:08.434Z,34051,700700000,1853000000
2026-09-19T00:09:08.434Z,54810,1,29990000
2026-09-19T00:09:08.434Z,52580,,600000000
2026-09-19T00:09:08.434Z,46202,1000000,10500000
2026-09-19T00:09:08.434Z,36660,5122000,300000000
2026-09-19T00:09:08.434Z,24396,25190,1465000
2026-09-19T00:09:08.434Z,25909,24990,1500000
2026-09-19T00:09:08.434Z,30467,,13000000
2026-09-19T00:09:08.434Z,77867,33000000,328800000
2026-09-19T00:09:08.434Z,48242,10000,600000000
2026-09-19T00:09:08.434Z,25919,24990,1479000
2026-09-19T00:09:08.434Z,32044,10250,1000000
2026-09-19T00:09:08.434Z,55583,1000,89900
2026-09-19T00:09:08.434Z,14597,530500000,1399000000
2026-09-19T00:09:08.434Z,40484,26500000,2800000000
2026-09-19T00:09:08.434Z,34681,5209000,150000000
2026-09-19T00:09:08.434Z,3346,59000000,6800000000
2026-09-19T00:09:08.434Z,34600,20000000,2900000000
2026-09-19T00:09:08.434Z,52569,80000000,299900000
2026-09-19T00:09:08.434Z,52575,45000000,449900000
2026-09-19T00:09:08.434Z,93349,1200000,120000000
2026-09-19T00:09:08.434Z,44103,,7000000
2026-09-19T00:09:08.434Z,11300,2275000,4185000
2026-09-19T00:09:08.434Z,52586,70000000,700000000
2026-09-19T00:09:08.434Z,35797,100000,1500000
2026-09-19T00:09:08.434Z,52585,21250000,998300000
2026-09-19T00:09:08.434Z,52584,100000000,1000000000
2026-09-19T00:09:08.434Z,52574,44000000,394900000
2026-09-19T00:09:08.434Z,32783,5,120000
2026-09-19T00:09:08.434Z,48243,6001000,648900000
2026-09-19T00:09:08.434Z,45014,3370000,978600000
2026-09-19T00:09:08.434Z,49820,7100000,2438000000
2026-09-19T00:09:08.434Z,49818,10000,1628000000
2026-09-19T00:09:08.434Z,64409,196700000,1852000000
2026-09-19T00:09:08.434Z,12258,25000,2067000
2026-09-19T00:09:08.434Z,31144,9999,1000000
2026-09-19T00:09:08.434Z,48523,400000000,7389000000
2026-09-19T00:09:08.434Z,59422,5898000,2500000000
2026-09-19T00:09:08.434Z,48524,2604000000,9799000000
2026-09-19T00:09:08.434Z,35772,50010,144000
2026-09-19T00:09:08.434Z,35791,,99000
2026-09-19T00:09:08.434Z,35796,120100,1500000
2026-09-19T00:09:08.434Z,25346,100000,4000000
2026-09-19T00:09:08.434Z,26085,24990,1500000
2026-09-19T00:09:08.434Z,81975,81.05,399
2026-09-19T00:09:08.434Z,1177,500200,4380000
2026-09-19T00:09:08.434Z,944,1524000,3940000
2026-09-19T00:09:08.434Z,52852,251100,1500000000
2026-09-19T00:09:08.434Z,691,1000000,5500000
2026-09-19T00:09:08.434Z,29077,58340,1397000
2026-09-19T00:09:08.434Z,62669,,121000000
2026-09-19T00:09:08.434Z,62672,,600000000
2026-09-19T00:09:08.434Z,62673,2995000,300000000
2026-09-19T00:09:08.434Z,62674,1,600000000
2026-09-19T00:09:08.434Z,62676,1,456000000
2026-09-19T00:09:08.434Z,62678,1,608500000
2026-09-19T00:09:08.434Z,62679,1312000,1217000000
2026-09-19T00:09:08.434Z,62652,,60000000
2026-09-19T00:09:08.434Z,90141,910000000,5488000000
2026-09-19T00:09:08.434Z,53310,100200000,999900000
2026-09-19T00:09:08.434Z,64407,185500000,1848000000
2026-09-19T00:09:08.434Z,11247,5003,113700
2026-09-19T00:09:08.434Z,42187,3200000,997400000
2026-09-19T00:09:08.434Z,36834,26220000,197400000
2026-09-19T00:09:08.434Z,28389,5402,8500000
2026-09-19T00:09:08.434Z,90124,286900000,1199000000
2026-09-19T00:09:08.434Z,54905,,2190000000
2026-09-19T00:09:08.434Z,36398,204000000,1965000000
2026-09-19T00:09:08.434Z,40496,130500000,3198000000
2026-09-19T00:09:08.434Z,48593,251000,2269000
2026-09-19T00:09:08.434Z,84993,102400000,1844000000
2026-09-19T00:09:08.434Z,85721,,4899000
2026-09-19T00:09:08.434Z,40477,125000000,2500000000
2026-09-19T00:09:08.434Z,53649,100100,1180000000
2026-09-19T00:09:08.434Z,31495,0.02,63000000
2026-09-19T00:09:08.434Z,31002,,63000000
2026-09-19T00:09:08.434Z,56734,150000000,550328800
2026-09-19T00:09:08.434Z,41622,,65000000
2026-09-19T00:09:08.434Z,31447,0.02,63000000
2026-09-19T00:09:08.434Z,93699,,399900000
2026-09-19T00:09:08.434Z,62503,5078,6910
2026-09-19T00:09:08.434Z,40720,100,95000000
2026-09-19T00:09:08.434Z,48838,2781000,761200000
2026-09-19T00:09:08.434Z,48831,10010000,379800000
2026-09-19T00:09:08.434Z,41392,,65000000
2026-09-19T00:09:08.434Z,34656,4164000000,200000000000
2026-09-19T00:09:08.434Z,94148,17230000,399000000
2026-09-19T00:09:08.434Z,1548,,1552000
2026-09-19T00:09:08.434Z,1552,,1603000
2026-09-19T00:09:08.434Z,1564,,1707000
2026-09-19T00:09:08.434Z,41628,,30000000
2026-09-19T00:09:08.434Z,3954,,2951000
2026-09-19T00:09:08.434Z,3948,,2845000
2026-09-19T00:09:08.434Z,3938,,2635000
2026-09-19T00:09:08.434Z,17669,20000,20000000
2026-09-19T00:09:08.434Z,823,,1200000
2026-09-19T00:09:08.434Z,17679,,12000000
2026-09-19T00:09:08.434Z,94011,240200000,1380000000
2026-09-19T00:09:08.434Z,58870,52000,5998000
2026-09-19T00:09:08.434Z,15002,425000,430200000
2026-09-19T00:09:08.434Z,37490,170000000,1700000000
2026-09-19T00:09:08.434Z,28425,2000,5000
2026-09-19T00:09:08.434Z,31753,5000,130800
2026-09-19T00:09:08.434Z,46495,1521000000,3497000000
2026-09-19T00:09:08.434Z,54554,5000000,49000000
2026-09-19T00:09:08.434Z,54912,804000000,9008000000
2026-09-19T00:09:08.434Z,92800,11000000,2556000000
2026-09-19T00:09:08.434Z,17651,,6000000
2026-09-19T00:09:08.434Z,11880,0.01,999900
2026-09-19T00:09:08.434Z,13819,760400,4499000
2026-09-19T00:09:08.434Z,33380,6073000000,35000000000
2026-09-19T00:09:08.434Z,42617,25040000,4999000000
2026-09-19T00:09:08.434Z,12300,1,34900000
2026-09-19T00:09:08.434Z,62474,288.3,799.9
2026-09-19T00:09:08.434Z,22766,1250000,11200000
2026-09-19T00:09:08.434Z,2505,401100,780000
2026-09-19T00:09:08.434Z,32861,,1098000
2026-09-19T00:09:08.434Z,57500,1000000,10900000
2026-09-19T00:09:08.434Z,52851,100400,299900000
2026-09-19T00:09:08.434Z,4366,361000000,460000000
2026-09-19T00:09:08.434Z,93013,3203000,89000000
2026-09-19T00:09:08.434Z,53613,100100,1199000000
2026-09-19T00:09:08.434Z,1173,77060,1325000
2026-09-19T00:09:08.434Z,52437,111000000,733600000
2026-09-19T00:09:08.434Z,37219,232500000,499700000
2026-09-19T00:09:08.434Z,24570,,40000000
2026-09-19T00:09:08.434Z,57505,0.01,10470000
2026-09-19T00:09:08.434Z,36639,46300000,1499000000
2026-09-19T00:09:08.434Z,31558,,2000000
2026-09-19T00:09:08.434Z,31251,,500000
2026-09-19T00:09:08.434Z,37853,10,9500000
2026-09-19T00:09:08.434Z,59866,1066000,5000000000
2026-09-19T00:09:08.434Z,49959,4000000000,269900000000
2026-09-19T00:09:08.434Z,27766,6000000,39900000
2026-09-19T00:09:08.434Z,34355,650000000,2790000000
2026-09-19T00:09:08.434Z,41420,105200,49990000
2026-09-19T00:09:08.434Z,33769,360000000,4448000000
2026-09-19T00:09:08.434Z,92667,146700000,238700000
2026-09-19T00:09:08.434Z,63696,66520000,2900000000
2026-09-19T00:09:08.434Z,43835,148900000,1450000000
2026-09-19T00:09:08.434Z,32036,10000,850000
2026-09-19T00:09:08.434Z,48755,11000000,198200000
2026-09-19T00:09:08.434Z,22765,118100,204800
2026-09-19T00:09:08.434Z,60957,155200000,1500000000
2026-09-19T00:09:08.434Z,59831,,2800000000
2026-09-19T00:09:08.434Z,14952,511400,495000000
2026-09-19T00:09:08.434Z,17324,,7000000
2026-09-19T00:09:08.434Z,52872,100100,1347000000
2026-09-19T00:09:08.434Z,48833,500400,379900000
2026-09-19T00:09:08.434Z,56193,28890000,2499000000
2026-09-19T00:09:08.434Z,59331,102400000,2184000000
2026-09-19T00:09:08.434Z,17349,4001000,9000000
2026-09-19T00:09:08.434Z,23807,5047000,49900000
2026-09-19T00:09:08.434Z,4232,90000000,1191000000
2026-09-19T00:09:08.434Z,62229,5501000000,8000000000
2026-09-19T00:09:08.434Z,55680,274700,984100
2026-09-19T00:09:08.434Z,17328,,7000000
2026-09-19T00:09:08.434Z,14828,1186000000,2503000000
2026-09-19T00:09:08.434Z,11734,6022,2000000
2026-09-19T00:09:08.434Z,36673,1100000,4499000000
2026-09-19T00:09:08.434Z,73454,3301000000,5285000000
2026-09-19T00:09:08.434Z,54217,1439000,3000000000
2026-09-19T00:09:08.434Z,37160,280200000,395000000
2026-09-19T00:09:08.434Z,17339,,7000000
2026-09-19T00:09:08.434Z,14924,2210000,5000000
2026-09-19T00:09:08.434Z,53428,266600000,3210000000
2026-09-19T00:09:08.434Z,52583,135000000,1290000000
2026-09-19T00:09:08.434Z,79740,1011,1998000
2026-09-19T00:09:08.434Z,14850,102700000,400000000
2026-09-19T00:09:08.434Z,37529,540400000,5122000000
2026-09-19T00:09:08.434Z,41369,40010000,380000000
2026-09-19T00:09:08.434Z,15092,6322000000,10000000000
2026-09-19T00:09:08.434Z,16605,7014000000,13900000000
2026-09-19T00:09:08.434Z,82588,35280000,400000000
2026-09-19T00:09:08.434Z,44940,5150000,49900000
2026-09-19T00:09:08.434Z,31115,52220000,321000000
2026-09-19T00:09:08.434Z,82590,28020000,277600000
2026-09-19T00:09:08.434Z,27610,110100000,3000000000
2026-09-19T00:09:08.434Z,45806,339600,6949000
2026-09-19T00:09:08.434Z,55856,3714000000,320400000000
2026-09-19T00:09:08.434Z,37167,50000000,19970000000
2026-09-19T00:09:08.434Z,81070,,6000000
2026-09-19T00:09:08.434Z,81077,,6000000
2026-09-19T00:09:08.434Z,12218,150000,949900
2026-09-19T00:09:08.434Z,20923,2.4,990
2026-09-19T00:09:08.434Z,19767,10110,418600
2026-09-19T00:09:08.434Z,53949,389600,692700000
2026-09-19T00:09:08.434Z,47162,70000000,696900000
2026-09-19T00:09:08.434Z,41101,22420000,149700000
2026-09-19T00:09:08.434Z,47164,10,499900000
2026-09-19T00:09:08.434Z,55513,3000000,6410000
2026-09-19T00:09:08.434Z,2780,150000,500000000
2026-09-19T00:09:08.434Z,40478,0.02,2500000000
2026-09-19T00:09:08.434Z,76207,10230,100000
2026-09-19T00:09:08.434Z,30465,,13000000
2026-09-19T00:09:08.434Z,30475,,13000000
2026-09-19T00:09:08.434Z,34397,,13000000
2026-09-19T00:09:08.434Z,29995,,13000000
2026-09-19T00:09:08.434Z,30479,,13000000
2026-09-19T00:09:08.434Z,30009,,13000000
2026-09-19T00:09:08.434Z,48830,6019000,409600000
2026-09-19T00:09:08.434Z,4067,84920000,7994000000
2026-09-19T00:09:08.434Z,62028,750000,10000000
2026-09-19T00:09:08.434Z,53620,500800,459000000
2026-09-19T00:09:08.434Z,3229,26560000,134700000
2026-09-19T00:09:08.434Z,37513,,1110000000
2026-09-19T00:09:08.434Z,53607,550200,265000000
2026-09-19T00:09:08.434Z,37161,983100000,1875000000
2026-09-19T00:09:08.434Z,821,100,200000
2026-09-19T00:09:08.434Z,1072,,200000
2026-09-19T00:09:08.434Z,33731,151300000,457000000
2026-09-19T00:09:08.434Z,52781,995000000,9908000000
2026-09-19T00:09:08.434Z,36795,6833000,5000000000
2026-09-19T00:09:08.434Z,63685,20640000,2495000000
2026-09-19T00:09:08.434Z,36485,8800000,686100000
2026-09-19T00:09:08.434Z,22715,1000000,1200000000
2026-09-19T00:09:08.434Z,46040,,750000000
2026-09-19T00:09:08.434Z,82500,84670000,424900000
2026-09-19T00:09:08.434Z,1558,5000,1200000
2026-09-19T00:09:08.434Z,78820,38800000,388500000
2026-09-19T00:09:08.434Z,1105,69550,250000
2026-09-19T00:09:08.434Z,59471,176500000,998400000
2026-09-19T00:09:08.434Z,47654,4200000,15000000000
2026-09-19T00:09:08.434Z,34159,155400000,950000000
2026-09-19T00:09:08.434Z,59218,5001000,1990000000
2026-09-19T00:09:08.434Z,42712,1153000,990000000
2026-09-19T00:09:08.434Z,75267,351200000,9900000000
2026-09-19T00:09:08.434Z,34070,1500000000,3938000000
2026-09-19T00:09:08.434Z,29098,1501000,15000000
2026-09-19T00:09:08.434Z,26090,,495600
2026-09-19T00:09:08.434Z,3447,6507000,8500000
2026-09-19T00:09:08.434Z,93997,201000000,1200000000
2026-09-19T00:09:08.434Z,23914,1921000000,25010000000
2026-09-19T00:09:08.434Z,90727,,269000
2026-09-19T00:09:08.434Z,33150,150000,300000000
2026-09-19T00:09:08.434Z,11798,5000,498800
2026-09-19T00:09:08.434Z,46163,,17990000
2026-09-19T00:09:08.434Z,41355,35010000,380000000
2026-09-19T00:09:08.434Z,52352,53100000,480000000
2026-09-19T00:09:08.434Z,41373,40010000,380000000
2026-09-19T00:09:08.434Z,42740,7402000,200000000
2026-09-19T00:09:08.434Z,46359,,7618000
2026-09-19T00:09:08.434Z,33590,,190000000
2026-09-19T00:09:08.434Z,17869,12000,29500
2026-09-19T00:09:08.434Z,85729,,4800000
2026-09-19T00:09:08.434Z,61869,96560000,178900000
2026-09-19T00:09:08.434Z,2538,50000,300000
2026-09-19T00:09:08.434Z,46192,1000000,10200000
2026-09-19T00:09:08.434Z,837,,1149000
2026-09-19T00:09:08.434Z,52433,249500000,3490000000
2026-09-19T00:09:08.434Z,59333,80780000,2392000000
2026-09-19T00:09:08.434Z,485,9896,13370
2026-09-19T00:09:08.434Z,60377,25000,313900
2026-09-19T00:09:08.434Z,3389,10700,313900
2026-09-19T00:09:08.434Z,36513,101000000,2390000000
2026-09-19T00:09:08.434Z,60755,46000000,799000000
2026-09-19T00:09:08.434Z,27780,801500000,2000000000
2026-09-19T00:09:08.434Z,82592,75180000,739800000
2026-09-19T00:09:08.434Z,27548,200000,24000000
2026-09-19T00:09:08.434Z,56884,20000000,300000000
2026-09-19T00:09:08.434Z,36667,750000000,9500000000
2026-09-19T00:09:08.434Z,90742,,25000000
2026-09-19T00:09:08.434Z,59338,3605000,5250000000
2026-09-19T00:09:08.434Z,60577,20480000,539000000
2026-09-19T00:09:08.434Z,86275,2001000,54900000
2026-09-19T00:09:08.434Z,52353,100200000,746900000
2026-09-19T00:09:08.434Z,23728,155000,1000000
2026-09-19T00:09:08.434Z,19759,81090,523200
2026-09-19T00:09:08.434Z,3325,125200,523200
2026-09-19T00:09:08.434Z,17298,100000,45000000
2026-09-19T00:09:08.434Z,89696,215000000,333000000
2026-09-19T00:09:08.434Z,27538,800600000,1539000000
2026-09-19T00:09:08.434Z,48186,600100000,16000000000
2026-09-19T00:09:08.434Z,58822,342600000,501500000
2026-09-19T00:09:08.434Z,56147,55000000,3600000000
2026-09-19T00:09:08.434Z,16220,60700000,89990000
2026-09-19T00:09:08.434Z,48655,206100000,24500000000
2026-09-19T00:09:08.434Z,11614,4999,319900
2026-09-19T00:09:08.434Z,52697,1305000000,5056000000
2026-09-19T00:09:08.434Z,70839,799000000,2659000000
2026-09-19T00:09:08.434Z,56606,55010000,409000000
2026-09-19T00:09:08.434Z,47652,21670,15000000000
2026-09-19T00:09:08.434Z,91399,100.1,99990
2026-09-19T00:09:08.434Z,59832,,500000000
2026-09-19T00:09:08.434Z,31817,4999,130800
2026-09-19T00:09:08.434Z,31765,4999,130800
2026-09-19T00:09:08.434Z,74426,,1001
2026-09-19T00:09:08.434Z,43661,,300000000
2026-09-19T00:09:08.434Z,43547,100000,8987000
2026-09-19T00:09:08.434Z,41126,1229000,111300000
2026-09-19T00:09:08.434Z,41520,200,8500
2026-09-19T00:09:08.434Z,15214,1365000,130000000
2026-09-19T00:09:08.434Z,62493,5019,9997
2026-09-19T00:09:08.434Z,57341,3001000,998700000
2026-09-19T00:09:08.434Z,61193,10000000,1860000000
2026-09-19T00:09:08.434Z,40588,1200000,4990000000
2026-09-19T00:09:08.434Z,37268,50000000,19970000000
2026-09-19T00:09:08.434Z,37272,50000000,19970000000
2026-09-19T00:09:08.434Z,46191,1000000,10900000
2026-09-19T00:09:08.434Z,87208,2000000,16950000
2026-09-19T00:09:08.434Z,89636,,13000000
2026-09-19T00:09:08.434Z,30420,1,209900
2026-09-19T00:09:08.434Z,17344,,9000000
2026-09-19T00:09:08.434Z,63056,400100000,9859000000
2026-09-19T00:09:08.434Z,14992,895500000,1300000000
2026-09-19T00:09:08.434Z,43804,20000000,150000000
2026-09-19T00:09:08.434Z,17330,,9000000
2026-09-19T00:09:08.434Z,78410,47120000,1500000000
2026-09-19T00:09:08.434Z,33401,50000,50000000
2026-09-19T00:09:08.434Z,33449,,749970
2026-09-19T00:09:08.434Z,27628,6582000,50000000
2026-09-19T00:09:08.434Z,36792,104800000,1870000000
2026-09-19T00:09:08.434Z,27592,150400000,689700000
2026-09-19T00:09:08.434Z,25344,301000,999500
2026-09-19T00:09:08.434Z,28406,55.16,50000
2026-09-19T00:09:08.434Z,85714,,5001000
2026-09-19T00:09:08.434Z,85757,2.01,8000000
2026-09-19T00:09:08.434Z,31154,5012,130800
2026-09-19T00:09:08.434Z,31611,10060,979900
2026-09-19T00:09:08.434Z,2031,,142000000
2026-09-19T00:09:08.434Z,4307,500000000,615000000
2026-09-19T00:09:08.434Z,17623,1344,50000
2026-09-19T00:09:08.434Z,14938,300100000,609800000
2026-09-19T00:09:08.434Z,64571,166800000,1467000000
2026-09-19T00:09:08.434Z,28392,623.2,10000000
2026-09-19T00:09:08.434Z,27532,1637000000,3350000000
2026-09-19T00:09:08.434Z,14988,1614000,1000000000
2026-09-19T00:09:08.434Z,41645,,50000000
2026-09-19T00:09:08.434Z,15240,44930000,138800000
2026-09-19T00:09:08.434Z,83305,20010,4999000
2026-09-19T00:09:08.434Z,53135,1355000,320000000
2026-09-19T00:09:08.434Z,33271,35010,119900
2026-09-19T00:09:08.434Z,34691,36350000,976400000
2026-09-19T00:09:08.434Z,7833,338800,500000
2026-09-19T00:09:08.434Z,3197,50140000,120200000
2026-09-19T00:09:08.434Z,46671,70010000,2000000000
2026-09-19T00:09:08.434Z,63684,25460000,1000000000
2026-09-19T00:09:08.434Z,48208,,3498000000
2026-09-19T00:09:08.434Z,83594,45000000,90000000
2026-09-19T00:09:08.434Z,44125,10,577000
2026-09-19T00:09:08.434Z,57429,41020000,160000000
2026-09-19T00:09:08.434Z,41244,,42000000
2026-09-19T00:09:08.434Z,18640,1212,120000
2026-09-19T00:09:08.434Z,33381,2002000000,58900000000
2026-09-19T00:09:08.434Z,17428,2001,7496
2026-09-19T00:09:08.434Z,1157,,100000
2026-09-19T00:09:08.434Z,31707,9999,785000
2026-09-19T00:09:08.434Z,37809,400000000,1561000000
2026-09-19T00:09:08.434Z,36651,45010000,437400000
2026-09-19T00:09:08.434Z,33035,90000,1999000
2026-09-19T00:09:08.434Z,41686,235100000,2775000000
2026-09-19T00:09:08.434Z,14599,4034000000,6709000000
2026-09-19T00:09:08.434Z,17512,1000000,155000000
2026-09-19T00:09:08.434Z,52572,65000000,499900000
2026-09-19T00:09:08.434Z,1193,56330,14900000
2026-09-19T00:09:08.434Z,52438,143000000,1499000000
2026-09-19T00:09:08.434Z,85463,72000000,20000000000
2026-09-19T00:09:08.434Z,76956,1300000000,8000000000
2026-09-19T00:09:08.434Z,4028,11990000,36000000
2026-09-19T00:09:08.434Z,90277,0.03,60000000
2026-09-19T00:09:08.434Z,16262,192000,250000
2026-09-19T00:09:08.434Z,1305,5000,125000
2026-09-19T00:09:08.434Z,16009,96090000,128300000
2026-09-19T00:09:08.434Z,53958,1824000000,9728000000
2026-09-19T00:09:08.434Z,36854,11270000000,24390000000
2026-09-19T00:09:08.434Z,34714,135600000,1955000000
2026-09-19T00:09:08.434Z,26089,,1950000
2026-09-19T00:09:08.434Z,59752,33870,200000
2026-09-19T00:09:08.434Z,21956,1.01,200000000
2026-09-19T00:09:08.434Z,59237,12350,299900000
2026-09-19T00:09:08.434Z,30650,1606000,3000000
2026-09-19T00:09:08.434Z,15353,1,2000000
2026-09-19T00:09:08.434Z,46694,1135,444500
2026-09-19T00:09:08.434Z,28428,53.18,19970
2026-09-19T00:09:08.434Z,59469,0.02,999000000
2026-09-19T00:09:08.434Z,80002,0.01,3000000
2026-09-19T00:09:08.434Z,46140,11000000,399000000
2026-09-19T00:09:08.434Z,32839,,7000000
2026-09-19T00:09:08.434Z,3156,451200,485200000
2026-09-19T00:09:08.434Z,17335,,9000000
2026-09-19T00:09:08.434Z,52862,10000000,348700000
2026-09-19T00:09:08.434Z,52776,5010000,3750000000
2026-09-19T00:09:08.434Z,31599,5000,225000
2026-09-19T00:09:08.434Z,36323,1150000,1400000000
2026-09-19T00:09:08.434Z,57161,15370000,900200000
2026-09-19T00:09:08.434Z,92784,6009000,2223000000
2026-09-19T00:09:08.434Z,17354,,5600000
2026-09-19T00:09:08.434Z,17327,,5900000
2026-09-19T00:09:08.434Z,92783,,2556000000
2026-09-19T00:09:08.434Z,52867,100100,449900000
2026-09-19T00:09:08.434Z,11885,0.01,750000
2026-09-19T00:09:08.434Z,2546,50000,375000
2026-09-19T00:09:08.434Z,47653,6599000,15000000000
2026-09-19T00:09:08.434Z,46715,111100,5000000000
2026-09-19T00:09:08.434Z,40307,80000000,1500000000
2026-09-19T00:09:08.434Z,32923,5365000000,9999000000
2026-09-19T00:09:08.434Z,14948,40000000000,199900000000
2026-09-19T00:09:08.434Z,17352,,7000000
2026-09-19T00:09:08.434Z,21296,1146000,7998000
2026-09-19T00:09:08.434Z,34210,15320000,20000000000
2026-09-19T00:09:08.434Z,28526,200000,5000000
2026-09-19T00:09:08.434Z,59311,1174000,4900000000
2026-09-19T00:09:08.434Z,15664,2000000,2399000
2026-09-19T00:09:08.434Z,48560,85010000,484900000
2026-09-19T00:09:08.434Z,36705,145100000,2100000000
2026-09-19T00:09:08.434Z,1114,1000,180000
2026-09-19T00:09:08.434Z,16047,386500,50000000
2026-09-19T00:09:08.434Z,62582,8433,11210
2026-09-19T00:09:08.434Z,27243,124300,132000000
2026-09-19T00:09:08.434Z,80017,,7900
2026-09-19T00:09:08.434Z,94106,1001000,1211000000
2026-09-19T00:09:08.434Z,47552,504100,989000000
2026-09-19T00:09:08.434Z,58799,251800000,9000000000
2026-09-19T00:09:08.434Z,28518,129500000,312000000
2026-09-19T00:09:08.434Z,15637,,24850000
2026-09-19T00:09:08.434Z,60196,250000000,2500000000
2026-09-19T00:09:08.434Z,41133,,91000000
2026-09-19T00:09:08.434Z,46665,160000000,2980000000
2026-09-19T00:09:08.434Z,15262,35750000,175000000
2026-09-19T00:09:08.434Z,57517,7502000,750000000
2026-09-19T00:09:08.434Z,57518,701200000,1500000000
2026-09-19T00:09:08.434Z,53012,16900000,9998000000
2026-09-19T00:09:08.434Z,59240,500000000,5000000000
2026-09-19T00:09:08.434Z,64413,180000000,1762000000
2026-09-19T00:09:08.434Z,33487,100000000,6798000000
2026-09-19T00:09:08.434Z,23724,5,475000
2026-09-19T00:09:08.434Z,42191,2502000,990000000
2026-09-19T00:09:08.434Z,3332,591600,1600000
2026-09-19T00:09:08.434Z,57818,100200000,999800000
2026-09-19T00:09:08.434Z,57816,66010000,640000000
2026-09-19T00:09:08.434Z,33309,34520000,500000000
2026-09-19T00:09:08.434Z,57496,6043000,13000000
2026-09-19T00:09:08.434Z,85033,17100000,287100000
2026-09-19T00:09:08.434Z,57503,0.01,13000000
2026-09-19T00:09:08.434Z,888,100,1000000
2026-09-19T00:09:08.434Z,11881,0.01,650000
2026-09-19T00:09:08.434Z,33726,100000000,2527000000
2026-09-19T00:09:08.434Z,41452,,401000000
2026-09-19T00:09:08.434Z,57310,1200000,63990000
2026-09-19T00:09:08.434Z,48528,,2655000000
2026-09-19T00:09:08.434Z,82582,29010000,287700000
2026-09-19T00:09:08.434Z,26023,25000,1499000
2026-09-19T00:09:08.434Z,31635,10020,1250000
2026-09-19T00:09:08.434Z,90661,350000000,888800000
2026-09-19T00:09:08.434Z,37181,25000000,269600000000
2026-09-19T00:09:08.434Z,43828,5001000,45000000
2026-09-19T00:09:08.434Z,46667,38880000,4290000000
2026-09-19T00:09:08.434Z,88212,300000000,1600000000
2026-09-19T00:09:08.434Z,85461,109000000,15000000000
2026-09-19T00:09:08.434Z,37172,125000000,19970000000
2026-09-19T00:09:08.434Z,48215,600900000,6000000000
2026-09-19T00:09:08.434Z,17657,15200,8400000
2026-09-19T00:09:08.434Z,31567,,59860000
2026-09-19T00:09:08.434Z,17756,,2740000000
2026-09-19T00:09:08.434Z,37233,230100000,397000000
2026-09-19T00:09:08.434Z,85712,,100000000
2026-09-19T00:09:08.434Z,42157,1,799000000
2026-09-19T00:09:08.434Z,42194,1024000,699000000
2026-09-19T00:09:08.434Z,42156,250000000,699000000
2026-09-19T00:09:08.434Z,85487,,8000000000
2026-09-19T00:09:08.434Z,45517,217200000,390000000
2026-09-19T00:09:08.434Z,45572,7969000,2500000000
2026-09-19T00:09:08.434Z,45659,,13000000
2026-09-19T00:09:08.434Z,81074,,7000000
2026-09-19T00:09:08.434Z,12270,2500000,6992000
2026-09-19T00:09:08.434Z,1136,100,80000
2026-09-19T00:09:08.434Z,62041,405.6,9970000
2026-09-19T00:09:08.434Z,45561,,750000000
2026-09-19T00:09:08.434Z,41421,170000000,1765000000
2026-09-19T00:09:08.434Z,57506,,13000000
2026-09-19T00:09:08.434Z,59813,40600000,666000000
2026-09-19T00:09:08.434Z,53011,33340000,69000000
2026-09-19T00:09:08.434Z,61218,,9611000
2026-09-19T00:09:08.434Z,2803,0.02,75000000
2026-09-19T00:09:08.434Z,46485,1521000000,3497000000
2026-09-19T00:09:08.434Z,40719,36440,46000000
2026-09-19T00:09:08.434Z,76281,915400000,6001000000
2026-09-19T00:09:08.434Z,36662,1065000,6000000000
2026-09-19T00:09:08.434Z,41371,40010000,350000000
2026-09-19T00:09:08.434Z,17325,,7000000
2026-09-19T00:09:08.434Z,50071,1244000000,24980000000
2026-09-19T00:09:08.434Z,33715,330100000,715700000
2026-09-19T00:09:08.434Z,22779,,2344000
2026-09-19T00:09:08.434Z,59858,5022000,2345000000
2026-09-19T00:09:08.434Z,59812,182700000,450000000
2026-09-19T00:09:08.434Z,17300,5000,10000000
2026-09-19T00:09:08.434Z,88266,12180000,14000000000
2026-09-19T00:09:08.434Z,41376,40010000,280000000
2026-09-19T00:09:08.434Z,41365,35010000,380000000
2026-09-19T00:09:08.434Z,32345,35010000,380000000
2026-09-19T00:09:08.434Z,93723,10040,250000000
2026-09-19T00:09:08.434Z,41382,40010000,273900000
2026-09-19T00:09:08.434Z,42877,1004000,10000000
2026-09-19T00:09:08.434Z,55321,263500,3000000
2026-09-19T00:09:08.434Z,42879,500400,10000000
2026-09-19T00:09:08.434Z,42883,500000,10000000
2026-09-19T00:09:08.434Z,15088,2311000000,6999000000
2026-09-19T00:09:08.434Z,688,758400000,1135000000
2026-09-19T00:09:08.434Z,994,10,1075000000
2026-09-19T00:09:08.434Z,93785,4000000000,35000000000
2026-09-19T00:09:08.434Z,53646,5525000,494600000
2026-09-19T00:09:08.434Z,47208,0.01,280000000
2026-09-19T00:09:08.434Z,17492,79250000,220000000
2026-09-19T00:09:08.434Z,40721,10,95000000
2026-09-19T00:09:08.434Z,45556,3831000,6000000000
2026-09-19T00:09:08.434Z,31741,4999,130800
2026-09-19T00:09:08.434Z,12301,41010000,139900000
2026-09-19T00:09:08.434Z,85726,,29870000
2026-09-19T00:09:08.434Z,26031,24990,2000000
2026-09-19T00:09:08.434Z,2822,150000,100000000
2026-09-19T00:09:08.434Z,973,70180000,96990000
2026-09-19T00:09:08.434Z,57181,8700000,8000000000
2026-09-19T00:09:08.434Z,2787,150000,100000000
2026-09-19T00:09:08.434Z,71723,1004000000,1692000000
2026-09-19T00:09:08.434Z,57498,,13000000
2026-09-19T00:09:08.434Z,1155,,20930
2026-09-19T00:09:08.434Z,64590,850000000,8499000000
2026-09-19T00:09:08.434Z,2833,200000000,973600000
2026-09-19T00:09:08.434Z,54221,100800000,849800000
2026-09-19T00:09:08.434Z,61233,,10030000
2026-09-19T00:09:08.434Z,40673,,50000000
2026-09-19T00:09:08.434Z,41627,,15000000
2026-09-19T00:09:08.434Z,41629,,30000000
2026-09-19T00:09:08.434Z,46319,685,49990
2026-09-19T00:09:08.434Z,17353,,7000000
2026-09-19T00:09:08.434Z,46277,1127000000,4800000000
2026-09-19T00:09:08.434Z,81075,,7000000
2026-09-19T00:09:08.434Z,53623,15010000,495000000
2026-09-19T00:09:08.434Z,12266,,1349000
2026-09-19T00:09:08.434Z,54909,1200000,1200000000
2026-09-19T00:09:08.434Z,59842,0.03,4499000000
2026-09-19T00:09:08.434Z,3664,,4266000
2026-09-19T00:09:08.434Z,27905,,4137000
2026-09-19T00:09:08.434Z,27931,,3103000
2026-09-19T00:09:08.434Z,90892,500000000,1156000000
2026-09-19T00:09:08.434Z,90893,520000000,1149000000
2026-09-19T00:09:08.434Z,41450,,400000000
2026-09-19T00:09:08.434Z,46273,1100000000,23990000000
2026-09-19T00:09:08.434Z,41388,,65000000
2026-09-19T00:09:08.434Z,41391,,65000000
2026-09-19T00:09:08.434Z,91392,150000,
2026-09-19T00:09:08.434Z,45496,195.2,
2026-09-19T00:09:08.434Z,46309,230.7,
2026-09-19T00:09:08.434Z,15941,11480,
2026-09-19T00:09:08.434Z,94005,5000000,
2026-09-19T00:09:08.434Z,48171,1000000,
2026-09-19T00:09:08.434Z,15933,2500000,
2026-09-19T00:09:08.434Z,48193,12020000,
2026-09-19T00:09:08.434Z,35834,16000000000,
2026-09-19T00:09:08.434Z,85678,10000000,
2026-09-19T00:09:08.434Z,41151,4437000,
2026-09-19T00:09:08.434Z,52765,40130000,
2026-09-19T00:09:08.434Z,48530,1001000,
2026-09-19T00:09:08.434Z,46307,420.1,
2026-09-19T00:09:08.434Z,56630,7750,
2026-09-19T00:09:08.434Z,45503,720,
2026-09-19T00:09:08.434Z,40489,55110000,
2026-09-19T00:09:08.434Z,23718,125000,
2026-09-19T00:09:08.434Z,15874,15050,
2026-09-19T00:09:08.434Z,46403,2536000,
2026-09-19T00:09:08.434Z,47291,56920000,
2026-09-19T00:09:08.434Z,15870,2506000,
2026-09-19T00:09:08.434Z,15867,5720000,
2026-09-19T00:09:08.434Z,15866,200000,
2026-09-19T00:09:08.434Z,53180,4000000,
2026-09-19T00:09:08.434Z,11485,1.01,
2026-09-19T00:09:08.434Z,87982,16500000,
2026-09-19T00:09:08.434Z,60157,17600000,
2026-09-19T00:09:08.434Z,15961,132800000,
2026-09-19T00:09:08.434Z,81977,95.04,
2026-09-19T00:09:08.434Z,46748,1000000000,
2026-09-19T00:09:08.434Z,48635,372300000,
2026-09-19T00:09:08.434Z,62500,1606,
2026-09-19T00:09:08.434Z,36399,78000000,
2026-09-19T00:09:08.434Z,46420,10000000,
2026-09-19T00:09:08.434Z,47613,1200000,
2026-09-19T00:09:08.434Z,45530,411300000,
2026-09-19T00:09:08.434Z,36831,250000,
2026-09-19T00:09:08.434Z,17524,10000000,
2026-09-19T00:09:08.434Z,34648,130100000,
2026-09-19T00:09:08.434Z,36343,150100000,
2026-09-19T00:09:08.434Z,52638,5053000,
2026-09-19T00:09:08.434Z,36335,150000000,
2026-09-19T00:09:08.434Z,53433,101000000,
2026-09-19T00:09:08.434Z,36655,10000000,
2026-09-19T00:09:08.434Z,53206,10000000,
2026-09-19T00:09:08.434Z,49946,15000000000,
2026-09-19T00:09:08.434Z,52848,100200,
2026-09-19T00:09:08.434Z,57108,1501000,
2026-09-19T00:09:08.434Z,36338,1846000,
2026-09-19T00:09:08.434Z,30655,756000,
2026-09-19T00:09:08.434Z,25280,500000,
2026-09-19T00:09:08.434Z,46401,26360000,
2026-09-19T00:09:08.434Z,25271,250000,
2026-09-19T00:09:08.434Z,2836,203000000,
2026-09-19T00:09:08.434Z,33761,111,
2026-09-19T00:09:08.434Z,36823,87510000,
2026-09-19T00:09:08.434Z,74316,350200000,
2026-09-19T00:09:08.434Z,32788,200200000,
2026-09-19T00:09:08.434Z,74141,20000000000,
2026-09-19T00:09:08.434Z,11940,159500000,
2026-09-19T00:09:08.434Z,46687,17.93,
2026-09-19T00:09:08.434Z,32209,225200000,
2026-09-19T00:09:08.434Z,2834,201800000,
2026-09-19T00:09:08.434Z,3518,405300000,
2026-09-19T00:09:08.434Z,62856,1001000000,
2026-09-19T00:09:08.434Z,11936,220200000,
2026-09-19T00:09:08.434Z,11938,280200000,
2026-09-19T00:09:08.434Z,15953,58100000,
2026-09-19T00:09:08.434Z,56265,3774000000,
2026-09-19T00:09:08.434Z,32790,263700000,
2026-09-19T00:09:08.434Z,35781,252500000,
2026-09-19T00:09:08.434Z,35779,223000000,
2026-09-19T00:09:08.434Z,46688,6522,
2026-09-19T00:09:08.434Z,73793,2279000000,
2026-09-19T00:09:08.434Z,60764,446800000,
2026-09-19T00:09:08.434Z,13202,220200000,
2026-09-19T00:09:08.434Z,42245,260200000,
2026-09-19T00:09:08.434Z,45531,751200000,
2026-09-19T00:09:08.434Z,25340,1702,
2026-09-19T00:09:08.434Z,21316,5000000,
2026-09-19T00:09:08.434Z,56612,400000000,
2026-09-19T00:09:08.434Z,21306,5000000,
2026-09-19T00:09:08.434Z,9706,2809000,
2026-09-19T00:09:08.434Z,60771,1,
2026-09-19T00:09:08.434Z,41130,371500000,
2026-09-19T00:09:08.434Z,86227,500300,
2026-09-19T00:09:08.434Z,49684,800000000,
2026-09-19T00:09:08.434Z,49149,237200000,
2026-09-19T00:09:08.434Z,57776,28270000,
2026-09-19T00:09:08.434Z,36428,1000000,
2026-09-19T00:09:08.434Z,60573,45000000,
2026-09-19T00:09:08.434Z,60571,34190000,
2026-09-19T00:09:08.434Z,37581,5101000,
2026-09-19T00:09:08.434Z,88029,1525000,
2026-09-19T00:09:08.434Z,14792,5760000000,
2026-09-19T00:09:08.434Z,29063,61120,
2026-09-19T00:09:08.434Z,48494,50000,
2026-09-19T00:09:08.434Z,16598,1669000,
2026-09-19T00:09:08.434Z,45500,818.2,
2026-09-19T00:09:08.434Z,20494,12030,
2026-09-19T00:09:08.434Z,36432,1000000,
2026-09-19T00:09:08.434Z,37869,3130000000,
2026-09-19T00:09:08.434Z,37967,5147000000,
2026-09-19T00:09:08.434Z,37965,502900000,
2026-09-19T00:09:08.434Z,46297,2477,
2026-09-19T00:09:08.434Z,37966,502900000,
2026-09-19T00:09:08.434Z,36735,70000000,
2026-09-19T00:09:08.434Z,36739,104000000,
2026-09-19T00:09:08.434Z,91571,150000000,
2026-09-19T00:09:08.434Z,47615,1,
2026-09-19T00:09:08.434Z,20905,5000000,
2026-09-19T00:09:08.434Z,88376,40000000,
2026-09-19T00:09:08.434Z,85229,5028000000,
2026-09-19T00:09:08.434Z,56715,1001000,
2026-09-19T00:09:08.434Z,15416,22000000,
2026-09-19T00:09:08.434Z,60756,21400000,
2026-09-19T00:09:08.434Z,56629,7300,
2026-09-19T00:09:08.434Z,36393,500000000,
2026-09-19T00:09:08.434Z,15216,255200,
2026-09-19T00:09:08.434Z,46400,3500000,
2026-09-19T00:09:08.434Z,95410,14000000,
2026-09-19T00:09:08.434Z,45518,580200000,
2026-09-19T00:09:08.434Z,96630,1001000,
2026-09-19T00:09:08.434Z,96607,30010000,
2026-09-19T00:09:08.434Z,14872,10040000,
2026-09-19T00:09:08.434Z,77172,310000000,
2026-09-19T00:09:08.434Z,70836,1003000,
2026-09-19T00:09:08.434Z,91614,135000000,
2026-09-19T00:09:08.434Z,14218,2565000,
2026-09-19T00:09:08.434Z,41587,1004000,
2026-09-19T00:09:08.434Z,73225,103000,
2026-09-19T00:09:08.434Z,96609,1001000,
2026-09-19T00:09:08.434Z,82017,450,
2026-09-19T00:09:08.434Z,28352,4499000000,
2026-09-19T00:09:08.434Z,91773,195000,
2026-09-19T00:09:08.434Z,18748,1046,
2026-09-19T00:09:08.434Z,15833,298700,
2026-09-19T00:09:08.434Z,96686,50000000,
2026-09-19T00:09:08.434Z,3764,1865000,
2026-09-19T00:09:08.434Z,22903,100000,
2026-09-19T00:09:08.434Z,23911,2220000,
2026-09-19T00:09:08.434Z,53630,2014000,
2026-09-19T00:09:08.434Z,49936,360000000,
2026-09-19T00:09:08.434Z,4411,131200,
2026-09-19T00:09:08.434Z,11988,10,
2026-09-19T00:09:08.434Z,11986,10,
2026-09-19T00:09:08.434Z,11990,10,
2026-09-19T00:09:08.434Z,11979,10,
2026-09-19T00:09:08.434Z,52897,40010000,
2026-09-19T00:09:08.434Z,47165,25010000,
2026-09-19T00:09:08.434Z,16058,200000,
2026-09-19T00:09:08.434Z,14224,114800,
2026-09-19T00:09:08.434Z,96684,50000000,
2026-09-19T00:09:08.434Z,15857,200000,
2026-09-19T00:09:08.434Z,46685,30.21,
2026-09-19T00:09:08.434Z,84966,2510000000,
2026-09-19T00:09:08.434Z,15853,100000,
2026-09-19T00:09:08.434Z,58815,150000000,
2026-09-19T00:09:08.434Z,46424,1038000,
2026-09-19T00:09:08.434Z,15645,2505000,
2026-09-19T00:09:08.434Z,15858,200000,
2026-09-19T00:09:08.434Z,60947,12800000,
2026-09-19T00:09:08.434Z,21900,10040,
2026-09-19T00:09:08.434Z,27606,501000000,
2026-09-19T00:09:08.434Z,17305,4118000,
2026-09-19T00:09:08.434Z,96692,1001000,
2026-09-19T00:09:08.434Z,49675,10000000,
2026-09-19T00:09:08.434Z,14990,64170000,
2026-09-19T00:09:08.434Z,31202,100000,
2026-09-19T00:09:08.434Z,94149,1000000000,
2026-09-19T00:09:08.434Z,32825,5504,
2026-09-19T00:09:08.434Z,75287,4001,
2026-09-19T00:09:08.434Z,34689,14460000,
2026-09-19T00:09:08.434Z,56716,1500,
2026-09-19T00:09:08.434Z,57157,10000000,
2026-09-19T00:09:08.434Z,46661,400000000,
2026-09-19T00:09:08.434Z,34358,1500000000,
2026-09-19T00:09:08.434Z,37520,1958000,
2026-09-19T00:09:08.434Z,15022,98000000,
2026-09-19T00:09:08.434Z,37346,2711000,
2026-09-19T00:09:08.434Z,28532,148900,
2026-09-19T00:09:08.434Z,96799,50000000,
2026-09-19T00:09:08.434Z,28540,128400,
2026-09-19T00:09:08.434Z,46301,620,
2026-09-19T00:09:08.434Z,28524,124900,
2026-09-19T00:09:08.434Z,28552,129300,
2026-09-19T00:09:08.434Z,28547,125200,
2026-09-19T00:09:08.434Z,28536,124800,
2026-09-19T00:09:08.434Z,81618,20110000,
2026-09-19T00:09:08.434Z,28550,124900,
2026-09-19T00:09:08.434Z,34674,225000000,
2026-09-19T00:09:08.434Z,15859,152500,
2026-09-19T00:09:08.434Z,62494,6028,
2026-09-19T00:09:08.434Z,28556,125100,
2026-09-19T00:09:08.434Z,28557,124800,
2026-09-19T00:09:08.434Z,28559,124800,
2026-09-19T00:09:08.434Z,28542,124800,
2026-09-19T00:09:08.434Z,28516,124900,
2026-09-19T00:09:08.434Z,581,5500,
2026-09-19T00:09:08.434Z,60958,95020000,
2026-09-19T00:09:08.434Z,40321,88110000,
2026-09-19T00:09:08.434Z,24659,1706000,
2026-09-19T00:09:08.434Z,64909,1000000,
2026-09-19T00:09:08.434Z,635,5003000000,
2026-09-19T00:09:08.434Z,42648,330100000,
2026-09-19T00:09:08.434Z,60193,456800000,
2026-09-19T00:09:08.434Z,60194,400000000,
2026-09-19T00:09:08.434Z,40511,1000000,
2026-09-19T00:09:08.434Z,15943,114800,
2026-09-19T00:09:08.434Z,36840,60010000,
2026-09-19T00:09:08.434Z,11876,0.01,
2026-09-19T00:09:08.434Z,15772,11310,
2026-09-19T00:09:08.434Z,60954,300000000,
2026-09-19T00:09:08.434Z,95542,2285000,
2026-09-19T00:09:08.434Z,57394,2146000,
2026-09-19T00:09:08.434Z,41080,2128000,
2026-09-19T00:09:08.434Z,60363,2126,
2026-09-19T00:09:08.434Z,42241,51390000,
2026-09-19T00:09:08.434Z,78576,11000000000,
2026-09-19T00:09:08.434Z,15927,229800,
2026-09-19T00:09:08.434Z,60341,102200,
2026-09-19T00:09:08.434Z,14564,2101000,
2026-09-19T00:09:08.434Z,42126,50110000,
2026-09-19T00:09:08.434Z,34649,55420000,
2026-09-19T00:09:08.434Z,56225,9137000000,
2026-09-19T00:09:08.434Z,22564,117500,
2026-09-19T00:09:08.434Z,62487,1521,
2026-09-19T00:09:08.434Z,62491,664.7,
2026-09-19T00:09:08.434Z,32826,7583,
2026-09-19T00:09:08.434Z,32823,1568,
2026-09-19T00:09:08.434Z,37852,10000,
2026-09-19T00:09:08.434Z,37055,3034000,
2026-09-19T00:09:08.434Z,52596,33160000,
2026-09-19T00:09:08.434Z,21326,4.54,
2026-09-19T00:09:08.434Z,46710,375000000,
2026-09-19T00:09:08.434Z,96672,1001000,
2026-09-19T00:09:08.434Z,52637,14300000,
2026-09-19T00:09:08.434Z,22760,1495000000,
2026-09-19T00:09:08.434Z,34020,5001000,
2026-09-19T00:09:08.434Z,46437,55710000,
2026-09-19T00:09:08.434Z,34021,165100000,
2026-09-19T00:09:08.434Z,34022,15010000,
2026-09-19T00:09:08.434Z,46390,60000000,
2026-09-19T00:09:08.434Z,34023,15010000,
2026-09-19T00:09:08.434Z,58825,3006000,
2026-09-19T00:09:08.434Z,96662,1001000,
2026-09-19T00:09:08.434Z,78741,10000000000,
2026-09-19T00:09:08.434Z,14212,3554000,
2026-09-19T00:09:08.434Z,42676,480000000,
2026-09-19T00:09:08.434Z,91617,50000000,
2026-09-19T00:09:08.434Z,41102,5309000,
2026-09-19T00:09:08.434Z,41077,1105000,
2026-09-19T00:09:08.434Z,52907,3301000000,
2026-09-19T00:09:08.434Z,41127,1003000,
2026-09-19T00:09:08.434Z,41076,194200,
2026-09-19T00:09:08.434Z,37301,1108000,
2026-09-19T00:09:08.434Z,95396,3030000,
2026-09-19T00:09:08.434Z,41139,1140000,
2026-09-19T00:09:08.434Z,41141,1105000,
2026-09-19T00:09:08.434Z,37496,183000000,
2026-09-19T00:09:08.434Z,57162,1000000,
2026-09-19T00:09:08.434Z,58812,100000000,
2026-09-19T00:09:08.434Z,58811,50030000,
2026-09-19T00:09:08.434Z,53169,5000000,
2026-09-19T00:09:08.434Z,31314,37000,
2026-09-19T00:09:08.434Z,40310,10010000,
2026-09-19T00:09:08.434Z,47612,1000000,
2026-09-19T00:09:08.434Z,63212,6084000,
2026-09-19T00:09:08.434Z,94312,75000,
2026-09-19T00:09:08.434Z,17259,500000,
2026-09-19T00:09:08.434Z,46510,0.02,
2026-09-19T00:09:08.434Z,34211,76000000,
2026-09-19T00:09:08.434Z,36722,2109000,
2026-09-19T00:09:08.434Z,46518,553500,
2026-09-19T00:09:08.434Z,91620,25000000,
2026-09-19T00:09:08.434Z,40586,48390000,
2026-09-19T00:09:08.434Z,43811,11080000,
2026-09-19T00:09:08.434Z,14763,1406000000,
2026-09-19T00:09:08.434Z,48206,3000000,
2026-09-19T00:09:08.434Z,16181,2157,
2026-09-19T00:09:08.434Z,44046,0.02,
2026-09-19T00:09:08.434Z,42738,1000000,
2026-09-19T00:09:08.434Z,82016,400,
2026-09-19T00:09:08.434Z,33705,25,
2026-09-19T00:09:08.434Z,23710,5000,
2026-09-19T00:09:08.434Z,33707,25,
2026-09-19T00:09:08.434Z,44010,0.02,
2026-09-19T00:09:08.434Z,33672,25,
2026-09-19T00:09:08.434Z,23524,25,
2026-09-19T00:09:08.434Z,76952,505000000,
2026-09-19T00:09:08.434Z,44014,0.02,
2026-09-19T00:09:08.434Z,37526,52200000,
2026-09-19T00:09:08.434Z,47224,0.02,
2026-09-19T00:09:08.434Z,62515,8572,
2026-09-19T00:09:08.434Z,31145,129400,
2026-09-19T00:09:08.434Z,44008,0.02,
2026-09-19T00:09:08.434Z,91140,1115000,
2026-09-19T00:09:08.434Z,93016,5200000,
2026-09-19T00:09:08.434Z,4105,350100000,
2026-09-19T00:09:08.434Z,28400,2329,
2026-09-19T00:09:08.434Z,28561,571900,
2026-09-19T00:09:08.434Z,91611,150000000,
2026-09-19T00:09:08.434Z,28528,123100,
2026-09-19T00:09:08.434Z,45506,363.9,
2026-09-19T00:09:08.434Z,46741,500000000,
2026-09-19T00:09:08.434Z,50083,10140000,
2026-09-19T00:09:08.434Z,34172,400000000,
2026-09-19T00:09:08.434Z,14904,11510000,
2026-09-19T00:09:08.434Z,31193,24180,
2026-09-19T00:09:08.434Z,42672,330000000,
2026-09-19T00:09:08.434Z,17227,51100,
2026-09-19T00:09:08.434Z,42673,210000000,
2026-09-19T00:09:08.434Z,44030,0.02,
2026-09-19T00:09:08.434Z,93737,2120000000,
2026-09-19T00:09:08.434Z,94145,286700000,
2026-09-19T00:09:08.434Z,42682,210000000,
2026-09-19T00:09:08.434Z,36674,36150000,
2026-09-19T00:09:08.434Z,42674,185000000,
2026-09-19T00:09:08.434Z,42675,190000000,
2026-09-19T00:09:08.434Z,94128,26200000,
2026-09-19T00:09:08.434Z,46580,23080000,
2026-09-19T00:09:08.434Z,96687,1001,
2026-09-19T00:09:08.434Z,33289,39100,
2026-09-19T00:09:08.434Z,93347,2300000,
2026-09-19T00:09:08.434Z,33293,38000,
2026-09-19T00:09:08.434Z,33311,59000,
2026-09-19T00:09:08.434Z,93343,760000,
2026-09-19T00:09:08.434Z,94087,25140000,
2026-09-19T00:09:08.434Z,94090,1001000,
2026-09-19T00:09:08.434Z,94092,1001000,
2026-09-19T00:09:08.434Z,94091,25140000,
2026-09-19T00:09:08.434Z,94093,25150000,
2026-09-19T00:09:08.434Z,49427,21180000,
2026-09-19T00:09:08.434Z,94096,1001000,
2026-09-19T00:09:08.434Z,94095,25140000,
2026-09-19T00:09:08.434Z,94098,1001000,
2026-09-19T00:09:08.434Z,31326,19010,
2026-09-19T00:09:08.434Z,94100,1001000,
2026-09-19T00:09:08.434Z,94099,76180000,
2026-09-19T00:09:08.434Z,94102,1001000,
2026-09-19T00:09:08.434Z,44088,0.02,
2026-09-19T00:09:08.434Z,83923,950000,
2026-09-19T00:09:08.434Z,83922,950000,
2026-09-19T00:09:08.434Z,14908,67180,
2026-09-19T00:09:08.434Z,84112,1500000,
2026-09-19T00:09:08.434Z,88375,11110,
2026-09-19T00:09:08.434Z,4050,100000000,
2026-09-19T00:09:08.434Z,82583,18430000,
2026-09-19T00:09:08.434Z,58791,10000,
2026-09-19T00:09:08.434Z,93256,1060000,
2026-09-19T00:09:08.434Z,36745,1000000,
2026-09-19T00:09:08.434Z,53424,150000000,
2026-09-19T00:09:08.434Z,73790,2311000000,
2026-09-19T00:09:08.434Z,53198,327700000,
2026-09-19T00:09:08.434Z,96651,1010,
2026-09-19T00:09:08.434Z,62547,823.8,
2026-09-19T00:09:08.434Z,36443,10000000,
2026-09-19T00:09:08.434Z,17522,0.01,
2026-09-19T00:09:08.434Z,41580,2620000000,
2026-09-19T00:09:08.434Z,62489,635.5,
2026-09-19T00:09:08.434Z,89808,442800000,
2026-09-19T00:09:08.434Z,95415,2020000,
2026-09-19T00:09:08.434Z,63774,10.05,
2026-09-19T00:09:08.434Z,96650,1001000,
2026-09-19T00:09:08.434Z,36746,2000000,
2026-09-19T00:09:08.434Z,53201,1000000,
2026-09-19T00:09:08.434Z,46753,1000000,
2026-09-19T00:09:08.434Z,48207,1000000,
2026-09-19T00:09:08.434Z,94107,450000000,
2026-09-19T00:09:08.434Z,4074,15000000,
2026-09-19T00:09:08.434Z,36713,824900,
2026-09-19T00:09:08.434Z,87121,1000000000,
2026-09-19T00:09:08.434Z,64569,80020000,
2026-09-19T00:09:08.434Z,27557,11680000,
2026-09-19T00:09:08.434Z,44200,1042000,
2026-09-19T00:09:08.434Z,1002,526700000,
2026-09-19T00:09:08.434Z,46306,645.1,
2026-09-19T00:09:08.434Z,23774,2078000000,
2026-09-19T00:09:08.434Z,47289,2061000,
2026-09-19T00:09:08.434Z,43512,636300,
2026-09-19T00:09:08.434Z,36967,1864000000,
2026-09-19T00:09:08.434Z,36972,29220000,
2026-09-19T00:09:08.434Z,36973,6573000000,
2026-09-19T00:09:08.434Z,4057,182000000,
2026-09-19T00:09:08.434Z,54917,1505000,
2026-09-19T00:09:08.434Z,94147,500000000,
2026-09-19T00:09:08.434Z,36822,103100000,
2026-09-19T00:09:08.434Z,36782,146200000,
2026-09-19T00:09:08.434Z,36961,17410000,
2026-09-19T00:09:08.434Z,96667,1010,
2026-09-19T00:09:08.434Z,36960,7277000,
2026-09-19T00:09:08.434Z,53616,100100,
2026-09-19T00:09:08.434Z,37538,16130000,
2026-09-19T00:09:08.434Z,22565,1045000,
2026-09-19T00:09:08.434Z,33758,111,
2026-09-19T00:09:08.434Z,36734,1000000,
2026-09-19T00:09:08.434Z,81625,502300,
2026-09-19T00:09:08.434Z,48192,1000000,
2026-09-19T00:09:08.434Z,81620,1729000,
2026-09-19T00:09:08.434Z,42741,10000000,
2026-09-19T00:09:08.434Z,40610,1000000,
2026-09-19T00:09:08.434Z,81622,1853000,
2026-09-19T00:09:08.434Z,88076,788000,
2026-09-19T00:09:08.434Z,53186,1000000,
2026-09-19T00:09:08.434Z,96633,1010,
2026-09-19T00:09:08.434Z,88075,750100,
2026-09-19T00:09:08.434Z,88078,750100,
2026-09-19T00:09:08.434Z,88077,750100,
2026-09-19T00:09:08.434Z,88036,2455000,
2026-09-19T00:09:08.434Z,46703,12.15,
2026-09-19T00:09:08.434Z,88020,658500,
2026-09-19T00:09:08.434Z,77726,2000000,
2026-09-19T00:09:08.434Z,53627,100100,
2026-09-19T00:09:08.434Z,3516,220200000,
2026-09-19T00:09:08.434Z,88378,22600000,
2026-09-19T00:09:08.434Z,15058,700500,
2026-09-19T00:09:08.434Z,36749,25010000,
2026-09-19T00:09:08.434Z,60765,220600000,
2026-09-19T00:09:08.434Z,94138,321000000,
2026-09-19T00:09:08.434Z,87795,38160000,
2026-09-19T00:09:08.434Z,57809,400400000,
2026-09-19T00:09:08.434Z,11942,159400000,
2026-09-19T00:09:08.434Z,96649,1010,
2026-09-19T00:09:08.434Z,31422,100000,
2026-09-19T00:09:08.434Z,37022,7016000,
2026-09-19T00:09:08.434Z,36364,2879000,
2026-09-19T00:09:08.434Z,47253,7506000,
2026-09-19T00:09:08.434Z,48491,10050000,
2026-09-19T00:09:08.434Z,58941,25010000,
2026-09-19T00:09:08.434Z,58788,79000000,
2026-09-19T00:09:08.434Z,91195,20000000,
2026-09-19T00:09:08.434Z,55718,100,
2026-09-19T00:09:08.434Z,96793,50000000,
2026-09-19T00:09:08.434Z,36456,2101000,
2026-09-19T00:09:08.434Z,15981,1000000,
2026-09-19T00:09:08.434Z,46151,25110000,
2026-09-19T00:09:08.434Z,11069,0.01,
2026-09-19T00:09:08.434Z,29083,50060,
2026-09-19T00:09:08.434Z,96795,50010000,
2026-09-19T00:09:08.434Z,16713,0.01,
2026-09-19T00:09:08.434Z,15244,40000000,
2026-09-19T00:09:08.434Z,14950,48000000000,
2026-09-19T00:09:08.434Z,47337,1020000,
2026-09-19T00:09:08.434Z,76373,99.99,
2026-09-19T00:09:08.434Z,14888,1504000,
2026-09-19T00:09:08.434Z,82579,12320000,
2026-09-19T00:09:08.434Z,60156,106100000,
2026-09-19T00:09:08.434Z,60158,6261000,
2026-09-19T00:09:08.434Z,49157,161900000,
2026-09-19T00:09:08.434Z,76245,500000000,
2026-09-19T00:09:08.434Z,14630,34000000,
2026-09-19T00:09:08.434Z,74521,17.5,
2026-09-19T00:09:08.434Z,36815,1500000,
2026-09-19T00:09:08.434Z,73401,1005000,
2026-09-19T00:09:08.434Z,96635,1010,
2026-09-19T00:09:08.434Z,96639,1010,
2026-09-19T00:09:08.434Z,44026,0.02,
2026-09-19T00:09:08.434Z,96681,1010,
2026-09-19T00:09:08.434Z,29105,50050,
2026-09-19T00:09:08.434Z,96631,1010,
2026-09-19T00:09:08.434Z,96608,1010,
2026-09-19T00:09:08.434Z,96659,1010,
2026-09-19T00:09:08.434Z,62482,2002,
2026-09-19T00:09:08.434Z,96616,1010,
2026-09-19T00:09:08.434Z,57784,53220000,
2026-09-19T00:09:08.434Z,90662,144900000,
2026-09-19T00:09:08.434Z,57785,58890000,
2026-09-19T00:09:08.434Z,96643,1010,
2026-09-19T00:09:08.434Z,96683,1010,
2026-09-19T00:09:08.434Z,57783,106100000,
2026-09-19T00:09:08.434Z,96685,1010,
2026-09-19T00:09:08.434Z,46315,2350,
2026-09-19T00:09:08.434Z,96629,1010,
2026-09-19T00:09:08.434Z,36915,16960000,
2026-09-19T00:09:08.434Z,96691,1010,
2026-09-19T00:09:08.434Z,36916,4199000,
2026-09-19T00:09:08.434Z,96695,1010,
2026-09-19T00:09:08.434Z,96645,1010,
2026-09-19T00:09:08.434Z,59869,5899000,
2026-09-19T00:09:08.434Z,47526,1006000,
2026-09-19T00:09:08.434Z,96802,100100,
2026-09-19T00:09:08.434Z,96657,1010,
2026-09-19T00:09:08.434Z,96661,1010,
2026-09-19T00:09:08.434Z,96663,1010,
2026-09-19T00:09:08.434Z,96768,1010,
2026-09-19T00:09:08.434Z,46298,810,
2026-09-19T00:09:08.434Z,59873,20810000,
2026-09-19T00:09:08.434Z,26842,220200000,
2026-09-19T00:09:08.434Z,96632,10010,
2026-09-19T00:09:08.434Z,96614,1010,
2026-09-19T00:09:08.434Z,33673,200800000,
2026-09-19T00:09:08.434Z,59870,10100000,
2026-09-19T00:09:08.434Z,96618,1010,
2026-09-19T00:09:08.434Z,96617,1001000,
2026-09-19T00:09:08.434Z,59871,9998000,
2026-09-19T00:09:08.434Z,59872,20000000,
2026-09-19T00:09:08.434Z,96669,1010,
2026-09-19T00:09:08.434Z,54220,2000000,
2026-09-19T00:09:08.434Z,59874,20000000,
2026-09-19T00:09:08.434Z,96671,1010,
2026-09-19T00:09:08.434Z,96619,1001000,
2026-09-19T00:09:08.434Z,96622,1010,
2026-09-19T00:09:08.434Z,96621,10010,
2026-09-19T00:09:08.434Z,96624,1010,
2026-09-19T00:09:08.434Z,96627,1010,
2026-09-19T00:09:08.434Z,96655,1010,
2026-09-19T00:09:08.434Z,96654,10010,
2026-09-19T00:09:08.434Z,15638,2500000,
2026-09-19T00:09:08.434Z,90746,80000000,
2026-09-19T00:09:08.434Z,53600,100100,
2026-09-19T00:09:08.434Z,15875,980200,
2026-09-19T00:09:08.434Z,19463,2500000,
2026-09-19T00:09:08.434Z,34552,1000000,
2026-09-19T00:09:08.434Z,34542,1000000,
2026-09-19T00:09:08.434Z,46682,277.8,
2026-09-19T00:09:08.434Z,34543,1000000,
2026-09-19T00:09:08.434Z,96800,21000,
2026-09-19T00:09:08.434Z,96798,100200,
2026-09-19T00:09:08.434Z,96797,50000000,
2026-09-19T00:09:08.434Z,49421,5000000,
2026-09-19T00:09:08.434Z,96796,1001,
2026-09-19T00:09:08.434Z,34554,1000000,
2026-09-19T00:09:08.434Z,34546,1000000,
2026-09-19T00:09:08.434Z,96813,50000000,
2026-09-19T00:09:08.434Z,96801,50000000,
2026-09-19T00:09:08.434Z,82585,15370000,
2026-09-19T00:09:08.434Z,96792,100100,
2026-09-19T00:09:08.434Z,96791,50000000,
2026-09-19T00:09:08.434Z,15794,1644000,
2026-09-19T00:09:08.434Z,48177,1000000,
2026-09-19T00:09:08.434Z,96770,1001,
2026-09-19T00:09:08.434Z,96769,50000000,
2026-09-19T00:09:08.434Z,96772,100100,
2026-09-19T00:09:08.434Z,96771,50000000,
2026-09-19T00:09:08.434Z,96794,100100,
2026-09-19T00:09:08.434Z,48188,1500000,
2026-09-19T00:09:08.434Z,11569,55200,
2026-09-19T00:09:08.434Z,58942,50590000,
2026-09-19T00:09:08.434Z,58947,50000000,
2026-09-19T00:09:08.434Z,58952,50000000,
2026-09-19T00:09:08.434Z,58934,3336000,
2026-09-19T00:09:08.434Z,96809,50000000,
2026-09-19T00:09:08.434Z,17303,10000,
2026-09-19T00:09:08.434Z,96808,100200,
2026-09-19T00:09:08.434Z,96807,50000000,
2026-09-19T00:09:08.434Z,96814,100100,
2026-09-19T00:09:08.434Z,96806,100100,
2026-09-19T00:09:08.434Z,96804,50000000,
2026-09-19T00:09:08.434Z,43925,4018000,
2026-09-19T00:09:08.434Z,34706,50000000,
2026-09-19T00:09:08.434Z,74530,1570,
2026-09-19T00:09:08.434Z,53420,1305000,
2026-09-19T00:09:08.434Z,34169,550000000,
2026-09-19T00:09:08.434Z,43813,18760000,
2026-09-19T00:09:08.434Z,31296,26000,
2026-09-19T00:09:08.434Z,34547,1000000,
2026-09-19T00:09:08.434Z,17642,4505000,
2026-09-19T00:09:08.434Z,60514,40000000,
2026-09-19T00:09:08.434Z,91197,170500000,
2026-09-19T00:09:08.434Z,91196,60060000,
2026-09-19T00:09:08.434Z,91198,250100000,
2026-09-19T00:09:08.434Z,43932,2001000,
2026-09-19T00:09:08.434Z,28819,250000000,
2026-09-19T00:09:08.434Z,49974,150000000,
2026-09-19T00:09:08.434Z,96811,100200,
2026-09-19T00:09:08.434Z,34025,81550000,
2026-09-19T00:09:08.434Z,84992,3700000000,
2026-09-19T00:09:08.434Z,86276,6666000,
2026-09-19T00:09:08.434Z,34661,225600000,
2026-09-19T00:09:08.434Z,32818,88150,
2026-09-19T00:09:08.434Z,74535,4800,
2026-09-19T00:09:08.434Z,74534,4500,
2026-09-19T00:09:08.434Z,96637,1001,
2026-09-19T00:09:08.434Z,46699,177.6,
2026-09-19T00:09:08.434Z,4021,105000000,
2026-09-19T00:09:08.434Z,36773,105100000,
2026-09-19T00:09:08.434Z,14572,120000,
2026-09-19T00:09:08.434Z,87392,120000000,
2026-09-19T00:09:08.434Z,87391,120000000,
2026-09-19T00:09:08.434Z,87393,120000000,
2026-09-19T00:09:08.434Z,87374,120000000,
2026-09-19T00:09:08.434Z,88571,1000000,
2026-09-19T00:09:08.434Z,87390,120000000,
2026-09-19T00:09:08.434Z,50077,21990000,
2026-09-19T00:09:08.434Z,84134,1279000,
2026-09-19T00:09:08.434Z,64588,555000000,
2026-09-19T00:09:08.434Z,87360,400000000,
2026-09-19T00:09:08.434Z,52892,11800000,
2026-09-19T00:09:08.434Z,17249,315000000,
2026-09-19T00:09:08.434Z,37343,2714000,
2026-09-19T00:09:08.434Z,49953,1024000000,
2026-09-19T00:09:08.434Z,4140,1010000000,
2026-09-19T00:09:08.434Z,49952,56170000,
2026-09-19T00:09:08.434Z,44070,8879000,
2026-09-19T00:09:08.434Z,44072,9181000,
2026-09-19T00:09:08.434Z,49947,6028000000,
2026-09-19T00:09:08.434Z,96615,1001000,
2026-09-19T00:09:08.434Z,55717,11100000,
2026-09-19T00:09:08.434Z,49960,585400000,
2026-09-19T00:09:08.434Z,44071,3368000,
2026-09-19T00:09:08.434Z,46658,100100000,
2026-09-19T00:09:08.434Z,46673,530000000,
2026-09-19T00:09:08.434Z,91199,70140000,
2026-09-19T00:09:08.434Z,21300,1650000,
2026-09-19T00:09:08.434Z,96644,1001000,
2026-09-19T00:09:08.434Z,4052,1,
2026-09-19T00:09:08.434Z,15222,5000000,
2026-09-19T00:09:08.434Z,14556,50000000,
2026-09-19T00:09:08.434Z,34053,400400000,
2026-09-19T00:09:08.434Z,90663,80230000,
2026-09-19T00:09:08.434Z,53055,25000000,
2026-09-19T00:09:08.434Z,48816,1500000000,
2026-09-19T00:09:08.434Z,15746,86140000,
2026-09-19T00:09:08.434Z,53057,10000000,
2026-09-19T00:09:08.434Z,34099,20000000,
2026-09-19T00:09:08.434Z,62477,1151,
2026-09-19T00:09:08.434Z,53058,15000000,
2026-09-19T00:09:08.434Z,46756,150000000,
2026-09-19T00:09:08.434Z,53435,1000000,
2026-09-19T00:09:08.434Z,90137,15000000,
2026-09-19T00:09:08.434Z,36677,254700000,
2026-09-19T00:09:08.434Z,31512,23110000,
2026-09-19T00:09:08.434Z,63138,3226000000,
2026-09-19T00:09:08.434Z,93725,702900000,
2026-09-19T00:09:08.434Z,32792,11420000,
2026-09-19T00:09:08.434Z,52739,1010000,
2026-09-19T00:09:08.434Z,62479,427.9,
2026-09-19T00:09:08.434Z,50045,2000000,
2026-09-19T00:09:08.434Z,52768,8812000,
2026-09-19T00:09:08.434Z,785,92720,
2026-09-19T00:09:08.434Z,50047,2000000,
2026-09-19T00:09:08.434Z,81903,200.5,
2026-09-19T00:09:08.434Z,62509,11360,
2026-09-19T00:09:08.434Z,52771,250600000,
2026-09-19T00:09:08.434Z,82164,587.5,
2026-09-19T00:09:08.434Z,52778,6589000,
2026-09-19T00:09:08.434Z,52777,5202000,
2026-09-19T00:09:08.434Z,37554,10000000,
2026-09-19T00:09:08.434Z,62057,2592000,
2026-09-19T00:09:08.434Z,52775,2264000,
2026-09-19T00:09:08.434Z,56191,4499000,
2026-09-19T00:09:08.434Z,48533,12000000,
2026-09-19T00:09:08.434Z,31158,20000000,
2026-09-19T00:09:08.434Z,48531,80000000,
2026-09-19T00:09:08.434Z,11133,49990,
2026-09-19T00:09:08.434Z,54216,11230000,
2026-09-19T00:09:08.434Z,48375,2000000,
2026-09-19T00:09:08.434Z,48376,2000000,
2026-09-19T00:09:08.434Z,48379,12000000,
2026-09-19T00:09:08.434Z,48374,2000000,
2026-09-19T00:09:08.434Z,48378,500000,
2026-09-19T00:09:08.434Z,47112,100,
2026-09-19T00:09:08.434Z,92824,10260000,
2026-09-19T00:09:08.434Z,48536,12000000,
2026-09-19T00:09:08.434Z,48535,2000000,
2026-09-19T00:09:08.434Z,33067,32220000,
2026-09-19T00:09:08.434Z,87273,4047000,
2026-09-19T00:09:08.434Z,46288,25.12,
2026-09-19T00:09:08.434Z,33751,1,
2026-09-19T00:09:08.434Z,4181,10,
2026-09-19T00:09:08.434Z,4069,100000000,
2026-09-19T00:09:08.434Z,4184,10,
2026-09-19T00:09:08.434Z,4111,1,
2026-09-19T00:09:08.434Z,4114,1,
2026-09-19T00:09:08.434Z,4109,1,
2026-09-19T00:09:08.434Z,4189,10,
2026-09-19T00:09:08.434Z,4107,1,
2026-09-19T00:09:08.434Z,4108,1,
2026-09-19T00:09:08.434Z,46432,4818000,
2026-09-19T00:09:08.434Z,4183,10,
2026-09-19T00:09:08.434Z,4076,1,
2026-09-19T00:09:08.434Z,4185,10,
2026-09-19T00:09:08.434Z,58946,1,
2026-09-19T00:09:08.434Z,58949,1,
2026-09-19T00:09:08.434Z,58948,1,
2026-09-19T00:09:08.434Z,4186,10,
2026-09-19T00:09:08.434Z,4187,10,
2026-09-19T00:09:08.434Z,4190,10,
2026-09-19T00:09:08.434Z,46727,1257000,
2026-09-19T00:09:08.434Z,14626,120,
2026-09-19T00:09:08.434Z,37562,1,
2026-09-19T00:09:08.434Z,55763,0.01,
2026-09-19T00:09:08.434Z,37555,11400000,
2026-09-19T00:09:08.434Z,23513,0.01,
2026-09-19T00:09:08.434Z,23507,5,
2026-09-19T00:09:08.434Z,50030,2000000,
2026-09-19T00:09:08.434Z,23730,5,
2026-09-19T00:09:08.434Z,23706,0.01,
2026-09-19T00:09:08.434Z,23732,0.01,
2026-09-19T00:09:08.434Z,90321,100200,
2026-09-19T00:09:08.434Z,59822,13500000,
2026-09-19T00:09:08.434Z,36776,16010000,
2026-09-19T00:09:08.434Z,46413,46000000,
2026-09-19T00:09:08.434Z,57109,100,
2026-09-19T00:09:08.434Z,47241,0.01,
2026-09-19T00:09:08.434Z,48745,0.01,
2026-09-19T00:09:08.434Z,60769,50000000,
2026-09-19T00:09:08.434Z,82018,503.4,
2026-09-19T00:09:08.434Z,36731,75160000,
2026-09-19T00:09:08.434Z,14473,252000000,
2026-09-19T00:09:08.434Z,88012,600600,
2026-09-19T00:09:08.434Z,47179,18560000,
2026-09-19T00:09:08.434Z,88014,600300,
2026-09-19T00:09:08.434Z,88232,1006000,
2026-09-19T00:09:08.434Z,81086,591600000,
2026-09-19T00:09:08.434Z,82506,21590000,
2026-09-19T00:09:08.434Z,82505,15680000,
2026-09-19T00:09:08.434Z,82504,294000,
2026-09-19T00:09:08.434Z,82503,21360000,
2026-09-19T00:09:08.434Z,82502,15220000,
2026-09-19T00:09:08.434Z,36727,178500000,
2026-09-19T00:09:08.434Z,82501,294100,
2026-09-19T00:09:08.434Z,40581,55660000,
2026-09-19T00:09:08.434Z,82600,374900,
2026-09-19T00:09:08.434Z,82601,600500,
2026-09-19T00:09:08.434Z,87738,1632000,
2026-09-19T00:09:08.434Z,82594,377700,
2026-09-19T00:09:08.434Z,82595,599800,
2026-09-19T00:09:08.434Z,82602,379400,
2026-09-19T00:09:08.434Z,82603,598800,
2026-09-19T00:09:08.434Z,87737,1250000,
2026-09-19T00:09:08.434Z,82598,377800,
2026-09-19T00:09:08.434Z,82599,607200,
2026-09-19T00:09:08.434Z,87739,1259000,
2026-09-19T00:09:08.434Z,82604,375600,
2026-09-19T00:09:08.434Z,82605,604100,
2026-09-19T00:09:08.434Z,87736,1274000,
2026-09-19T00:09:08.434Z,82606,39800000,
2026-09-19T00:09:08.434Z,82607,6549000,
2026-09-19T00:09:08.434Z,36320,137600000,
2026-09-19T00:09:08.434Z,87735,1840000,
2026-09-19T00:09:08.434Z,82596,1276000,
2026-09-19T00:09:08.434Z,82597,1246000,
2026-09-19T00:09:08.434Z,87740,1252000,
2026-09-19T00:09:08.434Z,46651,547100,
2026-09-19T00:09:08.434Z,46649,528400,
2026-09-19T00:09:08.434Z,46501,533000,
2026-09-19T00:09:08.434Z,37435,2715000,
2026-09-19T00:09:08.434Z,37431,2716000,
2026-09-19T00:09:08.434Z,40471,16460000,
2026-09-19T00:09:08.434Z,40606,54720000,
2026-09-19T00:09:08.434Z,37023,1711000,
2026-09-19T00:09:08.434Z,22457,10100000,
2026-09-19T00:09:08.434Z,90180,155500,
2026-09-19T00:09:08.434Z,43927,3268000,
2026-09-19T00:09:08.434Z,37034,3157000,
2026-09-19T00:09:08.434Z,37032,208200,
2026-09-19T00:09:08.434Z,70837,1100000,
2026-09-19T00:09:08.434Z,37030,24230000,
2026-09-19T00:09:08.434Z,37047,406900,
2026-09-19T00:09:08.434Z,37048,406100,
2026-09-19T00:09:08.434Z,34094,810000000,
2026-09-19T00:09:08.434Z,55720,150000,
2026-09-19T00:09:08.434Z,40333,19820000,
2026-09-19T00:09:08.434Z,53341,30000000,
2026-09-19T00:09:08.434Z,33488,1570000000,
2026-09-19T00:09:08.434Z,36363,20610000,
2026-09-19T00:09:08.434Z,36304,10,
2026-09-19T00:09:08.434Z,60948,22000000,
2026-09-19T00:09:08.434Z,43678,200000,
2026-09-19T00:09:08.434Z,46738,32960000,
2026-09-19T00:09:08.434Z,92179,409900,
2026-09-19T00:09:08.434Z,4043,1,
2026-09-19T00:09:08.434Z,4037,1,
2026-09-19T00:09:08.434Z,4039,1,
2026-09-19T00:09:08.434Z,36971,811900000,
2026-09-19T00:09:08.434Z,96680,1001000,
2026-09-19T00:09:08.434Z,96767,1001000,
2026-09-19T00:09:08.434Z,77288,562000000,
2026-09-19T00:09:08.434Z,52783,101000000,
2026-09-19T00:09:08.434Z,3316,35000,
2026-09-19T00:09:08.434Z,4182,1012000,
2026-09-19T00:09:08.434Z,37525,190000000,
2026-09-19T00:09:08.434Z,46532,1500000,
2026-09-19T00:09:08.434Z,15220,149600,
2026-09-19T00:09:08.434Z,4151,1,
2026-09-19T00:09:08.434Z,4152,1,
2026-09-19T00:09:08.434Z,3975,1,
2026-09-19T00:09:08.434Z,49981,200000,
2026-09-19T00:09:08.434Z,42242,55730000,
2026-09-19T00:09:08.434Z,14592,1000000,
2026-09-19T00:09:08.434Z,34651,227500000,
2026-09-19T00:09:08.434Z,37577,6300000,
2026-09-19T00:09:08.434Z,63704,5000000,
2026-09-19T00:09:08.434Z,61871,6991000,
2026-09-19T00:09:08.434Z,63712,5000000,
2026-09-19T00:09:08.434Z,14944,14460000000,
2026-09-19T00:09:08.434Z,63713,5000000,
2026-09-19T00:09:08.434Z,37556,11000,
2026-09-19T00:09:08.434Z,37585,1005000,
2026-09-19T00:09:08.434Z,37592,11,
2026-09-19T00:09:08.434Z,85554,122200000,
2026-09-19T00:09:08.434Z,76203,1000000,
2026-09-19T00:09:08.434Z,48728,4972000,
2026-09-19T00:09:08.434Z,22887,5000,
2026-09-19T00:09:08.434Z,43933,2002000,
2026-09-19T00:09:08.434Z,87608,35000000,
2026-09-19T00:09:08.434Z,41685,157800000,
2026-09-19T00:09:08.434Z,96693,1010,
2026-09-19T00:09:08.434Z,37008,1001000,
2026-09-19T00:09:08.434Z,64592,5137000,
2026-09-19T00:09:08.434Z,55722,1400000000,
2026-09-19T00:09:08.434Z,48158,69420000,
2026-09-19T00:09:08.434Z,57106,10000000,
2026-09-19T00:09:08.434Z,33807,2460000,
2026-09-19T00:09:08.434Z,96611,1001000,
2026-09-19T00:09:08.434Z,36402,2813000,
2026-09-19T00:09:08.434Z,34029,1000,
2026-09-19T00:09:08.434Z,4203,1,
2026-09-19T00:09:08.434Z,34043,1000,
2026-09-19T00:09:08.434Z,4229,1,
2026-09-19T00:09:08.434Z,4217,1,
2026-09-19T00:09:08.434Z,34357,25580000,
2026-09-19T00:09:08.434Z,4218,1,
2026-09-19T00:09:08.434Z,4219,1,
2026-09-19T00:09:08.434Z,4226,1,
2026-09-19T00:09:08.434Z,4220,1,
2026-09-19T00:09:08.434Z,4221,1,
2026-09-19T00:09:08.434Z,4227,1,
2026-09-19T00:09:08.434Z,4224,1,
2026-09-19T00:09:08.434Z,4222,1,
2026-09-19T00:09:08.434Z,4230,1,
2026-09-19T00:09:08.434Z,4202,1,
2026-09-19T00:09:08.434Z,4209,1,
2026-09-19T00:09:08.434Z,4207,1,
2026-09-19T00:09:08.434Z,49678,10,
2026-09-19T00:09:08.434Z,4161,1,
2026-09-19T00:09:08.434Z,4160,1,
2026-09-19T00:09:08.434Z,4159,1,
2026-09-19T00:09:08.434Z,4163,1,
2026-09-19T00:09:08.434Z,33750,1,
2026-09-19T00:09:08.434Z,33749,1,
2026-09-19T00:09:08.434Z,47961,180000000,
2026-09-19T00:09:08.434Z,33748,1,
2026-09-19T00:09:08.434Z,33747,1,
2026-09-19T00:09:08.434Z,36356,23250000,
2026-09-19T00:09:08.434Z,34652,5000000000,
2026-09-19T00:09:08.434Z,52762,11,
2026-09-19T00:09:08.434Z,40332,290000000,
2026-09-19T00:09:08.434Z,36434,1000000,
2026-09-19T00:09:08.434Z,36449,11340000,
2026-09-19T00:09:08.434Z,48854,8025000,
2026-09-19T00:09:08.434Z,36458,7000000,
2026-09-19T00:09:08.434Z,36454,1,
2026-09-19T00:09:08.434Z,36447,3000000,
2026-09-19T00:09:08.434Z,28415,714.6,
2026-09-19T00:09:08.434Z,36426,1000000,
2026-09-19T00:09:08.434Z,36427,1500000,
2026-09-19T00:09:08.434Z,36314,111,
2026-09-19T00:09:08.434Z,41588,1000000,
2026-09-19T00:09:08.434Z,41586,10000,
2026-09-19T00:09:08.434Z,28408,3.66,
2026-09-19T00:09:08.434Z,28407,69.05,
2026-09-19T00:09:08.434Z,48175,50000000,
2026-09-19T00:09:08.434Z,94088,1005000,
2026-09-19T00:09:08.434Z,37605,2261000000,
2026-09-19T00:09:08.434Z,49150,360300000,
2026-09-19T00:09:08.434Z,889,100,
2026-09-19T00:09:08.434Z,36515,210000000,
2026-09-19T00:09:08.434Z,23915,2171000000,
2026-09-19T00:09:08.434Z,48851,12290000,
2026-09-19T00:09:08.434Z,671,921200000,
2026-09-19T00:09:08.434Z,96660,1001000,
2026-09-19T00:09:08.434Z,46399,2000000,
2026-09-19T00:09:08.434Z,42125,24270000,
2026-09-19T00:09:08.434Z,40324,400000000,
2026-09-19T00:09:08.434Z,36484,33000000,
2026-09-19T00:09:08.434Z,46643,1.05,
2026-09-19T00:09:08.434Z,37487,65510000,
2026-09-19T00:09:08.434Z,17671,20000,
2026-09-19T00:09:08.434Z,90282,0.03,
2026-09-19T00:09:08.434Z,90278,0.03,
2026-09-19T00:09:08.434Z,37310,2720000,
2026-09-19T00:09:08.434Z,55724,169000000,
2026-09-19T00:09:08.434Z,37376,2744000,
2026-09-19T00:09:08.434Z,77284,511000000,
2026-09-19T00:09:08.434Z,50085,1225000000,
2026-09-19T00:09:08.434Z,46693,719.1,
2026-09-19T00:09:08.434Z,28399,283,
2026-09-19T00:09:08.434Z,17510,114800,
2026-09-19T00:09:08.434Z,33730,100000000,
2026-09-19T00:09:08.434Z,31217,29600,
2026-09-19T00:09:08.434Z,31242,35100,
2026-09-19T00:09:08.434Z,46701,3.36,
2026-09-19T00:09:08.434Z,53376,100200,
2026-09-19T00:09:08.434Z,48189,3499000,
2026-09-19T00:09:08.434Z,46702,3.06,
2026-09-19T00:09:08.434Z,43931,2001000,
2026-09-19T00:09:08.434Z,58786,49010000,
2026-09-19T00:09:08.434Z,33307,19020,
2026-09-19T00:09:08.434Z,56264,21770000000,
2026-09-19T00:09:08.434Z,31428,19020,
2026-09-19T00:09:08.434Z,43831,10030000,
2026-09-19T00:09:08.434Z,91636,105700000,
2026-09-19T00:09:08.434Z,94097,25140000,
2026-09-19T00:09:08.434Z,52790,191700000,
2026-09-19T00:09:08.434Z,57502,6001000,
2026-09-19T00:09:08.434Z,58943,12000000,
2026-09-19T00:09:08.434Z,14866,646700000,
2026-09-19T00:09:08.434Z,94094,1001000,
2026-09-19T00:09:08.434Z,56931,1030000,
2026-09-19T00:09:08.434Z,45677,32450000,
2026-09-19T00:09:08.434Z,48951,1,
2026-09-19T00:09:08.434Z,48954,1,
2026-09-19T00:09:08.434Z,50042,1,
2026-09-19T00:09:08.434Z,73792,3356000000,
2026-09-19T00:09:08.434Z,19724,2006000000,
2026-09-19T00:09:08.434Z,73787,3121000000,
2026-09-19T00:09:08.434Z,19722,2261000000,
2026-09-19T00:09:08.434Z,85025,233100000,
2026-09-19T00:09:08.434Z,48532,10000000,
2026-09-19T00:09:08.434Z,87381,1630000,
2026-09-19T00:09:08.434Z,45061,25510000,
2026-09-19T00:09:08.434Z,90320,10010000,
2026-09-19T00:09:08.434Z,85759,2.01,
2026-09-19T00:09:08.434Z,37604,3446000000,
2026-09-19T00:09:08.434Z,37607,2566000000,
2026-09-19T00:09:08.434Z,44214,110000,
2026-09-19T00:09:08.434Z,45649,51370000,
2026-09-19T00:09:08.434Z,23773,1819000,
2026-09-19T00:09:08.434Z,3514,276400000,
2026-09-19T00:09:08.434Z,87389,120000000,
2026-09-19T00:09:08.434Z,36777,57510000,
2026-09-19T00:09:08.434Z,91634,17000000,
2026-09-19T00:09:08.434Z,15856,100000,
2026-09-19T00:09:08.434Z,48159,5001000,
2026-09-19T00:09:08.434Z,36366,3223000,
2026-09-19T00:09:08.434Z,54553,2004000,
2026-09-19T00:09:08.434Z,43511,10000000,
2026-09-19T00:09:08.434Z,37606,2661000000,
2026-09-19T00:09:08.434Z,53633,111,
2026-09-19T00:09:08.434Z,22566,300000,
2026-09-19T00:09:08.434Z,94006,10000000,
2026-09-19T00:09:08.434Z,15052,122100,
2026-09-19T00:09:08.434Z,47530,30000000,
2026-09-19T00:09:08.434Z,4110,1,
2026-09-19T00:09:08.434Z,45645,4820000,
2026-09-19T00:09:08.434Z,46700,0.12,
2026-09-19T00:09:08.434Z,28404,1.08,
2026-09-19T00:09:08.434Z,31506,100300,
2026-09-19T00:09:08.434Z,46668,325100000,
2026-09-19T00:09:08.434Z,4139,175400000,
2026-09-19T00:09:08.434Z,36346,11110000,
2026-09-19T00:09:08.434Z,28395,1172,
2026-09-19T00:09:08.434Z,34558,2739000,
2026-09-19T00:09:08.434Z,82207,550,
2026-09-19T00:09:08.434Z,62857,1111,
2026-09-19T00:09:08.434Z,36404,4000000000,
2026-09-19T00:09:08.434Z,54908,15000000,
2026-09-19T00:09:08.434Z,83245,1000,
2026-09-19T00:09:08.434Z,20635,1800000,
2026-09-19T00:09:08.434Z,14912,100500,
2026-09-19T00:09:08.434Z,43679,200000,
2026-09-19T00:09:08.434Z,59836,1801000,
2026-09-19T00:09:08.434Z,61656,100100,
2026-09-19T00:09:08.434Z,36348,500000000,
2026-09-19T00:09:08.434Z,36341,1326000,
2026-09-19T00:09:08.434Z,36357,1,
2026-09-19T00:09:08.434Z,36361,500000000,
2026-09-19T00:09:08.434Z,40331,1127000,
2026-09-19T00:09:08.434Z,36340,2128000,
2026-09-19T00:09:08.434Z,36354,50610000,
2026-09-19T00:09:08.434Z,36362,1372000,
2026-09-19T00:09:08.434Z,36342,400000000,
2026-09-19T00:09:08.434Z,47535,3002000,
2026-09-19T00:09:08.434Z,53188,3100000,
2026-09-19T00:09:08.434Z,80992,200000,
2026-09-19T00:09:08.434Z,87926,2000000,
2026-09-19T00:09:08.434Z,87901,200000,
2026-09-19T00:09:08.434Z,87263,999800,
2026-09-19T00:09:08.434Z,52876,7001000,
2026-09-19T00:09:08.434Z,56626,5055,
2026-09-19T00:09:08.434Z,48194,2083000,
2026-09-19T00:09:08.434Z,36797,231600000,
2026-09-19T00:09:08.434Z,59839,100000000,
2026-09-19T00:09:08.434Z,43523,1000000,
2026-09-19T00:09:08.434Z,47301,1000000,
2026-09-19T00:09:08.434Z,33059,500000,
2026-09-19T00:09:08.434Z,19658,50000,
2026-09-19T00:09:08.434Z,30222,50000,
2026-09-19T00:09:08.434Z,30221,50000,
2026-09-19T00:09:08.434Z,56267,62200000,
2026-09-19T00:09:08.434Z,56090,7000000,
2026-09-19T00:09:08.434Z,37486,26210000,
2026-09-19T00:09:08.434Z,82319,100.3,
2026-09-19T00:09:08.434Z,78823,13500000,
2026-09-19T00:09:08.434Z,17225,4500000,
2026-09-19T00:09:08.434Z,88568,45000000,
2026-09-19T00:09:08.434Z,91631,75000000,
2026-09-19T00:09:08.434Z,36322,87510000,
2026-09-19T00:09:08.434Z,40487,44410000,
2026-09-19T00:09:08.434Z,33277,9004,
2026-09-19T00:09:08.434Z,36507,335000000,
2026-09-19T00:09:08.434Z,32820,50000,
2026-09-19T00:09:08.434Z,59811,11,
2026-09-19T00:09:08.434Z,96658,1001000,
2026-09-19T00:09:08.434Z,74531,1902,
2026-09-19T00:09:08.434Z,59857,1567000,
2026-09-19T00:09:08.434Z,53200,2450000,
2026-09-19T00:09:08.434Z,64411,86650000,
2026-09-19T00:09:08.434Z,36740,30100000,
2026-09-19T00:09:08.434Z,43930,2001000,
2026-09-19T00:09:08.434Z,46772,0.01,
2026-09-19T00:09:08.434Z,46771,80000000,
2026-09-19T00:09:08.434Z,36633,56300000,
2026-09-19T00:09:08.434Z,36717,1000000,
2026-09-19T00:09:08.434Z,87925,200000,
2026-09-19T00:09:08.434Z,41682,135100000,
2026-09-19T00:09:08.434Z,46739,100000000,
2026-09-19T00:09:08.434Z,52889,101200,
2026-09-19T00:09:08.434Z,37507,1000000,
2026-09-19T00:09:08.434Z,52769,13200000,
2026-09-19T00:09:08.434Z,43520,132000,
2026-09-19T00:09:08.434Z,46132,145400000,
2026-09-19T00:09:08.434Z,53642,10080,
2026-09-19T00:09:08.434Z,36775,1329000,
2026-09-19T00:09:08.434Z,27594,250300000,
2026-09-19T00:09:08.434Z,88034,13510000,
2026-09-19T00:09:08.434Z,36636,46000000,
2026-09-19T00:09:08.434Z,40582,33140000,
2026-09-19T00:09:08.434Z,92385,100000000,
2026-09-19T00:09:08.434Z,59211,6500000,
2026-09-19T00:09:08.434Z,53160,100,
2026-09-19T00:09:08.434Z,46293,2.37,
2026-09-19T00:09:08.434Z,6047,31000,
2026-09-19T00:09:08.434Z,52758,1000000,
2026-09-19T00:09:08.434Z,4196,0.01,
2026-09-19T00:09:08.434Z,43485,2000000,
2026-09-19T00:09:08.434Z,87741,1273000,
2026-09-19T00:09:08.434Z,36757,300000000,
2026-09-19T00:09:08.434Z,36508,80000000,
2026-09-19T00:09:08.434Z,81901,216.5,
2026-09-19T00:09:08.434Z,32821,1520,
2026-09-19T00:09:08.434Z,58826,31000000,
2026-09-19T00:09:08.434Z,57592,22710000,
2026-09-19T00:09:08.434Z,11011,174900000,
2026-09-19T00:09:08.434Z,26840,239700000,
2026-09-19T00:09:08.434Z,11878,100000,
2026-09-19T00:09:08.434Z,11879,0.01,
2026-09-19T00:09:08.434Z,11857,0.01,
2026-09-19T00:09:08.434Z,11883,0.01,
2026-09-19T00:09:08.434Z,11884,0.01,
2026-09-19T00:09:08.434Z,14716,20010000,
2026-09-19T00:09:08.434Z,37582,1000000,
2026-09-19T00:09:08.434Z,46681,750.3,
2026-09-19T00:09:08.434Z,49429,1701000,
2026-09-19T00:09:08.434Z,14761,5030000,
2026-09-19T00:09:08.434Z,81976,91.02,
2026-09-19T00:09:08.434Z,62056,17500,
2026-09-19T00:09:08.434Z,2375,150,
2026-09-19T00:09:08.434Z,2376,150,
2026-09-19T00:09:08.434Z,2373,150,
2026-09-19T00:09:08.434Z,2369,150,
2026-09-19T00:09:08.434Z,2377,150,
2026-09-19T00:09:08.434Z,91635,22010000,
2026-09-19T00:09:08.434Z,59428,1014000,
2026-09-19T00:09:08.434Z,56625,5146,
2026-09-19T00:09:08.434Z,42229,5000000,
2026-09-19T00:09:08.434Z,15190,80000,
2026-09-19T00:09:08.434Z,20803,100000,
2026-09-19T00:09:08.434Z,20805,100000,
2026-09-19T00:09:08.434Z,22634,2500000,
2026-09-19T00:09:08.434Z,20807,100000,
2026-09-19T00:09:08.434Z,55725,1,
2026-09-19T00:09:08.434Z,20809,100000,
2026-09-19T00:09:08.434Z,20815,100000,
2026-09-19T00:09:08.434Z,28330,100000,
2026-09-19T00:09:08.434Z,42671,610000000,
2026-09-19T00:09:08.434Z,28338,100000,
2026-09-19T00:09:08.434Z,14920,1102000,
2026-09-19T00:09:08.434Z,21920,100000,
2026-09-19T00:09:08.434Z,21933,100000,
2026-09-19T00:09:08.434Z,21941,100000,
2026-09-19T00:09:08.434Z,15018,2500000,
2026-09-19T00:09:08.434Z,14860,50340000,
2026-09-19T00:09:08.434Z,34052,100000000,
2026-09-19T00:09:08.434Z,96142,10010000,
2026-09-19T00:09:08.434Z,32207,221000000,
2026-09-19T00:09:08.434Z,44069,1170000,
2026-09-19T00:09:08.434Z,1212,225000,
2026-09-19T00:09:08.434Z,61126,1002000,
2026-09-19T00:09:08.434Z,11562,2000000,
2026-09-19T00:09:08.434Z,15668,55820,
2026-09-19T00:09:08.434Z,36786,440000000,
2026-09-19T00:09:08.434Z,36752,70030000,
2026-09-19T00:09:08.434Z,23726,0.01,
2026-09-19T00:09:08.434Z,52887,4982000,
2026-09-19T00:09:08.434Z,91147,125000000,
2026-09-19T00:09:08.434Z,37551,23850,
2026-09-19T00:09:08.434Z,36349,200000000,
2026-09-19T00:09:08.434Z,53204,20040000,
2026-09-19T00:09:08.434Z,61125,36400000,
2026-09-19T00:09:08.434Z,47528,2111,
2026-09-19T00:09:08.434Z,3597,75500,
2026-09-19T00:09:08.434Z,45495,51.11,
2026-09-19T00:09:08.434Z,46304,0.01,
2026-09-19T00:09:08.434Z,37497,51030000,
2026-09-19T00:09:08.434Z,25339,50000,
2026-09-19T00:09:08.434Z,81900,263.1,
2026-09-19T00:09:08.434Z,17870,16000,
2026-09-19T00:09:08.434Z,3307,1636000,
2026-09-19T00:09:08.434Z,46302,750.8,
2026-09-19T00:09:08.434Z,45497,0.01,
2026-09-19T00:09:08.434Z,46295,0.01,
2026-09-19T00:09:08.434Z,17976,1,
2026-09-19T00:09:08.434Z,37484,37670000,
2026-09-19T00:09:08.434Z,41468,676800000,
2026-09-19T00:09:08.434Z,57807,100500000,
2026-09-19T00:09:08.434Z,33989,150000000,
2026-09-19T00:09:08.434Z,34055,100000000,
2026-09-19T00:09:08.434Z,44068,4004000,
2026-09-19T00:09:08.434Z,90274,0.01,
2026-09-19T00:09:08.434Z,90279,0.01,
2026-09-19T00:09:08.434Z,48141,1000000,
2026-09-19T00:09:08.434Z,47236,0.02,
2026-09-19T00:09:08.434Z,53599,100,
2026-09-19T00:09:08.434Z,21318,5000000,
2026-09-19T00:09:08.434Z,21304,5000000,
2026-09-19T00:09:08.434Z,74528,271.4,
2026-09-19T00:09:08.434Z,21310,5000000,
2026-09-19T00:09:08.434Z,21312,5000000,
2026-09-19T00:09:08.434Z,21314,5000000,
2026-09-19T00:09:08.434Z,46305,151,
2026-09-19T00:09:08.434Z,20901,5000000,
2026-09-19T00:09:08.434Z,20899,5000000,
2026-09-19T00:09:08.434Z,20911,5000000,
2026-09-19T00:09:08.434Z,20897,5000000,
2026-09-19T00:09:08.434Z,20903,5000000,
2026-09-19T00:09:08.434Z,20907,5000000,
2026-09-19T00:09:08.434Z,36733,117600000,
2026-09-19T00:09:08.434Z,85062,3643000000,
2026-09-19T00:09:08.434Z,47644,9001000,
2026-09-19T00:09:08.434Z,91173,111100,
2026-09-19T00:09:08.434Z,36381,80000000,
2026-09-19T00:09:08.434Z,91172,111100,
2026-09-19T00:09:08.434Z,36353,109100000,
2026-09-19T00:09:08.434Z,14928,75000,
2026-09-19T00:09:08.434Z,4127,550000000,
2026-09-19T00:09:08.434Z,15641,1.04,
2026-09-19T00:09:08.434Z,91168,200000,
2026-09-19T00:09:08.434Z,36736,116400000,
2026-09-19T00:09:08.434Z,46428,5000000,
2026-09-19T00:09:08.434Z,62036,5.02,
2026-09-19T00:09:08.434Z,52881,6003000,
2026-09-19T00:09:08.434Z,94105,35210000,
2026-09-19T00:09:08.434Z,94103,25200000,
2026-09-19T00:09:08.434Z,52900,120000,
2026-09-19T00:09:08.434Z,62043,353.3,
2026-09-19T00:09:08.434Z,52895,100100,
2026-09-19T00:09:08.434Z,52552,40010000,
2026-09-19T00:09:08.434Z,52853,160000,
2026-09-19T00:09:08.434Z,62034,262.8,
2026-09-19T00:09:08.434Z,62040,220.2,
2026-09-19T00:09:08.434Z,52873,100100,
2026-09-19T00:09:08.434Z,62044,751.1,
2026-09-19T00:09:08.434Z,52902,10500000,
2026-09-19T00:09:08.434Z,52899,100100,
2026-09-19T00:09:08.434Z,52891,4006000,
2026-09-19T00:09:08.434Z,45584,1.01,
2026-09-19T00:09:08.434Z,52901,100100,
2026-09-19T00:09:08.434Z,43808,65130000,
2026-09-19T00:09:08.434Z,52894,100100,
2026-09-19T00:09:08.434Z,36429,1500000,
2026-09-19T00:09:08.434Z,36796,137600000,
2026-09-19T00:09:08.434Z,96690,1001000,
2026-09-19T00:09:08.434Z,96694,1001000,
2026-09-19T00:09:08.434Z,28655,20000000,
2026-09-19T00:09:08.434Z,96623,1001000,
2026-09-19T00:09:08.434Z,96626,1001000,
2026-09-19T00:09:08.434Z,96628,1001000,
2026-09-19T00:09:08.434Z,96636,1001000,
2026-09-19T00:09:08.434Z,94089,25140000,
2026-09-19T00:09:08.434Z,96638,1001000,
2026-09-19T00:09:08.434Z,96642,1001000,
2026-09-19T00:09:08.434Z,96646,1001000,
2026-09-19T00:09:08.434Z,52885,100100,
2026-09-19T00:09:08.434Z,96664,1001000,
2026-09-19T00:09:08.434Z,96666,1001000,
2026-09-19T00:09:08.434Z,96670,1001000,
2026-09-19T00:09:08.434Z,96682,1001000,
2026-09-19T00:09:08.434Z,96688,1001000,
2026-09-19T00:09:08.434Z,52880,100100,
2026-09-19T00:09:08.434Z,28514,95160000,
2026-09-19T00:09:08.434Z,96613,1001000,
2026-09-19T00:09:08.434Z,52849,100100,
2026-09-19T00:09:08.434Z,96634,1001000,
2026-09-19T00:09:08.434Z,96648,1001000,
2026-09-19T00:09:08.434Z,36772,1000,
2026-09-19T00:09:08.434Z,96652,1001000,
2026-09-19T00:09:08.434Z,96656,1001000,
2026-09-19T00:09:08.434Z,85723,60000000,
2026-09-19T00:09:08.434Z,96668,1001000,
2026-09-19T00:09:08.434Z,47642,12100000,
2026-09-19T00:09:08.434Z,17467,5099,
2026-09-19T00:09:08.434Z,31793,25000000,
2026-09-19T00:09:08.434Z,36352,7801000,
2026-09-19T00:09:08.434Z,46664,1000000000,
2026-09-19T00:09:08.434Z,48095,9999000,
2026-09-19T00:09:08.434Z,91141,400100000,
2026-09-19T00:09:08.434Z,47611,2,
2026-09-19T00:09:08.434Z,34742,30000000,
2026-09-19T00:09:08.434Z,54918,75010000,
2026-09-19T00:09:08.434Z,63707,5000000,
2026-09-19T00:09:08.434Z,63708,5000000,
2026-09-19T00:09:08.434Z,63710,5000000,
2026-09-19T00:09:08.434Z,88205,10050,
2026-09-19T00:09:08.434Z,88202,1002,
2026-09-19T00:09:08.434Z,47159,3736000,
2026-09-19T00:09:08.434Z,28538,128400,
2026-09-19T00:09:08.434Z,47210,5,
2026-09-19T00:09:08.434Z,14940,601100000,
2026-09-19T00:09:08.434Z,36368,35960000,
2026-09-19T00:09:08.434Z,36641,160000000,
2026-09-19T00:09:08.434Z,49670,157300000,
2026-09-19T00:09:08.434Z,83644,4980000,
2026-09-19T00:09:08.434Z,14622,1161000,
2026-09-19T00:09:08.434Z,4118,5009000,
2026-09-19T00:09:08.434Z,4121,5010000,
2026-09-19T00:09:08.434Z,4117,13020000,
2026-09-19T00:09:08.434Z,46436,45940000,
2026-09-19T00:09:08.434Z,14870,5706000000,
2026-09-19T00:09:08.434Z,52245,500100,
2026-09-19T00:09:08.434Z,77949,11,
2026-09-19T00:09:08.434Z,87606,50030,
2026-09-19T00:09:08.434Z,43839,2900000,
2026-09-19T00:09:08.434Z,47522,1,
2026-09-19T00:09:08.434Z,87268,100,
2026-09-19T00:09:08.434Z,40320,57250000,
2026-09-19T00:09:08.434Z,86413,1010000,
2026-09-19T00:09:08.434Z,87226,1.26,
2026-09-19T00:09:08.434Z,87269,10,
2026-09-19T00:09:08.434Z,87258,10,
2026-09-19T00:09:08.434Z,29660,5216,
2026-09-19T00:09:08.434Z,79998,80010,
2026-09-19T00:09:08.434Z,11199,150000,
2026-09-19T00:09:08.434Z,11185,150000,
2026-09-19T00:09:08.434Z,11187,150000,
2026-09-19T00:09:08.434Z,22465,150000,
2026-09-19T00:09:08.434Z,11193,150000,
2026-09-19T00:09:08.434Z,50048,2000000,
2026-09-19T00:09:08.434Z,59840,5000000,
2026-09-19T00:09:08.434Z,53426,10000000,
2026-09-19T00:09:08.434Z,15979,5000,
2026-09-19T00:09:08.434Z,46377,344800000,
2026-09-19T00:09:08.434Z,50078,724200000,
2026-09-19T00:09:08.434Z,36789,138300000,
2026-09-19T00:09:08.434Z,36337,500000000,
2026-09-19T00:09:08.434Z,17260,120000000,
2026-09-19T00:09:08.434Z,47247,0.02,
2026-09-19T00:09:08.434Z,60106,60000000,
2026-09-19T00:09:08.434Z,89807,4411000000,
2026-09-19T00:09:08.434Z,36403,550000000,
2026-09-19T00:09:08.434Z,43532,1004000,
2026-09-19T00:09:08.434Z,36376,55810000,
2026-09-19T00:09:08.434Z,56199,5090000,
2026-09-19T00:09:08.434Z,22567,551100,
2026-09-19T00:09:08.434Z,27624,13000000,
2026-09-19T00:09:08.434Z,15639,1500000,
2026-09-19T00:09:08.434Z,17847,1500000,
2026-09-19T00:09:08.434Z,48529,1200000,
2026-09-19T00:09:08.434Z,81366,40000,
2026-09-19T00:09:08.434Z,55713,3333000,
2026-09-19T00:09:08.434Z,46724,3333000,
2026-09-19T00:09:08.434Z,81616,640100,
2026-09-19T00:09:08.434Z,59219,30150000,
2026-09-19T00:09:08.434Z,4035,57070000,
2026-09-19T00:09:08.434Z,36672,255100000,
2026-09-19T00:09:08.434Z,34707,140000000,
2026-09-19T00:09:08.434Z,17236,0.01,
2026-09-19T00:09:08.434Z,22568,512500,
2026-09-19T00:09:08.434Z,15034,31710000,
2026-09-19T00:09:08.434Z,42246,220100000,
2026-09-19T00:09:08.434Z,33397,304100000,
2026-09-19T00:09:08.434Z,46535,100000000,
2026-09-19T00:09:08.434Z,45678,1000000,
2026-09-19T00:09:08.434Z,48636,440200000,
2026-09-19T00:09:08.434Z,92573,4000000,
2026-09-19T00:09:08.434Z,32824,3807,
2026-09-19T00:09:08.434Z,34639,500000000,
2026-09-19T00:09:08.434Z,32829,2250,
2026-09-19T00:09:08.434Z,33395,300200000,
2026-09-19T00:09:08.434Z,32828,40160,
2026-09-19T00:09:08.434Z,29663,4610,
2026-09-19T00:09:08.434Z,29659,3755,
2026-09-19T00:09:08.434Z,29661,6582,
2026-09-19T00:09:08.434Z,32822,3214,
2026-09-19T00:09:08.434Z,29662,7345,
2026-09-19T00:09:08.434Z,33339,3955,
2026-09-19T00:09:08.434Z,32827,8096,
2026-09-19T00:09:08.434Z,36406,95010000,
2026-09-19T00:09:08.434Z,41666,4901000,
2026-09-19T00:09:08.434Z,48377,2000000,
2026-09-19T00:09:08.434Z,95481,51040000,
2026-09-19T00:09:08.434Z,48534,500000,
2026-09-19T00:09:08.434Z,52706,130000,
2026-09-19T00:09:08.434Z,49426,1000000000,
2026-09-19T00:09:08.434Z,36788,199000000,
2026-09-19T00:09:08.434Z,62710,1104000000,
2026-09-19T00:09:08.434Z,46556,500000000,
2026-09-19T00:09:08.434Z,52429,425000000,
2026-09-19T00:09:08.434Z,36379,130000000,
2026-09-19T00:09:08.434Z,45679,1000000,
2026-09-19T00:09:08.434Z,46602,1000000,
2026-09-19T00:09:08.434Z,63205,340200000,
2026-09-19T00:09:08.434Z,46601,1000000,
2026-09-19T00:09:08.434Z,33768,574300000,
2026-09-19T00:09:08.434Z,17755,0.01,
2026-09-19T00:09:08.434Z,37494,57370000,
2026-09-19T00:09:08.434Z,42649,198000000,
2026-09-19T00:09:08.434Z,27544,118900,
2026-09-19T00:09:08.434Z,33742,5000000000,
2026-09-19T00:09:08.434Z,76292,3261000000,
2026-09-19T00:09:08.434Z,27618,2120000,
2026-09-19T00:09:08.434Z,52392,70000000,
2026-09-19T00:09:08.434Z,15832,1716000,
2026-09-19T00:09:08.434Z,47640,9990000,
2026-09-19T00:09:08.434Z,34664,0.01,
2026-09-19T00:09:08.434Z,59220,1015000,
2026-09-19T00:09:08.434Z,81367,220,
2026-09-19T00:09:08.434Z,15959,1500000,
2026-09-19T00:09:08.434Z,36742,26000000,
2026-09-19T00:09:08.434Z,27604,160100000,
2026-09-19T00:09:08.434Z,47616,1817000,
2026-09-19T00:09:08.434Z,57308,61150000,
2026-09-19T00:09:08.434Z,43640,200000,
2026-09-19T00:09:08.434Z,48163,200000000,
2026-09-19T00:09:08.434Z,82581,12520000,
2026-09-19T00:09:08.434Z,46141,116800,
2026-09-19T00:09:08.434Z,94101,80520000,
2026-09-19T00:09:08.434Z,87702,4575000,
2026-09-19T00:09:08.434Z,34632,2234000000,
2026-09-19T00:09:08.434Z,42677,180000000,
2026-09-19T00:09:08.434Z,96321,10000000,
2026-09-19T00:09:08.434Z,36367,400000000,
2026-09-19T00:09:08.434Z,46299,3238,
2026-09-19T00:09:08.434Z,85485,3000000,
2026-09-19T00:09:08.434Z,63699,1000000,
2026-09-19T00:09:08.434Z,36663,55110000,
2026-09-19T00:09:08.434Z,36653,100000000,
2026-09-19T00:09:08.434Z,19401,16470,
2026-09-19T00:09:08.434Z,62750,26000000,
2026-09-19T00:09:08.434Z,14634,1.67,
2026-09-19T00:09:08.434Z,48860,2100000,
2026-09-19T00:09:08.434Z,34614,1000000,
2026-09-19T00:09:08.434Z,47045,379500,
2026-09-19T00:09:08.434Z,91625,1515000,
2026-09-19T00:09:08.434Z,26398,15000000,
2026-09-19T00:09:08.434Z,52731,10000000,
2026-09-19T00:09:08.434Z,59426,1000000,
2026-09-19T00:09:08.434Z,46389,60000000,
2026-09-19T00:09:08.434Z,33777,100,
2026-09-19T00:09:08.434Z,52712,10000000,
2026-09-19T00:09:08.434Z,40481,37500,
2026-09-19T00:09:08.434Z,27576,7404000,
2026-09-19T00:09:08.434Z,33464,12480,
2026-09-19T00:09:08.434Z,40604,5000000,
2026-09-19T00:09:08.434Z,33796,15000000,
2026-09-19T00:09:08.434Z,63206,6399000,
2026-09-19T00:09:08.434Z,40602,75640000,
2026-09-19T00:09:08.434Z,40605,1100,
2026-09-19T00:09:08.434Z,63202,5211000,
2026-09-19T00:09:08.434Z,40596,55660000,
2026-09-19T00:09:08.434Z,40585,25570000,
2026-09-19T00:09:08.434Z,61121,10020000,
2026-09-19T00:09:08.434Z,40599,101000,
2026-09-19T00:09:08.434Z,57107,1000000,
2026-09-19T00:09:08.434Z,4245,20000000000,
2026-09-19T00:09:08.434Z,17257,2450000,
2026-09-19T00:09:08.434Z,56898,575900,
2026-09-19T00:09:08.434Z,91640,3500000,
2026-09-19T00:09:08.434Z,80010,95190,
2026-09-19T00:09:08.434Z,91638,1500000,
2026-09-19T00:09:08.434Z,53644,1131000,
2026-09-19T00:09:08.434Z,48753,1000000,
2026-09-19T00:09:08.434Z,53640,100100,
2026-09-19T00:09:08.434Z,84121,1500000,
2026-09-19T00:09:08.434Z,53653,100100,
2026-09-19T00:09:08.434Z,46294,20,
2026-09-19T00:09:08.434Z,53643,2.01,
2026-09-19T00:09:08.434Z,53651,99990,
2026-09-19T00:09:08.434Z,84123,1500000,
2026-09-19T00:09:08.434Z,47537,29850000,
2026-09-19T00:09:08.434Z,53641,105100,
2026-09-19T00:09:08.434Z,84125,25000,
2026-09-19T00:09:08.434Z,49431,2004000000,
2026-09-19T00:09:08.434Z,42710,10,
2026-09-19T00:09:08.434Z,57817,56010000,
2026-09-19T00:09:08.434Z,53606,1014000,
2026-09-19T00:09:08.434Z,53608,100100,
2026-09-19T00:09:08.434Z,53622,100100,
2026-09-19T00:09:08.434Z,53629,100100,
2026-09-19T00:09:08.434Z,53634,100100,
2026-09-19T00:09:08.434Z,52753,9850000,
2026-09-19T00:09:08.434Z,53597,100100,
2026-09-19T00:09:08.434Z,53618,100100,
2026-09-19T00:09:08.434Z,48642,1000000,
2026-09-19T00:09:08.434Z,53605,100100,
2026-09-19T00:09:08.434Z,53647,20110,
2026-09-19T00:09:08.434Z,53621,100100,
2026-09-19T00:09:08.434Z,1099,100000,
2026-09-19T00:09:08.434Z,59314,25450000,
2026-09-19T00:09:08.434Z,57414,9500000,
2026-09-19T00:09:08.434Z,44272,22230,
2026-09-19T00:09:08.434Z,34158,146800000,
2026-09-19T00:09:08.434Z,37833,24990,
2026-09-19T00:09:08.434Z,37834,24990,
2026-09-19T00:09:08.434Z,37835,24990,
2026-09-19T00:09:08.434Z,37836,24990,
2026-09-19T00:09:08.434Z,37500,68730000,
2026-09-19T00:09:08.434Z,44112,180000,
2026-09-19T00:09:08.434Z,52553,36760000,
2026-09-19T00:09:08.434Z,54919,1000000,
2026-09-19T00:09:08.434Z,54913,30000000,
2026-09-19T00:09:08.434Z,2371,150,
2026-09-19T00:09:08.434Z,2368,150,
2026-09-19T00:09:08.434Z,14614,200600,
2026-09-19T00:09:08.434Z,48752,1000000,
2026-09-19T00:09:08.434Z,17490,155500,
2026-09-19T00:09:08.434Z,57808,275300000,
2026-09-19T00:09:08.434Z,47646,5559000,
2026-09-19T00:09:08.434Z,831,100,
2026-09-19T00:09:08.434Z,62017,120000,
2026-09-19T00:09:08.434Z,49825,25000000,
2026-09-19T00:09:08.434Z,34005,105000000,
2026-09-19T00:09:08.434Z,17508,1,
2026-09-19T00:09:08.434Z,45501,1957,
2026-09-19T00:09:08.434Z,36668,40010000,
2026-09-19T00:09:08.434Z,41681,27090000,
2026-09-19T00:09:08.434Z,63211,2199000,
2026-09-19T00:09:08.434Z,37495,1006000,
2026-09-19T00:09:08.434Z,47524,1000,
2026-09-19T00:09:08.434Z,46579,1000000,
2026-09-19T00:09:08.434Z,20811,100000,
2026-09-19T00:09:08.434Z,84132,1000000,
2026-09-19T00:09:08.434Z,52726,1111,
2026-09-19T00:09:08.434Z,20813,100000,
2026-09-19T00:09:08.434Z,46552,1111,
2026-09-19T00:09:08.434Z,36389,150000000,
2026-09-19T00:09:08.434Z,46603,1000000,
2026-09-19T00:09:08.434Z,91616,220200000,
2026-09-19T00:09:08.434Z,91637,265200000,
2026-09-19T00:09:08.434Z,46117,50000000,
2026-09-19T00:09:08.434Z,59421,6062000,
2026-09-19T00:09:08.434Z,47698,11500000,
2026-09-19T00:09:08.434Z,48183,12000000,
2026-09-19T00:09:08.434Z,62855,49900000,
2026-09-19T00:09:08.434Z,63204,18780000,
2026-09-19T00:09:08.434Z,92160,24000,
2026-09-19T00:09:08.434Z,92159,26500,
2026-09-19T00:09:08.434Z,40330,46160000,
2026-09-19T00:09:08.434Z,54218,1485000000,
2026-09-19T00:09:08.434Z,44111,9032000,
2026-09-19T00:09:08.434Z,21308,5000000,
2026-09-19T00:09:08.434Z,96647,1010,
2026-09-19T00:09:08.434Z,74115,301900000,
2026-09-19T00:09:08.434Z,88230,1010000,
2026-09-19T00:09:08.434Z,46754,5750000,
2026-09-19T00:09:08.434Z,52738,1000000,
2026-09-19T00:09:08.434Z,52763,1,
2026-09-19T00:09:08.434Z,20909,5000000,
2026-09-19T00:09:08.434Z,14892,86870000,
2026-09-19T00:09:08.434Z,56224,6000000000,
2026-09-19T00:09:08.434Z,48161,10350000,
2026-09-19T00:09:08.434Z,17304,5000,
2026-09-19T00:09:08.434Z,14757,50000,
2026-09-19T00:09:08.434Z,36791,37950000,
2026-09-19T00:09:08.434Z,81978,99.66,
2026-09-19T00:09:08.434Z,56223,12380000000,
2026-09-19T00:09:08.434Z,52751,100000,
2026-09-19T00:09:08.434Z,91622,17400000,
2026-09-19T00:09:08.434Z,4173,1,
2026-09-19T00:09:08.434Z,33771,1,
2026-09-19T00:09:08.434Z,4174,1,
2026-09-19T00:09:08.434Z,4175,1,
2026-09-19T00:09:08.434Z,4176,1,
2026-09-19T00:09:08.434Z,4177,1,
2026-09-19T00:09:08.434Z,4179,1,
2026-09-19T00:09:08.434Z,37796,500000,
2026-09-19T00:09:08.434Z,4193,1,
2026-09-19T00:09:08.434Z,4199,1,
2026-09-19T00:09:08.434Z,4197,1,
2026-09-19T00:09:08.434Z,33724,1,
2026-09-19T00:09:08.434Z,33723,1,
2026-09-19T00:09:08.434Z,4120,1,
2026-09-19T00:09:08.434Z,33719,1,
2026-09-19T00:09:08.434Z,4133,1,
2026-09-19T00:09:08.434Z,4102,100000000,
2026-09-19T00:09:08.434Z,47614,2012000,
2026-09-19T00:09:08.434Z,79999,80010,
2026-09-19T00:09:08.434Z,57163,29840000,
2026-09-19T00:09:08.434Z,85980,300000000,
2026-09-19T00:09:08.434Z,46698,9.11,
2026-09-19T00:09:08.434Z,63210,2001000,
2026-09-19T00:09:08.434Z,82165,512.4,
2026-09-19T00:09:08.434Z,46697,2.12,
2026-09-19T00:09:08.434Z,96665,1010,
2026-09-19T00:09:08.434Z,46019,1001000,
2026-09-19T00:09:08.434Z,3290,128500,
2026-09-19T00:09:08.434Z,36774,31410000,
2026-09-19T00:09:08.434Z,20801,100000,
2026-09-19T00:09:08.434Z,21908,1.01,
2026-09-19T00:09:08.434Z,57183,1000,
2026-09-19T00:09:08.434Z,93992,700000000,
2026-09-19T00:09:08.434Z,20995,1.01,
2026-09-19T00:09:08.434Z,40325,138100000,
2026-09-19T00:09:08.434Z,21007,1.01,
2026-09-19T00:09:08.434Z,21005,10,
2026-09-19T00:09:08.434Z,21003,10,
2026-09-19T00:09:08.434Z,21001,10,
2026-09-19T00:09:08.434Z,37437,2725000,
2026-09-19T00:09:08.434Z,46755,201100000,
2026-09-19T00:09:08.434Z,20997,10,
2026-09-19T00:09:08.434Z,14790,2019000000,
2026-09-19T00:09:08.434Z,34054,300400000,
2026-09-19T00:09:08.434Z,36780,65010000,
2026-09-19T00:09:08.434Z,14584,1.01,
2026-09-19T00:09:08.434Z,37491,127100000,
2026-09-19T00:09:08.434Z,53427,2950000,
2026-09-19T00:09:08.434Z,31231,0.02,
2026-09-19T00:09:08.434Z,55726,9870000,
2026-09-19T00:09:08.434Z,43929,12340000,
2026-09-19T00:09:08.434Z,29664,3611,
2026-09-19T00:09:08.434Z,49100,5002000,
2026-09-19T00:09:08.434Z,31769,0.02,
2026-09-19T00:09:08.434Z,57777,82010000,
2026-09-19T00:09:08.434Z,13288,10,
2026-09-19T00:09:08.434Z,61124,10000000,
2026-09-19T00:09:08.434Z,33338,5202,
2026-09-19T00:09:08.434Z,19462,69450,
2026-09-19T00:09:08.434Z,48179,60000000,
2026-09-19T00:09:08.434Z,84217,20000000,
2026-09-19T00:09:08.434Z,34555,1420,
2026-09-19T00:09:08.434Z,34548,1420,
2026-09-19T00:09:08.434Z,34549,1420,
2026-09-19T00:09:08.434Z,34540,1550,
2026-09-19T00:09:08.434Z,34541,1550,
2026-09-19T00:09:08.434Z,34553,1550,
2026-09-19T00:09:08.434Z,34544,1550,
2026-09-19T00:09:08.434Z,34545,1550,
2026-09-19T00:09:08.434Z,59865,1252000,
2026-09-19T00:09:08.434Z,31243,0.02,
2026-09-19T00:09:08.434Z,46716,853400000,
2026-09-19T00:09:08.434Z,90741,1337000,
2026-09-19T00:09:08.434Z,42680,360000000,
2026-09-19T00:09:08.434Z,72258,100000,
2026-09-19T00:09:08.434Z,52419,32610000,
2026-09-19T00:09:08.434Z,46303,532.9,
2026-09-19T00:09:08.434Z,17673,11250,
2026-09-19T00:09:08.434Z,3903,2500000,
2026-09-19T00:09:08.434Z,37567,1.01,
2026-09-19T00:09:08.434Z,46418,45550000,
2026-09-19T00:09:08.434Z,27574,5380000,
2026-09-19T00:09:08.434Z,46647,0.02,
2026-09-19T00:09:08.434Z,46503,0.02,
2026-09-19T00:09:08.434Z,46505,0.02,
2026-09-19T00:09:08.434Z,46645,0.02,
2026-09-19T00:09:08.434Z,61654,100000,
2026-09-19T00:09:08.434Z,46512,0.02,
2026-09-19T00:09:08.434Z,46506,0.02,
2026-09-19T00:09:08.434Z,46508,0.02,
2026-09-19T00:09:08.434Z,46514,0.02,
2026-09-19T00:09:08.434Z,46516,0.02,
2026-09-19T00:09:08.434Z,44058,0.02,
2026-09-19T00:09:08.434Z,44060,0.02,
2026-09-19T00:09:08.434Z,44048,0.02,
2026-09-19T00:09:08.434Z,44054,0.02,
2026-09-19T00:09:08.434Z,44056,0.02,
2026-09-19T00:09:08.434Z,44050,0.02,
2026-09-19T00:09:08.434Z,44052,0.02,
2026-09-19T00:09:08.434Z,44004,0.02,
2026-09-19T00:09:08.434Z,44002,0.02,
2026-09-19T00:09:08.434Z,44012,0.02,
2026-09-19T00:09:08.434Z,44062,0.02,
2026-09-19T00:09:08.434Z,44064,0.02,
2026-09-19T00:09:08.434Z,44016,0.02,
2026-09-19T00:09:08.434Z,44020,0.02,
2026-09-19T00:09:08.434Z,44018,0.02,
2026-09-19T00:09:08.434Z,44024,0.02,
2026-09-19T00:09:08.434Z,44022,0.02,
2026-09-19T00:09:08.434Z,44044,0.02,
2026-09-19T00:09:08.434Z,44042,0.02,
2026-09-19T00:09:08.434Z,36743,1510000,
2026-09-19T00:09:08.434Z,44006,0.02,
2026-09-19T00:09:08.434Z,44028,0.02,
2026-09-19T00:09:08.434Z,44032,0.02,
2026-09-19T00:09:08.434Z,44036,0.02,
2026-09-19T00:09:08.434Z,44034,0.02,
2026-09-19T00:09:08.434Z,44040,0.02,
2026-09-19T00:09:08.434Z,44038,0.02,
2026-09-19T00:09:08.434Z,37080,100,
2026-09-19T00:09:08.434Z,44096,0.02,
2026-09-19T00:09:08.434Z,44094,0.02,
2026-09-19T00:09:08.434Z,44092,0.02,
2026-09-19T00:09:08.434Z,44090,0.02,
2026-09-19T00:09:08.434Z,37334,0.02,
2026-09-19T00:09:08.434Z,44086,0.02,
2026-09-19T00:09:08.434Z,44084,0.02,
2026-09-19T00:09:08.434Z,44082,0.02,
2026-09-19T00:09:08.434Z,44080,0.02,
2026-09-19T00:09:08.434Z,37330,0.02,
2026-09-19T00:09:08.434Z,44078,0.02,
2026-09-19T00:09:08.434Z,37309,0.02,
2026-09-19T00:09:08.434Z,44076,0.02,
2026-09-19T00:09:08.434Z,22547,2000000,
2026-09-19T00:09:08.434Z,44074,0.02,
2026-09-19T00:09:08.434Z,37332,0.02,
2026-09-19T00:09:08.434Z,37338,0.02,
2026-09-19T00:09:08.434Z,20877,5004000,
2026-09-19T00:09:08.434Z,27583,1000000,
2026-09-19T00:09:08.434Z,40509,106100000,
2026-09-19T00:09:08.434Z,96653,1010,
2026-09-19T00:09:08.434Z,37541,0.01,
2026-09-19T00:09:08.434Z,37028,0.02,
2026-09-19T00:09:08.434Z,37081,0.02,
2026-09-19T00:09:08.434Z,47109,0.02,
2026-09-19T00:09:08.434Z,47113,0.02,
2026-09-19T00:09:08.434Z,47107,0.02,
2026-09-19T00:09:08.434Z,47111,0.02,
2026-09-19T00:09:08.434Z,47114,0.02,
2026-09-19T00:09:08.434Z,37083,0.02,
2026-09-19T00:09:08.434Z,46578,0.02,
2026-09-19T00:09:08.434Z,37041,100,
2026-09-19T00:09:08.434Z,37087,0.02,
2026-09-19T00:09:08.434Z,47361,0.02,
2026-09-19T00:09:08.434Z,37060,0.02,
2026-09-19T00:09:08.434Z,37029,0.02,
2026-09-19T00:09:08.434Z,47357,0.02,
2026-09-19T00:09:08.434Z,47354,0.02,
2026-09-19T00:09:08.434Z,37043,0.02,
2026-09-19T00:09:08.434Z,46576,0.02,
2026-09-19T00:09:08.434Z,46416,1000000,
2026-09-19T00:09:08.434Z,46438,35150000,
2026-09-19T00:09:08.434Z,36369,35850000,
2026-09-19T00:09:08.434Z,36388,26500000,
2026-09-19T00:09:08.434Z,47618,1111,
2026-09-19T00:09:08.434Z,49425,888,
2026-09-19T00:09:08.434Z,47158,658300000,
2026-09-19T00:09:08.434Z,21432,50000,
2026-09-19T00:09:08.434Z,21434,50000,
2026-09-19T00:09:08.434Z,21436,50000,
2026-09-19T00:09:08.434Z,21438,50000,
2026-09-19T00:09:08.434Z,21440,50000,
2026-09-19T00:09:08.434Z,21442,50000,
2026-09-19T00:09:08.434Z,21444,50000,
2026-09-19T00:09:08.434Z,21446,50000,
2026-09-19T00:09:08.434Z,50143,1000000,
2026-09-19T00:09:08.434Z,62038,414.2,
2026-09-19T00:09:08.434Z,62035,435.7,
2026-09-19T00:09:08.434Z,28522,189600,
2026-09-19T00:09:08.434Z,80023,1589,
2026-09-19T00:09:08.434Z,80018,4008,
2026-09-19T00:09:08.434Z,80012,365.5,
2026-09-19T00:09:08.434Z,4125,5000000,
2026-09-19T00:09:08.434Z,77055,90080000,
2026-09-19T00:09:08.434Z,17852,2450000,
2026-09-19T00:09:08.434Z,87267,2015,
2026-09-19T00:09:08.434Z,40475,85010000,
2026-09-19T00:09:08.434Z,95482,10180000,
2026-09-19T00:09:08.434Z,34044,3800000,
2026-09-19T00:09:08.434Z,34030,3800000,
2026-09-19T00:09:08.434Z,79176,0.01,
2026-09-19T00:09:08.434Z,44271,800,
2026-09-19T00:09:08.434Z,79175,0.01,
2026-09-19T00:09:08.434Z,49971,0.01,
2026-09-19T00:09:08.434Z,4132,100000000,
2026-09-19T00:09:08.434Z,4126,301000000,
2026-09-19T00:09:08.434Z,36719,1000000,
2026-09-19T00:09:08.434Z,36793,45670000,
2026-09-19T00:09:08.434Z,49975,16100000,
2026-09-19T00:09:08.434Z,49973,0.01,
2026-09-19T00:09:08.434Z,92669,1191,
2026-09-19T00:09:08.434Z,46388,6019000,
2026-09-19T00:09:08.434Z,52757,5000000,
2026-09-19T00:09:08.434Z,62858,12000000,
2026-09-19T00:09:08.434Z,56207,3221000000,
2026-09-19T00:09:08.434Z,34026,3800000,
2026-09-19T00:09:08.434Z,34040,3800000,
2026-09-19T00:09:08.434Z,34027,3800000,
2026-09-19T00:09:08.434Z,34041,3800000,
2026-09-19T00:09:08.434Z,33757,111,
2026-09-19T00:09:08.434Z,46766,200000,
2026-09-19T00:09:08.434Z,34034,3800000,
2026-09-19T00:09:08.434Z,34019,100000000,
2026-09-19T00:09:08.434Z,34036,3800000,
2026-09-19T00:09:08.434Z,40656,25500000,
2026-09-19T00:09:08.434Z,34037,3800000,
2026-09-19T00:09:08.434Z,49430,466300000,
2026-09-19T00:09:08.434Z,59425,1300,
2026-09-19T00:09:08.434Z,74532,2512,
2026-09-19T00:09:08.434Z,82166,574.5,
2026-09-19T00:09:08.434Z,36339,450000000,
2026-09-19T00:09:08.434Z,40472,27570000,
2026-09-19T00:09:08.434Z,58792,55000000,
2026-09-19T00:09:08.434Z,37020,60140,
2026-09-19T00:09:08.434Z,37045,60140,
2026-09-19T00:09:08.434Z,9750,120600,
2026-09-19T00:09:08.434Z,81922,0.02,
2026-09-19T00:09:08.434Z,81370,220,
2026-09-19T00:09:08.434Z,96689,1010,
2026-09-19T00:09:08.434Z,86180,0.02,
2026-09-19T00:09:08.434Z,53056,2108,
2026-09-19T00:09:08.434Z,93784,1000,
2026-09-19T00:09:08.434Z,43483,10000000,
2026-09-19T00:09:08.434Z,82019,450.1,
2026-09-19T00:09:08.434Z,31755,2885,
2026-09-19T00:09:08.434Z,90275,0.03,
2026-09-19T00:09:08.434Z,80000,0.01,
2026-09-19T00:09:08.434Z,61655,0.01,
2026-09-19T00:09:08.434Z,62055,0.01,
2026-09-19T00:09:08.434Z,79997,0.01,
2026-09-19T00:09:08.434Z,79996,15020,
2026-09-19T00:09:08.434Z,46744,1000000,
2026-09-19T00:09:08.434Z,36312,42,
2026-09-19T00:09:08.434Z,47230,0.02,
2026-09-19T00:09:08.434Z,47226,0.02,
2026-09-19T00:09:08.434Z,47245,0.02,
2026-09-19T00:09:08.434Z,47233,0.02,
2026-09-19T00:09:08.434Z,47234,0.02,
2026-09-19T00:09:08.434Z,47243,0.02,
2026-09-19T00:09:08.434Z,47235,0.02,
2026-09-19T00:09:08.434Z,88231,1210000,
2026-09-19T00:09:08.434Z,42230,200000,
2026-09-19T00:09:08.434Z,82163,500.8,
2026-09-19T00:09:08.434Z,17630,5000000,
2026-09-19T00:09:08.434Z,46300,1657,
2026-09-19T00:09:08.434Z,17237,25000000,
2026-09-19T00:09:08.434Z,17269,2500000,
2026-09-19T00:09:08.434Z,14898,6.7,
2026-09-19T00:09:08.434Z,1026,10,
2026-09-19T00:09:08.434Z,41600,100,
2026-09-19T00:09:08.434Z,46746,12240000,
2026-09-19T00:09:08.434Z,57182,11000000,
2026-09-19T00:09:08.434Z,48144,100000,
2026-09-19T00:09:08.434Z,94104,1001000,
2026-09-19T00:09:08.434Z,36344,101900000,
2026-09-19T00:09:08.434Z,48472,1,
2026-09-19T00:09:08.434Z,4208,1,
2026-09-19T00:09:08.434Z,33767,25000000,
2026-09-19T00:09:08.434Z,37273,111100000,
2026-09-19T00:09:08.434Z,57159,10000000,
2026-09-19T00:09:08.434Z,84107,4799000,
2026-09-19T00:09:08.434Z,31697,0.02,
2026-09-19T00:09:08.434Z,36676,55020000,
2026-09-19T00:09:08.434Z,11568,2080000000,
2026-09-19T00:09:08.434Z,37066,100,
2026-09-19T00:09:08.434Z,50070,1001000,
2026-09-19T00:09:08.434Z,4115,1,
2026-09-19T00:09:08.434Z,15050,1000000,
2026-09-19T00:09:08.434Z,53609,500000,
2026-09-19T00:09:08.434Z,59216,6998000,
2026-09-19T00:09:08.434Z,59212,8080000,
2026-09-19T00:09:08.434Z,70799,5280000,
2026-09-19T00:09:08.434Z,59210,7249000,
2026-09-19T00:09:08.434Z,59215,8359000,
2026-09-19T00:09:08.434Z,59214,5759000,
2026-09-19T00:09:08.434Z,59423,9410000,
2026-09-19T00:09:08.434Z,59213,7099000,
2026-09-19T00:09:08.434Z,70798,6342000,
2026-09-19T00:09:08.434Z,37179,101500000,
2026-09-19T00:09:08.434Z,37858,0.05,
2026-09-19T00:09:08.434Z,37182,101000000,
2026-09-19T00:09:08.434Z,43705,121000000,
2026-09-19T00:09:08.434Z,43908,0.02,
2026-09-19T00:09:08.434Z,52558,36920000,
2026-09-19T00:09:08.434Z,31206,0.02,
2026-09-19T00:09:08.434Z,34636,5000000,
2026-09-19T00:09:08.434Z,31591,0.02,
2026-09-19T00:09:08.434Z,31603,0.02,
2026-09-19T00:09:08.434Z,31613,0.02,
2026-09-19T00:09:08.434Z,31625,0.02,
2026-09-19T00:09:08.434Z,31637,0.02,
2026-09-19T00:09:08.434Z,31649,0.02,
2026-09-19T00:09:08.434Z,35913,756700,
2026-09-19T00:09:08.434Z,33753,1,
2026-09-19T00:09:08.434Z,35912,1253000,
2026-09-19T00:09:08.434Z,31821,0.02,
2026-09-19T00:09:08.434Z,35914,1269000,
2026-09-19T00:09:08.434Z,36648,50000,
2026-09-19T00:09:08.434Z,36760,2239000,
2026-09-19T00:09:08.434Z,36761,5278000,
2026-09-19T00:09:08.434Z,36790,9998000,
2026-09-19T00:09:08.434Z,53638,1000000,
2026-09-19T00:09:08.434Z,57160,21030000,
2026-09-19T00:09:08.434Z,43522,9822000,
2026-09-19T00:09:08.434Z,17502,1,
2026-09-19T00:09:08.434Z,14906,1.67,
2026-09-19T00:09:08.434Z,46443,119000000,
2026-09-19T00:09:08.434Z,96317,100,
2026-09-19T00:09:08.434Z,48174,0.01,
2026-09-19T00:09:08.434Z,53177,0.01,
2026-09-19T05:42:45.449Z,62404,18750,21840
2026-09-19T05:42:45.449Z,33894,1847000,2022000
2026-09-19T05:42:45.449Z,52224,3623000,4195000
2026-09-19T05:42:45.449Z,12544,22290,49790
2026-09-19T05:42:45.449Z,18694,699200000,739200000
2026-09-19T05:42:45.449Z,58945,22780000,27700000
2026-09-19T05:42:45.449Z,85458,20830000,54870000
2026-09-19T05:42:45.449Z,47826,26020000,29110000
2026-09-19T05:42:45.449Z,12038,16260000,16800000
2026-09-19T05:42:45.449Z,12058,1833000,2009000
2026-09-19T05:42:45.449Z,62521,20.63,21.27
2026-09-19T05:42:45.449Z,5865,258,698.8
2026-09-19T05:42:45.449Z,14033,259800,750100
2026-09-19T05:42:45.449Z,13920,61420000,67280000
2026-09-19T05:42:45.449Z,31061,306800000,338100000
2026-09-19T05:42:45.449Z,17255,429800,598000
2026-09-19T05:42:45.449Z,45592,36820000,39000000
2026-09-19T05:42:45.449Z,62403,5706,6525
2026-09-19T05:42:45.449Z,40362,10380000,19190000
2026-09-19T05:42:45.449Z,35962,1198000,12230000
2026-09-19T05:42:45.449Z,2389,558.9,559.5
2026-09-19T05:42:45.449Z,21955,27090000,106100000
2026-09-19T05:42:45.449Z,30373,6012,6980
2026-09-19T05:42:45.449Z,3159,538900000,832300000
2026-09-19T05:42:45.449Z,88482,20100,58980
2026-09-19T05:42:45.449Z,3831,443100,464400
2026-09-19T05:42:45.449Z,84418,40720,99840
2026-09-19T05:42:45.449Z,32014,189900,199200
2026-09-19T05:42:45.449Z,40519,459400000,470300000
2026-09-19T05:42:45.449Z,27924,965700,1376000
2026-09-19T05:42:45.449Z,21953,29980000,96340000
2026-09-19T05:42:45.449Z,45601,35760000,38840000
2026-09-19T05:42:45.449Z,47774,255900,487400
2026-09-19T05:42:45.449Z,40354,32460000,35040000
2026-09-19T05:42:45.449Z,44897,11000000,38000000
2026-09-19T05:42:45.449Z,16652,47000,50050
2026-09-19T05:42:45.449Z,27513,1169,1391
2026-09-19T05:42:45.449Z,3581,18140000,23150000
2026-09-19T05:42:45.449Z,85086,358400000,416000000
2026-09-19T05:42:45.449Z,25625,841000,890000
2026-09-19T05:42:45.449Z,16303,61460,92070
2026-09-19T05:42:45.449Z,17243,1606,12960
2026-09-19T05:42:45.449Z,23787,4309000,8294000
2026-09-19T05:42:45.449Z,37,165.5,167.7
2026-09-19T05:42:45.449Z,85515,8725000,15830000
2026-09-19T05:42:45.449Z,37503,1264000,23000000
2026-09-19T05:42:45.449Z,33702,166600000,180800000
2026-09-19T05:42:45.449Z,12537,3834000,4080000
2026-09-19T05:42:45.449Z,17520,64060000,76010000
2026-09-19T05:42:45.449Z,92384,146600000,377900000
2026-09-19T05:42:45.449Z,57459,375200,414800
2026-09-19T05:42:45.449Z,27255,400100,739900
2026-09-19T05:42:45.449Z,19137,17000000,21180000
2026-09-19T05:42:45.449Z,37295,141600000,182800000
2026-09-19T05:42:45.449Z,16375,295300,295400
2026-09-19T05:42:45.449Z,5721,161400,216400
2026-09-19T05:42:45.449Z,35661,516000,569000
2026-09-19T05:42:45.449Z,31894,2339000,2731000
2026-09-19T05:42:45.449Z,11557,31360,33520
2026-09-19T05:42:45.449Z,8101,15000,16790
2026-09-19T05:42:45.449Z,33452,8889000,11910000
2026-09-19T05:42:45.449Z,72913,7046000,9014000
2026-09-19T05:42:45.449Z,60294,353300,422500
2026-09-19T05:42:45.449Z,18676,84010000,92150000
2026-09-19T05:42:45.449Z,27916,1203000,1534000
2026-09-19T05:42:45.449Z,4348,629300000,688900000
2026-09-19T05:42:45.449Z,27092,406600,519900
2026-09-19T05:42:45.449Z,1877,681700,736800
2026-09-19T05:42:45.449Z,32458,7259000,559400000
2026-09-19T05:42:45.449Z,83299,10000,99980
2026-09-19T05:42:45.449Z,597,320100,389800
2026-09-19T05:42:45.449Z,6131,363.7,1235
2026-09-19T05:42:45.449Z,47145,5650000,9298000
2026-09-19T05:42:45.449Z,47366,57780000,111800000
2026-09-19T05:42:45.449Z,96329,3543000,5750000
2026-09-19T05:42:45.449Z,31932,29300000,31230000
2026-09-19T05:42:45.449Z,16644,7755,8123
2026-09-19T05:42:45.449Z,27379,50.43,169.6
2026-09-19T05:42:45.449Z,19015,22050000,24880000
2026-09-19T05:42:45.449Z,11537,19360,22190
2026-09-19T05:42:45.449Z,13784,20160000,35000000
2026-09-19T05:42:45.449Z,3841,823000,894200
2026-09-19T05:42:45.449Z,81083,43570000,47870000
2026-09-19T05:42:45.449Z,9660,20000,27400
2026-09-19T05:42:45.449Z,18686,32090000,47810000
2026-09-19T05:42:45.449Z,40559,10400000,10950000
2026-09-19T05:42:45.449Z,13953,25290000,28160000
2026-09-19T05:42:45.449Z,19351,194300000,275800000
2026-09-19T05:42:45.449Z,3777,0.01,2213
2026-09-19T05:42:45.449Z,43896,554600,762900
2026-09-19T05:42:45.449Z,14172,8600000,13350000
2026-09-19T05:42:45.449Z,37629,140900000,261000000
2026-09-19T05:42:45.449Z,42834,131,472.7
2026-09-19T05:42:45.449Z,30999,1129000,1518000
2026-09-19T05:42:45.449Z,2310,1.14,1.8
2026-09-19T05:42:45.449Z,52683,125200,244600000
2026-09-19T05:42:45.449Z,91974,7501000,9723000
2026-09-19T05:42:45.449Z,15826,7590000,16750000
2026-09-19T05:42:45.449Z,639,138900000,151600000
2026-09-19T05:42:45.449Z,83473,2369000,2595000
2026-09-19T05:42:45.449Z,47765,100,22950
2026-09-19T05:42:45.449Z,13969,179400000,196400000
2026-09-19T05:42:45.449Z,31179,200600,273200
2026-09-19T05:42:45.449Z,83296,10000,89770
2026-09-19T05:42:45.449Z,14003,10880000,12410000
2026-09-19T05:42:45.449Z,3645,455.2,468.8
2026-09-19T05:42:45.449Z,58864,118000,9448000
2026-09-19T05:42:45.449Z,21484,39270000,46980000
2026-09-19T05:42:45.449Z,58904,47880000,52670000
2026-09-19T05:42:45.449Z,19051,27480000,29970000
2026-09-19T05:42:45.449Z,11441,28340,789700
2026-09-19T05:42:45.449Z,29101,61420,882200
2026-09-19T05:42:45.449Z,26440,3500000,7307000
2026-09-19T05:42:45.449Z,52417,129000000,9999000000
2026-09-19T05:42:45.449Z,33468,84010000,88490000
2026-09-19T05:42:45.449Z,2875,1102000,1239000
2026-09-19T05:42:45.449Z,2367,115900,121400
2026-09-19T05:42:45.449Z,45589,35620000,38950000
2026-09-19T05:42:45.449Z,47904,49790,59450
2026-09-19T05:42:45.449Z,47730,6013000,6557000
2026-09-19T05:42:45.449Z,14047,9989000,12670000
2026-09-19T05:42:45.449Z,9415,100000,146000
2026-09-19T05:42:45.449Z,94157,3005000,4992000
2026-09-19T05:42:45.449Z,1403,12610,15620
2026-09-19T05:42:45.449Z,20444,60640000,77810000
2026-09-19T05:42:45.449Z,23659,,2350
2026-09-19T05:42:45.449Z,57128,815000000,1189000000
2026-09-19T05:42:45.449Z,18895,192600000,274500000
2026-09-19T05:42:45.449Z,16521,3234,3235
2026-09-19T05:42:45.449Z,29067,353000,794400
2026-09-19T05:42:45.449Z,2333,409100,644100
2026-09-19T05:42:45.449Z,85488,1501000,21970000
2026-09-19T05:42:45.449Z,8335,600.5,6001
2026-09-19T05:42:45.449Z,4609,20010,20020
2026-09-19T05:42:45.449Z,178,3.62,4.83
2026-09-19T05:42:45.449Z,42208,185100000,194900000
2026-09-19T05:42:45.449Z,55581,2000,98450
2026-09-19T05:42:45.449Z,20414,86660,96960
2026-09-19T05:42:45.449Z,4405,799100,879500
2026-09-19T05:42:45.449Z,57445,861100,879000
2026-09-19T05:42:45.449Z,52236,194300000,290000000
2026-09-19T05:42:45.449Z,47755,72000000,79980000
2026-09-19T05:42:45.449Z,7447,422600,525000
2026-09-19T05:42:45.449Z,88001,3920000000,5174000000
2026-09-19T05:42:45.449Z,18853,2750000,5970000
2026-09-19T05:42:45.449Z,42209,347800000,395900000
2026-09-19T05:42:45.449Z,18639,16980,27740
2026-09-19T05:42:45.449Z,62460,740.4,777.6
2026-09-19T05:42:45.449Z,14250,56640000,63430000
2026-09-19T05:42:45.449Z,32325,9591000,18940000
2026-09-19T05:42:45.449Z,45814,100,998900
2026-09-19T05:42:45.449Z,62530,31.74,44
2026-09-19T05:42:45.449Z,55831,400200,623700
2026-09-19T05:42:45.449Z,28796,80590000,92980000
2026-09-19T05:42:45.449Z,13828,12150000,26970000
2026-09-19T05:42:45.449Z,19045,406000000,428000000
2026-09-19T05:42:45.449Z,13220,9200000,11490000
2026-09-19T05:42:45.449Z,31928,11810000,12830000
2026-09-19T05:42:45.449Z,5599,23760,36690
2026-09-19T05:42:45.449Z,31089,5149000,5343000
2026-09-19T05:42:45.449Z,19198,486900000,512400000
2026-09-19T05:42:45.449Z,12836,76280,79640
2026-09-19T05:42:45.449Z,45485,60200000,321500000
2026-09-19T05:42:45.449Z,3979,2311000,2970000
2026-09-19T05:42:45.449Z,47807,14870000,16310000
2026-09-19T05:42:45.449Z,14206,137800000,145000000
2026-09-19T05:42:45.449Z,31372,822800,882100
2026-09-19T05:42:45.449Z,7789,350900,351000
2026-09-19T05:42:45.449Z,25611,106500,111500
2026-09-19T05:42:45.449Z,17686,800200,1956000
2026-09-19T05:42:45.449Z,16357,207800,217700
2026-09-19T05:42:45.449Z,21085,10320,199900
2026-09-19T05:42:45.449Z,34204,916900,972800
2026-09-19T05:42:45.449Z,44176,15680,392100
2026-09-19T05:42:45.449Z,2870,1089000,1138000
2026-09-19T05:42:45.449Z,1405,279000,305800
2026-09-19T05:42:45.449Z,11105,178400,198500
2026-09-19T05:42:45.449Z,62518,11.42,13.18
2026-09-19T05:42:45.449Z,9491,449300,537900
2026-09-19T05:42:45.449Z,21723,105000,984800
2026-09-19T05:42:45.449Z,48525,2005000000,6528000000
2026-09-19T05:42:45.449Z,17674,1703,2377
2026-09-19T05:42:45.449Z,31648,18000000,23960000
2026-09-19T05:42:45.449Z,649,2152000,2479000
2026-09-19T05:42:45.449Z,56068,6860000,7853000
2026-09-19T05:42:45.449Z,16274,689.1,709
2026-09-19T05:42:45.449Z,35662,512900,513100
2026-09-19T05:42:45.449Z,44891,263600,20000000
2026-09-19T05:42:45.449Z,5933,17250,61350
2026-09-19T05:42:45.449Z,25597,497.7,497.8
2026-09-19T05:42:45.449Z,47810,457200,761700
2026-09-19T05:42:45.449Z,20969,105.5,4011
2026-09-19T05:42:45.449Z,31382,26230,159500
2026-09-19T05:42:45.449Z,26929,51000,68870
2026-09-19T05:42:45.449Z,31526,155100,345000
2026-09-19T05:42:45.449Z,37154,270000000,360000000
2026-09-19T05:42:45.449Z,11387,14190000,14700000
2026-09-19T05:42:45.449Z,33359,9620,9960
2026-09-19T05:42:45.449Z,47821,12750,140000
2026-09-19T05:42:45.449Z,28362,7501,8206
2026-09-19T05:42:45.449Z,47923,58010000,59780000
2026-09-19T05:42:45.449Z,25591,65040,65050
2026-09-19T05:42:45.449Z,16633,369.6,374.9
2026-09-19T05:42:45.449Z,28750,136800000,147500000
2026-09-19T05:42:45.449Z,55620,1,12450
2026-09-19T05:42:45.449Z,17317,50290,55940
2026-09-19T05:42:45.449Z,60276,27080,57870
2026-09-19T05:42:45.449Z,36336,256800,939600
2026-09-19T05:42:45.449Z,33361,13000,13220
2026-09-19T05:42:45.449Z,27256,111100000,119200000
2026-09-19T05:42:45.449Z,24507,341.5,427.1
2026-09-19T05:42:45.449Z,13999,13720000,16170000
2026-09-19T05:42:45.449Z,41330,956100,1177000
2026-09-19T05:42:45.449Z,26310,49980000,52820000
2026-09-19T05:42:45.449Z,18660,78500000,83980000
2026-09-19T05:42:45.449Z,17178,4101000,5977000
2026-09-19T05:42:45.449Z,8135,1015,29200
2026-09-19T05:42:45.449Z,41469,25150000,51050000
2026-09-19T05:42:45.449Z,62461,704,934.8
2026-09-19T05:42:45.449Z,54293,21150,25960
2026-09-19T05:42:45.449Z,15739,21940000,22750000
2026-09-19T05:42:45.449Z,14001,10110000,11720000
2026-09-19T05:42:45.449Z,24547,19690000,21940000
2026-09-19T05:42:45.449Z,37612,50460000,57300000
2026-09-19T05:42:45.449Z,16238,524700,578600
2026-09-19T05:42:45.449Z,33842,88180000,97960000
2026-09-19T05:42:45.449Z,204,190.4,198
2026-09-19T05:42:45.449Z,44102,3013000,4767000
2026-09-19T05:42:45.449Z,60477,638000,1900000
2026-09-19T05:42:45.449Z,1317,1927,3586
2026-09-19T05:42:45.449Z,94160,11610000,12320000
2026-09-19T05:42:45.449Z,31183,959000,1038000
2026-09-19T05:42:45.449Z,16635,202.2,217.2
2026-09-19T05:42:45.449Z,34260,103000,320400
2026-09-19T05:42:45.449Z,12076,3881000,4350000
2026-09-19T05:42:45.449Z,37610,2700000,2870000
2026-09-19T05:42:45.449Z,60311,1407000,1692000
2026-09-19T05:42:45.449Z,25599,462.7,519.7
2026-09-19T05:42:45.449Z,44155,25000,2992000
2026-09-19T05:42:45.449Z,26444,4609000,5032000
2026-09-19T05:42:45.449Z,12003,118600000,129400000
2026-09-19T05:42:45.449Z,9808,466200,510500
2026-09-19T05:42:45.449Z,53302,8538,10710
2026-09-19T05:42:45.449Z,56280,22260,99890000
2026-09-19T05:42:45.449Z,14297,3391000,3875000
2026-09-19T05:42:45.449Z,8639,356300,408600
2026-09-19T05:42:45.449Z,629,8938000,10150000
2026-09-19T05:42:45.449Z,2396,323.1,340.8
2026-09-19T05:42:45.449Z,47628,93180000,139800000
2026-09-19T05:42:45.449Z,28694,85060,91000
2026-09-19T05:42:45.449Z,16497,354100,437600
2026-09-19T05:42:45.449Z,60473,31400000,33880000
2026-09-19T05:42:45.449Z,89697,40020,11440000
2026-09-19T05:42:45.449Z,14144,50020000,55120000
2026-09-19T05:42:45.449Z,47933,785.9,936
2026-09-19T05:42:45.449Z,57447,878100,938400
2026-09-19T05:42:45.449Z,26022,4042000,6568000
2026-09-19T05:42:45.449Z,31171,2558000,2831000
2026-09-19T05:42:45.449Z,20965,74.14,424.9
2026-09-19T05:42:45.449Z,11381,17380000,18000000
2026-09-19T05:42:45.449Z,42792,808100,21900000
2026-09-19T05:42:45.449Z,19931,7502,21040
2026-09-19T05:42:45.449Z,31680,15070,88040
2026-09-19T05:42:45.449Z,25538,7102000,9948000
2026-09-19T05:42:45.449Z,16657,5031,5440
2026-09-19T05:42:45.449Z,18875,58500000,62260000
2026-09-19T05:42:45.449Z,25606,9301,10080
2026-09-19T05:42:45.449Z,58919,28710,37890
2026-09-19T05:42:45.449Z,14090,69590,198600
2026-09-19T05:42:45.449Z,18883,679100000,800000000
2026-09-19T05:42:45.449Z,11327,529700,584900
2026-09-19T05:42:45.449Z,13939,69190000,76900000
2026-09-19T05:42:45.449Z,15593,100400,111700
2026-09-19T05:42:45.449Z,41056,721200,721300
2026-09-19T05:42:45.449Z,2889,475100,526800
2026-09-19T05:42:45.449Z,14299,3515000,3792000
2026-09-19T05:42:45.449Z,31282,12220000,13080000
2026-09-19T05:42:45.449Z,28298,557800,649800
2026-09-19T05:42:45.449Z,23801,41270000,69980000
2026-09-19T05:42:45.449Z,3528,43250,87490
2026-09-19T05:42:45.449Z,19263,53870000,62500000
2026-09-19T05:42:45.449Z,28203,464700,592900
2026-09-19T05:42:45.449Z,4144,561600,8927000
2026-09-19T05:42:45.449Z,47297,23880000,29160000
2026-09-19T05:42:45.449Z,84398,6533,23710
2026-09-19T05:42:45.449Z,4959,8680000,12850000
2026-09-19T05:42:45.449Z,31502,13680,399600
2026-09-19T05:42:45.449Z,54914,220200000,894900000
2026-09-19T05:42:45.449Z,12084,8805000,9480000
2026-09-19T05:42:45.449Z,31027,1018000,4692000
2026-09-19T05:42:45.449Z,30259,17710,21640
2026-09-19T05:42:45.449Z,25621,65000,69960
2026-09-19T05:42:45.449Z,74148,19820000,44990000
2026-09-19T05:42:45.449Z,3898,25890000,27980000
2026-09-19T05:42:45.449Z,97198,606500000,1855000000
2026-09-19T05:42:45.449Z,25615,45270,47800
2026-09-19T05:42:45.449Z,12543,46050,179000
2026-09-19T05:42:45.449Z,31738,11180000,71230000
2026-09-19T05:42:45.449Z,33539,358300,439600
2026-09-19T05:42:45.449Z,3239,549000000,613700000
2026-09-19T05:42:45.449Z,11969,139200000,143300000
2026-09-19T05:42:45.449Z,12528,66430,92000
2026-09-19T05:42:45.449Z,18710,184400000,200600000
2026-09-19T05:42:45.449Z,23031,614.1,713
2026-09-19T05:42:45.449Z,20306,86.21,90
2026-09-19T05:42:45.449Z,1266,125900,306200
2026-09-19T05:42:45.449Z,25624,1627000,1690000
2026-09-19T05:42:45.449Z,23156,8828000,15990000
2026-09-19T05:42:45.449Z,13964,8417000,14970000
2026-09-19T05:42:45.449Z,6965,58000,67400
2026-09-19T05:42:45.449Z,31824,15450000,16510000
2026-09-19T05:42:45.449Z,5093,6196,6197
2026-09-19T05:42:45.449Z,96334,82010000,157700000
2026-09-19T05:42:45.449Z,21021,11330000,12400000
2026-09-19T05:42:45.449Z,13246,7125000,9740000
2026-09-19T05:42:45.449Z,31712,2343000,5393000
2026-09-19T05:42:45.449Z,19744,1611000,2225000
2026-09-19T05:42:45.449Z,2867,1785000,1841000
2026-09-19T05:42:45.449Z,34294,21430000,23800000
2026-09-19T05:42:45.449Z,7001,24000,77290
2026-09-19T05:42:45.449Z,47139,8812000,10660000
2026-09-19T05:42:45.449Z,31820,27330000,28970000
2026-09-19T05:42:45.449Z,31802,1126000,1233000
2026-09-19T05:42:45.449Z,33975,141400000,158700000
2026-09-19T05:42:45.449Z,33945,86360000,105900000
2026-09-19T05:42:45.449Z,18865,55390000,61900000
2026-09-19T05:42:45.449Z,14104,35590000,44990000
2026-09-19T05:42:45.449Z,45610,29000000,31410000
2026-09-19T05:42:45.449Z,94142,42100,97940
2026-09-19T05:42:45.449Z,15804,94370000,106500000
2026-09-19T05:42:45.449Z,3033,633500,711000
2026-09-19T05:42:45.449Z,31874,1365000,1666000
2026-09-19T05:42:45.449Z,57150,410,720
2026-09-19T05:42:45.449Z,31454,98260,122900
2026-09-19T05:42:45.449Z,26006,4194000,7476000
2026-09-19T05:42:45.449Z,21013,11030000,13620000
2026-09-19T05:42:45.449Z,41181,56140000,170000000
2026-09-19T05:42:45.449Z,12259,3145000,3721000
2026-09-19T05:42:45.449Z,40355,44190000,50390000
2026-09-19T05:42:45.449Z,13943,125800000,130000000
2026-09-19T05:42:45.449Z,47651,5000000,7989000
2026-09-19T05:42:45.449Z,7829,300900,329700
2026-09-19T05:42:45.449Z,12265,58440,150900
2026-09-19T05:42:45.449Z,13891,6150000,22430000
2026-09-19T05:42:45.449Z,54291,121500,121600
2026-09-19T05:42:45.449Z,12765,212.9,295.5
2026-09-19T05:42:45.449Z,88123,155500000,240000000
2026-09-19T05:42:45.449Z,27258,111400000,124400000
2026-09-19T05:42:45.449Z,13252,2669000,2965000
2026-09-19T05:42:45.449Z,19196,299100000,497200000
2026-09-19T05:42:45.449Z,58767,4.01,600000
2026-09-19T05:42:45.449Z,17812,5101000,7778000
2026-09-19T05:42:45.449Z,90522,333700,398500
2026-09-19T05:42:45.449Z,25918,4027000,6124000
2026-09-19T05:42:45.449Z,85642,14000000,25770000
2026-09-19T05:42:45.449Z,16535,569300,692500
2026-09-19T05:42:45.449Z,31143,,146300
2026-09-19T05:42:45.449Z,229,40.66,56.99
2026-09-19T05:42:45.449Z,20172,72030,74880
2026-09-19T05:42:45.449Z,16499,332200,439500
2026-09-19T05:42:45.449Z,47888,35860,43830
2026-09-19T05:42:45.449Z,91567,3715000,8419000
2026-09-19T05:42:45.449Z,2103,23370,619000
2026-09-19T05:42:45.449Z,10212,16480000,17750000
2026-09-19T05:42:45.449Z,18877,33970000,48940000
2026-09-19T05:42:45.449Z,33103,89260,98960
2026-09-19T05:42:45.449Z,18789,179900000,192000000
2026-09-19T05:42:45.449Z,202,277,299
2026-09-19T05:42:45.449Z,394,162000,179900
2026-09-19T05:42:45.449Z,93593,3507000,4986000
2026-09-19T05:42:45.449Z,15729,44150000,47980000
2026-09-19T05:42:45.449Z,27071,300800,637600
2026-09-19T05:42:45.449Z,57442,70710000,76570000
2026-09-19T05:42:45.449Z,46734,1700000,15950000
2026-09-19T05:42:45.449Z,14059,1619000,2800000
2026-09-19T05:42:45.449Z,17894,739600,739800
2026-09-19T05:42:45.449Z,205,165,174
2026-09-19T05:42:45.449Z,56077,762900,949700
2026-09-19T05:42:45.449Z,57451,17330000,18300000
2026-09-19T05:42:45.449Z,18963,91490000,162900000
2026-09-19T05:42:45.449Z,31724,2414000,2623000
2026-09-19T05:42:45.449Z,84165,560500,1409000
2026-09-19T05:42:45.449Z,47255,9283,34220
2026-09-19T05:42:45.449Z,31173,11540000,11970000
2026-09-19T05:42:45.449Z,10225,16820000,18720000
2026-09-19T05:42:45.449Z,20855,1731000,2599000
2026-09-19T05:42:45.449Z,9728,450000,512000
2026-09-19T05:42:45.449Z,26448,65770000,80690000
2026-09-19T05:42:45.449Z,18977,59000000,64400000
2026-09-19T05:42:45.449Z,17709,37550000,40530000
2026-09-19T05:42:45.449Z,31546,7523000,19950000
2026-09-19T05:42:45.449Z,31534,13780000,17710000
2026-09-19T05:42:45.449Z,12820,224000,279400
2026-09-19T05:42:45.449Z,72869,116900000,130200000
2026-09-19T05:42:45.449Z,90416,3600000,12900000
2026-09-19T05:42:45.449Z,31011,1175000,1279000
2026-09-19T05:42:45.449Z,19111,27860000,37960000
2026-09-19T05:42:45.449Z,86149,7021000,10000000
2026-09-19T05:42:45.449Z,47362,140100000,188500000
2026-09-19T05:42:45.449Z,11463,57.09,1440
2026-09-19T05:42:45.449Z,19055,36220000,42170000
2026-09-19T05:42:45.449Z,19219,5297000,5999000
2026-09-19T05:42:45.449Z,49729,20390000,22640000
2026-09-19T05:42:45.449Z,21366,640.2,794
2026-09-19T05:42:45.449Z,2193,65020,79640
2026-09-19T05:42:45.449Z,18937,166900000,218700000
2026-09-19T05:42:45.449Z,91114,777800,1170000
2026-09-19T05:42:45.449Z,17887,593.1,612.2
2026-09-19T05:42:45.449Z,27345,1832,1962
2026-09-19T05:42:45.449Z,21815,2314000,2315000
2026-09-19T05:42:45.449Z,75278,19.78,20
2026-09-19T05:42:45.449Z,31944,30010000,32880000
2026-09-19T05:42:45.449Z,13286,16500,30000
2026-09-19T05:42:45.449Z,57449,378500000,393700000
2026-09-19T05:42:45.449Z,12032,15780000,16770000
2026-09-19T05:42:45.449Z,31730,28350,63950
2026-09-19T05:42:45.449Z,90459,879200,1083000
2026-09-19T05:42:45.449Z,240,850.2,850.3
2026-09-19T05:42:45.449Z,15631,1209000,1400000
2026-09-19T05:42:45.449Z,22122,185900000,219600000
2026-09-19T05:42:45.449Z,186,5.17,22.98
2026-09-19T05:42:45.449Z,12017,219800000,232500000
2026-09-19T05:42:45.449Z,41217,41650000,44920000
2026-09-19T05:42:45.449Z,57444,80100000,86090000
2026-09-19T05:42:45.449Z,26334,5909000,61260000
2026-09-19T05:42:45.449Z,33896,9582000,9981000
2026-09-19T05:42:45.449Z,43863,1154000000,1475000000
2026-09-19T05:42:45.449Z,19284,36920000,44520000
2026-09-19T05:42:45.449Z,245,2031,6992
2026-09-19T05:42:45.449Z,4397,791000,1168000
2026-09-19T05:42:45.449Z,7049,250000,182000
2026-09-19T05:42:45.449Z,56066,88600,162100
2026-09-19T05:42:45.449Z,2531,576000,836200
2026-09-19T05:42:45.449Z,31065,1194000,1699000
2026-09-19T05:42:45.449Z,5339,1236,2435
2026-09-19T05:42:45.449Z,22544,180400000,192000000
2026-09-19T05:42:45.449Z,9608,4200,4201
2026-09-19T05:42:45.449Z,31298,25060,50500
2026-09-19T05:42:45.449Z,46864,347300,8976000
2026-09-19T05:42:45.449Z,46381,5823000,5826000
2026-09-19T05:42:45.449Z,47934,3122,3437
2026-09-19T05:42:45.449Z,86262,67900000,113700000
2026-09-19T05:42:45.449Z,85233,1004000,6397000
2026-09-19T05:42:45.449Z,20185,1425000000,1565000000
2026-09-19T05:42:45.449Z,57016,,10000000
2026-09-19T05:42:45.449Z,37304,159300000,181200000
2026-09-19T05:42:45.449Z,25888,5146000,6390000
2026-09-19T05:42:45.449Z,62455,1170,1240
2026-09-19T05:42:45.449Z,27064,34730000,39510000
2026-09-19T05:42:45.449Z,257,21510,22980
2026-09-19T05:42:45.449Z,19175,85720000,100200000
2026-09-19T05:42:45.449Z,44951,2052000,29000000
2026-09-19T05:42:45.449Z,27471,2200,2579
2026-09-19T05:42:45.449Z,32872,951200,1149000
2026-09-19T05:42:45.449Z,3162,315500,417500
2026-09-19T05:42:45.449Z,26412,65510000,66700000
2026-09-19T05:42:45.449Z,32071,76260,999700
2026-09-19T05:42:45.449Z,31904,8710000,12300000
2026-09-19T05:42:45.449Z,39,1099,1110
2026-09-19T05:42:45.449Z,16662,6205,12500
2026-09-19T05:42:45.449Z,21922,664.2,751.5
2026-09-19T05:42:45.449Z,17726,395800000,428100000
2026-09-19T05:42:45.449Z,30258,4611,8828
2026-09-19T05:42:45.449Z,47809,9010,99900
2026-09-19T05:42:45.449Z,14128,6020000,6524000
2026-09-19T05:42:45.449Z,19950,10010,20740
2026-09-19T05:42:45.449Z,52225,21800000,27940000
2026-09-19T05:42:45.449Z,57474,82790000,98860000
2026-09-19T05:42:45.449Z,14162,16000000,37800000
2026-09-19T05:42:45.449Z,47761,68810,92930
2026-09-19T05:42:45.449Z,86260,33420000,53000000
2026-09-19T05:42:45.449Z,42703,1000,999600
2026-09-19T05:42:45.449Z,31674,978400,1606000
2026-09-19T05:42:45.449Z,52229,1168000,2359000
2026-09-19T05:42:45.449Z,18861,37920000,45530000
2026-09-19T05:42:45.449Z,12787,154.2,187
2026-09-19T05:42:45.449Z,25613,390000,390300
2026-09-19T05:42:45.449Z,31924,1718000,2249000
2026-09-19T05:42:45.449Z,249,1880,3669
2026-09-19T05:42:45.449Z,21512,45400,26820000
2026-09-19T05:42:45.449Z,20012,124.2,40000
2026-09-19T05:42:45.449Z,90135,1446000,1708000
2026-09-19T05:42:45.449Z,31015,4784000,5104000
2026-09-19T05:42:45.449Z,30311,78480,87960
2026-09-19T05:42:45.449Z,89265,120100,1550000
2026-09-19T05:42:45.449Z,52244,449900000,599500000
2026-09-19T05:42:45.449Z,19937,4252,33360
2026-09-19T05:42:45.449Z,2399,815.6,869.1
2026-09-19T05:42:45.449Z,97199,18400000,69890000
2026-09-19T05:42:45.449Z,24513,401,433.2
2026-09-19T05:42:45.449Z,31280,2957000,3133000
2026-09-19T05:42:45.449Z,2348,122800,128500
2026-09-19T05:42:45.449Z,21790,201.3,149900
2026-09-19T05:42:45.449Z,6923,50000,194800
2026-09-19T05:42:45.449Z,2464,4307,5895
2026-09-19T05:42:45.449Z,1537,2656000,6559000
2026-09-19T05:42:45.449Z,41220,55500000,59210000
2026-09-19T05:42:45.449Z,6721,37100,136700
2026-09-19T05:42:45.449Z,24533,430,462.2
2026-09-19T05:42:45.449Z,3530,918600,1070000
2026-09-19T05:42:45.449Z,41440,516200,654600000
2026-09-19T05:42:45.449Z,31105,197800,258200
2026-09-19T05:42:45.449Z,31900,39600000,40990000
2026-09-19T05:42:45.449Z,83274,10000,29560
2026-09-19T05:42:45.449Z,31746,1210000,1280000
2026-09-19T05:42:45.449Z,62454,904,1098
2026-09-19T05:42:45.449Z,12005,131000000,135000000
2026-09-19T05:42:45.449Z,3588,75140,393000
2026-09-19T05:42:45.449Z,11447,31640,799900
2026-09-19T05:42:45.449Z,25594,75010,75020
2026-09-19T05:42:45.449Z,33958,310100000,389600000
2026-09-19T05:42:45.449Z,94129,10000,153800
2026-09-19T05:42:45.449Z,24283,57620000,66830000
2026-09-19T05:42:45.449Z,31538,222100,333900
2026-09-19T05:42:45.449Z,2873,259200,297000
2026-09-19T05:42:45.449Z,31039,5025000,5372000
2026-09-19T05:42:45.449Z,15632,8852000,9298000
2026-09-19T05:42:45.449Z,1964,835000,1007000
2026-09-19T05:42:45.449Z,45629,30100000,36330000
2026-09-19T05:42:45.449Z,13948,6100000,7430000
2026-09-19T05:42:45.449Z,89943,120000,484700
2026-09-19T05:42:45.449Z,31616,8640000,13620000
2026-09-19T05:42:45.449Z,21491,3152000,22020000
2026-09-19T05:42:45.449Z,31978,15000000,29990000
2026-09-19T05:42:45.449Z,11351,45120,64960
2026-09-19T05:42:45.449Z,46286,485.9,998.9
2026-09-19T05:42:45.449Z,40,2177,2229
2026-09-19T05:42:45.449Z,16054,43360000,78900000
2026-09-19T05:42:45.449Z,23717,1250,39590
2026-09-19T05:42:45.449Z,77401,64080000,204900000
2026-09-19T05:42:45.449Z,9838,10520,11800
2026-09-19T05:42:45.449Z,11578,4729000,5034000
2026-09-19T05:42:45.449Z,18688,132100000,142000000
2026-09-19T05:42:45.449Z,29990,219500000,234900000
2026-09-19T05:42:45.449Z,12565,80270,86230
2026-09-19T05:42:45.449Z,5533,42930,67000
2026-09-19T05:42:45.449Z,18791,30660,98800
2026-09-19T05:42:45.449Z,6719,231900,232000
2026-09-19T05:42:45.449Z,18670,75090000,75990000
2026-09-19T05:42:45.449Z,5405,14300,22720
2026-09-19T05:42:45.449Z,25620,17300,18100
2026-09-19T05:42:45.449Z,23898,3717000,6897000
2026-09-19T05:42:45.449Z,13224,200000,468800
2026-09-19T05:42:45.449Z,8027,618100,718700
2026-09-19T05:42:45.449Z,9832,10810,10930
2026-09-19T05:42:45.449Z,9632,260100,290700
2026-09-19T05:42:45.449Z,47845,22350000,34940000
2026-09-19T05:42:45.449Z,15592,800600,941300
2026-09-19T05:42:45.449Z,91569,557800,3990000
2026-09-19T05:42:45.449Z,89941,380000,1850000
2026-09-19T05:42:45.449Z,79186,30160000,35940000
2026-09-19T05:42:45.449Z,37480,39430000,43320000
2026-09-19T05:42:45.449Z,23834,900100,4750000
2026-09-19T05:42:45.449Z,15614,142300,146900
2026-09-19T05:42:45.449Z,3578,1476000,1671000
2026-09-19T05:42:45.449Z,20987,1027,3500
2026-09-19T05:42:45.449Z,62522,20.1,22.15
2026-09-19T05:42:45.449Z,16383,252600,282000
2026-09-19T05:42:45.449Z,12013,198500000,208900000
2026-09-19T05:42:45.449Z,11534,17880,18730
2026-09-19T05:42:45.449Z,23473,50000,96500
2026-09-19T05:42:45.449Z,40571,22990000,27450000
2026-09-19T05:42:45.449Z,19538,222000000,249900000
2026-09-19T05:42:45.449Z,16640,505.6,629.5
2026-09-19T05:42:45.449Z,47059,9000000,39900000
2026-09-19T05:42:45.449Z,33440,24600,68470
2026-09-19T05:42:45.449Z,84173,4908000,12880000
2026-09-19T05:42:45.449Z,9580,161900,185600
2026-09-19T05:42:45.449Z,11194,14010000,16380000
2026-09-19T05:42:45.449Z,2488,298700,322900
2026-09-19T05:42:45.449Z,20505,517400000,599900000
2026-09-19T05:42:45.449Z,27441,927.2,1004
2026-09-19T05:42:45.449Z,10222,87850000,97910000
2026-09-19T05:42:45.449Z,25598,2788,2789
2026-09-19T05:42:45.449Z,47818,86070000,98750000
2026-09-19T05:42:45.449Z,14134,21720000,22790000
2026-09-19T05:42:45.449Z,29986,218300000,232700000
2026-09-19T05:42:45.449Z,14070,50440000,54380000
2026-09-19T05:42:45.449Z,41505,66110000,147500000
2026-09-19T05:42:45.449Z,9521,8056,16690
2026-09-19T05:42:45.449Z,15510,29720,34580
2026-09-19T05:42:45.449Z,22291,695100,754200
2026-09-19T05:42:45.449Z,247,6000,23900
2026-09-19T05:42:45.449Z,31346,19020,68480
2026-09-19T05:42:45.449Z,250,1500,6648
2026-09-19T05:42:45.449Z,19031,64450000,71760000
2026-09-19T05:42:45.449Z,219,7.2,10.89
2026-09-19T05:42:45.449Z,11987,119500000,127600000
2026-09-19T05:42:45.449Z,21088,1621000,4593000
2026-09-19T05:42:45.449Z,35659,12850,15940
2026-09-19T05:42:45.449Z,14204,112400000,124100000
2026-09-19T05:42:45.449Z,92454,213900000,228000000
2026-09-19T05:42:45.449Z,28672,2454000,2636000
2026-09-19T05:42:45.449Z,8175,1461,7499
2026-09-19T05:42:45.449Z,47874,745800,2399000
2026-09-19T05:42:45.449Z,519,758900,830000
2026-09-19T05:42:45.449Z,6159,4557,6984
2026-09-19T05:42:45.449Z,28363,220200,250000
2026-09-19T05:42:45.449Z,30615,7305000,7703000
2026-09-19T05:42:45.449Z,13879,8180000,23040000
2026-09-19T05:42:45.449Z,15992,19190,19240
2026-09-19T05:42:45.449Z,15594,3870000,4130000
2026-09-19T05:42:45.449Z,2436,1529000,1590000
2026-09-19T05:42:45.449Z,19923,10110,10130
2026-09-19T05:42:45.449Z,27081,500000,716900
2026-09-19T05:42:45.449Z,79730,3009000,18200000
2026-09-19T05:42:45.449Z,3191,80010000,101800000
2026-09-19T05:42:45.449Z,248,2507,5662
2026-09-19T05:42:45.449Z,244,725.3,1182
2026-09-19T05:42:45.449Z,19295,65560000,70010000
2026-09-19T05:42:45.449Z,35943,16090000,17900000
2026-09-19T05:42:45.449Z,8641,353200,431900
2026-09-19T05:42:45.449Z,9493,440100,533700
2026-09-19T05:42:45.449Z,42831,126.8,289.9
2026-09-19T05:42:45.449Z,30753,25260000,29160000
2026-09-19T05:42:45.449Z,10850,400100,466600
2026-09-19T05:42:45.449Z,21096,2244000,2569000
2026-09-19T05:42:45.449Z,15457,93170,838900
2026-09-19T05:42:45.449Z,42890,185500000,215300000
2026-09-19T05:42:45.449Z,42522,91770000,108200000
2026-09-19T05:42:45.449Z,77964,71000000,279700000
2026-09-19T05:42:45.449Z,13963,9003000,10820000
2026-09-19T05:42:45.449Z,19288,12280000,14030000
2026-09-19T05:42:45.449Z,521,9849000,17550000
2026-09-19T05:42:45.449Z,35658,43950,55930
2026-09-19T05:42:45.449Z,3237,11260,7300000
2026-09-19T05:42:45.449Z,45833,61310,999500
2026-09-19T05:42:45.449Z,53977,52720,64030
2026-09-19T05:42:45.449Z,17186,3008000,7352000
2026-09-19T05:42:45.449Z,35922,36490000,41960000
2026-09-19T05:42:45.449Z,42785,1612000,13390000
2026-09-19T05:42:45.449Z,85401,5265,8281
2026-09-19T05:42:45.449Z,28434,229500,238900
2026-09-19T05:42:45.449Z,19273,12060000,14280000
2026-09-19T05:42:45.449Z,12021,195700000,213900000
2026-09-19T05:42:45.449Z,15673,1410000,1570000
2026-09-19T05:42:45.449Z,42206,66430000,72900000
2026-09-19T05:42:45.449Z,40350,49640000,57730000
2026-09-19T05:42:45.449Z,2329,11650,11910
2026-09-19T05:42:45.449Z,20701,58060000,73690000
2026-09-19T05:42:45.449Z,81348,9.02,19.72
2026-09-19T05:42:45.449Z,62525,25.5,27.54
2026-09-19T05:42:45.449Z,60283,374700,417500
2026-09-19T05:42:45.449Z,19272,2328000,5284000
2026-09-19T05:42:45.449Z,2319,10200,10450
2026-09-19T05:42:45.449Z,17843,36690000,38700000
2026-09-19T05:42:45.449Z,594,91060,115000
2026-09-19T05:42:45.449Z,11200,13610000,14340000
2026-09-19T05:42:45.449Z,9848,74330,82200
2026-09-19T05:42:45.449Z,11259,275000,899200
2026-09-19T05:42:45.449Z,18831,114900000,124900000
2026-09-19T05:42:45.449Z,7123,455000,437000
2026-09-19T05:42:45.449Z,34208,4548000,4550000
2026-09-19T05:42:45.449Z,4019,30290000,85170000
2026-09-19T05:42:45.449Z,25605,22610,24070
2026-09-19T05:42:45.449Z,21568,50910,241300
2026-09-19T05:42:45.449Z,33792,3012000,18560000
2026-09-19T05:42:45.449Z,3186,4539000,4888000
2026-09-19T05:42:45.449Z,46960,100500,3800000
2026-09-19T05:42:45.449Z,46817,50.05,4850000
2026-09-19T05:42:45.449Z,23049,1135,2664
2026-09-19T05:42:45.449Z,60680,202500,2198000
2026-09-19T05:42:45.449Z,17480,34210000,38510000
2026-09-19T05:42:45.449Z,20014,20130,84000
2026-09-19T05:42:45.449Z,27413,955.6,1023
2026-09-19T05:42:45.449Z,12034,13730000,14350000
2026-09-19T05:42:45.449Z,22121,92020000,99700000
2026-09-19T05:42:45.449Z,23177,5749000,8190000
2026-09-19T05:42:45.449Z,23172,35940000,40710000
2026-09-19T05:42:45.449Z,32880,193400,230800
2026-09-19T05:42:45.449Z,11554,40540,47240
2026-09-19T05:42:45.449Z,35656,15970,22140
2026-09-19T05:42:45.449Z,25619,1784000,1816000
2026-09-19T05:42:45.449Z,2410,1004000,1097000
2026-09-19T05:42:45.449Z,3552,550.5,938.6
2026-09-19T05:42:45.449Z,27142,111600000,118400000
2026-09-19T05:42:45.449Z,11531,31400,32270
2026-09-19T05:42:45.449Z,56201,596000000,647700000
2026-09-19T05:42:45.449Z,88776,20000,139100
2026-09-19T05:42:45.449Z,83068,10000,93550
2026-09-19T05:42:45.449Z,42207,108100000,115100000
2026-09-19T05:42:45.449Z,21570,1005000,1364000
2026-09-19T05:42:45.449Z,87837,141400,543500
2026-09-19T05:42:45.449Z,23953,952000000,1065000000
2026-09-19T05:42:45.449Z,24560,6108000,13180000
2026-09-19T05:42:45.449Z,24519,1409,1499
2026-09-19T05:42:45.449Z,90611,159400,929900
2026-09-19T05:42:45.449Z,15902,3564000,6792000
2026-09-19T05:42:45.449Z,60476,364000000,385000000
2026-09-19T05:42:45.449Z,83281,1000,211700
2026-09-19T05:42:45.449Z,14074,18260000,19950000
2026-09-19T05:42:45.449Z,18843,1516000,4487000
2026-09-19T05:42:45.449Z,21569,31790000,33980000
2026-09-19T05:42:45.449Z,45635,139400000,149100000
2026-09-19T05:42:45.449Z,16649,11330,11980
2026-09-19T05:42:45.449Z,12745,131100000,144100000
2026-09-19T05:42:45.449Z,93355,120000,474600
2026-09-19T05:42:45.449Z,42145,17490000,20980000
2026-09-19T05:42:45.449Z,27190,163300000,199000000
2026-09-19T05:42:45.449Z,44950,2280000,78660000
2026-09-19T05:42:45.449Z,41490,755800,797200
2026-09-19T05:42:45.449Z,16301,8505,23040
2026-09-19T05:42:45.449Z,30251,209500,231100
2026-09-19T05:42:45.449Z,48112,32220,33920
2026-09-19T05:42:45.449Z,27459,1620,2498
2026-09-19T05:42:45.449Z,95300,16010000,31800000
2026-09-19T05:42:45.449Z,79764,41010000,133900000
2026-09-19T05:42:45.449Z,19053,24950000,29000000
2026-09-19T05:42:45.449Z,16231,50440000,55260000
2026-09-19T05:42:45.449Z,37228,91000000,103000000
2026-09-19T05:42:45.449Z,1282,1000,13790000
2026-09-19T05:42:45.449Z,86120,3182000,14120000
2026-09-19T05:42:45.449Z,93832,2502000,3256000
2026-09-19T05:42:45.449Z,4188,121000,26400000
2026-09-19T05:42:45.449Z,25609,1566000,1640000
2026-09-19T05:42:45.449Z,11196,11090000,12790000
2026-09-19T05:42:45.449Z,37479,585300,717800
2026-09-19T05:42:45.449Z,24445,130500,589300
2026-09-19T05:42:45.449Z,18672,261700000,343600000
2026-09-19T05:42:45.449Z,57450,103200000,112900000
2026-09-19T05:42:45.449Z,18879,28250000,29400000
2026-09-19T05:42:45.449Z,251,2750,8794
2026-09-19T05:42:45.449Z,29073,351700,845600
2026-09-19T05:42:45.449Z,3573,273800000,359000000
2026-09-19T05:42:45.449Z,37456,7005000,8396000
2026-09-19T05:42:45.449Z,58873,12000000,19980000
2026-09-19T05:42:45.449Z,43879,101000000,120000000
2026-09-19T05:42:45.449Z,52314,66250,70750
2026-09-19T05:42:45.449Z,33516,143300000,155500000
2026-09-19T05:42:45.449Z,25617,216000,236000
2026-09-19T05:42:45.449Z,47734,13070000,14190000
2026-09-19T05:42:45.449Z,47299,1378000,1448000
2026-09-19T05:42:45.449Z,47915,35420000,39740000
2026-09-19T05:42:45.449Z,57448,607200,897000
2026-09-19T05:42:45.449Z,22175,36390,53460
2026-09-19T05:42:45.449Z,40756,40490000,53940000
2026-09-19T05:42:45.449Z,7453,447800,447900
2026-09-19T05:42:45.449Z,43869,278000000,360000000
2026-09-19T05:42:45.449Z,60312,1463000,3609000
2026-09-19T05:42:45.449Z,47763,500,2375
2026-09-19T05:42:45.449Z,222,17.8,18.21
2026-09-19T05:42:45.449Z,19321,151300000,173800000
2026-09-19T05:42:45.449Z,16002,189100,246900
2026-09-19T05:42:45.449Z,47729,60320,60340
2026-09-19T05:42:45.449Z,3608,863600,995400
2026-09-19T05:42:45.449Z,19257,6750000,13870000
2026-09-19T05:42:45.449Z,35899,18010000,24280000
2026-09-19T05:42:45.449Z,41032,3750,3767
2026-09-19T05:42:45.449Z,33180,68360,84880
2026-09-19T05:42:45.449Z,54401,199800000,232400000
2026-09-19T05:42:45.449Z,11134,7136,14970
2026-09-19T05:42:45.449Z,14208,139500000,147500000
2026-09-19T05:42:45.449Z,15681,114900000,122000000
2026-09-19T05:42:45.449Z,34595,91750000,135500000
2026-09-19T05:42:45.449Z,30834,786100,827000
2026-09-19T05:42:45.449Z,33199,515100,926600
2026-09-19T05:42:45.449Z,15949,15410000,24900000
2026-09-19T05:42:45.449Z,41506,87560000,110900000
2026-09-19T05:42:45.449Z,15612,25940,45000
2026-09-19T05:42:45.449Z,3544,301000000,397700000
2026-09-19T05:42:45.449Z,16329,4241,5880
2026-09-19T05:42:45.449Z,3416,201.1,201.2
2026-09-19T05:42:45.449Z,47372,21010000,72000000
2026-09-19T05:42:45.449Z,19036,236500000,262600000
2026-09-19T05:42:45.449Z,63695,9201000,24790000
2026-09-19T05:42:45.449Z,19301,32420000,37690000
2026-09-19T05:42:45.449Z,47900,31790,42750
2026-09-19T05:42:45.449Z,21638,739000,791600
2026-09-19T05:42:45.449Z,15607,1399,1401
2026-09-19T05:42:45.449Z,53890,108200000,228700000
2026-09-19T05:42:45.449Z,3839,55230,75220
2026-09-19T05:42:45.449Z,47754,1682000,1998000
2026-09-19T05:42:45.449Z,29266,647200,832000
2026-09-19T05:42:45.449Z,57446,974100,1052000
2026-09-19T05:42:45.449Z,13257,2096000,5010000
2026-09-19T05:42:45.449Z,11303,46660,233100
2026-09-19T05:42:45.449Z,23144,22510,43600
2026-09-19T05:42:45.449Z,12608,51.09,62.73
2026-09-19T05:42:45.449Z,33850,80890000,135400000
2026-09-19T05:42:45.449Z,31486,1151000,1845000
2026-09-19T05:42:45.449Z,11341,12000,12320
2026-09-19T05:42:45.449Z,19982,2300,4997
2026-09-19T05:42:45.449Z,18809,155400000,168000000
2026-09-19T05:42:45.449Z,16475,203100,238200
2026-09-19T05:42:45.449Z,3214,551000000,625200000
2026-09-19T05:42:45.449Z,19083,2505000,4952000
2026-09-19T05:42:45.449Z,3432,12320,130000
2026-09-19T05:42:45.449Z,37825,69470,109100
2026-09-19T05:42:45.449Z,47738,40850000,45420000
2026-09-19T05:42:45.449Z,15661,1003000,1058000
2026-09-19T05:42:45.449Z,16634,170.1,184.8
2026-09-19T05:42:45.449Z,45594,30700000,35400000
2026-09-19T05:42:45.449Z,57343,50000000,119400000
2026-09-19T05:42:45.449Z,19225,2514000,5490000
2026-09-19T05:42:45.449Z,9840,9513,11950
2026-09-19T05:42:45.449Z,88133,2258000,3340000
2026-09-19T05:42:45.449Z,47269,17980000,20290000
2026-09-19T05:42:45.449Z,62463,1005,1291
2026-09-19T05:42:45.449Z,11393,22130000,22980000
2026-09-19T05:42:45.449Z,15604,987500,1186000
2026-09-19T05:42:45.449Z,26068,5618000,6578000
2026-09-19T05:42:45.449Z,19739,2080000,2196000
2026-09-19T05:42:45.449Z,13998,89890000,109400000
2026-09-19T05:42:45.449Z,60288,217500,288800
2026-09-19T05:42:45.449Z,5945,537900,538100
2026-09-19T05:42:45.449Z,18959,106400000,125800000
2026-09-19T05:42:45.449Z,31049,284000000,431700000
2026-09-19T05:42:45.449Z,31358,649900,745000
2026-09-19T05:42:45.449Z,12789,70.13,79.88
2026-09-19T05:42:45.449Z,2420,3852000,4168000
2026-09-19T05:42:45.449Z,45783,,2995000
2026-09-19T05:42:45.449Z,53839,149700000,163000000
2026-09-19T05:42:45.449Z,85467,20120000,32950000
2026-09-19T05:42:45.449Z,31886,2542000,2865000
2026-09-19T05:42:45.449Z,52302,100000000,240000000
2026-09-19T05:42:45.449Z,5683,200000,218800
2026-09-19T05:42:45.449Z,45608,34780000,37550000
2026-09-19T05:42:45.449Z,30993,27190000,29860000
2026-09-19T05:42:45.449Z,15898,14660000,20790000
2026-09-19T05:42:45.449Z,253,6000,12840
2026-09-19T05:42:45.449Z,62406,29080,33580
2026-09-19T05:42:45.449Z,2539,475000,631900
2026-09-19T05:42:45.449Z,22126,43850000,50940000
2026-09-19T05:42:45.449Z,47901,2168000,2495000
2026-09-19T05:42:45.449Z,56078,63040,87980
2026-09-19T05:42:45.449Z,24531,472,552.7
2026-09-19T05:42:45.449Z,19317,104300000,135100000
2026-09-19T05:42:45.449Z,22778,80690,88370
2026-09-19T05:42:45.449Z,18835,827400,1837000
2026-09-19T05:42:45.449Z,13997,191700,299000
2026-09-19T05:42:45.449Z,13856,85,95.42
2026-09-19T05:42:45.449Z,27170,10000,130000
2026-09-19T05:42:45.449Z,31884,2063000,2224000
2026-09-19T05:42:45.449Z,31374,19650000,19710000
2026-09-19T05:42:45.449Z,26376,62210000,89370000
2026-09-19T05:42:45.449Z,23152,19250000,21290000
2026-09-19T05:42:45.449Z,25894,6821000,7189000
2026-09-19T05:42:45.449Z,4025,7010,14850
2026-09-19T05:42:45.449Z,56134,8102,12100
2026-09-19T05:42:45.449Z,20739,2133,3381
2026-09-19T05:42:45.449Z,52311,425000,476400
2026-09-19T05:42:45.449Z,35788,15000,27940
2026-09-19T05:42:45.449Z,19345,77230000,95200000
2026-09-19T05:42:45.449Z,37250,550000000,1410000000
2026-09-19T05:42:45.449Z,33283,73150000,467200000
2026-09-19T05:42:45.449Z,56140,42800000,42810000
2026-09-19T05:42:45.449Z,28576,505500,568900
2026-09-19T05:42:45.449Z,19239,100400,648000
2026-09-19T05:42:45.449Z,45602,31770000,36810000
2026-09-19T05:42:45.449Z,48383,70910000,136500000
2026-09-19T05:42:45.449Z,17924,84560000,97150000
2026-09-19T05:42:45.449Z,9135,42370,84660
2026-09-19T05:42:45.449Z,12545,1802,4194
2026-09-19T05:42:45.449Z,85662,293600000,370000000
2026-09-19T05:42:45.449Z,47750,818000,1364000
2026-09-19T05:42:45.449Z,9287,240900,329700
2026-09-19T05:42:45.449Z,2553,662300,755600
2026-09-19T05:42:45.449Z,12204,1648000,3440000
2026-09-19T05:42:45.449Z,25563,999700,1645000
2026-09-19T05:42:45.449Z,27182,427.4,333100
2026-09-19T05:42:45.449Z,3893,28900000,35800000
2026-09-19T05:42:45.449Z,14220,500000,29250000
2026-09-19T05:42:45.449Z,27405,960.2,1014
2026-09-19T05:42:45.449Z,55662,10010,149900
2026-09-19T05:42:45.449Z,20419,89690,97700
2026-09-19T05:42:45.449Z,21584,239700,599700
2026-09-19T05:42:45.449Z,62553,1969,2100
2026-09-19T05:42:45.449Z,54753,880700000,977100000
2026-09-19T05:42:45.449Z,52313,30260,34840
2026-09-19T05:42:45.449Z,41054,683300,754900
2026-09-19T05:42:45.449Z,8295,2033,4570
2026-09-19T05:42:45.449Z,14049,10960000,11700000
2026-09-19T05:42:45.449Z,13258,3590000,5265000
2026-09-19T05:42:45.449Z,87832,180500,499000
2026-09-19T05:42:45.449Z,5281,2088,8794
2026-09-19T05:42:45.449Z,35771,663200,736100
2026-09-19T05:42:45.449Z,7253,15630,109600
2026-09-19T05:42:45.449Z,13225,200000,258600
2026-09-19T05:42:45.449Z,9830,11290,11930
2026-09-19T05:42:45.449Z,21728,75800,275000
2026-09-19T05:42:45.449Z,21720,8754000,9979000
2026-09-19T05:42:45.449Z,22534,20720000,21670000
2026-09-19T05:42:45.449Z,18985,36410000,39980000
2026-09-19T05:42:45.449Z,31161,1168000,1197000
2026-09-19T05:42:45.449Z,38,651,690
2026-09-19T05:42:45.449Z,95398,36100,149400
2026-09-19T05:42:45.449Z,27427,282,586.7
2026-09-19T05:42:45.449Z,89942,1400000,2790000
2026-09-19T05:42:45.449Z,13925,35980000,40850000
2026-09-19T05:42:45.449Z,56923,1000000,3140000
2026-09-19T05:42:45.449Z,90469,87330000,97260000
2026-09-19T05:42:45.449Z,2364,785400,847500
2026-09-19T05:42:45.449Z,21722,2767000,3000000
2026-09-19T05:42:45.449Z,81046,159900000,164300000
2026-09-19T05:42:45.449Z,45587,27100000,29400000
2026-09-19T05:42:45.449Z,4787,17560,22910
2026-09-19T05:42:45.449Z,21076,23980,23990
2026-09-19T05:42:45.449Z,11186,16850000,18300000
2026-09-19T05:42:45.449Z,25565,1101,24990
2026-09-19T05:42:45.449Z,81350,100,118.9
2026-09-19T05:42:45.449Z,27184,136100000,162300000
2026-09-19T05:42:45.449Z,31364,3372000,4700000
2026-09-19T05:42:45.449Z,45591,35610000,38990000
2026-09-19T05:42:45.449Z,2466,277100,299700
2026-09-19T05:42:45.449Z,45611,32700000,36080000
2026-09-19T05:42:45.449Z,46935,179000,1790000
2026-09-19T05:42:45.449Z,85456,46000000,67900000
2026-09-19T05:42:45.449Z,41500,327000000,384000000
2026-09-19T05:42:45.449Z,527,760000,817000
2026-09-19T05:42:45.449Z,9556,2100,7877
2026-09-19T05:42:45.449Z,37611,2734000,2944000
2026-09-19T05:42:45.449Z,16679,650.2,698.4
2026-09-19T05:42:45.449Z,2559,812700,999500
2026-09-19T05:42:45.449Z,81067,36660,38750
2026-09-19T05:42:45.449Z,7327,60080,114600
2026-09-19T05:42:45.449Z,30486,433100,471800
2026-09-19T05:42:45.449Z,37483,37510000,39390000
2026-09-19T05:42:45.449Z,83233,20000,240900
2026-09-19T05:42:45.449Z,73404,1000000,1900000
2026-09-19T05:42:45.449Z,31155,758400,1001000
2026-09-19T05:42:45.449Z,90457,800.2,5500
2026-09-19T05:42:45.449Z,41200,219700000,230000000
2026-09-19T05:42:45.449Z,4383,2580000,2700000
2026-09-19T05:42:45.449Z,22109,67050000,73840000
2026-09-19T05:42:45.449Z,4435,5054,7168
2026-09-19T05:42:45.449Z,3689,10120,10530
2026-09-19T05:42:45.449Z,11301,69160,167200
2026-09-19T05:42:45.449Z,27117,500,727100
2026-09-19T05:42:45.449Z,25948,3869000,4129000
2026-09-19T05:42:45.449Z,9497,500200,500300
2026-09-19T05:42:45.449Z,85661,15470000,38700000
2026-09-19T05:42:45.449Z,27187,23220000,26930000
2026-09-19T05:42:45.449Z,30375,10690,11420
2026-09-19T05:42:45.449Z,14260,45910000,49740000
2026-09-19T05:42:45.449Z,3180,512700000,589800000
2026-09-19T05:42:45.449Z,31760,2727000,2850000
2026-09-19T05:42:45.449Z,20961,2.41,207
2026-09-19T05:42:45.449Z,30745,458300,481000
2026-09-19T05:42:45.449Z,45606,32500000,37980000
2026-09-19T05:42:45.449Z,3693,12000,12370
2026-09-19T05:42:45.449Z,193,107.9,133.4
2026-09-19T05:42:45.449Z,75283,2552,3249
2026-09-19T05:42:45.449Z,20749,990,2585
2026-09-19T05:42:45.449Z,3540,1765000,1962000
2026-09-19T05:42:45.449Z,25590,74780,79470
2026-09-19T05:42:45.449Z,16670,76.18,82.99
2026-09-19T05:42:45.449Z,13775,18000000,28020000
2026-09-19T05:42:45.449Z,33681,193000000,210200000
2026-09-19T05:42:45.449Z,55325,0.02,90010
2026-09-19T05:42:45.449Z,15786,30880000,37890000
2026-09-19T05:42:45.449Z,20857,2023000,4690000
2026-09-19T05:42:45.449Z,87507,2672000,6932000
2026-09-19T05:42:45.449Z,11433,1668000,4266000
2026-09-19T05:42:45.449Z,30746,1398000,1446000
2026-09-19T05:42:45.449Z,37302,186600000,198300000
2026-09-19T05:42:45.449Z,36912,21700000,34970000
2026-09-19T05:42:45.449Z,85677,4102000,9998000
2026-09-19T05:42:45.449Z,28668,24190,25690
2026-09-19T05:42:45.449Z,95412,10000,58000
2026-09-19T05:42:45.449Z,92451,208800000,245000000
2026-09-19T05:42:45.449Z,29079,1300000,1424000
2026-09-19T05:42:45.449Z,58882,5100000,18990000
2026-09-19T05:42:45.449Z,24443,722800,983200
2026-09-19T05:42:45.449Z,17476,35050000,37850000
2026-09-19T05:42:45.449Z,81948,68340000,74670000
2026-09-19T05:42:45.449Z,2872,1801000,1918000
2026-09-19T05:42:45.449Z,188,14.28,28.18
2026-09-19T05:42:45.449Z,5217,1173,4489
2026-09-19T05:42:45.449Z,90601,0.01,73980
2026-09-19T05:42:45.449Z,197,35,59
2026-09-19T05:42:45.449Z,53060,5031000,80000000
2026-09-19T05:42:45.449Z,22559,43100000,46230000
2026-09-19T05:42:45.449Z,11444,60240,1889000
2026-09-19T05:42:45.449Z,21322,4.52,70
2026-09-19T05:42:45.449Z,599,161500,244900
2026-09-19T05:42:45.449Z,18939,168000000,176800000
2026-09-19T05:42:45.449Z,18935,80840000,94810000
2026-09-19T05:42:45.449Z,18943,63000000,66600000
2026-09-19T05:42:45.449Z,47918,31500000,33600000
2026-09-19T05:42:45.449Z,35878,137100000,171000000
2026-09-19T05:42:45.449Z,3542,294800000,316000000
2026-09-19T05:42:45.449Z,11443,813400,3977000
2026-09-19T05:42:45.449Z,19077,305000,990000
2026-09-19T05:42:45.449Z,11325,537400,537500
2026-09-19T05:42:45.449Z,18813,3617000,8761000
2026-09-19T05:42:45.449Z,10204,1256000,1808000
2026-09-19T05:42:45.449Z,30618,226800,259800
2026-09-19T05:42:45.449Z,19181,99880000,114000000
2026-09-19T05:42:45.449Z,25595,1921,2184
2026-09-19T05:42:45.449Z,82302,251,290
2026-09-19T05:42:45.449Z,23015,2023,2208
2026-09-19T05:42:45.449Z,72907,6526000,8974000
2026-09-19T05:42:45.449Z,23128,18920000,22480000
2026-09-19T05:42:45.449Z,55760,776500,851500
2026-09-19T05:42:45.449Z,11445,26140,116400
2026-09-19T05:42:45.449Z,31079,13490000,14370000
2026-09-19T05:42:45.449Z,5723,125300,217000
2026-09-19T05:42:45.449Z,46002,2634000,2885000
2026-09-19T05:42:45.449Z,49794,25070,498000
2026-09-19T05:42:45.449Z,57452,12090000,12250000
2026-09-19T05:42:45.449Z,47352,20890000,24000000
2026-09-19T05:42:45.449Z,8427,68680,99880
2026-09-19T05:42:45.449Z,19349,59650000,67760000
2026-09-19T05:42:45.449Z,19353,176000000,183900000
2026-09-19T05:42:45.449Z,14045,31580000,40350000
2026-09-19T05:42:45.449Z,92039,4017000,10420000
2026-09-19T05:42:45.449Z,45998,5910000,6374000
2026-09-19T05:42:45.449Z,21740,5004,6386
2026-09-19T05:42:45.449Z,21904,,723.7
2026-09-19T05:42:45.449Z,17888,535.2,608
2026-09-19T05:42:45.449Z,20045,1.54,9.9
2026-09-19T05:42:45.449Z,25622,149900,168900
2026-09-19T05:42:45.449Z,62402,10570,11540
2026-09-19T05:42:45.449Z,4246,16400,17490
2026-09-19T05:42:45.449Z,31782,400000,1062000
2026-09-19T05:42:45.449Z,35827,1,29520000000
2026-09-19T05:42:45.449Z,57004,41380000,70990000
2026-09-19T05:42:45.449Z,57470,15390000,16530000
2026-09-19T05:42:45.449Z,11129,1.02,14360
2026-09-19T05:42:45.449Z,9646,21060,25050
2026-09-19T05:42:45.449Z,45737,6105000,164700000
2026-09-19T05:42:45.449Z,62548,661.3,818.7
2026-09-19T05:42:45.449Z,17491,46150000,74450000
2026-09-19T05:42:45.449Z,24694,141100000,149800000
2026-09-19T05:42:45.449Z,20741,4047,4664
2026-09-19T05:42:45.449Z,16449,41170,97500
2026-09-19T05:42:45.449Z,41212,13320000,15190000
2026-09-19T05:42:45.449Z,93359,20000,119200
2026-09-19T05:42:45.449Z,23071,252400,285500
2026-09-19T05:42:45.449Z,57443,11670000,11680000
2026-09-19T05:42:45.449Z,24492,70.23,78.91
2026-09-19T05:42:45.449Z,6176,1400,1401
2026-09-19T05:42:45.449Z,25618,4701,5184
2026-09-19T05:42:45.449Z,4033,37670000,63080000
2026-09-19T05:42:45.449Z,84417,10480,385000
2026-09-19T05:42:45.449Z,84419,2007,24690
2026-09-19T05:42:45.449Z,84421,2001,10760
2026-09-19T05:42:45.449Z,90526,1201,2500
2026-09-19T05:42:45.449Z,77398,135300000,189500000
2026-09-19T05:42:45.449Z,14061,5712000,6963000
2026-09-19T05:42:45.449Z,53382,127400,4128000
2026-09-19T05:42:45.449Z,48113,38510000,41400000
2026-09-19T05:42:45.449Z,11540,34450,36640
2026-09-19T05:42:45.449Z,41059,91600000,105500000
2026-09-19T05:42:45.449Z,45612,29610000,34700000
2026-09-19T05:42:45.449Z,40661,42050000,46770000
2026-09-19T05:42:45.449Z,31328,2951000,3325000
2026-09-19T05:42:45.449Z,57740,6375000,18580000
2026-09-19T05:42:45.449Z,27131,388000,705100
2026-09-19T05:42:45.449Z,19282,110700000,126500000
2026-09-19T05:42:45.449Z,28201,400100,448800
2026-09-19T05:42:45.449Z,13957,76520000,91000000
2026-09-19T05:42:45.449Z,2185,483500,783500
2026-09-19T05:42:45.449Z,18768,68010000,77950000
2026-09-19T05:42:45.449Z,23563,204200,253500
2026-09-19T05:42:45.449Z,17889,500.3,505.3
2026-09-19T05:42:45.449Z,7489,7668,23940
2026-09-19T05:42:45.449Z,8863,181800,257800
2026-09-19T05:42:45.449Z,9413,23100,23110
2026-09-19T05:42:45.449Z,28436,282500,325000
2026-09-19T05:42:45.449Z,3082,1161000,1279000
2026-09-19T05:42:45.449Z,60474,3209000,3539000
2026-09-19T05:42:45.449Z,11349,55000,64980
2026-09-19T05:42:45.449Z,52189,57100,1500000
2026-09-19T05:42:45.449Z,41250,85720000,105700000
2026-09-19T05:42:45.449Z,30370,4278,4700
2026-09-19T05:42:45.449Z,23525,226100,339000
2026-09-19T05:42:45.449Z,16062,63030000,66460000
2026-09-19T05:42:45.449Z,47752,4423000,5321000
2026-09-19T05:42:45.449Z,14037,476300,690000
2026-09-19T05:42:45.449Z,1236,364700,410400
2026-09-19T05:42:45.449Z,2404,740500,797000
2026-09-19T05:42:45.449Z,90405,221700000,879600000
2026-09-19T05:42:45.449Z,24417,865200,946000
2026-09-19T05:42:45.449Z,34562,50830000,65690000
2026-09-19T05:42:45.449Z,14100,39460000,44400000
2026-09-19T05:42:45.449Z,22125,32310000,39290000
2026-09-19T05:42:45.449Z,31270,371600,2497000
2026-09-19T05:42:45.449Z,46684,100.2,100.5
2026-09-19T05:42:45.449Z,19556,971200000,1181000000
2026-09-19T05:42:45.449Z,27349,155.3,399.5
2026-09-19T05:42:45.449Z,19205,148800000,160600000
2026-09-19T05:42:45.449Z,19686,110500000,119600000
2026-09-19T05:42:45.449Z,16533,172400,257000
2026-09-19T05:42:45.449Z,31990,36030,41410
2026-09-19T05:42:45.449Z,20199,5691000,6882000
2026-09-19T05:42:45.449Z,12828,261400,352300
2026-09-19T05:42:45.449Z,14067,20440000,22960000
2026-09-19T05:42:45.449Z,18682,60810000,74660000
2026-09-19T05:42:45.449Z,28848,6876000000,6998000000
2026-09-19T05:42:45.449Z,32037,1990,1639000
2026-09-19T05:42:45.449Z,17549,14000000,20670000
2026-09-19T05:42:45.449Z,92581,580000,2368000
2026-09-19T05:42:45.449Z,55326,10,24960
2026-09-19T05:42:45.449Z,47885,320.2,379.9
2026-09-19T05:42:45.449Z,16519,20130,38420
2026-09-19T05:42:45.449Z,31480,250000,346600
2026-09-19T05:42:45.449Z,25812,4436000,4887000
2026-09-19T05:42:45.449Z,54771,19170,22990
2026-09-19T05:42:45.449Z,49711,133800000,143100000
2026-09-19T05:42:45.449Z,84411,1005,146100
2026-09-19T05:42:45.449Z,31770,1.01,3735000
2026-09-19T05:42:45.449Z,37135,8505000,11750000
2026-09-19T05:42:45.449Z,41534,531000000,574600000
2026-09-19T05:42:45.449Z,54436,5788000,80970000
2026-09-19T05:42:45.449Z,33921,16860000,20000000
2026-09-19T05:42:45.449Z,33943,149900000,179700000
2026-09-19T05:42:45.449Z,33930,12150,2000000
2026-09-19T05:42:45.449Z,15764,88910000,96730000
2026-09-19T05:42:45.449Z,42761,105100,3839000
2026-09-19T05:42:45.449Z,19319,27010000,33870000
2026-09-19T05:42:45.449Z,62567,2905,3800
2026-09-19T05:42:45.449Z,8585,8800,9900
2026-09-19T05:42:45.449Z,7085,312700,347400
2026-09-19T05:42:45.449Z,18941,65430000,73950000
2026-09-19T05:42:45.449Z,58950,7537000,64540000
2026-09-19T05:42:45.449Z,85398,8726,10640
2026-09-19T05:42:45.449Z,43554,1617000,1815000
2026-09-19T05:42:45.449Z,5279,6000,6001
2026-09-19T05:42:45.449Z,47907,23770000,24330000
2026-09-19T05:42:45.449Z,17559,49620000,59960000
2026-09-19T05:42:45.449Z,57457,3470,3647
2026-09-19T05:42:45.449Z,2352,75000,94500
2026-09-19T05:42:45.449Z,19223,53130000,57590000
2026-09-19T05:42:45.449Z,41314,2416,2500
2026-09-19T05:42:45.449Z,48426,1571000,2622000
2026-09-19T05:42:45.449Z,5239,1004,7946
2026-09-19T05:42:45.449Z,1335,170200,215000
2026-09-19T05:42:45.449Z,31177,40460,56640
2026-09-19T05:42:45.449Z,23709,20850,50000
2026-09-19T05:42:45.449Z,86109,335100,1273000
2026-09-19T05:42:45.449Z,85656,95410000,111400000
2026-09-19T05:42:45.449Z,18829,109400000,122000000
2026-09-19T05:42:45.449Z,90528,2587000,3870000
2026-09-19T05:42:45.449Z,22448,258200000,283500000
2026-09-19T05:42:45.449Z,84414,39110,889300
2026-09-19T05:42:45.449Z,85640,120900,1120000
2026-09-19T05:42:45.449Z,49739,3121000,3346000
2026-09-19T05:42:45.449Z,28211,1261000,1415000
2026-09-19T05:42:45.449Z,47701,1289000,2141000
2026-09-19T05:42:45.449Z,34206,300900,301000
2026-09-19T05:42:45.449Z,87325,26100000,34890000
2026-09-19T05:42:45.449Z,60465,707700,1076000
2026-09-19T05:42:45.449Z,60460,400000,543400
2026-09-19T05:42:45.449Z,60471,205500,402900
2026-09-19T05:42:45.449Z,2401,752,788.9
2026-09-19T05:42:45.449Z,12200,10610000,17290000
2026-09-19T05:42:45.449Z,31798,335500000,374000000
2026-09-19T05:42:45.449Z,14146,47980000,57000000
2026-09-19T05:42:45.449Z,89240,2936000,3350000
2026-09-19T05:42:45.449Z,19684,10490000,17470000
2026-09-19T05:42:45.449Z,21906,452.9,541.8
2026-09-19T05:42:45.449Z,644,136300000,149900000
2026-09-19T05:42:45.449Z,46977,1898000,12990000
2026-09-19T05:42:45.449Z,18637,99260,198000
2026-09-19T05:42:45.449Z,53983,8549000,9784000
2026-09-19T05:42:45.449Z,31979,90150000,181200000
2026-09-19T05:42:45.449Z,13782,31980000,49900000
2026-09-19T05:42:45.449Z,47466,207400000,224400000
2026-09-19T05:42:45.449Z,23131,3045,21970
2026-09-19T05:42:45.449Z,53893,294500000,446000000
2026-09-19T05:42:45.449Z,17871,11610000,14440000
2026-09-19T05:42:45.449Z,16647,5078,5490
2026-09-19T05:42:45.449Z,31762,20030000,33360000
2026-09-19T05:42:45.449Z,2397,692,724
2026-09-19T05:42:45.449Z,40733,21460000,111300000
2026-09-19T05:42:45.449Z,81051,52660,80460
2026-09-19T05:42:45.449Z,23705,23280,35300
2026-09-19T05:42:45.449Z,443,212,3049
2026-09-19T05:42:45.449Z,19281,45470000,50550000
2026-09-19T05:42:45.449Z,83224,65000,556600
2026-09-19T05:42:45.449Z,76151,200700,27500000
2026-09-19T05:42:45.449Z,57025,5201000,12990000
2026-09-19T05:42:45.449Z,83472,2972000,3243000
2026-09-19T05:42:45.449Z,2937,833900,1374000
2026-09-19T05:42:45.449Z,31600,691000,1208000
2026-09-19T05:42:45.449Z,57469,499.8,314900
2026-09-19T05:42:45.449Z,31023,,1371000
2026-09-19T05:42:45.449Z,56782,2717000,30000000
2026-09-19T05:42:45.449Z,7451,462200,493500
2026-09-19T05:42:45.449Z,17494,5609000,6296000
2026-09-19T05:42:45.449Z,10872,13010,14990
2026-09-19T05:42:45.449Z,31774,10640000,17330000
2026-09-19T05:42:45.449Z,44909,1338000,184400000
2026-09-19T05:42:45.449Z,8537,30010,40470
2026-09-19T05:42:45.449Z,19660,2005,7998
2026-09-19T05:42:45.449Z,25612,596100,596200
2026-09-19T05:42:45.449Z,3142,75420000,98950000
2026-09-19T05:42:45.449Z,1832,136.1,154
2026-09-19T05:42:45.449Z,12052,254700,363300
2026-09-19T05:42:45.449Z,46927,118300,3492000
2026-09-19T05:42:45.449Z,83207,442500,992700
2026-09-19T05:42:45.449Z,40360,2410000,5788000
2026-09-19T05:42:45.449Z,79729,2110000,5000000
2026-09-19T05:42:45.449Z,31366,30520000,31620000
2026-09-19T05:42:45.449Z,220,7.3,14.48
2026-09-19T05:42:45.449Z,84426,64450,79990
2026-09-19T05:42:45.449Z,31057,4473000,4643000
2026-09-19T05:42:45.449Z,17732,305700000,337000000
2026-09-19T05:42:45.449Z,34049,20220000,75500000
2026-09-19T05:42:45.449Z,44993,446000000,487900000
2026-09-19T05:42:45.449Z,23136,215700,425500
2026-09-19T05:42:45.449Z,44922,8010000,325000000
2026-09-19T05:42:45.449Z,47323,152100000,238100000
2026-09-19T05:42:45.449Z,37624,62640000,71930000
2026-09-19T05:42:45.449Z,57062,70730000,149500000
2026-09-19T05:42:45.449Z,49790,50220000,75220000
2026-09-19T05:42:45.449Z,14190,182500000,225000000
2026-09-19T05:42:45.449Z,30303,1421,1615
2026-09-19T05:42:45.449Z,19151,75390000,93840000
2026-09-19T05:42:45.449Z,34394,1000,389900
2026-09-19T05:42:45.449Z,28846,6116000000,6648000000
2026-09-19T05:42:45.449Z,493,51000,120500
2026-09-19T05:42:45.449Z,91970,9753000,13650000
2026-09-19T05:42:45.449Z,19149,28640000,29930000
2026-09-19T05:42:45.449Z,16451,40080,97870
2026-09-19T05:42:45.449Z,47898,500100,569000
2026-09-19T05:42:45.449Z,11538,40450,41880
2026-09-19T05:42:45.449Z,60224,700100,6899000
2026-09-19T05:42:45.449Z,3304,1315,79000
2026-09-19T05:42:45.449Z,30310,38630,42150
2026-09-19T05:42:45.449Z,45615,33780000,36500000
2026-09-19T05:42:45.449Z,15963,174500000,185000000
2026-09-19T05:42:45.449Z,14068,11610000,17300000
2026-09-19T05:42:45.449Z,90050,410000,997200
2026-09-19T05:42:45.449Z,19229,26120000,27890000
2026-09-19T05:42:45.449Z,190,23,59.97
2026-09-19T05:42:45.449Z,53855,45650000,89000000
2026-09-19T05:42:45.449Z,19037,259100000,326000000
2026-09-19T05:42:45.449Z,77168,105100000,194200000
2026-09-19T05:42:45.449Z,7997,14010,14020
2026-09-19T05:42:45.449Z,33140,25740000,29970000
2026-09-19T05:42:45.449Z,48386,2378000,6367000
2026-09-19T05:42:45.449Z,30308,12220,12940
2026-09-19T05:42:45.449Z,37849,2334000,2979000
2026-09-19T05:42:45.449Z,19227,25850000,29030000
2026-09-19T05:42:45.449Z,11558,30370,31220
2026-09-19T05:42:45.449Z,91971,46230000,60620000
2026-09-19T05:42:45.449Z,3887,2066,42700
2026-09-19T05:42:45.449Z,77963,130000000,446700000
2026-09-19T05:42:45.449Z,92466,1527000,2633000
2026-09-19T05:42:45.449Z,2307,4.56,5.96
2026-09-19T05:42:45.449Z,21727,69030,164500
2026-09-19T05:42:45.449Z,638,142000000,154700000
2026-09-19T05:42:45.449Z,13827,43760000,51000000
2026-09-19T05:42:45.449Z,17703,8502000,9340000
2026-09-19T05:42:45.449Z,60924,14140000,40990000
2026-09-19T05:42:45.449Z,19189,125000000,141600000
2026-09-19T05:42:45.449Z,21228,2622,467600
2026-09-19T05:42:45.449Z,2183,18180,22300
2026-09-19T05:42:45.449Z,3258,541100000,660300000
2026-09-19T05:42:45.449Z,2393,432,456
2026-09-19T05:42:45.449Z,26428,5015000,12430000
2026-09-19T05:42:45.449Z,5755,186200,186300
2026-09-19T05:42:45.449Z,8177,5000,9996
2026-09-19T05:42:45.449Z,30028,39480,47000
2026-09-19T05:42:45.449Z,2303,950200,1137000
2026-09-19T05:42:45.449Z,18919,142500000,147900000
2026-09-19T05:42:45.449Z,47005,23660000,31000000
2026-09-19T05:42:45.449Z,47890,9022000,10000000
2026-09-19T05:42:45.449Z,1231,915.2,1044
2026-09-19T05:42:45.449Z,85397,22100,24190
2026-09-19T05:42:45.449Z,46843,114.7,7989000
2026-09-19T05:42:45.449Z,88651,1110000,14990000
2026-09-19T05:42:45.449Z,12563,58140,63100
2026-09-19T05:42:45.449Z,18837,8552000,9700000
2026-09-19T05:42:45.449Z,56284,282700000,314400000
2026-09-19T05:42:45.449Z,20597,4806000,8400000
2026-09-19T05:42:45.449Z,23523,91290,193700
2026-09-19T05:42:45.449Z,33852,72240000,79860000
2026-09-19T05:42:45.449Z,91952,12810000,14650000
2026-09-19T05:42:45.449Z,14072,46050000,48000000
2026-09-19T05:42:45.449Z,29996,9001000,24040000
2026-09-19T05:42:45.449Z,17619,7214000,7988000
2026-09-19T05:42:45.449Z,12533,521000,521100
2026-09-19T05:42:45.449Z,82388,20000,949900
2026-09-19T05:42:45.449Z,29043,50200,912800
2026-09-19T05:42:45.449Z,20631,26820000,33480000
2026-09-19T05:42:45.449Z,21918,1066,1144
2026-09-19T05:42:45.449Z,40345,13600000,17430000
2026-09-19T05:42:45.449Z,54392,249100000,273000000
2026-09-19T05:42:45.449Z,42695,530.2,645.4
2026-09-19T05:42:45.449Z,5439,4209,13190
2026-09-19T05:42:45.449Z,27102,101000,412900
2026-09-19T05:42:45.449Z,12805,,93.62
2026-09-19T05:42:45.449Z,45595,35870000,37990000
2026-09-19T05:42:45.449Z,42832,409.7,499.2
2026-09-19T05:42:45.449Z,37846,6842,9987
2026-09-19T05:42:45.449Z,3550,388300000,475700000
2026-09-19T05:42:45.449Z,1248,462300,513700
2026-09-19T05:42:45.449Z,14298,3515000,4187000
2026-09-19T05:42:45.449Z,83343,100400,2549000
2026-09-19T05:42:45.449Z,11283,3390,3424
2026-09-19T05:42:45.449Z,23043,1140,1419
2026-09-19T05:42:45.449Z,8103,15140,16900
2026-09-19T05:42:45.449Z,93660,,169300000
2026-09-19T05:42:45.449Z,11267,167800,213800
2026-09-19T05:42:45.449Z,16000,21410,23040
2026-09-19T05:42:45.449Z,20424,25090,27180
2026-09-19T05:42:45.449Z,18797,6329000,8600000
2026-09-19T05:42:45.449Z,44888,1001000,24900000
2026-09-19T05:42:45.449Z,45534,201300000,284900000
2026-09-19T05:42:45.449Z,4349,368600000,399500000
2026-09-19T05:42:45.449Z,11530,31280,33940
2026-09-19T05:42:45.449Z,31029,7324000,9249000
2026-09-19T05:42:45.449Z,37453,7603000,9106000
2026-09-19T05:42:45.449Z,20443,200900000,255000000
2026-09-19T05:42:45.449Z,19549,111500000,121600000
2026-09-19T05:42:45.449Z,86116,4000000,35900000
2026-09-19T05:42:45.449Z,491,63610,187900
2026-09-19T05:42:45.449Z,95408,40000,55000
2026-09-19T05:42:45.449Z,21588,5.04,8.88
2026-09-19T05:42:45.449Z,9678,451500,451600
2026-09-19T05:42:45.449Z,11552,35520,43520
2026-09-19T05:42:45.449Z,52562,7568000,40000000
2026-09-19T05:42:45.449Z,96332,10000000,18990000
2026-09-19T05:42:45.449Z,31662,1750000,4222000
2026-09-19T05:42:45.449Z,11478,630,848.5
2026-09-19T05:42:45.449Z,33934,2010000,12010000
2026-09-19T05:42:45.449Z,54395,425000000,473400000
2026-09-19T05:42:45.449Z,40560,26510000,28780000
2026-09-19T05:42:45.449Z,28780,72760000,84740000
2026-09-19T05:42:45.449Z,15780,8054000,13180000
2026-09-19T05:42:45.449Z,53984,212300,230700
2026-09-19T05:42:45.449Z,213,14.1,14.88
2026-09-19T05:42:45.449Z,14236,55350000,62880000
2026-09-19T05:42:45.449Z,13952,6412000,10990000
2026-09-19T05:42:45.449Z,15601,767700,839000
2026-09-19T05:42:45.449Z,24305,5401000,5852000
2026-09-19T05:42:45.449Z,74153,10050000,22190000
2026-09-19T05:42:45.449Z,3536,270200000,317300000
2026-09-19T05:42:45.449Z,15905,20040000,39050000
2026-09-19T05:42:45.449Z,89156,26300000,39390000
2026-09-19T05:42:45.449Z,90458,1013,80000
2026-09-19T05:42:45.449Z,33513,397000000,444000000
2026-09-19T05:42:45.449Z,23813,22380000,52600000
2026-09-19T05:42:45.449Z,31998,45400,52970
2026-09-19T05:42:45.449Z,31918,14890000,16970000
2026-09-19T05:42:45.449Z,62632,27360000,34180000
2026-09-19T05:42:45.449Z,34575,922700,1038000
2026-09-19T05:42:45.449Z,90501,239400,300000
2026-09-19T05:42:45.449Z,9772,488000,507000
2026-09-19T05:42:45.449Z,12208,1740000,3252000
2026-09-19T05:42:45.449Z,31710,,1890000
2026-09-19T05:42:45.449Z,2534,66260,91980
2026-09-19T05:42:45.449Z,18949,24720000,36890000
2026-09-19T05:42:45.449Z,62528,31,36.88
2026-09-19T05:42:45.449Z,14266,50690000,50910000
2026-09-19T05:42:45.449Z,21342,8,333
2026-09-19T05:42:45.449Z,35,16.53,17.65
2026-09-19T05:42:45.449Z,25898,7530000,7935000
2026-09-19T05:42:45.449Z,3683,435.2,453.3
2026-09-19T05:42:45.449Z,12485,2056000,3216000
2026-09-19T05:42:45.449Z,18907,85030000,101000000
2026-09-19T05:42:45.449Z,18921,62000000,69500000
2026-09-19T05:42:45.449Z,83271,20000,20010
2026-09-19T05:42:45.449Z,46942,10010,4000000
2026-09-19T05:42:45.449Z,1185,10490,14400
2026-09-19T05:42:45.449Z,19264,58010000,69770000
2026-09-19T05:42:45.449Z,18857,16410000,24670000
2026-09-19T05:42:45.449Z,33141,38190000,39980000
2026-09-19T05:42:45.449Z,577,2022,43890
2026-09-19T05:42:45.449Z,3482,539000000,609400000
2026-09-19T05:42:45.449Z,42685,12880000,13690000
2026-09-19T05:42:45.449Z,45663,141500,190700
2026-09-19T05:42:45.449Z,2161,297500,355700
2026-09-19T05:42:45.449Z,2286,3.1,4.53
2026-09-19T05:42:45.449Z,83374,623100,3441000
2026-09-19T05:42:45.449Z,54394,335000000,376200000
2026-09-19T05:42:45.449Z,46943,2204000,13940000
2026-09-19T05:42:45.449Z,12822,179200,204000
2026-09-19T05:42:45.449Z,23093,313500,387800
2026-09-19T05:42:45.449Z,22571,145300000,161900000
2026-09-19T05:42:45.449Z,90609,8049000,9525000
2026-09-19T05:42:45.449Z,33915,562900,649400
2026-09-19T05:42:45.449Z,15675,39330000,42650000
2026-09-19T05:42:45.449Z,53714,902100000,1022000000
2026-09-19T05:42:45.449Z,14150,17460000,27180000
2026-09-19T05:42:45.449Z,3504,1378000,1524000
2026-09-19T05:42:45.449Z,61865,260300,9000000
2026-09-19T05:42:45.449Z,9451,115800,223900
2026-09-19T05:42:45.449Z,84087,77570000,93210000
2026-09-19T05:42:45.449Z,22107,20650000,22510000
2026-09-19T05:42:45.449Z,18750,1001,564900
2026-09-19T05:42:45.449Z,22460,37020000,39300000
2026-09-19T05:42:45.449Z,45633,32680000,35160000
2026-09-19T05:42:45.449Z,6437,5000,8000
2026-09-19T05:42:45.449Z,12365,,264700
2026-09-19T05:42:45.449Z,4393,37300,63920
2026-09-19T05:42:45.449Z,15656,90760,101800
2026-09-19T05:42:45.449Z,46961,1537000,14870000
2026-09-19T05:42:45.449Z,15751,92070000,149900000
2026-09-19T05:42:45.449Z,22977,424.6,611.8
2026-09-19T05:42:45.449Z,44912,130500,24890000
2026-09-19T05:42:45.449Z,25274,61240,64890
2026-09-19T05:42:45.449Z,48437,44000000,46790000
2026-09-19T05:42:45.449Z,41034,42730,69430
2026-09-19T05:42:45.449Z,62555,1941,2223
2026-09-19T05:42:45.449Z,593,300800,413800
2026-09-19T05:42:45.449Z,84086,82750000,126200000
2026-09-19T05:42:45.449Z,18692,40430000,45090000
2026-09-19T05:42:45.449Z,44925,8650000,15470000
2026-09-19T05:42:45.449Z,21320,5.24,12.25
2026-09-19T05:42:45.449Z,15770,38380000,41210000
2026-09-19T05:42:45.449Z,1183,432400,463200
2026-09-19T05:42:45.449Z,81026,7125000,20040000
2026-09-19T05:42:45.449Z,60300,414200,519700
2026-09-19T05:42:45.449Z,46803,14960,14950000
2026-09-19T05:42:45.449Z,85307,804500,4950000
2026-09-19T05:42:45.449Z,30013,5057,7995
2026-09-19T05:42:45.449Z,56070,219000,281500
2026-09-19T05:42:45.449Z,8025,646.1,9499
2026-09-19T05:42:45.449Z,45859,40000000,80100000
2026-09-19T05:42:45.449Z,46712,561900,2900000
2026-09-19T05:42:45.449Z,14234,13340000,15580000
2026-09-19T05:42:45.449Z,21336,4.29,9.3
2026-09-19T05:42:45.449Z,45596,34390000,39000000
2026-09-19T05:42:45.449Z,42694,352.1,452.6
2026-09-19T05:42:45.449Z,14230,36370000,44090000
2026-09-19T05:42:45.449Z,19009,48990000,54980000
2026-09-19T05:42:45.449Z,26442,7529000,7546000
2026-09-19T05:42:45.449Z,26286,55200000,71420000
2026-09-19T05:42:45.449Z,47916,7005000,12990000
2026-09-19T05:42:45.449Z,85645,375000000,496500000
2026-09-19T05:42:45.449Z,47902,9360000,10460000
2026-09-19T05:42:45.449Z,47055,600000,8900000
2026-09-19T05:42:45.449Z,56074,119200,168800
2026-09-19T05:42:45.449Z,17893,504300,543700
2026-09-19T05:42:45.449Z,31119,20160,197900
2026-09-19T05:42:45.449Z,17836,5879000,8574000
2026-09-19T05:42:45.449Z,13945,65620000,72910000
2026-09-19T05:42:45.449Z,4403,1525000,1645000
2026-09-19T05:42:45.449Z,20502,36930000,49910000
2026-09-19T05:42:45.449Z,90136,22100000,79630000
2026-09-19T05:42:45.449Z,62464,1269,1445
2026-09-19T05:42:45.449Z,23811,,71860000
2026-09-19T05:42:45.449Z,84085,25900000,108700000
2026-09-19T05:42:45.449Z,90475,44350000,50980000
2026-09-19T05:42:45.449Z,90523,14400000,14980000
2026-09-19T05:42:45.449Z,20413,94020,101100
2026-09-19T05:42:45.449Z,11184,13040000,14160000
2026-09-19T05:42:45.449Z,89607,1071000000,1939000000
2026-09-19T05:42:45.449Z,95397,520100,2390000
2026-09-19T05:42:45.449Z,47700,87470000,117000000
2026-09-19T05:42:45.449Z,11311,107000,300000
2026-09-19T05:42:45.449Z,47815,334300,984400
2026-09-19T05:42:45.449Z,91921,1717000,3859000
2026-09-19T05:42:45.449Z,14170,66930000,73000000
2026-09-19T05:42:45.449Z,37294,161100000,182100000
2026-09-19T05:42:45.449Z,46000,36870000,38350000
2026-09-19T05:42:45.449Z,34483,78650000,86000000
2026-09-19T05:42:45.449Z,46914,1975000,14980000
2026-09-19T05:42:45.449Z,6160,2501,6481
2026-09-19T05:42:45.449Z,4306,55270000,69990000
2026-09-19T05:42:45.449Z,11481,425.8,539
2026-09-19T05:42:45.449Z,30021,598.1,711.5
2026-09-19T05:42:45.449Z,27483,1307,1684
2026-09-19T05:42:45.449Z,32344,16020000,17040000
2026-09-19T05:42:45.449Z,21340,,836.3
2026-09-19T05:42:45.449Z,33828,2606000,5994000
2026-09-19T05:42:45.449Z,28606,999900000,1183000000
2026-09-19T05:42:45.449Z,23702,5000,34000
2026-09-19T05:42:45.449Z,23713,8056,30060
2026-09-19T05:42:45.449Z,60468,1510000,1939000
2026-09-19T05:42:45.449Z,24688,130000000,140800000
2026-09-19T05:42:45.449Z,33157,105400000,112400000
2026-09-19T05:42:45.449Z,30372,7900,7998
2026-09-19T05:42:45.449Z,87803,9815000,35770000
2026-09-19T05:42:45.449Z,88584,1000,96990
2026-09-19T05:42:45.449Z,2354,75150,84850
2026-09-19T05:42:45.449Z,35794,11480,18780
2026-09-19T05:42:45.449Z,2516,4.7,11
2026-09-19T05:42:45.449Z,13988,1158000,7143000
2026-09-19T05:42:45.449Z,14238,99520000,107600000
2026-09-19T05:42:45.449Z,37628,189400000,342100000
2026-09-19T05:42:45.449Z,31334,0.01,130000
2026-09-19T05:42:45.449Z,29011,12010,12830
2026-09-19T05:42:45.449Z,2508,290,310
2026-09-19T05:42:45.449Z,54733,1035000000,1127000000
2026-09-19T05:42:45.449Z,85536,1444000,17010000
2026-09-19T05:42:45.449Z,56617,5165000,10240000
2026-09-19T05:42:45.449Z,9943,7321000,8175000
2026-09-19T05:42:45.449Z,11269,686200,741300
2026-09-19T05:42:45.449Z,215,4.3,4.31
2026-09-19T05:42:45.449Z,28646,6290000,6849000
2026-09-19T05:42:45.449Z,16240,894900,948900
2026-09-19T05:42:45.449Z,79718,13000,1996000
2026-09-19T05:42:45.449Z,19283,9782000,10590000
2026-09-19T05:42:45.449Z,24511,442,492.2
2026-09-19T05:42:45.449Z,28674,2330000,2636000
2026-09-19T05:42:45.449Z,31031,55530000,345800000
2026-09-19T05:42:45.449Z,25736,4132000,6548000
2026-09-19T05:42:45.449Z,40567,2009000,29450000
2026-09-19T05:42:45.449Z,47928,641.9,718
2026-09-19T05:42:45.449Z,11547,88510,110800
2026-09-19T05:42:45.449Z,21896,668.3,763
2026-09-19T05:42:45.449Z,90490,41810,290000
2026-09-19T05:42:45.449Z,2953,3087000,4285000
2026-09-19T05:42:45.449Z,13249,15250000,16700000
2026-09-19T05:42:45.449Z,20703,77620000,89420000
2026-09-19T05:42:45.449Z,47894,1700000,1910000
2026-09-19T05:42:45.449Z,25608,336400,354700
2026-09-19T05:42:45.449Z,62562,5567,6290
2026-09-19T05:42:45.449Z,48438,221900000,241700000
2026-09-19T05:42:45.449Z,17722,253100000,273800000
2026-09-19T05:42:45.449Z,14178,25230000,27980000
2026-09-19T05:42:45.449Z,52312,511200,605000
2026-09-19T05:42:45.449Z,14280,630600,630700
2026-09-19T05:42:45.449Z,28665,900600000,948500000
2026-09-19T05:42:45.449Z,31408,1370000,1729000
2026-09-19T05:42:45.449Z,34203,679100,725000
2026-09-19T05:42:45.449Z,53712,423900000,458400000
2026-09-19T05:42:45.449Z,30305,10750,11400
2026-09-19T05:42:45.449Z,29005,11910,19610
2026-09-19T05:42:45.449Z,45828,528600,3927000
2026-09-19T05:42:45.449Z,18945,212200000,244100000
2026-09-19T05:42:45.449Z,21493,2414000,21960000
2026-09-19T05:42:45.449Z,2317,9040,9276
2026-09-19T05:42:45.449Z,18863,40870000,45730000
2026-09-19T05:42:45.449Z,11451,157900,1100000
2026-09-19T05:42:45.449Z,47771,6715000,9945000
2026-09-19T05:42:45.449Z,47767,1511000,2277000
2026-09-19T05:42:45.449Z,3084,552100000,602200000
2026-09-19T05:42:45.449Z,46224,702100,5000000
2026-09-19T05:42:45.449Z,12221,1376000,1586000
2026-09-19T05:42:45.449Z,656,2082000,2331000
2026-09-19T05:42:45.449Z,3566,2143,6998
2026-09-19T05:42:45.449Z,6003,4000,7436
2026-09-19T05:42:45.449Z,49728,5232000,5474000
2026-09-19T05:42:45.449Z,26414,65000000,71420000
2026-09-19T05:42:45.449Z,47776,1069000,1385000
2026-09-19T05:42:45.449Z,52847,500100,1336000
2026-09-19T05:42:45.449Z,19057,47330000,59480000
2026-09-19T05:42:45.449Z,19211,104000,104100
2026-09-19T05:42:45.449Z,16643,5900,6260
2026-09-19T05:42:45.449Z,584,300000,398900
2026-09-19T05:42:45.449Z,591,215500,245300
2026-09-19T05:42:45.449Z,14029,50100,120000
2026-09-19T05:42:45.449Z,85447,11290000,21000000
2026-09-19T05:42:45.449Z,605,388200,400000
2026-09-19T05:42:45.449Z,7831,309900,345000
2026-09-19T05:42:45.449Z,81066,7220,7682
2026-09-19T05:42:45.449Z,19276,1679000,3859000
2026-09-19T05:42:45.449Z,2390,540.3,581.4
2026-09-19T05:42:45.449Z,3109,0.01,2000000
2026-09-19T05:42:45.449Z,2351,77000,81890
2026-09-19T05:42:45.449Z,18807,4075000,7999000
2026-09-19T05:42:45.449Z,72904,7212000,8495000
2026-09-19T05:42:45.449Z,21724,25030,720000
2026-09-19T05:42:45.449Z,32245,50790000,181100000
2026-09-19T05:42:45.449Z,34286,1782000,2243000
2026-09-19T05:42:45.449Z,22548,187200000,206600000
2026-09-19T05:42:45.449Z,15465,22520000,26330000
2026-09-19T05:42:45.449Z,6325,2048,10690
2026-09-19T05:42:45.449Z,9842,11820,12900
2026-09-19T05:42:45.449Z,5399,2040,12740
2026-09-19T05:42:45.449Z,21400,7.48,197.9
2026-09-19T05:42:45.449Z,9622,18020,27980
2026-09-19T05:42:45.449Z,31071,14550000,17050000
2026-09-19T05:42:45.449Z,32254,275000000,305200000
2026-09-19T05:42:45.449Z,8759,759600,2692000
2026-09-19T05:42:45.449Z,93906,1004000000,1202000000
2026-09-19T05:42:45.449Z,7003,24500,79990
2026-09-19T05:42:45.449Z,21075,4861,4862
2026-09-19T05:42:45.449Z,18811,1084000,2382000
2026-09-19T05:42:45.449Z,377,3967,9940
2026-09-19T05:42:45.449Z,63244,36640,1727000
2026-09-19T05:42:45.449Z,30019,883.2,994.7
2026-09-19T05:42:45.449Z,85513,1839000,9380000
2026-09-19T05:42:45.449Z,23033,544.6,1174
2026-09-19T05:42:45.449Z,18855,,7999000
2026-09-19T05:42:45.449Z,75268,1450000000,2249000000
2026-09-19T05:42:45.449Z,94032,93930000,155900000
2026-09-19T05:42:45.449Z,4254,715600,843200
2026-09-19T05:42:45.449Z,3095,549000000,593200000
2026-09-19T05:42:45.449Z,83266,1000,28000
2026-09-19T05:42:45.449Z,47906,7490000,8443000
2026-09-19T05:42:45.449Z,21412,2217,7300
2026-09-19T05:42:45.449Z,19237,719700,989900
2026-09-19T05:42:45.449Z,14098,247600,515000
2026-09-19T05:42:45.449Z,73366,750000,2991000
2026-09-19T05:42:45.449Z,46004,142600,154600
2026-09-19T05:42:45.449Z,30474,46430,174000
2026-09-19T05:42:45.449Z,13785,47480000,68000000
2026-09-19T05:42:45.449Z,32342,14520000,17290000
2026-09-19T05:42:45.449Z,23003,451.6,1275
2026-09-19T05:42:45.449Z,81945,200500,1396000
2026-09-19T05:42:45.449Z,23707,4356,6682
2026-09-19T05:42:45.449Z,47917,23490000,30510000
2026-09-19T05:42:45.449Z,49736,2087000,3939000
2026-09-19T05:42:45.449Z,19207,143400000,158600000
2026-09-19T05:42:45.449Z,21725,2013000,2752000
2026-09-19T05:42:45.449Z,60751,10000,469400
2026-09-19T05:42:45.449Z,46872,751500,7794000
2026-09-19T05:42:45.449Z,14228,6122000,12560000
2026-09-19T05:42:45.449Z,234,41,63.98
2026-09-19T05:42:45.449Z,31556,0.02,3673000
2026-09-19T05:42:45.449Z,47787,4007000,4188000
2026-09-19T05:42:45.449Z,47875,93660000,109700000
2026-09-19T05:42:45.449Z,3901,82910,24990000
2026-09-19T05:42:45.449Z,19115,47350000,59980000
2026-09-19T05:42:45.449Z,92038,1303000,2155000
2026-09-19T05:42:45.449Z,48172,41000000,159800000
2026-09-19T05:42:45.449Z,81951,875200000,1010000000
2026-09-19T05:42:45.449Z,53307,8604000,78480000
2026-09-19T05:42:45.449Z,2254,52110,91970
2026-09-19T05:42:45.449Z,27519,889,1387
2026-09-19T05:42:45.449Z,18799,48810000,53980000
2026-09-19T05:42:45.449Z,25715,961600,1108000
2026-09-19T05:42:45.449Z,47741,12830000,13980000
2026-09-19T05:42:45.449Z,40349,40560000,49650000
2026-09-19T05:42:45.449Z,22919,14430000,38650000
2026-09-19T05:42:45.449Z,47929,626.9,799
2026-09-19T05:42:45.449Z,91138,1837000,4067000
2026-09-19T05:42:45.449Z,45660,8801,10480
2026-09-19T05:42:45.449Z,16681,3685,3795
2026-09-19T05:42:45.449Z,81349,24,33.96
2026-09-19T05:42:45.449Z,16399,55000,74760
2026-09-19T05:42:45.449Z,31496,130000,1308000
2026-09-19T05:42:45.449Z,52252,642600000,709000000
2026-09-19T05:42:45.449Z,31392,38100,53430000
2026-09-19T05:42:45.449Z,15813,36070000,45460000
2026-09-19T05:42:45.449Z,645,139700000,149400000
2026-09-19T05:42:45.449Z,31792,27930000,31500000
2026-09-19T05:42:45.449Z,56075,223600,509400
2026-09-19T05:42:45.449Z,22953,17310000,30000000
2026-09-19T05:42:45.449Z,28695,46000,55890
2026-09-19T05:42:45.449Z,21388,6.01,56.02
2026-09-19T05:42:45.449Z,19287,2721000,2980000
2026-09-19T05:42:45.449Z,19359,140500000,153600000
2026-09-19T05:42:45.449Z,34207,3527000,3725000
2026-09-19T05:42:45.449Z,3958,25150000,349900000
2026-09-19T05:42:45.449Z,19038,248500000,279800000
2026-09-19T05:42:45.449Z,47925,364.1,390.8
2026-09-19T05:42:45.449Z,3488,612700,732400
2026-09-19T05:42:45.449Z,20159,192400000,204700000
2026-09-19T05:42:45.449Z,22112,221900000,232000000
2026-09-19T05:42:45.449Z,34284,967900,1645000
2026-09-19T05:42:45.449Z,31390,3031000,5010000
2026-09-19T05:42:45.449Z,7703,58810,111000
2026-09-19T05:42:45.449Z,3209,82690000,116100000
2026-09-19T05:42:45.449Z,30309,33090,35320
2026-09-19T05:42:45.449Z,31822,,4678000
2026-09-19T05:42:45.449Z,7131,448000,440000
2026-09-19T05:42:45.449Z,20353,2630000,3210000
2026-09-19T05:42:45.449Z,18690,130600000,164900000
2026-09-19T05:42:45.449Z,12771,54.44,147.2
2026-09-19T05:42:45.449Z,25887,90030,97140
2026-09-19T05:42:45.449Z,3025,1716000,1888000
2026-09-19T05:42:45.449Z,52240,406000000,485000000
2026-09-19T05:42:45.449Z,40566,21910000,25170000
2026-09-19T05:42:45.449Z,11467,80.11,592
2026-09-19T05:42:45.449Z,13262,428100,800000
2026-09-19T05:42:45.449Z,52254,408000000,467500000
2026-09-19T05:42:45.449Z,30307,16120,16360
2026-09-19T05:42:45.449Z,2188,5213,22400
2026-09-19T05:42:45.449Z,37626,88120000,119300000
2026-09-19T05:42:45.449Z,19285,1801000,2440000
2026-09-19T05:42:45.449Z,35963,8604000,15310000
2026-09-19T05:42:45.449Z,19023,75150000,82600000
2026-09-19T05:42:45.449Z,18708,199000000,216200000
2026-09-19T05:42:45.449Z,47819,5242000,7813000
2026-09-19T05:42:45.449Z,30306,10860,11330
2026-09-19T05:42:45.449Z,15508,5049,32950
2026-09-19T05:42:45.449Z,21081,3301,108700
2026-09-19T05:42:45.449Z,16637,1087,1239
2026-09-19T05:42:45.449Z,41196,52600000,58500000
2026-09-19T05:42:45.449Z,17196,1209,7930
2026-09-19T05:42:45.449Z,72811,107700000,116100000
2026-09-19T05:42:45.449Z,53301,5438,11840
2026-09-19T05:42:45.449Z,30304,7967,8278
2026-09-19T05:42:45.449Z,92034,5238000,6349000
2026-09-19T05:42:45.449Z,92033,6516000,7495000
2026-09-19T05:42:45.449Z,92036,994400,1683000
2026-09-19T05:42:45.449Z,92040,2008000,2980000
2026-09-19T05:42:45.449Z,92041,1606000,2499000
2026-09-19T05:42:45.449Z,92465,1017000,1375000
2026-09-19T05:42:45.449Z,34412,23050000,29000000
2026-09-19T05:42:45.449Z,47895,15800000,16910000
2026-09-19T05:42:45.449Z,88577,10000,133600
2026-09-19T05:42:45.449Z,25589,596.6,895
2026-09-19T05:42:45.449Z,15458,1600000,2319000
2026-09-19T05:42:45.449Z,20503,285000000,300000000
2026-09-19T05:42:45.449Z,4112,20700000,74130000
2026-09-19T05:42:45.449Z,93363,1000,51990
2026-09-19T05:42:45.449Z,24523,1569,1616
2026-09-19T05:42:45.449Z,183,8.67,8.68
2026-09-19T05:42:45.449Z,54398,99800000,144600000
2026-09-19T05:42:45.449Z,56713,100100,364800
2026-09-19T05:42:45.449Z,91940,52090000,74390000
2026-09-19T05:42:45.449Z,41236,29790000,39810000
2026-09-19T05:42:45.449Z,12015,135300000,143600000
2026-09-19T05:42:45.449Z,27383,121.6,223.3
2026-09-19T05:42:45.449Z,31340,2403000,4791000
2026-09-19T05:42:45.449Z,16067,82260000,106000000
2026-09-19T05:42:45.449Z,24495,60.24,67.96
2026-09-19T05:42:45.449Z,30271,8304,9473
2026-09-19T05:42:45.449Z,18983,28040000,31960000
2026-09-19T05:42:45.449Z,27260,23660000,27390000
2026-09-19T05:42:45.449Z,47332,143600000,214700000
2026-09-19T05:42:45.449Z,211,8.3,12.5
2026-09-19T05:42:45.449Z,16641,5909,6253
2026-09-19T05:42:45.449Z,16636,305.4,323.8
2026-09-19T05:42:45.449Z,32874,837000,931200
2026-09-19T05:42:45.449Z,43762,503100,2498000
2026-09-19T05:42:45.449Z,83217,10000,9443000
2026-09-19T05:42:45.449Z,228,15.07,59.34
2026-09-19T05:42:45.449Z,1306,261000,278500
2026-09-19T05:42:45.449Z,30754,5100000,6000000
2026-09-19T05:42:45.449Z,23149,18220000,21010000
2026-09-19T05:42:45.449Z,47899,9063000,9996000
2026-09-19T05:42:45.449Z,26328,32010000,74520000
2026-09-19T05:42:45.449Z,19265,59330000,67880000
2026-09-19T05:42:45.449Z,90733,342.5,380.6
2026-09-19T05:42:45.449Z,12779,310.6,340.9
2026-09-19T05:42:45.449Z,16008,14780000,16190000
2026-09-19T05:42:45.449Z,574,1720000,1708000
2026-09-19T05:42:45.449Z,20171,88410,92080
2026-09-19T05:42:45.449Z,19398,62560,284100
2026-09-19T05:42:45.449Z,7125,466000,429500
2026-09-19T05:42:45.449Z,7087,420600,492900
2026-09-19T05:42:45.449Z,3775,11980,13330
2026-09-19T05:42:45.449Z,13209,41150000,47850000
2026-09-19T05:42:45.449Z,10888,143800,157600
2026-09-19T05:42:45.449Z,5849,66080,75790
2026-09-19T05:42:45.449Z,1333,109,27530
2026-09-19T05:42:45.449Z,4613,18030,46840
2026-09-19T05:42:45.449Z,239,1592,1593
2026-09-19T05:42:45.449Z,25601,3273,3274
2026-09-19T05:42:45.449Z,4027,43500,56600
2026-09-19T05:42:45.449Z,55540,1058,75000
2026-09-19T05:42:45.449Z,11371,17660000,18430000
2026-09-19T05:42:45.449Z,86264,50510000,68180000
2026-09-19T05:42:45.449Z,45600,31610000,34390000
2026-09-19T05:42:45.449Z,5141,343,7898
2026-09-19T05:42:45.449Z,25603,3248,3249
2026-09-19T05:42:45.449Z,14152,4516000,5760000
2026-09-19T05:42:45.449Z,3779,841.3,874.7
2026-09-19T05:42:45.449Z,41201,216100000,231900000
2026-09-19T05:42:45.449Z,53152,301600,946400
2026-09-19T05:42:45.449Z,22428,746800000,813300000
2026-09-19T05:42:45.449Z,3280,515600,4496000
2026-09-19T05:42:45.449Z,17728,374400000,400800000
2026-09-19T05:42:45.449Z,85781,360000,2299000
2026-09-19T05:42:45.449Z,26016,4504000,6483000
2026-09-19T05:42:45.449Z,19536,40060000,65360000
2026-09-19T05:42:45.449Z,19215,9620000,10670000
2026-09-19T05:42:45.449Z,87506,48680000,110000000
2026-09-19T05:42:45.449Z,2876,1917000,2122000
2026-09-19T05:42:45.449Z,49732,2759000,3200000
2026-09-19T05:42:45.449Z,53906,10000000,176900000
2026-09-19T05:42:45.449Z,19343,,37590000
2026-09-19T05:42:45.449Z,24497,47.02,60.48
2026-09-19T05:42:45.449Z,41197,55160000,72990000
2026-09-19T05:42:45.449Z,21476,69730000,119500000
2026-09-19T05:42:45.449Z,19293,176300000,193600000
2026-09-19T05:42:45.449Z,40570,21550000,26520000
2026-09-19T05:42:45.449Z,60470,1802000,1940000
2026-09-19T05:42:45.449Z,12542,6147000,7096000
2026-09-19T05:42:45.449Z,13992,8327000,10950000
2026-09-19T05:42:45.449Z,1828,330.1,374
2026-09-19T05:42:45.449Z,42838,173.1,473.9
2026-09-19T05:42:45.449Z,31342,5303000,12440000
2026-09-19T05:42:45.449Z,19143,33480000,43890000
2026-09-19T05:42:45.449Z,17217,17050000,19940000
2026-09-19T05:42:45.449Z,12487,686400,1030000
2026-09-19T05:42:45.449Z,37545,5200,6778
2026-09-19T05:42:45.449Z,31532,2381000,3002000
2026-09-19T05:42:45.449Z,18975,128800000,167800000
2026-09-19T05:42:45.449Z,19255,60280000,76500000
2026-09-19T05:42:45.449Z,92456,132900000,167700000
2026-09-19T05:42:45.449Z,15865,16220000,24850000
2026-09-19T05:42:45.449Z,8337,2018,12000
2026-09-19T05:42:45.449Z,2328,6702,6880
2026-09-19T05:42:45.449Z,87235,7002000,18490000
2026-09-19T05:42:45.449Z,33708,1252000,2735000
2026-09-19T05:42:45.449Z,11693,17660,19440
2026-09-19T05:42:45.449Z,3897,2558000,19900000
2026-09-19T05:42:45.449Z,92463,3023000,3265000
2026-09-19T05:42:45.449Z,187,6,15.35
2026-09-19T05:42:45.449Z,11556,31680,36600
2026-09-19T05:42:45.449Z,48590,126000,126100
2026-09-19T05:42:45.449Z,47739,4015000,5665000
2026-09-19T05:42:45.449Z,43894,121900,174700
2026-09-19T05:42:45.449Z,57480,50050000,126800000
2026-09-19T05:42:45.449Z,13974,6461000,8300000
2026-09-19T05:42:45.449Z,13956,86830000,110900000
2026-09-19T05:42:45.449Z,85392,10550,103900
2026-09-19T05:42:45.449Z,19534,13510000,16000000
2026-09-19T05:42:45.449Z,85394,11240,15110
2026-09-19T05:42:45.449Z,31957,36230000,62880000
2026-09-19T05:42:45.449Z,3691,8515,9330
2026-09-19T05:42:45.449Z,22971,205.4,590
2026-09-19T05:42:45.449Z,27070,1205,644000
2026-09-19T05:42:45.449Z,92037,1206000,5492000
2026-09-19T05:42:45.449Z,5445,23010,26900
2026-09-19T05:42:45.449Z,26380,5029000,7518000
2026-09-19T05:42:45.449Z,92467,332300,448600
2026-09-19T05:42:45.449Z,19221,4891000,5586000
2026-09-19T05:42:45.449Z,2032,464300,521300
2026-09-19T05:42:45.449Z,32876,803800,928700
2026-09-19T05:42:45.449Z,15931,115700000,121900000
2026-09-19T05:42:45.449Z,3114,1144000,2480000
2026-09-19T05:42:45.449Z,25614,85000,85930
2026-09-19T05:42:45.449Z,11739,708.1,244900
2026-09-19T05:42:45.449Z,27181,141900000,169600000
2026-09-19T05:42:45.449Z,10840,241200,1106000
2026-09-19T05:42:45.449Z,31019,211100000,290000000
2026-09-19T05:42:45.449Z,16673,47.73,50.8
2026-09-19T05:42:45.449Z,42211,131500000,148100000
2026-09-19T05:42:45.449Z,1855,672500,910000
2026-09-19T05:42:45.449Z,12612,24.16,30
2026-09-19T05:42:45.449Z,9828,731.5,769.9
2026-09-19T05:42:45.449Z,10858,785000,875400
2026-09-19T05:42:45.449Z,26028,2657000,6266000
2026-09-19T05:42:45.449Z,57456,2975,3143
2026-09-19T05:42:45.449Z,201,220,249.2
2026-09-19T05:42:45.449Z,21256,12010,280000
2026-09-19T05:42:45.449Z,3356,62.2,2000
2026-09-19T05:42:45.449Z,18698,389200000,426400000
2026-09-19T05:42:45.449Z,9668,463400,509400
2026-09-19T05:42:45.449Z,83286,1000,87970
2026-09-19T05:42:45.449Z,640,109200000,119600000
2026-09-19T05:42:45.449Z,28288,17400000,19990000
2026-09-19T05:42:45.449Z,94137,40010,58880
2026-09-19T05:42:45.449Z,30374,8017,8500
2026-09-19T05:42:45.449Z,28698,80050,83600
2026-09-19T05:42:45.449Z,16659,822.6,922.6
2026-09-19T05:42:45.449Z,28680,1869000,2099000
2026-09-19T05:42:45.449Z,43552,1675000,1871000
2026-09-19T05:42:45.449Z,56081,73860,248900
2026-09-19T05:42:45.449Z,62588,22000,25990
2026-09-19T05:42:45.449Z,28270,434100,447800
2026-09-19T05:42:45.449Z,17482,2865000,3286000
2026-09-19T05:42:45.449Z,49823,8073000,5178000000
2026-09-19T05:42:45.449Z,14270,49860000,54350000
2026-09-19T05:42:45.449Z,45626,32900000,35750000
2026-09-19T05:42:45.449Z,2525,71010,89000
2026-09-19T05:42:45.449Z,48115,81210000,85100000
2026-09-19T05:42:45.449Z,4200,22200000,84950000
2026-09-19T05:42:45.449Z,2506,360,370
2026-09-19T05:42:45.449Z,19551,134800000,147700000
2026-09-19T05:42:45.449Z,2476,41500,63640
2026-09-19T05:42:45.449Z,252,4462,31800
2026-09-19T05:42:45.449Z,47870,2051,213600
2026-09-19T05:42:45.449Z,5221,923.5,11770
2026-09-19T05:42:45.449Z,48380,28080000,130000000
2026-09-19T05:42:45.449Z,53895,803400000,995000000
2026-09-19T05:42:45.449Z,31812,15350000,16180000
2026-09-19T05:42:45.449Z,54396,619500000,728500000
2026-09-19T05:42:45.449Z,31646,254500,1239000
2026-09-19T05:42:45.449Z,42205,46650000,50520000
2026-09-19T05:42:45.449Z,42782,500600,6000000
2026-09-19T05:42:45.449Z,15602,604600,678500
2026-09-19T05:42:45.449Z,30628,16610000,19960000
2026-09-19T05:42:45.449Z,2456,290800,311600
2026-09-19T05:42:45.449Z,2921,1209000,2315000
2026-09-19T05:42:45.449Z,19939,14140,14150
2026-09-19T05:42:45.449Z,41274,4302,10650
2026-09-19T05:42:45.449Z,56080,185400,248800
2026-09-19T05:42:45.449Z,24690,140200000,153200000
2026-09-19T05:42:45.449Z,57319,28710000,34570000
2026-09-19T05:42:45.449Z,13253,6055,85950
2026-09-19T05:42:45.449Z,47803,890700,1297000
2026-09-19T05:42:45.449Z,19208,230500000,243300000
2026-09-19T05:42:45.449Z,18841,736200,1500000
2026-09-19T05:42:45.449Z,2929,3682000,4047000
2026-09-19T05:42:45.449Z,2312,12300,13460
2026-09-19T05:42:45.449Z,41493,105800000,114500000
2026-09-19T05:42:45.449Z,47814,4813000,6497000
2026-09-19T05:42:45.449Z,47772,1580000,1870000
2026-09-19T05:42:45.449Z,84423,2361000,4372000
2026-09-19T05:42:45.449Z,49724,1889000,1999000
2026-09-19T05:42:45.449Z,90592,805500,1254000
2026-09-19T05:42:45.449Z,33470,254900000,273900000
2026-09-19T05:42:45.449Z,47816,437500,712300
2026-09-19T05:42:45.449Z,21640,775500,842900
2026-09-19T05:42:45.449Z,45613,32570000,35960000
2026-09-19T05:42:45.449Z,33394,252100000,333000000
2026-09-19T05:42:45.449Z,34430,534500,3748000
2026-09-19T05:42:45.449Z,74149,1002000,14940000
2026-09-19T05:42:45.449Z,89615,1753000,2429000
2026-09-19T05:42:45.449Z,30248,4604,4776
2026-09-19T05:42:45.449Z,22961,342.3,447.2
2026-09-19T05:42:45.449Z,3119,552900000,603700000
2026-09-19T05:42:45.449Z,41218,25850000,27830000
2026-09-19T05:42:45.449Z,3140,518200000,607400000
2026-09-19T05:42:45.449Z,14202,8111000,10430000
2026-09-19T05:42:45.449Z,31226,11120,137800
2026-09-19T05:42:45.449Z,83387,40010,1269000
2026-09-19T05:42:45.449Z,13003,1280000,1324000
2026-09-19T05:42:45.449Z,34201,372200,399500
2026-09-19T05:42:45.449Z,11343,6150,14660
2026-09-19T05:42:45.449Z,22135,50950000,90000000
2026-09-19T05:42:45.449Z,85668,270800000,330700000
2026-09-19T05:42:45.449Z,60951,42550000,98000000
2026-09-19T05:42:45.449Z,92965,253000000,349700000
2026-09-19T05:42:45.449Z,2398,375,399
2026-09-19T05:42:45.449Z,79870,32000000,124000000
2026-09-19T05:42:45.449Z,35790,1025000,1147000
2026-09-19T05:42:45.449Z,1822,41,53.89
2026-09-19T05:42:45.449Z,25713,21970,21990
2026-09-19T05:42:45.449Z,25593,4537,4881
2026-09-19T05:42:45.449Z,11496,7502,11790
2026-09-19T05:42:45.449Z,22446,263600000,284400000
2026-09-19T05:42:45.449Z,41332,1255000,1455000
2026-09-19T05:42:45.449Z,34202,1801000,1935000
2026-09-19T05:42:45.449Z,29059,500500,1614000
2026-09-19T05:42:45.449Z,41275,5190,8891
2026-09-19T05:42:45.449Z,16431,39070,39080
2026-09-19T05:42:45.449Z,42766,123100,3597000
2026-09-19T05:42:45.449Z,11198,16540000,17090000
2026-09-19T05:42:45.449Z,62546,667.4,1200
2026-09-19T05:42:45.449Z,41155,11740,14530
2026-09-19T05:42:45.449Z,655,2234000,2568000
2026-09-19T05:42:45.449Z,41491,45770000,57620000
2026-09-19T05:42:45.449Z,40659,35750000,42340000
2026-09-19T05:42:45.449Z,8517,4901000,5379000
2026-09-19T05:42:45.449Z,4395,231500,258700
2026-09-19T05:42:45.449Z,31404,11140000,42870000
2026-09-19T05:42:45.449Z,16236,1161000,1188000
2026-09-19T05:42:45.449Z,47830,24310000,25190000
2026-09-19T05:42:45.449Z,380,180800,228600
2026-09-19T05:42:45.449Z,14007,2701,5166
2026-09-19T05:42:45.449Z,41411,38190000,42550000
2026-09-19T05:42:45.449Z,20425,7000,12490
2026-09-19T05:42:45.449Z,13982,12980000,14580000
2026-09-19T05:42:45.449Z,96327,17400000,22560000
2026-09-19T05:42:45.449Z,90740,435000,1199000
2026-09-19T05:42:45.449Z,56069,7003000,8994000
2026-09-19T05:42:45.449Z,29061,420100,754200
2026-09-19T05:42:45.449Z,92381,809000,1247000
2026-09-19T05:42:45.449Z,90527,6021,69400
2026-09-19T05:42:45.449Z,48114,35170000,37690000
2026-09-19T05:42:45.449Z,13263,12940000,13930000
2026-09-19T05:42:45.449Z,17478,37050000,41230000
2026-09-19T05:42:45.449Z,57464,1179000,1298000
2026-09-19T05:42:45.449Z,31930,28540000,29990000
2026-09-19T05:42:45.449Z,55636,1495000,11520000
2026-09-19T05:42:45.449Z,13922,95940000,118400000
2026-09-19T05:42:45.449Z,2400,432,452.8
2026-09-19T05:42:45.449Z,19289,61000000,68000000
2026-09-19T05:42:45.449Z,18961,68110000,87790000
2026-09-19T05:42:45.449Z,8531,23010,39990
2026-09-19T05:42:45.449Z,19003,51590000,58730000
2026-09-19T05:42:45.449Z,5011,3745,12000
2026-09-19T05:42:45.449Z,57478,45830,47530
2026-09-19T05:42:45.449Z,83269,1010,189900
2026-09-19T05:42:45.449Z,60466,784000,971900
2026-09-19T05:42:45.449Z,60462,300200,394000
2026-09-19T05:42:45.449Z,60461,634500,634600
2026-09-19T05:42:45.449Z,8529,46070,55310
2026-09-19T05:42:45.449Z,27920,1363000,1661000
2026-09-19T05:42:45.449Z,12803,191.4,236.2
2026-09-19T05:42:45.449Z,16423,55250,75310
2026-09-19T05:42:45.449Z,4401,6249000,9977000
2026-09-19T05:42:45.449Z,641,139400000,152200000
2026-09-19T05:42:45.449Z,42749,40060,1000000
2026-09-19T05:42:45.449Z,27167,13810000,21520000
2026-09-19T05:42:45.449Z,92469,1835000,2294000
2026-09-19T05:42:45.449Z,19017,68250000,75770000
2026-09-19T05:42:45.449Z,34306,4596000,5115000
2026-09-19T05:42:45.449Z,13890,1410000,2588000
2026-09-19T05:42:45.449Z,31207,839000,997000
2026-09-19T05:42:45.449Z,47751,18070000,19770000
2026-09-19T05:42:45.449Z,35683,65500000,69340000
2026-09-19T05:42:45.449Z,28286,611400,989700
2026-09-19T05:42:45.449Z,47743,15860000,18030000
2026-09-19T05:42:45.449Z,623,11140000,13520000
2026-09-19T05:42:45.449Z,53857,119600000,184900000
2026-09-19T05:42:45.449Z,52282,781000,7770000
2026-09-19T05:42:45.449Z,48895,441700000,739800000
2026-09-19T05:42:45.449Z,15965,79110000,85730000
2026-09-19T05:42:45.449Z,30187,18070000,20790000
2026-09-19T05:42:45.449Z,11486,327.7,699.5
2026-09-19T05:42:45.449Z,43681,271100000,314500000
2026-09-19T05:42:45.449Z,40358,5107000,7388000
2026-09-19T05:42:45.449Z,4260,820800,1554000
2026-09-19T05:42:45.449Z,80382,5445000,16880000
2026-09-19T05:42:45.449Z,26030,5251000,7806000
2026-09-19T05:42:45.449Z,22430,717000000,735000000
2026-09-19T05:42:45.449Z,4046,1,2900000000
2026-09-19T05:42:45.449Z,15630,71910,94680
2026-09-19T05:42:45.449Z,18973,61680000,70970000
2026-09-19T05:42:45.449Z,56133,70000,75640
2026-09-19T05:42:45.449Z,8089,13560,16700
2026-09-19T05:42:45.449Z,15719,3001000,9786000
2026-09-19T05:42:45.449Z,26020,2527000,6345000
2026-09-19T05:42:45.449Z,238,200,214.1
2026-09-19T05:42:45.449Z,40520,699900000,742000000
2026-09-19T05:42:45.449Z,85929,109300000,253000000
2026-09-19T05:42:45.449Z,4250,2461000,2709000
2026-09-19T05:42:45.449Z,17866,1721,1722
2026-09-19T05:42:45.449Z,33393,380200000,400000000
2026-09-19T05:42:45.449Z,20735,1038,3980
2026-09-19T05:42:45.449Z,26086,5920000,6548000
2026-09-19T05:42:45.449Z,57475,93360000,99440000
2026-09-19T05:42:45.449Z,30022,31530,38490
2026-09-19T05:42:45.449Z,2869,970600,1020000
2026-09-19T05:42:45.449Z,33076,11020,17980
2026-09-19T05:42:45.449Z,26420,65710000,73880000
2026-09-19T05:42:45.449Z,23793,21320000,35750000
2026-09-19T05:42:45.449Z,27115,750100,850200
2026-09-19T05:42:45.449Z,21238,370200,2899000
2026-09-19T05:42:45.449Z,31414,21090000,22300000
2026-09-19T05:42:45.449Z,18873,74410000,82540000
2026-09-19T05:42:45.449Z,28282,396000,457100
2026-09-19T05:42:45.449Z,47499,2509000,23950000
2026-09-19T05:42:45.449Z,26396,33860000,77100000
2026-09-19T05:42:45.449Z,20032,1854000,2355000
2026-09-19T05:42:45.449Z,7169,441100,529800
2026-09-19T05:42:45.449Z,2510,345,369
2026-09-19T05:42:45.449Z,267,198.2,210
2026-09-19T05:42:45.449Z,1830,150.1,186.9
2026-09-19T05:42:45.449Z,233,25,54.78
2026-09-19T05:42:45.449Z,7173,333000,531100
2026-09-19T05:42:45.449Z,27188,23780000,28150000
2026-09-19T05:42:45.449Z,24535,502.7,581.7
2026-09-19T05:42:45.449Z,33561,167600000,189800000
2026-09-19T05:42:45.449Z,5839,1573000,1649000
2026-09-19T05:42:45.449Z,25892,5024000,6247000
2026-09-19T05:42:45.449Z,28294,432800,654500
2026-09-19T05:42:45.449Z,8105,306000,306100
2026-09-19T05:42:45.449Z,7167,515800,539700
2026-09-19T05:42:45.449Z,9800,475600,505800
2026-09-19T05:42:45.449Z,57476,18880000,84840000
2026-09-19T05:42:45.449Z,91133,680000,1348000
2026-09-19T05:42:45.449Z,14065,11850000,11880000
2026-09-19T05:42:45.449Z,20307,52,58
2026-09-19T05:42:45.449Z,11317,244700,342600
2026-09-19T05:42:45.449Z,17841,7110000,8000000
2026-09-19T05:42:45.449Z,62536,177,200
2026-09-19T05:42:45.449Z,14124,22260000,26650000
2026-09-19T05:42:45.449Z,23797,6246000,12990000
2026-09-19T05:42:45.449Z,89695,1206000,3993000
2026-09-19T05:42:45.449Z,31698,0.02,1409000
2026-09-19T05:42:45.449Z,19035,89400000,177700000
2026-09-19T05:42:45.449Z,62516,10.54,11.78
2026-09-19T05:42:45.449Z,3828,9650,10450
2026-09-19T05:42:45.449Z,9327,364800,500000
2026-09-19T05:42:45.449Z,31890,1442000,1609000
2026-09-19T05:42:45.449Z,31051,4586000,4950000
2026-09-19T05:42:45.449Z,43759,43900000,65710000
2026-09-19T05:42:45.449Z,33892,2204000,2892000
2026-09-19T05:42:45.449Z,22177,35000,39780
2026-09-19T05:42:45.449Z,19119,49650000,53990000
2026-09-19T05:42:45.449Z,15864,7150000,10890000
2026-09-19T05:42:45.449Z,4231,40000000,44990000
2026-09-19T05:42:45.449Z,62405,54550,58800
2026-09-19T05:42:45.449Z,10884,132700,155400
2026-09-19T05:42:45.449Z,31922,1614000,1932000
2026-09-19T05:42:45.449Z,8297,1021,22490
2026-09-19T05:42:45.449Z,48436,271600,800000
2026-09-19T05:42:45.449Z,54294,3525,7499
2026-09-19T05:42:45.449Z,2281,1652000,1825000
2026-09-19T05:42:45.449Z,9568,5501,13840
2026-09-19T05:42:45.449Z,602,446600,514800
2026-09-19T05:42:45.449Z,4294,93350000,105300000
2026-09-19T05:42:45.449Z,16265,186400,186500
2026-09-19T05:42:45.449Z,14122,15270000,19430000
2026-09-19T05:42:45.449Z,17177,3300000,6990000
2026-09-19T05:42:45.449Z,17244,480000,789800
2026-09-19T05:42:45.449Z,19361,7500000,12000000
2026-09-19T05:42:45.449Z,42202,20110000,37810000
2026-09-19T05:42:45.449Z,62622,7501000,8207000
2026-09-19T05:42:45.449Z,62517,11.37,12.48
2026-09-19T05:42:45.449Z,52877,600000,15890000
2026-09-19T05:42:45.449Z,27333,550.3,615.1
2026-09-19T05:42:45.449Z,79838,410000000,1199000000
2026-09-19T05:42:45.449Z,622,10270000,11200000
2026-09-19T05:42:45.449Z,33472,824200000,880000000
2026-09-19T05:42:45.449Z,60475,3258000,3820000
2026-09-19T05:42:45.449Z,26026,6234000,7063000
2026-09-19T05:42:45.449Z,33138,794500,1693000
2026-09-19T05:42:45.449Z,89328,15630000,18440000
2026-09-19T05:42:45.449Z,53710,242200000,258400000
2026-09-19T05:42:45.449Z,28754,168000000,181700000
2026-09-19T05:42:45.449Z,24550,395200000,647100000
2026-09-19T05:42:45.449Z,6173,1090,19400
2026-09-19T05:42:45.449Z,18987,20100000,32760000
2026-09-19T05:42:45.449Z,16646,3038,3254
2026-09-19T05:42:45.449Z,4248,5757000,7659000
2026-09-19T05:42:45.449Z,5443,44460,68570
2026-09-19T05:42:45.449Z,47286,1790000000,2397000000
2026-09-19T05:42:45.449Z,16337,4233,5493
2026-09-19T05:42:45.449Z,20160,339800000,385800000
2026-09-19T05:42:45.449Z,19139,15430000,17800000
2026-09-19T05:42:45.449Z,14136,20140000,22880000
2026-09-19T05:42:45.449Z,31380,342700,244800000
2026-09-19T05:42:45.449Z,92819,227.7,231.1
2026-09-19T05:42:45.449Z,37625,56420000,63930000
2026-09-19T05:42:45.449Z,85680,21040000,84970000
2026-09-19T05:42:45.449Z,33281,27010,49670000
2026-09-19T05:42:45.449Z,33826,25770000,30820000
2026-09-19T05:42:45.449Z,2454,3549,4271
2026-09-19T05:42:45.449Z,53704,123000000,126400000
2026-09-19T05:42:45.449Z,16682,6397,6531
2026-09-19T05:42:45.449Z,608,82010,449000
2026-09-19T05:42:45.449Z,19179,146700000,154600000
2026-09-19T05:42:45.449Z,18803,2800000,3965000
2026-09-19T05:42:45.449Z,21386,11,41.01
2026-09-19T05:42:45.449Z,23055,4306000,5510000
2026-09-19T05:42:45.449Z,41463,40000000,57300000
2026-09-19T05:42:45.449Z,10838,40000,123900
2026-09-19T05:42:45.449Z,15994,25100,33900
2026-09-19T05:42:45.449Z,60665,25880,489700
2026-09-19T05:42:45.449Z,499,1611,18880
2026-09-19T05:42:45.449Z,92541,1191000000,1374000000
2026-09-19T05:42:45.449Z,482,656900,657000
2026-09-19T05:42:45.449Z,62524,24.7,29.39
2026-09-19T05:42:45.449Z,6861,30000,30010
2026-09-19T05:42:45.449Z,88670,60010,12000000
2026-09-19T05:42:45.449Z,34393,109000,887800
2026-09-19T05:42:45.449Z,22456,36460000,39980000
2026-09-19T05:42:45.449Z,40662,104700000,113500000
2026-09-19T05:42:45.449Z,15766,31710000,34120000
2026-09-19T05:42:45.449Z,26102,1002000,7355000
2026-09-19T05:42:45.449Z,14246,36340000,38970000
2026-09-19T05:42:45.449Z,9942,7362000,7963000
2026-09-19T05:42:45.449Z,85494,403600,1464000
2026-09-19T05:42:45.449Z,84433,761300,2000000
2026-09-19T05:42:45.449Z,17136,72110,76120
2026-09-19T05:42:45.449Z,33151,116600000,124100000
2026-09-19T05:42:45.449Z,86111,4089000,59500000
2026-09-19T05:42:45.449Z,79725,366700,3566000
2026-09-19T05:42:45.449Z,21390,25.26,280.3
2026-09-19T05:42:45.449Z,25588,2206,2207
2026-09-19T05:42:45.449Z,200,160.1,198.9
2026-09-19T05:42:45.449Z,35949,35080000,37980000
2026-09-19T05:42:45.449Z,31185,3013000,3302000
2026-09-19T05:42:45.449Z,15463,5046000,5339000
2026-09-19T05:42:45.449Z,16650,49050,51900
2026-09-19T05:42:45.449Z,10155,4268000,4779000
2026-09-19T05:42:45.449Z,23562,1080000,19000000
2026-09-19T05:42:45.449Z,90491,8313000,12130000
2026-09-19T05:42:45.449Z,19325,32440000,34400000
2026-09-19T05:42:45.449Z,3143,552900000,619000000
2026-09-19T05:42:45.449Z,34723,4407,616200
2026-09-19T05:42:45.449Z,17832,6033000,9000000
2026-09-19T05:42:45.449Z,54773,33040,39870
2026-09-19T05:42:45.449Z,26058,3063000,5586000
2026-09-19T05:42:45.449Z,23009,1347,1498
2026-09-19T05:42:45.449Z,47792,1719000,2350000
2026-09-19T05:42:45.449Z,23785,50920000,88900000
2026-09-19T05:42:45.449Z,2998,89070000,94890000
2026-09-19T05:42:45.449Z,19171,78630000,105800000
2026-09-19T05:42:45.449Z,79728,104700,11120000
2026-09-19T05:42:45.449Z,90591,4219,15000
2026-09-19T05:42:45.449Z,9834,75440,81900
2026-09-19T05:42:45.449Z,3130,1168000,1284000
2026-09-19T05:42:45.449Z,55575,,7500
2026-09-19T05:42:45.449Z,7783,355400,400500
2026-09-19T05:42:45.449Z,83278,1000,144900
2026-09-19T05:42:45.449Z,626,9848000,11610000
2026-09-19T05:42:45.449Z,7581,15710,138600
2026-09-19T05:42:45.449Z,78819,60360000,397900000
2026-09-19T05:42:45.449Z,17452,155.2,200
2026-09-19T05:42:45.449Z,19019,98280000,116800000
2026-09-19T05:42:45.449Z,92587,100000,180000
2026-09-19T05:42:45.449Z,41055,672500,719400
2026-09-19T05:42:45.449Z,20423,87830,92730
2026-09-19T05:42:45.449Z,8635,387000,412100
2026-09-19T05:42:45.449Z,23137,9951000,13920000
2026-09-19T05:42:45.449Z,20411,93280,101800
2026-09-19T05:42:45.449Z,11319,311300,346500
2026-09-19T05:42:45.449Z,16381,238700,269800
2026-09-19T05:42:45.449Z,19021,213000000,232400000
2026-09-19T05:42:45.449Z,5759,173900,219900
2026-09-19T05:42:45.449Z,41267,99310,111500
2026-09-19T05:42:45.449Z,40555,8364000,11850000
2026-09-19T05:42:45.449Z,9331,356000,310600
2026-09-19T05:42:45.449Z,10880,45410,45420
2026-09-19T05:42:45.449Z,9417,232600,428100
2026-09-19T05:42:45.449Z,27381,709.5,748
2026-09-19T05:42:45.449Z,3466,29060,56000
2026-09-19T05:42:45.449Z,26038,255700,2000000
2026-09-19T05:42:45.449Z,91285,33890000,46780000
2026-09-19T05:42:45.449Z,41565,50240000,71860000
2026-09-19T05:42:45.449Z,31312,326600,1561000
2026-09-19T05:42:45.449Z,16373,285500,285800
2026-09-19T05:42:45.449Z,31294,152300,5083000
2026-09-19T05:42:45.449Z,4258,957000,1050000
2026-09-19T05:42:45.449Z,62586,20650,24790
2026-09-19T05:42:45.449Z,16648,7736,7748
2026-09-19T05:42:45.449Z,31640,9810000,16910000
2026-09-19T05:42:45.449Z,31748,1738000,2386000
2026-09-19T05:42:45.449Z,35925,50450000,50460000
2026-09-19T05:42:45.449Z,91947,1982000,2999000
2026-09-19T05:42:45.449Z,11692,16660,21660
2026-09-19T05:42:45.449Z,49710,25210000,27000000
2026-09-19T05:42:45.449Z,90608,160000000,207800000
2026-09-19T05:42:45.449Z,17487,20050000,23050000
2026-09-19T05:42:45.449Z,47786,134500,199000
2026-09-19T05:42:45.449Z,33520,2055000,2334000
2026-09-19T05:42:45.449Z,13832,9268000,16890000
2026-09-19T05:42:45.449Z,11482,531,609
2026-09-19T05:42:45.449Z,11483,494.1,647
2026-09-19T05:42:45.449Z,28278,268500,349400
2026-09-19T05:42:45.449Z,3198,520800000,598100000
2026-09-19T05:42:45.449Z,85673,425000000,526800000
2026-09-19T05:42:45.449Z,7089,319100,346500
2026-09-19T05:42:45.449Z,94009,1511000000,1823000000
2026-09-19T05:42:45.449Z,29336,34310000,35480000
2026-09-19T05:42:45.449Z,91964,1566000,2495000
2026-09-19T05:42:45.449Z,19209,50000,159800
2026-09-19T05:42:45.449Z,42164,0.01,899000000
2026-09-19T05:42:45.449Z,12271,4063000,4370000
2026-09-19T05:42:45.449Z,14084,164000,342100
2026-09-19T05:42:45.449Z,47138,8709000,11980000
2026-09-19T05:42:45.449Z,3178,543900,598000
2026-09-19T05:42:45.449Z,30270,8731,9589
2026-09-19T05:42:45.449Z,13924,80080000,86680000
2026-09-19T05:42:45.449Z,75282,240.6,388.5
2026-09-19T05:42:45.449Z,95275,605600000,847500000
2026-09-19T05:42:45.449Z,10998,12950,21740
2026-09-19T05:42:45.449Z,22436,725800000,762100000
2026-09-19T05:42:45.449Z,28300,12510000,13190000
2026-09-19T05:42:45.449Z,33101,1304000,1486000
2026-09-19T05:42:45.449Z,19105,33070000,37930000
2026-09-19T05:42:45.449Z,15747,15980000,21840000
2026-09-19T05:42:45.449Z,15879,5869000,8380000
2026-09-19T05:42:45.449Z,28700,81620,82870
2026-09-19T05:42:45.449Z,31001,4624000,36340000
2026-09-19T05:42:45.449Z,2175,791500,868100
2026-09-19T05:42:45.449Z,28678,1950000,2218000
2026-09-19T05:42:45.449Z,2346,78130,86970
2026-09-19T05:42:45.449Z,56639,3600,39990
2026-09-19T05:42:45.449Z,47975,47650,49900
2026-09-19T05:42:45.449Z,93912,808400000,1010000000
2026-09-19T05:42:45.449Z,54732,396600000,499600000
2026-09-19T05:42:45.449Z,27331,19.22,29.95
2026-09-19T05:42:45.449Z,15599,50410,75000
2026-09-19T05:42:45.449Z,19203,120700000,131900000
2026-09-19T05:42:45.449Z,54292,20160,31380
2026-09-19T05:42:45.449Z,2871,1472000,1510000
2026-09-19T05:42:45.449Z,94065,150000000,199900000
2026-09-19T05:42:45.449Z,47272,15930000,18600000
2026-09-19T05:42:45.449Z,17918,714300000,766500000
2026-09-19T05:42:45.449Z,12541,2500,168700
2026-09-19T05:42:45.449Z,26914,2010000,2266000
2026-09-19T05:42:45.449Z,53299,179800000,220800000
2026-09-19T05:42:45.449Z,8748,8114,14870
2026-09-19T05:42:45.449Z,19339,80090000,88860000
2026-09-19T05:42:45.449Z,564,27000,38890
2026-09-19T05:42:45.449Z,17219,504,4500
2026-09-19T05:42:45.449Z,31814,23080000,445600000
2026-09-19T05:42:45.449Z,50004,4000000,1556000000
2026-09-19T05:42:45.449Z,81069,421,76610
2026-09-19T05:42:45.449Z,11549,95820,104900
2026-09-19T05:42:45.449Z,196,36,56.8
2026-09-19T05:42:45.449Z,20125,145000000,147500000
2026-09-19T05:42:45.449Z,13261,15100000,17120000
2026-09-19T05:42:45.449Z,25266,2187000,2587000
2026-09-19T05:42:45.449Z,47256,111,4196
2026-09-19T05:42:45.449Z,28697,101100,107900
2026-09-19T05:42:45.449Z,21338,5.12,23.13
2026-09-19T05:42:45.449Z,18881,874600000,968000000
2026-09-19T05:42:45.449Z,24395,211600,416300
2026-09-19T05:42:45.449Z,56076,783800,1192000
2026-09-19T05:42:45.449Z,2108,38420,80000
2026-09-19T05:42:45.449Z,632,6197000,9287000
2026-09-19T05:42:45.449Z,78333,86050000,93230000
2026-09-19T05:42:45.449Z,631,7110000,7895000
2026-09-19T05:42:45.449Z,31167,0.01,12850000
2026-09-19T05:42:45.449Z,47931,1224,1478
2026-09-19T05:42:45.449Z,54970,9294,15320
2026-09-19T05:42:45.449Z,60281,201000,221000
2026-09-19T05:42:45.449Z,33153,116500000,131200000
2026-09-19T05:42:45.449Z,12210,393300,696900
2026-09-19T05:42:45.449Z,93840,95850000,138000000
2026-09-19T05:42:45.449Z,7619,218300,844000
2026-09-19T05:42:45.449Z,40556,9377000,11500000
2026-09-19T05:42:45.449Z,21086,390200,743500
2026-09-19T05:42:45.449Z,19540,88850000,109500000
2026-09-19T05:42:45.449Z,19696,110100000,121800000
2026-09-19T05:42:45.449Z,21084,10000,49000
2026-09-19T05:42:45.449Z,60766,60740000,70900000
2026-09-19T05:42:45.449Z,62399,4302,4849
2026-09-19T05:42:45.449Z,27103,32100,80000
2026-09-19T05:42:45.449Z,6961,50200,65790
2026-09-19T05:42:45.449Z,34264,2404000,2713000
2026-09-19T05:42:45.449Z,48432,69520,130000
2026-09-19T05:42:45.449Z,36913,310400,14990000
2026-09-19T05:42:45.449Z,31872,900500,1000000
2026-09-19T05:42:45.449Z,9941,5525000,8234000
2026-09-19T05:42:45.449Z,82316,106.8,136.9
2026-09-19T05:42:45.449Z,46281,1088,2091
2026-09-19T05:42:45.449Z,27080,102600,724700
2026-09-19T05:42:45.449Z,3826,350,1500
2026-09-19T05:42:45.449Z,91920,1526000,3694000
2026-09-19T05:42:45.449Z,84170,265000,500000
2026-09-19T05:42:45.449Z,11370,1731000,1952000
2026-09-19T05:42:45.449Z,37630,257000000,379200000
2026-09-19T05:42:45.449Z,37296,160000000,198900000
2026-09-19T05:42:45.449Z,62552,2025,2276
2026-09-19T05:42:45.449Z,7537,1660,11500
2026-09-19T05:42:45.449Z,26324,52050,54810000
2026-09-19T05:42:45.449Z,20539,72120000,92740000
2026-09-19T05:42:45.449Z,17181,2359000,5183000
2026-09-19T05:42:45.449Z,12729,99000000,105600000
2026-09-19T05:42:45.449Z,33332,1168,12990
2026-09-19T05:42:45.449Z,9293,150000,234900
2026-09-19T05:42:45.449Z,32039,2326000,13780000
2026-09-19T05:42:45.449Z,13941,117800000,128900000
2026-09-19T05:42:45.449Z,19204,168400000,188100000
2026-09-19T05:42:45.449Z,85552,611400000,1100000000
2026-09-19T05:42:45.449Z,57125,309200000,387900000
2026-09-19T05:42:45.449Z,32047,15860000,16090000
2026-09-19T05:42:45.449Z,20158,108600000,114900000
2026-09-19T05:42:45.449Z,44260,534.9,980
2026-09-19T05:42:45.449Z,62400,8874,9999
2026-09-19T05:42:45.449Z,45632,32810000,36160000
2026-09-19T05:42:45.449Z,20531,100300000,159800000
2026-09-19T05:42:45.449Z,32063,2510000,11790000
2026-09-19T05:42:45.449Z,33985,69150000,81320000
2026-09-19T05:42:45.449Z,48121,95000,95810
2026-09-19T05:42:45.449Z,23854,1197000,4297000
2026-09-19T05:42:45.449Z,11957,125700000,134000000
2026-09-19T05:42:45.449Z,34278,3322000,4744000
2026-09-19T05:42:45.449Z,17208,500,6501
2026-09-19T05:42:45.449Z,10164,356700,357000
2026-09-19T05:42:45.449Z,41456,302400000,349300000
2026-09-19T05:42:45.449Z,16537,12370000,14300000
2026-09-19T05:42:45.449Z,74525,,309
2026-09-19T05:42:45.449Z,12614,35,39
2026-09-19T05:42:45.449Z,47791,18350000,21630000
2026-09-19T05:42:45.449Z,17922,214400000,231800000
2026-09-19T05:42:45.449Z,32045,2402000,3965000
2026-09-19T05:42:45.449Z,47448,320600000,368300000
2026-09-19T05:42:45.449Z,12743,81520000,95780000
2026-09-19T05:42:45.449Z,5301,8880,18460
2026-09-19T05:42:45.449Z,33700,26780000,30190000
2026-09-19T05:42:45.449Z,75279,261.7,309.7
2026-09-19T05:42:45.449Z,18951,53620000,73310000
2026-09-19T05:42:45.449Z,34496,3043000,3990000
2026-09-19T05:42:45.449Z,17938,18080,19000
2026-09-19T05:42:45.449Z,32061,1001000,4503000
2026-09-19T05:42:45.449Z,47893,180000,190000
2026-09-19T05:42:45.449Z,3725,9887,11230
2026-09-19T05:42:45.449Z,18766,7019000,8093000
2026-09-19T05:42:45.449Z,57123,180000000,211900000
2026-09-19T05:42:45.449Z,14120,89250000,95360000
2026-09-19T05:42:45.449Z,31726,24380000,30990000
2026-09-19T05:42:45.449Z,33820,892500000,918800000
2026-09-19T05:42:45.449Z,43700,2153000,2445000
2026-09-19T05:42:45.449Z,20951,7.01,97.02
2026-09-19T05:42:45.449Z,87562,221900000,240000000
2026-09-19T05:42:45.449Z,32246,35350000,39000000
2026-09-19T05:42:45.449Z,11577,3266000,3545000
2026-09-19T05:42:45.449Z,49741,57580000,61410000
2026-09-19T05:42:45.449Z,7583,10240,77740
2026-09-19T05:42:45.449Z,45804,512700,3837000
2026-09-19T05:42:45.449Z,21394,321,3022
2026-09-19T05:42:45.449Z,20417,85240,96430
2026-09-19T05:42:45.449Z,20415,85720,90000
2026-09-19T05:42:45.449Z,45618,33110000,35770000
2026-09-19T05:42:45.449Z,91849,14510000,17690000
2026-09-19T05:42:45.449Z,11961,134800000,143400000
2026-09-19T05:42:45.449Z,20945,5.79,17.8
2026-09-19T05:42:45.449Z,35826,3900000000,4293000000
2026-09-19T05:42:45.449Z,8117,20550,22550
2026-09-19T05:42:45.449Z,56935,0.01,1100000000
2026-09-19T05:42:45.449Z,2173,25350,29200
2026-09-19T05:42:45.449Z,3705,59.05,59.06
2026-09-19T05:42:45.449Z,60920,417100,4330000
2026-09-19T05:42:45.449Z,3146,1721000,1848000
2026-09-19T05:42:45.449Z,33967,3578000,26570000
2026-09-19T05:42:45.449Z,31584,83140000,299500000
2026-09-19T05:42:45.449Z,56136,10550,18560
2026-09-19T05:42:45.449Z,47914,18050000,19790000
2026-09-19T05:42:45.449Z,60301,1096000,1144000
2026-09-19T05:42:45.449Z,29340,35640000,36600000
2026-09-19T05:42:45.449Z,18764,6579000,8388000
2026-09-19T05:42:45.449Z,47775,6355000,8085000
2026-09-19T05:42:45.449Z,31059,11060000,12050000
2026-09-19T05:42:45.449Z,30747,4648000,4823000
2026-09-19T05:42:45.449Z,26374,47650000,53350000
2026-09-19T05:42:45.449Z,42908,387700,5393000
2026-09-19T05:42:45.449Z,57735,803000,6596000
2026-09-19T05:42:45.449Z,41311,171.1,6988
2026-09-19T05:42:45.449Z,3475,539000000,614800000
2026-09-19T05:42:45.449Z,47028,37410000,41970000
2026-09-19T05:42:45.449Z,81143,2041,2187
2026-09-19T05:42:45.449Z,29039,843100,1411000
2026-09-19T05:42:45.449Z,20509,1319000000,1495000000
2026-09-19T05:42:45.449Z,85696,995000000,1430000000
2026-09-19T05:42:45.449Z,31796,16640000,17030000
2026-09-19T05:42:45.449Z,15881,22380000,28220000
2026-09-19T05:42:45.449Z,16068,55100000,61240000
2026-09-19T05:42:45.449Z,47270,62250000,67370000
2026-09-19T05:42:45.449Z,33453,22220000,25300000
2026-09-19T05:42:45.449Z,45933,55000,1386000
2026-09-19T05:42:45.449Z,42756,308.1,9198000
2026-09-19T05:42:45.449Z,64410,52070000,488300000
2026-09-19T05:42:45.449Z,90466,3200,15000
2026-09-19T05:42:45.449Z,33900,46090000,47680000
2026-09-19T05:42:45.449Z,33336,17100,18640
2026-09-19T05:42:45.449Z,62398,7611,8855
2026-09-19T05:42:45.449Z,46325,359000000,390000000
2026-09-19T05:42:45.449Z,18903,52010000,61100000
2026-09-19T05:42:45.449Z,91134,80010,164800
2026-09-19T05:42:45.449Z,33697,13140000,13920000
2026-09-19T05:42:45.449Z,633,7704000,8848000
2026-09-19T05:42:45.449Z,17932,54160000,59100000
2026-09-19T05:42:45.449Z,585,316800,489400
2026-09-19T05:42:45.449Z,11377,14430000,15010000
2026-09-19T05:42:45.449Z,28808,64230000,78900000
2026-09-19T05:42:45.449Z,62556,3511,4259
2026-09-19T05:42:45.449Z,31416,55150000,569900000
2026-09-19T05:42:45.449Z,22137,409600000,435400000
2026-09-19T05:42:45.449Z,20955,1256,17250
2026-09-19T05:42:45.449Z,33563,123600000,140700000
2026-09-19T05:42:45.449Z,82184,4847000,10000000
2026-09-19T05:42:45.449Z,33400,6853000,7678000
2026-09-19T05:42:45.449Z,11237,53000,171700
2026-09-19T05:42:45.449Z,1422,341300,410300
2026-09-19T05:42:45.449Z,31582,2247000,11980000
2026-09-19T05:42:45.449Z,88614,20000,84980
2026-09-19T05:42:45.449Z,25600,40940,40970
2026-09-19T05:42:45.449Z,15784,50000000,63920000
2026-09-19T05:42:45.449Z,18706,107000000,119000000
2026-09-19T05:42:45.449Z,19197,536300000,595600000
2026-09-19T05:42:45.449Z,18981,17920000,24850000
2026-09-19T05:42:45.449Z,18779,65760000,99990000
2026-09-19T05:42:45.449Z,13954,42110000,52000000
2026-09-19T05:42:45.449Z,31508,10.01,3644000
2026-09-19T05:42:45.449Z,19109,15040000,18810000
2026-09-19T05:42:45.449Z,94158,500400,2368000
2026-09-19T05:42:45.449Z,56139,53310000,59110000
2026-09-19T05:42:45.449Z,42830,302.9,396.5
2026-09-19T05:42:45.449Z,42753,18370,2695000
2026-09-19T05:42:45.449Z,41482,2045000,2495000
2026-09-19T05:42:45.449Z,21867,23.5,45
2026-09-19T05:42:45.449Z,47030,34200000,67190000
2026-09-19T05:42:45.449Z,42835,381.7,463
2026-09-19T05:42:45.449Z,20849,12070,170000
2026-09-19T05:42:45.449Z,15955,119000000,124400000
2026-09-19T05:42:45.449Z,4573,2027,22560
2026-09-19T05:42:45.449Z,44,13640,13930
2026-09-19T05:42:45.449Z,31125,3201000,3400000
2026-09-19T05:42:45.449Z,16653,27010,28010
2026-09-19T05:42:45.449Z,21791,750.4,5900
2026-09-19T05:42:45.449Z,31544,2139000,2842000
2026-09-19T05:42:45.449Z,9495,471600,528700
2026-09-19T05:42:45.449Z,3157,3255000,5890000
2026-09-19T05:42:45.449Z,24486,47.16,84.78
2026-09-19T05:42:45.449Z,8869,21030,85120
2026-09-19T05:42:45.449Z,19553,178100000,191500000
2026-09-19T05:42:45.449Z,19042,261900000,322200000
2026-09-19T05:42:45.449Z,73397,1002000,14870000
2026-09-19T05:42:45.449Z,62532,90.27,107.7
2026-09-19T05:42:45.449Z,78366,478400000,521700000
2026-09-19T05:42:45.449Z,87324,57030000,69990000
2026-09-19T05:42:45.449Z,31324,800300,1104000
2026-09-19T05:42:45.449Z,47009,506900,8000000
2026-09-19T05:42:45.449Z,85450,4478000,42490000
2026-09-19T05:42:45.449Z,3293,4700,35620
2026-09-19T05:42:45.449Z,1956,2179,51600
2026-09-19T05:42:45.449Z,23117,632200,987300
2026-09-19T05:42:45.449Z,21890,42610000,45990000
2026-09-19T05:42:45.449Z,31209,5332,1795000
2026-09-19T05:42:45.449Z,4346,865200000,957700000
2026-09-19T05:42:45.449Z,41474,508700000,995300000
2026-09-19T05:42:45.449Z,31246,726200,2885000
2026-09-19T05:42:45.449Z,44135,10000,1179000
2026-09-19T05:42:45.449Z,62533,83.92,111.9
2026-09-19T05:42:45.449Z,19550,109700000,118200000
2026-09-19T05:42:45.449Z,14666,5145000000,10550000000
2026-09-19T05:42:45.449Z,83346,300100,1660000
2026-09-19T05:42:45.449Z,22985,112,605.4
2026-09-19T05:42:45.449Z,31213,21080,49960
2026-09-19T05:42:45.449Z,40462,12550,5799000
2026-09-19T05:42:45.449Z,11648,2201000,2390000
2026-09-19T05:42:45.449Z,81144,5039,5524
2026-09-19T05:42:45.449Z,31244,879600,1024000
2026-09-19T05:42:45.449Z,19313,15660000,29490000
2026-09-19T05:42:45.449Z,31790,851700,1177000
2026-09-19T05:42:45.449Z,41486,15540000,19870000
2026-09-19T05:42:45.449Z,31274,52350,242600
2026-09-19T05:42:45.449Z,47811,82440,164300
2026-09-19T05:42:45.449Z,21888,44300000,47780000
2026-09-19T05:42:45.449Z,2349,88050,103600
2026-09-19T05:42:45.449Z,4533,3365,7000
2026-09-19T05:42:45.449Z,18839,7978000,8696000
2026-09-19T05:42:45.449Z,18967,119300000,135200000
2026-09-19T05:42:45.449Z,464,1211000,2486000
2026-09-19T05:42:45.449Z,53010,702000,4743000
2026-09-19T05:42:45.449Z,14108,44430000,49260000
2026-09-19T05:42:45.449Z,33466,18000,21910
2026-09-19T05:42:45.449Z,17928,88980000,97740000
2026-09-19T05:42:45.449Z,28999,3008,16720
2026-09-19T05:42:45.449Z,16365,340600,340800
2026-09-19T05:42:45.449Z,79719,607400,5090000
2026-09-19T05:42:45.449Z,21384,9.04,12.05
2026-09-19T05:42:45.449Z,35062,1315,1316
2026-09-19T05:42:45.449Z,35586,3.05,79500
2026-09-19T05:42:45.449Z,11399,17000,17010
2026-09-19T05:42:45.449Z,30588,114600,114800
2026-09-19T05:42:45.449Z,10246,9071,10080
2026-09-19T05:42:45.449Z,50132,1452,7700
2026-09-19T05:42:45.449Z,4312,17350,17920
2026-09-19T05:42:45.449Z,40561,18600000,25280000
2026-09-19T05:42:45.449Z,1230,11.3,12.56
2026-09-19T05:42:45.449Z,47802,30840000,36980000
2026-09-19T05:42:45.449Z,33522,25800000,29980000
2026-09-19T05:42:45.449Z,2679,98,108
2026-09-19T05:42:45.449Z,23087,701.3,6390
2026-09-19T05:42:45.449Z,46992,3120000,9500000
2026-09-19T05:42:45.449Z,84083,4103000,47000000
2026-09-19T05:42:45.449Z,42214,542200000,604800000
2026-09-19T05:42:45.449Z,4399,3313000,4273000
2026-09-19T05:42:45.449Z,27477,1720,2609
2026-09-19T05:42:45.449Z,24241,1017,99990
2026-09-19T05:42:45.449Z,47770,141100,167200
2026-09-19T05:42:45.449Z,2567,1399000,1644000
2026-09-19T05:42:45.449Z,79616,90000000,193900000
2026-09-19T05:42:45.449Z,27423,1397,1475
2026-09-19T05:42:45.449Z,4529,2420,5984
2026-09-19T05:42:45.449Z,41492,73260000,80270000
2026-09-19T05:42:45.449Z,27114,170800000,194400000
2026-09-19T05:42:45.449Z,91857,15230000,18190000
2026-09-19T05:42:45.449Z,12531,25570,125600
2026-09-19T05:42:45.449Z,20799,502800,610000
2026-09-19T05:42:45.449Z,54406,82250000,117600000
2026-09-19T05:42:45.449Z,14248,110700000,125400000
2026-09-19T05:42:45.449Z,52568,281100,296000
2026-09-19T05:42:45.449Z,21258,1207,299000
2026-09-19T05:42:45.449Z,33844,125800000,140100000
2026-09-19T05:42:45.449Z,30488,396500,422200
2026-09-19T05:42:45.449Z,2050,341300000,369800000
2026-09-19T05:42:45.449Z,20557,1026000,7488000
2026-09-19T05:42:45.449Z,8433,1883000,2072000
2026-09-19T05:42:45.449Z,26424,5127000,22700000
2026-09-19T05:42:45.449Z,2117,861200,978800
2026-09-19T05:42:45.449Z,31864,1115000,1190000
2026-09-19T05:42:45.449Z,23103,300700,398000
2026-09-19T05:42:45.449Z,642,141400000,151400000
2026-09-19T05:42:45.449Z,2514,3.12,3.13
2026-09-19T05:42:45.449Z,25530,65030000,87500000
2026-09-19T05:42:45.449Z,34481,45750000,47670000
2026-09-19T05:42:45.449Z,52242,3072000,1598000000
2026-09-19T05:42:45.449Z,26348,8.01,5339000
2026-09-19T05:42:45.449Z,14114,17010000,22490000
2026-09-19T05:42:45.449Z,90413,712000,6688000
2026-09-19T05:42:45.449Z,23119,666700,750000
2026-09-19T05:42:45.449Z,33474,1144000,1291000
2026-09-19T05:42:45.449Z,85084,4195000,5848000
2026-09-19T05:42:45.449Z,2811,1452,1632
2026-09-19T05:42:45.449Z,19974,5.6,14
2026-09-19T05:42:45.449Z,23868,75130000,86950000
2026-09-19T05:42:45.449Z,86144,3792000,6672000
2026-09-19T05:42:45.449Z,55607,2.03,249500
2026-09-19T05:42:45.449Z,21080,58900,101200
2026-09-19T05:42:45.449Z,85734,40020000,49990000
2026-09-19T05:42:45.449Z,52998,75020,6670000
2026-09-19T05:42:45.449Z,26370,123700000,145500000
2026-09-19T05:42:45.449Z,3355,34.11,34.12
2026-09-19T05:42:45.449Z,85391,41010,59150
2026-09-19T05:42:45.449Z,41273,8060,10410
2026-09-19T05:42:45.449Z,83471,2470000,2930000
2026-09-19T05:42:45.449Z,18871,26030000,29990000
2026-09-19T05:42:45.449Z,11182,15340000,16570000
2026-09-19T05:42:45.449Z,90610,364100,691500
2026-09-19T05:42:45.449Z,13876,280000,3789000
2026-09-19T05:42:45.449Z,49713,608000000,684200000
2026-09-19T05:42:45.449Z,40558,10050000,10810000
2026-09-19T05:42:45.449Z,52307,132300,999900
2026-09-19T05:42:45.449Z,19986,56,288.9
2026-09-19T05:42:45.449Z,21226,5359,97900
2026-09-19T05:42:45.449Z,31910,13030000,14450000
2026-09-19T05:42:45.449Z,263,68.1,182.7
2026-09-19T05:42:45.449Z,12108,528400,703700
2026-09-19T05:42:45.449Z,47831,5107000,6688000
2026-09-19T05:42:45.449Z,35877,5207000,774700000
2026-09-19T05:42:45.449Z,34274,1901000,2990000
2026-09-19T05:42:45.449Z,3049,4463000,4955000
2026-09-19T05:42:45.449Z,19046,400000000,429800000
2026-09-19T05:42:45.449Z,20771,,443
2026-09-19T05:42:45.449Z,7287,152000,174000
2026-09-19T05:42:45.449Z,630,10960000,11390000
2026-09-19T05:42:45.449Z,41316,1180,1499
2026-09-19T05:42:45.449Z,62529,31.64,37.95
2026-09-19T05:42:45.449Z,33450,1918000,2200000
2026-09-19T05:42:45.449Z,43686,23300000,38540000
2026-09-19T05:42:45.449Z,18989,38290000,43950000
2026-09-19T05:42:45.449Z,11202,10010000,11660000
2026-09-19T05:42:45.449Z,8789,502500,664700
2026-09-19T05:42:45.449Z,17264,5052,13990
2026-09-19T05:42:45.449Z,27922,850500,1191000
2026-09-19T05:42:45.449Z,84351,100000,1071000
2026-09-19T05:42:45.449Z,32459,821.9,17750
2026-09-19T05:42:45.449Z,33953,19200000,24800000
2026-09-19T05:42:45.449Z,36,51.07,52.99
2026-09-19T05:42:45.449Z,20555,2001000,5199000
2026-09-19T05:42:45.449Z,11944,67010,130000
2026-09-19T05:42:45.449Z,14244,108500000,120700000
2026-09-19T05:42:45.449Z,46974,598800,7989000
2026-09-19T05:42:45.449Z,25349,16120000,19700000
2026-09-19T05:42:45.449Z,41277,1354,8898
2026-09-19T05:42:45.449Z,31650,2978000,3487000
2026-09-19T05:42:45.449Z,31268,553800,1489000
2026-09-19T05:42:45.449Z,84422,3761000,5161000
2026-09-19T05:42:45.449Z,4310,65000000,69360000
2026-09-19T05:42:45.449Z,96330,10510000,13000000
2026-09-19T05:42:45.449Z,37482,40550000,52090000
2026-09-19T05:42:45.449Z,11192,17230000,17900000
2026-09-19T05:42:45.449Z,29344,36070000,39340000
2026-09-19T05:42:45.449Z,31606,14480000,14590000
2026-09-19T05:42:45.449Z,53394,2200,697900
2026-09-19T05:42:45.449Z,27325,11.81,39
2026-09-19T05:42:45.449Z,41038,143600000,155700000
2026-09-19T05:42:45.449Z,47886,602.2,789.6
2026-09-19T05:42:45.449Z,31826,346900000,394900000
2026-09-19T05:42:45.449Z,60575,8235000,9199000
2026-09-19T05:42:45.449Z,31520,1900000,4968000
2026-09-19T05:42:45.449Z,13223,4283000,4959000
2026-09-19T05:42:45.449Z,27315,553.6,659.4
2026-09-19T05:42:45.449Z,21037,7312000,8097000
2026-09-19T05:42:45.449Z,27238,19580000,23990000
2026-09-19T05:42:45.449Z,31758,1298000,1313000
2026-09-19T05:42:45.449Z,62377,86830,92400
2026-09-19T05:42:45.449Z,47319,15480000,99370000
2026-09-19T05:42:45.449Z,31492,56010,464700
2026-09-19T05:42:45.449Z,24521,1312,1492
2026-09-19T05:42:45.449Z,47317,10000000,47920000
2026-09-19T05:42:45.449Z,13788,1597000,2600000
2026-09-19T05:42:45.449Z,31368,515900000,784500000
2026-09-19T05:42:45.449Z,191,13.75,96.04
2026-09-19T05:42:45.449Z,2392,648.6,679
2026-09-19T05:42:45.449Z,20189,150000000,1500000000
2026-09-19T05:42:45.449Z,19270,891800,998000
2026-09-19T05:42:45.449Z,5869,681.2,681.6
2026-09-19T05:42:45.449Z,13866,903000,6824000
2026-09-19T05:42:45.449Z,13933,22890000,30900000
2026-09-19T05:42:45.449Z,44151,15100,994600
2026-09-19T05:42:45.449Z,4409,20440,49780
2026-09-19T05:42:45.449Z,85396,42100,55000
2026-09-19T05:42:45.449Z,28361,1050,1501
2026-09-19T05:42:45.449Z,56957,70400000,182800000
2026-09-19T05:42:45.449Z,14240,2008000,3096000
2026-09-19T05:42:45.449Z,31111,2777000,3035000
2026-09-19T05:42:45.449Z,63243,11520,2989000
2026-09-19T05:42:45.449Z,47314,51020000,440000000
2026-09-19T05:42:45.449Z,44893,4353000,10270000
2026-09-19T05:42:45.449Z,15669,2150000,2172000
2026-09-19T05:42:45.449Z,9836,10060,10720
2026-09-19T05:42:45.449Z,15608,1256,5000
2026-09-19T05:42:45.449Z,47762,9470,15930
2026-09-19T05:42:45.449Z,37865,73000,999000
2026-09-19T05:42:45.449Z,54830,14110,569000
2026-09-19T05:42:45.449Z,20347,353000,453400
2026-09-19T05:42:45.449Z,92464,315600,382600
2026-09-19T05:42:45.449Z,47930,1114,1254
2026-09-19T05:42:45.449Z,47310,1681000,37500000
2026-09-19T05:42:45.449Z,2647,52.04,54
2026-09-19T05:42:45.449Z,1952,820500,972400
2026-09-19T05:42:45.449Z,16124,594800,1173000
2026-09-19T05:42:45.449Z,60760,60000000,695400000
2026-09-19T05:42:45.449Z,12818,125000,136600
2026-09-19T05:42:45.449Z,11544,5926,6415
2026-09-19T05:42:45.449Z,57127,641000000,744600000
2026-09-19T05:42:45.449Z,31926,12620000,13200000
2026-09-19T05:42:45.449Z,17895,3803000,3980000
2026-09-19T05:42:45.449Z,3057,4409000,5217000
2026-09-19T05:42:45.449Z,45628,30220000,35080000
2026-09-19T05:42:45.449Z,20567,8632000,15800000
2026-09-19T05:42:45.449Z,45593,30840000,34690000
2026-09-19T05:42:45.449Z,8263,25490,35460
2026-09-19T05:42:45.449Z,84349,200000,997700
2026-09-19T05:42:45.449Z,27387,713.2,735.7
2026-09-19T05:42:45.449Z,33446,53400000,83470000
2026-09-19T05:42:45.449Z,62534,113,119.2
2026-09-19T05:42:45.449Z,62558,3150,4190
2026-09-19T05:42:45.449Z,14063,2123000,3190000
2026-09-19T05:42:45.449Z,62538,190.9,207.6
2026-09-19T05:42:45.449Z,48582,60760000,61820000
2026-09-19T05:42:45.449Z,22444,261000000,266300000
2026-09-19T05:42:45.449Z,34602,250000,139000000
2026-09-19T05:42:45.449Z,40563,21520000,23060000
2026-09-19T05:42:45.449Z,47742,2313000,2569000
2026-09-19T05:42:45.449Z,54786,7314,8781
2026-09-19T05:42:45.449Z,40334,9148,18500
2026-09-19T05:42:45.449Z,3192,550400000,647700000
2026-09-19T05:42:45.449Z,33476,4701000,55710000
2026-09-19T05:42:45.449Z,31892,1791000,2000000
2026-09-19T05:42:45.449Z,10221,16090000,17990000
2026-09-19T05:42:45.449Z,10208,16290000,17770000
2026-09-19T05:42:45.449Z,33959,17000000,22900000
2026-09-19T05:42:45.449Z,31906,7329000,8645000
2026-09-19T05:42:45.449Z,11563,259300,287800
2026-09-19T05:42:45.449Z,30832,843200,921800
2026-09-19T05:42:45.449Z,33846,80320000,88230000
2026-09-19T05:42:45.449Z,1987,573500,772700
2026-09-19T05:42:45.449Z,37623,50560000,86380000
2026-09-19T05:42:45.449Z,231,28,34.94
2026-09-19T05:42:45.449Z,55304,0.2,90000
2026-09-19T05:42:45.449Z,13935,106000000,112100000
2026-09-19T05:42:45.449Z,179,3.2,4.95
2026-09-19T05:42:45.449Z,18819,528800000,621000000
2026-09-19T05:42:45.449Z,15893,99500000,106400000
2026-09-19T05:42:45.449Z,45774,258800,1469000
2026-09-19T05:42:45.449Z,23095,290900,611300
2026-09-19T05:42:45.449Z,32006,97130,103500
2026-09-19T05:42:45.449Z,12042,17580000,19960000
2026-09-19T05:42:45.449Z,21591,83.19,127.4
2026-09-19T05:42:45.449Z,25610,2350000,2400000
2026-09-19T05:42:45.449Z,64596,2795,2796000000
2026-09-19T05:42:45.449Z,83219,10000,49920
2026-09-19T05:42:45.449Z,34677,59290,16880000
2026-09-19T05:42:45.449Z,83221,0.01,39680
2026-09-19T05:42:45.449Z,96331,17000000,29680000
2026-09-19T05:42:45.449Z,33448,55600,125900
2026-09-19T05:42:45.449Z,89647,65210000,71490000
2026-09-19T05:42:45.449Z,30269,8651,11760
2026-09-19T05:42:45.449Z,41528,63770000,72940000
2026-09-19T05:42:45.449Z,19145,97450000,117400000
2026-09-19T05:42:45.449Z,33902,43110000,46650000
2026-09-19T05:42:45.449Z,12618,21.07,28.79
2026-09-19T05:42:45.449Z,45775,200000,2968000
2026-09-19T05:42:45.449Z,7293,5501,40120
2026-09-19T05:42:45.449Z,4385,750300,6300000
2026-09-19T05:42:45.449Z,35789,5817000,6862000
2026-09-19T05:42:45.449Z,58901,200000,3280000
2026-09-19T05:42:45.449Z,30376,18050,20110
2026-09-19T05:42:45.449Z,29053,457700,509700
2026-09-19T05:42:45.449Z,3092,542100000,623500000
2026-09-19T05:42:45.449Z,43774,11020000,19930000
2026-09-19T05:42:45.449Z,85178,896900,955900
2026-09-19T05:42:45.449Z,41299,2533,4496
2026-09-19T05:42:45.449Z,60467,923800,1300000
2026-09-19T05:42:45.449Z,11993,141300000,153400000
2026-09-19T05:42:45.449Z,92782,0.01,799900000
2026-09-19T05:42:45.449Z,27429,1400,1549
2026-09-19T05:42:45.449Z,15935,1503000,3099000
2026-09-19T05:42:45.449Z,2321,13600,16350
2026-09-19T05:42:45.449Z,17463,19.17,19.99
2026-09-19T05:42:45.449Z,75898,218300000,493700000
2026-09-19T05:42:45.449Z,12791,133.9,161.4
2026-09-19T05:42:45.449Z,11172,14690000,14990000
2026-09-19T05:42:45.449Z,48387,7015000,13770000
2026-09-19T05:42:45.449Z,52559,0.01,995000000
2026-09-19T05:42:45.449Z,60464,9951000,10690000
2026-09-19T05:42:45.449Z,15695,145,800000
2026-09-19T05:42:45.449Z,54434,50460000,64000000
2026-09-19T05:42:45.449Z,52285,3505000,7770000
2026-09-19T05:42:45.449Z,42203,142000000,175000000
2026-09-19T05:42:45.449Z,49434,5045000,11680000
2026-09-19T05:42:45.449Z,42768,453200,1999000
2026-09-19T05:42:45.449Z,84406,700,14000
2026-09-19T05:42:45.449Z,15891,114600000,120000000
2026-09-19T05:42:45.449Z,590,243100,449900
2026-09-19T05:42:45.449Z,92375,172300,346300
2026-09-19T05:42:45.449Z,20613,8113000,10470000
2026-09-19T05:42:45.449Z,56605,3505000,19980000
2026-09-19T05:42:45.449Z,27445,390.1,497
2026-09-19T05:42:45.449Z,46949,1246000,13100000
2026-09-19T05:42:45.449Z,49723,965800,1297000
2026-09-19T05:42:45.449Z,6005,2639,4152
2026-09-19T05:42:45.449Z,47897,201000,251000
2026-09-19T05:42:45.449Z,43788,4752000,44960000
2026-09-19T05:42:45.449Z,28437,371000,462700
2026-09-19T05:42:45.449Z,43900,401200,38130000
2026-09-19T05:42:45.449Z,90472,600,744700
2026-09-19T05:42:45.449Z,47788,288900,428600
2026-09-19T05:42:45.449Z,90485,2618,249800
2026-09-19T05:42:45.449Z,11309,136800,168600
2026-09-19T05:42:45.449Z,85395,329800,398100
2026-09-19T05:42:45.449Z,6959,55100,66970
2026-09-19T05:42:45.449Z,27419,977.3,1070
2026-09-19T05:42:45.449Z,47926,902,995.5
2026-09-19T05:42:45.449Z,27401,952.9,1036
2026-09-19T05:42:45.449Z,27339,2021,2205
2026-09-19T05:42:45.449Z,18957,14150000,46480000
2026-09-19T05:42:45.449Z,32774,12870,23990
2026-09-19T05:42:45.449Z,41216,23790000,30790000
2026-09-19T05:42:45.449Z,19231,132100000,144300000
2026-09-19T05:42:45.449Z,17740,822300000,893400000
2026-09-19T05:42:45.449Z,19183,116500000,124700000
2026-09-19T05:42:45.449Z,12267,2350000,2697000
2026-09-19T05:42:45.449Z,24698,43200000,46750000
2026-09-19T05:42:45.449Z,53986,9131000,13980000
2026-09-19T05:42:45.449Z,5282,5000,5001
2026-09-19T05:42:45.449Z,43849,47070000,59990000
2026-09-19T05:42:45.449Z,77400,56210000,170300000
2026-09-19T05:42:45.449Z,4240,203600000,499700000
2026-09-19T05:42:45.449Z,42840,430.1,467.8
2026-09-19T05:42:45.449Z,28699,83370,89940
2026-09-19T05:42:45.449Z,14296,3507000,3833000
2026-09-19T05:42:45.449Z,16391,357900,438700
2026-09-19T05:42:45.449Z,3127,552000000,619300000
2026-09-19T05:42:45.449Z,22619,4717000,13990000
2026-09-19T05:42:45.449Z,5975,7321,11790
2026-09-19T05:42:45.449Z,49791,351900000,461800000
2026-09-19T05:42:45.449Z,20507,183100000,190000000
2026-09-19T05:42:45.449Z,91858,12210000,16480000
2026-09-19T05:42:45.449Z,2551,69570,90900
2026-09-19T05:42:45.449Z,76964,1808000,9998000
2026-09-19T05:42:45.449Z,49099,6892000,8473000
2026-09-19T05:42:45.449Z,22111,40080000,44780000
2026-09-19T05:42:45.449Z,84337,702800,14570000
2026-09-19T05:42:45.449Z,6637,33630,49640
2026-09-19T05:42:45.449Z,8091,3322,3323
2026-09-19T05:42:45.449Z,20611,5105000,8248000
2026-09-19T05:42:45.449Z,19275,1091000,2839000
2026-09-19T05:42:45.449Z,45661,1643,1975
2026-09-19T05:42:45.449Z,13238,1626000,2840000
2026-09-19T05:42:45.449Z,17205,1256000,1500000
2026-09-19T05:42:45.449Z,23089,358700,390600
2026-09-19T05:42:45.449Z,16467,151600,196800
2026-09-19T05:42:45.449Z,12801,92.02,113.6
2026-09-19T05:42:45.449Z,7747,137900,236900
2026-09-19T05:42:45.449Z,21017,15280000,17180000
2026-09-19T05:42:45.449Z,3941,169300,299900
2026-09-19T05:42:45.449Z,13221,11110000,17190000
2026-09-19T05:42:45.449Z,84424,42040,554900
2026-09-19T05:42:45.449Z,52761,310100,1062000
2026-09-19T05:42:45.449Z,9950,1571000,1680000
2026-09-19T05:42:45.449Z,45588,34110000,38000000
2026-09-19T05:42:45.449Z,37810,7319000,13000000
2026-09-19T05:42:45.449Z,27094,505900,690000
2026-09-19T05:42:45.449Z,90739,3096000,4000000
2026-09-19T05:42:45.449Z,24479,29.13,36.65
2026-09-19T05:42:45.449Z,7785,242300,444500
2026-09-19T05:42:45.449Z,44261,4000,7475
2026-09-19T05:42:45.449Z,56745,100.1,1000
2026-09-19T05:42:45.449Z,32993,2625,3785
2026-09-19T05:42:45.449Z,23099,286200,459400
2026-09-19T05:42:45.449Z,85932,209600000,377000000
2026-09-19T05:42:45.449Z,2533,71030,91900
2026-09-19T05:42:45.449Z,26912,1253000,1450000
2026-09-19T05:42:45.449Z,79732,126500,2200000
2026-09-19T05:42:45.449Z,92183,58240000,64060000
2026-09-19T05:42:45.449Z,27079,209200,730700
2026-09-19T05:42:45.449Z,81826,600000000,638400000
2026-09-19T05:42:45.449Z,57482,74000000,92630000
2026-09-19T05:42:45.449Z,28381,62380000,71720000
2026-09-19T05:42:45.449Z,23029,696.4,1021
2026-09-19T05:42:45.449Z,95295,101400000,191900000
2026-09-19T05:42:45.449Z,90497,6000,22570
2026-09-19T05:42:45.449Z,19200,138100000,150000000
2026-09-19T05:42:45.449Z,47911,1755000,1979000
2026-09-19T05:42:45.449Z,93909,115000000,196800000
2026-09-19T05:42:45.449Z,14116,54310000,57000000
2026-09-19T05:42:45.449Z,628,8081000,9066000
2026-09-19T05:42:45.449Z,42836,302.8,494.2
2026-09-19T05:42:45.449Z,18608,1038000,1226000
2026-09-19T05:42:45.449Z,57465,910500,1123000
2026-09-19T05:42:45.449Z,82175,3110000,11900000
2026-09-19T05:42:45.449Z,23789,29170000,35150000
2026-09-19T05:42:45.449Z,31412,2388000,2962000
2026-09-19T05:42:45.449Z,19315,114600000,122700000
2026-09-19T05:42:45.449Z,23141,38900,116000
2026-09-19T05:42:45.449Z,18913,136300000,151300000
2026-09-19T05:42:45.449Z,8535,35120,35160
2026-09-19T05:42:45.449Z,42839,305,447.6
2026-09-19T05:42:45.449Z,45550,168400000,235000000
2026-09-19T05:42:45.449Z,9289,180000,235000
2026-09-19T05:42:45.449Z,29988,213000000,233000000
2026-09-19T05:42:45.449Z,85466,6933000,12890000
2026-09-19T05:42:45.449Z,62557,3513,3999
2026-09-19T05:42:45.449Z,19261,9550000,15850000
2026-09-19T05:42:45.449Z,16672,87.06,92
2026-09-19T05:42:45.449Z,92964,10330000,19290000
2026-09-19T05:42:45.449Z,32305,330000000,419800000
2026-09-19T05:42:45.449Z,85152,1801000,5999000
2026-09-19T05:42:45.449Z,31159,213100,234300
2026-09-19T05:42:45.449Z,47748,875400,1196000
2026-09-19T05:42:45.449Z,41219,31940000,44670000
2026-09-19T05:42:45.449Z,43519,63000000,116500000
2026-09-19T05:42:45.449Z,25616,1016,1227
2026-09-19T05:42:45.449Z,41459,302900000,332000000
2026-09-19T05:42:45.449Z,28756,31810000,34160000
2026-09-19T05:42:45.449Z,11458,111.4,639.9
2026-09-19T05:42:45.449Z,85543,13370000,17000000
2026-09-19T05:42:45.449Z,89669,3810000,4792000
2026-09-19T05:42:45.449Z,37292,190200000,206900000
2026-09-19T05:42:45.449Z,14770,260100000,359600000
2026-09-19T05:42:45.449Z,20416,93600,102200
2026-09-19T05:42:45.449Z,17498,417500000,525800000
2026-09-19T05:42:45.449Z,16683,25070,26080
2026-09-19T05:42:45.449Z,1814,11,13.5
2026-09-19T05:42:45.449Z,45492,536.4,1379
2026-09-19T05:42:45.449Z,19147,19670000,21400000
2026-09-19T05:42:45.449Z,13966,1057000,2162000
2026-09-19T05:42:45.449Z,33904,230200000,239200000
2026-09-19T05:42:45.449Z,11971,135300000,145100000
2026-09-19T05:42:45.449Z,40730,38400000,48420000
2026-09-19T05:42:45.449Z,10694,152200,257700
2026-09-19T05:42:45.449Z,18795,71460,109800
2026-09-19T05:42:45.449Z,19274,8201000,8599000
2026-09-19T05:42:45.449Z,7083,290800,337400
2026-09-19T05:42:45.449Z,2048,343600,354900
2026-09-19T05:42:45.449Z,47140,7258000,9000000
2026-09-19T05:42:45.449Z,46902,150.8,9999000
2026-09-19T05:42:45.449Z,10629,,1377
2026-09-19T05:42:45.449Z,13119,44.35,89.86
2026-09-19T05:42:45.449Z,2463,8023,8199
2026-09-19T05:42:45.449Z,34280,3355000,3574000
2026-09-19T05:42:45.449Z,7449,482700,530500
2026-09-19T05:42:45.449Z,84075,5325000,313900000
2026-09-19T05:42:45.449Z,40346,13020000,14370000
2026-09-19T05:42:45.449Z,87780,1401000,9900000
2026-09-19T05:42:45.449Z,21902,990,1079
2026-09-19T05:42:45.449Z,2109,902000,989500
2026-09-19T05:42:45.449Z,57012,5074000,9799000
2026-09-19T05:42:45.449Z,11535,17900,18200
2026-09-19T05:42:45.449Z,85400,17460,23060
2026-09-19T05:42:45.449Z,49725,7046000,7579000
2026-09-19T05:42:45.449Z,23824,40150000,58670000
2026-09-19T05:42:45.449Z,42833,554.1,632
2026-09-19T05:42:45.449Z,31800,130400,274100
2026-09-19T05:42:45.449Z,3090,4415000,5376000
2026-09-19T05:42:45.449Z,46005,2754000,2944000
2026-09-19T05:42:45.449Z,62520,20.11,21.96
2026-09-19T05:42:45.449Z,24539,603.3,661
2026-09-19T05:42:45.449Z,22470,291400000,299700000
2026-09-19T05:42:45.449Z,3096,3541000,5903000
2026-09-19T05:42:45.449Z,73795,17260000,18800000
2026-09-19T05:42:45.449Z,27321,553.7,608
2026-09-19T05:42:45.449Z,55694,500,110000
2026-09-19T05:42:45.449Z,16247,68020000,89520000
2026-09-19T05:42:45.449Z,53902,25820000,50000000
2026-09-19T05:42:45.449Z,20115,8109,14760
2026-09-19T05:42:45.449Z,62625,13780000,15910000
2026-09-19T05:42:45.449Z,60925,11290000,97020000
2026-09-19T05:42:45.449Z,31220,900200,1084000
2026-09-19T05:42:45.449Z,21025,16720000,16990000
2026-09-19T05:42:45.449Z,19011,17890000,25130000
2026-09-19T05:42:45.449Z,31017,8085000,9083000
2026-09-19T05:42:45.449Z,95501,2500000,5799000
2026-09-19T05:42:45.449Z,28215,1213000,1399000
2026-09-19T05:42:45.449Z,3120,3267000,6405000
2026-09-19T05:42:45.449Z,2913,1464000,1597000
2026-09-19T05:42:45.449Z,31642,313600000,351200000
2026-09-19T05:42:45.449Z,24527,1501,1620
2026-09-19T05:42:45.449Z,37457,19920000,20710000
2026-09-19T05:42:45.449Z,19554,239600000,333400000
2026-09-19T05:42:45.449Z,5871,801.9,4999
2026-09-19T05:42:45.449Z,12620,10.05,13.95
2026-09-19T05:42:45.449Z,20559,7290000,15830000
2026-09-19T05:42:45.449Z,31396,491900,29860000
2026-09-19T05:42:45.449Z,13242,22070000,27850000
2026-09-19T05:42:45.449Z,31626,3119000,3778000
2026-09-19T05:42:45.449Z,37627,248200000,270500000
2026-09-19T05:42:45.449Z,17175,2605000,6900000
2026-09-19T05:42:45.449Z,46639,2838000000,3497000000
2026-09-19T05:42:45.449Z,91976,15330000,19820000
2026-09-19T05:42:45.449Z,27108,8444000,16800000
2026-09-19T05:42:45.449Z,12631,44.02,60
2026-09-19T05:42:45.449Z,27130,106400000,121600000
2026-09-19T05:42:45.449Z,11359,18540,325000
2026-09-19T05:42:45.449Z,652,1380000,1898000
2026-09-19T05:42:45.449Z,25954,7300000,8543000
2026-09-19T05:42:45.449Z,78910,3487000,11420000
2026-09-19T05:42:45.449Z,3235,445800000,701600000
2026-09-19T05:42:45.449Z,20371,199000000,350000000
2026-09-19T05:42:45.449Z,4391,122300,204700
2026-09-19T05:42:45.449Z,89658,83090000,198700000
2026-09-19T05:42:45.449Z,45630,31120000,34820000
2026-09-19T05:42:45.449Z,5493,46900,55000
2026-09-19T05:42:45.449Z,12633,43,108
2026-09-19T05:42:45.449Z,87523,7791000,14180000
2026-09-19T05:42:45.449Z,1256,384900,432000
2026-09-19T05:42:45.449Z,46324,1041000000,2822000000
2026-09-19T05:42:45.449Z,27254,111200000,130800000
2026-09-19T05:42:45.449Z,10244,12160000,18520000
2026-09-19T05:42:45.449Z,41214,27100000,28950000
2026-09-19T05:42:45.449Z,439,11130,15100
2026-09-19T05:42:45.449Z,15862,18400000,145000000
2026-09-19T05:42:45.449Z,31878,2362000,2937000
2026-09-19T05:42:45.449Z,11400,15220000,16370000
2026-09-19T05:42:45.449Z,50149,9000000,12000000
2026-09-19T05:42:45.449Z,92383,30020000,339100000
2026-09-19T05:42:45.449Z,45624,30420000,35450000
2026-09-19T05:42:45.449Z,27403,250,866
2026-09-19T05:42:45.449Z,62380,85140,94510
2026-09-19T05:42:45.449Z,24509,400.6,435.9
2026-09-19T05:42:45.449Z,57473,13560000,14500000
2026-09-19T05:42:45.449Z,22128,157800000,184800000
2026-09-19T05:42:45.449Z,586,412900,547500
2026-09-19T05:42:45.449Z,27411,847.6,969.7
2026-09-19T05:42:45.449Z,25278,25240,32760
2026-09-19T05:42:45.449Z,45621,33050000,35540000
2026-09-19T05:42:45.449Z,2637,368,473.3
2026-09-19T05:42:45.449Z,52918,129200000,229200000
2026-09-19T05:42:45.449Z,3561,355000000,434000000
2026-09-19T05:42:45.449Z,57731,1378000,7756000
2026-09-19T05:42:45.449Z,461,17770,1032000
2026-09-19T05:42:45.449Z,91960,10470000,17840000
2026-09-19T05:42:45.449Z,34126,246900000,305000000
2026-09-19T05:42:45.449Z,14166,58190000,64000000
2026-09-19T05:42:45.449Z,23059,1005000,4900000
2026-09-19T05:42:45.449Z,643,135100000,144400000
2026-09-19T05:42:45.449Z,48146,129100000,213700000
2026-09-19T05:42:45.449Z,657,2014000,2207000
2026-09-19T05:42:45.449Z,32125,1476000,9890000
2026-09-19T05:42:45.449Z,60315,138200000,146900000
2026-09-19T05:42:45.449Z,84117,55100000,155000000
2026-09-19T05:42:45.449Z,18899,53160000,83900000
2026-09-19T05:42:45.449Z,54397,899100000,1087000000
2026-09-19T05:42:45.449Z,90495,130.3,15000
2026-09-19T05:42:45.449Z,63786,62710,3199000
2026-09-19T05:42:45.449Z,12747,147900000,157800000
2026-09-19T05:42:45.449Z,40690,235800000,289100000
2026-09-19T05:42:45.449Z,47271,403100000,434300000
2026-09-19T05:42:45.449Z,14284,706000,770000
2026-09-19T05:42:45.449Z,46792,10180,2224000
2026-09-19T05:42:45.449Z,84014,10010,339900
2026-09-19T05:42:45.449Z,19806,743000,895700
2026-09-19T05:42:45.449Z,47029,6018000,16420000
2026-09-19T05:42:45.449Z,23723,1125,14910
2026-09-19T05:42:45.449Z,28810,170800000,219000000
2026-09-19T05:42:45.449Z,533,22300,53450
2026-09-19T05:42:45.449Z,24702,46440000,50000000
2026-09-19T05:42:45.449Z,4358,58820,97970
2026-09-19T05:42:45.449Z,11305,51070,105000
2026-09-19T05:42:45.449Z,33983,8166000,11990000
2026-09-19T05:42:45.449Z,22229,5230000,5287000
2026-09-19T05:42:45.449Z,1826,199,215.5
2026-09-19T05:42:45.449Z,20211,1070000,1955000
2026-09-19T05:42:45.449Z,92461,351500,427700
2026-09-19T05:42:45.449Z,13233,14960000,17620000
2026-09-19T05:42:45.449Z,580,,53850
2026-09-19T05:42:45.449Z,62559,3939,4488
2026-09-19T05:42:45.449Z,45599,32530000,36430000
2026-09-19T05:42:45.449Z,11448,8103000,13360000
2026-09-19T05:42:45.449Z,17499,37190000,43410000
2026-09-19T05:42:45.449Z,2341,155700,646200
2026-09-19T05:42:45.449Z,64568,826400,3387000
2026-09-19T05:42:45.449Z,45751,501500,1884000
2026-09-19T05:42:45.449Z,44173,166.2,599900
2026-09-19T05:42:45.449Z,1276,14600,188100
2026-09-19T05:42:45.449Z,3244,1000000,1055000
2026-09-19T05:42:45.449Z,29001,8105,12560
2026-09-19T05:42:45.449Z,27186,22770000,27760000
2026-09-19T05:42:45.449Z,20637,73120000,88980000
2026-09-19T05:42:45.449Z,90813,505100,3798000
2026-09-19T05:42:45.449Z,18823,50000000,58960000
2026-09-19T05:42:45.449Z,84171,121800,249000
2026-09-19T05:42:45.449Z,15610,624200,624300
2026-09-19T05:42:45.449Z,3135,538800000,604200000
2026-09-19T05:42:45.449Z,6809,814900,2113000
2026-09-19T05:42:45.449Z,60306,706900,989300
2026-09-19T05:42:45.449Z,34132,228200000,278400000
2026-09-19T05:42:45.449Z,36909,19560000,22210000
2026-09-19T05:42:45.449Z,22466,237400000,257300000
2026-09-19T05:42:45.449Z,21348,103.3,663.4
2026-09-19T05:42:45.449Z,27776,5011000,15460000
2026-09-19T05:42:45.449Z,16435,3801,31950
2026-09-19T05:42:45.449Z,37306,158000000,175200000
2026-09-19T05:42:45.449Z,85477,9383000,16700000
2026-09-19T05:42:45.449Z,230,72.57,82
2026-09-19T05:42:45.449Z,31982,15040,25000
2026-09-19T05:42:45.449Z,43555,1790000,2013000
2026-09-19T05:42:45.449Z,96333,39000000,46500000
2026-09-19T05:42:45.449Z,1319,276300,304500
2026-09-19T05:42:45.449Z,31498,400000,8485000
2026-09-19T05:42:45.449Z,47896,7523,12000
2026-09-19T05:42:45.449Z,26308,8804,9784000
2026-09-19T05:42:45.449Z,43556,1803000,1977000
2026-09-19T05:42:45.449Z,15466,3450000,3645000
2026-09-19T05:42:45.449Z,13815,14310000,19430000
2026-09-19T05:42:45.449Z,15753,40530000,54360000
2026-09-19T05:42:45.449Z,13923,5705000,10400000
2026-09-19T05:42:45.449Z,5051,83630,115300
2026-09-19T05:42:45.449Z,57486,76250,78230
2026-09-19T05:42:45.449Z,21593,16.09,49.85
2026-09-19T05:42:45.449Z,61878,3666000,60210000
2026-09-19T05:42:45.449Z,46006,15260000,16640000
2026-09-19T05:42:45.449Z,36450,5808000,39000000
2026-09-19T05:42:45.449Z,2863,25930000,29500000
2026-09-19T05:42:45.449Z,28813,781300000,855800000
2026-09-19T05:42:45.449Z,83259,20010,48940
2026-09-19T05:42:45.449Z,55616,10010,318800
2026-09-19T05:42:45.449Z,30328,461.9,43870
2026-09-19T05:42:45.449Z,62523,26.32,28.9
2026-09-19T05:42:45.449Z,26322,59800000,61920000
2026-09-19T05:42:45.449Z,14106,38950000,42470000
2026-09-19T05:42:45.449Z,484,760.6,12270
2026-09-19T05:42:45.449Z,37608,2709000,2887000
2026-09-19T05:42:45.449Z,19069,118000,280000
2026-09-19T05:42:45.449Z,33830,2169000,4976000
2026-09-19T05:42:45.449Z,2344,60440,69550
2026-09-19T05:42:45.449Z,21027,12220000,13220000
2026-09-19T05:42:45.449Z,79714,2500000,9059000
2026-09-19T05:42:45.449Z,2309,3.19,3.99
2026-09-19T05:42:45.449Z,42526,293500,609800
2026-09-19T05:42:45.449Z,9207,35000,97990
2026-09-19T05:42:45.449Z,31300,100400,229900
2026-09-19T05:42:45.449Z,47806,95610000,112500000
2026-09-19T05:42:45.449Z,27856,13000000,23400000
2026-09-19T05:42:45.449Z,22110,115500000,125500000
2026-09-19T05:42:45.449Z,88597,10000,149900
2026-09-19T05:42:45.449Z,20895,16020000,34990000
2026-09-19T05:42:45.449Z,19206,185200000,232800000
2026-09-19T05:42:45.449Z,23077,231500,289400
2026-09-19T05:42:45.449Z,45605,36350000,40750000
2026-09-19T05:42:45.449Z,21935,900.7,1099
2026-09-19T05:42:45.449Z,45812,61080,2185000
2026-09-19T05:42:45.449Z,27252,104900000,119500000
2026-09-19T05:42:45.449Z,32101,6781000,14730000
2026-09-19T05:42:45.449Z,85777,140000,228700
2026-09-19T05:42:45.449Z,91977,54220000,82470000
2026-09-19T05:42:45.449Z,48433,215700,396600
2026-09-19T05:42:45.449Z,31069,3149000,4588000
2026-09-19T05:42:45.449Z,18726,284300,3294000
2026-09-19T05:42:45.449Z,47699,91930,91950
2026-09-19T05:42:45.449Z,41252,73210000,90100000
2026-09-19T05:42:45.449Z,23097,350100,387700
2026-09-19T05:42:45.449Z,33920,53340000,83000000
2026-09-19T05:42:45.449Z,56132,107700,146900
2026-09-19T05:42:45.449Z,487,1580,28690
2026-09-19T05:42:45.449Z,23799,1066000,30000000
2026-09-19T05:42:45.449Z,15887,41000000,43210000
2026-09-19T05:42:45.449Z,27127,500200,703200
2026-09-19T05:42:45.449Z,12044,16320000,18080000
2026-09-19T05:42:45.449Z,37183,10750000000,13970000000
2026-09-19T05:42:45.449Z,28676,1743000,1918000
2026-09-19T05:42:45.449Z,55684,0.02,90000
2026-09-19T05:42:45.449Z,53891,210300000,258900000
2026-09-19T05:42:45.449Z,13774,190700,844100
2026-09-19T05:42:45.449Z,440,2557000,2728000
2026-09-19T05:42:45.449Z,70850,1060000000,1995000000
2026-09-19T05:42:45.449Z,10190,768100,821300
2026-09-19T05:42:45.449Z,15735,439100,2219000
2026-09-19T05:42:45.449Z,46875,3005000,17010000
2026-09-19T05:42:45.449Z,14268,142800000,152300000
2026-09-19T05:42:45.449Z,48896,398200000,516800000
2026-09-19T05:42:45.449Z,13929,60050000,68980000
2026-09-19T05:42:45.449Z,33555,87450000,117000000
2026-09-19T05:42:45.449Z,18867,56110000,59940000
2026-09-19T05:42:45.449Z,57124,209000000,286500000
2026-09-19T05:42:45.449Z,34,3.85,3.98
2026-09-19T05:42:45.449Z,7407,54000,87410
2026-09-19T05:42:45.449Z,54748,181100000,196000000
2026-09-19T05:42:45.449Z,77114,50360000,53980000
2026-09-19T05:42:45.449Z,9139,33400,33410
2026-09-19T05:42:45.449Z,18702,74670000,96500000
2026-09-19T05:42:45.449Z,14086,82360,297600
2026-09-19T05:42:45.449Z,46994,299100,8997000
2026-09-19T05:42:45.449Z,563,,17760
2026-09-19T05:42:45.449Z,31604,3214000,3923000
2026-09-19T05:42:45.449Z,47547,25110,208000
2026-09-19T05:42:45.449Z,21408,202.4,3181
2026-09-19T05:42:45.449Z,88659,22000000,139800000
2026-09-19T05:42:45.449Z,5747,4907,7800
2026-09-19T05:42:45.449Z,96328,921600,3600000
2026-09-19T05:42:45.449Z,27235,1,380000
2026-09-19T05:42:45.449Z,3829,21870,34730
2026-09-19T05:42:45.449Z,53711,289900000,306400000
2026-09-19T05:42:45.449Z,13229,15000000,17240000
2026-09-19T05:42:45.449Z,55596,2001,93740
2026-09-19T05:42:45.449Z,46375,33900000,36970000
2026-09-19T05:42:45.449Z,57122,311500000,419500000
2026-09-19T05:42:45.449Z,60926,8006000,37000000
2026-09-19T05:42:45.449Z,14158,18360000,21990000
2026-09-19T05:42:45.449Z,17455,31.99,37.82
2026-09-19T05:42:45.449Z,3575,228100000,306400000
2026-09-19T05:42:45.449Z,7827,242500,300000
2026-09-19T05:42:45.449Z,88535,0.01,167800
2026-09-19T05:42:45.449Z,48418,841700,2896000
2026-09-19T05:42:45.449Z,19193,155500000,207500000
2026-09-19T05:42:45.449Z,199,100.1,118
2026-09-19T05:42:45.449Z,12761,271,301.6
2026-09-19T05:42:45.449Z,19187,63420000,72900000
2026-09-19T05:42:45.449Z,21029,6351000,7095000
2026-09-19T05:42:45.449Z,12785,78.23,82
2026-09-19T05:42:45.449Z,31876,1904000,2057000
2026-09-19T05:42:45.449Z,89512,5034000,8865000
2026-09-19T05:42:45.449Z,60295,963700,1023000
2026-09-19T05:42:45.449Z,93666,,49960000
2026-09-19T05:42:45.449Z,19117,51800000,87490000
2026-09-19T05:42:45.449Z,15925,4002000,5300000
2026-09-19T05:42:45.449Z,18805,202700,450000
2026-09-19T05:42:45.449Z,31175,153400000,294400000
2026-09-19T05:42:45.449Z,11466,57.22,946.9
2026-09-19T05:42:45.449Z,41489,6.13,10000
2026-09-19T05:42:45.449Z,19107,8371000,9998000
2026-09-19T05:42:45.449Z,48422,501900,1018000
2026-09-19T05:42:45.449Z,47375,269100000,499700000
2026-09-19T05:42:45.449Z,37599,11040000,18250000
2026-09-19T05:42:45.449Z,488,11740,45940
2026-09-19T05:42:45.449Z,19407,1115000,1135000
2026-09-19T05:42:45.449Z,7579,379300,537200
2026-09-19T05:42:45.449Z,26430,14020000,20590000
2026-09-19T05:42:45.449Z,23418,64120000,71380000
2026-09-19T05:42:45.449Z,27335,3819,8983
2026-09-19T05:42:45.449Z,52694,3987000,4214000
2026-09-19T05:42:45.449Z,17470,11.33,12.73
2026-09-19T05:42:45.449Z,37303,200800000,217700000
2026-09-19T05:42:45.449Z,15477,5364000,6096000
2026-09-19T05:42:45.449Z,26368,2212000,12960000
2026-09-19T05:42:45.449Z,6671,2545,2546
2026-09-19T05:42:45.449Z,3193,5245000,7316000
2026-09-19T05:42:45.449Z,18947,257700000,303500000
2026-09-19T05:42:45.449Z,46488,374000000,379900000
2026-09-19T05:42:45.449Z,48744,219100000,291100000
2026-09-19T05:42:45.449Z,17471,12.03,13.2
2026-09-19T05:42:45.449Z,17920,860900000,922100000
2026-09-19T05:42:45.449Z,34080,92330000,155700000
2026-09-19T05:42:45.449Z,30549,4251000,5400000
2026-09-19T05:42:45.449Z,223,9.03,13.86
2026-09-19T05:42:45.449Z,33927,55000000,70990000
2026-09-19T05:42:45.449Z,20565,21950000,44850000
2026-09-19T05:42:45.449Z,6635,120100,187600
2026-09-19T05:42:45.449Z,31376,3199000,3888000
2026-09-19T05:42:45.449Z,31880,1099000,1200000
2026-09-19T05:42:45.449Z,47342,80530000,116200000
2026-09-19T05:42:45.449Z,400,150000,195500
2026-09-19T05:42:45.449Z,589,266500,345000
2026-09-19T05:42:45.449Z,31037,9901000,38990000
2026-09-19T05:42:45.449Z,40626,0.01,5998000000
2026-09-19T05:42:45.449Z,46134,75010000,542900000
2026-09-19T05:42:45.449Z,36310,0.01,10000000000
2026-09-19T05:42:45.449Z,15460,883200,999400
2026-09-19T05:42:45.449Z,30544,4234000,5599000
2026-09-19T05:42:45.449Z,1810,9.15,15.99
2026-09-19T05:42:45.449Z,19269,1395000,2679000
2026-09-19T05:42:45.449Z,11285,3213,3689
2026-09-19T05:42:45.449Z,16481,3100,3101
2026-09-19T05:42:45.449Z,31954,17230000,35870000
2026-09-19T05:42:45.449Z,13873,19730000,21870000
2026-09-19T05:42:45.449Z,17190,304100,900300
2026-09-19T05:42:45.449Z,81013,9103000,23800000
2026-09-19T05:42:45.449Z,27351,1909,2160
2026-09-19T05:42:45.449Z,45539,140400000,167500000
2026-09-19T05:42:45.449Z,31360,3450000,3528000
2026-09-19T05:42:45.449Z,30550,1523000,6400000
2026-09-19T05:42:45.449Z,6569,600.2,1838
2026-09-19T05:42:45.449Z,4256,2641000,3573000
2026-09-19T05:42:45.449Z,3266,80070000,95270000
2026-09-19T05:42:45.449Z,52772,500000,41990000
2026-09-19T05:42:45.449Z,216,6.1,7.49
2026-09-19T05:42:45.449Z,3234,65270000,94100000
2026-09-19T05:42:45.449Z,11539,36790,41930
2026-09-19T05:42:45.449Z,11550,89310,99720
2026-09-19T05:42:45.449Z,2006,9892000,10930000
2026-09-19T05:42:45.449Z,52997,36670000,44680000
2026-09-19T05:42:45.449Z,9762,497600,507000
2026-09-19T05:42:45.449Z,47000,450400,10000000
2026-09-19T05:42:45.449Z,621,9011000,9990000
2026-09-19T05:42:45.449Z,184,12.04,24.5
2026-09-19T05:42:45.449Z,180,6.59,13.97
2026-09-19T05:42:45.449Z,198,61,68
2026-09-19T05:42:45.449Z,88031,3501000,13950000
2026-09-19T05:42:45.449Z,60752,442400,952600
2026-09-19T05:42:45.449Z,48421,143900,387400
2026-09-19T05:42:45.449Z,9247,51620,99630
2026-09-19T05:42:45.449Z,54377,366200000,714900000
2026-09-19T05:42:45.449Z,18933,66370000,84000000
2026-09-19T05:42:45.449Z,30632,4769000,5215000
2026-09-19T05:42:45.449Z,40691,493600000,617500000
2026-09-19T05:42:45.449Z,32414,21710000,23280000
2026-09-19T05:42:45.449Z,34266,,190800
2026-09-19T05:42:45.449Z,54772,5570,23000
2026-09-19T05:42:45.449Z,46494,294200000,365000000
2026-09-19T05:42:45.449Z,83316,1004,166900
2026-09-19T05:42:45.449Z,17720,163900000,176100000
2026-09-19T05:42:45.449Z,2270,3.77,4.54
2026-09-19T05:42:45.449Z,11545,6000,6448
2026-09-19T05:42:45.449Z,22570,19050000,20890000
2026-09-19T05:42:45.449Z,53648,0.01,985000000
2026-09-19T05:42:45.449Z,13259,15310000,16890000
2026-09-19T05:42:45.449Z,1074,4000,478900
2026-09-19T05:42:45.449Z,5647,200,3909
2026-09-19T05:42:45.449Z,3478,548400000,615500000
2026-09-19T05:42:45.449Z,31818,803200,1275000
2026-09-19T05:42:45.449Z,31736,2129000,3351000
2026-09-19T05:42:45.449Z,43862,276400000,360000000
2026-09-19T05:42:45.449Z,23085,211400,236300
2026-09-19T05:42:45.449Z,2605,207800,227000
2026-09-19T05:42:45.449Z,47924,321.5,394
2026-09-19T05:42:45.449Z,6485,1247,3880
2026-09-19T05:42:45.449Z,496,886000,1748000
2026-09-19T05:42:45.449Z,11082,397400,850900
2026-09-19T05:42:45.449Z,20785,131.1,1000
2026-09-19T05:42:45.449Z,27391,302.2,448.9
2026-09-19T05:42:45.449Z,78369,415800000,478500000
2026-09-19T05:42:45.449Z,11689,17130,18730
2026-09-19T05:42:45.449Z,31614,3201000,3397000
2026-09-19T05:42:45.449Z,13967,80210,178600
2026-09-19T05:42:45.449Z,1436,506300,627700
2026-09-19T05:42:45.449Z,27361,703.7,761
2026-09-19T05:42:45.449Z,13240,15390000,16980000
2026-09-19T05:42:45.449Z,16691,50150,5777000
2026-09-19T05:42:45.449Z,14282,738300,350700
2026-09-19T05:42:45.449Z,18891,69260000,99320000
2026-09-19T05:42:45.449Z,6135,8050,75000
2026-09-19T05:42:45.449Z,12530,2228,7951
2026-09-19T05:42:45.449Z,84521,151000,489500
2026-09-19T05:42:45.449Z,92453,225400000,248000000
2026-09-19T05:42:45.449Z,18925,182000000,190700000
2026-09-19T05:42:45.449Z,85479,2451000,11500000
2026-09-19T05:42:45.449Z,57114,206000000,300400000
2026-09-19T05:42:45.449Z,92570,1601,2647
2026-09-19T05:42:45.449Z,18851,403700000,439200000
2026-09-19T05:42:45.449Z,448,1190000,1231000
2026-09-19T05:42:45.449Z,20421,90410,106700
2026-09-19T05:42:45.449Z,82965,20000,669900
2026-09-19T05:42:45.449Z,55512,38480,94920
2026-09-19T05:42:45.449Z,43551,1774000,2056000
2026-09-19T05:42:45.449Z,901,5011,2248000
2026-09-19T05:42:45.449Z,31165,2629000,2798000
2026-09-19T05:42:45.449Z,85553,77770000,221400000
2026-09-19T05:42:45.449Z,32114,5712000,11990000
2026-09-19T05:42:45.449Z,76488,3001000,4893000
2026-09-19T05:42:45.449Z,10631,298100,333100
2026-09-19T05:42:45.449Z,85493,150500000,385000000
2026-09-19T05:42:45.449Z,78821,500700000,4758000000
2026-09-19T05:42:45.449Z,60909,2101000,14970000
2026-09-19T05:42:45.449Z,16667,28610,31980
2026-09-19T05:42:45.449Z,32116,4212000,11690000
2026-09-19T05:42:45.449Z,86118,5786000,25780000
2026-09-19T05:42:45.449Z,56788,781500,959100
2026-09-19T05:42:45.449Z,90499,130.2,1200
2026-09-19T05:42:45.449Z,16248,110000000,117800000
2026-09-19T05:42:45.449Z,620,7374000,8669000
2026-09-19T05:42:45.449Z,60244,56070000,59990000
2026-09-19T05:42:45.449Z,21474,54320000,89170000
2026-09-19T05:42:45.449Z,27095,,778000
2026-09-19T05:42:45.449Z,33360,12750,14300
2026-09-19T05:42:45.449Z,17769,32060,38440
2026-09-19T05:42:45.449Z,32115,5252000,11710000
2026-09-19T05:42:45.449Z,18923,202700,62450000
2026-09-19T05:42:45.449Z,81020,8032000,18970000
2026-09-19T05:42:45.449Z,89668,8700000,47880000
2026-09-19T05:42:45.449Z,18847,10520000,12760000
2026-09-19T05:42:45.449Z,19044,440500000,470400000
2026-09-19T05:42:45.449Z,33528,205200000,230000000
2026-09-19T05:42:45.449Z,32113,1016000,10780000
2026-09-19T05:42:45.449Z,27914,1504000,1658000
2026-09-19T05:42:45.449Z,56071,203500,298300
2026-09-19T05:42:45.449Z,23527,394000,446200
2026-09-19T05:42:45.449Z,45021,,450000000
2026-09-19T05:42:45.449Z,203,169,186.6
2026-09-19T05:42:45.449Z,32112,1037000,10040000
2026-09-19T05:42:45.449Z,26354,,4680000
2026-09-19T05:42:45.449Z,32878,907200,1052000
2026-09-19T05:42:45.449Z,12625,32.09,40
2026-09-19T05:42:45.449Z,879,10,350000
2026-09-19T05:42:45.449Z,41033,11750,13180
2026-09-19T05:42:45.449Z,603,100000,125000
2026-09-19T05:42:45.449Z,46371,111600,264600
2026-09-19T05:42:45.449Z,78782,200100,2615000
2026-09-19T05:42:45.449Z,55663,30030,1900000
2026-09-19T05:42:45.449Z,13883,310000,1290000
2026-09-19T05:42:45.449Z,45620,32970000,35990000
2026-09-19T05:42:45.449Z,44996,8990000000,9450000000
2026-09-19T05:42:45.449Z,54944,17000,49980
2026-09-19T05:42:45.449Z,13965,13310000,19900000
2026-09-19T05:42:45.449Z,42787,1067000,21970000
2026-09-19T05:42:45.449Z,35944,69610000,139100000
2026-09-19T05:42:45.449Z,6925,40010,40020
2026-09-19T05:42:45.449Z,27371,603.7,748.7
2026-09-19T05:42:45.449Z,7127,303000,450000
2026-09-19T05:42:45.449Z,42882,10020000,13580000
2026-09-19T05:42:45.449Z,16064,94220000,104400000
2026-09-19T05:42:45.449Z,77171,55050000,95990000
2026-09-19T05:42:45.449Z,34317,59830000,70480000
2026-09-19T05:42:45.449Z,14232,45730000,70650000
2026-09-19T05:42:45.449Z,25596,2597,2598
2026-09-19T05:42:45.449Z,27066,209000000,451400000
2026-09-19T05:42:45.449Z,57021,3040000,22900000
2026-09-19T05:42:45.449Z,23005,576,1080
2026-09-19T05:42:45.449Z,41533,267400000,288600000
2026-09-19T05:42:45.449Z,7367,79820,179400
2026-09-19T05:42:45.449Z,36911,37240000,56700000
2026-09-19T05:42:45.449Z,182,9.22,11.68
2026-09-19T05:42:45.449Z,15885,11630000,17920000
2026-09-19T05:42:45.449Z,31153,212600,232300
2026-09-19T05:42:45.449Z,18730,61810,2260000
2026-09-19T05:42:45.449Z,37603,116200000,352100000
2026-09-19T05:42:45.449Z,92589,60000,73960
2026-09-19T05:42:45.449Z,73838,110300,647500
2026-09-19T05:42:45.449Z,29984,215100000,230300000
2026-09-19T05:42:45.449Z,94127,20000,88880
2026-09-19T05:42:45.449Z,14112,22500000,35110000
2026-09-19T05:42:45.449Z,12731,140400000,150400000
2026-09-19T05:42:45.449Z,41639,2001000,39990000
2026-09-19T05:42:45.449Z,84430,5370,15000
2026-09-19T05:42:45.449Z,46718,1978000,12000000
2026-09-19T05:42:45.449Z,8865,10010,13400
2026-09-19T05:42:45.449Z,47822,3452000,4235000
2026-09-19T05:42:45.449Z,57479,2909000,3136000
2026-09-19T05:42:45.449Z,31608,180500,289600
2026-09-19T05:42:45.449Z,30987,255900,288700
2026-09-19T05:42:45.449Z,4345,429400000,474500000
2026-09-19T05:42:45.449Z,57461,415100,495100
2026-09-19T05:42:45.449Z,63207,50030000,549800000
2026-09-19T05:42:45.449Z,27453,970.3,1071
2026-09-19T05:42:45.449Z,31460,707100,1145000
2026-09-19T05:42:45.449Z,40633,665100000,849400000
2026-09-19T05:42:45.449Z,14174,11550000,12950000
2026-09-19T05:42:45.449Z,60032,37370000,65000000
2026-09-19T05:42:45.449Z,2046,5948,7688
2026-09-19T05:42:45.449Z,82315,800.6,1127
2026-09-19T05:42:45.449Z,17975,200,251100
2026-09-19T05:42:45.449Z,19201,100700000,149900000
2026-09-19T05:42:45.449Z,23145,56750,134000
2026-09-19T05:42:45.449Z,2203,3114,3360
2026-09-19T05:42:45.449Z,14264,83630000,99580000
2026-09-19T05:42:45.449Z,54400,186500000,218400000
2026-09-19T05:42:45.449Z,625,8116000,9434000
2026-09-19T05:42:45.449Z,26406,70310000,85070000
2026-09-19T05:42:45.449Z,46356,799700,992000
2026-09-19T05:42:45.449Z,20161,784600000,860200000
2026-09-19T05:42:45.449Z,18787,140800,3100000
2026-09-19T05:42:45.449Z,20587,,815000
2026-09-19T05:42:45.449Z,15677,86150000,144100000
2026-09-19T05:42:45.449Z,27415,24720,38000
2026-09-19T05:42:45.449Z,48417,206600,589700
2026-09-19T05:42:45.449Z,41525,58970000,68920000
2026-09-19T05:42:45.449Z,87773,700100,15790000
2026-09-19T05:42:45.449Z,54780,6001,35800
2026-09-19T05:42:45.449Z,54973,18000000,26490000
2026-09-19T05:42:45.449Z,46717,1600000,11450000
2026-09-19T05:42:45.449Z,31720,601000,3483000
2026-09-19T05:42:45.449Z,8133,5531,5543
2026-09-19T05:42:45.449Z,92468,1205000,1320000
2026-09-19T05:42:45.449Z,56880,70010000,134500000
2026-09-19T05:42:45.449Z,62392,95200,130000
2026-09-19T05:42:45.449Z,83201,1000,23990
2026-09-19T05:42:45.449Z,18684,148800000,164100000
2026-09-19T05:42:45.449Z,15462,12690000,19310000
2026-09-19T05:42:45.449Z,10152,14310000,17500000
2026-09-19T05:42:45.449Z,31974,10000000,17770000
2026-09-19T05:42:45.449Z,13894,400100,2750000
2026-09-19T05:42:45.449Z,47032,43100000,61440000
2026-09-19T05:42:45.449Z,20767,73220,105800
2026-09-19T05:42:45.449Z,241,505,1002
2026-09-19T05:42:45.449Z,32093,269000,4382000
2026-09-19T05:42:45.449Z,15759,16500000,22420000
2026-09-19T05:42:45.449Z,5955,140000,140100
2026-09-19T05:42:45.449Z,31652,13990000,15060000
2026-09-19T05:42:45.449Z,25920,2519000,4997000
2026-09-19T05:42:45.449Z,16527,410400,494500
2026-09-19T05:42:45.449Z,37805,21850000,24770000
2026-09-19T05:42:45.449Z,14041,11050000,12930000
2026-09-19T05:42:45.449Z,31418,50070,124400
2026-09-19T05:42:45.449Z,2897,1219000,1349000
2026-09-19T05:42:45.449Z,44208,510000,1390000
2026-09-19T05:42:45.449Z,15889,38520000,43170000
2026-09-19T05:42:45.449Z,45631,31990000,35710000
2026-09-19T05:42:45.449Z,56845,12470000,24470000
2026-09-19T05:42:45.449Z,27174,152700000,163400000
2026-09-19T05:42:45.449Z,47508,5073000,31700000
2026-09-19T05:42:45.449Z,7045,245000,238000
2026-09-19T05:42:45.449Z,42881,18000000,27560000
2026-09-19T05:42:45.449Z,54731,116100000,157800000
2026-09-19T05:42:45.449Z,19337,37350000,45690000
2026-09-19T05:42:45.449Z,47873,612100,1044000
2026-09-19T05:42:45.449Z,37566,7408000,79000000
2026-09-19T05:42:45.449Z,42786,3302000,64210000
2026-09-19T05:42:45.449Z,1565,304100,549300
2026-09-19T05:42:45.449Z,20619,383400,1041000
2026-09-19T05:42:45.449Z,33557,125200000,147900000
2026-09-19T05:42:45.449Z,7493,8110,99520
2026-09-19T05:42:45.449Z,19005,16590000,34980000
2026-09-19T05:42:45.449Z,42797,442500,19800000
2026-09-19T05:42:45.449Z,19555,439000000,600000000
2026-09-19T05:42:45.449Z,16367,332200,332300
2026-09-19T05:42:45.449Z,49799,150000,1770000
2026-09-19T05:42:45.449Z,93736,145300000,336900000
2026-09-19T05:42:45.449Z,29089,409800,578900
2026-09-19T05:42:45.449Z,84135,171000000,276900000
2026-09-19T05:42:45.449Z,3695,6079,7181
2026-09-19T05:42:45.449Z,22975,168.3,500
2026-09-19T05:42:45.449Z,47797,12710,70000
2026-09-19T05:42:45.449Z,16639,471,481.9
2026-09-19T05:42:45.449Z,42770,440300,3640000
2026-09-19T05:42:45.449Z,31810,4075000,4810000
2026-09-19T05:42:45.449Z,31260,27000,16300000
2026-09-19T05:42:45.449Z,3465,48470,107900
2026-09-19T05:42:45.449Z,9944,31420,59990
2026-09-19T05:42:45.449Z,17207,31330000,38180000
2026-09-19T05:42:45.449Z,33527,287400000,319800000
2026-09-19T05:42:45.449Z,20627,2847000,7412000
2026-09-19T05:42:45.449Z,62564,3229,3629
2026-09-19T05:42:45.449Z,33957,42020000,64980000
2026-09-19T05:42:45.449Z,19185,300200000,342000000
2026-09-19T05:42:45.449Z,37532,41880,3800000
2026-09-19T05:42:45.449Z,27341,62190,189700
2026-09-19T05:42:45.449Z,49154,101000000,950000000
2026-09-19T05:42:45.449Z,34282,12830000,13600000
2026-09-19T05:42:45.449Z,3203,2043000,6089000
2026-09-19T05:42:45.449Z,45623,32620000,34630000
2026-09-19T05:42:45.449Z,3697,13650,15850
2026-09-19T05:42:45.449Z,28696,87290,93200
2026-09-19T05:42:45.449Z,45617,18310000,36220000
2026-09-19T05:42:45.449Z,18658,49650000,54990000
2026-09-19T05:42:45.449Z,16272,108.2,114
2026-09-19T05:42:45.449Z,5361,5030,5031
2026-09-19T05:42:45.449Z,32029,50420,3479000
2026-09-19T05:42:45.449Z,27443,71030,109800
2026-09-19T05:42:45.449Z,26100,506300,5678000
2026-09-19T05:42:45.449Z,45614,33560000,35250000
2026-09-19T05:42:45.449Z,94155,61340000,109900000
2026-09-19T05:42:45.449Z,56067,505300,1320000
2026-09-19T05:42:45.449Z,79741,24540000,38990000
2026-09-19T05:42:45.449Z,42204,37430000,40230000
2026-09-19T05:42:45.449Z,9826,253.2,343.1
2026-09-19T05:42:45.449Z,78788,201000,947500
2026-09-19T05:42:45.449Z,46867,1055000,3500000
2026-09-19T05:42:45.449Z,79735,63060,2480000
2026-09-19T05:42:45.449Z,46990,2503000,10760000
2026-09-19T05:42:45.449Z,46850,601100,8000000
2026-09-19T05:42:45.449Z,46967,64110,6243000
2026-09-19T05:42:45.449Z,46926,525200,5006000
2026-09-19T05:42:45.449Z,46839,144400,5924000
2026-09-19T05:42:45.449Z,46899,12770,3973000
2026-09-19T05:42:45.449Z,46969,10010,2000000
2026-09-19T05:42:45.449Z,60911,36760,3796000
2026-09-19T05:42:45.449Z,46918,45110,11920000
2026-09-19T05:42:45.449Z,46849,535300,15450000
2026-09-19T05:42:45.449Z,46862,1106000,12800000
2026-09-19T05:42:45.449Z,57023,1006000,7500000
2026-09-19T05:42:45.449Z,3297,2605,7462
2026-09-19T05:42:45.449Z,30582,13430000,17480000
2026-09-19T05:42:45.449Z,19247,12870000,15880000
2026-09-19T05:42:45.449Z,41237,39230000,58880000
2026-09-19T05:42:45.449Z,27239,147200000,197600000
2026-09-19T05:42:45.449Z,33091,10030,97990
2026-09-19T05:42:45.449Z,15913,26860,512100
2026-09-19T05:42:45.449Z,90404,710700000,1798000000
2026-09-19T05:42:45.449Z,90652,1000,1001
2026-09-19T05:42:45.449Z,23894,94880000,104900000
2026-09-19T05:42:45.449Z,19944,15060,45110
2026-09-19T05:42:45.449Z,2571,1079000,1301000
2026-09-19T05:42:45.449Z,19141,27550000,31990000
2026-09-19T05:42:45.449Z,26418,54810000,66510000
2026-09-19T05:42:45.449Z,16642,1964,2098
2026-09-19T05:42:45.449Z,89949,4404000,43990000
2026-09-19T05:42:45.449Z,3962,77610000,89380000
2026-09-19T05:42:45.449Z,3250,3001,5504000
2026-09-19T05:42:45.449Z,17528,78130000,93840000
2026-09-19T05:42:45.449Z,72872,122600000,133600000
2026-09-19T05:42:45.449Z,22108,26480000,30660000
2026-09-19T05:42:45.449Z,21023,12260000,14840000
2026-09-19T05:42:45.449Z,47308,30000000,125000000
2026-09-19T05:42:45.449Z,22949,25270000,31550000
2026-09-19T05:42:45.449Z,47141,8320000,18430000
2026-09-19T05:42:45.449Z,31740,14900,19930
2026-09-19T05:42:45.449Z,7707,40000,40010
2026-09-19T05:42:45.449Z,9784,501.2,11890
2026-09-19T05:42:45.449Z,1539,22050,24350
2026-09-19T05:42:45.449Z,34179,52100000,70570000
2026-09-19T05:42:45.449Z,206,69.98,89.98
2026-09-19T05:42:45.449Z,62526,21.03,32.97
2026-09-19T05:42:45.449Z,85786,1403000,3292000
2026-09-19T05:42:45.449Z,13972,3706000,4250000
2026-09-19T05:42:45.449Z,21510,23330000,27570000
2026-09-19T05:42:45.449Z,46847,17120000,49000000
2026-09-19T05:42:45.449Z,62383,85300,89870
2026-09-19T05:42:45.449Z,22127,101300000,113700000
2026-09-19T05:42:45.449Z,87573,964700000,1350000000
2026-09-19T05:42:45.449Z,85664,282600000,392200000
2026-09-19T05:42:45.449Z,12486,1163000,2228000
2026-09-19T05:42:45.449Z,57477,91220000,99900000
2026-09-19T05:42:45.449Z,3138,1450000,1559000
2026-09-19T05:42:45.449Z,41058,41940000,55890000
2026-09-19T05:42:45.449Z,12814,145000,153700
2026-09-19T05:42:45.449Z,23815,16260000,65960000
2026-09-19T05:42:45.449Z,79731,29100000,59900000
2026-09-19T05:42:45.449Z,25268,50000,69330
2026-09-19T05:42:45.449Z,28811,397600000,431500000
2026-09-19T05:42:45.449Z,23134,26130000,28110000
2026-09-19T05:42:45.449Z,15895,70720000,76000000
2026-09-19T05:42:45.449Z,79952,79250000,148500000
2026-09-19T05:42:45.449Z,87789,623200,2780000
2026-09-19T05:42:45.449Z,19948,9000,9001
2026-09-19T05:42:45.449Z,41238,40570000,62780000
2026-09-19T05:42:45.449Z,25718,1040000,1966000
2026-09-19T05:42:45.449Z,46636,1155000000,1465000000
2026-09-19T05:42:45.449Z,12199,2338000,2972000
2026-09-19T05:42:45.449Z,28812,128800000,146100000
2026-09-19T05:42:45.449Z,23821,9536000,41690000
2026-09-19T05:42:45.449Z,37878,22000,8695000
2026-09-19T05:42:45.449Z,31592,3142000,3216000
2026-09-19T05:42:45.449Z,41322,2516,3203
2026-09-19T05:42:45.449Z,57015,3006000,4822000
2026-09-19T05:42:45.449Z,14082,113000,443300
2026-09-19T05:42:45.449Z,31794,3912000,4073000
2026-09-19T05:42:45.449Z,31572,26090000,279400000
2026-09-19T05:42:45.449Z,17223,102500,446500
2026-09-19T05:42:45.449Z,4308,63710000,68930000
2026-09-19T05:42:45.449Z,3222,1569000,6190000
2026-09-19T05:42:45.449Z,85506,850400,8900000
2026-09-19T05:42:45.449Z,40351,126000000,134300000
2026-09-19T05:42:45.449Z,79756,27100000,88990000
2026-09-19T05:42:45.449Z,23133,60000,218300
2026-09-19T05:42:45.449Z,592,127800,299400
2026-09-19T05:42:45.449Z,2621,445.1,513.1
2026-09-19T05:42:45.449Z,16297,8600,9800
2026-09-19T05:42:45.449Z,62397,4136,4800
2026-09-19T05:42:45.449Z,21472,66010000,87470000
2026-09-19T05:42:45.449Z,19087,7014000,7894000
2026-09-19T05:42:45.449Z,47887,920.1,1159
2026-09-19T05:42:45.449Z,218,8.08,11.09
2026-09-19T05:42:45.449Z,80014,1.01,2996
2026-09-19T05:42:45.449Z,80019,1.01,2886
2026-09-19T05:42:45.449Z,56203,747200000,840800000
2026-09-19T05:42:45.449Z,3361,1885,149700
2026-09-19T05:42:45.449Z,31888,1080000,1232000
2026-09-19T05:42:45.449Z,60671,300000,3700000
2026-09-19T05:42:45.449Z,16489,15110,15120
2026-09-19T05:42:45.449Z,78914,681600000,3000000000
2026-09-19T05:42:45.449Z,10151,3700000,3985000
2026-09-19T05:42:45.449Z,7585,39110,319300
2026-09-19T05:42:45.449Z,27451,336,599
2026-09-19T05:42:45.449Z,13830,6104000,10800000
2026-09-19T05:42:45.449Z,20629,7607000,12900000
2026-09-19T05:42:45.449Z,26350,500100,2890000
2026-09-19T05:42:45.449Z,55826,1600000000,1895000000
2026-09-19T05:42:45.449Z,13882,410000,1898000
2026-09-19T05:42:45.449Z,10680,406800,447100
2026-09-19T05:42:45.449Z,12237,21470000,27900000
2026-09-19T05:42:45.449Z,3512,995400,1262000
2026-09-19T05:42:45.449Z,3106,562000,869600
2026-09-19T05:42:45.449Z,17500,50880000,56080000
2026-09-19T05:42:45.449Z,2961,4820000,5368000
2026-09-19T05:42:45.449Z,18680,30430000,43780000
2026-09-19T05:42:45.449Z,63058,264300000,446400000
2026-09-19T05:42:45.449Z,3117,5504000,7890000
2026-09-19T05:42:45.449Z,56141,24740000,26820000
2026-09-19T05:42:45.449Z,94020,225700000,398500000
2026-09-19T05:42:45.449Z,12102,3375000,3753000
2026-09-19T05:42:45.449Z,28788,105200000,114700000
2026-09-19T05:42:45.449Z,25956,17800000,18080000
2026-09-19T05:42:45.449Z,1957,9001,44990
2026-09-19T05:42:45.449Z,26256,2439,39900
2026-09-19T05:42:45.449Z,37850,1918000,2221000
2026-09-19T05:42:45.449Z,55358,31000,90100
2026-09-19T05:42:45.449Z,46750,367800,919600
2026-09-19T05:42:45.449Z,2905,440300,547800
2026-09-19T05:42:45.449Z,21486,9235000,22930000
2026-09-19T05:42:45.449Z,18817,13000000,13970000
2026-09-19T05:42:45.449Z,11995,204200000,223600000
2026-09-19T05:42:45.449Z,26258,150,188800
2026-09-19T05:42:45.449Z,45890,330000,3993000
2026-09-19T05:42:45.449Z,20769,17.79,75
2026-09-19T05:42:45.449Z,28197,1465000,2596000
2026-09-19T05:42:45.449Z,13880,904000,1990000
2026-09-19T05:42:45.449Z,47889,2501000,2965000
2026-09-19T05:42:45.449Z,63775,10100,4885000
2026-09-19T05:42:45.449Z,47351,32630000,52990000
2026-09-19T05:42:45.449Z,21937,640.1,740
2026-09-19T05:42:45.449Z,254,8068,18450
2026-09-19T05:42:45.449Z,12054,514600,1496000
2026-09-19T05:42:45.449Z,62560,4900,5511
2026-09-19T05:42:45.449Z,55318,401,3400
2026-09-19T05:42:45.449Z,23105,692700,818000
2026-09-19T05:42:45.449Z,55359,138200,225000
2026-09-19T05:42:45.449Z,15909,8450000,11240000
2026-09-19T05:42:45.449Z,37290,35170000,83180000
2026-09-19T05:42:45.449Z,55338,69.71,69010
2026-09-19T05:42:45.449Z,87831,1600000,3745000
2026-09-19T05:42:45.449Z,50043,477000000,900000000
2026-09-19T05:42:45.449Z,27501,1226,1686
2026-09-19T05:42:45.449Z,236,60,96.92
2026-09-19T05:42:45.449Z,3995,1730000,2037000
2026-09-19T05:42:45.449Z,31959,10080000,164800000
2026-09-19T05:42:45.449Z,28433,194000,210800
2026-09-19T05:42:45.449Z,17365,299500,748700
2026-09-19T05:42:45.449Z,28670,1619000,1928000
2026-09-19T05:42:45.449Z,19133,19900000,23800000
2026-09-19T05:42:45.449Z,91922,1075000,2500000
2026-09-19T05:42:45.449Z,57463,1011000,1135000
2026-09-19T05:42:45.449Z,36411,1000000,6975000
2026-09-19T05:42:45.449Z,27196,23320000,27430000
2026-09-19T05:42:45.449Z,31664,769000,2493000
2026-09-19T05:42:45.449Z,87469,21000000,179900000
2026-09-19T05:42:45.449Z,40552,11230000,13910000
2026-09-19T05:42:45.449Z,61127,2156000,27740000
2026-09-19T05:42:45.449Z,16680,831,831.2
2026-09-19T05:42:45.449Z,11454,83110,664200
2026-09-19T05:42:45.449Z,3265,5443000,6284000
2026-09-19T05:42:45.449Z,22124,320100000,349600000
2026-09-19T05:42:45.449Z,45582,406900,144900000
2026-09-19T05:42:45.449Z,27409,730.1,1595
2026-09-19T05:42:45.449Z,31117,51350,61000
2026-09-19T05:42:45.449Z,37481,38470000,44860000
2026-09-19T05:42:45.449Z,20010,2115,89990
2026-09-19T05:42:45.449Z,27359,1902,2030
2026-09-19T05:42:45.449Z,18704,119400000,145000000
2026-09-19T05:42:45.449Z,91570,7163000,18490000
2026-09-19T05:42:45.449Z,23132,55360000,64000000
2026-09-19T05:42:45.449Z,33619,58590,59860000
2026-09-19T05:42:45.449Z,89955,2620000,3793000
2026-09-19T05:42:45.449Z,26318,13750000,60900000
2026-09-19T05:42:45.449Z,85497,349400,6492000
2026-09-19T05:42:45.449Z,79736,132900,3079000
2026-09-19T05:42:45.449Z,11279,951300,1377000
2026-09-19T05:42:45.449Z,19927,13090,39940
2026-09-19T05:42:45.449Z,3305,2223,89000
2026-09-19T05:42:45.449Z,31421,,1728000
2026-09-19T05:42:45.449Z,84079,21580000,61740000
2026-09-19T05:42:45.449Z,47001,151900,3679000
2026-09-19T05:42:45.449Z,57009,361700,3236000
2026-09-19T05:42:45.449Z,54437,1975000,41640000
2026-09-19T05:42:45.449Z,57110,53140000,92690000
2026-09-19T05:42:45.449Z,36659,,80730000
2026-09-19T05:42:45.449Z,5867,,200.1
2026-09-19T05:42:45.449Z,27373,671,1999
2026-09-19T05:42:45.449Z,15721,1647000,3374000
2026-09-19T05:42:45.449Z,22464,39750000,40640000
2026-09-19T05:42:45.449Z,48656,1508000,279000000
2026-09-19T05:42:45.449Z,31433,,1638000
2026-09-19T05:42:45.449Z,20747,3530,4489
2026-09-19T05:42:45.449Z,31973,122300000,223900000
2026-09-19T05:42:45.449Z,9744,8032,13930
2026-09-19T05:42:45.449Z,27559,55610000,294900000
2026-09-19T05:42:45.449Z,30377,33540,36070
2026-09-19T05:42:45.449Z,79724,256400,1720000
2026-09-19T05:42:45.449Z,85305,2306000,4000000
2026-09-19T05:42:45.449Z,57022,3600000,10990000
2026-09-19T05:42:45.449Z,85533,1838000,6877000
2026-09-19T05:42:45.449Z,21898,427,469.3
2026-09-19T05:42:45.449Z,3446,351,18000
2026-09-19T05:42:45.449Z,9582,1300,1301
2026-09-19T05:42:45.449Z,3276,501600000,671800000
2026-09-19T05:42:45.449Z,77887,28200000,87750000
2026-09-19T05:42:45.449Z,15615,3589000,3800000
2026-09-19T05:42:45.449Z,3210,55000000,99980000
2026-09-19T05:42:45.449Z,85532,721500,5899000
2026-09-19T05:42:45.449Z,56143,24140000,27530000
2026-09-19T05:42:45.449Z,91927,3791000,12760000
2026-09-19T05:42:45.449Z,26253,150,50000
2026-09-19T05:42:45.449Z,19980,877.3,2497
2026-09-19T05:42:45.449Z,33139,2024000,2419000
2026-09-19T05:42:45.449Z,19191,422100000,459400000
2026-09-19T05:42:45.449Z,25709,19100,19110
2026-09-19T05:42:45.449Z,24700,46870000,52450000
2026-09-19T05:42:45.449Z,47892,23510,35360
2026-09-19T05:42:45.449Z,47905,1710000,1925000
2026-09-19T05:42:45.449Z,24488,29.31,66.99
2026-09-19T05:42:45.449Z,47783,1000000,1600000
2026-09-19T05:42:45.449Z,4247,17930,18520
2026-09-19T05:42:45.449Z,83467,2145000,2282000
2026-09-19T05:42:45.449Z,78267,9701000000,12960000000
2026-09-19T05:42:45.449Z,92954,19010,25700
2026-09-19T05:42:45.449Z,23073,11690,296700
2026-09-19T05:42:45.449Z,84420,2705,7000
2026-09-19T05:42:45.449Z,3359,1600,1602
2026-09-19T05:42:45.449Z,45999,8881000,9940000
2026-09-19T05:42:45.449Z,17930,53200000,58450000
2026-09-19T05:42:45.449Z,47805,507600,700000
2026-09-19T05:42:45.449Z,94064,560000000,648300000
2026-09-19T05:42:45.449Z,40631,300400000,617000000
2026-09-19T05:42:45.449Z,85676,3810000,20000000
2026-09-19T05:42:45.449Z,60915,426300,3573000
2026-09-19T05:42:45.449Z,56850,592000000,700000000
2026-09-19T05:42:45.449Z,92284,125200000,126000000
2026-09-19T05:42:45.449Z,53904,25940000,100000000
2026-09-19T05:42:45.449Z,49432,1003000,2890000
2026-09-19T05:42:45.449Z,43658,121700000,177400000
2026-09-19T05:42:45.449Z,43775,549000000,633900000
2026-09-19T05:42:45.449Z,13984,12100000,14200000
2026-09-19T05:42:45.449Z,11542,4900,5008
2026-09-19T05:42:45.449Z,31788,209200,237200
2026-09-19T05:42:45.449Z,52915,99930000,116500000
2026-09-19T05:42:45.449Z,31700,400000,2523000
2026-09-19T05:42:45.449Z,28435,363900,462800
2026-09-19T05:42:45.449Z,30378,55130,59910
2026-09-19T05:42:45.449Z,53898,162800000,199200000
2026-09-19T05:42:45.449Z,25276,117100,118300
2026-09-19T05:42:45.449Z,627,9231000,11420000
2026-09-19T05:42:45.449Z,85151,340000,1269000
2026-09-19T05:42:45.449Z,91973,36610000,70000000
2026-09-19T05:42:45.449Z,82055,1002000,19690000
2026-09-19T05:42:45.449Z,22997,501.4,991.5
2026-09-19T05:42:45.449Z,8903,90520,236300
2026-09-19T05:42:45.449Z,31077,10800,4767000
2026-09-19T05:42:45.449Z,18869,34070000,41780000
2026-09-19T05:42:45.449Z,53905,69120000,142000000
2026-09-19T05:42:45.449Z,84677,637600000,1000000000
2026-09-19T05:42:45.449Z,46946,10050,9770000
2026-09-19T05:42:45.449Z,16505,93340,263900
2026-09-19T05:42:45.449Z,46971,25020,3848000
2026-09-19T05:42:45.449Z,2547,511500,676200
2026-09-19T05:42:45.449Z,85504,233200,2863000
2026-09-19T05:42:45.449Z,42752,250100,4892000
2026-09-19T05:42:45.449Z,32787,39280,44940
2026-09-19T05:42:45.449Z,37451,1137000,1343000
2026-09-19T05:42:45.449Z,52283,900000,2480000
2026-09-19T05:42:45.449Z,57493,1,21000000
2026-09-19T05:42:45.449Z,28334,604.1,667.8
2026-09-19T05:42:45.449Z,14140,27250000,29390000
2026-09-19T05:42:45.449Z,454,18300,55540
2026-09-19T05:42:45.449Z,243,1251,1252
2026-09-19T05:42:45.449Z,86112,14610000,44980000
2026-09-19T05:42:45.449Z,23061,4980000,5100000
2026-09-19T05:42:45.449Z,95673,1003000,3298000
2026-09-19T05:42:45.449Z,32340,9161000,17240000
2026-09-19T05:42:45.449Z,12816,224200,240000
2026-09-19T05:42:45.449Z,55332,1.23,13000
2026-09-19T05:42:45.449Z,33442,801.6,13010
2026-09-19T05:42:45.449Z,11688,17540,18440
2026-09-19T05:42:45.449Z,44936,8530000,37330000
2026-09-19T05:42:45.449Z,13250,15320000,17660000
2026-09-19T05:42:45.449Z,20589,4985000,4987000
2026-09-19T05:42:45.449Z,46982,332100,4172000
2026-09-19T05:42:45.449Z,23174,3610000,3640000
2026-09-19T05:42:45.449Z,12019,155500000,179700000
2026-09-19T05:42:45.449Z,26450,75480000,75490000
2026-09-19T05:42:45.449Z,33955,49850000,55000000
2026-09-19T05:42:45.449Z,21074,3008000,3984000
2026-09-19T05:42:45.449Z,4292,97370000,104100000
2026-09-19T05:42:45.449Z,33441,19210,19220
2026-09-19T05:42:45.449Z,84174,60000,122700
2026-09-19T05:42:45.449Z,47010,305200,4659000
2026-09-19T05:42:45.449Z,91255,6500000,14500000
2026-09-19T05:42:45.449Z,37300,197600000,222700000
2026-09-19T05:42:45.449Z,47316,3289000,22960000
2026-09-19T05:42:45.449Z,49705,21150,499200
2026-09-19T05:42:45.449Z,52303,759300000,2088000000
2026-09-19T05:42:45.449Z,55557,69.7,69010
2026-09-19T05:42:45.449Z,33816,70010000,74880000
2026-09-19T05:42:45.449Z,53901,327500000,415900000
2026-09-19T05:42:45.449Z,47257,290000,334000
2026-09-19T05:42:45.449Z,15600,26180,26190
2026-09-19T05:42:45.449Z,27122,109400000,118400000
2026-09-19T05:42:45.449Z,16513,18000,18010
2026-09-19T05:42:45.449Z,46947,640.2,2993000
2026-09-19T05:42:45.449Z,18674,81830000,93700000
2026-09-19T05:42:45.449Z,83468,2822000,3099000
2026-09-19T05:42:45.449Z,16213,333500000,412800000
2026-09-19T05:42:45.449Z,2287,4.22,4.57
2026-09-19T05:42:45.449Z,46540,517100000,7372000000
2026-09-19T05:42:45.449Z,13931,16610000,21490000
2026-09-19T05:42:45.449Z,31238,33980,64800
2026-09-19T05:42:45.449Z,92980,20020,32240000
2026-09-19T05:42:45.449Z,78778,2113000,7999000
2026-09-19T05:42:45.449Z,34487,101400000,137900000
2026-09-19T05:42:45.449Z,259,25000,27110
2026-09-19T05:42:45.449Z,16638,621.6,684.6
2026-09-19T05:42:45.449Z,81010,53980000,225800000
2026-09-19T05:42:45.449Z,52308,128600,235000
2026-09-19T05:42:45.449Z,12056,71260,98870
2026-09-19T05:42:45.449Z,19335,259400000,286800000
2026-09-19T05:42:45.449Z,3520,1650000,1726000
2026-09-19T05:42:45.449Z,46831,117100,4492000
2026-09-19T05:42:45.449Z,5745,2122,2124
2026-09-19T05:42:45.449Z,12735,96510000,104400000
2026-09-19T05:42:45.449Z,3469,1150000,1940000
2026-09-19T05:42:45.449Z,1541,521900,590700
2026-09-19T05:42:45.449Z,42791,421200,10000000
2026-09-19T05:42:45.449Z,32949,906000000,2195000000
2026-09-19T05:42:45.449Z,28758,33050000,35700000
2026-09-19T05:42:45.449Z,61199,861100,1062000
2026-09-19T05:42:45.449Z,73403,1502000,5898000
2026-09-19T05:42:45.449Z,58972,479100,542900
2026-09-19T05:42:45.449Z,14226,1402000,7199000
2026-09-19T05:42:45.449Z,23791,4002,11990
2026-09-19T05:42:45.449Z,58883,3067000,108900000
2026-09-19T05:42:45.449Z,76150,42070,52880000
2026-09-19T05:42:45.449Z,79618,131000000,359500000
2026-09-19T05:42:45.449Z,92462,1784000,3422000
2026-09-19T05:42:45.449Z,95556,325200000,379300000
2026-09-19T05:42:45.449Z,31628,11990000,18120000
2026-09-19T05:42:45.449Z,27447,914.1,997.9
2026-09-19T05:42:45.449Z,28364,7760,8101
2026-09-19T05:42:45.449Z,30744,175000,188700
2026-09-19T05:42:45.449Z,34354,1.01,8970000
2026-09-19T05:42:45.449Z,63870,121800,3999000
2026-09-19T05:42:45.449Z,43701,32680000,37100000
2026-09-19T05:42:45.449Z,33783,3788000,41470000
2026-09-19T05:42:45.449Z,17621,3263000,7492000
2026-09-19T05:42:45.449Z,22119,26010000,29000000
2026-09-19T05:42:45.449Z,40361,5778000,6277000
2026-09-19T05:42:45.449Z,23115,633800,942700
2026-09-19T05:42:45.449Z,53706,210000000,222200000
2026-09-19T05:42:45.449Z,3534,529400000,648000000
2026-09-19T05:42:45.449Z,11132,12060,15030
2026-09-19T05:42:45.449Z,17368,2051000,2588000
2026-09-19T05:42:45.449Z,20002,26.25,909.5
2026-09-19T05:42:45.449Z,57207,59830000,69620000
2026-09-19T05:42:45.449Z,27435,974.6,1074
2026-09-19T05:42:45.449Z,83373,80000,339800
2026-09-19T05:42:45.449Z,20183,1200000000,1446000000
2026-09-19T05:42:45.449Z,11985,124400000,145700000
2026-09-19T05:42:45.449Z,41082,51120000,166500000
2026-09-19T05:42:45.449Z,87791,33100000,41650000
2026-09-19T05:42:45.449Z,19233,141100,189900
2026-09-19T05:42:45.449Z,60289,585500,696700
2026-09-19T05:42:45.449Z,1182,4401,13550
2026-09-19T05:42:45.449Z,31201,50250,88280
2026-09-19T05:42:45.449Z,6001,23500,32730
2026-09-19T05:42:45.449Z,27918,1109000,1575000
2026-09-19T05:42:45.449Z,13773,67950,4499000
2026-09-19T05:42:45.449Z,31169,202000000,315800000
2026-09-19T05:42:45.449Z,83342,80070,1505000
2026-09-19T05:42:45.449Z,85150,1200000,2488000
2026-09-19T05:42:45.449Z,62457,602,603.2
2026-09-19T05:42:45.449Z,44158,306900,3399000
2026-09-19T05:42:45.449Z,21926,708.3,1059
2026-09-19T05:42:45.449Z,56142,25020000,26230000
2026-09-19T05:42:45.449Z,78411,2104000,102100000
2026-09-19T05:42:45.449Z,18666,104300000,118800000
2026-09-19T05:42:45.449Z,83214,20000,27960
2026-09-19T05:42:45.449Z,96335,160000000,315000000
2026-09-19T05:42:45.449Z,33334,5554,12500
2026-09-19T05:42:45.449Z,22440,726300000,779000000
2026-09-19T05:42:45.449Z,29069,50650,617600
2026-09-19T05:42:45.449Z,4051,16300,17400
2026-09-19T05:42:45.449Z,7369,48110,65890
2026-09-19T05:42:45.449Z,26358,8531000,57080000
2026-09-19T05:42:45.449Z,88621,40010,2725000
2026-09-19T05:42:45.449Z,37631,289400000,306700000
2026-09-19T05:42:45.449Z,3116,539600000,590600000
2026-09-19T05:42:45.449Z,19260,2599000,4950000
2026-09-19T05:42:45.449Z,25273,49470,65300
2026-09-19T05:42:45.449Z,46892,320200,2949000
2026-09-19T05:42:45.449Z,76492,11990000,24110000
2026-09-19T05:42:45.449Z,54364,174500000,231100000
2026-09-19T05:42:45.449Z,55650,1004,475000
2026-09-19T05:42:45.449Z,31041,6229000,9719000
2026-09-19T05:42:45.449Z,31199,35140000,268900000
2026-09-19T05:42:45.449Z,54363,1615000,128800000
2026-09-19T05:42:45.449Z,16433,6200,17630
2026-09-19T05:42:45.449Z,79734,300400,3500000
2026-09-19T05:42:45.449Z,47829,226000,985200
2026-09-19T05:42:45.449Z,26076,200000,336900
2026-09-19T05:42:45.449Z,21039,9929000,10340000
2026-09-19T05:42:45.449Z,62626,66160000,76270000
2026-09-19T05:42:45.449Z,78794,504400,6249000
2026-09-19T05:42:45.449Z,42775,200600,4691000
2026-09-19T05:42:45.449Z,42755,350300,4400000
2026-09-19T05:42:45.449Z,17209,1361,20000
2026-09-19T05:42:45.449Z,33063,3250000,3251000
2026-09-19T05:42:45.449Z,24569,24350000,41650000
2026-09-19T05:42:45.449Z,23053,1366,1593
2026-09-19T05:42:45.449Z,46001,111900,124500
2026-09-19T05:42:45.449Z,2306,2.81,3.93
2026-09-19T05:42:45.449Z,19266,60850000,67400000
2026-09-19T05:42:45.449Z,5693,5008,5009
2026-09-19T05:42:45.449Z,31688,4040000,7031000
2026-09-19T05:42:45.449Z,2305,3.32,4.22
2026-09-19T05:42:45.449Z,34489,270900000,289700000
2026-09-19T05:42:45.449Z,52201,10140,539700
2026-09-19T05:42:45.449Z,3496,795500,1010000
2026-09-19T05:42:45.449Z,75907,420000000,1499000000
2026-09-19T05:42:45.449Z,31562,110100,182600
2026-09-19T05:42:45.449Z,634,8476000,10070000
2026-09-19T05:42:45.449Z,19029,39600000,42950000
2026-09-19T05:42:45.449Z,31410,38020000,47720000
2026-09-19T05:42:45.449Z,85465,359900000,800000000
2026-09-19T05:42:45.449Z,29045,724100,1797000
2026-09-19T05:42:45.449Z,21894,1117,1254
2026-09-19T05:42:45.449Z,31378,11730000,12160000
2026-09-19T05:42:45.449Z,27148,111200000,119800000
2026-09-19T05:42:45.449Z,37546,750300,977600
2026-09-19T05:42:45.449Z,94154,20300000,50000000
2026-09-19T05:42:45.449Z,9957,14480000,16500000
2026-09-19T05:42:45.449Z,11365,17230000,18960000
2026-09-19T05:42:45.449Z,31085,,1827000
2026-09-19T05:42:45.449Z,17200,51300,415400
2026-09-19T05:42:45.449Z,46973,101200,5990000
2026-09-19T05:42:45.449Z,624,9925000,11800000
2026-09-19T05:42:45.449Z,31902,30080000,32820000
2026-09-19T05:42:45.449Z,46963,8022,3969000
2026-09-19T05:42:45.449Z,52787,55010000,166400000
2026-09-19T05:42:45.449Z,14130,5524000,6580000
2026-09-19T05:42:45.449Z,31067,33080000,40910000
2026-09-19T05:42:45.449Z,45882,200100,2085000
2026-09-19T05:42:45.449Z,37544,5000,5001
2026-09-19T05:42:45.449Z,13001,1399000,1638000
2026-09-19T05:42:45.449Z,3238,81530000,97990000
2026-09-19T05:42:45.449Z,92283,128000000,162800000
2026-09-19T05:42:45.449Z,13216,15360000,16700000
2026-09-19T05:42:45.449Z,11453,11470000,12980000
2026-09-19T05:42:45.449Z,40696,131000000,166300000
2026-09-19T05:42:45.449Z,26259,1523,1524
2026-09-19T05:42:45.449Z,85747,18320000,20000000
2026-09-19T05:42:45.449Z,28377,93560000,103800000
2026-09-19T05:42:45.449Z,85230,18820000,25740000
2026-09-19T05:42:45.449Z,20573,4110000,7395000
2026-09-19T05:42:45.449Z,43814,1073000,125000000
2026-09-19T05:42:45.449Z,22782,1906000,2086000
2026-09-19T05:42:45.449Z,88468,10000,340000
2026-09-19T05:42:45.449Z,5342,4005,13440
2026-09-19T05:42:45.449Z,3144,3805000,6794000
2026-09-19T05:42:45.449Z,33559,136100000,160900000
2026-09-19T05:42:45.449Z,84680,384000000,530000000
2026-09-19T05:42:45.449Z,95674,2536000,3215000
2026-09-19T05:42:45.449Z,17765,145200,304500
2026-09-19T05:42:45.449Z,28809,89010000,98750000
2026-09-19T05:42:45.449Z,90468,10470000,13840000
2026-09-19T05:42:45.449Z,3182,50000000,97990000
2026-09-19T05:42:45.449Z,47813,73350,200000
2026-09-19T05:42:45.449Z,1944,1116000,2494000
2026-09-19T05:42:45.449Z,27147,8066000,17990000
2026-09-19T05:42:45.449Z,33948,77000000,102600000
2026-09-19T05:42:45.449Z,32311,381900000,398200000
2026-09-19T05:42:45.449Z,46111,1020000,2960000
2026-09-19T05:42:45.449Z,48187,4801000,13990000
2026-09-19T05:42:45.449Z,24663,102600000,111900000
2026-09-19T05:42:45.449Z,18911,55660000,80000000
2026-09-19T05:42:45.449Z,45744,11040000,25550000
2026-09-19T05:42:45.449Z,33971,65010000,79970000
2026-09-19T05:42:45.449Z,13970,2898000,3485000
2026-09-19T05:42:45.449Z,11287,5006,6988
2026-09-19T05:42:45.449Z,62628,34370000,37720000
2026-09-19T05:42:45.449Z,22806,109300,150000
2026-09-19T05:42:45.449Z,55630,111.1,80000
2026-09-19T05:42:45.449Z,31716,21000,27000
2026-09-19T05:42:45.449Z,3328,400.4,8800
2026-09-19T05:42:45.449Z,23856,51200000,71200000
2026-09-19T05:42:45.449Z,79720,680700,999700
2026-09-19T05:42:45.449Z,31868,2786000,3985000
2026-09-19T05:42:45.449Z,57008,509700,2100000
2026-09-19T05:42:45.449Z,46846,205.4,6250000
2026-09-19T05:42:45.449Z,609,212600,421000
2026-09-19T05:42:45.449Z,3687,410.2,795
2026-09-19T05:42:45.449Z,520,40200,56640
2026-09-19T05:42:45.449Z,46039,78750000,173700000
2026-09-19T05:42:45.449Z,31570,7511000,18090000
2026-09-19T05:42:45.449Z,16671,74,83.5
2026-09-19T05:42:45.449Z,83231,40000,1298000
2026-09-19T05:42:45.449Z,672,13350,17960
2026-09-19T05:42:45.449Z,85746,3646,4148
2026-09-19T05:42:45.449Z,41215,19640000,21320000
2026-09-19T05:42:45.449Z,45832,2220000,64600000
2026-09-19T05:42:45.449Z,20575,4103000,5650000
2026-09-19T05:42:45.449Z,18927,127100000,133400000
2026-09-19T05:42:45.449Z,1808,35240,78000
2026-09-19T05:42:45.449Z,62633,70540000,83490000
2026-09-19T05:42:45.449Z,37820,19350000,23740000
2026-09-19T05:42:45.449Z,45793,2314000,8665000
2026-09-19T05:42:45.449Z,22468,250000000,271800000
2026-09-19T05:42:45.449Z,2589,150000000,160000000
2026-09-19T05:42:45.449Z,7491,345.2,43500
2026-09-19T05:42:45.449Z,2446,1283000,1411000
2026-09-19T05:42:45.449Z,27367,,471.9
2026-09-19T05:42:45.449Z,28332,912,1025
2026-09-19T05:42:45.449Z,47003,66530,5897000
2026-09-19T05:42:45.449Z,1447,372900,418900
2026-09-19T05:42:45.449Z,20351,1656000,1804000
2026-09-19T05:42:45.449Z,47963,5656000,310000000
2026-09-19T05:42:45.449Z,56065,2586,6000
2026-09-19T05:42:45.449Z,11561,185800,416000
2026-09-19T05:42:45.449Z,24427,799000,978500
2026-09-19T05:42:45.449Z,1977,4562,18770
2026-09-19T05:42:45.449Z,78624,259000000,308700000
2026-09-19T05:42:45.449Z,16407,54730,54740
2026-09-19T05:42:45.449Z,35835,758500000,839300000
2026-09-19T05:42:45.449Z,47922,47600000,55390000
2026-09-19T05:42:45.449Z,91936,2350000,3199000
2026-09-19T05:42:45.449Z,210,11.8,15.45
2026-09-19T05:42:45.449Z,54993,82850000,137000000
2026-09-19T05:42:45.449Z,55531,,295000
2026-09-19T05:42:45.449Z,2363,24170,37790
2026-09-19T05:42:45.449Z,15464,10940000,12340000
2026-09-19T05:42:45.449Z,20745,600,2271
2026-09-19T05:42:45.449Z,30371,3879,4429
2026-09-19T05:42:45.449Z,54783,16560,17880
2026-09-19T05:42:45.449Z,5181,469.3,10000
2026-09-19T05:42:45.449Z,2868,2260000,2391000
2026-09-19T05:42:45.449Z,84404,1525,5996
2026-09-19T05:42:45.449Z,34414,10540000,11800000
2026-09-19T05:42:45.449Z,4302,62370000,69970000
2026-09-19T05:42:45.449Z,46871,608400,9997000
2026-09-19T05:42:45.449Z,30614,17630000,21810000
2026-09-19T05:42:45.449Z,29055,105600,463700
2026-09-19T05:42:45.449Z,23111,614400,884800
2026-09-19T05:42:45.449Z,11188,17620000,18830000
2026-09-19T05:42:45.449Z,5973,307100,418500
2026-09-19T05:42:45.449Z,55672,5000,50000
2026-09-19T05:42:45.449Z,56783,4013000,39410000
2026-09-19T05:42:45.449Z,26378,,6490000
2026-09-19T05:42:45.449Z,26362,1050000,20490000
2026-09-19T05:42:45.449Z,25916,1770000,8723000
2026-09-19T05:42:45.449Z,3166,41750000,69990000
2026-09-19T05:42:45.449Z,12239,34020000,41430000
2026-09-19T05:42:45.449Z,31113,13120000,13130000
2026-09-19T05:42:45.449Z,62631,60380000,75790000
2026-09-19T05:42:45.449Z,91283,162700000,241100000
2026-09-19T05:42:45.449Z,90412,1626000,14090000
2026-09-19T05:42:45.449Z,90411,56460000,64840000
2026-09-19T05:42:45.449Z,75910,270500000,777800000
2026-09-19T05:42:45.449Z,19539,975600000,1140000000
2026-09-19T05:42:45.449Z,23161,26.03,59.65
2026-09-19T05:42:45.449Z,31956,34520000,51420000
2026-09-19T05:42:45.449Z,45939,129200,1999000
2026-09-19T05:42:45.449Z,14132,6947000,27790000
2026-09-19T05:42:45.449Z,8225,8000,9734
2026-09-19T05:42:45.449Z,2455,7009,265000
2026-09-19T05:42:45.449Z,60463,1833000,2499000
2026-09-19T05:42:45.449Z,13892,9110000,12670000
2026-09-19T05:42:45.449Z,93908,70040000,114800000
2026-09-19T05:42:45.449Z,13878,9050000,10000000
2026-09-19T05:42:45.449Z,45905,504200,11730000
2026-09-19T05:42:45.449Z,2395,799.7,843
2026-09-19T05:42:45.449Z,60302,638700,2875000
2026-09-19T05:42:45.449Z,94036,,43840000
2026-09-19T05:42:45.449Z,24478,25,47.68
2026-09-19T05:42:45.449Z,61190,68250000,650300000
2026-09-19T05:42:45.449Z,56291,7466000,13140000
2026-09-19T05:42:45.449Z,89648,18650000,20990000
2026-09-19T05:42:45.449Z,483,8003,10920
2026-09-19T05:42:45.449Z,80937,202300,1540000
2026-09-19T05:42:45.449Z,3412,225,500000
2026-09-19T05:42:45.449Z,3331,150.7,9970
2026-09-19T05:42:45.449Z,3330,303.5,45000
2026-09-19T05:42:45.449Z,63030,112100,4961000
2026-09-19T05:42:45.449Z,54561,75060000,249900000
2026-09-19T05:42:45.449Z,27465,1620,2522
2026-09-19T05:42:45.449Z,4242,203000,3237000
2026-09-19T05:42:45.449Z,17555,14,764800
2026-09-19T05:42:45.449Z,32436,847.9,4696
2026-09-19T05:42:45.449Z,42829,319.5,376.4
2026-09-19T05:42:45.449Z,2603,1850,1851
2026-09-19T05:42:45.449Z,17496,621600,1587000
2026-09-19T05:42:45.449Z,83062,0.01,96980
2026-09-19T05:42:45.449Z,17816,1200000,4899000
2026-09-19T05:42:45.449Z,29613,53000000,160000000
2026-09-19T05:42:45.449Z,88716,97720000,110000000
2026-09-19T05:42:45.449Z,17557,140,399900
2026-09-19T05:42:45.449Z,20759,349,1600
2026-09-19T05:42:45.449Z,85542,390800,4184000
2026-09-19T05:42:45.449Z,12068,2916000,3243000
2026-09-19T05:42:45.449Z,15683,102500000,117100000
2026-09-19T05:42:45.449Z,19245,15450000,17900000
2026-09-19T05:42:45.449Z,33964,146800000,185300000
2026-09-19T05:42:45.449Z,27105,410000,781100
2026-09-19T05:42:45.449Z,89953,20000,250500
2026-09-19T05:42:45.449Z,88852,965200,1071000
2026-09-19T05:42:45.449Z,19025,110300000,123900000
2026-09-19T05:42:45.449Z,30836,816100,899100
2026-09-19T05:42:45.449Z,221,16.51,18.4
2026-09-19T05:42:45.449Z,55554,69.7,236200
2026-09-19T05:42:45.449Z,31443,,1087000
2026-09-19T05:42:45.449Z,55599,100.5,169800
2026-09-19T05:42:45.449Z,85501,552000,6549000
2026-09-19T05:42:45.449Z,85758,35050,49070
2026-09-19T05:42:45.449Z,85085,7697000,9592000
2026-09-19T05:42:45.449Z,25275,41110,74510
2026-09-19T05:42:45.449Z,578,148100,171600
2026-09-19T05:42:45.449Z,28752,136700000,149200000
2026-09-19T05:42:45.449Z,53208,10010000,24900000
2026-09-19T05:42:45.449Z,7535,8618,104700
2026-09-19T05:42:45.449Z,2205,312600,360400
2026-09-19T05:42:45.449Z,18897,60170000,88950000
2026-09-19T05:42:45.449Z,24348,1859000,2008000
2026-09-19T05:42:45.449Z,14186,23010000,25490000
2026-09-19T05:42:45.449Z,60944,2206000,5612000
2026-09-19T05:42:45.449Z,18849,363300000,401400000
2026-09-19T05:42:45.449Z,26288,56820000,61760000
2026-09-19T05:42:45.449Z,55595,99.9,39990
2026-09-19T05:42:45.449Z,13247,9494000,18150000
2026-09-19T05:42:45.449Z,91928,19220000,76920000
2026-09-19T05:42:45.449Z,19537,80000000,108700000
2026-09-19T05:42:45.449Z,42783,416600,6989000
2026-09-19T05:42:45.449Z,405,3091000,24840000
2026-09-19T05:42:45.449Z,47756,8037000,9049000
2026-09-19T05:42:45.449Z,35836,6901000000,7397000000
2026-09-19T05:42:45.449Z,92986,1000000,25950000
2026-09-19T05:42:45.449Z,4347,1187000000,1332000000
2026-09-19T05:42:45.449Z,1304,5090,33000
2026-09-19T05:42:45.449Z,56795,700000,20990000
2026-09-19T05:42:45.449Z,17912,4953000,5598000
2026-09-19T05:42:45.449Z,31053,13010000,16480000
2026-09-19T05:42:45.449Z,32817,406100,548300
2026-09-19T05:42:45.449Z,53383,1000,567900
2026-09-19T05:42:45.449Z,19421,124400000,132900000
2026-09-19T05:42:45.449Z,40564,14330000,19370000
2026-09-19T05:42:45.449Z,57471,19820000,21030000
2026-09-19T05:42:45.449Z,21089,15100,500000
2026-09-19T05:42:45.449Z,11476,315.5,599
2026-09-19T05:42:45.449Z,92392,7551000,8646000
2026-09-19T05:42:45.449Z,36506,70720,1289000
2026-09-19T05:42:45.449Z,91963,2000000,2900000
2026-09-19T05:42:45.449Z,26290,57250000,63430000
2026-09-19T05:42:45.449Z,31005,5003000,9618000
2026-09-19T05:42:45.449Z,522,15040000,49930000
2026-09-19T05:42:45.449Z,31322,161500,248300
2026-09-19T05:42:45.449Z,18887,52270000,103300000
2026-09-19T05:42:45.449Z,20500,14290000,20260000
2026-09-19T05:42:45.449Z,25561,5016,22950
2026-09-19T05:42:45.449Z,26292,51350000,62420000
2026-09-19T05:42:45.449Z,24558,15440000,17000000
2026-09-19T05:42:45.449Z,19700,78000000,100000000
2026-09-19T05:42:45.449Z,64196,68230000,315800000
2026-09-19T05:42:45.449Z,41062,101400000,123700000
2026-09-19T05:42:45.449Z,92514,225600000,285200000
2026-09-19T05:42:45.449Z,8867,4210,18900
2026-09-19T05:42:45.449Z,54770,2000,9299
2026-09-19T05:42:45.449Z,23864,1790000,15220000
2026-09-19T05:42:45.449Z,31083,263400,355800
2026-09-19T05:42:45.449Z,56281,1402,393500
2026-09-19T05:42:45.449Z,20508,289000000,329200000
2026-09-19T05:42:45.449Z,91105,500500,963900
2026-09-19T05:42:45.449Z,60515,60290000,74990000
2026-09-19T05:42:45.449Z,3993,571400,995400
2026-09-19T05:42:45.449Z,73794,16640000,17910000
2026-09-19T05:42:45.449Z,91100,67490000,213900000
2026-09-19T05:42:45.449Z,19286,3334000,3806000
2026-09-19T05:42:45.449Z,63114,15520000,88850000
2026-09-19T05:42:45.449Z,32025,119700,976400
2026-09-19T05:42:45.449Z,7621,25060,176900
2026-09-19T05:42:45.449Z,16003,80410000,118500000
2026-09-19T05:42:45.449Z,26060,100500,4786000
2026-09-19T05:42:45.449Z,21721,3758000,4000000
2026-09-19T05:42:45.449Z,60314,4993000,5551000
2026-09-19T05:42:45.449Z,78622,65010000,70800000
2026-09-19T05:42:45.449Z,45586,33950000,37220000
2026-09-19T05:42:45.449Z,91126,8006000,32990000
2026-09-19T05:42:45.449Z,11442,9771000,13000000
2026-09-19T05:42:45.449Z,583,361300,439700
2026-09-19T05:42:45.449Z,47056,5600000,34000000
2026-09-19T05:42:45.449Z,81122,14910000,44400000
2026-09-19T05:42:45.449Z,4471,9307,14560
2026-09-19T05:42:45.449Z,19213,100000,100100
2026-09-19T05:42:45.449Z,12753,148200000,158800000
2026-09-19T05:42:45.449Z,58966,1279000,1589000
2026-09-19T05:42:45.449Z,53897,129000000,168400000
2026-09-19T05:42:45.449Z,15711,4010000,5987000
2026-09-19T05:42:45.449Z,92952,22040,23000
2026-09-19T05:42:45.449Z,91632,301100000,360000000
2026-09-19T05:42:45.449Z,19976,,459.7
2026-09-19T05:42:45.449Z,36908,21330000,23170000
2026-09-19T05:42:45.449Z,24541,370.1,507
2026-09-19T05:42:45.449Z,54714,14060,439000
2026-09-19T05:42:45.449Z,21035,11480000,12660000
2026-09-19T05:42:45.449Z,47823,413200,788500
2026-09-19T05:42:45.449Z,14156,17540000,18850000
2026-09-19T05:42:45.449Z,28199,1951000,2751000
2026-09-19T05:42:45.449Z,62539,,231
2026-09-19T05:42:45.449Z,3041,620900,692400
2026-09-19T05:42:45.449Z,46895,213900,3440000
2026-09-19T05:42:45.449Z,486,6053,29880
2026-09-19T05:42:45.449Z,33176,56630,89880
2026-09-19T05:42:45.449Z,46917,500600,6980000
2026-09-19T05:42:45.449Z,14168,66010000,74450000
2026-09-19T05:42:45.449Z,16439,4040,24000
2026-09-19T05:42:45.449Z,17834,8012000,9597000
2026-09-19T05:42:45.449Z,46908,58600,7990000
2026-09-19T05:42:45.449Z,452,5121,31700
2026-09-19T05:42:45.449Z,19027,216200000,237800000
2026-09-19T05:42:45.449Z,261,68000,69010
2026-09-19T05:42:45.449Z,34268,849400,996300
2026-09-19T05:42:45.449Z,17460,26.61,26.63
2026-09-19T05:42:45.449Z,55585,500.1,333600
2026-09-19T05:42:45.449Z,18833,609200,899000
2026-09-19T05:42:45.449Z,52250,294200000,323900000
2026-09-19T05:42:45.449Z,11489,167900,260000
2026-09-19T05:42:45.449Z,31580,1400000,1598000
2026-09-19T05:42:45.449Z,45971,4434000,27500000
2026-09-19T05:42:45.449Z,49737,17420000,19140000
2026-09-19T05:42:45.449Z,47309,5316000,68500000
2026-09-19T05:42:45.449Z,89946,216200,5489000
2026-09-19T05:42:45.449Z,12346,773200,1378000
2026-09-19T05:42:45.449Z,57466,349100,458100
2026-09-19T05:42:45.449Z,31141,12080,39260
2026-09-19T05:42:45.449Z,11475,436.5,712
2026-09-19T05:42:45.449Z,18893,83070000,167000000
2026-09-19T05:42:45.449Z,54229,30000000,239900000
2026-09-19T05:42:45.449Z,3756,43010000,49950000
2026-09-19T05:42:45.449Z,20625,1777000,4997000
2026-09-19T05:42:45.449Z,607,80320,497200
2026-09-19T05:42:45.449Z,11533,16430,30900
2026-09-19T05:42:45.449Z,4365,200000000,2500000000
2026-09-19T05:42:45.449Z,23013,728,1897
2026-09-19T05:42:45.449Z,32118,1260000,12260000
2026-09-19T05:42:45.449Z,50144,101400000,351000000
2026-09-19T05:42:45.449Z,11541,33600,35660
2026-09-19T05:42:45.449Z,46323,303000000,380300000
2026-09-19T05:42:45.449Z,29085,118900,739300
2026-09-19T05:42:45.449Z,29051,562300,1824000
2026-09-19T05:42:45.449Z,26404,20020000,63080000
2026-09-19T05:42:45.449Z,459,103800,104400
2026-09-19T05:42:45.449Z,55752,106000,1595000
2026-09-19T05:42:45.449Z,35894,237000000,257900000
2026-09-19T05:42:45.449Z,1978,1092000,1181000
2026-09-19T05:42:45.449Z,37452,55570000,57490000
2026-09-19T05:42:45.449Z,45904,5494000,17920000
2026-09-19T05:42:45.449Z,3943,531000,1009000
2026-09-19T05:42:45.449Z,42528,405500,513800
2026-09-19T05:42:45.449Z,9846,108200,120500
2026-09-19T05:42:45.449Z,76484,3677000,13340000
2026-09-19T05:42:45.449Z,56733,400800,722100
2026-09-19T05:42:45.449Z,31091,16060000,16820000
2026-09-19T05:42:45.449Z,47503,3800000,15900000
2026-09-19T05:42:45.449Z,83485,127400000,233200000
2026-09-19T05:42:45.449Z,34593,20210000,24830000
2026-09-19T05:42:45.449Z,63029,1100000,7748000
2026-09-19T05:42:45.449Z,31946,38590000,41610000
2026-09-19T05:42:45.449Z,46785,50.45,6594000
2026-09-19T05:42:45.449Z,242,2210,2789
2026-09-19T05:42:45.449Z,7413,70310,77890
2026-09-19T05:42:45.449Z,25546,102100000,127700000
2026-09-19T05:42:45.449Z,18931,53010000,60900000
2026-09-19T05:42:45.449Z,14242,105300000,127000000
2026-09-19T05:42:45.449Z,56610,30130000,79470000
2026-09-19T05:42:45.449Z,2817,92.06,122.6
2026-09-19T05:42:45.449Z,62232,3000000000,7992000000
2026-09-19T05:42:45.449Z,72812,111000000,121000000
2026-09-19T05:42:45.449Z,25896,5834000,8092000
2026-09-19T05:42:45.449Z,42210,91810000,109900000
2026-09-19T05:42:45.449Z,13824,3620000,7323000
2026-09-19T05:42:45.449Z,17526,25520000,27540000
2026-09-19T05:42:45.449Z,3224,529900000,609000000
2026-09-19T05:42:45.449Z,14035,50330,386700
2026-09-19T05:42:45.449Z,19691,110000000,124000000
2026-09-19T05:42:45.449Z,19698,110100000,120200000
2026-09-19T05:42:45.449Z,83383,330000,1719000
2026-09-19T05:42:45.449Z,54295,23000,27950
2026-09-19T05:42:45.449Z,73370,100000,1001000
2026-09-19T05:42:45.449Z,55574,0.02,808000
2026-09-19T05:42:45.449Z,33525,187800000,207500000
2026-09-19T05:42:45.449Z,54446,10840000,473600000
2026-09-19T05:42:45.449Z,8113,15000,17910
2026-09-19T05:42:45.449Z,49801,555000,2949000
2026-09-19T05:42:45.449Z,16595,14110000,16650000
2026-09-19T05:42:45.449Z,83063,10010,287800
2026-09-19T05:42:45.449Z,18979,210800000,255000000
2026-09-19T05:42:45.449Z,28213,1711000,1902000
2026-09-19T05:42:45.449Z,32055,5605,7860000
2026-09-19T05:42:45.449Z,26360,48470000,61650000
2026-09-19T05:42:45.449Z,47919,60430000,64120000
2026-09-19T05:42:45.449Z,53985,2431000,9708000
2026-09-19T05:42:45.449Z,2945,1134000,1423000
2026-09-19T05:42:45.449Z,26416,51810000,59110000
2026-09-19T05:42:45.449Z,45482,10010000,20000000
2026-09-19T05:42:45.449Z,32031,11310000,14790000
2026-09-19T05:42:45.449Z,9249,45360,55360
2026-09-19T05:42:45.449Z,83388,80040,1298000
2026-09-19T05:42:45.449Z,26306,500100,10670000
2026-09-19T05:42:45.449Z,5743,1871,99160
2026-09-19T05:42:45.449Z,26072,200000,531300
2026-09-19T05:42:45.449Z,10228,14180000,16080000
2026-09-19T05:42:45.449Z,11295,123200,190900
2026-09-19T05:42:45.449Z,47935,2073,2999
2026-09-19T05:42:45.449Z,37152,1052000000,1450000000
2026-09-19T05:42:45.449Z,26298,82940000,97270000
2026-09-19T05:42:45.449Z,23135,41010,79880
2026-09-19T05:42:45.449Z,3256,4839000,6432000
2026-09-19T05:42:45.449Z,35825,518400000,594800000
2026-09-19T05:42:45.449Z,43851,46140000,50030000
2026-09-19T05:42:45.449Z,2272,3.17,4.48
2026-09-19T05:42:45.449Z,18762,140200,689600
2026-09-19T05:42:45.449Z,31676,4096000,9660000
2026-09-19T05:42:45.449Z,16523,2266,2269
2026-09-19T05:42:45.449Z,95672,4004000,4745000
2026-09-19T05:42:45.449Z,24438,703900,778300
2026-09-19T05:42:45.449Z,24692,147500000,158700000
2026-09-19T05:42:45.449Z,3989,1540000,2153000
2026-09-19T05:42:45.449Z,23559,26340,259900
2026-09-19T05:42:45.449Z,27177,16630000,23840000
2026-09-19T05:42:45.449Z,16651,57670,59800
2026-09-19T05:42:45.449Z,31316,0.01,3874000
2026-09-19T05:42:45.449Z,26296,76050000,83120000
2026-09-19T05:42:45.449Z,84994,203900000,339000000
2026-09-19T05:42:45.449Z,11452,9876000,13800000
2026-09-19T05:42:45.449Z,17477,1000000000,2217000000
2026-09-19T05:42:45.449Z,28284,21050000,22900000
2026-09-19T05:42:45.449Z,26364,3605000,58570000
2026-09-19T05:42:45.449Z,33007,56290,147800
2026-09-19T05:42:45.449Z,32780,3262000,3589000
2026-09-19T05:42:45.449Z,91156,2009,1494000
2026-09-19T05:42:45.449Z,45941,301600,1522000
2026-09-19T05:42:45.449Z,56862,500200,5490000
2026-09-19T05:42:45.449Z,18825,17170000,35000000
2026-09-19T05:42:45.449Z,3481,69450000,86050000
2026-09-19T05:42:45.449Z,3226,54960000,74960000
2026-09-19T05:42:45.449Z,17210,2053000,3952000
2026-09-19T05:42:45.449Z,52202,11000,575000
2026-09-19T05:42:45.449Z,266,3.65,5.4
2026-09-19T05:42:45.449Z,45745,402500000,534000000
2026-09-19T05:42:45.449Z,55656,86010,899000
2026-09-19T05:42:45.449Z,22118,100100000,198800000
2026-09-19T05:42:45.449Z,53896,83810000,119900000
2026-09-19T05:42:45.449Z,37454,6948000,7981000
2026-09-19T05:42:45.449Z,21480,,196800000
2026-09-19T05:42:45.449Z,58769,15010,528800
2026-09-19T05:42:45.449Z,3170,489200,576900
2026-09-19T05:42:45.449Z,9956,3664000,4398000
2026-09-19T05:42:45.449Z,26332,54640000,62870000
2026-09-19T05:42:45.449Z,31149,404300,8014000
2026-09-19T05:42:45.449Z,3195,551000000,628900000
2026-09-19T05:42:45.449Z,12547,10820000,10850000
2026-09-19T05:42:45.449Z,4061,15100000,1000000000
2026-09-19T05:42:45.449Z,181,7.98,9.5
2026-09-19T05:42:45.449Z,24632,15050000,17110000
2026-09-19T05:42:45.449Z,46856,4003000,23990000
2026-09-19T05:42:45.449Z,13885,200000,4290000
2026-09-19T05:42:45.449Z,94034,38520000,45560000
2026-09-19T05:42:45.449Z,36910,30210000,36890000
2026-09-19T05:42:45.449Z,27077,490300,750000
2026-09-19T05:42:45.449Z,16525,3654,3655
2026-09-19T05:42:45.449Z,88381,80000,219900
2026-09-19T05:42:45.449Z,54303,35190000,61000000
2026-09-19T05:42:45.449Z,55530,1023,10030
2026-09-19T05:42:45.449Z,24696,50000000,52070000
2026-09-19T05:42:45.449Z,47913,9322000,15980000
2026-09-19T05:42:45.449Z,28292,25020000,26980000
2026-09-19T05:42:45.449Z,48430,4305000,15320000
2026-09-19T05:42:45.449Z,83280,1000,71480
2026-09-19T05:42:45.449Z,509,9687000,17910000
2026-09-19T05:42:45.449Z,85454,,1199000000
2026-09-19T05:42:45.449Z,26400,1623000,59430000
2026-09-19T05:42:45.449Z,17713,34080000,35480000
2026-09-19T05:42:45.449Z,82305,560.2,788.3
2026-09-19T05:42:45.449Z,3452,144.5,144.6
2026-09-19T05:42:45.449Z,37583,23800000,47460000
2026-09-19T05:42:45.449Z,82306,592.9,837.8
2026-09-19T05:42:45.449Z,10250,628900,745300
2026-09-19T05:42:45.449Z,37288,62290000,99790000
2026-09-19T05:42:45.449Z,83386,121600,987300
2026-09-19T05:42:45.449Z,18905,78430000,122300000
2026-09-19T05:42:45.449Z,44184,80110,14980000
2026-09-19T05:42:45.449Z,47891,21380000,25330000
2026-09-19T05:42:45.449Z,22123,55160000,71980000
2026-09-19T05:42:45.449Z,52291,46000000,74380000
2026-09-19T05:42:45.449Z,55646,500,1500
2026-09-19T05:42:45.449Z,18635,136500,155800
2026-09-19T05:42:45.449Z,31936,9970000,11720000
2026-09-19T05:42:45.449Z,31258,11530,1224000
2026-09-19T05:42:45.449Z,33720,16000000,30000000
2026-09-19T05:42:45.449Z,54161,5500000,20000000
2026-09-19T05:42:45.449Z,6675,51760,128400
2026-09-19T05:42:45.449Z,79948,2665000,93650000
2026-09-19T05:42:45.449Z,34161,31390000,80000000
2026-09-19T05:42:45.449Z,12205,5001000,8419000
2026-09-19T05:42:45.449Z,33581,1002000,947500000
2026-09-19T05:42:45.449Z,91624,65830000,119000000
2026-09-19T05:42:45.449Z,28974,78000,85740
2026-09-19T05:42:45.449Z,3181,2445000,5950000
2026-09-19T05:42:45.449Z,40565,24930000,30550000
2026-09-19T05:42:45.449Z,46998,249100,5749000
2026-09-19T05:42:45.449Z,16065,22570000,29500000
2026-09-19T05:42:45.449Z,20777,760.3,4500
2026-09-19T05:42:45.449Z,43781,8014000,28960000
2026-09-19T05:42:45.449Z,54408,151700000,194500000
2026-09-19T05:42:45.449Z,14262,138900000,161800000
2026-09-19T05:42:45.449Z,7409,45390,45400
2026-09-19T05:42:45.449Z,33195,11010,16400
2026-09-19T05:42:45.449Z,7745,221000,241100
2026-09-19T05:42:45.449Z,90470,12.69,250
2026-09-19T05:42:45.449Z,47827,3613000,4629000
2026-09-19T05:42:45.449Z,91934,1549000,2873000
2026-09-19T05:42:45.449Z,14295,1507000,3300000
2026-09-19T05:42:45.449Z,85441,1143000,3425000
2026-09-19T05:42:45.449Z,17194,35010,399700
2026-09-19T05:42:45.449Z,90641,10200,89000
2026-09-19T05:42:45.449Z,568,209700,312400
2026-09-19T05:42:45.449Z,5091,5858,5859
2026-09-19T05:42:45.449Z,33591,3382000,4400000
2026-09-19T05:42:45.449Z,22881,,2969000
2026-09-19T05:42:45.449Z,28850,6106000000,6389000000
2026-09-19T05:42:45.449Z,45866,10060000,38900000
2026-09-19T05:42:45.449Z,46874,3404000,21000000
2026-09-19T05:42:45.449Z,573,1579000,2250000
2026-09-19T05:42:45.449Z,95269,225000000,374900000
2026-09-19T05:42:45.449Z,90643,40000,747000
2026-09-19T05:42:45.449Z,46536,15040000,23590000
2026-09-19T05:42:45.449Z,93702,55000000,149800000
2026-09-19T05:42:45.449Z,35795,9563,13440
2026-09-19T05:42:45.449Z,9071,40170,188800
2026-09-19T05:42:45.449Z,60227,623400,1847000
2026-09-19T05:42:45.449Z,55639,25.01,44900
2026-09-19T05:42:45.449Z,4078,250000000,600000000
2026-09-19T05:42:45.449Z,30839,609100,899700
2026-09-19T05:42:45.449Z,3094,78960000,96120000
2026-09-19T05:42:45.449Z,31952,26760000,29080000
2026-09-19T05:42:45.449Z,2444,103700,178000
2026-09-19T05:42:45.449Z,62384,80940,82460
2026-09-19T05:42:45.449Z,88602,880000,2898000
2026-09-19T05:42:45.449Z,21284,6759000,35680000
2026-09-19T05:42:45.449Z,79761,110000000,379900000
2026-09-19T05:42:45.449Z,42837,205.5,433.2
2026-09-19T05:42:45.449Z,20753,1.04,42
2026-09-19T05:42:45.449Z,76287,11010000,179900000
2026-09-19T05:42:45.449Z,56856,12000000,125900000
2026-09-19T05:42:45.449Z,16229,49090000,58090000
2026-09-19T05:42:45.449Z,31870,2158000,2357000
2026-09-19T05:42:45.449Z,46637,256200000,289000000
2026-09-19T05:42:45.449Z,20775,3496,8744
2026-09-19T05:42:45.449Z,7251,102.1,4780
2026-09-19T05:42:45.449Z,16275,4872,4999
2026-09-19T05:42:45.449Z,83348,100000,997700
2026-09-19T05:42:45.449Z,50150,222900000,376100000
2026-09-19T05:42:45.449Z,21478,96070000,149100000
2026-09-19T05:42:45.449Z,12212,3540000,5897000
2026-09-19T05:42:45.449Z,62385,91500,99930
2026-09-19T05:42:45.449Z,17898,75050,90230
2026-09-19T05:42:45.449Z,45988,251000,17100000
2026-09-19T05:42:45.449Z,73796,17300000,18700000
2026-09-19T05:42:45.449Z,32918,270.8,39000
2026-09-19T05:42:45.449Z,20581,17400000,28320000
2026-09-19T05:42:45.449Z,22945,60170000,74250000
2026-09-19T05:42:45.449Z,32087,2727000,16150000
2026-09-19T05:42:45.449Z,47744,4000000,4750000
2026-09-19T05:42:45.449Z,11249,494600,649900
2026-09-19T05:42:45.449Z,49805,110000,33590000
2026-09-19T05:42:45.449Z,43783,71080000,128500000
2026-09-19T05:42:45.449Z,17167,606700,2880000
2026-09-19T05:42:45.449Z,85471,282100000,1096000000
2026-09-19T05:42:45.449Z,27655,11320000,64840000
2026-09-19T05:42:45.449Z,5245,1101,1102
2026-09-19T05:42:45.449Z,84415,65290,248700
2026-09-19T05:42:45.449Z,11449,9724000,13800000
2026-09-19T05:42:45.449Z,23674,524800000,821500000
2026-09-19T05:42:45.449Z,40636,128200000,162900000
2026-09-19T05:42:45.449Z,20065,200000000,250700000
2026-09-19T05:42:45.449Z,27437,137100,312300
2026-09-19T05:42:45.449Z,22120,25090000,34980000
2026-09-19T05:42:45.449Z,15792,109500000,122500000
2026-09-19T05:42:45.449Z,43780,1292000,46430000
2026-09-19T05:42:45.449Z,35770,1,39230
2026-09-19T05:42:45.449Z,91965,2775000,3147000
2026-09-19T05:42:45.449Z,57126,410200000,569900000
2026-09-19T05:42:45.449Z,15098,1812000000,2500000000
2026-09-19T05:42:45.449Z,7743,106600,249800
2026-09-19T05:42:45.449Z,2174,601300,1809000
2026-09-19T05:42:45.449Z,34327,6006000,45000000
2026-09-19T05:42:45.449Z,27097,220200,774900
2026-09-19T05:42:45.449Z,3408,12930000,16000000
2026-09-19T05:42:45.449Z,16305,6013,16430
2026-09-19T05:42:45.449Z,17459,22.81,28.29
2026-09-19T05:42:45.449Z,85445,233000000,450000000
2026-09-19T05:42:45.449Z,91411,1012000,13320000
2026-09-19T05:42:45.449Z,13926,43430000,48900000
2026-09-19T05:42:45.449Z,13874,510000,2000000
2026-09-19T05:42:45.449Z,56595,1309000,40000000
2026-09-19T05:42:45.449Z,20210,331500,749000
2026-09-19T05:42:45.449Z,48424,39420,241300
2026-09-19T05:42:45.449Z,13256,15160000,16550000
2026-09-19T05:42:45.449Z,54975,38740000,43980000
2026-09-19T05:42:45.449Z,47835,21210000,29080000
2026-09-19T05:42:45.449Z,41498,85380000,93220000
2026-09-19T05:42:45.449Z,90414,301800000,434800000
2026-09-19T05:42:45.449Z,31330,11400000,16130000
2026-09-19T05:42:45.449Z,46328,250000000,35970000000
2026-09-19T05:42:45.449Z,10216,16730000,17810000
2026-09-19T05:42:45.449Z,55665,612500,1500000
2026-09-19T05:42:45.449Z,62221,370000000,521800000
2026-09-19T05:42:45.449Z,14640,751700000,1550000000
2026-09-19T05:42:45.449Z,1202,1307,6998
2026-09-19T05:42:45.449Z,88459,60010,7693000
2026-09-19T05:42:45.449Z,46978,56510,14040000
2026-09-19T05:42:45.449Z,41414,60010000,115800000
2026-09-19T05:42:45.449Z,46795,13380,8966000
2026-09-19T05:42:45.449Z,81920,275100000,298100000
2026-09-19T05:42:45.449Z,23805,185100000,199900000
2026-09-19T05:42:45.449Z,20591,816800,1800000
2026-09-19T05:42:45.449Z,27086,,699300
2026-09-19T05:42:45.449Z,85665,20090000,40870000
2026-09-19T05:42:45.449Z,63642,4466000,10000000
2026-09-19T05:42:45.449Z,22452,41510000,54950000
2026-09-19T05:42:45.449Z,13978,3001000,12870000
2026-09-19T05:42:45.449Z,19101,38000000,43280000
2026-09-19T05:42:45.449Z,83367,680000,2916000
2026-09-19T05:42:45.449Z,43530,2832000,8000000
2026-09-19T05:42:45.449Z,16269,0.01,698000
2026-09-19T05:42:45.449Z,22877,87180000,118600000
2026-09-19T05:42:45.449Z,85557,304600,3748000
2026-09-19T05:42:45.449Z,29003,119000,157300
2026-09-19T05:42:45.449Z,42790,564300,11480000
2026-09-19T05:42:45.449Z,29081,317700,1820000
2026-09-19T05:42:45.449Z,40359,3681000,6099000
2026-09-19T05:42:45.449Z,88147,185600000,211200000
2026-09-19T05:42:45.449Z,27227,112500000,131900000
2026-09-19T05:42:45.449Z,27119,257000,720000
2026-09-19T05:42:45.449Z,84120,100000000,199900000
2026-09-19T05:42:45.449Z,83311,10000,119000
2026-09-19T05:42:45.449Z,526,28560,53490
2026-09-19T05:42:45.449Z,91174,353600000,410700000
2026-09-19T05:42:45.449Z,80814,558400000,750400000
2026-09-19T05:42:45.449Z,56202,645100000,724300000
2026-09-19T05:42:45.449Z,93838,56040000,232900000
2026-09-19T05:42:45.449Z,13990,2008000,16890000
2026-09-19T05:42:45.449Z,20967,13.4,999
2026-09-19T05:42:45.449Z,24552,500000000,678500000
2026-09-19T05:42:45.449Z,62630,42540000,54900000
2026-09-19T05:42:45.449Z,18754,60520,140300
2026-09-19T05:42:45.449Z,27777,2760000,17790000
2026-09-19T05:42:45.449Z,34360,792300,2790000
2026-09-19T05:42:45.449Z,42778,500700,4985000
2026-09-19T05:42:45.449Z,28659,914100000,985800000
2026-09-19T05:42:45.449Z,5971,17000,23080
2026-09-19T05:42:45.449Z,77957,120000000,499800000
2026-09-19T05:42:45.449Z,3812,133,170.2
2026-09-19T05:42:45.449Z,42620,121600000,2000000000
2026-09-19T05:42:45.449Z,29075,57220,654100
2026-09-19T05:42:45.449Z,20066,105000000,139000000
2026-09-19T05:42:45.449Z,31594,18110000,20480000
2026-09-19T05:42:45.449Z,25279,24720,26890
2026-09-19T05:42:45.449Z,85438,411000,1439000
2026-09-19T05:42:45.449Z,42146,21000000,26000000
2026-09-19T05:42:45.449Z,18969,60000000,73250000
2026-09-19T05:42:45.449Z,46713,700100,5494000
2026-09-19T05:42:45.449Z,41504,80260000,94180000
2026-09-19T05:42:45.449Z,84169,380100,2996000
2026-09-19T05:42:45.449Z,89655,5000000,99990000
2026-09-19T05:42:45.449Z,27178,13430000,23670000
2026-09-19T05:42:45.449Z,29097,500800,1495000
2026-09-19T05:42:45.449Z,73869,6677000,11300000
2026-09-19T05:42:45.449Z,19929,15700,20470
2026-09-19T05:42:45.449Z,28444,161200,189000
2026-09-19T05:42:45.449Z,9899,7401000,8100000
2026-09-19T05:42:45.449Z,81047,212000000,218400000
2026-09-19T05:42:45.449Z,87797,660000,260000000
2026-09-19T05:42:45.449Z,41485,12080000,20980000
2026-09-19T05:42:45.449Z,1228,18.75,20.9
2026-09-19T05:42:45.449Z,45779,1580000,8499000
2026-09-19T05:42:45.449Z,26388,4870000,7983000
2026-09-19T05:42:45.449Z,16457,5000000,5299000
2026-09-19T05:42:45.449Z,9947,1852000,2085000
2026-09-19T05:42:45.449Z,33362,11200,11560
2026-09-19T05:42:45.449Z,15703,11360000,18990000
2026-09-19T05:42:45.449Z,4142,110000,9097000
2026-09-19T05:42:45.449Z,84432,203000,4140000
2026-09-19T05:42:45.449Z,19251,21330000,49700000
2026-09-19T05:42:45.449Z,8023,2604,2605
2026-09-19T05:42:45.449Z,37298,190300000,225600000
2026-09-19T05:42:45.449Z,20064,92190000,118500000
2026-09-19T05:42:45.449Z,28438,166600,179400
2026-09-19T05:42:45.449Z,46966,147200,8350000
2026-09-19T05:42:45.449Z,55651,1000,91750
2026-09-19T05:42:45.449Z,22875,99000000,186200000
2026-09-19T05:42:45.449Z,45603,30650000,35300000
2026-09-19T05:42:45.449Z,27609,624400000,1186000000
2026-09-19T05:42:45.449Z,17392,95040,102900
2026-09-19T05:42:45.449Z,1557,34940,84670
2026-09-19T05:42:45.449Z,16495,16010,59090
2026-09-19T05:42:45.449Z,46909,804300,4398000
2026-09-19T05:42:45.449Z,23795,1921000,8488000
2026-09-19T05:42:45.449Z,91942,19200000,77630000
2026-09-19T05:42:45.449Z,56608,10000000,53870000
2026-09-19T05:42:45.449Z,53892,297600000,368200000
2026-09-19T05:42:45.449Z,91953,7171000,15520000
2026-09-19T05:42:45.449Z,82185,52460000,130000000
2026-09-19T05:42:45.449Z,78405,171300000,599900000
2026-09-19T05:42:45.449Z,20881,102900,1500000
2026-09-19T05:42:45.449Z,27377,1527,1649
2026-09-19T05:42:45.449Z,53707,285000000,297900000
2026-09-19T05:42:45.449Z,33824,670400,747400
2026-09-19T05:42:45.449Z,2301,1296000,1387000
2026-09-19T05:42:45.449Z,3554,1600,1859
2026-09-19T05:42:45.449Z,22931,34810000,58190000
2026-09-19T05:42:45.449Z,12198,1171000,1199000
2026-09-19T05:42:45.449Z,27171,143800000,164500000
2026-09-19T05:42:45.449Z,31362,85320000,98210000
2026-09-19T05:42:45.449Z,17366,11640,28380
2026-09-19T05:42:45.449Z,14110,25000000,33500000
2026-09-19T05:42:45.449Z,85449,2601000,5130000
2026-09-19T05:42:45.449Z,33976,403900000,490000000
2026-09-19T05:42:45.449Z,31286,,49990
2026-09-19T05:42:45.449Z,54375,25310000,41050000
2026-09-19T05:42:45.449Z,37584,2735000,185000000
2026-09-19T05:42:45.449Z,26294,74260000,82090000
2026-09-19T05:42:45.449Z,19547,110800000,122000000
2026-09-19T05:42:45.449Z,15685,106,1695000
2026-09-19T05:42:45.449Z,47144,15140000,21920000
2026-09-19T05:42:45.449Z,18752,50410,299800
2026-09-19T05:42:45.449Z,20410,93250,93910
2026-09-19T05:42:45.449Z,43893,100100000,119000000
2026-09-19T05:42:45.449Z,1201,70540,115200
2026-09-19T05:42:45.449Z,85692,1555000,48730000
2026-09-19T05:42:45.449Z,45803,31080000,46680000
2026-09-19T05:42:45.449Z,40458,35610,6845000
2026-09-19T05:42:45.449Z,1244,23070,23090
2026-09-19T05:42:45.449Z,54402,276300000,347600000
2026-09-19T05:42:45.449Z,22542,18050,29890
2026-09-19T05:42:45.449Z,29095,252500,923300
2026-09-19T05:42:45.449Z,27240,120000,770000
2026-09-19T05:42:45.449Z,85147,11290000,16900000
2026-09-19T05:42:45.449Z,89656,42000000,179000000
2026-09-19T05:42:45.449Z,9453,12790,64720
2026-09-19T05:42:45.449Z,26394,49630000,94620000
2026-09-19T05:42:45.449Z,47747,3607000,6999000
2026-09-19T05:42:45.449Z,14164,51160000,65990000
2026-09-19T05:42:45.449Z,28740,19320000,26190000
2026-09-19T05:42:45.449Z,58868,104300,8486000
2026-09-19T05:42:45.449Z,41251,82290000,93240000
2026-09-19T05:42:45.449Z,59187,4083,1480000
2026-09-19T05:42:45.449Z,31448,960000,987700
2026-09-19T05:42:45.449Z,52310,53750,60310
2026-09-19T05:42:45.449Z,21551,1121000,3744000
2026-09-19T05:42:45.449Z,20633,864900,14860000
2026-09-19T05:42:45.449Z,73789,19130000,20620000
2026-09-19T05:42:45.449Z,84400,1117,1118
2026-09-19T05:42:45.449Z,85089,164000,172000
2026-09-19T05:42:45.449Z,1818,66.01,69.6
2026-09-19T05:42:45.449Z,46791,535700,5275000
2026-09-19T05:42:45.449Z,56849,23000000,34980000
2026-09-19T05:42:45.449Z,27582,7550000,59860000
2026-09-19T05:42:45.449Z,94063,270000000,309900000
2026-09-19T05:42:45.449Z,11289,5540,7075
2026-09-19T05:42:45.449Z,60303,30100,299900
2026-09-19T05:42:45.449Z,17715,196100000,207200000
2026-09-19T05:42:45.449Z,530,25030,85500
2026-09-19T05:42:45.449Z,49750,125700000,1699000000
2026-09-19T05:42:45.449Z,82356,10000,94970
2026-09-19T05:42:45.449Z,33201,886300,978500
2026-09-19T05:42:45.449Z,29009,10040,10060
2026-09-19T05:42:45.449Z,29065,104100,487300
2026-09-19T05:42:45.449Z,20138,82120,123500
2026-09-19T05:42:45.449Z,2360,57710,70890
2026-09-19T05:42:45.449Z,54779,40980,49580
2026-09-19T05:42:45.449Z,47321,11000000,410000000
2026-09-19T05:42:45.449Z,1999,706200,796800
2026-09-19T05:42:45.449Z,93741,126100000,187600000
2026-09-19T05:42:45.449Z,6527,557.9,558
2026-09-19T05:42:45.449Z,26304,6076000,10890000
2026-09-19T05:42:45.449Z,21857,164.1,7991
2026-09-19T05:42:45.449Z,44220,25800000,186200000
2026-09-19T05:42:45.449Z,28209,1389000,1749000
2026-09-19T05:42:45.449Z,47031,13280000,74400000
2026-09-19T05:42:45.449Z,87769,10000000,28990000
2026-09-19T05:42:45.449Z,41487,2098000000,2490000000
2026-09-19T05:42:45.449Z,21087,2036,6080
2026-09-19T05:42:45.449Z,32255,400000000,498300000
2026-09-19T05:42:45.449Z,33287,321200000,341600000
2026-09-19T05:42:45.449Z,45622,28840000,34730000
2026-09-19T05:42:45.449Z,24554,424800000,567600000
2026-09-19T05:42:45.449Z,79742,35170000,270000000
2026-09-19T05:42:45.449Z,26432,2548000,14170000
2026-09-19T05:42:45.449Z,30633,126000,204000
2026-09-19T05:42:45.449Z,31618,257500000,620400000
2026-09-19T05:42:45.449Z,25241,130700,199600
2026-09-19T05:42:45.449Z,22983,340.3,860
2026-09-19T05:42:45.449Z,20501,111900000,119600000
2026-09-19T05:42:45.449Z,85846,4039000,5930000
2026-09-19T05:42:45.449Z,53705,139200000,149200000
2026-09-19T05:42:45.449Z,19194,189000000,211700000
2026-09-19T05:42:45.449Z,47064,11000,11980000
2026-09-19T05:42:45.449Z,37888,600000,1199000
2026-09-19T05:42:45.449Z,34347,29970000,47550000
2026-09-19T05:42:45.449Z,60916,1500000,25000000
2026-09-19T05:42:45.449Z,62224,501900000,999000000
2026-09-19T05:42:45.449Z,32438,11.15,7873
2026-09-19T05:42:45.449Z,77418,5001,5523
2026-09-19T05:42:45.449Z,33818,201400000,227300000
2026-09-19T05:42:45.449Z,20049,1.05,99
2026-09-19T05:42:45.449Z,85544,63500000,73970000
2026-09-19T05:42:45.449Z,90705,1007,9599
2026-09-19T05:42:45.449Z,17363,50010,238600
2026-09-19T05:42:45.449Z,28264,18010000,19870000
2026-09-19T05:42:45.449Z,46484,305000000,374900000
2026-09-19T05:42:45.449Z,48384,3829000000,19780000000
2026-09-19T05:42:45.449Z,92818,233.1,285
2026-09-19T05:42:45.449Z,33710,1551000,2391000
2026-09-19T05:42:45.449Z,22929,24880000,46790000
2026-09-19T05:42:45.449Z,46797,25110,4190000
2026-09-19T05:42:45.449Z,31684,69010,47410000
2026-09-19T05:42:45.449Z,14429,2308000,1692000000
2026-09-19T05:42:45.449Z,20789,122.2,1499
2026-09-19T05:42:45.449Z,75277,18.38,20
2026-09-19T05:42:45.449Z,28682,1776000,2037000
2026-09-19T05:42:45.449Z,33298,34160000,374700000
2026-09-19T05:42:45.449Z,2563,911100,1489000
2026-09-19T05:42:45.449Z,24473,23.6,69.63
2026-09-19T05:42:45.449Z,85535,107400,4097000
2026-09-19T05:42:45.449Z,31123,958400,1264000
2026-09-19T05:42:45.449Z,52681,45170000,65000000
2026-09-19T05:42:45.449Z,24637,111400000,121100000
2026-09-19T05:42:45.449Z,63855,10860,898000
2026-09-19T05:42:45.449Z,52293,1234000,12000000
2026-09-19T05:42:45.449Z,53513,250800,9251000
2026-09-19T05:42:45.449Z,93913,80000000,149800000
2026-09-19T05:42:45.449Z,94058,1021000,34780000
2026-09-19T05:42:45.449Z,90521,211.6,6500
2026-09-19T05:42:45.449Z,27640,6003000,26010000
2026-09-19T05:42:45.449Z,52919,259100000,331000000
2026-09-19T05:42:45.449Z,1969,896100,1000000
2026-09-19T05:42:45.449Z,569,47690,237600
2026-09-19T05:42:45.449Z,37307,181900000,217100000
2026-09-19T05:42:45.449Z,41415,119600000,128200000
2026-09-19T05:42:45.449Z,20024,2534,63990
2026-09-19T05:42:45.449Z,2268,2.5,2.7
2026-09-19T05:42:45.449Z,61210,170000,289500
2026-09-19T05:42:45.449Z,84741,232100000,547200000
2026-09-19T05:42:45.449Z,47735,687000,793200
2026-09-19T05:42:45.449Z,55302,5000,109700
2026-09-19T05:42:45.449Z,11288,1000000,3900000
2026-09-19T05:42:45.449Z,43848,53890000,131800000
2026-09-19T05:42:45.449Z,17838,12610000,18620000
2026-09-19T05:42:45.449Z,10690,3883,9800
2026-09-19T05:42:45.449Z,46496,1700000000,2923000000
2026-09-19T05:42:45.449Z,81018,20000000,33970000
2026-09-19T05:42:45.449Z,93910,868500000,1434000000
2026-09-19T05:42:45.449Z,33848,83200000,103100000
2026-09-19T05:42:45.449Z,60469,508200,970000
2026-09-19T05:42:45.449Z,64593,12570000,1545000000
2026-09-19T05:42:45.449Z,31668,15040,101300
2026-09-19T05:42:45.449Z,31306,11850000,14360000
2026-09-19T05:42:45.449Z,46721,1312000000,7999000000
2026-09-19T05:42:45.449Z,19040,250100000,286000000
2026-09-19T05:42:45.449Z,13226,4503000,17930000
2026-09-19T05:42:45.449Z,21274,758400,1900000
2026-09-19T05:42:45.449Z,23039,547.2,713.4
2026-09-19T05:42:45.449Z,54381,40680000,199900000
2026-09-19T05:42:45.449Z,20819,6622,90000
2026-09-19T05:42:45.449Z,4180,21100000,60000000
2026-09-19T05:42:45.449Z,33003,305700,544900
2026-09-19T05:42:45.449Z,11529,9538000,14870000
2026-09-19T05:42:45.449Z,35959,7296000,14490000
2026-09-19T05:42:45.449Z,19235,100000,198000
2026-09-19T05:42:45.449Z,80441,500100,4297000
2026-09-19T05:42:45.449Z,45619,29260000,35090000
2026-09-19T05:42:45.449Z,85087,126700000,144600000
2026-09-19T05:42:45.449Z,28701,91420,96380
2026-09-19T05:42:45.449Z,33062,1500000,3999000
2026-09-19T05:42:45.449Z,46689,11.11,194
2026-09-19T05:42:45.449Z,46368,435600,3009000
2026-09-19T05:42:45.449Z,13231,15230000,17950000
2026-09-19T05:42:45.449Z,33981,9254000,11390000
2026-09-19T05:42:45.449Z,26330,23240000,44870000
2026-09-19T05:42:45.449Z,20765,5142,23770
2026-09-19T05:42:45.449Z,24640,111000000,119000000
2026-09-19T05:42:45.449Z,59633,31080000,65990000
2026-09-19T05:42:45.449Z,12225,102700,791800
2026-09-19T05:42:45.449Z,47839,194600000,265700000
2026-09-19T05:42:45.449Z,3351,11050,580000
2026-09-19T05:42:45.449Z,57484,4596000,6850000
2026-09-19T05:42:45.449Z,57481,4993000,5875000
2026-09-19T05:42:45.449Z,49708,270000,532900
2026-09-19T05:42:45.449Z,55336,11550,389000
2026-09-19T05:42:45.449Z,3190,5133000,6078000
2026-09-19T05:42:45.449Z,11555,28350,31940
2026-09-19T05:42:45.449Z,11691,17500,19490
2026-09-19T05:42:45.449Z,11299,583200,843300
2026-09-19T05:42:45.449Z,79611,389300000,449000000
2026-09-19T05:42:45.449Z,13254,14820000,18650000
2026-09-19T05:42:45.449Z,29007,1206,19910
2026-09-19T05:42:45.449Z,12269,36300,514900
2026-09-19T05:42:45.449Z,7289,3001,17940
2026-09-19T05:42:45.449Z,52231,44040000,57860000
2026-09-19T05:42:45.449Z,3532,162600000,269400000
2026-09-19T05:42:45.449Z,26888,23310000,29790000
2026-09-19T05:42:45.449Z,442,1603,3603
2026-09-19T05:42:45.449Z,83357,20010,799800
2026-09-19T05:42:45.449Z,85653,37600000,43600000
2026-09-19T05:42:45.449Z,62466,1550,1620
2026-09-19T05:42:45.449Z,95414,601400000,900000000
2026-09-19T05:42:45.449Z,53167,600000,3984000
2026-09-19T05:42:45.449Z,93709,,119500000
2026-09-19T05:42:45.449Z,55527,1000,1896000
2026-09-19T05:42:45.449Z,16321,3500,9499
2026-09-19T05:42:45.449Z,18915,122300000,145800000
2026-09-19T05:42:45.449Z,43921,991600000,1450000000
2026-09-19T05:42:45.449Z,46851,157300,3000000
2026-09-19T05:42:45.449Z,23147,11000,61920
2026-09-19T05:42:45.449Z,55614,1,224100
2026-09-19T05:42:45.449Z,49978,325000,14990000
2026-09-19T05:42:45.449Z,27195,606600,916700
2026-09-19T05:42:45.449Z,37815,155600000,420400000
2026-09-19T05:42:45.449Z,3368,10000,54000
2026-09-19T05:42:45.449Z,88553,1000,192800
2026-09-19T05:42:45.449Z,81008,13690000,14610000
2026-09-19T05:42:45.449Z,57060,600400,3500000
2026-09-19T05:42:45.449Z,89664,92810000,154300000
2026-09-19T05:42:45.449Z,41239,131000000,164100000
2026-09-19T05:42:45.449Z,13959,55610000,77500000
2026-09-19T05:42:45.449Z,46025,1020000,417400000
2026-09-19T05:42:45.449Z,60472,7261000,9294000
2026-09-19T05:42:45.449Z,20599,24590000,53930000
2026-09-19T05:42:45.449Z,33579,,175000000
2026-09-19T05:42:45.449Z,3576,34700,119800
2026-09-19T05:42:45.449Z,20757,75,225
2026-09-19T05:42:45.449Z,34726,5400000,6890000
2026-09-19T05:42:45.449Z,42196,1500000,3491000
2026-09-19T05:42:45.449Z,27353,427.3,479.9
2026-09-19T05:42:45.449Z,28786,60100000,94000000
2026-09-19T05:42:45.449Z,47737,683900,1478000
2026-09-19T05:42:45.449Z,16050,9126000,17920000
2026-09-19T05:42:45.449Z,28684,905600,1355000
2026-09-19T05:42:45.449Z,57010,351700,14440000
2026-09-19T05:42:45.449Z,79733,250000,2499000
2026-09-19T05:42:45.449Z,26382,3332000,6693000
2026-09-19T05:42:45.449Z,3065,5050000,6765000
2026-09-19T05:42:45.449Z,33021,500000,50000000
2026-09-19T05:42:45.449Z,84166,2808000,19980000
2026-09-19T05:42:45.449Z,42594,,374200000
2026-09-19T05:42:45.449Z,47008,2009000,14500000
2026-09-19T05:42:45.449Z,35657,141800,1493000
2026-09-19T05:42:45.449Z,11484,422.2,513.8
2026-09-19T05:42:45.449Z,524,20360,86540
2026-09-19T05:42:45.449Z,47072,33230000,63820000
2026-09-19T05:42:45.449Z,31750,70000,58490000
2026-09-19T05:42:45.449Z,2020,143100,168200
2026-09-19T05:42:45.449Z,17794,716100,1384000
2026-09-19T05:42:45.449Z,7371,1203,63890
2026-09-19T05:42:45.449Z,11694,18310,21980
2026-09-19T05:42:45.449Z,3429,500.4,134900
2026-09-19T05:42:45.449Z,90123,550000000,697700000
2026-09-19T05:42:45.449Z,47053,15000,2320000
2026-09-19T05:42:45.449Z,31568,2633000,3347000
2026-09-19T05:42:45.449Z,85149,48450000,69750000
2026-09-19T05:42:45.449Z,93729,31190000,76890000
2026-09-19T05:42:45.449Z,52922,575100000,813700000
2026-09-19T05:42:45.449Z,3183,530400000,670100000
2026-09-19T05:42:45.449Z,6921,40000,49990
2026-09-19T05:42:45.449Z,49819,502700000,7393000000
2026-09-19T05:42:45.449Z,90415,1508000,4124000
2026-09-19T05:42:45.449Z,45984,5002,4573000
2026-09-19T05:42:45.449Z,53491,575000,7576000
2026-09-19T05:42:45.449Z,45557,2100000,4967000
2026-09-19T05:42:45.449Z,7539,660.1,9999
2026-09-19T05:42:45.449Z,47334,80670000,114800000
2026-09-19T05:42:45.449Z,46869,419300,4940000
2026-09-19T05:42:45.449Z,83327,10000,100000
2026-09-19T05:42:45.449Z,92970,276700000,354500000
2026-09-19T05:42:45.449Z,15845,3086000,36800000
2026-09-19T05:42:45.449Z,18700,72950000,124400000
2026-09-19T05:42:45.449Z,10213,90700000,97500000
2026-09-19T05:42:45.449Z,23829,18650000,26900000
2026-09-19T05:42:45.449Z,17256,6000,119800
2026-09-19T05:42:45.449Z,23803,91640000,101400000
2026-09-19T05:42:45.449Z,31163,26810000,28800000
2026-09-19T05:42:45.449Z,54307,4717000,19330000
2026-09-19T05:42:45.449Z,48747,101200000,143100000
2026-09-19T05:42:45.449Z,14254,104500000,113100000
2026-09-19T05:42:45.449Z,15806,85600000,96980000
2026-09-19T05:42:45.449Z,26302,65530000,73020000
2026-09-19T05:42:45.449Z,37816,1100000,2546000
2026-09-19T05:42:45.449Z,85446,284900000,609800000
2026-09-19T05:42:45.449Z,28308,20030000,26230000
2026-09-19T05:42:45.449Z,31528,1136000,1438000
2026-09-19T05:42:45.449Z,19692,110100000,130700000
2026-09-19T05:42:45.449Z,82485,10000,293200
2026-09-19T05:42:45.449Z,53899,192200000,278000000
2026-09-19T05:42:45.449Z,60313,2894000,3232000
2026-09-19T05:42:45.449Z,31620,,329300
2026-09-19T05:42:45.449Z,37510,2154000,34670000
2026-09-19T05:42:45.449Z,44170,206800,1418000
2026-09-19T05:42:45.449Z,90121,250000000,308800000
2026-09-19T05:42:45.449Z,55356,500,48000
2026-09-19T05:42:45.449Z,40522,4555000,71050000
2026-09-19T05:42:45.449Z,46828,117300,2775000
2026-09-19T05:42:45.449Z,92282,120800000,129700000
2026-09-19T05:42:45.449Z,86261,56200000,81980000
2026-09-19T05:42:45.449Z,14343,4850000,9254000
2026-09-19T05:42:45.449Z,47532,8034000,28850000
2026-09-19T05:42:45.449Z,3393,3015,37890
2026-09-19T05:42:45.449Z,463,1059000,1600000
2026-09-19T05:42:45.449Z,19103,46940000,66890000
2026-09-19T05:42:45.449Z,63195,9451,11740
2026-09-19T05:42:45.449Z,49822,235900000,1788000000
2026-09-19T05:42:45.449Z,15298,17600000000,20000000000
2026-09-19T05:42:45.449Z,22611,12730000,15290000
2026-09-19T05:42:45.449Z,54968,1310000,24210000
2026-09-19T05:42:45.449Z,15834,50000,5998000
2026-09-19T05:42:45.449Z,17479,1010000000,1986000000
2026-09-19T05:42:45.449Z,44153,101900,1859000
2026-09-19T05:42:45.449Z,81084,6401000,8623000
2026-09-19T05:42:45.449Z,2267,2.22,2.82
2026-09-19T05:42:45.449Z,15790,24350000,26100000
2026-09-19T05:42:45.449Z,33005,128100,275700
2026-09-19T05:42:45.449Z,28262,138400,217700
2026-09-19T05:42:45.449Z,22933,31190000,87420000
2026-09-19T05:42:45.449Z,35680,800000,1290000
2026-09-19T05:42:45.449Z,83310,10000,146800
2026-09-19T05:42:45.449Z,43660,127600000,158700000
2026-09-19T05:42:45.449Z,13217,15280000,16980000
2026-09-19T05:42:45.449Z,3218,351000000,469000000
2026-09-19T05:42:45.449Z,37502,3202000,29590000
2026-09-19T05:42:45.449Z,27109,15190000,17470000
2026-09-19T05:42:45.449Z,5299,9108,28500
2026-09-19T05:42:45.449Z,16053,10620000,31980000
2026-09-19T05:42:45.449Z,15152,1251000000,2790000000
2026-09-19T05:42:45.449Z,40347,14510000,15650000
2026-09-19T05:42:45.449Z,46860,7041000,38800000
2026-09-19T05:42:45.449Z,76485,7824000,10790000
2026-09-19T05:42:45.449Z,25544,28220000,35520000
2026-09-19T05:42:45.449Z,58876,5020000,32990000
2026-09-19T05:42:45.449Z,26326,26050000,64590000
2026-09-19T05:42:45.449Z,55345,10000,377700
2026-09-19T05:42:45.449Z,43750,500200,724400
2026-09-19T05:42:45.449Z,4314,5000000,10700000
2026-09-19T05:42:45.449Z,46873,50010,4193000
2026-09-19T05:42:45.449Z,47505,17090000,29990000
2026-09-19T05:42:45.449Z,57386,6305000,142100000
2026-09-19T05:42:45.449Z,25900,7887000,19450000
2026-09-19T05:42:45.449Z,47298,130200000,144900000
2026-09-19T05:42:45.449Z,36729,200000,748000
2026-09-19T05:42:45.449Z,31292,653000,1016000
2026-09-19T05:42:45.449Z,79738,1164000,5900000
2026-09-19T05:42:45.449Z,17266,2329000,2970000
2026-09-19T05:42:45.449Z,41516,25610000,69260000
2026-09-19T05:42:45.449Z,2361,99910,112400
2026-09-19T05:42:45.449Z,46223,1000000,11210000
2026-09-19T05:42:45.449Z,14138,32010000,42790000
2026-09-19T05:42:45.449Z,601,110.6,7100
2026-09-19T05:42:45.449Z,62382,79550,84170
2026-09-19T05:42:45.449Z,30547,1635000,5100000
2026-09-19T05:42:45.449Z,47047,20000,21000000
2026-09-19T05:42:45.449Z,3306,2117,310000
2026-09-19T05:42:45.449Z,28797,109500000,123000000
2026-09-19T05:42:45.449Z,30554,3604000,5300000
2026-09-19T05:42:45.449Z,19406,553800,570400
2026-09-19T05:42:45.449Z,46809,892100,7301000
2026-09-19T05:42:45.449Z,49673,116700,747100
2026-09-19T05:42:45.449Z,33155,121400000,134000000
2026-09-19T05:42:45.449Z,64377,6000000,7990000
2026-09-19T05:42:45.449Z,33895,262000,1779000
2026-09-19T05:42:45.449Z,31484,733600,989100
2026-09-19T05:42:45.449Z,28744,69130000,85830000
2026-09-19T05:42:45.449Z,1948,3180,116000
2026-09-19T05:42:45.449Z,79760,426700000,879900000
2026-09-19T05:42:45.449Z,83264,1001,176500
2026-09-19T05:42:45.449Z,17939,1215,264000
2026-09-19T05:42:45.449Z,31784,156300,1379000
2026-09-19T05:42:45.449Z,31137,1502000,4828000
2026-09-19T05:42:45.449Z,89659,44110000,119200000
2026-09-19T05:42:45.449Z,14148,16700000,20730000
2026-09-19T05:42:45.449Z,20949,18.18,218.3
2026-09-19T05:42:45.449Z,28302,193400,234100
2026-09-19T05:42:45.449Z,48506,72800000,206400000
2026-09-19T05:42:45.449Z,54948,10,549600
2026-09-19T05:42:45.449Z,3418,1001,1993000
2026-09-19T05:42:45.449Z,3427,21530,121000
2026-09-19T05:42:45.449Z,95298,6910000,41030000
2026-09-19T05:42:45.449Z,35881,611400000,690000000
2026-09-19T05:42:45.449Z,62591,22760000,31240000
2026-09-19T05:42:45.449Z,37573,4100000,26000000
2026-09-19T05:42:45.449Z,19299,66360000,114900000
2026-09-19T05:42:45.449Z,54785,7909,8800
2026-09-19T05:42:45.449Z,15749,40040000,52050000
2026-09-19T05:42:45.449Z,28661,845100000,900300000
2026-09-19T05:42:45.449Z,91775,17540000,19210000
2026-09-19T05:42:45.449Z,3122,2460000,3190000
2026-09-19T05:42:45.449Z,34700,5000000,226300000
2026-09-19T05:42:45.449Z,36778,11710000,141300000
2026-09-19T05:42:45.449Z,47908,774100,829300
2026-09-19T05:42:45.449Z,58872,1000000,20680000
2026-09-19T05:42:45.449Z,60381,21000000,24480000
2026-09-19T05:42:45.449Z,55658,1002,97840
2026-09-19T05:42:45.449Z,43856,290300000,425000000
2026-09-19T05:42:45.449Z,19217,101000,4799000
2026-09-19T05:42:45.449Z,87768,310000,5000000
2026-09-19T05:42:45.449Z,28807,1091000000,1350000000
2026-09-19T05:42:45.449Z,31634,900000,1160000
2026-09-19T05:42:45.449Z,27085,300300,603100
2026-09-19T05:42:45.449Z,91932,2272000,2685000
2026-09-19T05:42:45.449Z,53357,50000,5504000
2026-09-19T05:42:45.449Z,60759,99990000,130800000
2026-09-19T05:42:45.449Z,89712,21080000,55520000
2026-09-19T05:42:45.449Z,45483,4004000,18780000
2026-09-19T05:42:45.449Z,1973,17050,32270
2026-09-19T05:42:45.449Z,54403,311100000,455900000
2026-09-19T05:42:45.449Z,60753,5881000,9907000
2026-09-19T05:42:45.449Z,12733,102400000,107200000
2026-09-19T05:42:45.449Z,44934,13440000,89930000
2026-09-19T05:42:45.449Z,18859,31040000,36440000
2026-09-19T05:42:45.449Z,41202,410500000,480000000
2026-09-19T05:42:45.449Z,54306,36560000,54240000
2026-09-19T05:42:45.449Z,19243,150000,795000
2026-09-19T05:42:45.449Z,33733,620100000,1000000000
2026-09-19T05:42:45.449Z,21278,11080000,15090000
2026-09-19T05:42:45.449Z,73455,50010000,97770000
2026-09-19T05:42:45.449Z,91923,2705000,19520000
2026-09-19T05:42:45.449Z,13872,12050000,21990000
2026-09-19T05:42:45.449Z,11978,115500000,134900000
2026-09-19T05:42:45.449Z,34086,3905000,77050000
2026-09-19T05:42:45.449Z,21951,34870000,39810000
2026-09-19T05:42:45.449Z,20755,41.4,250
2026-09-19T05:42:45.449Z,92398,112600000,120200000
2026-09-19T05:42:45.449Z,33565,130100000,147900000
2026-09-19T05:42:45.449Z,62480,1595,2648
2026-09-19T05:42:45.449Z,42201,85910000,101300000
2026-09-19T05:42:45.449Z,15605,4083000,4788000
2026-09-19T05:42:45.449Z,42200,52000000,59980000
2026-09-19T05:42:45.449Z,3420,3128,240000
2026-09-19T05:42:45.449Z,57472,19020000,22120000
2026-09-19T05:42:45.449Z,33058,7200000,11000000
2026-09-19T05:42:45.449Z,81016,7936000,12080000
2026-09-19T05:42:45.449Z,41467,302700000,693000000
2026-09-19T05:42:45.449Z,91954,20720000,49160000
2026-09-19T05:42:45.449Z,28615,4101000,5590000
2026-09-19T05:42:45.449Z,11543,6024,6995
2026-09-19T05:42:45.449Z,47683,5989000000,7604000000
2026-09-19T05:42:45.449Z,90721,381800,1950000
2026-09-19T05:42:45.449Z,37458,10670000,15170000
2026-09-19T05:42:45.449Z,14498,6500000000,11970000000
2026-09-19T05:42:45.449Z,21344,,211.1
2026-09-19T05:42:45.449Z,37230,92470000,112000000
2026-09-19T05:42:45.449Z,26312,8201000,12090000
2026-09-19T05:42:45.449Z,53289,81250,189600
2026-09-19T05:42:45.449Z,20779,16100,29650
2026-09-19T05:42:45.449Z,34663,,545900000
2026-09-19T05:42:45.449Z,47778,29420,29460
2026-09-19T05:42:45.449Z,45597,31810000,37750000
2026-09-19T05:42:45.449Z,34667,386300,95370000
2026-09-19T05:42:45.449Z,57119,127000000,171500000
2026-09-19T05:42:45.449Z,35886,120300000,176000000
2026-09-19T05:42:45.449Z,28272,10140000,12480000
2026-09-19T05:42:45.449Z,42195,0.01,990000000
2026-09-19T05:42:45.449Z,46988,45000000,58990000
2026-09-19T05:42:45.449Z,47340,81710000,111100000
2026-09-19T05:42:45.449Z,26402,23600000,53190000
2026-09-19T05:42:45.449Z,85453,4620000,7993000
2026-09-19T05:42:45.449Z,47764,751,5999
2026-09-19T05:42:45.449Z,46805,100200,12000000
2026-09-19T05:42:45.449Z,31047,1580000,1748000
2026-09-19T05:42:45.449Z,25252,44750,69960
2026-09-19T05:42:45.449Z,10156,19440000,24740000
2026-09-19T05:42:45.449Z,4141,11000000,24340000
2026-09-19T05:42:45.449Z,53894,582400000,814900000
2026-09-19T05:42:45.449Z,19280,74030000,87890000
2026-09-19T05:42:45.449Z,53708,171000000,184200000
2026-09-19T05:42:45.449Z,3167,132800000,643300000
2026-09-19T05:42:45.449Z,24471,48.25,60.07
2026-09-19T05:42:45.449Z,43687,,38790000
2026-09-19T05:42:45.449Z,21230,2312,648900
2026-09-19T05:42:45.449Z,3338,4053000,8300000
2026-09-19T05:42:45.449Z,35832,930000000,981900000
2026-09-19T05:42:45.449Z,45609,33730000,38000000
2026-09-19T05:42:45.449Z,31010,,1139000
2026-09-19T05:42:45.449Z,22999,264.9,1380
2026-09-19T05:42:45.449Z,46848,704200,4974000
2026-09-19T05:42:45.449Z,15800,24310000,74620000
2026-09-19T05:42:45.449Z,23731,7128,8750
2026-09-19T05:42:45.449Z,47015,1005000,10670000
2026-09-19T05:42:45.449Z,20212,3458000,4567000
2026-09-19T05:42:45.449Z,47903,18350000,21470000
2026-09-19T05:42:45.449Z,3118,80940000,93670000
2026-09-19T05:42:45.449Z,60923,5474000,34000000
2026-09-19T05:42:45.449Z,58871,300000,12440000
2026-09-19T05:42:45.449Z,42771,1502000,6788000
2026-09-19T05:42:45.449Z,54369,22000000,44990000
2026-09-19T05:42:45.449Z,23506,19000,69770
2026-09-19T05:42:45.449Z,15824,603400,1998000
2026-09-19T05:42:45.449Z,62504,8105,11850
2026-09-19T05:42:45.449Z,55631,100,1000
2026-09-19T05:42:45.449Z,45607,34000000,37060000
2026-09-19T05:42:45.449Z,46212,0.03,20950000
2026-09-19T05:42:45.449Z,47476,168400,29470000
2026-09-19T05:42:45.449Z,6715,10150,76290
2026-09-19T05:42:45.449Z,3955,466000,1099000
2026-09-19T05:42:45.449Z,11574,3501000,4899000
2026-09-19T05:42:45.449Z,23150,478100,798700
2026-09-19T05:42:45.449Z,53436,128000000,167700000
2026-09-19T05:42:45.449Z,45853,1116000,16990000
2026-09-19T05:42:45.449Z,46793,519200,14990000
2026-09-19T05:42:45.449Z,654,2363000,2780000
2026-09-19T05:42:45.449Z,14222,37550000,51220000
2026-09-19T05:42:45.449Z,48225,4322000,156200000
2026-09-19T05:42:45.449Z,11461,357,999
2026-09-19T05:42:45.449Z,83352,20080,1040000
2026-09-19T05:42:45.449Z,91941,4707000,15830000
2026-09-19T05:42:45.449Z,77399,126000000,203700000
2026-09-19T05:42:45.449Z,46913,1155,3960000
2026-09-19T05:42:45.449Z,43769,93450000,243000000
2026-09-19T05:42:45.449Z,33571,247.9,248.1
2026-09-19T05:42:45.449Z,41268,16970,22880
2026-09-19T05:42:45.449Z,45627,30230000,35460000
2026-09-19T05:42:45.449Z,31882,1538000,1659000
2026-09-19T05:42:45.449Z,47311,13250000,100000000
2026-09-19T05:42:45.449Z,43812,89070000,350000000
2026-09-19T05:42:45.449Z,46228,27570,840000
2026-09-19T05:42:45.449Z,46972,9001,4862000
2026-09-19T05:42:45.449Z,54974,30010000,60000000
2026-09-19T05:42:45.449Z,82362,1500000,3349000
2026-09-19T05:42:45.449Z,4243,64460000,124100000
2026-09-19T05:42:45.449Z,31540,,2154000
2026-09-19T05:42:45.449Z,46782,50.11,3928000
2026-09-19T05:42:45.449Z,19416,40150000,41750000
2026-09-19T05:42:45.449Z,33526,252700000,298900000
2026-09-19T05:42:45.449Z,47258,21590000,23870000
2026-09-19T05:42:45.449Z,30497,4611,5600
2026-09-19T05:42:45.449Z,15317,10350,11440
2026-09-19T05:42:45.449Z,46779,0.01,3219000
2026-09-19T05:42:45.449Z,46858,257800,14830000
2026-09-19T05:42:45.449Z,43885,90050000,101000000
2026-09-19T05:42:45.449Z,47305,441600,30200000
2026-09-19T05:42:45.449Z,45808,2872000,109800000
2026-09-19T05:42:45.449Z,91945,10650000,17650000
2026-09-19T05:42:45.449Z,47531,5004000,14790000
2026-09-19T05:42:45.449Z,43871,1203000000,1475000000
2026-09-19T05:42:45.449Z,2486,7682,8989
2026-09-19T05:42:45.449Z,53386,29020,3130000
2026-09-19T05:42:45.449Z,31678,57660000,87720000
2026-09-19T05:42:45.449Z,63201,70000000,799900000
2026-09-19T05:42:45.449Z,31191,10420,1265000
2026-09-19T05:42:45.449Z,15697,11,699700
2026-09-19T05:42:45.449Z,47142,15080000,20210000
2026-09-19T05:42:45.449Z,10226,85070000,97410000
2026-09-19T05:42:45.449Z,43784,34940000,135700000
2026-09-19T05:42:45.449Z,83065,40000,100000
2026-09-19T05:42:45.449Z,62566,4519,5861
2026-09-19T05:42:45.449Z,56937,0.01,1279000000
2026-09-19T05:42:45.449Z,27191,511600,806700
2026-09-19T05:42:45.449Z,42723,251800000,1494000000
2026-09-19T05:42:45.449Z,12807,230.6,269.1
2026-09-19T05:42:45.449Z,17252,20140,8697000
2026-09-19T05:42:45.449Z,54750,770000000,825100000
2026-09-19T05:42:45.449Z,84339,300500,1399000
2026-09-19T05:42:45.449Z,42244,92220000,99900000
2026-09-19T05:42:45.449Z,28802,105900000,121400000
2026-09-19T05:42:45.449Z,53373,1002000,3600000
2026-09-19T05:42:45.449Z,46563,5000000,250000000
2026-09-19T05:42:45.449Z,52639,49830000,234000000
2026-09-19T05:42:45.449Z,562,3502,20390
2026-09-19T05:42:45.449Z,42176,213800000,3396000000
2026-09-19T05:42:45.449Z,18885,9249000,39780000
2026-09-19T05:42:45.449Z,40554,7754000,20790000
2026-09-19T05:42:45.449Z,2537,6554,57560
2026-09-19T05:42:45.449Z,53210,7060000,23760000
2026-09-19T05:42:45.449Z,28729,44510000,62300000
2026-09-19T05:42:45.449Z,3571,7161000,424000000
2026-09-19T05:42:45.449Z,85455,2210000,6798000
2026-09-19T05:42:45.449Z,85448,62920,3439000
2026-09-19T05:42:45.449Z,53209,1300000,24790000
2026-09-19T05:42:45.449Z,15086,802800000,1993000000
2026-09-19T05:42:45.449Z,52315,6106,8501
2026-09-19T05:42:45.449Z,27247,40040000,129400000
2026-09-19T05:42:45.449Z,17187,3425000,9977000
2026-09-19T05:42:45.449Z,13797,606600,5601000
2026-09-19T05:42:45.449Z,43920,300000000,385000000
2026-09-19T05:42:45.449Z,41271,5510,8259
2026-09-19T05:42:45.449Z,31742,73040,111200
2026-09-19T05:42:45.449Z,60290,101000,3632000
2026-09-19T05:42:45.449Z,1292,1000,6194000
2026-09-19T05:42:45.449Z,900,5025,2540000
2026-09-19T05:42:45.449Z,19173,155400000,189700000
2026-09-19T05:42:45.449Z,21961,26210000,73210000
2026-09-19T05:42:45.449Z,54759,11000000,43900000
2026-09-19T05:42:45.449Z,84688,213800000,400000000
2026-09-19T05:42:45.449Z,91104,1764000000,3655000000
2026-09-19T05:42:45.449Z,31440,14660000,77250000
2026-09-19T05:42:45.449Z,91962,2069000,2960000
2026-09-19T05:42:45.449Z,692,45080000,118900000
2026-09-19T05:42:45.449Z,86272,100000,8999000
2026-09-19T05:42:45.449Z,13245,14800000,15590000
2026-09-19T05:42:45.449Z,46426,172300000,3440000000
2026-09-19T05:42:45.449Z,19408,1955000,2013000
2026-09-19T05:42:45.449Z,35940,23670000,28160000
2026-09-19T05:42:45.449Z,78367,102100000,113200000
2026-09-19T05:42:45.449Z,20859,8775000,18750000
2026-09-19T05:42:45.449Z,85013,3338000,3335000000
2026-09-19T05:42:45.449Z,17940,504200,1200000
2026-09-19T05:42:45.449Z,55647,10000,190800
2026-09-19T05:42:45.449Z,31276,961000,1250000
2026-09-19T05:42:45.449Z,21803,12250000,22990000
2026-09-19T05:42:45.449Z,11640,388900,499800
2026-09-19T05:42:45.449Z,41302,1279,7811
2026-09-19T05:42:45.449Z,48230,5000,3500000
2026-09-19T05:42:45.449Z,52917,104600000,120900000
2026-09-19T05:42:45.449Z,49798,457300,1453000
2026-09-19T05:42:45.449Z,95292,37250000,97900000
2026-09-19T05:42:45.449Z,3983,2053000,2496000
2026-09-19T05:42:45.449Z,33404,226500000,292600000
2026-09-19T05:42:45.449Z,54754,2305000000,2828000000
2026-09-19T05:42:45.449Z,53625,,224900000
2026-09-19T05:42:45.449Z,78412,70000000,677900000
2026-09-19T05:42:45.449Z,33935,6735000,17740000
2026-09-19T05:42:45.449Z,2195,1570000,1737000
2026-09-19T05:42:45.449Z,27902,10210,128900
2026-09-19T05:42:45.449Z,40668,45010000,167200000
2026-09-19T05:42:45.449Z,43868,981000000,1475000000
2026-09-19T05:42:45.449Z,41472,501200000,966600000
2026-09-19T05:42:45.449Z,23035,636.5,1190
2026-09-19T05:42:45.449Z,17453,148.3,148.4
2026-09-19T05:42:45.449Z,12356,260800,2874000
2026-09-19T05:42:45.449Z,41249,60140000,73290000
2026-09-19T05:42:45.449Z,21889,42360000,45020000
2026-09-19T05:42:45.449Z,46965,424100,6898000
2026-09-19T05:42:45.449Z,55687,110,1240000
2026-09-19T05:42:45.449Z,23130,883800,3489000
2026-09-19T05:42:45.449Z,31654,285300000,451000000
2026-09-19T05:42:45.449Z,41441,402100000,676500000
2026-09-19T05:42:45.449Z,32043,781200,1263000
2026-09-19T05:42:45.449Z,43881,305000000,799700000
2026-09-19T05:42:45.449Z,43854,974500000,1475000000
2026-09-19T05:42:45.449Z,91098,370500000,747000000
2026-09-19T05:42:45.449Z,11553,34860,40500
2026-09-19T05:42:45.449Z,46238,6226000,12370000
2026-09-19T05:42:45.449Z,91281,49450000,120000000
2026-09-19T05:42:45.449Z,56931,1030000,199000000
2026-09-19T05:42:45.449Z,7043,240000,234900
2026-09-19T05:42:45.449Z,27327,547.4,629
2026-09-19T05:42:45.449Z,19697,110100000,122700000
2026-09-19T05:42:45.449Z,26452,75830000,80950000
2026-09-19T05:42:45.449Z,21392,21.16,998.2
2026-09-19T05:42:45.449Z,19992,,689.3
2026-09-19T05:42:45.449Z,91925,7128000,9000000
2026-09-19T05:42:45.449Z,45590,25470000,35450000
2026-09-19T05:42:45.449Z,27076,23000,596900
2026-09-19T05:42:45.449Z,57120,177100000,217800000
2026-09-19T05:42:45.449Z,26320,550600,33900000
2026-09-19T05:42:45.449Z,52290,127900,1890000
2026-09-19T05:42:45.449Z,83300,1.02,117400
2026-09-19T05:42:45.449Z,3308,1403000,3800000
2026-09-19T05:42:45.449Z,24477,44.14,51.81
2026-09-19T05:42:45.449Z,82446,18000,560000
2026-09-19T05:42:45.449Z,14102,20510000,23500000
2026-09-19T05:42:45.449Z,94067,15500000,85900000
2026-09-19T05:42:45.449Z,46865,2222000,20360000
2026-09-19T05:42:45.449Z,84133,123200000,288000000
2026-09-19T05:42:45.449Z,27194,162600000,200300000
2026-09-19T05:42:45.449Z,1195,32040,49990
2026-09-19T05:42:45.449Z,87790,500000000,4799000000
2026-09-19T05:42:45.449Z,16443,10000,69960
2026-09-19T05:42:45.449Z,46417,8209000,62860000
2026-09-19T05:42:45.449Z,40356,43760000,48510000
2026-09-19T05:42:45.449Z,23819,75010000,97630000
2026-09-19T05:42:45.449Z,35685,101500,1786000
2026-09-19T05:42:45.449Z,3719,2501,2502
2026-09-19T05:42:45.449Z,45009,116100000,129800000
2026-09-19T05:42:45.449Z,47766,42410,200000
2026-09-19T05:42:45.449Z,47117,9285000,46490000
2026-09-19T05:42:45.449Z,2327,14700,16680
2026-09-19T05:42:45.449Z,83235,10000,33370000
2026-09-19T05:42:45.449Z,1355,421700,555700
2026-09-19T05:42:45.449Z,32033,8005,184800
2026-09-19T05:42:45.449Z,4156,105100000,355000000
2026-09-19T05:42:45.449Z,12207,4000000,9794000
2026-09-19T05:42:45.449Z,52228,565800,898900
2026-09-19T05:42:45.449Z,80908,6025000,36600000
2026-09-19T05:42:45.449Z,7331,2216,9990
2026-09-19T05:42:45.449Z,85878,140000000,389000000
2026-09-19T05:42:45.449Z,47325,269600000,324900000
2026-09-19T05:42:45.449Z,43883,75090000,110000000
2026-09-19T05:42:45.449Z,11455,811700,2080000
2026-09-19T05:42:45.449Z,93839,150000000,299700000
2026-09-19T05:42:45.449Z,44147,12.36,1000000
2026-09-19T05:42:45.449Z,50052,91760000,197800000
2026-09-19T05:42:45.449Z,83379,180000,3372000
2026-09-19T05:42:45.449Z,33785,13580000,85230000
2026-09-19T05:42:45.449Z,52875,183600000,341500000
2026-09-19T05:42:45.449Z,55681,1071,98610
2026-09-19T05:42:45.449Z,1547,21270,78900
2026-09-19T05:42:45.449Z,41494,4595000000,6498000000
2026-09-19T05:42:45.449Z,93717,55000,79990000
2026-09-19T05:42:45.449Z,42702,501000,2239000
2026-09-19T05:42:45.449Z,18662,61290000,99630000
2026-09-19T05:42:45.449Z,44995,391800000,424400000
2026-09-19T05:42:45.449Z,53053,99900,1200000
2026-09-19T05:42:45.449Z,8785,117100,248600
2026-09-19T05:42:45.449Z,54782,9428,12990
2026-09-19T05:42:45.449Z,46951,250600,4800000
2026-09-19T05:42:45.449Z,16227,41770000,54980000
2026-09-19T05:42:45.449Z,17690,381800,960400
2026-09-19T05:42:45.449Z,4244,866600000,1227000000
2026-09-19T05:42:45.449Z,19113,31180000,41780000
2026-09-19T05:42:45.449Z,55597,0.02,65000
2026-09-19T05:42:45.449Z,41439,525300,690700000
2026-09-19T05:42:45.449Z,33775,18080000,63290000
2026-09-19T05:42:45.449Z,30752,73340000,81760000
2026-09-19T05:42:45.449Z,24475,32.02,34
2026-09-19T05:42:45.449Z,31976,20010000,48390000
2026-09-19T05:42:45.449Z,57019,2000000,48980000
2026-09-19T05:42:45.449Z,31977,57080000,70720000
2026-09-19T05:42:45.449Z,31197,202300,14220000
2026-09-19T05:42:45.449Z,32075,9266000,27820000
2026-09-19T05:42:45.449Z,4170,14320000,231500000
2026-09-19T05:42:45.449Z,83355,60010,740500
2026-09-19T05:42:45.449Z,85517,1527000,6400000
2026-09-19T05:42:45.449Z,23729,12010,35940
2026-09-19T05:42:45.449Z,31284,22070000,322500000
2026-09-19T05:42:45.449Z,20157,75410000,80780000
2026-09-19T05:42:45.449Z,46853,252800,7098000
2026-09-19T05:42:45.449Z,85737,71100000,129900000
2026-09-19T05:42:45.449Z,23083,182200,295800
2026-09-19T05:42:45.449Z,3340,2385,498500
2026-09-19T05:42:45.449Z,11293,16220,38900
2026-09-19T05:42:45.449Z,91929,9181000,11240000
2026-09-19T05:42:45.449Z,3894,25080000,33970000
2026-09-19T05:42:45.449Z,43778,18160,19940000
2026-09-19T05:42:45.449Z,75285,2101,3949
2026-09-19T05:42:45.449Z,19169,82760000,139900000
2026-09-19T05:42:45.449Z,54439,6168000,78990000
2026-09-19T05:42:45.449Z,63055,99000000,144000000
2026-09-19T05:42:45.449Z,31081,107600000,446400000
2026-09-19T05:42:45.449Z,33972,64370000,94000000
2026-09-19T05:42:45.449Z,40771,1001000,19740000
2026-09-19T05:42:45.449Z,60236,123100,7985000
2026-09-19T05:42:45.449Z,52297,100100,12750000
2026-09-19T05:42:45.449Z,85518,21700000,39980000
2026-09-19T05:42:45.449Z,48428,23750,100000
2026-09-19T05:42:45.449Z,12211,1136000,2057000
2026-09-19T05:42:45.449Z,22535,151200000,163300000
2026-09-19T05:42:45.449Z,11083,124200,778900
2026-09-19T05:42:45.449Z,54433,12060000,55220000
2026-09-19T05:42:45.449Z,21011,7646000,11780000
2026-09-19T05:42:45.449Z,46958,500100,7998000
2026-09-19T05:42:45.449Z,32035,1060000,1237000
2026-09-19T05:42:45.449Z,22993,861.4,1098
2026-09-19T05:42:45.449Z,3334,1051000,2600000
2026-09-19T05:42:45.449Z,77164,150000000,499700000
2026-09-19T05:42:45.449Z,3221,480200000,669000000
2026-09-19T05:42:45.449Z,55715,316300000,2596000000
2026-09-19T05:42:45.449Z,55528,1.14,50000
2026-09-19T05:42:45.449Z,15478,15350000,17790000
2026-09-19T05:42:45.449Z,45867,1000000,128800000
2026-09-19T05:42:45.449Z,90406,1465000000,2848000000
2026-09-19T05:42:45.449Z,54926,149300,15860000
2026-09-19T05:42:45.449Z,46796,19.09,3288000
2026-09-19T05:42:45.449Z,34097,123500000,162500000
2026-09-19T05:42:45.449Z,96041,1250000000,1656000000
2026-09-19T05:42:45.449Z,41255,914700000,1706000000
2026-09-19T05:42:45.449Z,36657,0.01,5025000000
2026-09-19T05:42:45.449Z,28748,113900000,138500000
2026-09-19T05:42:45.449Z,40357,123300000,149800000
2026-09-19T05:42:45.449Z,15757,45670000,94530000
2026-09-19T05:42:45.449Z,20561,36090000,59990000
2026-09-19T05:42:45.449Z,89654,71400000,208900000
2026-09-19T05:42:45.449Z,3997,17000000,1500000000
2026-09-19T05:42:45.449Z,33407,33100000,39890000
2026-09-19T05:42:45.449Z,28336,452.7,512.9
2026-09-19T05:42:45.449Z,3546,285100000,427900000
2026-09-19T05:42:45.449Z,49146,130000000,399000000
2026-09-19T05:42:45.449Z,3596,3004,69990
2026-09-19T05:42:45.449Z,90410,14030000,29580000
2026-09-19T05:42:45.449Z,48651,149900000,2000000000
2026-09-19T05:42:45.449Z,57483,77130000,85660000
2026-09-19T05:42:45.449Z,91916,1812000,4299000
2026-09-19T05:42:45.449Z,15939,139900000,153400000
2026-09-19T05:42:45.449Z,55537,50020,500100
2026-09-19T05:42:45.449Z,46751,4809000,139800000
2026-09-19T05:42:45.449Z,33898,7623000,9926000
2026-09-19T05:42:45.449Z,85519,5090000,14460000
2026-09-19T05:42:45.449Z,57491,,10980000
2026-09-19T05:42:45.449Z,53308,72000000,104800000
2026-09-19T05:42:45.449Z,27576,7404000,27410000
2026-09-19T05:42:45.449Z,34697,0.01,2398000000
2026-09-19T05:42:45.449Z,46404,0.01,2525000000
2026-09-19T05:42:45.449Z,46904,200500,1999000
2026-09-19T05:42:45.449Z,46957,616700,4415000
2026-09-19T05:42:45.449Z,46984,267500,7997000
2026-09-19T05:42:45.449Z,73227,10600,8000000
2026-09-19T05:42:45.449Z,13884,660000,4551000
2026-09-19T05:42:45.449Z,55539,10000,10010
2026-09-19T05:42:45.449Z,36844,0.01,5025000000
2026-09-19T05:42:45.449Z,54742,97090000,114800000
2026-09-19T05:42:45.449Z,70838,99280000,400000000
2026-09-19T05:42:45.449Z,47002,59520,3360000
2026-09-19T05:42:45.449Z,14094,80830,300000
2026-09-19T05:42:45.449Z,15715,1013000,4792000
2026-09-19T05:42:45.449Z,46327,2206000000,2975000000
2026-09-19T05:42:45.449Z,30997,131500,397800
2026-09-19T05:42:45.449Z,85179,2503,966800
2026-09-19T05:42:45.449Z,14118,81490000,109800000
2026-09-19T05:42:45.449Z,37156,75000000,360000000
2026-09-19T05:42:45.449Z,42681,322600000,726000000
2026-09-19T05:42:45.449Z,85735,321300000,900000000
2026-09-19T05:42:45.449Z,27495,1325,1714
2026-09-19T05:42:45.449Z,23416,176100000,214100000
2026-09-19T05:42:45.449Z,4103,46880000,108800000
2026-09-19T05:42:45.449Z,61191,38270000,199500000
2026-09-19T05:42:45.449Z,88485,40010,489700
2026-09-19T05:42:45.449Z,43785,15290000,150000000
2026-09-19T05:42:45.449Z,29041,103400,707200
2026-09-19T05:42:45.449Z,2575,1246000,1462000
2026-09-19T05:42:45.449Z,3087,400000000,799800000
2026-09-19T05:42:45.449Z,3150,54770000,154200000
2026-09-19T05:42:45.449Z,12236,237900000,443400000
2026-09-19T05:42:45.449Z,56196,26100000,4208000000
2026-09-19T05:42:45.449Z,46798,201200,5899000
2026-09-19T05:42:45.449Z,3333,141100,1000000
2026-09-19T05:42:45.449Z,16596,22580000,38810000
2026-09-19T05:42:45.449Z,46863,1011000,8917000
2026-09-19T05:42:45.449Z,31975,16000000,22190000
2026-09-19T05:42:45.449Z,62572,9910,10820
2026-09-19T05:42:45.449Z,23025,2147,2491
2026-09-19T05:42:45.449Z,34433,82000,3973000
2026-09-19T05:42:45.449Z,95293,13010000,74800000
2026-09-19T05:42:45.449Z,34672,18530000,72300000
2026-09-19T05:42:45.449Z,46903,27150,29440000
2026-09-19T05:42:45.449Z,31942,26680000,32760000
2026-09-19T05:42:45.449Z,55757,157000,750000
2026-09-19T05:42:45.449Z,91975,28860000,47780000
2026-09-19T05:42:45.449Z,49433,10140000,16000000
2026-09-19T05:42:45.449Z,22115,11650000,18770000
2026-09-19T05:42:45.449Z,42558,24000000,74000000
2026-09-19T05:42:45.449Z,53316,1521000000,4609000000
2026-09-19T05:42:45.449Z,59466,0.01,1700000000
2026-09-19T05:42:45.449Z,94033,45200000,73520000
2026-09-19T05:42:45.449Z,56226,18640000000,36000000000
2026-09-19T05:42:45.449Z,34665,24170000,145900000
2026-09-19T05:42:45.449Z,47062,1801000,24990000
2026-09-19T05:42:45.449Z,15090,2944000000,3558000000
2026-09-19T05:42:45.449Z,23075,244100,298000
2026-09-19T05:42:45.449Z,4311,504200000,639900000
2026-09-19T05:42:45.449Z,83469,2291000,2432000
2026-09-19T05:42:45.449Z,42774,200000,2981000
2026-09-19T05:42:45.449Z,28784,56230000,88340000
2026-09-19T05:42:45.449Z,55032,35500000,44940000
2026-09-19T05:42:45.449Z,33040,200100,2800000
2026-09-19T05:42:45.449Z,23051,905.6,2466
2026-09-19T05:42:45.449Z,54407,60700000,187200000
2026-09-19T05:42:45.449Z,63203,10800000,998500000
2026-09-19T05:42:45.449Z,46168,0.03,11000000
2026-09-19T05:42:45.449Z,23560,1409000,16000000
2026-09-19T05:42:45.449Z,5365,6760,12980
2026-09-19T05:42:45.449Z,77419,5001,11960
2026-09-19T05:42:45.449Z,34792,6105000,29990000
2026-09-19T05:42:45.449Z,16005,66140000,130600000
2026-09-19T05:42:45.449Z,62490,608.7,1489
2026-09-19T05:42:45.449Z,47042,361000,25000000
2026-09-19T05:42:45.449Z,21603,6576000,10900000
2026-09-19T05:42:45.449Z,13230,9165000,18140000
2026-09-19T05:42:45.449Z,17481,6266000,1598000000
2026-09-19T05:42:45.449Z,95452,55020000,390000000
2026-09-19T05:42:45.449Z,12442,21470,409900
2026-09-19T05:42:45.449Z,85691,4403000,79800000
2026-09-19T05:42:45.449Z,62485,2079,5000
2026-09-19T05:42:45.449Z,62488,2432,8000
2026-09-19T05:42:45.449Z,54442,8005000,77000000
2026-09-19T05:42:45.449Z,897,27000,1499000
2026-09-19T05:42:45.449Z,26434,5303000,14070000
2026-09-19T05:42:45.449Z,17403,200000,9200000
2026-09-19T05:42:45.449Z,31660,18200,13050000
2026-09-19T05:42:45.449Z,22761,20320000,39000000
2026-09-19T05:42:45.449Z,17184,2032000,9279000
2026-09-19T05:42:45.449Z,40666,43320000,78300000
2026-09-19T05:42:45.449Z,26082,111700,578700
2026-09-19T05:42:45.449Z,46811,1372000,160000000
2026-09-19T05:42:45.449Z,62624,33180000,39790000
2026-09-19T05:42:45.449Z,92801,0.01,995000000
2026-09-19T05:42:45.449Z,55526,10000,499700
2026-09-19T05:42:45.449Z,39584,63800000,648600000
2026-09-19T05:42:45.449Z,2184,1010000,1949000
2026-09-19T05:42:45.449Z,41206,8111000,7986000000
2026-09-19T05:42:45.449Z,20947,8.02,98.03
2026-09-19T05:42:45.449Z,2204,80000,498100
2026-09-19T05:42:45.449Z,36765,0.01,5000000000
2026-09-19T05:42:45.449Z,36779,0.01,5000000000
2026-09-19T05:42:45.449Z,36291,0.01,5025000000
2026-09-19T05:42:45.449Z,34751,0.01,5000000000
2026-09-19T05:42:45.449Z,3161,5337000,69910000
2026-09-19T05:42:45.449Z,31916,22870000,29760000
2026-09-19T05:42:45.449Z,48425,266900,790000
2026-09-19T05:42:45.449Z,73425,6901000000,12300000000
2026-09-19T05:42:45.449Z,46372,259500,1836000
2026-09-19T05:42:45.449Z,46962,119100,6999000
2026-09-19T05:42:45.449Z,2406,101000,1200000
2026-09-19T05:42:45.449Z,235,46,139.8
2026-09-19T05:42:45.449Z,3441,200900,650000
2026-09-19T05:42:45.449Z,93237,4410000,29890000
2026-09-19T05:42:45.449Z,78406,1971000000,6998000000
2026-09-19T05:42:45.449Z,3406,278100,920000
2026-09-19T05:42:45.449Z,90126,1567000000,3180000000
2026-09-19T05:42:45.449Z,2529,16130,26690
2026-09-19T05:42:45.449Z,60223,500100,4995000
2026-09-19T05:42:45.449Z,93697,220000,298900000
2026-09-19T05:42:45.449Z,62396,43340,54990
2026-09-19T05:42:45.449Z,48521,36990000,6588000000
2026-09-19T05:42:45.449Z,62225,5200000000,8491000000
2026-09-19T05:42:45.449Z,57018,502100,48970000
2026-09-19T05:42:45.449Z,16278,2893000,3398000
2026-09-19T05:42:45.449Z,87838,9006000,53500000
2026-09-19T05:42:45.449Z,55635,,28000
2026-09-19T05:42:45.449Z,14810,4989000000,5896000000
2026-09-19T05:42:45.449Z,91170,1617000000,30160000000
2026-09-19T05:42:45.449Z,1986,3049,39730
2026-09-19T05:42:45.449Z,71724,37090000,358500000
2026-09-19T05:42:45.449Z,91935,1593000,2800000
2026-09-19T05:42:45.449Z,62519,22.75,40
2026-09-19T05:42:45.449Z,46549,2000000,29720000
2026-09-19T05:42:45.449Z,31157,17100,26500000
2026-09-19T05:42:45.449Z,41213,8861000,27860000
2026-09-19T05:42:45.449Z,47376,155000000,499900000
2026-09-19T05:42:45.449Z,46983,301400,5995000
2026-09-19T05:42:45.449Z,46787,10140,7223000
2026-09-19T05:42:45.449Z,57334,385600000,992500000
2026-09-19T05:42:45.449Z,89784,2126000,4997000
2026-09-19T05:42:45.449Z,40601,0.01,719900000
2026-09-19T05:42:45.449Z,33305,36070000,102900000
2026-09-19T05:42:45.449Z,79717,441200,11950000
2026-09-19T05:42:45.449Z,52295,9213000,18970000
2026-09-19T05:42:45.449Z,3396,620500,2095000
2026-09-19T05:42:45.449Z,45854,15000,8796000
2026-09-19T05:42:45.449Z,33832,2290000,6997000
2026-09-19T05:42:45.449Z,3246,540900000,640600000
2026-09-19T05:42:45.449Z,4153,21060000,57270000
2026-09-19T05:42:45.449Z,28844,6786000000,7323000000
2026-09-19T05:42:45.449Z,11690,19310,20060
2026-09-19T05:42:45.449Z,48591,661100,9988000
2026-09-19T05:42:45.449Z,19033,219000000,237700000
2026-09-19T05:42:45.449Z,14188,198600000,233000000
2026-09-19T05:42:45.449Z,46743,163100,50090000
2026-09-19T05:42:45.449Z,41501,873600000,2192000000
2026-09-19T05:42:45.449Z,54739,62070000,89000000
2026-09-19T05:42:45.449Z,43887,100100000,120000000
2026-09-19T05:42:45.449Z,9251,22500,77660
2026-09-19T05:42:45.449Z,15903,57290000,124300000
2026-09-19T05:42:45.449Z,90403,345500000,997000000
2026-09-19T05:42:45.449Z,90402,422000000,635000000
2026-09-19T05:42:45.449Z,26931,888000,999800
2026-09-19T05:42:45.449Z,26892,3549000,9998000
2026-09-19T05:42:45.449Z,43662,48160000,185600000
2026-09-19T05:42:45.449Z,84985,288500000,628600000
2026-09-19T05:42:45.449Z,43870,50020000,360000000
2026-09-19T05:42:45.449Z,54745,129000000,199000000
2026-09-19T05:42:45.449Z,56938,0.01,4732000000
2026-09-19T05:42:45.449Z,21732,400000,1339000
2026-09-19T05:42:45.449Z,43673,9237000,9000000000
2026-09-19T05:42:45.449Z,90046,,534300
2026-09-19T05:42:45.449Z,59851,0.01,750000000
2026-09-19T05:42:45.449Z,43872,276400000,360000000
2026-09-19T05:42:45.449Z,43877,946400000,1397000000
2026-09-19T05:42:45.449Z,13778,26540000,83780000
2026-09-19T05:42:45.449Z,87323,17500000,408200000
2026-09-19T05:42:45.449Z,55592,118300,970000
2026-09-19T05:42:45.449Z,1227,101.3,149
2026-09-19T05:42:45.449Z,58874,353800,1720000
2026-09-19T05:42:45.449Z,21332,25.01,325.1
2026-09-19T05:42:45.449Z,24242,401700,1000000
2026-09-19T05:42:45.449Z,34174,49000000,79000000
2026-09-19T05:42:45.449Z,883,,500000
2026-09-19T05:42:45.449Z,49682,91390,674300
2026-09-19T05:42:45.449Z,880,1000,500000
2026-09-19T05:42:45.449Z,46829,305400,4798000
2026-09-19T05:42:45.449Z,25332,186100,284600
2026-09-19T05:42:45.449Z,90120,5502000,9882000
2026-09-19T05:42:45.449Z,62590,10880000,12430000
2026-09-19T05:42:45.449Z,12202,1804000,3289000
2026-09-19T05:42:45.449Z,62481,506.9,2500
2026-09-19T05:42:45.449Z,52752,0.01,899000000
2026-09-19T05:42:45.449Z,41103,51360000,422500000
2026-09-19T05:42:45.449Z,41195,5000000000,5970000000
2026-09-19T05:42:45.449Z,46830,39010,9892000
2026-09-19T05:42:45.449Z,15713,6184000,14090000
2026-09-19T05:42:45.449Z,54752,613100000,1121000000
2026-09-19T05:42:45.449Z,22536,503.1,940700
2026-09-19T05:42:45.449Z,20953,30.99,1031
2026-09-19T05:42:45.449Z,31610,991600,1298000
2026-09-19T05:42:45.449Z,3565,276200000,346800000
2026-09-19T05:42:45.449Z,46174,,10990000
2026-09-19T05:42:45.449Z,2604,1000,17410
2026-09-19T05:42:45.449Z,20524,20000000,89980000
2026-09-19T05:42:45.449Z,88649,1018000,50000000
2026-09-19T05:42:45.449Z,56192,3599000,6000000000
2026-09-19T05:42:45.449Z,71721,25320000,1259000000
2026-09-19T05:42:45.449Z,91930,46890000,98840000
2026-09-19T05:42:45.449Z,15000,521900,492500000
2026-09-19T05:42:45.449Z,60952,25520000,40000000
2026-09-19T05:42:45.449Z,55559,20010,7721000
2026-09-19T05:42:45.449Z,83245,1000,94210000
2026-09-19T05:42:45.449Z,86115,15000000,247700000
2026-09-19T05:42:45.449Z,91938,236600000,366800000
2026-09-19T05:42:45.449Z,73228,1000000,18700000
2026-09-19T05:42:45.449Z,22242,63300000,83000000
2026-09-19T05:42:45.449Z,33301,124200000,498600000
2026-09-19T05:42:45.449Z,40600,0.01,4672000000
2026-09-19T05:42:45.449Z,52598,207400000,2985000000
2026-09-19T05:42:45.449Z,46044,2004000000,16940000000
2026-09-19T05:42:45.449Z,37166,2076000000,2597000000
2026-09-19T05:42:45.449Z,49641,926000,2250000
2026-09-19T05:42:45.449Z,24764,25460000,37780000
2026-09-19T05:42:45.449Z,30424,399.4,15000
2026-09-19T05:42:45.449Z,18716,378.2,3400000
2026-09-19T05:42:45.449Z,54741,75870000,130000000
2026-09-19T05:42:45.449Z,17817,,15000000
2026-09-19T05:42:45.449Z,47057,,30000000
2026-09-19T05:42:45.449Z,24636,96040000,124800000
2026-09-19T05:42:45.449Z,56197,1054000000,5300000000
2026-09-19T05:42:45.449Z,46995,1228000,16950000
2026-09-19T05:42:45.449Z,49922,,248000000
2026-09-19T05:42:45.449Z,54905,,1999000000
2026-09-19T05:42:45.449Z,27618,2120000,35000000
2026-09-19T05:42:45.449Z,16009,96090000,128100000
2026-09-19T05:42:45.449Z,28667,60000000,69950000
2026-09-19T05:42:45.449Z,47170,,990000000
2026-09-19T05:42:45.449Z,87798,71010000,124900000
2026-09-19T05:42:45.449Z,21206,7500,1500000
2026-09-19T05:42:45.449Z,19978,21,189900000
2026-09-19T05:42:45.449Z,75267,351200000,9899000000
2026-09-19T05:42:45.449Z,77166,101000000,599800000
2026-09-19T05:42:45.449Z,64411,86650000,1280000000
2026-09-19T05:42:45.449Z,54774,24240,49400
2026-09-19T05:42:45.449Z,45992,1002000,178800000
2026-09-19T05:42:45.449Z,46564,2101000,79970000
2026-09-19T05:42:45.449Z,4147,1037000,2890000
2026-09-19T05:42:45.449Z,52790,193500000,499000000
2026-09-19T05:42:45.449Z,16263,159000,320000
2026-09-19T05:42:45.449Z,46641,50000000,7986000000
2026-09-19T05:42:45.449Z,81050,16660000,31890000
2026-09-19T05:42:45.449Z,53376,100200,10000000
2026-09-19T05:42:45.449Z,46900,20.11,4245000
2026-09-19T05:42:45.449Z,37894,10000,899800
2026-09-19T05:42:45.449Z,52846,0.01,1000000000
2026-09-19T05:42:45.449Z,74156,608500,14800000
2026-09-19T05:42:45.449Z,23107,700200,1500000
2026-09-19T05:42:45.449Z,22043,3005000,27000000
2026-09-19T05:42:45.449Z,45738,1100000,47960000
2026-09-19T05:42:45.449Z,17423,44410,44400000
2026-09-19T05:42:45.449Z,18748,1046,11700000
2026-09-19T05:42:45.449Z,56210,72030000,179900000
2026-09-19T05:42:45.449Z,85740,64150000,116300000
2026-09-19T05:42:45.449Z,45,1.65,66.1
2026-09-19T05:42:45.449Z,27243,124300,131000000
2026-09-19T05:42:45.449Z,62484,1653,2899
2026-09-19T05:42:45.449Z,46180,0.03,10070000
2026-09-19T05:42:45.449Z,54370,45690000,99990000
2026-09-19T05:42:45.449Z,55756,800100,10000000
2026-09-19T05:42:45.449Z,88130,104900000,999900000
2026-09-19T05:42:45.449Z,79612,341700000,506500000
2026-09-19T05:42:45.449Z,90037,3597000,7500000
2026-09-19T05:42:45.449Z,62017,120000,15000000
2026-09-19T05:42:45.449Z,86108,550200,150000000
2026-09-19T05:42:45.449Z,53957,2931000,2440000000
2026-09-19T05:42:45.449Z,57180,0.01,15740000000
2026-09-19T05:42:45.449Z,43891,100100000,115000000
2026-09-19T05:42:45.449Z,36522,1736000000,200000000000
2026-09-19T05:42:45.449Z,1176,500200,3850000
2026-09-19T05:42:45.449Z,30324,9001000,15900000
2026-09-19T05:42:45.449Z,56902,0.01,1190000000
2026-09-19T05:42:45.449Z,52770,7299000,4199000000
2026-09-19T05:42:45.449Z,92391,23570,49910
2026-09-19T05:42:45.449Z,90124,292500000,1199000000
2026-09-19T05:42:45.449Z,76953,210000000,1699000000
2026-09-19T05:42:45.449Z,57707,3270000000,13960000000
2026-09-19T05:42:45.449Z,21364,50.02,1000
2026-09-19T05:42:45.449Z,16605,7015000000,13900000000
2026-09-19T05:42:45.449Z,11734,6024,2000000
2026-09-19T05:42:45.449Z,91926,22550000,47780000
2026-09-19T05:42:45.449Z,44940,5151000,49900000
2026-09-19T05:42:45.449Z,31115,52240000,321000000
2026-09-19T05:42:45.449Z,45806,340400,6949000
2026-09-19T05:42:45.449Z,78410,47120000,1499000000
2026-09-19T05:42:45.449Z,78688,3878000000,5893000000
2026-09-19T05:42:45.449Z,59864,0.01,2747000000
2026-09-19T05:42:45.449Z,84499,,50000000
2026-09-19T05:42:45.449Z,17736,953000000,1200000000
2026-09-19T05:42:45.449Z,485,9896,13380
2026-09-19T05:42:45.449Z,57536,58000000,247400000
2026-09-19T05:42:45.449Z,46277,1127000000,4799000000
2026-09-19T05:42:45.449Z,17433,4429,4430
2026-09-19T05:42:45.449Z,33699,6094,260000
2026-09-19T05:42:45.449Z,3309,90190,3990000
2026-09-19T05:42:45.449Z,48655,210100000,24500000000
2026-09-19T05:42:45.449Z,17176,1671000,7198000
2026-09-19T05:42:45.449Z,90727,,260000
2026-09-19T05:42:45.449Z,14650,16000000000,30000000000
2026-09-19T05:42:45.449Z,42800,1017000,150000000
2026-09-19T05:42:45.449Z,15937,22050000,99990000
2026-09-19T05:42:45.449Z,45797,10000000,42850000
2026-09-19T05:42:45.449Z,43547,100000,8985000
2026-09-19T05:42:45.449Z,28374,9000000,1200000000
2026-09-19T05:42:45.449Z,1223,1946,2400
2026-09-19T05:42:45.449Z,75287,4001,4446
2026-09-19T05:42:45.449Z,64392,0.01,799900000
2026-09-19T05:42:45.449Z,46140,11010000,399000000
2026-09-19T05:42:45.449Z,92783,0.01,2556000000
2026-09-19T05:42:45.449Z,92781,0.01,2223000000
2026-09-19T05:42:45.449Z,55031,24690000,33500000
2026-09-19T05:42:45.449Z,31672,1500000,150000000
2026-09-19T05:42:45.449Z,46155,8000000,29250000
2026-09-19T05:42:45.449Z,42150,0.01,699000000
2026-09-19T05:42:45.449Z,57510,30010000,43000000
2026-09-19T05:42:45.449Z,76281,915900000,6001000000
2026-09-19T05:42:45.449Z,55714,4699000,
2026-09-19T05:42:45.449Z,91623,18490000,
2026-09-19T05:42:45.449Z,12824,290400,
2026-09-19T05:42:45.449Z,91773,195500,
2026-09-19T05:42:45.449Z,57494,0.04,
2026-09-19T05:42:45.449Z,60341,102300,
2026-09-19T05:42:45.449Z,53200,2451000,
2026-09-19T05:42:45.449Z,56225,9138000000,
2026-09-19T05:42:45.449Z,62487,1522,
2026-09-19T05:42:45.449Z,18724,21310,
2026-09-19T05:42:45.449Z,23913,882500000,
2026-09-19T05:42:45.449Z,62491,664.9,
2026-09-19T05:42:45.449Z,91136,930000000,
2026-09-19T05:42:45.449Z,89635,5003000,
2026-09-19T05:42:45.449Z,31422,89000,
2026-09-19T05:42:45.449Z,91633,120900,
2026-09-19T05:42:45.449Z,59874,20200000,
2026-09-19T05:42:45.449Z,28545,1230000,
2026-09-19T05:42:45.449Z,56190,9999000,
2026-09-19T05:42:45.449Z,34357,25600000,
2026-09-19T05:42:45.449Z,52779,96240000,
2026-09-19T05:42:45.449Z,52774,27180000,
2026-09-19T05:42:45.449Z,36968,735200000,
2026-09-19T05:42:45.449Z,77283,697200000,
2026-09-19T05:42:45.449Z,23919,787500000,
2026-09-19T05:42:45.449Z,11567,1076000000,
2026-09-19T05:42:45.449Z,671,940200000,
2026-09-19T05:42:45.449Z,22852,820800000,
2026-09-19T05:42:45.449Z,91636,107700000,
2026-09-19T05:42:45.449Z,3349,1001,
2026-09-19T05:42:45.449Z,23917,768800000,
2026-09-19T05:42:45.449Z,3339,5133000,
2026-09-19T05:42:45.449Z,60343,100000,
2026-09-19T05:42:45.449Z,14940,601300000,
2026-09-19T05:42:45.449Z,56194,1225000,
2026-09-19T05:42:45.449Z,53183,1110000,
2026-09-19T05:42:45.449Z,91625,1520000,
2026-09-19T05:42:45.449Z,54949,11030,
2026-09-19T05:42:45.449Z,828,100,
2026-09-19T05:42:45.449Z,882,1313,
