timestamp,type_id,best_buy,best_sell
2026-09-15T21:46:49.699Z,62404,19820,21900
2026-09-15T21:46:49.699Z,25614,83080,85000
2026-09-15T21:46:49.699Z,18875,58500000,61970000
2026-09-15T21:46:49.699Z,27253,483700,728300
2026-09-15T21:46:49.699Z,82485,10000,293300
2026-09-15T21:46:49.699Z,52224,3623000,4293000
2026-09-15T21:46:49.699Z,12544,22060,51410
2026-09-15T21:46:49.699Z,3111,14610000,53900000
2026-09-15T21:46:49.699Z,37613,188800000,292300000
2026-09-15T21:46:49.699Z,58945,22460000,27920000
2026-09-15T21:46:49.699Z,25609,1628000,1649000
2026-09-15T21:46:49.699Z,85458,20640000,54890000
2026-09-15T21:46:49.699Z,3689,9854,10270
2026-09-15T21:46:49.699Z,12038,16650000,17530000
2026-09-15T21:46:49.699Z,45996,2483000,9798000
2026-09-15T21:46:49.699Z,12058,1876000,2011000
2026-09-15T21:46:49.699Z,17243,1403,17990
2026-09-15T21:46:49.699Z,20793,7589,16900
2026-09-15T21:46:49.699Z,62521,19.58,23.4
2026-09-15T21:46:49.699Z,5865,256.6,699.4
2026-09-15T21:46:49.699Z,3651,9,9.01
2026-09-15T21:46:49.699Z,12204,1644000,2879000
2026-09-15T21:46:49.699Z,95412,10010,70000
2026-09-15T21:46:49.699Z,29988,224300000,228300000
2026-09-15T21:46:49.699Z,14033,258800,750300
2026-09-15T21:46:49.699Z,57733,10000000,17100000
2026-09-15T21:46:49.699Z,17255,404600,609000
2026-09-15T21:46:49.699Z,53230,44170000,144300000
2026-09-15T21:46:49.699Z,31748,1361000,2431000
2026-09-15T21:46:49.699Z,52921,174500000,208900000
2026-09-15T21:46:49.699Z,17177,3300000,4199000
2026-09-15T21:46:49.699Z,17178,4011000,6004000
2026-09-15T21:46:49.699Z,37622,54000000,74480000
2026-09-15T21:46:49.699Z,61533,100000,740000
2026-09-15T21:46:49.699Z,88667,10000,389900
2026-09-15T21:46:49.699Z,40362,9976000,19440000
2026-09-15T21:46:49.699Z,35962,1191000,12430000
2026-09-15T21:46:49.699Z,17408,1018000,4659000
2026-09-15T21:46:49.699Z,21955,27090000,111900000
2026-09-15T21:46:49.699Z,88482,20100,64870
2026-09-15T21:46:49.699Z,60922,1427000,10000000
2026-09-15T21:46:49.699Z,76493,2046000,3920000
2026-09-15T21:46:49.699Z,3831,422000,457000
2026-09-15T21:46:49.699Z,3888,790800,846300
2026-09-15T21:46:49.699Z,17795,163900,400100
2026-09-15T21:46:49.699Z,33573,449.1,449.2
2026-09-15T21:46:49.699Z,14767,55000000000,128900000000
2026-09-15T21:46:49.699Z,2363,24140,37700
2026-09-15T21:46:49.699Z,19179,145100000,155100000
2026-09-15T21:46:49.699Z,32014,190100,201500
2026-09-15T21:46:49.699Z,40519,461000000,469600000
2026-09-15T21:46:49.699Z,23053,1454,1701
2026-09-15T21:46:49.699Z,20420,88130,90000
2026-09-15T21:46:49.699Z,223,6.84,13.5
2026-09-15T21:46:49.699Z,43898,,5045000
2026-09-15T21:46:49.699Z,23075,250000,298000
2026-09-15T21:46:49.699Z,12729,103700000,110400000
2026-09-15T21:46:49.699Z,91124,60000,60010
2026-09-15T21:46:49.699Z,40354,33090000,39330000
2026-09-15T21:46:49.699Z,12535,1331,140800
2026-09-15T21:46:49.699Z,19280,73000000,85870000
2026-09-15T21:46:49.699Z,45652,751000,3199000
2026-09-15T21:46:49.699Z,44897,11000000,38900000
2026-09-15T21:46:49.699Z,16652,50000,54160
2026-09-15T21:46:49.699Z,88624,20000,238200
2026-09-15T21:46:49.699Z,87572,1709000000,1925000000
2026-09-15T21:46:49.699Z,17793,6600000,8399000
2026-09-15T21:46:49.699Z,3581,18150000,23390000
2026-09-15T21:46:49.699Z,14776,450200000,1024000000
2026-09-15T21:46:49.699Z,2396,321.1,330
2026-09-15T21:46:49.699Z,85086,404500000,438000000
2026-09-15T21:46:49.699Z,25625,817900,889700
2026-09-15T21:46:49.699Z,60199,13020,38020000
2026-09-15T21:46:49.699Z,88776,20010,178600
2026-09-15T21:46:49.699Z,58919,28760,37950
2026-09-15T21:46:49.699Z,14090,69340,206900
2026-09-15T21:46:49.699Z,16303,61460,91990
2026-09-15T21:46:49.699Z,23787,4309000,8390000
2026-09-15T21:46:49.699Z,60281,210000,218200
2026-09-15T21:46:49.699Z,31085,,1835000
2026-09-15T21:46:49.699Z,37,151,166.5
2026-09-15T21:46:49.699Z,2366,101700,117500
2026-09-15T21:46:49.699Z,46812,2600000,5375000
2026-09-15T21:46:49.699Z,85515,8396000,21990000
2026-09-15T21:46:49.699Z,14704,255300000,495000000
2026-09-15T21:46:49.699Z,88485,40000,489600
2026-09-15T21:46:49.699Z,50051,20160000,113000000
2026-09-15T21:46:49.699Z,12537,3839000,4093000
2026-09-15T21:46:49.699Z,42764,130200,986000
2026-09-15T21:46:49.699Z,15904,85420000,154500000
2026-09-15T21:46:49.699Z,18668,75110000,85020000
2026-09-15T21:46:49.699Z,49774,25290000,30940000
2026-09-15T21:46:49.699Z,92384,125400000,384900000
2026-09-15T21:46:49.699Z,57459,84380,416700
2026-09-15T21:46:49.699Z,20621,596500,994800
2026-09-15T21:46:49.699Z,27255,400000,870000
2026-09-15T21:46:49.699Z,88614,20010,99950
2026-09-15T21:46:49.699Z,41294,3031,7335
2026-09-15T21:46:49.699Z,14174,11920000,12770000
2026-09-15T21:46:49.699Z,37295,123000000,169700000
2026-09-15T21:46:49.699Z,16375,293500,325000
2026-09-15T21:46:49.699Z,44930,8315000,33970000
2026-09-15T21:46:49.699Z,78776,100000,489700
2026-09-15T21:46:49.699Z,35661,543900,564200
2026-09-15T21:46:49.699Z,45984,100.5,4587000
2026-09-15T21:46:49.699Z,88671,1000,350000
2026-09-15T21:46:49.699Z,84335,303500,1048000
2026-09-15T21:46:49.699Z,11557,31200,33660
2026-09-15T21:46:49.699Z,8101,16320,16960
2026-09-15T21:46:49.699Z,33452,9028000,10270000
2026-09-15T21:46:49.699Z,72913,1001000,9179000
2026-09-15T21:46:49.699Z,92149,1,966000
2026-09-15T21:46:49.699Z,90590,3913,3914
2026-09-15T21:46:49.699Z,85688,85010000,199000000
2026-09-15T21:46:49.699Z,22122,160200000,179900000
2026-09-15T21:46:49.699Z,41470,23550000,57500000
2026-09-15T21:46:49.699Z,84401,1000,3889
2026-09-15T21:46:49.699Z,60914,565400,2662000
2026-09-15T21:46:49.699Z,42795,241100,1849000
2026-09-15T21:46:49.699Z,15742,57560000,89000000
2026-09-15T21:46:49.699Z,60294,354300,423000
2026-09-15T21:46:49.699Z,18676,89730000,98610000
2026-09-15T21:46:49.699Z,77427,114500,299900
2026-09-15T21:46:49.699Z,4348,623000000,689800000
2026-09-15T21:46:49.699Z,27092,406100,610000
2026-09-15T21:46:49.699Z,21570,638500,1375000
2026-09-15T21:46:49.699Z,530,23000,63000
2026-09-15T21:46:49.699Z,62456,2281,2293
2026-09-15T21:46:49.699Z,3272,233100,30010000
2026-09-15T21:46:49.699Z,1877,677800,737900
2026-09-15T21:46:49.699Z,32458,7259000,564100000
2026-09-15T21:46:49.699Z,83299,1001,99980
2026-09-15T21:46:49.699Z,6131,360.2,360.3
2026-09-15T21:46:49.699Z,47145,5648000,9500000
2026-09-15T21:46:49.699Z,90699,,89630
2026-09-15T21:46:49.699Z,47366,57200000,79800000
2026-09-15T21:46:49.699Z,8091,3317,9000
2026-09-15T21:46:49.699Z,31932,30690000,33100000
2026-09-15T21:46:49.699Z,16644,8109,8891
2026-09-15T21:46:49.699Z,19015,18480000,19900000
2026-09-15T21:46:49.699Z,12803,191,237.2
2026-09-15T21:46:49.699Z,27379,45.41,245
2026-09-15T21:46:49.699Z,13784,20170000,31390000
2026-09-15T21:46:49.699Z,19071,501,149800
2026-09-15T21:46:49.699Z,3841,822200,896000
2026-09-15T21:46:49.699Z,20959,14000,29000
2026-09-15T21:46:49.699Z,81083,43440000,47580000
2026-09-15T21:46:49.699Z,44890,1317000,14900000
2026-09-15T21:46:49.699Z,83378,10000,369900
2026-09-15T21:46:49.699Z,47782,66400,75000
2026-09-15T21:46:49.699Z,43823,340000000,649000000
2026-09-15T21:46:49.699Z,49732,2739000,2924000
2026-09-15T21:46:49.699Z,20843,820000,2488000
2026-09-15T21:46:49.699Z,19351,172100000,280900000
2026-09-15T21:46:49.699Z,3777,2081,2712
2026-09-15T21:46:49.699Z,17136,72090,76190
2026-09-15T21:46:49.699Z,24517,252.6,464.9
2026-09-15T21:46:49.699Z,43896,554300,763800
2026-09-15T21:46:49.699Z,52554,500600000,689600000
2026-09-15T21:46:49.699Z,41307,1001,6758
2026-09-15T21:46:49.699Z,37629,110000000,272200000
2026-09-15T21:46:49.699Z,27084,35140,194800
2026-09-15T21:46:49.699Z,52281,33160,1200000
2026-09-15T21:46:49.699Z,42559,15000000,44880000
2026-09-15T21:46:49.699Z,11174,13540000,15210000
2026-09-15T21:46:49.699Z,41534,522400000,579800000
2026-09-15T21:46:49.699Z,83316,1003,167800
2026-09-15T21:46:49.699Z,43825,262000000,398500000
2026-09-15T21:46:49.699Z,47784,350000,389600
2026-09-15T21:46:49.699Z,31504,0.02,978900
2026-09-15T21:46:49.699Z,15826,7584000,19230000
2026-09-15T21:46:49.699Z,47874,737600,1689000
2026-09-15T21:46:49.699Z,85521,505300000,599900000
2026-09-15T21:46:49.699Z,639,141800000,154400000
2026-09-15T21:46:49.699Z,83473,2544000,2700000
2026-09-15T21:46:49.699Z,47765,17860,23160
2026-09-15T21:46:49.699Z,29047,51000,392900
2026-09-15T21:46:49.699Z,13969,189300000,199700000
2026-09-15T21:46:49.699Z,31179,201200,273500
2026-09-15T21:46:49.699Z,83296,10000,89800
2026-09-15T21:46:49.699Z,78796,500000,1996000
2026-09-15T21:46:49.699Z,14003,10530000,11750000
2026-09-15T21:46:49.699Z,1198,65140,86900
2026-09-15T21:46:49.699Z,52683,125100,244900000
2026-09-15T21:46:49.699Z,58864,88000,9477000
2026-09-15T21:46:49.699Z,19051,29010000,31080000
2026-09-15T21:46:49.699Z,55541,3000,90000
2026-09-15T21:46:49.699Z,2998,89030000,98430000
2026-09-15T21:46:49.699Z,828,100,2628000
2026-09-15T21:46:49.699Z,29101,61300,899600
2026-09-15T21:46:49.699Z,26440,3796000,7337000
2026-09-15T21:46:49.699Z,33985,68130000,79490000
2026-09-15T21:46:49.699Z,2367,122200,123400
2026-09-15T21:46:49.699Z,31722,1081000,1179000
2026-09-15T21:46:49.699Z,42215,1324000,1128000000
2026-09-15T21:46:49.699Z,192,75.61,91.8
2026-09-15T21:46:49.699Z,47904,49780,57860
2026-09-15T21:46:49.699Z,7705,30000,54630
2026-09-15T21:46:49.699Z,31552,,831400
2026-09-15T21:46:49.699Z,49794,11070,689300
2026-09-15T21:46:49.699Z,83277,1000,78300
2026-09-15T21:46:49.699Z,34575,922600,1055000
2026-09-15T21:46:49.699Z,9415,100000,146800
2026-09-15T21:46:49.699Z,3655,1491000,2039000
2026-09-15T21:46:49.699Z,94157,3002000,3003000
2026-09-15T21:46:49.699Z,80815,321700000,1090000000
2026-09-15T21:46:49.699Z,1403,12460,20500
2026-09-15T21:46:49.699Z,232,31,37.98
2026-09-15T21:46:49.699Z,20444,60450000,66500000
2026-09-15T21:46:49.699Z,83215,10000,184500
2026-09-15T21:46:49.699Z,23719,8669,9794
2026-09-15T21:46:49.699Z,62642,252300,2180000
2026-09-15T21:46:49.699Z,73369,200000,750000
2026-09-15T21:46:49.699Z,23659,,2486
2026-09-15T21:46:49.699Z,43805,5033000,145000000
2026-09-15T21:46:49.699Z,83310,10010,146900
2026-09-15T21:46:49.699Z,6073,17320,19070
2026-09-15T21:46:49.699Z,25711,21770,21780
2026-09-15T21:46:49.699Z,28405,0.02,129000
2026-09-15T21:46:49.699Z,87324,55880000,73790000
2026-09-15T21:46:49.699Z,14240,1963000,3198000
2026-09-15T21:46:49.699Z,31962,16130000,21720000
2026-09-15T21:46:49.699Z,18895,182300000,287800000
2026-09-15T21:46:49.699Z,16521,3234,5975
2026-09-15T21:46:49.699Z,3575,223900000,307700000
2026-09-15T21:46:49.699Z,29067,352700,795100
2026-09-15T21:46:49.699Z,88709,1650000000,2200000000
2026-09-15T21:46:49.699Z,20601,789100,3996000
2026-09-15T21:46:49.699Z,2333,322300,644600
2026-09-15T21:46:49.699Z,47899,9035000,12200000
2026-09-15T21:46:49.699Z,85488,1011000,21970000
2026-09-15T21:46:49.699Z,62576,9040,11960
2026-09-15T21:46:49.699Z,73371,100000,900000
2026-09-15T21:46:49.699Z,20443,167600000,275500000
2026-09-15T21:46:49.699Z,8115,21550,21560
2026-09-15T21:46:49.699Z,4609,26500,35690
2026-09-15T21:46:49.699Z,83709,236200,270000
2026-09-15T21:46:49.699Z,31384,,923500
2026-09-15T21:46:49.699Z,94131,11000,69790
2026-09-15T21:46:49.699Z,55581,2000,50000
2026-09-15T21:46:49.699Z,5697,157000,234800
2026-09-15T21:46:49.699Z,2875,1171000,1275000
2026-09-15T21:46:49.699Z,58880,2500000,6985000
2026-09-15T21:46:49.699Z,20414,92100,99470
2026-09-15T21:46:49.699Z,87836,260300,4559000
2026-09-15T21:46:49.699Z,90639,15000,182600
2026-09-15T21:46:49.699Z,4405,827400,878900
2026-09-15T21:46:49.699Z,74147,433300,5636000
2026-09-15T21:46:49.699Z,84418,40700,99880
2026-09-15T21:46:49.699Z,57445,830200,874000
2026-09-15T21:46:49.699Z,52236,189200000,331500000
2026-09-15T21:46:49.699Z,47631,4101000,28900000
2026-09-15T21:46:49.699Z,80907,21000000,28100000
2026-09-15T21:46:49.699Z,7447,409300,547000
2026-09-15T21:46:49.699Z,88001,4900000000,5599000000
2026-09-15T21:46:49.699Z,25619,1706000,1725000
2026-09-15T21:46:49.699Z,42209,341900000,405800000
2026-09-15T21:46:49.699Z,53291,146700000,192300000
2026-09-15T21:46:49.699Z,62460,737.8,794.5
2026-09-15T21:46:49.699Z,14250,56170000,63450000
2026-09-15T21:46:49.699Z,17868,96.26,111
2026-09-15T21:46:49.699Z,32325,9494000,19430000
2026-09-15T21:46:49.699Z,45814,100,500000
2026-09-15T21:46:49.699Z,62530,30.5,39.9
2026-09-15T21:46:49.699Z,41265,75.21,204.5
2026-09-15T21:46:49.699Z,25605,24640,26000
2026-09-15T21:46:49.699Z,28796,80150000,103100000
2026-09-15T21:46:49.699Z,13828,12150000,28380000
2026-09-15T21:46:49.699Z,19045,389200000,429900000
2026-09-15T21:46:49.699Z,13220,9079000,11490000
2026-09-15T21:46:49.699Z,34100,1100000,3490000
2026-09-15T21:46:49.699Z,31958,28080000,41570000
2026-09-15T21:46:49.699Z,7663,78740,104000
2026-09-15T21:46:49.699Z,94052,2804000,3175000
2026-09-15T21:46:49.699Z,52198,35700,75400
2026-09-15T21:46:49.699Z,5599,23640,36910
2026-09-15T21:46:49.699Z,27778,3852000,29000000
2026-09-15T21:46:49.699Z,26446,1105000,5819000
2026-09-15T21:46:49.699Z,56139,54080000,56960000
2026-09-15T21:46:49.699Z,31089,5149000,5480000
2026-09-15T21:46:49.699Z,19198,506700000,539300000
2026-09-15T21:46:49.699Z,45485,200700000,324300000
2026-09-15T21:46:49.699Z,47807,14840000,15990000
2026-09-15T21:46:49.699Z,14206,138100000,152600000
2026-09-15T21:46:49.699Z,31372,823500,887000
2026-09-15T21:46:49.699Z,7789,313200,434500
2026-09-15T21:46:49.699Z,5631,2517,14000
2026-09-15T21:46:49.699Z,17686,,1974000
2026-09-15T21:46:49.699Z,83294,10000,199900
2026-09-15T21:46:49.699Z,33734,0.01,389000000
2026-09-15T21:46:49.699Z,43497,240000,1400000
2026-09-15T21:46:49.699Z,41515,33820000,40400000
2026-09-15T21:46:49.699Z,78919,1512000000,6743000000
2026-09-15T21:46:49.699Z,41263,20.12,64
2026-09-15T21:46:49.699Z,93924,200000,200100
2026-09-15T21:46:49.699Z,22177,30000,44790
2026-09-15T21:46:49.699Z,25623,6011,6016
2026-09-15T21:46:49.699Z,21085,10310,205100
2026-09-15T21:46:49.699Z,81352,100000,100100
2026-09-15T21:46:49.699Z,31045,,368800
2026-09-15T21:46:49.699Z,44176,15680,398500
2026-09-15T21:46:49.699Z,31955,19100000,23510000
2026-09-15T21:46:49.699Z,16678,206.7,216.9
2026-09-15T21:46:49.699Z,2870,1046000,1098000
2026-09-15T21:46:49.699Z,1405,274900,307500
2026-09-15T21:46:49.699Z,11105,177900,199300
2026-09-15T21:46:49.699Z,62518,11.23,13.1
2026-09-15T21:46:49.699Z,46809,892000,7324000
2026-09-15T21:46:49.699Z,9491,435600,538700
2026-09-15T21:46:49.699Z,21723,,100100
2026-09-15T21:46:49.699Z,48525,2005000000,6540000000
2026-09-15T21:46:49.699Z,33394,340500000,362000000
2026-09-15T21:46:49.699Z,63858,614800,4798000
2026-09-15T21:46:49.699Z,34430,534500,3992000
2026-09-15T21:46:49.699Z,30999,1104000,1600000
2026-09-15T21:46:49.699Z,47790,1208000,1397000
2026-09-15T21:46:49.699Z,15478,15210000,17850000
2026-09-15T21:46:49.699Z,31648,21000000,31900000
2026-09-15T21:46:49.699Z,7787,369600,438000
2026-09-15T21:46:49.699Z,649,2116000,2490000
2026-09-15T21:46:49.699Z,56068,6975000,7937000
2026-09-15T21:46:49.699Z,16274,668.6,686.9
2026-09-15T21:46:49.699Z,76152,0.12,42500000
2026-09-15T21:46:49.699Z,44891,263600,20990000
2026-09-15T21:46:49.699Z,16273,93.5,96.9
2026-09-15T21:46:49.699Z,47810,452600,759000
2026-09-15T21:46:49.699Z,19810,,15990
2026-09-15T21:46:49.699Z,20969,103.2,4017
2026-09-15T21:46:49.699Z,13941,117500000,125000000
2026-09-15T21:46:49.699Z,31382,26230,159500
2026-09-15T21:46:49.699Z,26929,39770,71800
2026-09-15T21:46:49.699Z,31526,153500,349900
2026-09-15T21:46:49.699Z,43753,5010000,34850000
2026-09-15T21:46:49.699Z,78789,100000,1189000
2026-09-15T21:46:49.699Z,37154,270000000,385000000
2026-09-15T21:46:49.699Z,11387,14190000,15000000
2026-09-15T21:46:49.699Z,33359,9931,9998
2026-09-15T21:46:49.699Z,63028,310100,1748000
2026-09-15T21:46:49.699Z,47821,10340,149600
2026-09-15T21:46:49.699Z,23011,416.3,467
2026-09-15T21:46:49.699Z,34416,2100000,2470000
2026-09-15T21:46:49.699Z,94055,8589000,9875000
2026-09-15T21:46:49.699Z,2018,25810,54000
2026-09-15T21:46:49.699Z,27916,1201000,1550000
2026-09-15T21:46:49.699Z,53709,410400000,436000000
2026-09-15T21:46:49.699Z,28362,7501,8501
2026-09-15T21:46:49.699Z,47923,58210000,62670000
2026-09-15T21:46:49.699Z,25591,71000,71010
2026-09-15T21:46:49.699Z,62455,1157,1249
2026-09-15T21:46:49.699Z,16633,369.4,385.2
2026-09-15T21:46:49.699Z,82436,80000,981000
2026-09-15T21:46:49.699Z,60285,107400,175000
2026-09-15T21:46:49.699Z,55620,1,12490
2026-09-15T21:46:49.699Z,17317,50650,56420
2026-09-15T21:46:49.699Z,13820,128900,900000
2026-09-15T21:46:49.699Z,249,1870,1871
2026-09-15T21:46:49.699Z,94139,60000,298000
2026-09-15T21:46:49.699Z,85935,2001000,8998000
2026-09-15T21:46:49.699Z,36336,256900,939900
2026-09-15T21:46:49.699Z,9329,282800,350500
2026-09-15T21:46:49.699Z,1201,56660,79990
2026-09-15T21:46:49.699Z,40584,570500,1059000
2026-09-15T21:46:49.699Z,33361,12990,13690
2026-09-15T21:46:49.699Z,24507,340.5,429.4
2026-09-15T21:46:49.699Z,41330,951600,1210000
2026-09-15T21:46:49.699Z,63867,16050,516600
2026-09-15T21:46:49.699Z,11178,12240000,12790000
2026-09-15T21:46:49.699Z,18660,78490000,84970000
2026-09-15T21:46:49.699Z,31568,2608000,3370000
2026-09-15T21:46:49.699Z,13881,514300,2300000
2026-09-15T21:46:49.699Z,8135,1007,29900
2026-09-15T21:46:49.699Z,44140,10000,492500
2026-09-15T21:46:49.699Z,34483,75020000,92990000
2026-09-15T21:46:49.699Z,62461,,949
2026-09-15T21:46:49.699Z,43496,260000,2399000
2026-09-15T21:46:49.699Z,85776,80000,116700
2026-09-15T21:46:49.699Z,23533,6790,15380
2026-09-15T21:46:49.699Z,76160,700700,17700000
2026-09-15T21:46:49.699Z,76158,275200,9200000
2026-09-15T21:46:49.699Z,24547,19520000,22550000
2026-09-15T21:46:49.699Z,21486,8861000,23960000
2026-09-15T21:46:49.699Z,8177,900,1879
2026-09-15T21:46:49.699Z,27068,15650,332600
2026-09-15T21:46:49.699Z,34590,232100000,267300000
2026-09-15T21:46:49.699Z,29005,11910,19850
2026-09-15T21:46:49.699Z,74150,156900,9586000
2026-09-15T21:46:49.699Z,37612,48650000,60470000
2026-09-15T21:46:49.699Z,60288,216600,290600
2026-09-15T21:46:49.699Z,33842,90900000,98000000
2026-09-15T21:46:49.699Z,60300,414200,524300
2026-09-15T21:46:49.699Z,46367,201200,473700
2026-09-15T21:46:49.699Z,60291,122000,210900
2026-09-15T21:46:49.699Z,82454,200000,999900
2026-09-15T21:46:49.699Z,23721,1415,68000
2026-09-15T21:46:49.699Z,33704,33160,65300
2026-09-15T21:46:49.699Z,42528,407000,411000
2026-09-15T21:46:49.699Z,31009,210400,298300
2026-09-15T21:46:49.699Z,44102,2949000,4787000
2026-09-15T21:46:49.699Z,28583,33720000,42870000
2026-09-15T21:46:49.699Z,53705,136600000,152300000
2026-09-15T21:46:49.699Z,19806,729300,931200
2026-09-15T21:46:49.699Z,45935,1235,499700
2026-09-15T21:46:49.699Z,31087,129000,40000000
2026-09-15T21:46:49.699Z,15967,203300,4100000
2026-09-15T21:46:49.699Z,94160,11630000,11640000
2026-09-15T21:46:49.699Z,31183,959100,1013000
2026-09-15T21:46:49.699Z,16635,244.4,264.1
2026-09-15T21:46:49.699Z,83066,41000,148800
2026-09-15T21:46:49.699Z,16230,350000000,618700000
2026-09-15T21:46:49.699Z,11444,60220,999800
2026-09-15T21:46:49.699Z,33552,248000000,1196000000
2026-09-15T21:46:49.699Z,1824,40,71.93
2026-09-15T21:46:49.699Z,94142,30000,98960
2026-09-15T21:46:49.699Z,83465,111000000,138400000
2026-09-15T21:46:49.699Z,57013,568800,4984000
2026-09-15T21:46:49.699Z,46707,201100,1896000
2026-09-15T21:46:49.699Z,60311,1400000,1715000
2026-09-15T21:46:49.699Z,25599,510,589.9
2026-09-15T21:46:49.699Z,44155,25000,2899000
2026-09-15T21:46:49.699Z,3512,992400,1232000
2026-09-15T21:46:49.699Z,12003,118900000,133100000
2026-09-15T21:46:49.699Z,9808,463900,497900
2026-09-15T21:46:49.699Z,58877,280300,1999000
2026-09-15T21:46:49.699Z,93659,10000,53020000
2026-09-15T21:46:49.699Z,62581,6502,11330
2026-09-15T21:46:49.699Z,19047,11100000,22900000
2026-09-15T21:46:49.699Z,35825,511300000,571200000
2026-09-15T21:46:49.699Z,14297,3381000,4044000
2026-09-15T21:46:49.699Z,53704,116600000,128800000
2026-09-15T21:46:49.699Z,31694,10820,277800
2026-09-15T21:46:49.699Z,8639,355200,391800
2026-09-15T21:46:49.699Z,53307,8604000,74900000
2026-09-15T21:46:49.699Z,629,8519000,10190000
2026-09-15T21:46:49.699Z,8521,383100,440700
2026-09-15T21:46:49.699Z,28694,88500,93900
2026-09-15T21:46:49.699Z,53706,205600000,223700000
2026-09-15T21:46:49.699Z,16497,343300,457300
2026-09-15T21:46:49.699Z,49710,25670000,26690000
2026-09-15T21:46:49.699Z,60473,30710000,34850000
2026-09-15T21:46:49.699Z,23561,185700,237600
2026-09-15T21:46:49.699Z,23140,10840,282000
2026-09-15T21:46:49.699Z,37587,50030000,499000000
2026-09-15T21:46:49.699Z,19277,24270000,34990000
2026-09-15T21:46:49.699Z,89697,20010,11720000
2026-09-15T21:46:49.699Z,14144,48470000,55030000
2026-09-15T21:46:49.699Z,47650,25000,3979000
2026-09-15T21:46:49.699Z,37864,440100000,972600000
2026-09-15T21:46:49.699Z,47933,781.8,939.5
2026-09-15T21:46:49.699Z,20533,440000000,489900000
2026-09-15T21:46:49.699Z,57447,876700,936900
2026-09-15T21:46:49.699Z,4054,92000000,283800000
2026-09-15T21:46:49.699Z,3416,200.7,200.8
2026-09-15T21:46:49.699Z,26022,4042000,6600000
2026-09-15T21:46:49.699Z,41304,81.2,259.7
2026-09-15T21:46:49.699Z,20965,74.11,295.9
2026-09-15T21:46:49.699Z,25906,0.06,489600
2026-09-15T21:46:49.699Z,43752,381700,3000000
2026-09-15T21:46:49.699Z,47480,0.01,63930
2026-09-15T21:46:49.699Z,11381,17330000,18990000
2026-09-15T21:46:49.699Z,22546,203500000,217000000
2026-09-15T21:46:49.699Z,26016,3113000,6508000
2026-09-15T21:46:49.699Z,79609,21000000,49900000
2026-09-15T21:46:49.699Z,53708,169800000,184800000
2026-09-15T21:46:49.699Z,13805,20000000,35790000
2026-09-15T21:46:49.699Z,42792,207000,23840000
2026-09-15T21:46:49.699Z,22571,150300000,162700000
2026-09-15T21:46:49.699Z,93072,58000000,92940000
2026-09-15T21:46:49.699Z,45574,60000000,125000000
2026-09-15T21:46:49.699Z,19931,7502,21070
2026-09-15T21:46:49.699Z,31680,15020,89260
2026-09-15T21:46:49.699Z,25538,8557000,10950000
2026-09-15T21:46:49.699Z,46833,150000,2368000
2026-09-15T21:46:49.699Z,57813,21000000,170000000
2026-09-15T21:46:49.699Z,16657,4832,7192
2026-09-15T21:46:49.699Z,60672,200.1,419200
2026-09-15T21:46:49.699Z,25606,9906,10540
2026-09-15T21:46:49.699Z,63706,,97560000
2026-09-15T21:46:49.699Z,55627,300100,4899000
2026-09-15T21:46:49.699Z,59326,956700000,1538000000
2026-09-15T21:46:49.699Z,45581,22510000,312500000
2026-09-15T21:46:49.699Z,11327,550000,560100
2026-09-15T21:46:49.699Z,11545,5230,6395
2026-09-15T21:46:49.699Z,43762,503200,2900000
2026-09-15T21:46:49.699Z,42746,16000,299000
2026-09-15T21:46:49.699Z,33149,15330000,18970000
2026-09-15T21:46:49.699Z,88529,10000,71000
2026-09-15T21:46:49.699Z,41585,793000000,1082000000
2026-09-15T21:46:49.699Z,44941,1110000,9875000
2026-09-15T21:46:49.699Z,15669,2107000,2305000
2026-09-15T21:46:49.699Z,15593,100200,100300
2026-09-15T21:46:49.699Z,2889,472700,529100
2026-09-15T21:46:49.699Z,14299,3527000,3961000
2026-09-15T21:46:49.699Z,31282,12060000,15050000
2026-09-15T21:46:49.699Z,53707,278000000,299700000
2026-09-15T21:46:49.699Z,45599,32160000,36460000
2026-09-15T21:46:49.699Z,43801,1000000,40000000
2026-09-15T21:46:49.699Z,28298,557800,600000
2026-09-15T21:46:49.699Z,22,3691,5444
2026-09-15T21:46:49.699Z,49933,,719000000
2026-09-15T21:46:49.699Z,43855,374500000,410000000
2026-09-15T21:46:49.699Z,31658,12230,203900
2026-09-15T21:46:49.699Z,3528,43170,43210
2026-09-15T21:46:49.699Z,11343,6126,6127
2026-09-15T21:46:49.699Z,3434,606,606.1
2026-09-15T21:46:49.699Z,3703,330.1,950
2026-09-15T21:46:49.699Z,19263,60820000,63860000
2026-09-15T21:46:49.699Z,34349,331000,2900000
2026-09-15T21:46:49.699Z,17677,111400,7990000
2026-09-15T21:46:49.699Z,47297,21200000,29860000
2026-09-15T21:46:49.699Z,56276,263000000,458100000
2026-09-15T21:46:49.699Z,84398,6458,6459
2026-09-15T21:46:49.699Z,4959,8464000,12850000
2026-09-15T21:46:49.699Z,31502,13680,826400
2026-09-15T21:46:49.699Z,54914,215200000,898900000
2026-09-15T21:46:49.699Z,53856,112200000,121800000
2026-09-15T21:46:49.699Z,31027,811300,4879000
2026-09-15T21:46:49.699Z,46246,72410000,108000000
2026-09-15T21:46:49.699Z,19069,119000,305000
2026-09-15T21:46:49.699Z,15735,438900,2217000
2026-09-15T21:46:49.699Z,11530,31270,34130
2026-09-15T21:46:49.699Z,25621,71110,72000
2026-09-15T21:46:49.699Z,9417,223800,348800
2026-09-15T21:46:49.699Z,19253,10540000,15300000
2026-09-15T21:46:49.699Z,74148,19820000,45250000
2026-09-15T21:46:49.699Z,53853,60010000,69990000
2026-09-15T21:46:49.699Z,60953,52380000,123900000
2026-09-15T21:46:49.699Z,3898,25920000,28080000
2026-09-15T21:46:49.699Z,34202,1885000,1955000
2026-09-15T21:46:49.699Z,17213,4412,4446
2026-09-15T21:46:49.699Z,582,135000,135100
2026-09-15T21:46:49.699Z,97198,380000000,2060000000
2026-09-15T21:46:49.699Z,12543,42310,162000
2026-09-15T21:46:49.699Z,31252,5011,188600
2026-09-15T21:46:49.699Z,31738,11180000,73600000
2026-09-15T21:46:49.699Z,33539,411300,461900
2026-09-15T21:46:49.699Z,88676,120000,3431000
2026-09-15T21:46:49.699Z,47477,30750,128900
2026-09-15T21:46:49.699Z,85308,180000,889400
2026-09-15T21:46:49.699Z,12528,66250,150000
2026-09-15T21:46:49.699Z,18714,27190,1142000
2026-09-15T21:46:49.699Z,22973,153.2,490
2026-09-15T21:46:49.699Z,23031,619.5,712.7
2026-09-15T21:46:49.699Z,42718,1000,198400
2026-09-15T21:46:49.699Z,88470,20000,104900
2026-09-15T21:46:49.699Z,3157,3248000,5599000
2026-09-15T21:46:49.699Z,35660,7350,10530
2026-09-15T21:46:49.699Z,45569,125000,145900000
2026-09-15T21:46:49.699Z,20306,85.41,109.9
2026-09-15T21:46:49.699Z,28406,55.12,50000
2026-09-15T21:46:49.699Z,20187,1466000000,1582000000
2026-09-15T21:46:49.699Z,25624,1619000,1746000
2026-09-15T21:46:49.699Z,35925,50090000,56680000
2026-09-15T21:46:49.699Z,6965,58000,67490
2026-09-15T21:46:49.699Z,47302,7000,15990
2026-09-15T21:46:49.699Z,3081,52310000,90810000
2026-09-15T21:46:49.699Z,96334,111100000,172100000
2026-09-15T21:46:49.699Z,23155,837000,2424000
2026-09-15T21:46:49.699Z,4833,6800,11910
2026-09-15T21:46:49.699Z,21021,11340000,12490000
2026-09-15T21:46:49.699Z,41220,55650000,60860000
2026-09-15T21:46:49.699Z,13246,7090000,9847000
2026-09-15T21:46:49.699Z,31264,66790,239900
2026-09-15T21:46:49.699Z,8787,127100,449400
2026-09-15T21:46:49.699Z,91152,40000,116800
2026-09-15T21:46:49.699Z,44942,1164000,18480000
2026-09-15T21:46:49.699Z,53042,40300000,80000000
2026-09-15T21:46:49.699Z,19744,1561000,2237000
2026-09-15T21:46:49.699Z,253,4500,4501
2026-09-15T21:46:49.699Z,2867,1795000,1921000
2026-09-15T21:46:49.699Z,31057,4457000,4749000
2026-09-15T21:46:49.699Z,651,2313000,2685000
2026-09-15T21:46:49.699Z,79872,261000000,1300000000
2026-09-15T21:46:49.699Z,263,68.1,186.8
2026-09-15T21:46:49.699Z,14116,54500000,59640000
2026-09-15T21:46:49.699Z,19005,15470000,34500000
2026-09-15T21:46:49.699Z,31173,11470000,12770000
2026-09-15T21:46:49.699Z,76164,3008000,28010000
2026-09-15T21:46:49.699Z,31706,100.1,233200
2026-09-15T21:46:49.699Z,62403,5607,6692
2026-09-15T21:46:49.699Z,8789,522000,663900
2026-09-15T21:46:49.699Z,33975,141200000,158400000
2026-09-15T21:46:49.699Z,33945,86350000,108800000
2026-09-15T21:46:49.699Z,19187,61670000,66000000
2026-09-15T21:46:49.699Z,33919,20380000,50600000
2026-09-15T21:46:49.699Z,20763,2505,29940
2026-09-15T21:46:49.699Z,33953,19200000,25990000
2026-09-15T21:46:49.699Z,33966,2186000,4000000
2026-09-15T21:46:49.699Z,26290,57170000,64100000
2026-09-15T21:46:49.699Z,53152,301600,948100
2026-09-15T21:46:49.699Z,31348,66660,130200
2026-09-15T21:46:49.699Z,18865,55050000,62000000
2026-09-15T21:46:49.699Z,13953,23050000,24520000
2026-09-15T21:46:49.699Z,64203,10110000,136900000
2026-09-15T21:46:49.699Z,28746,60020000,70060000
2026-09-15T21:46:49.699Z,45610,29040000,29050000
2026-09-15T21:46:49.699Z,15601,767100,836600
2026-09-15T21:46:49.699Z,26448,65170000,79490000
2026-09-15T21:46:49.699Z,57150,410,999
2026-09-15T21:46:49.699Z,31454,98260,120200
2026-09-15T21:46:49.699Z,26006,4179000,7493000
2026-09-15T21:46:49.699Z,21013,12680000,13900000
2026-09-15T21:46:49.699Z,41181,50830000,170000000
2026-09-15T21:46:49.699Z,47797,12570,122900
2026-09-15T21:46:49.699Z,12259,3449000,3756000
2026-09-15T21:46:49.699Z,11396,19320,26680
2026-09-15T21:46:49.699Z,32442,,5091
2026-09-15T21:46:49.699Z,11993,136500000,145200000
2026-09-15T21:46:49.699Z,40355,44070000,51120000
2026-09-15T21:46:49.699Z,83286,1000,87990
2026-09-15T21:46:49.699Z,27072,269600,695600
2026-09-15T21:46:49.699Z,19548,99020000,119900000
2026-09-15T21:46:49.699Z,13943,113700000,162700000
2026-09-15T21:46:49.699Z,47651,5002000,9999000
2026-09-15T21:46:49.699Z,52254,474800000,499700000
2026-09-15T21:46:49.699Z,7829,301200,301300
2026-09-15T21:46:49.699Z,11963,138600000,140400000
2026-09-15T21:46:49.699Z,56796,210000,1180000
2026-09-15T21:46:49.699Z,12265,58080,151900
2026-09-15T21:46:49.699Z,204,187.2,268.8
2026-09-15T21:46:49.699Z,54291,164200,192500
2026-09-15T21:46:49.699Z,31137,3200000,4870000
2026-09-15T21:46:49.699Z,83380,40010,919000
2026-09-15T21:46:49.699Z,49746,155700,448900
2026-09-15T21:46:49.699Z,92039,3532000,4490000
2026-09-15T21:46:49.699Z,85754,672000,4698000
2026-09-15T21:46:49.699Z,12765,212.9,295.3
2026-09-15T21:46:49.699Z,53907,55630000,85640000
2026-09-15T21:46:49.699Z,3828,10210,10680
2026-09-15T21:46:49.699Z,19196,281000000,506400000
2026-09-15T21:46:49.699Z,53228,675100,1975000
2026-09-15T21:46:49.699Z,58767,,498000
2026-09-15T21:46:49.699Z,90522,328300,650000
2026-09-15T21:46:49.699Z,33094,600.4,29690
2026-09-15T21:46:49.699Z,16535,567800,694800
2026-09-15T21:46:49.699Z,31143,,147200
2026-09-15T21:46:49.699Z,59853,0.01,498000000
2026-09-15T21:46:49.699Z,84680,6498000,540000000
2026-09-15T21:46:49.699Z,229,40.63,57.96
2026-09-15T21:46:49.699Z,20172,72010,76950
2026-09-15T21:46:49.699Z,16499,407000,447600
2026-09-15T21:46:49.699Z,2291,100000,257100
2026-09-15T21:46:49.699Z,179,3.16,5
2026-09-15T21:46:49.699Z,85522,124700000,209800000
2026-09-15T21:46:49.699Z,11552,32330,43880
2026-09-15T21:46:49.699Z,91567,3960000,8500000
2026-09-15T21:46:49.699Z,2103,23350,634900
2026-09-15T21:46:49.699Z,34755,32560000,120000000
2026-09-15T21:46:49.699Z,48735,2002000000,150100000000
2026-09-15T21:46:49.699Z,82367,10000,232900
2026-09-15T21:46:49.699Z,18877,47160000,53120000
2026-09-15T21:46:49.699Z,33103,90320,104800
2026-09-15T21:46:49.699Z,15725,1083000,2999000
2026-09-15T21:46:49.699Z,202,275.1,310
2026-09-15T21:46:49.699Z,1185,10420,14000
2026-09-15T21:46:49.699Z,73461,500000,1700000
2026-09-15T21:46:49.699Z,41154,222300000,724500000
2026-09-15T21:46:49.699Z,93593,3507000,4989000
2026-09-15T21:46:49.699Z,15729,45870000,49250000
2026-09-15T21:46:49.699Z,15480,3086000,4186000
2026-09-15T21:46:49.699Z,34048,45570000,54220000
2026-09-15T21:46:49.699Z,49731,1203000,1289000
2026-09-15T21:46:49.699Z,27071,300600,638900
2026-09-15T21:46:49.699Z,8419,18600,28100
2026-09-15T21:46:49.699Z,2390,546.2,592.9
2026-09-15T21:46:49.699Z,46734,1524000,18960000
2026-09-15T21:46:49.699Z,85782,1200000,4600000
2026-09-15T21:46:49.699Z,89659,44110000,119500000
2026-09-15T21:46:49.699Z,20004,207.8,699.9
2026-09-15T21:46:49.699Z,27357,271,354.9
2026-09-15T21:46:49.699Z,14059,1032000,2897000
2026-09-15T21:46:49.699Z,58901,100100,3394000
2026-09-15T21:46:49.699Z,205,170.1,211
2026-09-15T21:46:49.699Z,27256,111100000,122500000
2026-09-15T21:46:49.699Z,79733,10010,3500000
2026-09-15T21:46:49.699Z,27083,155400,424000
2026-09-15T21:46:49.699Z,40718,88550000,365000000
2026-09-15T21:46:49.699Z,49733,12830000,13000000
2026-09-15T21:46:49.699Z,31724,2704000,2830000
2026-09-15T21:46:49.699Z,31228,43040,100000
2026-09-15T21:46:49.699Z,12032,15790000,17120000
2026-09-15T21:46:49.699Z,84165,580000,730000
2026-09-15T21:46:49.699Z,43488,0.01,9700000
2026-09-15T21:46:49.699Z,47255,9257,34590
2026-09-15T21:46:49.699Z,43819,21000000,219900000
2026-09-15T21:46:49.699Z,10225,16680000,17490000
2026-09-15T21:46:49.699Z,83309,10000,136900
2026-09-15T21:46:49.699Z,41481,369000,896100
2026-09-15T21:46:49.699Z,53598,3600000,89450000
2026-09-15T21:46:49.699Z,9670,12000,12010
2026-09-15T21:46:49.699Z,20855,1731000,2453000
2026-09-15T21:46:49.699Z,9728,420700,480000
2026-09-15T21:46:49.699Z,18977,62010000,66900000
2026-09-15T21:46:49.699Z,17709,38200000,40640000
2026-09-15T21:46:49.699Z,11129,12080,14000
2026-09-15T21:46:49.699Z,83340,20000,130000
2026-09-15T21:46:49.699Z,79727,859000,7210000
2026-09-15T21:46:49.699Z,12820,255900,287600
2026-09-15T21:46:49.699Z,14055,,100000
2026-09-15T21:46:49.699Z,90416,3008000,17990000
2026-09-15T21:46:49.699Z,85233,1002000,15860000
2026-09-15T21:46:49.699Z,60639,70000,2977000
2026-09-15T21:46:49.699Z,13952,5992000,13710000
2026-09-15T21:46:49.699Z,88541,40000,148100
2026-09-15T21:46:49.699Z,91849,16980000,17800000
2026-09-15T21:46:49.699Z,19111,27020000,30860000
2026-09-15T21:46:49.699Z,54794,83000000,112900000
2026-09-15T21:46:49.699Z,73367,100000,1199000
2026-09-15T21:46:49.699Z,11463,56.11,1441
2026-09-15T21:46:49.699Z,11739,700.1,250000
2026-09-15T21:46:49.699Z,16449,35010,96970
2026-09-15T21:46:49.699Z,217,7.56,14.77
2026-09-15T21:46:49.699Z,5839,1543000,1717000
2026-09-15T21:46:49.699Z,83385,20000,399600
2026-09-15T21:46:49.699Z,49729,20200000,22030000
2026-09-15T21:46:49.699Z,21366,640.2,792.9
2026-09-15T21:46:49.699Z,2193,62080,67760
2026-09-15T21:46:49.699Z,35658,44380,55800
2026-09-15T21:46:49.699Z,20509,1207000000,1499000000
2026-09-15T21:46:49.699Z,43817,11000000,169900000
2026-09-15T21:46:49.699Z,37825,69480,114500
2026-09-15T21:46:49.699Z,91114,463800,1387000
2026-09-15T21:46:49.699Z,17322,,7000000
2026-09-15T21:46:49.699Z,94152,267100000,310200000
2026-09-15T21:46:49.699Z,92469,1578000,2040000
2026-09-15T21:46:49.699Z,27345,1833,1963
2026-09-15T21:46:49.699Z,21815,2105000,2500000
2026-09-15T21:46:49.699Z,94108,20000,20010
2026-09-15T21:46:49.699Z,75278,19.52,26.32
2026-09-15T21:46:49.699Z,90048,1050,564600
2026-09-15T21:46:49.699Z,32309,386500000,415000000
2026-09-15T21:46:49.699Z,41579,5205000,12870000
2026-09-15T21:46:49.699Z,25608,334300,345000
2026-09-15T21:46:49.699Z,40557,9622000,11650000
2026-09-15T21:46:49.699Z,83260,10000,294800
2026-09-15T21:46:49.699Z,82366,140000,248200
2026-09-15T21:46:49.699Z,31944,29610000,33530000
2026-09-15T21:46:49.699Z,13286,16490,35000
2026-09-15T21:46:49.699Z,16357,207400,221900
2026-09-15T21:46:49.699Z,3683,436.6,457.9
2026-09-15T21:46:49.699Z,31730,28350,63980
2026-09-15T21:46:49.699Z,240,850,2146
2026-09-15T21:46:49.699Z,84399,2804,2805
2026-09-15T21:46:49.699Z,15631,1100000,1300000
2026-09-15T21:46:49.699Z,84400,1109,1110
2026-09-15T21:46:49.699Z,85938,280100,2300000
2026-09-15T21:46:49.699Z,12017,235700000,242200000
2026-09-15T21:46:49.699Z,41217,41600000,48990000
2026-09-15T21:46:49.699Z,54915,225900000,649900000
2026-09-15T21:46:49.699Z,2524,90080,99850
2026-09-15T21:46:49.699Z,33896,9895000,10290000
2026-09-15T21:46:49.699Z,47809,8993,135000
2026-09-15T21:46:49.699Z,43863,1154000000,1515000000
2026-09-15T21:46:49.699Z,19284,42220000,45280000
2026-09-15T21:46:49.699Z,17920,860200000,899600000
2026-09-15T21:46:49.699Z,50145,6000000,9891000
2026-09-15T21:46:49.699Z,245,2008,5506
2026-09-15T21:46:49.699Z,7049,250000,246200
2026-09-15T21:46:49.699Z,56066,117600,189600
2026-09-15T21:46:49.699Z,85748,244300,188100000
2026-09-15T21:46:49.699Z,18772,10110,2207000
2026-09-15T21:46:49.699Z,60757,50000000,95000000
2026-09-15T21:46:49.699Z,18911,53070000,81270000
2026-09-15T21:46:49.699Z,76951,810100000,3800000000
2026-09-15T21:46:49.699Z,29616,8009,13150
2026-09-15T21:46:49.699Z,21422,233,3895
2026-09-15T21:46:49.699Z,31065,1170000,1701000
2026-09-15T21:46:49.699Z,29248,421900,497700
2026-09-15T21:46:49.699Z,21364,50.03,396.9
2026-09-15T21:46:49.699Z,41204,5029000000,5973000000
2026-09-15T21:46:49.699Z,22544,178100000,191800000
2026-09-15T21:46:49.699Z,405,3090000,12790000
2026-09-15T21:46:49.699Z,9608,4053,7293
2026-09-15T21:46:49.699Z,37135,11200000,11850000
2026-09-15T21:46:49.699Z,83322,1000,126000
2026-09-15T21:46:49.699Z,55830,800.7,994.9
2026-09-15T21:46:49.699Z,46369,95340,203700
2026-09-15T21:46:49.699Z,31298,25040,51000
2026-09-15T21:46:49.699Z,46864,345500,8984000
2026-09-15T21:46:49.699Z,25607,200300,206400
2026-09-15T21:46:49.699Z,46823,178900,1743000
2026-09-15T21:46:49.699Z,47479,23000,92800
2026-09-15T21:46:49.699Z,86262,67320000,119000000
2026-09-15T21:46:49.699Z,20185,1497000000,1622000000
2026-09-15T21:46:49.699Z,57016,,10900000
2026-09-15T21:46:49.699Z,31035,1055000,1338000
2026-09-15T21:46:49.699Z,18758,290400,748000
2026-09-15T21:46:49.699Z,20498,8969000,14420000
2026-09-15T21:46:49.699Z,37304,158500000,179900000
2026-09-15T21:46:49.699Z,30466,384000,594200
2026-09-15T21:46:49.699Z,57529,11090,79970000
2026-09-15T21:46:49.699Z,46375,34180000,36500000
2026-09-15T21:46:49.699Z,55831,569200,702400
2026-09-15T21:46:49.699Z,20847,2701000,3130000
2026-09-15T21:46:49.699Z,18760,71000,519900
2026-09-15T21:46:49.699Z,27064,34410000,40170000
2026-09-15T21:46:49.699Z,257,19000,23000
2026-09-15T21:46:49.699Z,53854,56760000,75000000
2026-09-15T21:46:49.699Z,60314,4923000,5916000
2026-09-15T21:46:49.699Z,44951,2030000,29000000
2026-09-15T21:46:49.699Z,32872,946200,1193000
2026-09-15T21:46:49.699Z,3162,320300,418300
2026-09-15T21:46:49.699Z,31936,9864000,12000000
2026-09-15T21:46:49.699Z,16697,400000,4000000
2026-09-15T21:46:49.699Z,26412,65510000,70080000
2026-09-15T21:46:49.699Z,32071,76240,1200000
2026-09-15T21:46:49.699Z,31778,,88370
2026-09-15T21:46:49.699Z,39,1060,1099
2026-09-15T21:46:49.699Z,16662,5007,14570
2026-09-15T21:46:49.699Z,21922,662.5,750.9
2026-09-15T21:46:49.699Z,17726,408400000,434000000
2026-09-15T21:46:49.699Z,25604,19730,20720
2026-09-15T21:46:49.699Z,41444,475400000,698500000
2026-09-15T21:46:49.699Z,11724,5000,18900
2026-09-15T21:46:49.699Z,30258,4545,8908
2026-09-15T21:46:49.699Z,49672,25490,819200
2026-09-15T21:46:49.699Z,93071,255500000,746900000
2026-09-15T21:46:49.699Z,14128,6012000,6600000
2026-09-15T21:46:49.699Z,2969,1335000,1489000
2026-09-15T21:46:49.699Z,30002,11550000,12480000
2026-09-15T21:46:49.699Z,19950,12000,20820
2026-09-15T21:46:49.699Z,18839,8018000,8907000
2026-09-15T21:46:49.699Z,77961,721000000,1299000000
2026-09-15T21:46:49.699Z,44889,4400000,6077000
2026-09-15T21:46:49.699Z,52225,26290000,29370000
2026-09-15T21:46:49.699Z,5721,161100,201800
2026-09-15T21:46:49.699Z,57474,98000000,102800000
2026-09-15T21:46:49.699Z,14162,42000000,48320000
2026-09-15T21:46:49.699Z,30744,175000,192900
2026-09-15T21:46:49.699Z,63863,23000,4922000
2026-09-15T21:46:49.699Z,86260,33130000,55970000
2026-09-15T21:46:49.699Z,42703,11,1011000
2026-09-15T21:46:49.699Z,31226,11110,166800
2026-09-15T21:46:49.699Z,25592,12840,12850
2026-09-15T21:46:49.699Z,52229,1100000,2498000
2026-09-15T21:46:49.699Z,19952,12800,19090
2026-09-15T21:46:49.699Z,82450,10030,489200
2026-09-15T21:46:49.699Z,12787,154.6,184.9
2026-09-15T21:46:49.699Z,13223,4280000,4800000
2026-09-15T21:46:49.699Z,31924,2126000,2268000
2026-09-15T21:46:49.699Z,46776,500500,3447000
2026-09-15T21:46:49.699Z,79007,44000000,174400000
2026-09-15T21:46:49.699Z,31668,15010,87810
2026-09-15T21:46:49.699Z,91128,40000,69650
2026-09-15T21:46:49.699Z,20012,123.5,43120
2026-09-15T21:46:49.699Z,90135,1448000,1735000
2026-09-15T21:46:49.699Z,19229,26240000,28450000
2026-09-15T21:46:49.699Z,11399,15450,16910
2026-09-15T21:46:49.699Z,17932,55200000,59980000
2026-09-15T21:46:49.699Z,30311,86540,91170
2026-09-15T21:46:49.699Z,89265,2000,1580000
2026-09-15T21:46:49.699Z,47774,251600,486400
2026-09-15T21:46:49.699Z,90701,,5000000
2026-09-15T21:46:49.699Z,31760,2769000,2837000
2026-09-15T21:46:49.699Z,52244,441700000,620700000
2026-09-15T21:46:49.699Z,41476,455100,748900
2026-09-15T21:46:49.699Z,2575,1195000,1443000
2026-09-15T21:46:49.699Z,28794,55150000,145900000
2026-09-15T21:46:49.699Z,2399,870.9,904.7
2026-09-15T21:46:49.699Z,23132,54480000,61350000
2026-09-15T21:46:49.699Z,97199,17410000,70980000
2026-09-15T21:46:49.699Z,9660,20000,28470
2026-09-15T21:46:49.699Z,60911,34760,3799000
2026-09-15T21:46:49.699Z,28363,220200,256100
2026-09-15T21:46:49.699Z,241,505,1002
2026-09-15T21:46:49.699Z,86108,50030,1491000
2026-09-15T21:46:49.699Z,90697,,100100
2026-09-15T21:46:49.699Z,6923,49750,217900
2026-09-15T21:46:49.699Z,2464,4309,5890
2026-09-15T21:46:49.699Z,1537,2602000,6570000
2026-09-15T21:46:49.699Z,6721,36850,124500
2026-09-15T21:46:49.699Z,24533,423.8,470
2026-09-15T21:46:49.699Z,47843,51640000,81290000
2026-09-15T21:46:49.699Z,14142,29650000,33000000
2026-09-15T21:46:49.699Z,3530,917000,1035000
2026-09-15T21:46:49.699Z,89119,7100000,22990000
2026-09-15T21:46:49.699Z,41440,516000,655400000
2026-09-15T21:46:49.699Z,63141,30250,800000
2026-09-15T21:46:49.699Z,21508,8012000,15000000
2026-09-15T21:46:49.699Z,31900,37870000,40880000
2026-09-15T21:46:49.699Z,83274,10100,10110
2026-09-15T21:46:49.699Z,62516,10.45,11.85
2026-09-15T21:46:49.699Z,42890,184800000,216700000
2026-09-15T21:46:49.699Z,28606,1127000000,1175000000
2026-09-15T21:46:49.699Z,24488,70.01,78.81
2026-09-15T21:46:49.699Z,32073,86170,3259000
2026-09-15T21:46:49.699Z,3588,75070,395100
2026-09-15T21:46:49.699Z,84424,114200,589000
2026-09-15T21:46:49.699Z,41529,151000000,201500000
2026-09-15T21:46:49.699Z,31692,200.2,23050
2026-09-15T21:46:49.699Z,11447,31630,884000
2026-09-15T21:46:49.699Z,25594,87330,87500
2026-09-15T21:46:49.699Z,89674,812700000,2094000000
2026-09-15T21:46:49.699Z,49796,316200,10270000
2026-09-15T21:46:49.699Z,88549,80100,563100
2026-09-15T21:46:49.699Z,33958,285000000,412800000
2026-09-15T21:46:49.699Z,94129,10000,155000
2026-09-15T21:46:49.699Z,85772,120000,142000
2026-09-15T21:46:49.699Z,47356,20120000,30100000
2026-09-15T21:46:49.699Z,24283,57200000,66700000
2026-09-15T21:46:49.699Z,23158,26.69,26.7
2026-09-15T21:46:49.699Z,2488,290500,323600
2026-09-15T21:46:49.699Z,31538,222100,338500
2026-09-15T21:46:49.699Z,2873,253100,303200
2026-09-15T21:46:49.699Z,3033,633500,720100
2026-09-15T21:46:49.699Z,15901,126500000,261900000
2026-09-15T21:46:49.699Z,15632,8907000,9289000
2026-09-15T21:46:49.699Z,1964,834400,1049000
2026-09-15T21:46:49.699Z,45629,34520000,37380000
2026-09-15T21:46:49.699Z,13948,6095000,7438000
2026-09-15T21:46:49.699Z,89943,140000,489600
2026-09-15T21:46:49.699Z,31616,7874000,13850000
2026-09-15T21:46:49.699Z,60915,426000,3574000
2026-09-15T21:46:49.699Z,14049,10660000,11780000
2026-09-15T21:46:49.699Z,21491,3112000,22370000
2026-09-15T21:46:49.699Z,30478,321800,485400
2026-09-15T21:46:49.699Z,13945,67890000,73990000
2026-09-15T21:46:49.699Z,19262,16870000,30180000
2026-09-15T21:46:49.699Z,15739,22260000,22730000
2026-09-15T21:46:49.699Z,15761,33010000,38050000
2026-09-15T21:46:49.699Z,18999,28000000,35000000
2026-09-15T21:46:49.699Z,248,2507,5199
2026-09-15T21:46:49.699Z,31978,15000000,30010000
2026-09-15T21:46:49.699Z,60753,5881000,8143000
2026-09-15T21:46:49.699Z,11351,45000,45010
2026-09-15T21:46:49.699Z,41404,17100000,37000000
2026-09-15T21:46:49.699Z,46286,485.7,1500
2026-09-15T21:46:49.699Z,6677,20000,72890
2026-09-15T21:46:49.699Z,40,2118,2234
2026-09-15T21:46:49.699Z,28280,3950000,4499000
2026-09-15T21:46:49.699Z,16054,42360000,78900000
2026-09-15T21:46:49.699Z,13783,7538000,13900000
2026-09-15T21:46:49.699Z,85143,300000,440000
2026-09-15T21:46:49.699Z,21424,425.2,8899
2026-09-15T21:46:49.699Z,23717,1250,39860
2026-09-15T21:46:49.699Z,77401,64080000,206600000
2026-09-15T21:46:49.699Z,9838,10600,11250
2026-09-15T21:46:49.699Z,237,62,62.01
2026-09-15T21:46:49.699Z,73437,60000000,572200000
2026-09-15T21:46:49.699Z,45876,62250,899900
2026-09-15T21:46:49.699Z,12565,80240,90120
2026-09-15T21:46:49.699Z,85778,1000,263500
2026-09-15T21:46:49.699Z,33620,21970,25840000
2026-09-15T21:46:49.699Z,83354,20000,499900
2026-09-15T21:46:49.699Z,31091,16060000,17250000
2026-09-15T21:46:49.699Z,30019,881.9,985
2026-09-15T21:46:49.699Z,15776,5051000,33700000
2026-09-15T21:46:49.699Z,5533,42400,67310
2026-09-15T21:46:49.699Z,27101,300000,704400
2026-09-15T21:46:49.699Z,18791,30700,90000
2026-09-15T21:46:49.699Z,6719,226400,398900
2026-09-15T21:46:49.699Z,41367,40010000,380000000
2026-09-15T21:46:49.699Z,18670,75140000,81980000
2026-09-15T21:46:49.699Z,5405,14320,14330
2026-09-15T21:46:49.699Z,25620,16550,17500
2026-09-15T21:46:49.699Z,60657,60010,299900
2026-09-15T21:46:49.699Z,25274,60780,73640
2026-09-15T21:46:49.699Z,60160,662800000,1867000000
2026-09-15T21:46:49.699Z,23898,3714000,6898000
2026-09-15T21:46:49.699Z,31606,14710000,15210000
2026-09-15T21:46:49.699Z,13224,172300,478800
2026-09-15T21:46:49.699Z,5647,200,1200
2026-09-15T21:46:49.699Z,8027,617100,667100
2026-09-15T21:46:49.699Z,40734,128700000,152400000
2026-09-15T21:46:49.699Z,47035,7244000,9641000
2026-09-15T21:46:49.699Z,18686,29990000,40940000
2026-09-15T21:46:49.699Z,31704,100.6,88200
2026-09-15T21:46:49.699Z,9632,270500,294400
2026-09-15T21:46:49.699Z,83064,10000,160900
2026-09-15T21:46:49.699Z,85439,113000000,171600000
2026-09-15T21:46:49.699Z,60315,135000000,153500000
2026-09-15T21:46:49.699Z,15592,805100,899800
2026-09-15T21:46:49.699Z,37455,6801000,8232000
2026-09-15T21:46:49.699Z,77178,34700000,72400000
2026-09-15T21:46:49.699Z,82393,620000,1945000
2026-09-15T21:46:49.699Z,83208,10000,329000
2026-09-15T21:46:49.699Z,91569,557000,9689000
2026-09-15T21:46:49.699Z,84417,10400,386900
2026-09-15T21:46:49.699Z,91413,501000,35000000
2026-09-15T21:46:49.699Z,58866,25000,25010
2026-09-15T21:46:49.699Z,89941,380000,1799000
2026-09-15T21:46:49.699Z,37480,39240000,43910000
2026-09-15T21:46:49.699Z,3240,4529000,5700000
2026-09-15T21:46:49.699Z,23834,900100,4795000
2026-09-15T21:46:49.699Z,88555,100000,6735000
2026-09-15T21:46:49.699Z,93664,8008000,218100000
2026-09-15T21:46:49.699Z,254,8014,15800
2026-09-15T21:46:49.699Z,33589,22790000,29280000
2026-09-15T21:46:49.699Z,46227,3015000,9925000
2026-09-15T21:46:49.699Z,52226,218300000,350000000
2026-09-15T21:46:49.699Z,5302,14010,24000
2026-09-15T21:46:49.699Z,85451,148700000,295000000
2026-09-15T21:46:49.699Z,14411,2012000,184000000
2026-09-15T21:46:49.699Z,45834,2000000,7785000
2026-09-15T21:46:49.699Z,17487,20380000,23850000
2026-09-15T21:46:49.699Z,92579,60000,135700
2026-09-15T21:46:49.699Z,9800,475600,475700
2026-09-15T21:46:49.699Z,17619,7035000,8100000
2026-09-15T21:46:49.699Z,3578,1455000,1646000
2026-09-15T21:46:49.699Z,20987,1027,3799
2026-09-15T21:46:49.699Z,23027,,793.2
2026-09-15T21:46:49.699Z,5321,3573,3574
2026-09-15T21:46:49.699Z,597,315700,435900
2026-09-15T21:46:49.699Z,88593,60000,359300
2026-09-15T21:46:49.699Z,16383,252700,274900
2026-09-15T21:46:49.699Z,18664,53000000,58000000
2026-09-15T21:46:49.699Z,12013,225100,211700000
2026-09-15T21:46:49.699Z,14086,82350,297200
2026-09-15T21:46:49.699Z,44919,156000,30500000
2026-09-15T21:46:49.699Z,23473,50000,96510
2026-09-15T21:46:49.699Z,46781,105000,890000
2026-09-15T21:46:49.699Z,40571,26530000,29680000
2026-09-15T21:46:49.699Z,22460,35540000,39310000
2026-09-15T21:46:49.699Z,63195,10650,11390
2026-09-15T21:46:49.699Z,246,4200,7006
2026-09-15T21:46:49.699Z,16640,588.3,637.5
2026-09-15T21:46:49.699Z,47139,8574000,9957000
2026-09-15T21:46:49.699Z,25861,21100,50350
2026-09-15T21:46:49.699Z,92451,208400000,230000000
2026-09-15T21:46:49.699Z,47059,9000000,42000000
2026-09-15T21:46:49.699Z,42149,258100,2569000
2026-09-15T21:46:49.699Z,33440,24610,70690
2026-09-15T21:46:49.699Z,56209,140000000,323100000
2026-09-15T21:46:49.699Z,84173,4406000,6990000
2026-09-15T21:46:49.699Z,9580,161400,186500
2026-09-15T21:46:49.699Z,15953,56340000,109400000
2026-09-15T21:46:49.699Z,57453,879.7,956.7
2026-09-15T21:46:49.699Z,23838,2520000,11590000
2026-09-15T21:46:49.699Z,47506,501200,4657000
2026-09-15T21:46:49.699Z,21077,15680,63000
2026-09-15T21:46:49.699Z,20505,499200000,570000000
2026-09-15T21:46:49.699Z,18698,390900000,426800000
2026-09-15T21:46:49.699Z,27441,954.6,1034
2026-09-15T21:46:49.699Z,10222,86730000,97410000
2026-09-15T21:46:49.699Z,41490,775500,813700
2026-09-15T21:46:49.699Z,14134,21730000,23660000
2026-09-15T21:46:49.699Z,86678,10100,989400
2026-09-15T21:46:49.699Z,29986,218500000,238400000
2026-09-15T21:46:49.699Z,46822,25010,1399000
2026-09-15T21:46:49.699Z,41505,107600000,154700000
2026-09-15T21:46:49.699Z,18666,112700000,118900000
2026-09-15T21:46:49.699Z,9521,8055,8056
2026-09-15T21:46:49.699Z,92456,126300000,171500000
2026-09-15T21:46:49.699Z,44936,7205000,40410000
2026-09-15T21:46:49.699Z,22291,691500,754500
2026-09-15T21:46:49.699Z,46952,1000,2150000
2026-09-15T21:46:49.699Z,17484,55460000,96000000
2026-09-15T21:46:49.699Z,247,6000,29410
2026-09-15T21:46:49.699Z,31346,19010,68550
2026-09-15T21:46:49.699Z,250,1693,6656
2026-09-15T21:46:49.699Z,44896,1659000,8987000
2026-09-15T21:46:49.699Z,34089,305500,2955000
2026-09-15T21:46:49.699Z,20569,16060000,17990000
2026-09-15T21:46:49.699Z,55529,5.02,50000
2026-09-15T21:46:49.699Z,21370,3166,4412
2026-09-15T21:46:49.699Z,12084,7454000,9541000
2026-09-15T21:46:49.699Z,84348,301400,2750000
2026-09-15T21:46:49.699Z,602,444600,517700
2026-09-15T21:46:49.699Z,219,6.72,15.94
2026-09-15T21:46:49.699Z,11987,122900000,129700000
2026-09-15T21:46:49.699Z,58889,2024,990000
2026-09-15T21:46:49.699Z,8641,346600,379000
2026-09-15T21:46:49.699Z,35659,12870,15840
2026-09-15T21:46:49.699Z,56286,,5099000000
2026-09-15T21:46:49.699Z,17634,35220000,37930000
2026-09-15T21:46:49.699Z,33455,26390000,1377000000
2026-09-15T21:46:49.699Z,5141,321.4,6998
2026-09-15T21:46:49.699Z,47124,7350000,37930000
2026-09-15T21:46:49.699Z,94144,100000,383100
2026-09-15T21:46:49.699Z,47780,66390,199600
2026-09-15T21:46:49.699Z,92454,211600000,246600000
2026-09-15T21:46:49.699Z,8175,1581,8471
2026-09-15T21:46:49.699Z,11538,40520,43490
2026-09-15T21:46:49.699Z,52920,306000000,341900000
2026-09-15T21:46:49.699Z,47513,80000000000,189900000000
2026-09-15T21:46:49.699Z,47845,22250000,32000000
2026-09-15T21:46:49.699Z,30615,7304000,9278000
2026-09-15T21:46:49.699Z,9377,443100,528000
2026-09-15T21:46:49.699Z,3297,2605,9890
2026-09-15T21:46:49.699Z,27779,8129000,35000000
2026-09-15T21:46:49.699Z,15594,3805000,4130000
2026-09-15T21:46:49.699Z,17889,498.2,505.3
2026-09-15T21:46:49.699Z,18694,592100000,632200000
2026-09-15T21:46:49.699Z,19923,10080,25980
2026-09-15T21:46:49.699Z,13320,16110,96500
2026-09-15T21:46:49.699Z,89673,114000000,169700000
2026-09-15T21:46:49.699Z,17217,20900000,21970000
2026-09-15T21:46:49.699Z,27081,456300,718000
2026-09-15T21:46:49.699Z,46878,1104000,4436000
2026-09-15T21:46:49.699Z,56890,136300000,350000000
2026-09-15T21:46:49.699Z,25239,311600,948900
2026-09-15T21:46:49.699Z,13984,12010000,12740000
2026-09-15T21:46:49.699Z,79730,3009000,18190000
2026-09-15T21:46:49.699Z,56904,1210000,375000000
2026-09-15T21:46:49.699Z,23015,2018,2294
2026-09-15T21:46:49.699Z,57024,546900,4125000
2026-09-15T21:46:49.699Z,44180,53000,2319000
2026-09-15T21:46:49.699Z,244,724.4,2189
2026-09-15T21:46:49.699Z,826,10080,2000000
2026-09-15T21:46:49.699Z,33983,13250000,14370000
2026-09-15T21:46:49.699Z,34163,12500000,152200000
2026-09-15T21:46:49.699Z,25545,,39800
2026-09-15T21:46:49.699Z,3041,650200,703900
2026-09-15T21:46:49.699Z,19295,65290000,71180000
2026-09-15T21:46:49.699Z,35943,15920000,17990000
2026-09-15T21:46:49.699Z,21025,16720000,17260000
2026-09-15T21:46:49.699Z,19980,877.1,2997
2026-09-15T21:46:49.699Z,42831,124.7,289.9
2026-09-15T21:46:49.699Z,30753,21120000,29700000
2026-09-15T21:46:49.699Z,10850,400100,468500
2026-09-15T21:46:49.699Z,21096,2176000,2605000
2026-09-15T21:46:49.699Z,5933,16160,60000
2026-09-15T21:46:49.699Z,18054,,495100
2026-09-15T21:46:49.699Z,8001,21890,23150
2026-09-15T21:46:49.699Z,93832,2704000,2965000
2026-09-15T21:46:49.699Z,41198,3957000,4895000
2026-09-15T21:46:49.699Z,47921,6785000,10430000
2026-09-15T21:46:49.699Z,15457,93170,838300
2026-09-15T21:46:49.699Z,42522,90370000,108000000
2026-09-15T21:46:49.699Z,77964,171000000,299800000
2026-09-15T21:46:49.699Z,83228,10000,124900
2026-09-15T21:46:49.699Z,13963,9288000,11730000
2026-09-15T21:46:49.699Z,19288,13530000,14520000
2026-09-15T21:46:49.699Z,13964,8399000,10410000
2026-09-15T21:46:49.699Z,521,9848000,17040000
2026-09-15T21:46:49.699Z,226,10.23,19.99
2026-09-15T21:46:49.699Z,3237,5612000,7318000
2026-09-15T21:46:49.699Z,45833,61310,1794000
2026-09-15T21:46:49.699Z,53977,51800,69800
2026-09-15T21:46:49.699Z,44907,1730000,16490000
2026-09-15T21:46:49.699Z,17186,3005000,7365000
2026-09-15T21:46:49.699Z,83334,20000,120900
2026-09-15T21:46:49.699Z,42785,1612000,13440000
2026-09-15T21:46:49.699Z,85401,6030,8989
2026-09-15T21:46:49.699Z,1445,19280,23060
2026-09-15T21:46:49.699Z,28434,240000,244200
2026-09-15T21:46:49.699Z,93783,,9899000
2026-09-15T21:46:49.699Z,19273,11830000,14820000
2026-09-15T21:46:49.699Z,56605,3506000,15000000
2026-09-15T21:46:49.699Z,5093,6196,6197
2026-09-15T21:46:49.699Z,25715,955800,1069000
2026-09-15T21:46:49.699Z,88604,60010,1391000
2026-09-15T21:46:49.699Z,25602,7156,7450
2026-09-15T21:46:49.699Z,12021,183300000,215600000
2026-09-15T21:46:49.699Z,11959,133100000,143100000
2026-09-15T21:46:49.699Z,81349,19.3,28.8
2026-09-15T21:46:49.699Z,85738,100800000,198000000
2026-09-15T21:46:49.699Z,85514,108200000,123500000
2026-09-15T21:46:49.699Z,85558,1200000000,1543000000
2026-09-15T21:46:49.699Z,57730,2649000,10970000
2026-09-15T21:46:49.699Z,54231,195300000,400000000
2026-09-15T21:46:49.699Z,15673,1654000,1750000
2026-09-15T21:46:49.699Z,42206,67010000,73210000
2026-09-15T21:46:49.699Z,40350,50730000,56430000
2026-09-15T21:46:49.699Z,201,219,238
2026-09-15T21:46:49.699Z,47746,236800,326100
2026-09-15T21:46:49.699Z,2329,11590,11860
2026-09-15T21:46:49.699Z,15865,16400000,20940000
2026-09-15T21:46:49.699Z,19984,4236,24240
2026-09-15T21:46:49.699Z,81348,6.26,14.9
2026-09-15T21:46:49.699Z,18672,10000,365900000
2026-09-15T21:46:49.699Z,62525,28.53,30
2026-09-15T21:46:49.699Z,45946,126100,1450000
2026-09-15T21:46:49.699Z,60283,371800,419400
2026-09-15T21:46:49.699Z,19272,2324000,5300000
2026-09-15T21:46:49.699Z,56598,,8386000000
2026-09-15T21:46:49.699Z,2319,9911,10270
2026-09-15T21:46:49.699Z,17187,3370000,6753000
2026-09-15T21:46:49.699Z,17843,36240000,38770000
2026-09-15T21:46:49.699Z,594,91050,119800
2026-09-15T21:46:49.699Z,11200,14590000,14670000
2026-09-15T21:46:49.699Z,45815,59220,1164000
2026-09-15T21:46:49.699Z,40716,36350000,57990000
2026-09-15T21:46:49.699Z,9848,80020,82140
2026-09-15T21:46:49.699Z,3348,502,40000
2026-09-15T21:46:49.699Z,7123,455000,438000
2026-09-15T21:46:49.699Z,4002,3010000000,10000000000
2026-09-15T21:46:49.699Z,32853,509000000,1022000000
2026-09-15T21:46:49.699Z,33109,280000000,445500000
2026-09-15T21:46:49.699Z,61867,85900000,189500000
2026-09-15T21:46:49.699Z,33754,72000000,97480000
2026-09-15T21:46:49.699Z,4019,24250000,86330000
2026-09-15T21:46:49.699Z,33575,3001000,5993000
2026-09-15T21:46:49.699Z,33214,1000000,28900000
2026-09-15T21:46:49.699Z,21568,50910,51240
2026-09-15T21:46:49.699Z,4239,1550,3428000
2026-09-15T21:46:49.699Z,46780,5168,2290000
2026-09-15T21:46:49.699Z,33792,2920000,18790000
2026-09-15T21:46:49.699Z,3186,4600000,4904000
2026-09-15T21:46:49.699Z,4166,5893000,11170000
2026-09-15T21:46:49.699Z,46821,207300,2999000
2026-09-15T21:46:49.699Z,46960,100000,3800000
2026-09-15T21:46:49.699Z,90468,9153000,9600000
2026-09-15T21:46:49.699Z,46817,50.01,4893000
2026-09-15T21:46:49.699Z,57005,1001000,2345000
2026-09-15T21:46:49.699Z,23049,1098,2723
2026-09-15T21:46:49.699Z,46839,143200,5923000
2026-09-15T21:46:49.699Z,53361,766700,3000000
2026-09-15T21:46:49.699Z,60680,202500,2198000
2026-09-15T21:46:49.699Z,17480,36690000,39680000
2026-09-15T21:46:49.699Z,83303,10000,376100
2026-09-15T21:46:49.699Z,8821,35000,55330
2026-09-15T21:46:49.699Z,20014,20130,20140
2026-09-15T21:46:49.699Z,40335,7018,12930
2026-09-15T21:46:49.699Z,12034,14120000,14800000
2026-09-15T21:46:49.699Z,22121,89060000,95890000
2026-09-15T21:46:49.699Z,21595,6.01,6.02
2026-09-15T21:46:49.699Z,23172,36030000,41100000
2026-09-15T21:46:49.699Z,32880,189300,230000
2026-09-15T21:46:49.699Z,20819,6616,495000
2026-09-15T21:46:49.699Z,47105,105200000,799800000
2026-09-15T21:46:49.699Z,14760,28510000,508000000
2026-09-15T21:46:49.699Z,234,39.02,64.96
2026-09-15T21:46:49.699Z,82376,1201000,23620000
2026-09-15T21:46:49.699Z,85469,957800000,1748000000
2026-09-15T21:46:49.699Z,47313,13630000,50350000
2026-09-15T21:46:49.699Z,54557,50000000,75000000
2026-09-15T21:46:49.699Z,27142,109600000,119800000
2026-09-15T21:46:49.699Z,11531,32500,34190
2026-09-15T21:46:49.699Z,56201,593500000,634000000
2026-09-15T21:46:49.699Z,17814,6101000,7899000
2026-09-15T21:46:49.699Z,94316,,245000000
2026-09-15T21:46:49.699Z,47494,500000,4280000
2026-09-15T21:46:49.699Z,25707,42450,77720
2026-09-15T21:46:49.699Z,14252,100900000,106500000
2026-09-15T21:46:49.699Z,45493,261.3,1284
2026-09-15T21:46:49.699Z,42207,97080000,116700000
2026-09-15T21:46:49.699Z,87837,160000,544200
2026-09-15T21:46:49.699Z,43726,749500000,925000000
2026-09-15T21:46:49.699Z,62466,1566,1699
2026-09-15T21:46:49.699Z,52413,6,7997000
2026-09-15T21:46:49.699Z,33468,83700000,90090000
2026-09-15T21:46:49.699Z,24560,5313000,13180000
2026-09-15T21:46:49.699Z,24519,1411,1500
2026-09-15T21:46:49.699Z,92570,1358,2787
2026-09-15T21:46:49.699Z,17498,412600000,470000000
2026-09-15T21:46:49.699Z,15902,3533000,6799000
2026-09-15T21:46:49.699Z,83307,10000,134100
2026-09-15T21:46:49.699Z,5649,220.1,9298
2026-09-15T21:46:49.699Z,83281,1000,213900
2026-09-15T21:46:49.699Z,41518,510.2,14900
2026-09-15T21:46:49.699Z,421,6769000,14270000
2026-09-15T21:46:49.699Z,21569,28300000,34020000
2026-09-15T21:46:49.699Z,45635,142000000,149600000
2026-09-15T21:46:49.699Z,82473,260100,1500000
2026-09-15T21:46:49.699Z,16649,11820,12930
2026-09-15T21:46:49.699Z,12745,128400000,137600000
2026-09-15T21:46:49.699Z,49955,541100000,1395000000
2026-09-15T21:46:49.699Z,93355,120000,534100
2026-09-15T21:46:49.699Z,92585,100000,188000
2026-09-15T21:46:49.699Z,44950,2271000,78830000
2026-09-15T21:46:49.699Z,78781,201100,10990000
2026-09-15T21:46:49.699Z,47822,3430000,4292000
2026-09-15T21:46:49.699Z,1800,6707000,60470000
2026-09-15T21:46:49.699Z,16301,8505,8506
2026-09-15T21:46:49.699Z,41443,117100000,666600000
2026-09-15T21:46:49.699Z,95723,3013000,6458000
2026-09-15T21:46:49.699Z,41253,500000,219300000
2026-09-15T21:46:49.699Z,30251,223200,228800
2026-09-15T21:46:49.699Z,46899,12760,3964000
2026-09-15T21:46:49.699Z,48112,32260,34730
2026-09-15T21:46:49.699Z,95674,2502000,3195000
2026-09-15T21:46:49.699Z,27459,1800,2499
2026-09-15T21:46:49.699Z,95296,70000000,125400000
2026-09-15T21:46:49.699Z,1179,5000,262000
2026-09-15T21:46:49.699Z,79951,90800000,109900000
2026-09-15T21:46:49.699Z,46901,10060000,39850000
2026-09-15T21:46:49.699Z,24688,125100000,140600000
2026-09-15T21:46:49.699Z,79764,31550000,99900000
2026-09-15T21:46:49.699Z,8337,2018,12250
2026-09-15T21:46:49.699Z,85547,230900000,367800000
2026-09-15T21:46:49.699Z,37228,103700000,110700000
2026-09-15T21:46:49.699Z,73227,2005000,8175000
2026-09-15T21:46:49.699Z,31596,167900000,369900000
2026-09-15T21:46:49.699Z,1282,1000,13810000
2026-09-15T21:46:49.699Z,13890,1300000,2598000
2026-09-15T21:46:49.699Z,93357,40000,40010
2026-09-15T21:46:49.699Z,44904,26,22870000
2026-09-15T21:46:49.699Z,4188,121000,26790000
2026-09-15T21:46:49.699Z,90491,8252000,10480000
2026-09-15T21:46:49.699Z,81019,91000000,171900000
2026-09-15T21:46:49.699Z,42203,141900000,178000000
2026-09-15T21:46:49.699Z,2801,1340,1448
2026-09-15T21:46:49.699Z,60228,5051,180000
2026-09-15T21:46:49.699Z,48589,0.01,1000000
2026-09-15T21:46:49.699Z,33015,100000,94900000
2026-09-15T21:46:49.699Z,11196,11590000,13030000
2026-09-15T21:46:49.699Z,27251,110300,399900
2026-09-15T21:46:49.699Z,84342,400000,2900000
2026-09-15T21:46:49.699Z,37479,563700,717500
2026-09-15T21:46:49.699Z,24445,131500,598900
2026-09-15T21:46:49.699Z,57450,95630000,111600000
2026-09-15T21:46:49.699Z,48492,10000000,200000000
2026-09-15T21:46:49.699Z,14648,13620000000,18900000000
2026-09-15T21:46:49.699Z,15614,143100,159000
2026-09-15T21:46:49.699Z,251,2740,9000
2026-09-15T21:46:49.699Z,85965,50090000,284400000
2026-09-15T21:46:49.699Z,84403,1000,1001
2026-09-15T21:46:49.699Z,29073,351600,845000
2026-09-15T21:46:49.699Z,14200,6800000,12700000
2026-09-15T21:46:49.699Z,20781,20950,29900
2026-09-15T21:46:49.699Z,16441,14430,24420
2026-09-15T21:46:49.699Z,26394,49350000,62820000
2026-09-15T21:46:49.699Z,3573,273800000,366500000
2026-09-15T21:46:49.699Z,31952,28480000,31150000
2026-09-15T21:46:49.699Z,46897,1003000,11970000
2026-09-15T21:46:49.699Z,37456,7066000,8447000
2026-09-15T21:46:49.699Z,90499,100,100.1
2026-09-15T21:46:49.699Z,63777,7246,90000
2026-09-15T21:46:49.699Z,58873,12000000,28400000
2026-09-15T21:46:49.699Z,54966,2600000,6097000
2026-09-15T21:46:49.699Z,43879,101000000,124000000
2026-09-15T21:46:49.699Z,60230,900000,6478000
2026-09-15T21:46:49.699Z,33516,142600000,154200000
2026-09-15T21:46:49.699Z,25617,191000,191100
2026-09-15T21:46:49.699Z,47734,14260000,15230000
2026-09-15T21:46:49.699Z,18789,179200000,196800000
2026-09-15T21:46:49.699Z,400,150500,195200
2026-09-15T21:46:49.699Z,47299,1357000,1480000
2026-09-15T21:46:49.699Z,46683,175,208.8
2026-09-15T21:46:49.699Z,57448,977300,977500
2026-09-15T21:46:49.699Z,22175,35200,51850
2026-09-15T21:46:49.699Z,88713,3281000000,10000000000
2026-09-15T21:46:49.699Z,47544,5485,589000
2026-09-15T21:46:49.699Z,40756,38950000,54890000
2026-09-15T21:46:49.699Z,7453,443700,509900
2026-09-15T21:46:49.699Z,83254,10000,79900
2026-09-15T21:46:49.699Z,43869,372100000,390000000
2026-09-15T21:46:49.699Z,27545,10370000,39970000
2026-09-15T21:46:49.699Z,45923,1230000,5987000
2026-09-15T21:46:49.699Z,16299,8311,14970
2026-09-15T21:46:49.699Z,60312,1462000,3657000
2026-09-15T21:46:49.699Z,83218,1000,74990
2026-09-15T21:46:49.699Z,60231,112700,989600
2026-09-15T21:46:49.699Z,41500,300800000,385800000
2026-09-15T21:46:49.699Z,47763,1607,1608
2026-09-15T21:46:49.699Z,46976,2811000,9185000
2026-09-15T21:46:49.699Z,90564,20000,49720
2026-09-15T21:46:49.699Z,29013,,15270
2026-09-15T21:46:49.699Z,3839,50310,95880
2026-09-15T21:46:49.699Z,23129,269100,499600
2026-09-15T21:46:49.699Z,19321,148300000,175000000
2026-09-15T21:46:49.699Z,3098,220000,428000
2026-09-15T21:46:49.699Z,33466,,21460
2026-09-15T21:46:49.699Z,36,49.64,50.97
2026-09-15T21:46:49.699Z,26342,300100,5496000
2026-09-15T21:46:49.699Z,83366,160000,1296000
2026-09-15T21:46:49.699Z,11544,5919,6501
2026-09-15T21:46:49.699Z,19257,5877000,14970000
2026-09-15T21:46:49.699Z,85545,362800000,586900000
2026-09-15T21:46:49.699Z,35899,17750000,24440000
2026-09-15T21:46:49.699Z,19003,50700000,52530000
2026-09-15T21:46:49.699Z,63643,90010,8496000
2026-09-15T21:46:49.699Z,15937,22040000,100000000
2026-09-15T21:46:49.699Z,33180,68170,91960
2026-09-15T21:46:49.699Z,7249,1861,10000
2026-09-15T21:46:49.699Z,54401,199700000,226900000
2026-09-15T21:46:49.699Z,11134,7122,14980
2026-09-15T21:46:49.699Z,50157,3558000000,8874000000
2026-09-15T21:46:49.699Z,15681,116100000,126300000
2026-09-15T21:46:49.699Z,91100,64710000,214000000
2026-09-15T21:46:49.699Z,30834,660600,827400
2026-09-15T21:46:49.699Z,93912,500400000,983500000
2026-09-15T21:46:49.699Z,33199,507400,936100
2026-09-15T21:46:49.699Z,45010,141200,181100
2026-09-15T21:46:49.699Z,15949,19000000,24910000
2026-09-15T21:46:49.699Z,31928,12690000,13340000
2026-09-15T21:46:49.699Z,35832,925000000,974400000
2026-09-15T21:46:49.699Z,47336,562400,1579000
2026-09-15T21:46:49.699Z,3141,5000000,7422000
2026-09-15T21:46:49.699Z,45662,1177,1286
2026-09-15T21:46:49.699Z,3544,267900000,401800000
2026-09-15T21:46:49.699Z,16329,4241,5883
2026-09-15T21:46:49.699Z,42213,316700000,343000000
2026-09-15T21:46:49.699Z,95716,22070000,74870000
2026-09-15T21:46:49.699Z,19036,236900000,263700000
2026-09-15T21:46:49.699Z,63695,9000000,24900000
2026-09-15T21:46:49.699Z,19363,4261000,5765000
2026-09-15T21:46:49.699Z,19301,35960000,38710000
2026-09-15T21:46:49.699Z,19193,205300000,220000000
2026-09-15T21:46:49.699Z,81040,1349000000,1485000000
2026-09-15T21:46:49.699Z,21638,756000,793600
2026-09-15T21:46:49.699Z,22464,39780000,42280000
2026-09-15T21:46:49.699Z,47811,80220,184900
2026-09-15T21:46:49.699Z,55933,929500,965500
2026-09-15T21:46:49.699Z,73408,401.4,890.6
2026-09-15T21:46:49.699Z,11694,18080,22280
2026-09-15T21:46:49.699Z,16663,6043,6438
2026-09-15T21:46:49.699Z,85460,16080000,43870000
2026-09-15T21:46:49.699Z,53890,108200000,229900000
2026-09-15T21:46:49.699Z,47901,2150000,2480000
2026-09-15T21:46:49.699Z,31564,400000,950000
2026-09-15T21:46:49.699Z,47754,1759000,2038000
2026-09-15T21:46:49.699Z,28366,24000,24010
2026-09-15T21:46:49.699Z,3385,102.5,3968
2026-09-15T21:46:49.699Z,47925,363.6,480.6
2026-09-15T21:46:49.699Z,29266,603500,803500
2026-09-15T21:46:49.699Z,46841,2227000,6228000
2026-09-15T21:46:49.699Z,34665,24110000,100500000
2026-09-15T21:46:49.699Z,42701,120000,1598000
2026-09-15T21:46:49.699Z,13960,52170000,60960000
2026-09-15T21:46:49.699Z,41212,12950000,14100000
2026-09-15T21:46:49.699Z,85549,780400000,987700000
2026-09-15T21:46:49.699Z,13257,2101000,3287000
2026-09-15T21:46:49.699Z,41480,373100,519000
2026-09-15T21:46:49.699Z,9369,470000,469700
2026-09-15T21:46:49.699Z,95400,80000,95000
2026-09-15T21:46:49.699Z,16242,985300,1195000
2026-09-15T21:46:49.699Z,64397,3007000,639600000
2026-09-15T21:46:49.699Z,88668,40010,4800000
2026-09-15T21:46:49.699Z,183,15.51,17.47
2026-09-15T21:46:49.699Z,23144,22490,43500
2026-09-15T21:46:49.699Z,12608,65.04,70.23
2026-09-15T21:46:49.699Z,31486,1868000,1999000
2026-09-15T21:46:49.699Z,34294,21210000,23440000
2026-09-15T21:46:49.699Z,93353,32000000,138900000
2026-09-15T21:46:49.699Z,19982,1013,6500
2026-09-15T21:46:49.699Z,18809,141600000,176400000
2026-09-15T21:46:49.699Z,16475,212300,238100
2026-09-15T21:46:49.699Z,48438,217100000,238200000
2026-09-15T21:46:49.699Z,15589,15000,15010
2026-09-15T21:46:49.699Z,85087,146800000,157100000
2026-09-15T21:46:49.699Z,3432,12320,100000
2026-09-15T21:46:49.699Z,20450,31450000,65480000
2026-09-15T21:46:49.699Z,47738,42420000,43450000
2026-09-15T21:46:49.699Z,73464,1100000,12070000
2026-09-15T21:46:49.699Z,1804,793300,10000000
2026-09-15T21:46:49.699Z,82488,10010,1406000
2026-09-15T21:46:49.699Z,40559,10980000,11660000
2026-09-15T21:46:49.699Z,87840,620100,1200000
2026-09-15T21:46:49.699Z,20455,,39890000
2026-09-15T21:46:49.699Z,57446,973300,1099000
2026-09-15T21:46:49.699Z,45594,29840000,35400000
2026-09-15T21:46:49.699Z,57343,50000000,119700000
2026-09-15T21:46:49.699Z,41034,41750,72480
2026-09-15T21:46:49.699Z,19225,2260000,5537000
2026-09-15T21:46:49.699Z,29337,38210000,39340000
2026-09-15T21:46:49.699Z,9840,13290,14180
2026-09-15T21:46:49.699Z,82177,75450000,209800000
2026-09-15T21:46:49.699Z,85480,17800000,20000000
2026-09-15T21:46:49.699Z,88133,2251000,3345000
2026-09-15T21:46:49.699Z,47269,17860000,19990000
2026-09-15T21:46:49.699Z,62463,260.2,1273
2026-09-15T21:46:49.699Z,46230,500500,2250000
2026-09-15T21:46:49.699Z,53380,60100,89690
2026-09-15T21:46:49.699Z,15604,1111000,1248000
2026-09-15T21:46:49.699Z,44174,120000,1245000
2026-09-15T21:46:49.699Z,19739,2205000,2368000
2026-09-15T21:46:49.699Z,13998,87680000,103300000
2026-09-15T21:46:49.699Z,21841,8503,42400
2026-09-15T21:46:49.699Z,5945,537500,563800
2026-09-15T21:46:49.699Z,4042,7506000,13000000
2026-09-15T21:46:49.699Z,16661,610.1,834.6
2026-09-15T21:46:49.699Z,18959,110500000,127400000
2026-09-15T21:46:49.699Z,57014,3405000,12150000
2026-09-15T21:46:49.699Z,31049,284000000,445600000
2026-09-15T21:46:49.699Z,47647,61310,777600
2026-09-15T21:46:49.699Z,12789,70.03,79.9
2026-09-15T21:46:49.699Z,34208,5632000,6299000
2026-09-15T21:46:49.699Z,2420,3881000,4242000
2026-09-15T21:46:49.699Z,45783,,2953000
2026-09-15T21:46:49.699Z,47037,17760000,23090000
2026-09-15T21:46:49.699Z,53839,149000000,175100000
2026-09-15T21:46:49.699Z,18626,21570,108400
2026-09-15T21:46:49.699Z,2048,367400,389200
2026-09-15T21:46:49.699Z,85467,20060000,32000000
2026-09-15T21:46:49.699Z,9249,45360,102300
2026-09-15T21:46:49.699Z,60432,0.01,1228000
2026-09-15T21:46:49.699Z,30540,1378000,5231000
2026-09-15T21:46:49.699Z,52302,111300000,249000000
2026-09-15T21:46:49.699Z,5683,200100,237400
2026-09-15T21:46:49.699Z,2389,562.4,569.8
2026-09-15T21:46:49.699Z,15898,14050000,21600000
2026-09-15T21:46:49.699Z,47500,441400,3719000
2026-09-15T21:46:49.699Z,72557,675000000,4080000000
2026-09-15T21:46:49.699Z,2539,468400,631500
2026-09-15T21:46:49.699Z,22126,45500000,48840000
2026-09-15T21:46:49.699Z,56078,80160,89070
2026-09-15T21:46:49.699Z,41632,,109900000
2026-09-15T21:46:49.699Z,62631,71630000,75740000
2026-09-15T21:46:49.699Z,24531,471.2,554
2026-09-15T21:46:49.699Z,5743,1056,89900
2026-09-15T21:46:49.699Z,19317,121600000,137800000
2026-09-15T21:46:49.699Z,5320,7100,7101
2026-09-15T21:46:49.699Z,2811,1359,1590
2026-09-15T21:46:49.699Z,46539,222400000,299900000
2026-09-15T21:46:49.699Z,33583,20630000,66460000
2026-09-15T21:46:49.699Z,40568,24260000,31970000
2026-09-15T21:46:49.699Z,13997,189100,299700
2026-09-15T21:46:49.699Z,13856,85,95.7
2026-09-15T21:46:49.699Z,27170,10000,133200
2026-09-15T21:46:49.699Z,12836,76750,81360
2026-09-15T21:46:49.699Z,4136,300000,11980000
2026-09-15T21:46:49.699Z,57080,1000000,8791000
2026-09-15T21:46:49.699Z,21596,56.03,56.04
2026-09-15T21:46:49.699Z,19211,104000,259000
2026-09-15T21:46:49.699Z,85476,15000000,58790000
2026-09-15T21:46:49.699Z,23152,19020000,23220000
2026-09-15T21:46:49.699Z,20308,62,71.99
2026-09-15T21:46:49.699Z,4025,11030,15300
2026-09-15T21:46:49.699Z,17345,,5996000
2026-09-15T21:46:49.699Z,56134,8030,14470
2026-09-15T21:46:49.699Z,20739,2127,3412
2026-09-15T21:46:49.699Z,18835,825300,2493000
2026-09-15T21:46:49.699Z,52311,378800,499700
2026-09-15T21:46:49.699Z,27313,18.12,83.8
2026-09-15T21:46:49.699Z,35788,15000,27900
2026-09-15T21:46:49.699Z,37250,350000000,1425000000
2026-09-15T21:46:49.699Z,15996,1100,27990
2026-09-15T21:46:49.699Z,16122,65340,136000
2026-09-15T21:46:49.699Z,56140,44450000,47880000
2026-09-15T21:46:49.699Z,62222,2505000000,4364000000
2026-09-15T21:46:49.699Z,45589,35200000,39250000
2026-09-15T21:46:49.699Z,15654,7266,49770
2026-09-15T21:46:49.699Z,13241,300000,3000000
2026-09-15T21:46:49.699Z,2817,12.6,124.6
2026-09-15T21:46:49.699Z,15650,2000000,2298000
2026-09-15T21:46:49.699Z,28576,501600,570100
2026-09-15T21:46:49.699Z,17233,35000,68190
2026-09-15T21:46:49.699Z,41621,,64900000
2026-09-15T21:46:49.699Z,21264,4761000,6970000
2026-09-15T21:46:49.699Z,11357,22220,56600
2026-09-15T21:46:49.699Z,2401,765,798.7
2026-09-15T21:46:49.699Z,37848,11240,11660
2026-09-15T21:46:49.699Z,19239,750,950000
2026-09-15T21:46:49.699Z,85393,50000,61820
2026-09-15T21:46:49.699Z,20975,16110,35810
2026-09-15T21:46:49.699Z,45602,31540000,36830000
2026-09-15T21:46:49.699Z,48383,70850000,139900000
2026-09-15T21:46:49.699Z,31472,37100,747900
2026-09-15T21:46:49.699Z,17924,83160000,97090000
2026-09-15T21:46:49.699Z,88601,20000,127000
2026-09-15T21:46:49.699Z,9135,42230,84640
2026-09-15T21:46:49.699Z,12545,1802,4193
2026-09-15T21:46:49.699Z,17262,45070,45960
2026-09-15T21:46:49.699Z,16057,50000000,124900000
2026-09-15T21:46:49.699Z,92180,817900,1845000
2026-09-15T21:46:49.699Z,85662,346200000,365000000
2026-09-15T21:46:49.699Z,25908,1519000,6088000
2026-09-15T21:46:49.699Z,47750,812200,996300
2026-09-15T21:46:49.699Z,47896,7513,19900
2026-09-15T21:46:49.699Z,44943,110300,24980000
2026-09-15T21:46:49.699Z,34487,99700000,143200000
2026-09-15T21:46:49.699Z,54965,1450000,2890000
2026-09-15T21:46:49.699Z,54753,850700000,998300000
2026-09-15T21:46:49.699Z,47903,17610000,18240000
2026-09-15T21:46:49.699Z,47755,71110000,78910000
2026-09-15T21:46:49.699Z,2553,660500,753100
2026-09-15T21:46:49.699Z,47875,94120000,100000000
2026-09-15T21:46:49.699Z,47902,9603000,10090000
2026-09-15T21:46:49.699Z,9091,7513,64540
2026-09-15T21:46:49.699Z,76490,900000,2999000
2026-09-15T21:46:49.699Z,18905,78130000,123500000
2026-09-15T21:46:49.699Z,30024,3907,4398
2026-09-15T21:46:49.699Z,3893,30460000,37720000
2026-09-15T21:46:49.699Z,27579,9023000,32010000
2026-09-15T21:46:49.699Z,27405,960.2,1054
2026-09-15T21:46:49.699Z,9073,6124,113700
2026-09-15T21:46:49.699Z,55662,10010,171800
2026-09-15T21:46:49.699Z,85475,25290000,52200000
2026-09-15T21:46:49.699Z,62015,101100,1785000
2026-09-15T21:46:49.699Z,20419,90510,99410
2026-09-15T21:46:49.699Z,21584,239700,664700
2026-09-15T21:46:49.699Z,41224,75120000,166900000
2026-09-15T21:46:49.699Z,2020,140900,167900
2026-09-15T21:46:49.699Z,62553,2015,2247
2026-09-15T21:46:49.699Z,60907,2245000,3646000
2026-09-15T21:46:49.699Z,52313,34100,35500
2026-09-15T21:46:49.699Z,4871,25000,34920
2026-09-15T21:46:49.699Z,21867,40,61.4
2026-09-15T21:46:49.699Z,61211,767300,991200
2026-09-15T21:46:49.699Z,8295,2033,4579
2026-09-15T21:46:49.699Z,88550,40010,1968000
2026-09-15T21:46:49.699Z,13258,3590000,4500000
2026-09-15T21:46:49.699Z,41614,,100700000
2026-09-15T21:46:49.699Z,34485,170700000,180400000
2026-09-15T21:46:49.699Z,3242,57280,81830
2026-09-15T21:46:49.699Z,33474,1209000,1317000
2026-09-15T21:46:49.699Z,87788,825000,2972000
2026-09-15T21:46:49.699Z,85645,370800000,450000000
2026-09-15T21:46:49.699Z,82490,220000,1059000
2026-09-15T21:46:49.699Z,41527,249300000,359200000
2026-09-15T21:46:49.699Z,33708,3548,1991000
2026-09-15T21:46:49.699Z,13225,70700,299200
2026-09-15T21:46:49.699Z,54378,390600000,474700000
2026-09-15T21:46:49.699Z,9830,10950,11950
2026-09-15T21:46:49.699Z,21720,6421000,10310000
2026-09-15T21:46:49.699Z,9772,488000,507800
2026-09-15T21:46:49.699Z,31468,0.11,125500
2026-09-15T21:46:49.699Z,18985,35630000,39890000
2026-09-15T21:46:49.699Z,79738,1139000,8000000
2026-09-15T21:46:49.699Z,14258,94110000,111700000
2026-09-15T21:46:49.699Z,38,571.2,669.2
2026-09-15T21:46:49.699Z,41615,100,101600000
2026-09-15T21:46:49.699Z,47919,61530000,65840000
2026-09-15T21:46:49.699Z,57455,869.6,928.8
2026-09-15T21:46:49.699Z,95398,67500,150000
2026-09-15T21:46:49.699Z,42786,2400000,64640000
2026-09-15T21:46:49.699Z,3645,460,460.1
2026-09-15T21:46:49.699Z,60297,152800,294600
2026-09-15T21:46:49.699Z,90489,1200,1201
2026-09-15T21:46:49.699Z,55526,10000,500000
2026-09-15T21:46:49.699Z,33918,8735000,27730000
2026-09-15T21:46:49.699Z,89942,1401000,2809000
2026-09-15T21:46:49.699Z,4477,11000,20900
2026-09-15T21:46:49.699Z,42788,15030000,34770000
2026-09-15T21:46:49.699Z,60224,700100,5000000
2026-09-15T21:46:49.699Z,9455,60010,60020
2026-09-15T21:46:49.699Z,13925,35000000,48750000
2026-09-15T21:46:49.699Z,42837,200,468
2026-09-15T21:46:49.699Z,86113,131300,1990000
2026-09-15T21:46:49.699Z,18915,122500000,133800000
2026-09-15T21:46:49.699Z,27385,50000,69970
2026-09-15T21:46:49.699Z,13891,6120000,23280000
2026-09-15T21:46:49.699Z,15628,111300,114400
2026-09-15T21:46:49.699Z,2364,792000,848600
2026-09-15T21:46:49.699Z,8335,500.5,8800
2026-09-15T21:46:49.699Z,53302,8501,10900
2026-09-15T21:46:49.699Z,73226,,28690000
2026-09-15T21:46:49.699Z,81046,158900000,164800000
2026-09-15T21:46:49.699Z,45587,27050000,29410000
2026-09-15T21:46:49.699Z,88853,2562000,3300000
2026-09-15T21:46:49.699Z,16671,70.02,77.5
2026-09-15T21:46:49.699Z,193,107.5,109.5
2026-09-15T21:46:49.699Z,4787,17540,22000
2026-09-15T21:46:49.699Z,2872,1910000,2050000
2026-09-15T21:46:49.699Z,14015,15250,74980
2026-09-15T21:46:49.699Z,11186,16760000,18570000
2026-09-15T21:46:49.699Z,81350,97.36,109.7
2026-09-15T21:46:49.699Z,16305,6004,15930
2026-09-15T21:46:49.699Z,6527,557.4,1002
2026-09-15T21:46:49.699Z,9568,5500,14010
2026-09-15T21:46:49.699Z,3707,108.1,3995
2026-09-15T21:46:49.699Z,8297,1018,22740
2026-09-15T21:46:49.699Z,5403,18620,23830
2026-09-15T21:46:49.699Z,85396,48000,56500
2026-09-15T21:46:49.699Z,6717,2092,12100
2026-09-15T21:46:49.699Z,5282,5000,8800
2026-09-15T21:46:49.699Z,83060,20000,499900
2026-09-15T21:46:49.699Z,15747,15970000,23150000
2026-09-15T21:46:49.699Z,216,6.04,8
2026-09-15T21:46:49.699Z,6673,1032,8800
2026-09-15T21:46:49.699Z,28999,3001,16990
2026-09-15T21:46:49.699Z,14260,45940000,49640000
2026-09-15T21:46:49.699Z,3180,512700000,599800000
2026-09-15T21:46:49.699Z,12546,339800,459400
2026-09-15T21:46:49.699Z,25237,53000,70000
2026-09-15T21:46:49.699Z,25333,24010,44970
2026-09-15T21:46:49.699Z,44183,25000,1215000
2026-09-15T21:46:49.699Z,88578,20050,2277000
2026-09-15T21:46:49.699Z,17201,1970,10790
2026-09-15T21:46:49.699Z,20961,2.39,202.4
2026-09-15T21:46:49.699Z,13988,199000,8006000
2026-09-15T21:46:49.699Z,14021,5673,14800
2026-09-15T21:46:49.699Z,88627,300200,3919000
2026-09-15T21:46:49.699Z,31930,24660000,29790000
2026-09-15T21:46:49.699Z,11554,48260,54980
2026-09-15T21:46:49.699Z,45608,34720000,37740000
2026-09-15T21:46:49.699Z,84944,130000000,210000000
2026-09-15T21:46:49.699Z,41575,332700000,499200000
2026-09-15T21:46:49.699Z,3693,11680,12040
2026-09-15T21:46:49.699Z,21590,11.05,11.06
2026-09-15T21:46:49.699Z,92969,63040000,70000000
2026-09-15T21:46:49.699Z,75283,2502,3540
2026-09-15T21:46:49.699Z,29622,8641,14810
2026-09-15T21:46:49.699Z,57732,809300,1784000
2026-09-15T21:46:49.699Z,18979,233900000,234800000
2026-09-15T21:46:49.699Z,47648,327800,1980000
2026-09-15T21:46:49.699Z,2605,212500,226900
2026-09-15T21:46:49.699Z,13924,82010000,87190000
2026-09-15T21:46:49.699Z,22977,522.2,612
2026-09-15T21:46:49.699Z,57166,10000,1893000
2026-09-15T21:46:49.699Z,3540,1749000,1958000
2026-09-15T21:46:49.699Z,25590,78250,80000
2026-09-15T21:46:49.699Z,16670,74.93,80.77
2026-09-15T21:46:49.699Z,21493,18390000,21970000
2026-09-15T21:46:49.699Z,20945,5.77,10
2026-09-15T21:46:49.699Z,88580,10010,7975000
2026-09-15T21:46:49.699Z,21484,38500000,68810000
2026-09-15T21:46:49.699Z,15868,221800,1890000
2026-09-15T21:46:49.699Z,13775,27000000,29900000
2026-09-15T21:46:49.699Z,28805,651000000,701300000
2026-09-15T21:46:49.699Z,19299,65090000,109500000
2026-09-15T21:46:49.699Z,5281,2069,2070
2026-09-15T21:46:49.699Z,55325,100,98570
2026-09-15T21:46:49.699Z,58865,1173,3946000
2026-09-15T21:46:49.699Z,20963,1.28,437.9
2026-09-15T21:46:49.699Z,56136,10520,22480
2026-09-15T21:46:49.699Z,187,5.5,15.99
2026-09-15T21:46:49.699Z,88622,40000,400000
2026-09-15T21:46:49.699Z,11379,19950000,21200000
2026-09-15T21:46:49.699Z,28782,117300,65000000
2026-09-15T21:46:49.699Z,33790,36640000,64100000
2026-09-15T21:46:49.699Z,37302,186400000,204400000
2026-09-15T21:46:49.699Z,89327,20020,337900
2026-09-15T21:46:49.699Z,85677,4100000,11660000
2026-09-15T21:46:49.699Z,28668,24200,25740
2026-09-15T21:46:49.699Z,19311,66100000,77990000
2026-09-15T21:46:49.699Z,90527,6300,69420
2026-09-15T21:46:49.699Z,29079,1300000,1481000
2026-09-15T21:46:49.699Z,58882,5100000,20980000
2026-09-15T21:46:49.699Z,24443,718300,983000
2026-09-15T21:46:49.699Z,14220,28000000,31190000
2026-09-15T21:46:49.699Z,17476,34300000,37840000
2026-09-15T21:46:49.699Z,81948,68210000,75440000
2026-09-15T21:46:49.699Z,20448,59550000,73960000
2026-09-15T21:46:49.699Z,2046,5948,7793
2026-09-15T21:46:49.699Z,91148,11000,185000
2026-09-15T21:46:49.699Z,93667,2050000,64490000
2026-09-15T21:46:49.699Z,5217,1173,4489
2026-09-15T21:46:49.699Z,90601,20100,99000
2026-09-15T21:46:49.699Z,83320,100000,297500
2026-09-15T21:46:49.699Z,197,61,72.99
2026-09-15T21:46:49.699Z,626,9673000,11580000
2026-09-15T21:46:49.699Z,91137,41000,92310
2026-09-15T21:46:49.699Z,53060,5028000,85550000
2026-09-15T21:46:49.699Z,22559,45210000,46460000
2026-09-15T21:46:49.699Z,20452,44750000,59850000
2026-09-15T21:46:49.699Z,21928,447.5,557.8
2026-09-15T21:46:49.699Z,47271,402900000,432900000
2026-09-15T21:46:49.699Z,21322,4.52,77
2026-09-15T21:46:49.699Z,599,160000,306700
2026-09-15T21:46:49.699Z,93359,20000,131700
2026-09-15T21:46:49.699Z,19303,45110000,49980000
2026-09-15T21:46:49.699Z,20753,1.04,71.12
2026-09-15T21:46:49.699Z,3542,290000000,320900000
2026-09-15T21:46:49.699Z,3213,334000000,668200000
2026-09-15T21:46:49.699Z,19077,305000,899800
2026-09-15T21:46:49.699Z,2393,432.1,440
2026-09-15T21:46:49.699Z,11325,560800,584500
2026-09-15T21:46:49.699Z,25595,1834,2320
2026-09-15T21:46:49.699Z,13927,9000000,11530000
2026-09-15T21:46:49.699Z,34436,13650000,18630000
2026-09-15T21:46:49.699Z,18813,3195000,8942000
2026-09-15T21:46:49.699Z,54752,613400000,1088000000
2026-09-15T21:46:49.699Z,20047,5.02,35.03
2026-09-15T21:46:49.699Z,10204,1347000,1853000
2026-09-15T21:46:49.699Z,54293,21190,26980
2026-09-15T21:46:49.699Z,30618,227000,227200
2026-09-15T21:46:49.699Z,87509,3960000,5996000
2026-09-15T21:46:49.699Z,25565,1073,28590
2026-09-15T21:46:49.699Z,45591,35480000,39200000
2026-09-15T21:46:49.699Z,19181,98320000,119900000
2026-09-15T21:46:49.699Z,24478,19.99,47.92
2026-09-15T21:46:49.699Z,72907,6242000,8993000
2026-09-15T21:46:49.699Z,41530,100700000,270800000
2026-09-15T21:46:49.699Z,23128,18790000,19790000
2026-09-15T21:46:49.699Z,43691,2,38950000
2026-09-15T21:46:49.699Z,26406,56010000,85980000
2026-09-15T21:46:49.699Z,55760,776300,874200
2026-09-15T21:46:49.699Z,33549,501400000,2151000000
2026-09-15T21:46:49.699Z,31079,12290000,14380000
2026-09-15T21:46:49.699Z,16673,47.68,52.61
2026-09-15T21:46:49.699Z,84179,440000,820900
2026-09-15T21:46:49.699Z,31169,316000000,327300000
2026-09-15T21:46:49.699Z,57452,11000000,12180000
2026-09-15T21:46:49.699Z,47352,20890000,24590000
2026-09-15T21:46:49.699Z,8427,68680,80090
2026-09-15T21:46:49.699Z,20110,1370000,2110000
2026-09-15T21:46:49.699Z,19349,59370000,68000000
2026-09-15T21:46:49.699Z,28336,452.5,500
2026-09-15T21:46:49.699Z,19133,19720000,23000000
2026-09-15T21:46:49.699Z,17894,736200,766700
2026-09-15T21:46:49.699Z,90485,2600,499000
2026-09-15T21:46:49.699Z,83202,80000,150000
2026-09-15T21:46:49.699Z,2869,961000,1023000
2026-09-15T21:46:49.699Z,20043,2.11,182.2
2026-09-15T21:46:49.699Z,19353,173800000,188000000
2026-09-15T21:46:49.699Z,498,1027000,1724000
2026-09-15T21:46:49.699Z,20280,73820000,84350000
2026-09-15T21:46:49.699Z,14045,30990000,36510000
2026-09-15T21:46:49.699Z,48586,0.01,4366000
2026-09-15T21:46:49.699Z,45998,5899000,6526000
2026-09-15T21:46:49.699Z,46003,15350000,16560000
2026-09-15T21:46:49.699Z,33572,260,883.5
2026-09-15T21:46:49.699Z,11219,266700,594800
2026-09-15T21:46:49.699Z,36451,28000000,276700000
2026-09-15T21:46:49.699Z,95411,880000,3480000
2026-09-15T21:46:49.699Z,15707,2005000,4698000
2026-09-15T21:46:49.699Z,47893,190000,195000
2026-09-15T21:46:49.699Z,21904,628.3,700
2026-09-15T21:46:49.699Z,17888,571.1,613.4
2026-09-15T21:46:49.699Z,20045,1.54,1.55
2026-09-15T21:46:49.699Z,25622,172900,173000
2026-09-15T21:46:49.699Z,3143,562500000,622500000
2026-09-15T21:46:49.699Z,27175,110000,288300
2026-09-15T21:46:49.699Z,19081,5007000,6403000
2026-09-15T21:46:49.699Z,3204,4314000,6391000
2026-09-15T21:46:49.699Z,12563,58100,63660
2026-09-15T21:46:49.699Z,52436,1641000,7877000
2026-09-15T21:46:49.699Z,35827,1,29730000000
2026-09-15T21:46:49.699Z,57004,41380000,69990000
2026-09-15T21:46:49.699Z,57470,15390000,16520000
2026-09-15T21:46:49.699Z,60916,117100,3449000
2026-09-15T21:46:49.699Z,3088,100000,5735000
2026-09-15T21:46:49.699Z,45735,9112000,30000000
2026-09-15T21:46:49.699Z,14176,25220000,31890000
2026-09-15T21:46:49.699Z,45788,1000000,7430000
2026-09-15T21:46:49.699Z,45845,1131000,3132000
2026-09-15T21:46:49.699Z,45976,4100000,17500000
2026-09-15T21:46:49.699Z,45983,12140000,42980000
2026-09-15T21:46:49.699Z,17491,46010000,74750000
2026-09-15T21:46:49.699Z,24694,142000000,153200000
2026-09-15T21:46:49.699Z,34016,130000000,299900000
2026-09-15T21:46:49.699Z,83256,1000,567500
2026-09-15T21:46:49.699Z,31378,11380000,11920000
2026-09-15T21:46:49.699Z,46207,0.04,21990000
2026-09-15T21:46:49.699Z,53142,10000000,550000000
2026-09-15T21:46:49.699Z,60676,20240,799000
2026-09-15T21:46:49.699Z,20741,4224,4699
2026-09-15T21:46:49.699Z,20893,1552000,9375000
2026-09-15T21:46:49.699Z,12076,3630000,4365000
2026-09-15T21:46:49.699Z,57443,11330000,11690000
2026-09-15T21:46:49.699Z,94008,1502000000,1821000000
2026-09-15T21:46:49.699Z,24492,72,78.95
2026-09-15T21:46:49.699Z,19359,145000000,155500000
2026-09-15T21:46:49.699Z,6963,70230,87990
2026-09-15T21:46:49.699Z,6176,1400,2900
2026-09-15T21:46:49.699Z,87235,5999000,18700000
2026-09-15T21:46:49.699Z,17231,25000,25740
2026-09-15T21:46:49.699Z,19685,112200000,119800000
2026-09-15T21:46:49.699Z,54783,18500,19300
2026-09-15T21:46:49.699Z,84421,2000,11000
2026-09-15T21:46:49.699Z,47768,250400,259900
2026-09-15T21:46:49.699Z,84413,2000,17700
2026-09-15T21:46:49.699Z,26224,2544000,8299000
2026-09-15T21:46:49.699Z,3102,1504000,50000000
2026-09-15T21:46:49.699Z,53382,127200,49000000
2026-09-15T21:46:49.699Z,48113,40270000,43280000
2026-09-15T21:46:49.699Z,11540,37070,37780
2026-09-15T21:46:49.699Z,41059,76390000,88690000
2026-09-15T21:46:49.699Z,23801,41270000,72040000
2026-09-15T21:46:49.699Z,40661,39230000,47340000
2026-09-15T21:46:49.699Z,31328,2951000,3466000
2026-09-15T21:46:49.699Z,92514,265500000,286000000
2026-09-15T21:46:49.699Z,73459,300000,1400000
2026-09-15T21:46:49.699Z,27131,388000,706600
2026-09-15T21:46:49.699Z,19282,115400000,123000000
2026-09-15T21:46:49.699Z,12274,55030,71600
2026-09-15T21:46:49.699Z,9291,151000,249800
2026-09-15T21:46:49.699Z,12773,105.2,115.8
2026-09-15T21:46:49.699Z,18825,16800000,35460000
2026-09-15T21:46:49.699Z,28201,390000,468100
2026-09-15T21:46:49.699Z,13957,75400000,87430000
2026-09-15T21:46:49.699Z,2185,800000,810200
2026-09-15T21:46:49.699Z,434,42210,72000
2026-09-15T21:46:49.699Z,20121,53190000,58380000
2026-09-15T21:46:49.699Z,12261,206100,882000
2026-09-15T21:46:49.699Z,18768,68070000,79880000
2026-09-15T21:46:49.699Z,46001,110500,127200
2026-09-15T21:46:49.699Z,84404,1522,1523
2026-09-15T21:46:49.699Z,7489,7665,23950
2026-09-15T21:46:49.699Z,3232,75000000,83250000
2026-09-15T21:46:49.699Z,3169,72250000,92010000
2026-09-15T21:46:49.699Z,46204,0.04,19990000
2026-09-15T21:46:49.699Z,8863,180300,259300
2026-09-15T21:46:49.699Z,8905,6000,14440
2026-09-15T21:46:49.699Z,9413,23030,63020
2026-09-15T21:46:49.699Z,34726,5500000,6888000
2026-09-15T21:46:49.699Z,34429,30050,309800
2026-09-15T21:46:49.699Z,2506,371,439
2026-09-15T21:46:49.699Z,53013,3100000,9800000
2026-09-15T21:46:49.699Z,16228,602600,540000000
2026-09-15T21:46:49.699Z,14127,26000000,27780000
2026-09-15T21:46:49.699Z,25894,6670000,7780000
2026-09-15T21:46:49.699Z,28436,282400,325600
2026-09-15T21:46:49.699Z,60474,3170000,3889000
2026-09-15T21:46:49.699Z,74529,2003,3750
2026-09-15T21:46:49.699Z,57480,50080000,128400000
2026-09-15T21:46:49.699Z,57486,75720,77810
2026-09-15T21:46:49.699Z,52189,57000,1500000
2026-09-15T21:46:49.699Z,45871,500000,3716000
2026-09-15T21:46:49.699Z,41250,89510000,110700000
2026-09-15T21:46:49.699Z,76489,776500,2365000
2026-09-15T21:46:49.699Z,18941,70370000,74740000
2026-09-15T21:46:49.699Z,89267,325800,578900
2026-09-15T21:46:49.699Z,16239,177400,8416400
2026-09-15T21:46:49.699Z,14037,476200,694100
2026-09-15T21:46:49.699Z,45951,217000,3941000
2026-09-15T21:46:49.699Z,34122,1243000,5568000
2026-09-15T21:46:49.699Z,54376,91150000,179100000
2026-09-15T21:46:49.699Z,2404,740100,805300
2026-09-15T21:46:49.699Z,90405,118000000,879600000
2026-09-15T21:46:49.699Z,24417,861000,946000
2026-09-15T21:46:49.699Z,34562,60560000,65830000
2026-09-15T21:46:49.699Z,14100,38750000,45770000
2026-09-15T21:46:49.699Z,40558,10100000,10910000
2026-09-15T21:46:49.699Z,47731,419100,638700
2026-09-15T21:46:49.699Z,22125,32070000,35950000
2026-09-15T21:46:49.699Z,31270,371400,3297000
2026-09-15T21:46:49.699Z,90523,15860000,17350000
2026-09-15T21:46:49.699Z,32109,4000000,16930000
2026-09-15T21:46:49.699Z,17264,5000,13340
2026-09-15T21:46:49.699Z,31820,27330000,30180000
2026-09-15T21:46:49.699Z,27343,288.5,450.7
2026-09-15T21:46:49.699Z,27349,160,498
2026-09-15T21:46:49.699Z,19205,144600000,162200000
2026-09-15T21:46:49.699Z,55342,10,98580
2026-09-15T21:46:49.699Z,21356,3.5,51.98
2026-09-15T21:46:49.699Z,83297,10000,447700
2026-09-15T21:46:49.699Z,13787,881000,2547000
2026-09-15T21:46:49.699Z,13978,2331000,3295000
2026-09-15T21:46:49.699Z,41533,265000000,284500000
2026-09-15T21:46:49.699Z,80941,,640000000
2026-09-15T21:46:49.699Z,235,63,77.8
2026-09-15T21:46:49.699Z,16533,172500,264000
2026-09-15T21:46:49.699Z,31990,35890,41390
2026-09-15T21:46:49.699Z,20199,5500000,6881000
2026-09-15T21:46:49.699Z,92036,903200,1127000
2026-09-15T21:46:49.699Z,82180,4001000,6996000
2026-09-15T21:46:49.699Z,12828,260500,315600
2026-09-15T21:46:49.699Z,18682,72010000,78790000
2026-09-15T21:46:49.699Z,23081,155200,231400
2026-09-15T21:46:49.699Z,47739,3852000,5540000
2026-09-15T21:46:49.699Z,28848,6922000000,7068000000
2026-09-15T21:46:49.699Z,45620,32910000,36120000
2026-09-15T21:46:49.699Z,88661,11000000,46960000
2026-09-15T21:46:49.699Z,56301,,1891000000
2026-09-15T21:46:49.699Z,17549,14060000,17000000
2026-09-15T21:46:49.699Z,92581,580000,3770000
2026-09-15T21:46:49.699Z,75909,1520000000,3194000000
2026-09-15T21:46:49.699Z,62467,2783,2983
2026-09-15T21:46:49.699Z,55326,10,34950
2026-09-15T21:46:49.699Z,47885,320,393.3
2026-09-15T21:46:49.699Z,16519,20030,41180
2026-09-15T21:46:49.699Z,25812,4536000,4888000
2026-09-15T21:46:49.699Z,28203,502200,606200
2026-09-15T21:46:49.699Z,54771,19170,23760
2026-09-15T21:46:49.699Z,49711,139000000,147800000
2026-09-15T21:46:49.699Z,56287,752500000,1600000000
2026-09-15T21:46:49.699Z,31770,0.02,3948000
2026-09-15T21:46:49.699Z,54436,5767000,79500000
2026-09-15T21:46:49.699Z,49771,4413000,6500000
2026-09-15T21:46:49.699Z,85675,1550000,15940000
2026-09-15T21:46:49.699Z,85698,311200000,598900000
2026-09-15T21:46:49.699Z,33921,16830000,22500000
2026-09-15T21:46:49.699Z,33938,115600,64950000
2026-09-15T21:46:49.699Z,33930,12150,6000000
2026-09-15T21:46:49.699Z,3101,,6500000
2026-09-15T21:46:49.699Z,79722,699100,4946000
2026-09-15T21:46:49.699Z,15764,90750000,97660000
2026-09-15T21:46:49.699Z,20424,25150,27810
2026-09-15T21:46:49.699Z,85489,1201000000,1698000000
2026-09-15T21:46:49.699Z,31592,3140000,3261000
2026-09-15T21:46:49.699Z,3202,501100,4502000
2026-09-15T21:46:49.699Z,42761,102600,3944000
2026-09-15T21:46:49.699Z,55631,100,33000
2026-09-15T21:46:49.699Z,3285,300000,1284000
2026-09-15T21:46:49.699Z,19319,34000000,36630000
2026-09-15T21:46:49.699Z,42772,55060,999900
2026-09-15T21:46:49.699Z,17238,75090,199900
2026-09-15T21:46:49.699Z,62567,3414,3871
2026-09-15T21:46:49.699Z,8585,8800,11760
2026-09-15T21:46:49.699Z,454,18300,57230
2026-09-15T21:46:49.699Z,17858,3000000,100000000
2026-09-15T21:46:49.699Z,61189,95030000,148900000
2026-09-15T21:46:49.699Z,45568,6530000,245000000
2026-09-15T21:46:49.699Z,9850,239.4,625
2026-09-15T21:46:49.699Z,462,927600,1588000
2026-09-15T21:46:49.699Z,81098,2002000,3397000
2026-09-15T21:46:49.699Z,43554,1611000,1846000
2026-09-15T21:46:49.699Z,23902,23880000,62800000
2026-09-15T21:46:49.699Z,624,10240000,10930000
2026-09-15T21:46:49.699Z,53035,11680000,48920000
2026-09-15T21:46:49.699Z,27074,272000,499700
2026-09-15T21:46:49.699Z,17860,,80000000
2026-09-15T21:46:49.699Z,47013,1100000,8996000
2026-09-15T21:46:49.699Z,55590,255500,999900
2026-09-15T21:46:49.699Z,17559,48940000,52890000
2026-09-15T21:46:49.699Z,85538,3421000,19980000
2026-09-15T21:46:49.699Z,57457,3542,3716
2026-09-15T21:46:49.699Z,32111,6518000,18530000
2026-09-15T21:46:49.699Z,84009,20100,58620
2026-09-15T21:46:49.699Z,84164,40010,89980
2026-09-15T21:46:49.699Z,41314,2473,2556
2026-09-15T21:46:49.699Z,48426,1567000,2670000
2026-09-15T21:46:49.699Z,45586,33910000,36980000
2026-09-15T21:46:49.699Z,62573,8003,10990
2026-09-15T21:46:49.699Z,5239,2961,7996
2026-09-15T21:46:49.699Z,17862,,90000000
2026-09-15T21:46:49.699Z,1335,190100,220200
2026-09-15T21:46:49.699Z,47161,1824000,209100000
2026-09-15T21:46:49.699Z,20349,751100,858200
2026-09-15T21:46:49.699Z,60237,1223,300000
2026-09-15T21:46:49.699Z,34628,48800000,247500000
2026-09-15T21:46:49.699Z,23709,20560,58900
2026-09-15T21:46:49.699Z,86109,333200,1280000
2026-09-15T21:46:49.699Z,18829,67790000,123900000
2026-09-15T21:46:49.699Z,22448,257200000,279200000
2026-09-15T21:46:49.699Z,17864,,70000000
2026-09-15T21:46:49.699Z,19135,9190000,13070000
2026-09-15T21:46:49.699Z,86119,18000000,22000000
2026-09-15T21:46:49.699Z,49739,3142000,3395000
2026-09-15T21:46:49.699Z,83353,10000,413900
2026-09-15T21:46:49.699Z,47701,2061000,2199000
2026-09-15T21:46:49.699Z,3289,140500,20000000
2026-09-15T21:46:49.699Z,60465,511900,989400
2026-09-15T21:46:49.699Z,27513,1157,1392
2026-09-15T21:46:49.699Z,90611,550000,887400
2026-09-15T21:46:49.699Z,60460,400000,546800
2026-09-15T21:46:49.699Z,60471,204400,400000
2026-09-15T21:46:49.699Z,60477,635200,1790000
2026-09-15T21:46:49.699Z,55576,1079,51990
2026-09-15T21:46:49.699Z,46171,0.03,11990000
2026-09-15T21:46:49.699Z,15899,134800000,171000000
2026-09-15T21:46:49.699Z,12200,18210000,20160000
2026-09-15T21:46:49.699Z,20351,1632000,1845000
2026-09-15T21:46:49.699Z,19727,783800000,1950000000
2026-09-15T21:46:49.699Z,88606,120100,872200
2026-09-15T21:46:49.699Z,60215,111100,4250000
2026-09-15T21:46:49.699Z,81051,51570,82600
2026-09-15T21:46:49.699Z,14146,49500000,52320000
2026-09-15T21:46:49.699Z,89240,2916000,3269000
2026-09-15T21:46:49.699Z,19684,10060000,17530000
2026-09-15T21:46:49.699Z,75279,300,314.7
2026-09-15T21:46:49.699Z,21906,430.2,544
2026-09-15T21:46:49.699Z,644,146800000,153900000
2026-09-15T21:46:49.699Z,46977,1892000,14970000
2026-09-15T21:46:49.699Z,91958,8101000,9797000
2026-09-15T21:46:49.699Z,20186,1451000000,2000000000
2026-09-15T21:46:49.699Z,18637,170000,216000
2026-09-15T21:46:49.699Z,54972,1508,3250
2026-09-15T21:46:49.699Z,93069,1631000,3998000
2026-09-15T21:46:49.699Z,2006,9912000,10940000
2026-09-15T21:46:49.699Z,44110,550,550.1
2026-09-15T21:46:49.699Z,45892,500100,2166000
2026-09-15T21:46:49.699Z,20281,53000,522349680
2026-09-15T21:46:49.699Z,47450,166700,666800
2026-09-15T21:46:49.699Z,56077,770000,956200
2026-09-15T21:46:49.699Z,53983,8280000,9894000
2026-09-15T21:46:49.699Z,47192,11000,2700000
2026-09-15T21:46:49.699Z,31979,90020000,199300000
2026-09-15T21:46:49.699Z,92380,21000000,299800000
2026-09-15T21:46:49.699Z,87784,80000,94790
2026-09-15T21:46:49.699Z,4256,2649000,3652000
2026-09-15T21:46:49.699Z,23131,3044,23970
2026-09-15T21:46:49.699Z,86122,11980000,45500000
2026-09-15T21:46:49.699Z,255,57120,61000
2026-09-15T21:46:49.699Z,88640,10000,1181000
2026-09-15T21:46:49.699Z,20449,1312000,46052412
2026-09-15T21:46:49.699Z,53893,292600000,449100000
2026-09-15T21:46:49.699Z,17871,10850000,14310000
2026-09-15T21:46:49.699Z,31762,19520000,34130000
2026-09-15T21:46:49.699Z,17301,6002,5500000
2026-09-15T21:46:49.699Z,60566,1500000,5000000
2026-09-15T21:46:49.699Z,2397,694.8,729.8
2026-09-15T21:46:49.699Z,23705,23750,35390
2026-09-15T21:46:49.699Z,47628,93180000,151400000
2026-09-15T21:46:49.699Z,519,755000,839000
2026-09-15T21:46:49.699Z,443,211.5,3047
2026-09-15T21:46:49.699Z,20540,,54371388
2026-09-15T21:46:49.699Z,90596,160100,4927000
2026-09-15T21:46:49.699Z,33812,364500000,976300000
2026-09-15T21:46:49.699Z,47912,10430000,15680000
2026-09-15T21:46:49.699Z,3995,1666000,2123000
2026-09-15T21:46:49.699Z,83292,60000,167300
2026-09-15T21:46:49.699Z,83229,10000,750000
2026-09-15T21:46:49.699Z,83224,60000,556700
2026-09-15T21:46:49.699Z,5340,7114,8894
2026-09-15T21:46:49.699Z,4124,278200000,1877000000
2026-09-15T21:46:49.699Z,76151,200300,28000000
2026-09-15T21:46:49.699Z,83209,10000,1087000
2026-09-15T21:46:49.699Z,31015,4784000,5167000
2026-09-15T21:46:49.699Z,60670,19000,989000
2026-09-15T21:46:49.699Z,57025,5200000,13770000
2026-09-15T21:46:49.699Z,83472,2965000,3262000
2026-09-15T21:46:49.699Z,31600,682900,1241000
2026-09-15T21:46:49.699Z,43712,250700000,2697000000
2026-09-15T21:46:49.699Z,89672,315000000,1356000000
2026-09-15T21:46:49.699Z,57469,499.8,320000
2026-09-15T21:46:49.699Z,31023,,1394000
2026-09-15T21:46:49.699Z,19013,15420000,20940000
2026-09-15T21:46:49.699Z,32819,320400,535500
2026-09-15T21:46:49.699Z,45860,15040000,84360000
2026-09-15T21:46:49.699Z,17636,387100000,411400000
2026-09-15T21:46:49.699Z,60031,1324000,5156000
2026-09-15T21:46:49.699Z,45936,100500,1416000
2026-09-15T21:46:49.699Z,21014,,1202763200
2026-09-15T21:46:49.699Z,17547,149900000,400000000
2026-09-15T21:46:49.699Z,44265,1131,2299
2026-09-15T21:46:49.699Z,14683,610400000,10490000000
2026-09-15T21:46:49.699Z,7451,458600,519900
2026-09-15T21:46:49.699Z,17494,5609000,5631000
2026-09-15T21:46:49.699Z,22615,643400000,849900000
2026-09-15T21:46:49.699Z,8537,30010,30020
2026-09-15T21:46:49.699Z,21024,218800000,1306728000
2026-09-15T21:46:49.699Z,19660,2005,6998
2026-09-15T21:46:49.699Z,25612,615100,617800
2026-09-15T21:46:49.699Z,3142,75110000,99160000
2026-09-15T21:46:49.699Z,21924,429.1,468.9
2026-09-15T21:46:49.699Z,88679,60000,192300
2026-09-15T21:46:49.699Z,1832,140.2,179
2026-09-15T21:46:49.699Z,12052,253400,368000
2026-09-15T21:46:49.699Z,46927,117200,3496000
2026-09-15T21:46:49.699Z,23117,623100,989300
2026-09-15T21:46:49.699Z,40360,2367000,7200000
2026-09-15T21:46:49.699Z,21026,,1663964800
2026-09-15T21:46:49.699Z,41242,1.05,19000000
2026-09-15T21:46:49.699Z,88124,254000000,323900000
2026-09-15T21:46:49.699Z,79729,2110000,5000000
2026-09-15T21:46:49.699Z,220,7.21,14.71
2026-09-15T21:46:49.699Z,3281,15670,10000000
2026-09-15T21:46:49.699Z,56596,622600,4172000
2026-09-15T21:46:49.699Z,19287,2812000,3258000
2026-09-15T21:46:49.699Z,526,28460,48200
2026-09-15T21:46:49.699Z,88477,40030,3624000
2026-09-15T21:46:49.699Z,21028,502100000,833702400
2026-09-15T21:46:49.699Z,60669,1501000,14510000
2026-09-15T21:46:49.699Z,34049,46890000,65000000
2026-09-15T21:46:49.699Z,22119,24190000,27750000
2026-09-15T21:46:49.699Z,83204,10000,449900
2026-09-15T21:46:49.699Z,48367,632700000,4992000000
2026-09-15T21:46:49.699Z,93840,89270000,137800000
2026-09-15T21:46:49.699Z,35662,547600,559400
2026-09-15T21:46:49.699Z,60213,1200000,4994000
2026-09-15T21:46:49.699Z,44922,8001000,350000000
2026-09-15T21:46:49.699Z,31151,9155000,19760000
2026-09-15T21:46:49.699Z,47323,135900000,236100000
2026-09-15T21:46:49.699Z,37624,61790000,71870000
2026-09-15T21:46:49.699Z,21036,,1228398800
2026-09-15T21:46:49.699Z,18785,99000,1193000
2026-09-15T21:46:49.699Z,49790,70150000,78570000
2026-09-15T21:46:49.699Z,55329,20.03,100000
2026-09-15T21:46:49.699Z,43844,184400,12000000
2026-09-15T21:46:49.699Z,58897,25000,999900
2026-09-15T21:46:49.699Z,35789,5772000,6869000
2026-09-15T21:46:49.699Z,28846,6000000000,6695000000
2026-09-15T21:46:49.699Z,493,51000,230700
2026-09-15T21:46:49.699Z,91145,100000000,324900000
2026-09-15T21:46:49.699Z,14068,15990000,19900000
2026-09-15T21:46:49.699Z,21040,,1543366400
2026-09-15T21:46:49.699Z,43843,200600,18500000
2026-09-15T21:46:49.699Z,91970,9600000,15000000
2026-09-15T21:46:49.699Z,19149,28610000,30580000
2026-09-15T21:46:49.699Z,12548,344600,439600
2026-09-15T21:46:49.699Z,16451,38030,95000
2026-09-15T21:46:49.699Z,89618,256800000,399700000
2026-09-15T21:46:49.699Z,55333,1071,79990
2026-09-15T21:46:49.699Z,21378,2618,4669
2026-09-15T21:46:49.699Z,21042,,1393368000
2026-09-15T21:46:49.699Z,3304,1313,120000
2026-09-15T21:46:49.699Z,40500,,499900000
2026-09-15T21:46:49.699Z,12093,5000000,5900000
2026-09-15T21:46:49.699Z,61203,147600,740800
2026-09-15T21:46:49.699Z,30310,40140,42910
2026-09-15T21:46:49.699Z,33591,3380000,4703000
2026-09-15T21:46:49.699Z,45615,34810000,39970000
2026-09-15T21:46:49.699Z,47132,10220000,20060000
2026-09-15T21:46:49.699Z,34177,4130000,27120000
2026-09-15T21:46:49.699Z,91131,26000000,34600000
2026-09-15T21:46:49.699Z,91405,1100000,9979000
2026-09-15T21:46:49.699Z,47756,8035000,9057000
2026-09-15T21:46:49.699Z,21604,,31372640
2026-09-15T21:46:49.699Z,90050,410000,1010000
2026-09-15T21:46:49.699Z,31702,99000,47180000
2026-09-15T21:46:49.699Z,90500,3701,9740
2026-09-15T21:46:49.699Z,14214,3721000,8957000
2026-09-15T21:46:49.699Z,190,24,59.99
2026-09-15T21:46:49.699Z,53855,45490000,89840000
2026-09-15T21:46:49.699Z,19037,282900000,334200000
2026-09-15T21:46:49.699Z,77168,185000000,206800000
2026-09-15T21:46:49.699Z,33856,4004000,5800000
2026-09-15T21:46:49.699Z,7997,14700,41980
2026-09-15T21:46:49.699Z,40523,3478000,44100000
2026-09-15T21:46:49.699Z,93592,5680,5836
2026-09-15T21:46:49.699Z,48386,2290000,6599000
2026-09-15T21:46:49.699Z,3482,563200000,635100000
2026-09-15T21:46:49.699Z,19041,241400000,325700000
2026-09-15T21:46:49.699Z,84073,1013000,9000000
2026-09-15T21:46:49.699Z,11558,30950,31590
2026-09-15T21:46:49.699Z,57128,815000000,1250000000
2026-09-15T21:46:49.699Z,61182,15530000,495000000
2026-09-15T21:46:49.699Z,31798,311900000,384800000
2026-09-15T21:46:49.699Z,91971,45990000,55000000
2026-09-15T21:46:49.699Z,49727,1275000,1399000
2026-09-15T21:46:49.699Z,19274,8201000,8590000
2026-09-15T21:46:49.699Z,3887,2056,43440
2026-09-15T21:46:49.699Z,34035,21310000,40930000
2026-09-15T21:46:49.699Z,77963,130000000,496800000
2026-09-15T21:46:49.699Z,92466,1457000,2712000
2026-09-15T21:46:49.699Z,2073,2.34,3.23
2026-09-15T21:46:49.699Z,6003,3944,7400
2026-09-15T21:46:49.699Z,59221,416700000,3158000000
2026-09-15T21:46:49.699Z,26038,255600,2163000
2026-09-15T21:46:49.699Z,2307,4.56,6.23
2026-09-15T21:46:49.699Z,33954,37000000,58890000
2026-09-15T21:46:49.699Z,21727,13670,100000
2026-09-15T21:46:49.699Z,2288,1.11,1.48
2026-09-15T21:46:49.699Z,638,148600000,161000000
2026-09-15T21:46:49.699Z,13827,39350000,54800000
2026-09-15T21:46:49.699Z,89261,100000,384600
2026-09-15T21:46:49.699Z,17703,8500000,9189000
2026-09-15T21:46:49.699Z,20587,,501300
2026-09-15T21:46:49.699Z,19189,132100000,145400000
2026-09-15T21:46:49.699Z,31187,35470000,54560000
2026-09-15T21:46:49.699Z,21228,2618,549600
2026-09-15T21:46:49.699Z,3532,141000000,213500000
2026-09-15T21:46:49.699Z,47249,22200000,100000000
2026-09-15T21:46:49.699Z,3258,529500000,662000000
2026-09-15T21:46:49.699Z,44913,7700000,25000000
2026-09-15T21:46:49.699Z,28209,1354000,1744000
2026-09-15T21:46:49.699Z,26428,125600,12530000
2026-09-15T21:46:49.699Z,15479,1205000,1341000
2026-09-15T21:46:49.699Z,16507,91750,221900
2026-09-15T21:46:49.699Z,19033,207800000,224500000
2026-09-15T21:46:49.699Z,41083,138000000,836900000
2026-09-15T21:46:49.699Z,4435,5054,7169
2026-09-15T21:46:49.699Z,3337,5558000,7900000
2026-09-15T21:46:49.699Z,13813,,2000000
2026-09-15T21:46:49.699Z,12198,1125000,1259000
2026-09-15T21:46:49.699Z,14280,750000,701400
2026-09-15T21:46:49.699Z,35963,8610000,12500000
2026-09-15T21:46:49.699Z,2303,946600,1085000
2026-09-15T21:46:49.699Z,18919,142900000,159100000
2026-09-15T21:46:49.699Z,92588,110000000,173900000
2026-09-15T21:46:49.699Z,47009,506200,9931000
2026-09-15T21:46:49.699Z,81024,25240000,69600000
2026-09-15T21:46:49.699Z,90041,2002,42980
2026-09-15T21:46:49.699Z,37877,50000,1600000
2026-09-15T21:46:49.699Z,47890,9403000,10430000
2026-09-15T21:46:49.699Z,1231,914.2,999
2026-09-15T21:46:49.699Z,44924,880000,11870000
2026-09-15T21:46:49.699Z,11537,18320,23130
2026-09-15T21:46:49.699Z,60666,408200,6920000
2026-09-15T21:46:49.699Z,54784,5215,6400
2026-09-15T21:46:49.699Z,46843,114.5,8199000
2026-09-15T21:46:49.699Z,92592,222000000,337800000
2026-09-15T21:46:49.699Z,44898,,38000000
2026-09-15T21:46:49.699Z,20413,92030,100600
2026-09-15T21:46:49.699Z,19001,40180000,43970000
2026-09-15T21:46:49.699Z,88651,1103000,12000000
2026-09-15T21:46:49.699Z,8748,8027,8028
2026-09-15T21:46:49.699Z,60238,1188,7000000
2026-09-15T21:46:49.699Z,18837,8461000,8991000
2026-09-15T21:46:49.699Z,46205,0.02,17990000
2026-09-15T21:46:49.699Z,34421,0.01,797800
2026-09-15T21:46:49.699Z,56282,1459000000,2987000000
2026-09-15T21:46:49.699Z,88657,6000000,12980000
2026-09-15T21:46:49.699Z,56284,282700000,317600000
2026-09-15T21:46:49.699Z,19927,13040,58700
2026-09-15T21:46:49.699Z,14270,51260000,55400000
2026-09-15T21:46:49.699Z,19021,217800000,235900000
2026-09-15T21:46:49.699Z,27777,2760000,17800000
2026-09-15T21:46:49.699Z,15709,11000000,11260000
2026-09-15T21:46:49.699Z,53014,556000,2780000
2026-09-15T21:46:49.699Z,33852,71230000,80880000
2026-09-15T21:46:49.699Z,26374,53020000,55720000
2026-09-15T21:46:49.699Z,91952,9003000,16410000
2026-09-15T21:46:49.699Z,44145,10000,876400
2026-09-15T21:46:49.699Z,31201,50030,89240
2026-09-15T21:46:49.699Z,42771,1502000,5499000
2026-09-15T21:46:49.699Z,14072,43990000,49760000
2026-09-15T21:46:49.699Z,23736,,598300000
2026-09-15T21:46:49.699Z,29996,18430000,24150000
2026-09-15T21:46:49.699Z,28672,2434000,2616000
2026-09-15T21:46:49.699Z,12533,520000,1130000
2026-09-15T21:46:49.699Z,80942,69750000,490000000
2026-09-15T21:46:49.699Z,56290,,979900000
2026-09-15T21:46:49.699Z,82388,20000,950000
2026-09-15T21:46:49.699Z,11309,146800,171700
2026-09-15T21:46:49.699Z,44908,3130000,18000000
2026-09-15T21:46:49.699Z,18983,28040000,32740000
2026-09-15T21:46:49.699Z,42757,119200,1300000
2026-09-15T21:46:49.699Z,20631,30150000,32000000
2026-09-15T21:46:49.699Z,33969,2225000,13390000
2026-09-15T21:46:49.699Z,3653,69110,228800
2026-09-15T21:46:49.699Z,40345,5148000,15930000
2026-09-15T21:46:49.699Z,85652,8276000,18900000
2026-09-15T21:46:49.699Z,33577,460100,465600
2026-09-15T21:46:49.699Z,15605,3500000,4200000
2026-09-15T21:46:49.699Z,54392,248400000,278400000
2026-09-15T21:46:49.699Z,42695,526.7,651.7
2026-09-15T21:46:49.699Z,11229,404100,479800
2026-09-15T21:46:49.699Z,15610,626100,688800
2026-09-15T21:46:49.699Z,27102,200000,423000
2026-09-15T21:46:49.699Z,62641,1331000,6000000
2026-09-15T21:46:49.699Z,12805,,93.74
2026-09-15T21:46:49.699Z,42832,409.6,502.8
2026-09-15T21:46:49.699Z,23093,307000,390000
2026-09-15T21:46:49.699Z,28710,905300000,965800000
2026-09-15T21:46:49.699Z,645,145400000,156700000
2026-09-15T21:46:49.699Z,37846,6590,12570
2026-09-15T21:46:49.699Z,10216,17130000,17270000
2026-09-15T21:46:49.699Z,10221,16960000,17200000
2026-09-15T21:46:49.699Z,10212,16180000,17280000
2026-09-15T21:46:49.699Z,3550,388300000,476900000
2026-09-15T21:46:49.699Z,1248,460600,514000
2026-09-15T21:46:49.699Z,47906,7403000,8003000
2026-09-15T21:46:49.699Z,14298,3503000,4793000
2026-09-15T21:46:49.699Z,34676,,190000000
2026-09-15T21:46:49.699Z,11283,3390,3438
2026-09-15T21:46:49.699Z,13287,350400,788200
2026-09-15T21:46:49.699Z,12801,91.62,113.8
2026-09-15T21:46:49.699Z,23043,1138,1438
2026-09-15T21:46:49.699Z,15477,5330000,6051000
2026-09-15T21:46:49.699Z,8103,15140,15150
2026-09-15T21:46:49.699Z,264,67,670
2026-09-15T21:46:49.699Z,206,65,67.49
2026-09-15T21:46:49.699Z,93660,135000000,169700000
2026-09-15T21:46:49.699Z,12015,129000000,148900000
2026-09-15T21:46:49.699Z,23954,48020,481400000
2026-09-15T21:46:49.699Z,16000,25700,33000
2026-09-15T21:46:49.699Z,20597,4708000,8443000
2026-09-15T21:46:49.699Z,88625,1000000,7995000
2026-09-15T21:46:49.699Z,44888,100000,27990000
2026-09-15T21:46:49.699Z,57118,106100000,143700000
2026-09-15T21:46:49.699Z,17859,2100,4882
2026-09-15T21:46:49.699Z,91174,348500000,379700000
2026-09-15T21:46:49.699Z,42208,182500000,197000000
2026-09-15T21:46:49.699Z,89709,635000000,889200000
2026-09-15T21:46:49.699Z,45534,275100000,287000000
2026-09-15T21:46:49.699Z,4349,362400000,394900000
2026-09-15T21:46:49.699Z,24349,,90000
2026-09-15T21:46:49.699Z,43729,758100000,997000000
2026-09-15T21:46:49.699Z,15723,181800,1100000
2026-09-15T21:46:49.699Z,44929,2057000,19000000
2026-09-15T21:46:49.699Z,90640,40010,5998000
2026-09-15T21:46:49.699Z,91284,41360,1485000
2026-09-15T21:46:49.699Z,31029,7315000,9278000
2026-09-15T21:46:49.699Z,34810,921000000,2820000000
2026-09-15T21:46:49.699Z,37453,8213000,9141000
2026-09-15T21:46:49.699Z,19549,112200000,120000000
2026-09-15T21:46:49.699Z,42752,152200,4896000
2026-09-15T21:46:49.699Z,491,63540,219600
2026-09-15T21:46:49.699Z,95408,40000,49990
2026-09-15T21:46:49.699Z,2476,40690,49920
2026-09-15T21:46:49.699Z,21588,5.03,5.04
2026-09-15T21:46:49.699Z,9678,506200,571600
2026-09-15T21:46:49.699Z,24546,,3141342800
2026-09-15T21:46:49.699Z,483,8003,8004
2026-09-15T21:46:49.699Z,35771,657400,736100
2026-09-15T21:46:49.699Z,96332,30110000,31920000
2026-09-15T21:46:49.699Z,56076,500700,1398000
2026-09-15T21:46:49.699Z,35924,62010000,67000000
2026-09-15T21:46:49.699Z,42696,371.7,465.2
2026-09-15T21:46:49.699Z,90606,840000,2000000
2026-09-15T21:46:49.699Z,31662,500000,4574000
2026-09-15T21:46:49.699Z,47005,23450000,31990000
2026-09-15T21:46:49.699Z,11478,625.6,850
2026-09-15T21:46:49.699Z,21078,10010,54980
2026-09-15T21:46:49.699Z,60633,20000,1000000
2026-09-15T21:46:49.699Z,63860,55300,5000000
2026-09-15T21:46:49.699Z,24548,,1683418400
2026-09-15T21:46:49.699Z,11239,320100,475600
2026-09-15T21:46:49.699Z,3149,4845000,5666000
2026-09-15T21:46:49.699Z,47837,30010000,59960000
2026-09-15T21:46:49.699Z,54395,427500000,473800000
2026-09-15T21:46:49.699Z,40560,27080000,29010000
2026-09-15T21:46:49.699Z,14074,20640000,22620000
2026-09-15T21:46:49.699Z,11746,309.7,1499
2026-09-15T21:46:49.699Z,89266,80010,3200000
2026-09-15T21:46:49.699Z,28780,72030000,79390000
2026-09-15T21:46:49.699Z,15780,8036000,11900000
2026-09-15T21:46:49.699Z,19315,112400000,123700000
2026-09-15T21:46:49.699Z,53984,213500,240000
2026-09-15T21:46:49.699Z,46026,19450000,220000000
2026-09-15T21:46:49.699Z,256,39000,42000
2026-09-15T21:46:49.699Z,1074,4000,479700
2026-09-15T21:46:49.699Z,14236,54880000,62880000
2026-09-15T21:46:49.699Z,20453,,48000000
2026-09-15T21:46:49.699Z,24553,,240947786
2026-09-15T21:46:49.699Z,24305,5172000,5921000
2026-09-15T21:46:49.699Z,83278,1000,191500
2026-09-15T21:46:49.699Z,3536,269600000,306300000
2026-09-15T21:46:49.699Z,24557,,2146886800
2026-09-15T21:46:49.699Z,58905,41020000,190000000
2026-09-15T21:46:49.699Z,12538,18630,58640
2026-09-15T21:46:49.699Z,58860,410300,3300000
2026-09-15T21:46:49.699Z,13955,5223000,7300000
2026-09-15T21:46:49.699Z,23813,22380000,53230000
2026-09-15T21:46:49.699Z,31998,44720,54770
2026-09-15T21:46:49.699Z,31918,14500000,18050000
2026-09-15T21:46:49.699Z,62632,27050000,34270000
2026-09-15T21:46:49.699Z,6757,3118,14120
2026-09-15T21:46:49.699Z,24559,170300000,1697361200
2026-09-15T21:46:49.699Z,31736,2582000,2788000
2026-09-15T21:46:49.699Z,45519,92000000,525000000
2026-09-15T21:46:49.699Z,56864,5025000,13500000
2026-09-15T21:46:49.699Z,450,,25860
2026-09-15T21:46:49.699Z,50050,219000000,500000000
2026-09-15T21:46:49.699Z,12208,1741000,3200000
2026-09-15T21:46:49.699Z,31710,,2908000
2026-09-15T21:46:49.699Z,57734,1181000,2689000
2026-09-15T21:46:49.699Z,24561,,1670784800
2026-09-15T21:46:49.699Z,33941,59200000,64550000
2026-09-15T21:46:49.699Z,57396,150200000,500000000
2026-09-15T21:46:49.699Z,18949,25860000,36990000
2026-09-15T21:46:49.699Z,62528,29.9,36.85
2026-09-15T21:46:49.699Z,30029,,6983000
2026-09-15T21:46:49.699Z,14266,50910000,50960000
2026-09-15T21:46:49.699Z,95813,15060000,89000000
2026-09-15T21:46:49.699Z,24645,,399900000
2026-09-15T21:46:49.699Z,35,16.83,17.75
2026-09-15T21:46:49.699Z,25898,7530000,7945000
2026-09-15T21:46:49.699Z,33140,30220000,32950000
2026-09-15T21:46:49.699Z,29015,9039,13260
2026-09-15T21:46:49.699Z,45810,167100,3997000
2026-09-15T21:46:49.699Z,88573,2201000,6359000
2026-09-15T21:46:49.699Z,14210,58010000,63410000
2026-09-15T21:46:49.699Z,43751,1289000,11950000
2026-09-15T21:46:49.699Z,12485,2504000,3333000
2026-09-15T21:46:49.699Z,92284,121800000,130000000
2026-09-15T21:46:49.699Z,18907,84420000,108100000
2026-09-15T21:46:49.699Z,18921,66040000,80210000
2026-09-15T21:46:49.699Z,24689,215000000,1650000000
2026-09-15T21:46:49.699Z,83271,20000,84990
2026-09-15T21:46:49.699Z,46942,,3999000
2026-09-15T21:46:49.699Z,47348,24500000,29330000
2026-09-15T21:46:49.699Z,1559,154900,441100
2026-09-15T21:46:49.699Z,22613,106500000,134900000
2026-09-15T21:46:49.699Z,18857,10520000,24950000
2026-09-15T21:46:49.699Z,41503,10950000,65000000
2026-09-15T21:46:49.699Z,33141,38170000,40950000
2026-09-15T21:46:49.699Z,577,2018,45540
2026-09-15T21:46:49.699Z,28699,88200,94900
2026-09-15T21:46:49.699Z,42685,12920000,13940000
2026-09-15T21:46:49.699Z,16062,63020000,67370000
2026-09-15T21:46:49.699Z,24699,503100000,580000000
2026-09-15T21:46:49.699Z,40631,526900,609900000
2026-09-15T21:46:49.699Z,90037,3591000,6000000
2026-09-15T21:46:49.699Z,199,105,153
2026-09-15T21:46:49.699Z,83329,20000,366800
2026-09-15T21:46:49.699Z,2161,297500,355400
2026-09-15T21:46:49.699Z,453,26000,44900
2026-09-15T21:46:49.699Z,92662,5108000,34990000
2026-09-15T21:46:49.699Z,56141,24500000,27110000
2026-09-15T21:46:49.699Z,96333,41010000,54910000
2026-09-15T21:46:49.699Z,2286,3.06,4.66
2026-09-15T21:46:49.699Z,83374,620000,3500000
2026-09-15T21:46:49.699Z,54394,341900000,363800000
2026-09-15T21:46:49.699Z,26760,,600000
2026-09-15T21:46:49.699Z,91289,369300000,480700000
2026-09-15T21:46:49.699Z,33917,9976000,18000000
2026-09-15T21:46:49.699Z,12822,171800,210800
2026-09-15T21:46:49.699Z,95413,95100000,185900000
2026-09-15T21:46:49.699Z,11640,375800,494000
2026-09-15T21:46:49.699Z,21088,1640000,6195000
2026-09-15T21:46:49.699Z,30582,13020000,17790000
2026-09-15T21:46:49.699Z,86107,25030000,389700000
2026-09-15T21:46:49.699Z,26761,11000,600000
2026-09-15T21:46:49.699Z,46220,135000,999000
2026-09-15T21:46:49.699Z,13976,7225000,9499000
2026-09-15T21:46:49.699Z,45955,159000,2882000
2026-09-15T21:46:49.699Z,17738,727100000,765400000
2026-09-15T21:46:49.699Z,37450,481500,636500
2026-09-15T21:46:49.699Z,85972,379100000,1191000000
2026-09-15T21:46:49.699Z,14684,3108000000,3496000000
2026-09-15T21:46:49.699Z,28306,785100,860000
2026-09-15T21:46:49.699Z,12536,874200,1436000
2026-09-15T21:46:49.699Z,86660,240000,2350000
2026-09-15T21:46:49.699Z,1816,14,21
2026-09-15T21:46:49.699Z,33915,562300,649400
2026-09-15T21:46:49.699Z,34431,1,198900
2026-09-15T21:46:49.699Z,9842,11930,13020
2026-09-15T21:46:49.699Z,26302,65070000,73250000
2026-09-15T21:46:49.699Z,26762,,600000
2026-09-15T21:46:49.699Z,88051,302100000,599400000
2026-09-15T21:46:49.699Z,43773,26350000,86120000
2026-09-15T21:46:49.699Z,17720,160400000,172900000
2026-09-15T21:46:49.699Z,53714,837200000,1047000000
2026-09-15T21:46:49.699Z,14150,17090000,35370000
2026-09-15T21:46:49.699Z,28379,15010000,19000000
2026-09-15T21:46:49.699Z,393,19190,19200
2026-09-15T21:46:49.699Z,90653,240300,14630000
2026-09-15T21:46:49.699Z,61865,260300,9400000
2026-09-15T21:46:49.699Z,9451,113000,226800
2026-09-15T21:46:49.699Z,37874,50100,800000
2026-09-15T21:46:49.699Z,16666,26000,27180
2026-09-15T21:46:49.699Z,84087,65730000,95000000
2026-09-15T21:46:49.699Z,22107,20380000,22600000
2026-09-15T21:46:49.699Z,84015,20010,88950
2026-09-15T21:46:49.699Z,6296,4000,8165
2026-09-15T21:46:49.699Z,18750,216.1,579800
2026-09-15T21:46:49.699Z,20053,10.14,775.8
2026-09-15T21:46:49.699Z,15602,606700,606900
2026-09-15T21:46:49.699Z,91775,18010000,19300000
2026-09-15T21:46:49.699Z,14768,259700000,483100000
2026-09-15T21:46:49.699Z,13821,401400,2691000
2026-09-15T21:46:49.699Z,44894,1540000,118900000
2026-09-15T21:46:49.699Z,45633,32610000,35770000
2026-09-15T21:46:49.699Z,6437,5000,7997
2026-09-15T21:46:49.699Z,12365,1240,100000
2026-09-15T21:46:49.699Z,43765,3333000,14750000
2026-09-15T21:46:49.699Z,4393,40070,67670
2026-09-15T21:46:49.699Z,34204,908400,958400
2026-09-15T21:46:49.699Z,27679,,51000000
2026-09-15T21:46:49.699Z,48950,,13980000
2026-09-15T21:46:49.699Z,44912,130500,25000000
2026-09-15T21:46:49.699Z,48437,42610000,49000000
2026-09-15T21:46:49.699Z,62555,1940,2238
2026-09-15T21:46:49.699Z,593,175000,412700
2026-09-15T21:46:49.699Z,27913,12200000,200000000
2026-09-15T21:46:49.699Z,15804,94290000,106300000
2026-09-15T21:46:49.699Z,18917,146200000,162500000
2026-09-15T21:46:49.699Z,33939,7004000,16950000
2026-09-15T21:46:49.699Z,43764,319200,3869000
2026-09-15T21:46:49.699Z,84086,61000000,130000000
2026-09-15T21:46:49.699Z,18692,42110000,45680000
2026-09-15T21:46:49.699Z,44925,3650000,19030000
2026-09-15T21:46:49.699Z,46799,1018,1490000
2026-09-15T21:46:49.699Z,27923,150300,150000000
2026-09-15T21:46:49.699Z,44268,80.04,80.05
2026-09-15T21:46:49.699Z,15770,38180000,41720000
2026-09-15T21:46:49.699Z,1183,432800,463700
2026-09-15T21:46:49.699Z,81026,7004000,9987000
2026-09-15T21:46:49.699Z,13867,5140000,14040000
2026-09-15T21:46:49.699Z,28215,1191000,1397000
2026-09-15T21:46:49.699Z,54322,11010,1484000
2026-09-15T21:46:49.699Z,19065,80440,4214000
2026-09-15T21:46:49.699Z,41267,99070,117200
2026-09-15T21:46:49.699Z,85530,36040,1290000
2026-09-15T21:46:49.699Z,90620,1104000,4770000
2026-09-15T21:46:49.699Z,4309,317100000,708300000
2026-09-15T21:46:49.699Z,36953,150100000,200000000
2026-09-15T21:46:49.699Z,30013,4110,8460
2026-09-15T21:46:49.699Z,56070,221200,288000
2026-09-15T21:46:49.699Z,45970,301700,9382000
2026-09-15T21:46:49.699Z,30304,8195,8292
2026-09-15T21:46:49.699Z,27952,3.01,522349680
2026-09-15T21:46:49.699Z,77398,135200000,193500000
2026-09-15T21:46:49.699Z,31053,16390000,16780000
2026-09-15T21:46:49.699Z,72903,6865000,8304000
2026-09-15T21:46:49.699Z,82476,160800,1699000
2026-09-15T21:46:49.699Z,44207,4100,7499000
2026-09-15T21:46:49.699Z,28813,729600000,844700000
2026-09-15T21:46:49.699Z,46712,561900,2750000
2026-09-15T21:46:49.699Z,47891,21210000,22980000
2026-09-15T21:46:49.699Z,16648,7291,7906
2026-09-15T21:46:49.699Z,14492,1000000000,1905000000
2026-09-15T21:46:49.699Z,14234,13010000,15710000
2026-09-15T21:46:49.699Z,31904,10660000,12660000
2026-09-15T21:46:49.699Z,45596,33680000,40380000
2026-09-15T21:46:49.699Z,45769,121000,978200
2026-09-15T21:46:49.699Z,56591,408900,899900
2026-09-15T21:46:49.699Z,14230,40200000,41000000
2026-09-15T21:46:49.699Z,19009,52040000,55440000
2026-09-15T21:46:49.699Z,26442,7529000,7625000
2026-09-15T21:46:49.699Z,26286,55040000,74500000
2026-09-15T21:46:49.699Z,85656,95750000,129000000
2026-09-15T21:46:49.699Z,15893,104800000,108900000
2026-09-15T21:46:49.699Z,49748,,2298000
2026-09-15T21:46:49.699Z,47916,6963000,18980000
2026-09-15T21:46:49.699Z,22981,100.8,734.9
2026-09-15T21:46:49.699Z,85474,6493000,9000000
2026-09-15T21:46:49.699Z,31039,5025000,5536000
2026-09-15T21:46:49.699Z,45813,500500,2300000
2026-09-15T21:46:49.699Z,84338,200500,1297000
2026-09-15T21:46:49.699Z,31866,1669000,1942000
2026-09-15T21:46:49.699Z,62591,29020000,31160000
2026-09-15T21:46:49.699Z,587,258000,320800
2026-09-15T21:46:49.699Z,222,17.74,19.2
2026-09-15T21:46:49.699Z,28584,4002000,400000000
2026-09-15T21:46:49.699Z,47055,600000,9990000
2026-09-15T21:46:49.699Z,36954,150300000,200000000
2026-09-15T21:46:49.699Z,56074,132700,190000
2026-09-15T21:46:49.699Z,31119,190400,224900
2026-09-15T21:46:49.699Z,17836,5879000,8630000
2026-09-15T21:46:49.699Z,79950,25460000,130000000
2026-09-15T21:46:49.699Z,4403,1513000,1643000
2026-09-15T21:46:49.699Z,28647,,31372640
2026-09-15T21:46:49.699Z,88381,80000,146200
2026-09-15T21:46:49.699Z,84430,5361,99330
2026-09-15T21:46:49.699Z,90136,22000000,79750000
2026-09-15T21:46:49.699Z,22807,1008,150000
2026-09-15T21:46:49.699Z,63253,124000000,289500000
2026-09-15T21:46:49.699Z,34732,1326000,18490000
2026-09-15T21:46:49.699Z,28653,48020,481455760
2026-09-15T21:46:49.699Z,92283,75710000,135700000
2026-09-15T21:46:49.699Z,62464,935,1443
2026-09-15T21:46:49.699Z,23811,46970000,73370000
2026-09-15T21:46:49.699Z,84085,25030000,109800000
2026-09-15T21:46:49.699Z,10872,13010,13020
2026-09-15T21:46:49.699Z,11287,5001,6084
2026-09-15T21:46:49.699Z,53891,210300000,259300000
2026-09-15T21:46:49.699Z,33529,2211000000,2894000000
2026-09-15T21:46:49.699Z,17812,7401000,8286000
2026-09-15T21:46:49.699Z,43688,,37980000
2026-09-15T21:46:49.699Z,74523,11.3,20
2026-09-15T21:46:49.699Z,95397,520000,2400000
2026-09-15T21:46:49.699Z,21075,4857,7430
2026-09-15T21:46:49.699Z,14413,11000000,449000000
2026-09-15T21:46:49.699Z,36955,150000000,200000000
2026-09-15T21:46:49.699Z,527,751400,819800
2026-09-15T21:46:49.699Z,48416,43360,179800
2026-09-15T21:46:49.699Z,91921,1676000,2897000
2026-09-15T21:46:49.699Z,22534,21020000,22690000
2026-09-15T21:46:49.699Z,47636,31040000,87900000
2026-09-15T21:46:49.699Z,5179,100000,230000
2026-09-15T21:46:49.699Z,33360,11980,12420
2026-09-15T21:46:49.699Z,16650,49500,52000
2026-09-15T21:46:49.699Z,45585,5581,700000
2026-09-15T21:46:49.699Z,37625,40530000,63480000
2026-09-15T21:46:49.699Z,21725,2008000,2905000
2026-09-15T21:46:49.699Z,55603,20000,189900
2026-09-15T21:46:49.699Z,83313,10000,99970
2026-09-15T21:46:49.699Z,46000,36860000,38490000
2026-09-15T21:46:49.699Z,14190,211100000,229400000
2026-09-15T21:46:49.699Z,46914,1969000,14070000
2026-09-15T21:46:49.699Z,9944,30700,58700
2026-09-15T21:46:49.699Z,85452,247500000,340000000
2026-09-15T21:46:49.699Z,62050,1301000,10000000
2026-09-15T21:46:49.699Z,52679,14000000,41920000
2026-09-15T21:46:49.699Z,6160,2501,4998
2026-09-15T21:46:49.699Z,27443,75250,98000
2026-09-15T21:46:49.699Z,11481,423.1,423.2
2026-09-15T21:46:49.699Z,30021,594.9,595
2026-09-15T21:46:49.699Z,27196,25410000,27650000
2026-09-15T21:46:49.699Z,92644,492000000,845000000
2026-09-15T21:46:49.699Z,27483,1307,1705
2026-09-15T21:46:49.699Z,60645,802000,2389000
2026-09-15T21:46:49.699Z,31716,22000,27930
2026-09-15T21:46:49.699Z,62527,28.01,39.7
2026-09-15T21:46:49.699Z,29002,24990,1500000
2026-09-15T21:46:49.699Z,84331,300000,4996000
2026-09-15T21:46:49.699Z,16659,817.3,1027
2026-09-15T21:46:49.699Z,14092,64500,119100
2026-09-15T21:46:49.699Z,7173,326000,518000
2026-09-15T21:46:49.699Z,23713,7988,38430
2026-09-15T21:46:49.699Z,88130,104100000,999300000
2026-09-15T21:46:49.699Z,14922,29400000,298000000
2026-09-15T21:46:49.699Z,12777,145,149.9
2026-09-15T21:46:49.699Z,33157,105100000,113800000
2026-09-15T21:46:49.699Z,11965,148200000,156400000
2026-09-15T21:46:49.699Z,87803,9804000,36430000
2026-09-15T21:46:49.699Z,88584,1000,96990
2026-09-15T21:46:49.699Z,22879,17860000,44900000
2026-09-15T21:46:49.699Z,2354,77160,79990
2026-09-15T21:46:49.699Z,49646,480000,9800000
2026-09-15T21:46:49.699Z,88643,4204000,13000000
2026-09-15T21:46:49.699Z,27198,22300000,27150000
2026-09-15T21:46:49.699Z,88680,6200000,15000000
2026-09-15T21:46:49.699Z,61216,262300,1746000
2026-09-15T21:46:49.699Z,81018,11510000,32870000
2026-09-15T21:46:49.699Z,29006,100300,1500000
2026-09-15T21:46:49.699Z,20018,21150,21160
2026-09-15T21:46:49.699Z,13885,100000,4290000
2026-09-15T21:46:49.699Z,60198,9000000,24900000
2026-09-15T21:46:49.699Z,13793,770200,989900
2026-09-15T21:46:49.699Z,14238,99650000,108400000
2026-09-15T21:46:49.699Z,27347,22.09,34900
2026-09-15T21:46:49.699Z,82587,4248000,419800000
2026-09-15T21:46:49.699Z,21790,100,8997
2026-09-15T21:46:49.699Z,29011,12000,15440
2026-09-15T21:46:49.699Z,22123,43340000,53990000
2026-09-15T21:46:49.699Z,30376,20550,21070
2026-09-15T21:46:49.699Z,40566,21790000,25590000
2026-09-15T21:46:49.699Z,54733,1021000000,1198000000
2026-09-15T21:46:49.699Z,85536,42430,17020000
2026-09-15T21:46:49.699Z,56617,5008000,10780000
2026-09-15T21:46:49.699Z,14244,92250000,115500000
2026-09-15T21:46:49.699Z,227,26.92,31.72
2026-09-15T21:46:49.699Z,87770,550000000,778600000
2026-09-15T21:46:49.699Z,29010,25180,1500000
2026-09-15T21:46:49.699Z,11269,683000,742000
2026-09-15T21:46:49.699Z,898,461500,2698000
2026-09-15T21:46:49.699Z,82445,1001,99980
2026-09-15T21:46:49.699Z,215,3.39,5.9
2026-09-15T21:46:49.699Z,14433,56600000,373900000
2026-09-15T21:46:49.699Z,29012,100000,1500000
2026-09-15T21:46:49.699Z,3268,1516000,5746000
2026-09-15T21:46:49.699Z,16004,105900000,119400000
2026-09-15T21:46:49.699Z,79718,11040,1999000
2026-09-15T21:46:49.699Z,24511,442,492.4
2026-09-15T21:46:49.699Z,79954,3600000,29800000
2026-09-15T21:46:49.699Z,89688,10010,865900
2026-09-15T21:46:49.699Z,49648,130000,4800000
2026-09-15T21:46:49.699Z,60310,305900,896200
2026-09-15T21:46:49.699Z,16660,915.8,1109
2026-09-15T21:46:49.699Z,28674,2318000,2641000
2026-09-15T21:46:49.699Z,31031,55530000,347500000
2026-09-15T21:46:49.699Z,49644,100000,1900000
2026-09-15T21:46:49.699Z,25736,4132000,6700000
2026-09-15T21:46:49.699Z,40567,1507000,29510000
2026-09-15T21:46:49.699Z,26444,4611000,5133000
2026-09-15T21:46:49.699Z,47928,642.2,710
2026-09-15T21:46:49.699Z,11547,87580,107400
2026-09-15T21:46:49.699Z,18943,63110000,67890000
2026-09-15T21:46:49.699Z,29016,49990,1500000
2026-09-15T21:46:49.699Z,79949,11150000,38700000
2026-09-15T21:46:49.699Z,2953,3036000,4163000
2026-09-15T21:46:49.699Z,15911,21760,1734000
2026-09-15T21:46:49.699Z,57509,30000000,50000000
2026-09-15T21:46:49.699Z,44161,500000,1183000
2026-09-15T21:46:49.699Z,37627,256900000,271600000
2026-09-15T21:46:49.699Z,13249,15030000,16190000
2026-09-15T21:46:49.699Z,58892,189500,4449000
2026-09-15T21:46:49.699Z,43845,1521000,15000000
2026-09-15T21:46:49.699Z,18843,1401000,4795000
2026-09-15T21:46:49.699Z,17938,18910,20710
2026-09-15T21:46:49.699Z,31153,211900,240300
2026-09-15T21:46:49.699Z,23803,89970000,107400000
2026-09-15T21:46:49.699Z,32069,530.1,98960
2026-09-15T21:46:49.699Z,29040,0.01,15000000
2026-09-15T21:46:49.699Z,17647,160000,300000
2026-09-15T21:46:49.699Z,61212,641200,979400
2026-09-15T21:46:49.699Z,63856,30250,899800
2026-09-15T21:46:49.699Z,55753,152300,1520000
2026-09-15T21:46:49.699Z,62562,5566,6739
2026-09-15T21:46:49.699Z,12346,769800,994700
2026-09-15T21:46:49.699Z,17722,242200000,273300000
2026-09-15T21:46:49.699Z,14178,25110000,28620000
2026-09-15T21:46:49.699Z,52312,591100,624400
2026-09-15T21:46:49.699Z,60468,1443000,2079000
2026-09-15T21:46:49.699Z,31892,1952000,2029000
2026-09-15T21:46:49.699Z,31408,1333000,1742000
2026-09-15T21:46:49.699Z,28798,284100000,341900000
2026-09-15T21:46:49.699Z,29042,1222000,15000000
2026-09-15T21:46:49.699Z,62049,400000,5000000
2026-09-15T21:46:49.699Z,53712,419300000,454200000
2026-09-15T21:46:49.699Z,80001,306400,2000000
2026-09-15T21:46:49.699Z,62550,704.3,989.9
2026-09-15T21:46:49.699Z,27924,959100,1395000
2026-09-15T21:46:49.699Z,45828,536500,4997000
2026-09-15T21:46:49.699Z,19972,1.39,31.4
2026-09-15T21:46:49.699Z,30371,4393,4609
2026-09-15T21:46:49.699Z,82472,125000,2999000
2026-09-15T21:46:49.699Z,20603,1150000,7440000
2026-09-15T21:46:49.699Z,18945,226700000,244000000
2026-09-15T21:46:49.699Z,56072,154400,193800
2026-09-15T21:46:49.699Z,41526,322000000,469100000
2026-09-15T21:46:49.699Z,31426,10000,783200
2026-09-15T21:46:49.699Z,20623,813000,2931000
2026-09-15T21:46:49.699Z,29044,,15000000
2026-09-15T21:46:49.699Z,2317,9020,9300
2026-09-15T21:46:49.699Z,81044,65000000,84690000
2026-09-15T21:46:49.699Z,56609,600200,2290000
2026-09-15T21:46:49.699Z,18863,40810000,46990000
2026-09-15T21:46:49.699Z,11451,156100,1236000
2026-09-15T21:46:49.699Z,5759,171600,213900
2026-09-15T21:46:49.699Z,49634,57000,1800000
2026-09-15T21:46:49.699Z,29046,,15000000
2026-09-15T21:46:49.699Z,86149,7221000,19000000
2026-09-15T21:46:49.699Z,25968,,1472000
2026-09-15T21:46:49.699Z,3084,561900000,602600000
2026-09-15T21:46:49.699Z,12221,1376000,1575000
2026-09-15T21:46:49.699Z,15130,,769900000
2026-09-15T21:46:49.699Z,85966,204900000,596100000
2026-09-15T21:46:49.699Z,656,2079000,2308000
2026-09-15T21:46:49.699Z,60563,310200,1000000
2026-09-15T21:46:49.699Z,23170,20010,292800
2026-09-15T21:46:49.699Z,29048,0.01,15000000
2026-09-15T21:46:49.699Z,34481,46050000,47630000
2026-09-15T21:46:49.699Z,56131,80010,102900
2026-09-15T21:46:49.699Z,26414,65000000,72520000
2026-09-15T21:46:49.699Z,17838,12590000,19920000
2026-09-15T21:46:49.699Z,52847,500000,1592000
2026-09-15T21:46:49.699Z,16487,46050,60470
2026-09-15T21:46:49.699Z,25974,,1754000
2026-09-15T21:46:49.699Z,82465,10000,377100
2026-09-15T21:46:49.699Z,29050,1.05,14990000
2026-09-15T21:46:49.699Z,18937,154100000,165000000
2026-09-15T21:46:49.699Z,16643,5914,6293
2026-09-15T21:46:49.699Z,47826,26260000,29630000
2026-09-15T21:46:49.699Z,584,218100,472400
2026-09-15T21:46:49.699Z,29052,0.01,15000000
2026-09-15T21:46:49.699Z,14029,50000,122000
2026-09-15T21:46:49.699Z,14518,1500000,720000000
2026-09-15T21:46:49.699Z,31612,22600,26000000
2026-09-15T21:46:49.699Z,93270,405200000,1144000000
2026-09-15T21:46:49.699Z,85447,11270000,20990000
2026-09-15T21:46:49.699Z,605,404600,440000
2026-09-15T21:46:49.699Z,46883,122.7,3341000
2026-09-15T21:46:49.699Z,47918,31370000,33980000
2026-09-15T21:46:49.699Z,43699,48500,58830
2026-09-15T21:46:49.699Z,34088,580200000,978600000
2026-09-15T21:46:49.699Z,29054,1.05,15000000
2026-09-15T21:46:49.699Z,2299,880300,964700
2026-09-15T21:46:49.699Z,62533,81.47,110
2026-09-15T21:46:49.699Z,19276,1668000,3809000
2026-09-15T21:46:49.699Z,23711,6082,12220
2026-09-15T21:46:49.699Z,13968,1000000,1659000
2026-09-15T21:46:49.699Z,56923,500900,7900000
2026-09-15T21:46:49.699Z,17184,2028000,7944000
2026-09-15T21:46:49.699Z,29056,0.01,15000000
2026-09-15T21:46:49.699Z,3109,0.01,2488000
2026-09-15T21:46:49.699Z,2351,70010,70020
2026-09-15T21:46:49.699Z,14674,2300000000,2800000000
2026-09-15T21:46:49.699Z,44993,454100000,492200000
2026-09-15T21:46:49.699Z,72904,7165000,7992000
2026-09-15T21:46:49.699Z,43794,4000000,12000000
2026-09-15T21:46:49.699Z,52287,1000000,3696000
2026-09-15T21:46:49.699Z,21724,25030,400000
2026-09-15T21:46:49.699Z,3949,790600,1096000
2026-09-15T21:46:49.699Z,64568,824200,2387000
2026-09-15T21:46:49.699Z,32245,50580000,181100000
2026-09-15T21:46:49.699Z,29058,0.01,15000000
2026-09-15T21:46:49.699Z,34286,1791000,1992000
2026-09-15T21:46:49.699Z,22548,191400000,197800000
2026-09-15T21:46:49.699Z,15465,26480000,29930000
2026-09-15T21:46:49.699Z,14525,490300000,874500000
2026-09-15T21:46:49.699Z,52301,5809000,15920000
2026-09-15T21:46:49.699Z,25996,0.01,2941000
2026-09-15T21:46:49.699Z,19265,59330000,68200000
2026-09-15T21:46:49.699Z,29060,0.01,15000000
2026-09-15T21:46:49.699Z,11311,105000,105100
2026-09-15T21:46:49.699Z,12539,378100,414800
2026-09-15T21:46:49.699Z,47783,955600,1590000
2026-09-15T21:46:49.699Z,41230,49990,1500000
2026-09-15T21:46:49.699Z,34723,4401,947500
2026-09-15T21:46:49.699Z,16238,524500,580800
2026-09-15T21:46:49.699Z,21729,387.6,9726
2026-09-15T21:46:49.699Z,85680,21030000,40000000
2026-09-15T21:46:49.699Z,33826,25010000,32420000
2026-09-15T21:46:49.699Z,608,80170,448400
2026-09-15T21:46:49.699Z,27169,20470000,24900000
2026-09-15T21:46:49.699Z,14782,8905000000,9750000000
2026-09-15T21:46:49.699Z,41032,3750,4600
2026-09-15T21:46:49.699Z,41252,72800000,90260000
2026-09-15T21:46:49.699Z,16679,633.1,698.9
2026-09-15T21:46:49.699Z,3829,21680,34670
2026-09-15T21:46:49.699Z,71755,530,646.8
2026-09-15T21:46:49.699Z,85012,6.11,4990000000
2026-09-15T21:46:49.699Z,87524,37220000,100000000
2026-09-15T21:46:49.699Z,18803,2653000,5369000
2026-09-15T21:46:49.699Z,53384,21110,570100
2026-09-15T21:46:49.699Z,31071,11460000,16980000
2026-09-15T21:46:49.699Z,84689,3569000,8970000
2026-09-15T21:46:49.699Z,57736,1423000,10110000
2026-09-15T21:46:49.699Z,32254,285400000,309100000
2026-09-15T21:46:49.699Z,8759,752200,3185000
2026-09-15T21:46:49.699Z,93906,988900000,1214000000
2026-09-15T21:46:49.699Z,82314,669,1072
2026-09-15T21:46:49.699Z,17436,3141,4990
2026-09-15T21:46:49.699Z,41566,47860000,60910000
2026-09-15T21:46:49.699Z,1802,2000000,19760000
2026-09-15T21:46:49.699Z,15843,1601000,4000000
2026-09-15T21:46:49.699Z,87526,1570000000,1999000000
2026-09-15T21:46:49.699Z,18811,1073000,2695000
2026-09-15T21:46:49.699Z,30252,9257,9301
2026-09-15T21:46:49.699Z,377,3953,10840
2026-09-15T21:46:49.699Z,30628,16480000,20940000
2026-09-15T21:46:49.699Z,60243,166900,990000
2026-09-15T21:46:49.699Z,62522,21.25,23.7
2026-09-15T21:46:49.699Z,63244,36590,935000
2026-09-15T21:46:49.699Z,35656,12350,22350
2026-09-15T21:46:49.699Z,37844,11340,12490
2026-09-15T21:46:49.699Z,62529,34.5,38.54
2026-09-15T21:46:49.699Z,15076,3745000000,4146000000
2026-09-15T21:46:49.699Z,41199,4370000,5242000
2026-09-15T21:46:49.699Z,18855,6718000,8705000
2026-09-15T21:46:49.699Z,73872,2806000,6789000
2026-09-15T21:46:49.699Z,75268,1450000000,2445000000
2026-09-15T21:46:49.699Z,94032,93450000,152800000
2026-09-15T21:46:49.699Z,54775,24990,27390
2026-09-15T21:46:49.699Z,60217,600000,2637000
2026-09-15T21:46:49.699Z,6763,1193,56480
2026-09-15T21:46:49.699Z,15308,325100,260000000
2026-09-15T21:46:49.699Z,27507,411.1,1390
2026-09-15T21:46:49.699Z,21506,10030000,13940000
2026-09-15T21:46:49.699Z,83237,10000,289600
2026-09-15T21:46:49.699Z,50130,1001,299900
2026-09-15T21:46:49.699Z,83266,1000,49980
2026-09-15T21:46:49.699Z,57156,55800000,109700000
2026-09-15T21:46:49.699Z,74386,100,100.1
2026-09-15T21:46:49.699Z,21412,2217,7390
2026-09-15T21:46:49.699Z,19237,719400,999200
2026-09-15T21:46:49.699Z,73366,602500,2999000
2026-09-15T21:46:49.699Z,2807,150000,100000000
2026-09-15T21:46:49.699Z,30474,46100,185400
2026-09-15T21:46:49.699Z,62397,4115,4283
2026-09-15T21:46:49.699Z,33894,1842000,2077000
2026-09-15T21:46:49.699Z,13785,46600000,63760000
2026-09-15T21:46:49.699Z,32342,14310000,18230000
2026-09-15T21:46:49.699Z,81945,200200,1396000
2026-09-15T21:46:49.699Z,83318,10000,158300
2026-09-15T21:46:49.699Z,23707,4906,6694
2026-09-15T21:46:49.699Z,20563,376900000,429000000
2026-09-15T21:46:49.699Z,46635,308400000,312000000
2026-09-15T21:46:49.699Z,47917,20870000,31600000
2026-09-15T21:46:49.699Z,20504,142300000,178000000
2026-09-15T21:46:49.699Z,76963,350,998.9
2026-09-15T21:46:49.699Z,19207,149900000,158900000
2026-09-15T21:46:49.699Z,9826,253,253.1
2026-09-15T21:46:49.699Z,16668,25920,27470
2026-09-15T21:46:49.699Z,56793,52000,600000
2026-09-15T21:46:49.699Z,496,884600,1761000
2026-09-15T21:46:49.699Z,46872,751200,7899000
2026-09-15T21:46:49.699Z,18817,12000000,15220000
2026-09-15T21:46:49.699Z,14228,5837000,21960000
2026-09-15T21:46:49.699Z,56208,1793000000,13000000000
2026-09-15T21:46:49.699Z,83370,340000,1774000
2026-09-15T21:46:49.699Z,10688,4240,8396
2026-09-15T21:46:49.699Z,21320,5.24,13.95
2026-09-15T21:46:49.699Z,49736,3620000,4197000
2026-09-15T21:46:49.699Z,23123,35080,209700
2026-09-15T21:46:49.699Z,31556,0.02,3693000
2026-09-15T21:46:49.699Z,47787,3866000,4977000
2026-09-15T21:46:49.699Z,35038,1002,1003
2026-09-15T21:46:49.699Z,60293,135400,542000
2026-09-15T21:46:49.699Z,14120,89360000,98290000
2026-09-15T21:46:49.699Z,19202,165300000,181700000
2026-09-15T21:46:49.699Z,34290,3145000,3529000
2026-09-15T21:46:49.699Z,58823,710600000,1796000000
2026-09-15T21:46:49.699Z,46790,102000,6900000
2026-09-15T21:46:49.699Z,14419,,1495000000
2026-09-15T21:46:49.699Z,92092,36010000,87980000
2026-09-15T21:46:49.699Z,21280,1858000,8500000
2026-09-15T21:46:49.699Z,3901,101100,24990000
2026-09-15T21:46:49.699Z,17520,62390000,76390000
2026-09-15T21:46:49.699Z,57074,100,101500
2026-09-15T21:46:49.699Z,28284,21010000,21990000
2026-09-15T21:46:49.699Z,6861,30000,57900
2026-09-15T21:46:49.699Z,16399,55230,74880
2026-09-15T21:46:49.699Z,16423,55190,75340
2026-09-15T21:46:49.699Z,19115,46200000,59990000
2026-09-15T21:46:49.699Z,578,146600,172800
2026-09-15T21:46:49.699Z,92038,1077000,1498000
2026-09-15T21:46:49.699Z,57442,76000000,82570000
2026-09-15T21:46:49.699Z,7625,17380,194800
2026-09-15T21:46:49.699Z,48172,41000000,159900000
2026-09-15T21:46:49.699Z,88542,160000,2989000
2026-09-15T21:46:49.699Z,81951,871800000,1011000000
2026-09-15T21:46:49.699Z,15768,94140000,125500000
2026-09-15T21:46:49.699Z,2254,52010,95990
2026-09-15T21:46:49.699Z,57466,347300,457700
2026-09-15T21:46:49.699Z,27519,889,1388
2026-09-15T21:46:49.699Z,31666,185000,38990000
2026-09-15T21:46:49.699Z,64190,200100,1198000
2026-09-15T21:46:49.699Z,84427,6210,99900
2026-09-15T21:46:49.699Z,73474,2000000,10000000
2026-09-15T21:46:49.699Z,95293,12220000,39000000
2026-09-15T21:46:49.699Z,47741,12530000,14360000
2026-09-15T21:46:49.699Z,92382,583800000,1063000000
2026-09-15T21:46:49.699Z,22919,13910000,38590000
2026-09-15T21:46:49.699Z,47929,524.7,812.8
2026-09-15T21:46:49.699Z,91138,1822000,4075000
2026-09-15T21:46:49.699Z,45660,8641,11000
2026-09-15T21:46:49.699Z,16681,3744,3826
2026-09-15T21:46:49.699Z,19139,15180000,19370000
2026-09-15T21:46:49.699Z,62670,,243000000
2026-09-15T21:46:49.699Z,92589,60000,81920
2026-09-15T21:46:49.699Z,13919,48000000,52430000
2026-09-15T21:46:49.699Z,73841,200100,1445000
2026-09-15T21:46:49.699Z,9832,10810,11090
2026-09-15T21:46:49.699Z,14471,13350000,14600000000
2026-09-15T21:46:49.699Z,31496,130000,1332000
2026-09-15T21:46:49.699Z,3105,53200,6899000
2026-09-15T21:46:49.699Z,52252,685000000,726600000
2026-09-15T21:46:49.699Z,31392,38100,59650000
2026-09-15T21:46:49.699Z,30305,9628,12030
2026-09-15T21:46:49.699Z,73368,300000,2100000
2026-09-15T21:46:49.699Z,53040,905000,2216000
2026-09-15T21:46:49.699Z,44154,33000,1465000
2026-09-15T21:46:49.699Z,3561,353600000,433200000
2026-09-15T21:46:49.699Z,46381,5801000,6079000
2026-09-15T21:46:49.699Z,31402,2293000,2799000
2026-09-15T21:46:49.699Z,92035,6057000,7160000
2026-09-15T21:46:49.699Z,48726,6000000,36700000
2026-09-15T21:46:49.699Z,4394,,600000
2026-09-15T21:46:49.699Z,92040,1812000,1985000
2026-09-15T21:46:49.699Z,83213,1000,4350000
2026-09-15T21:46:49.699Z,74154,1139000,6887000
2026-09-15T21:46:49.699Z,27179,152600000,165600000
2026-09-15T21:46:49.699Z,56075,216800,527500
2026-09-15T21:46:49.699Z,30303,1596,1633
2026-09-15T21:46:49.699Z,22466,233500000,255400000
2026-09-15T21:46:49.699Z,44933,11550000,69770000
2026-09-15T21:46:49.699Z,15132,,973900000
2026-09-15T21:46:49.699Z,28695,53310,56910
2026-09-15T21:46:49.699Z,3253,1500000,7325000
2026-09-15T21:46:49.699Z,37565,9020,27000000
2026-09-15T21:46:49.699Z,34207,3491000,3577000
2026-09-15T21:46:49.699Z,85641,478900000,777000000
2026-09-15T21:46:49.699Z,31442,19650,118900
2026-09-15T21:46:49.699Z,20159,191000000,204800000
2026-09-15T21:46:49.699Z,22109,67100000,74180000
2026-09-15T21:46:49.699Z,22112,218900000,235400000
2026-09-15T21:46:49.699Z,31390,3031000,5097000
2026-09-15T21:46:49.699Z,85553,77770000,223200000
2026-09-15T21:46:49.699Z,13284,412800,698200
2026-09-15T21:46:49.699Z,12267,2316000,2495000
2026-09-15T21:46:49.699Z,88527,1000,98990
2026-09-15T21:46:49.699Z,7703,58770,110000
2026-09-15T21:46:49.699Z,95300,16000000,31800000
2026-09-15T21:46:49.699Z,3209,82570000,120700000
2026-09-15T21:46:49.699Z,30309,31390,35310
2026-09-15T21:46:49.699Z,37515,13010000,174700000
2026-09-15T21:46:49.699Z,10039,363,6000
2026-09-15T21:46:49.699Z,20353,3225000,3574000
2026-09-15T21:46:49.699Z,9371,475000,432200
2026-09-15T21:46:49.699Z,14544,1174000000,2000000000
2026-09-15T21:46:49.699Z,11487,70000000,389400000000
2026-09-15T21:46:49.699Z,12771,99.17,148.2
2026-09-15T21:46:49.699Z,85470,5729000,12000000
2026-09-15T21:46:49.699Z,28803,146000000,161700000
2026-09-15T21:46:49.699Z,57077,10010,994900
2026-09-15T21:46:49.699Z,847,,13670000
2026-09-15T21:46:49.699Z,25887,89390,89400
2026-09-15T21:46:49.699Z,47892,22910,40980
2026-09-15T21:46:49.699Z,3025,1706000,1869000
2026-09-15T21:46:49.699Z,52240,391200000,518500000
2026-09-15T21:46:49.699Z,31550,203.1,87310
2026-09-15T21:46:49.699Z,14043,5501000,6987000
2026-09-15T21:46:49.699Z,89947,80000,199900
2026-09-15T21:46:49.699Z,11393,22160000,23770000
2026-09-15T21:46:49.699Z,11467,80.09,593.7
2026-09-15T21:46:49.699Z,42830,302.4,346.7
2026-09-15T21:46:49.699Z,53954,10000000,2451000000
2026-09-15T21:46:49.699Z,13262,428100,874000
2026-09-15T21:46:49.699Z,82365,20000,88930
2026-09-15T21:46:49.699Z,30307,16120,16350
2026-09-15T21:46:49.699Z,37626,85710000,105000000
2026-09-15T21:46:49.699Z,32953,1803000000,2098000000
2026-09-15T21:46:49.699Z,19285,1837000,2034000
2026-09-15T21:46:49.699Z,47183,20000,230000
2026-09-15T21:46:49.699Z,45605,35570000,41940000
2026-09-15T21:46:49.699Z,48516,10150000,498600000
2026-09-15T21:46:49.699Z,19023,75010000,83660000
2026-09-15T21:46:49.699Z,18708,192600000,213300000
2026-09-15T21:46:49.699Z,83327,10000,65000
2026-09-15T21:46:49.699Z,25278,23110,32890
2026-09-15T21:46:49.699Z,20989,3554,8000
2026-09-15T21:46:49.699Z,30306,10880,11330
2026-09-15T21:46:49.699Z,35657,140700,150100
2026-09-15T21:46:49.699Z,49737,17260000,18430000
2026-09-15T21:46:49.699Z,15508,27770,29960
2026-09-15T21:46:49.699Z,21855,107800,440700
2026-09-15T21:46:49.699Z,23164,28.27,28.28
2026-09-15T21:46:49.699Z,21585,141300,494200
2026-09-15T21:46:49.699Z,23143,51740,88760
2026-09-15T21:46:49.699Z,23163,20.3,20.31
2026-09-15T21:46:49.699Z,23160,26.32,26.33
2026-09-15T21:46:49.699Z,16637,1271,1273
2026-09-15T21:46:49.699Z,41196,52120000,59950000
2026-09-15T21:46:49.699Z,63770,1015,1016
2026-09-15T21:46:49.699Z,30270,8728,8729
2026-09-15T21:46:49.699Z,30269,8615,8649
2026-09-15T21:46:49.699Z,30248,4586,4777
2026-09-15T21:46:49.699Z,30268,8185,8186
2026-09-15T21:46:49.699Z,17196,1209,8258
2026-09-15T21:46:49.699Z,45663,167300,169900
2026-09-15T21:46:49.699Z,6863,985000,1150000
2026-09-15T21:46:49.699Z,24545,32010000,36950000
2026-09-15T21:46:49.699Z,72811,114300000,123400000
2026-09-15T21:46:49.699Z,62544,801.3,1051
2026-09-15T21:46:49.699Z,92034,5005000,6370000
2026-09-15T21:46:49.699Z,92037,358200,827600
2026-09-15T21:46:49.699Z,92033,6335000,7440000
2026-09-15T21:46:49.699Z,92041,1109000,1450000
2026-09-15T21:46:49.699Z,92465,1005000,1402000
2026-09-15T21:46:49.699Z,83206,280000,14590000
2026-09-15T21:46:49.699Z,27129,100500,447900
2026-09-15T21:46:49.699Z,27246,202700,596000
2026-09-15T21:46:49.699Z,78917,30030000,285000000
2026-09-15T21:46:49.699Z,16267,281300,478800
2026-09-15T21:46:49.699Z,42151,12350,249500000
2026-09-15T21:46:49.699Z,25601,3898,3980
2026-09-15T21:46:49.699Z,57075,82010,600000
2026-09-15T21:46:49.699Z,15598,8695,14290
2026-09-15T21:46:49.699Z,88577,10000,133600
2026-09-15T21:46:49.699Z,16275,4509,4777
2026-09-15T21:46:49.699Z,58899,25000,25010
2026-09-15T21:46:49.699Z,25589,850,1000
2026-09-15T21:46:49.699Z,15458,1520000,2389000
2026-09-15T21:46:49.699Z,90419,106100000,274000000
2026-09-15T21:46:49.699Z,31731,750,700000
2026-09-15T21:46:49.699Z,20503,277200000,299900000
2026-09-15T21:46:49.699Z,24490,82,92.71
2026-09-15T21:46:49.699Z,24663,99960000,114000000
2026-09-15T21:46:49.699Z,95556,305000000,329900000
2026-09-15T21:46:49.699Z,4112,20070000,74210000
2026-09-15T21:46:49.699Z,93363,1000,53210
2026-09-15T21:46:49.699Z,18799,48290000,55900000
2026-09-15T21:46:49.699Z,21074,3113000,4225000
2026-09-15T21:46:49.699Z,17918,701300000,763900000
2026-09-15T21:46:49.699Z,14166,57140000,67860000
2026-09-15T21:46:49.699Z,41214,27080000,29130000
2026-09-15T21:46:49.699Z,47146,6028000,11770000
2026-09-15T21:46:49.699Z,24523,1557,1721
2026-09-15T21:46:49.699Z,47623,1510000,20990000
2026-09-15T21:46:49.699Z,55606,0.01,90000
2026-09-15T21:46:49.699Z,54398,99340000,139300000
2026-09-15T21:46:49.699Z,56713,100100,384900
2026-09-15T21:46:49.699Z,2410,1005000,1284000
2026-09-15T21:46:49.699Z,92458,131200000,141100000
2026-09-15T21:46:49.699Z,41236,29460000,41610000
2026-09-15T21:46:49.699Z,42700,151100,1399000
2026-09-15T21:46:49.699Z,78918,200000000,360000000
2026-09-15T21:46:49.699Z,47926,901.3,1063
2026-09-15T21:46:49.699Z,13939,55030000,75020000
2026-09-15T21:46:49.699Z,82960,60000,16540000
2026-09-15T21:46:49.699Z,53851,,19640000
2026-09-15T21:46:49.699Z,17940,503000,1669000
2026-09-15T21:46:49.699Z,29107,200000,639900
2026-09-15T21:46:49.699Z,262,117000,123900
2026-09-15T21:46:49.699Z,19535,1848000,17940000
2026-09-15T21:46:49.699Z,52310,53380,62120
2026-09-15T21:46:49.699Z,3756,42510000,45760000
2026-09-15T21:46:49.699Z,26384,1.05,2490000
2026-09-15T21:46:49.699Z,28262,137200,188600
2026-09-15T21:46:49.699Z,88719,312200000,550000000
2026-09-15T21:46:49.699Z,5279,6013,13630
2026-09-15T21:46:49.699Z,26257,2810,211000
2026-09-15T21:46:49.699Z,36909,19540000,22450000
2026-09-15T21:46:49.699Z,12529,27370000,34340000
2026-09-15T21:46:49.699Z,30271,8305,8306
2026-09-15T21:46:49.699Z,11349,55000,65980
2026-09-15T21:46:49.699Z,12775,292.4,327.5
2026-09-15T21:46:49.699Z,87841,530100,2884000
2026-09-15T21:46:49.699Z,47332,130400000,214800000
2026-09-15T21:46:49.699Z,83236,1000,310000
2026-09-15T21:46:49.699Z,211,9.02,9.03
2026-09-15T21:46:49.699Z,16634,201.6,208.4
2026-09-15T21:46:49.699Z,16641,6016,6398
2026-09-15T21:46:49.699Z,16636,335.5,375.6
2026-09-15T21:46:49.699Z,32874,836800,930700
2026-09-15T21:46:49.699Z,83217,10000,1495000
2026-09-15T21:46:49.699Z,228,13.02,30
2026-09-15T21:46:49.699Z,57112,51590000,100000000
2026-09-15T21:46:49.699Z,47927,801.5,928.6
2026-09-15T21:46:49.699Z,23149,17900000,19910000
2026-09-15T21:46:49.699Z,12214,1004000,2273000
2026-09-15T21:46:49.699Z,14527,28000000,9401000000
2026-09-15T21:46:49.699Z,3305,2223,100000
2026-09-15T21:46:49.699Z,26328,32010000,75880000
2026-09-15T21:46:49.699Z,23177,3667000,8775000
2026-09-15T21:46:49.699Z,33828,2500000,3089000
2026-09-15T21:46:49.699Z,47792,2056000,2057000
2026-09-15T21:46:49.699Z,82386,10000,6999000
2026-09-15T21:46:49.699Z,27225,123500,110000000
2026-09-15T21:46:49.699Z,53987,1500000,1648000
2026-09-15T21:46:49.699Z,90733,341.8,377.9
2026-09-15T21:46:49.699Z,78407,131500000,448000000
2026-09-15T21:46:49.699Z,37306,151000000,176100000
2026-09-15T21:46:49.699Z,2929,3298000,4099000
2026-09-15T21:46:49.699Z,16272,110.5,111.7
2026-09-15T21:46:49.699Z,16489,15120,22750
2026-09-15T21:46:49.699Z,12779,309.7,341.7
2026-09-15T21:46:49.699Z,16008,14790000,17000000
2026-09-15T21:46:49.699Z,59178,121000,11000000
2026-09-15T21:46:49.699Z,15510,29920,39790
2026-09-15T21:46:49.699Z,11476,312.2,599
2026-09-15T21:46:49.699Z,11534,19000,20990
2026-09-15T21:46:49.699Z,574,1720000,1782000
2026-09-15T21:46:49.699Z,55761,3510000,3747000
2026-09-15T21:46:49.699Z,84350,300000,1865000
2026-09-15T21:46:49.699Z,28742,39170000,49970000
2026-09-15T21:46:49.699Z,5755,188400,209700
2026-09-15T21:46:49.699Z,20171,84200,88800
2026-09-15T21:46:49.699Z,19398,62560,298300
2026-09-15T21:46:49.699Z,7131,448000,454900
2026-09-15T21:46:49.699Z,10876,45400,56250
2026-09-15T21:46:49.699Z,7085,312700,312800
2026-09-15T21:46:49.699Z,7125,466000,431800
2026-09-15T21:46:49.699Z,85936,140100,6000000
2026-09-15T21:46:49.699Z,7047,240000,247300
2026-09-15T21:46:49.699Z,14286,745000,832400
2026-09-15T21:46:49.699Z,224,13.07,13.08
2026-09-15T21:46:49.699Z,7087,421000,501900
2026-09-15T21:46:49.699Z,35923,71160000,120000000
2026-09-15T21:46:49.699Z,94125,20000,99350
2026-09-15T21:46:49.699Z,25266,2675000,2928000
2026-09-15T21:46:49.699Z,13209,40700000,48410000
2026-09-15T21:46:49.699Z,9493,440400,527900
2026-09-15T21:46:49.699Z,10888,143700,149900
2026-09-15T21:46:49.699Z,10880,45380,54970
2026-09-15T21:46:49.699Z,5849,69010,75990
2026-09-15T21:46:49.699Z,1333,107,27550
2026-09-15T21:46:49.699Z,18823,50320000,59900000
2026-09-15T21:46:49.699Z,4613,20020,50890
2026-09-15T21:46:49.699Z,2510,275,433
2026-09-15T21:46:49.699Z,4027,43070,56980
2026-09-15T21:46:49.699Z,34288,1030000,4425000
2026-09-15T21:46:49.699Z,15625,4500,4501
2026-09-15T21:46:49.699Z,2937,823500,1388000
2026-09-15T21:46:49.699Z,87239,255100000,690000000
2026-09-15T21:46:49.699Z,11371,17750000,18810000
2026-09-15T21:46:49.699Z,37459,11680000,16170000
2026-09-15T21:46:49.699Z,86264,50070000,68250000
2026-09-15T21:46:49.699Z,57530,1381000,39000000
2026-09-15T21:46:49.699Z,45600,31620000,33490000
2026-09-15T21:46:49.699Z,41489,11090,12980
2026-09-15T21:46:49.699Z,32006,99510,105000
2026-09-15T21:46:49.699Z,37544,5000,11660
2026-09-15T21:46:49.699Z,94127,20000,99460
2026-09-15T21:46:49.699Z,3894,27120000,31000000
2026-09-15T21:46:49.699Z,41055,713200,778100
2026-09-15T21:46:49.699Z,85155,10000,1654000
2026-09-15T21:46:49.699Z,46974,598500,7992000
2026-09-15T21:46:49.699Z,25603,3269,3500
2026-09-15T21:46:49.699Z,14152,4469000,6000000
2026-09-15T21:46:49.699Z,55660,69.73,1569000
2026-09-15T21:46:49.699Z,14868,4014000000,8000000000
2026-09-15T21:46:49.699Z,3779,840.9,890.3
2026-09-15T21:46:49.699Z,14262,145700000,153500000
2026-09-15T21:46:49.699Z,41201,200600000,233700000
2026-09-15T21:46:49.699Z,26450,75460000,79950000
2026-09-15T21:46:49.699Z,12110,35010,40000
2026-09-15T21:46:49.699Z,17728,374400000,400000000
2026-09-15T21:46:49.699Z,85781,360000,2348000
2026-09-15T21:46:49.699Z,2637,367.6,473.2
2026-09-15T21:46:49.699Z,236,55.03,78.98
2026-09-15T21:46:49.699Z,17939,1215,264000
2026-09-15T21:46:49.699Z,14168,65510000,73950000
2026-09-15T21:46:49.699Z,89691,60000,251300
2026-09-15T21:46:49.699Z,19215,10250000,11470000
2026-09-15T21:46:49.699Z,14170,66950000,73780000
2026-09-15T21:46:49.699Z,18746,5841,1093000
2026-09-15T21:46:49.699Z,87506,47770000,80000000
2026-09-15T21:46:49.699Z,43718,2035000000,2697000000
2026-09-15T21:46:49.699Z,3598,648000,738400
2026-09-15T21:46:49.699Z,91411,1010000,19990000
2026-09-15T21:46:49.699Z,3093,5359000,6485000
2026-09-15T21:46:49.699Z,6001,23090,28910
2026-09-15T21:46:49.699Z,2876,1979000,2091000
2026-09-15T21:46:49.699Z,47841,11090000,49000000
2026-09-15T21:46:49.699Z,75271,51000000,197000000
2026-09-15T21:46:49.699Z,53906,10000000,175000000
2026-09-15T21:46:49.699Z,19343,36230000,39000000
2026-09-15T21:46:49.699Z,37294,177700000,184000000
2026-09-15T21:46:49.699Z,24497,47.02,61
2026-09-15T21:46:49.699Z,41197,54820000,72450000
2026-09-15T21:46:49.699Z,11445,26010,139800
2026-09-15T21:46:49.699Z,9680,12000,27670
2026-09-15T21:46:49.699Z,45622,28830000,33000000
2026-09-15T21:46:49.699Z,56590,39910000,3000000000
2026-09-15T21:46:49.699Z,33025,,24000000
2026-09-15T21:46:49.699Z,56073,71130,179300
2026-09-15T21:46:49.699Z,21476,67770000,119600000
2026-09-15T21:46:49.699Z,19293,175300000,189900000
2026-09-15T21:46:49.699Z,91020,1555,1199000
2026-09-15T21:46:49.699Z,42722,100,776400
2026-09-15T21:46:49.699Z,40570,20640000,26570000
2026-09-15T21:46:49.699Z,96331,8100000,17000000
2026-09-15T21:46:49.699Z,60470,1383000,1975000
2026-09-15T21:46:49.699Z,90607,20000,54210
2026-09-15T21:46:49.699Z,12542,6147000,6865000
2026-09-15T21:46:49.699Z,1828,360.7,374.4
2026-09-15T21:46:49.699Z,42838,115.2,478.5
2026-09-15T21:46:49.699Z,88533,10000,49930000
2026-09-15T21:46:49.699Z,18742,85100,208000
2026-09-15T21:46:49.699Z,88126,91520000,157600000
2026-09-15T21:46:49.699Z,19143,39620000,44750000
2026-09-15T21:46:49.699Z,90595,20000,89970
2026-09-15T21:46:49.699Z,54769,18640,32280
2026-09-15T21:46:49.699Z,14242,103500000,111500000
2026-09-15T21:46:49.699Z,37254,976300000,1397000000
2026-09-15T21:46:49.699Z,2868,2073000,2451000
2026-09-15T21:46:49.699Z,53631,3025000,118000000
2026-09-15T21:46:49.699Z,47123,40190,38100000
2026-09-15T21:46:49.699Z,60165,2500000000,4500000000
2026-09-15T21:46:49.699Z,12487,685000,1049000
2026-09-15T21:46:49.699Z,92462,1348000,1687000
2026-09-15T21:46:49.699Z,19422,3123000,3299000
2026-09-15T21:46:49.699Z,19413,20300000,21090000
2026-09-15T21:46:49.699Z,19410,9205000,9572000
2026-09-15T21:46:49.699Z,19409,5854000,6104000
2026-09-15T21:46:49.699Z,79720,680100,1000000
2026-09-15T21:46:49.699Z,19412,15950000,16650000
2026-09-15T21:46:49.699Z,19414,27070000,28390000
2026-09-15T21:46:49.699Z,37545,5200,5951
2026-09-15T21:46:49.699Z,31532,2353000,3028000
2026-09-15T21:46:49.699Z,13878,8002000,14910000
2026-09-15T21:46:49.699Z,41237,47210000,61280000
2026-09-15T21:46:49.699Z,3504,1351000,1517000
2026-09-15T21:46:49.699Z,45655,2314000,3931000
2026-09-15T21:46:49.699Z,5137,3154,3155
2026-09-15T21:46:49.699Z,19255,59730000,76000000
2026-09-15T21:46:49.699Z,57385,1317000,95900000
2026-09-15T21:46:49.699Z,46851,155100,3000000
2026-09-15T21:46:49.699Z,14001,11780000,12730000
2026-09-15T21:46:49.699Z,3095,555400000,599500000
2026-09-15T21:46:49.699Z,34205,305200,313800
2026-09-15T21:46:49.699Z,25930,,1390000
2026-09-15T21:46:49.699Z,91156,1001,2941000
2026-09-15T21:46:49.699Z,46219,259000,1999000
2026-09-15T21:46:49.699Z,19151,75170000,81970000
2026-09-15T21:46:49.699Z,13822,601700,3602000
2026-09-15T21:46:49.699Z,7367,81510,143500
2026-09-15T21:46:49.699Z,11693,17480,20660
2026-09-15T21:46:49.699Z,1436,504400,628200
2026-09-15T21:46:49.699Z,3897,2557000,19900000
2026-09-15T21:46:49.699Z,92463,3020000,3497000
2026-09-15T21:46:49.699Z,84084,60020000,519900000
2026-09-15T21:46:49.699Z,90521,200,200.1
2026-09-15T21:46:49.699Z,48590,126000,4910000
2026-09-15T21:46:49.699Z,225,26.08,32.49
2026-09-15T21:46:49.699Z,31358,647300,767600
2026-09-15T21:46:49.699Z,43894,82700,176700
2026-09-15T21:46:49.699Z,47169,40010000,760900000
2026-09-15T21:46:49.699Z,31177,40160,56630
2026-09-15T21:46:49.699Z,13974,6297000,8590000
2026-09-15T21:46:49.699Z,13956,111700000,128700000
2026-09-15T21:46:49.699Z,87783,140000,199200
2026-09-15T21:46:49.699Z,23017,,376.6
2026-09-15T21:46:49.699Z,85394,14450,20040
2026-09-15T21:46:49.699Z,90319,910000000,1094000000
2026-09-15T21:46:49.699Z,31957,34690000,63990000
2026-09-15T21:46:49.699Z,26084,4534000,5811000
2026-09-15T21:46:49.699Z,13947,10650000,11660000
2026-09-15T21:46:49.699Z,3691,8319,9189
2026-09-15T21:46:49.699Z,27089,42410,723000
2026-09-15T21:46:49.699Z,22971,205.1,597.9
2026-09-15T21:46:49.699Z,14295,3547000,4169000
2026-09-15T21:46:49.699Z,27233,0.01,727700
2026-09-15T21:46:49.699Z,27070,1111,648600
2026-09-15T21:46:49.699Z,20114,12440,12900
2026-09-15T21:46:49.699Z,23175,113400,189900
2026-09-15T21:46:49.699Z,23176,6502,224000
2026-09-15T21:46:49.699Z,55605,100,88940
2026-09-15T21:46:49.699Z,46124,7000000,357500000
2026-09-15T21:46:49.699Z,13982,11850000,13160000
2026-09-15T21:46:49.699Z,93963,6584000,8810000
2026-09-15T21:46:49.699Z,31971,35450000,79390000
2026-09-15T21:46:49.699Z,32108,4131000,16740000
2026-09-15T21:46:49.699Z,5445,23010,27010
2026-09-15T21:46:49.699Z,78777,100000,1199000
2026-09-15T21:46:49.699Z,43920,282000000,390000000
2026-09-15T21:46:49.699Z,92461,344600,397900
2026-09-15T21:46:49.699Z,27116,115000000,119400000
2026-09-15T21:46:49.699Z,92467,329200,365700
2026-09-15T21:46:49.699Z,15917,13470000,18000000
2026-09-15T21:46:49.699Z,83252,10000,197300
2026-09-15T21:46:49.699Z,48509,428100,274000000
2026-09-15T21:46:49.699Z,56133,70000,75670
2026-09-15T21:46:49.699Z,92464,304800,446500
2026-09-15T21:46:49.699Z,27184,152500000,165500000
2026-09-15T21:46:49.699Z,2466,290000,307900
2026-09-15T21:46:49.699Z,4103,46750000,108700000
2026-09-15T21:46:49.699Z,45611,32330000,35970000
2026-09-15T21:46:49.699Z,63868,127800,899800
2026-09-15T21:46:49.699Z,20190,600200000,1979000000
2026-09-15T21:46:49.699Z,60292,328900,399600
2026-09-15T21:46:49.699Z,15138,919100000,1397000000
2026-09-15T21:46:49.699Z,5757,179400,222300
2026-09-15T21:46:49.699Z,46935,0.01,1790000
2026-09-15T21:46:49.699Z,85456,38930000,58800000
2026-09-15T21:46:49.699Z,83359,321000,999100
2026-09-15T21:46:49.699Z,3178,542600,581500
2026-09-15T21:46:49.699Z,47924,321.1,406.3
2026-09-15T21:46:49.699Z,45612,28720000,33800000
2026-09-15T21:46:49.699Z,46944,0.02,900000
2026-09-15T21:46:49.699Z,14023,10000,39190
2026-09-15T21:46:49.699Z,9556,2077,9942
2026-09-15T21:46:49.699Z,37611,2736000,2896000
2026-09-15T21:46:49.699Z,41483,9185000,46790000
2026-09-15T21:46:49.699Z,2559,804000,999800
2026-09-15T21:46:49.699Z,81067,36550,39020
2026-09-15T21:46:49.699Z,7327,53510,121500
2026-09-15T21:46:49.699Z,93704,105000000,724600000
2026-09-15T21:46:49.699Z,30486,450000,472400
2026-09-15T21:46:49.699Z,15879,5863000,7900000
2026-09-15T21:46:49.699Z,90619,2650000,2995000
2026-09-15T21:46:49.699Z,63241,3682,899000
2026-09-15T21:46:49.699Z,37483,37660000,38980000
2026-09-15T21:46:49.699Z,54732,475000000,583300000
2026-09-15T21:46:49.699Z,83233,20000,240900
2026-09-15T21:46:49.699Z,85657,18600000,30940000
2026-09-15T21:46:49.699Z,52188,1501000,2499000
2026-09-15T21:46:49.699Z,90457,600,6000
2026-09-15T21:46:49.699Z,41200,219900000,241900000
2026-09-15T21:46:49.699Z,24521,1288,1403
2026-09-15T21:46:49.699Z,4383,2580000,2694000
2026-09-15T21:46:49.699Z,11301,68500,168800
2026-09-15T21:46:49.699Z,9457,50000,72480
2026-09-15T21:46:49.699Z,1254,1000,12430
2026-09-15T21:46:49.699Z,53899,190900000,279200000
2026-09-15T21:46:49.699Z,9497,500400,553400
2026-09-15T21:46:49.699Z,81016,7850000,12400000
2026-09-15T21:46:49.699Z,50133,10.01,599700
2026-09-15T21:46:49.699Z,85661,15190000,39860000
2026-09-15T21:46:49.699Z,85145,92000,599700
2026-09-15T21:46:49.699Z,41275,5173,8943
2026-09-15T21:46:49.699Z,20702,1312000,49800000
2026-09-15T21:46:49.699Z,45616,30860000,33670000
2026-09-15T21:46:49.699Z,57475,94490000,99700000
2026-09-15T21:46:49.699Z,30259,22750,28590
2026-09-15T21:46:49.699Z,62387,30200,37920
2026-09-15T21:46:49.699Z,73456,81010000,199900000
2026-09-15T21:46:49.699Z,20201,492100,195800000
2026-09-15T21:46:49.699Z,27187,24530000,28000000
2026-09-15T21:46:49.699Z,28680,2053000,2195000
2026-09-15T21:46:49.699Z,43552,1662000,1894000
2026-09-15T21:46:49.699Z,56081,73370,254600
2026-09-15T21:46:49.699Z,46847,16870000,49890000
2026-09-15T21:46:49.699Z,91252,22190000,224500000
2026-09-15T21:46:49.699Z,60171,3300000000,4999000000
2026-09-15T21:46:49.699Z,28270,434600,434700
2026-09-15T21:46:49.699Z,17482,3071000,3273000
2026-09-15T21:46:49.699Z,83330,10000,149200
2026-09-15T21:46:49.699Z,16523,2266,3999
2026-09-15T21:46:49.699Z,60287,77800,247000
2026-09-15T21:46:49.699Z,27935,,38000000
2026-09-15T21:46:49.699Z,36481,14640,481800
2026-09-15T21:46:49.699Z,23041,916.6,998.4
2026-09-15T21:46:49.699Z,20454,10260000,38260000
2026-09-15T21:46:49.699Z,29043,50200,918300
2026-09-15T21:46:49.699Z,19337,37320000,46900000
2026-09-15T21:46:49.699Z,48115,81210000,87860000
2026-09-15T21:46:49.699Z,47730,5996000,6637000
2026-09-15T21:46:49.699Z,4200,19580000,85650000
2026-09-15T21:46:49.699Z,19551,135100000,148200000
2026-09-15T21:46:49.699Z,33934,2010000,17280000
2026-09-15T21:46:49.699Z,60461,600700,895900
2026-09-15T21:46:49.699Z,17478,35520000,40800000
2026-09-15T21:46:49.699Z,1958,5234,49660
2026-09-15T21:46:49.699Z,88632,1000,3874000
2026-09-15T21:46:49.699Z,5221,923.5,11800
2026-09-15T21:46:49.699Z,48380,28000000,124900000
2026-09-15T21:46:49.699Z,2321,14450,16590
2026-09-15T21:46:49.699Z,11395,500200,4999000
2026-09-15T21:46:49.699Z,29990,225500000,241000000
2026-09-15T21:46:49.699Z,2463,8001,8210
2026-09-15T21:46:49.699Z,2327,14570,15890
2026-09-15T21:46:49.699Z,19335,249800000,271500000
2026-09-15T21:46:49.699Z,3725,9845,11000
2026-09-15T21:46:49.699Z,31812,17020000,17220000
2026-09-15T21:46:49.699Z,84131,495300000,989900000
2026-09-15T21:46:49.699Z,17665,,7900000
2026-09-15T21:46:49.699Z,16477,249000,282800
2026-09-15T21:46:49.699Z,42782,401000,7499000
2026-09-15T21:46:49.699Z,54560,0.01,284400000
2026-09-15T21:46:49.699Z,32881,2500000,5253000
2026-09-15T21:46:49.699Z,80814,557900000,749900000
2026-09-15T21:46:49.699Z,28442,222000,251100
2026-09-15T21:46:49.699Z,42211,125800000,146400000
2026-09-15T21:46:49.699Z,62014,36840,519900
2026-09-15T21:46:49.699Z,2456,291300,311500
2026-09-15T21:46:49.699Z,15825,72190000,139000000
2026-09-15T21:46:49.699Z,32341,35010000,330000000
2026-09-15T21:46:49.699Z,85734,40000000,59810000
2026-09-15T21:46:49.699Z,25616,1016,1017
2026-09-15T21:46:49.699Z,41274,4302,10680
2026-09-15T21:46:49.699Z,56080,183400,287700
2026-09-15T21:46:49.699Z,31826,346200000,404800000
2026-09-15T21:46:49.699Z,24690,145900000,155900000
2026-09-15T21:46:49.699Z,19231,137900000,152600000
2026-09-15T21:46:49.699Z,60222,2100000,3799000
2026-09-15T21:46:49.699Z,13253,6055,86730
2026-09-15T21:46:49.699Z,32876,808400,945500
2026-09-15T21:46:49.699Z,52276,50000,38990000
2026-09-15T21:46:49.699Z,47803,889700,1300000
2026-09-15T21:46:49.699Z,15656,89520,93460
2026-09-15T21:46:49.699Z,31334,121.2,134000
2026-09-15T21:46:49.699Z,52284,901100,13990000
2026-09-15T21:46:49.699Z,62647,276900,19990000
2026-09-15T21:46:49.699Z,7747,136300,236000
2026-09-15T21:46:49.699Z,88672,6200000,10910000
2026-09-15T21:46:49.699Z,3090,5025000,5397000
2026-09-15T21:46:49.699Z,35794,11690,19760
2026-09-15T21:46:49.699Z,90418,235100000,399500000
2026-09-15T21:46:49.699Z,2398,360.4,399.5
2026-09-15T21:46:49.699Z,28754,178000000,182000000
2026-09-15T21:46:49.699Z,252,4670,33800
2026-09-15T21:46:49.699Z,32782,1.32,12.87
2026-09-15T21:46:49.699Z,33470,265000000,282700000
2026-09-15T21:46:49.699Z,12625,30.54,50.72
2026-09-15T21:46:49.699Z,17773,7013000,11000000
2026-09-15T21:46:49.699Z,21640,782800,844700
2026-09-15T21:46:49.699Z,49802,555500,14470000
2026-09-15T21:46:49.699Z,92387,2251000,3170000
2026-09-15T21:46:49.699Z,17270,1006000,2356000
2026-09-15T21:46:49.699Z,17674,1703,2446
2026-09-15T21:46:49.699Z,49773,11830000,13000000
2026-09-15T21:46:49.699Z,4022,110000000,899900000
2026-09-15T21:46:49.699Z,41298,2320,5997
2026-09-15T21:46:49.699Z,85752,545000,9898000
2026-09-15T21:46:49.699Z,74149,1002000,17300000
2026-09-15T21:46:49.699Z,83343,100300,2558000
2026-09-15T21:46:49.699Z,89615,1750000,2437000
2026-09-15T21:46:49.699Z,22961,364.5,451.9
2026-09-15T21:46:49.699Z,85979,20040000000,27610000000
2026-09-15T21:46:49.699Z,41492,73230000,79970000
2026-09-15T21:46:49.699Z,19942,10730,21350
2026-09-15T21:46:49.699Z,3907,163800,14450000
2026-09-15T21:46:49.699Z,3119,545200000,605000000
2026-09-15T21:46:49.699Z,23894,96820000,109700000
2026-09-15T21:46:49.699Z,37805,21200000,24240000
2026-09-15T21:46:49.699Z,84340,19510000,24980000
2026-09-15T21:46:49.699Z,37290,35170000,83240000
2026-09-15T21:46:49.699Z,62577,9902,12410
2026-09-15T21:46:49.699Z,17653,,2089000
2026-09-15T21:46:49.699Z,3140,559500000,616500000
2026-09-15T21:46:49.699Z,47914,19040000,20800000
2026-09-15T21:46:49.699Z,3475,543600000,619800000
2026-09-15T21:46:49.699Z,59223,158100000,2790000000
2026-09-15T21:46:49.699Z,36784,16000000,1831000000
2026-09-15T21:46:49.699Z,83387,40010,1269000
2026-09-15T21:46:49.699Z,29045,623800,2085000
2026-09-15T21:46:49.699Z,13003,1242000,1335000
2026-09-15T21:46:49.699Z,21009,11980000,13250000
2026-09-15T21:46:49.699Z,34201,363300,363400
2026-09-15T21:46:49.699Z,78790,100000,798000
2026-09-15T21:46:49.699Z,88125,100700000,127600000
2026-09-15T21:46:49.699Z,34414,12010000,12600000
2026-09-15T21:46:49.699Z,85668,269300000,333900000
2026-09-15T21:46:49.699Z,83471,2535000,2858000
2026-09-15T21:46:49.699Z,60951,40970000,99000000
2026-09-15T21:46:49.699Z,54308,2110000,31970000
2026-09-15T21:46:49.699Z,62013,1121,799900
2026-09-15T21:46:49.699Z,16046,841400,2980000
2026-09-15T21:46:49.699Z,92965,250500000,300200000
2026-09-15T21:46:49.699Z,79870,31890000,124800000
2026-09-15T21:46:49.699Z,22895,7552000,9800000
2026-09-15T21:46:49.699Z,3586,3107,22490
2026-09-15T21:46:49.699Z,17655,,5200000
2026-09-15T21:46:49.699Z,55984,2700000,143100000
2026-09-15T21:46:49.699Z,41295,4615,10940
2026-09-15T21:46:49.699Z,1822,47,53.95
2026-09-15T21:46:49.699Z,25713,21970,21990
2026-09-15T21:46:49.699Z,11496,7589,9000
2026-09-15T21:46:49.699Z,22446,263600000,284000000
2026-09-15T21:46:49.699Z,32344,16000000,17440000
2026-09-15T21:46:49.699Z,17661,4051,3800000
2026-09-15T21:46:49.699Z,589,265700,359000
2026-09-15T21:46:49.699Z,82392,780000,2875000
2026-09-15T21:46:49.699Z,52280,506200,3900000
2026-09-15T21:46:49.699Z,22901,500000,2982000
2026-09-15T21:46:49.699Z,21079,600.2,600.3
2026-09-15T21:46:49.699Z,42766,122800,3600000
2026-09-15T21:46:49.699Z,11198,16880000,17490000
2026-09-15T21:46:49.699Z,41155,11710,14670
2026-09-15T21:46:49.699Z,22911,,8354000
2026-09-15T21:46:49.699Z,49792,21410000,35030000
2026-09-15T21:46:49.699Z,37882,,238900
2026-09-15T21:46:49.699Z,41491,652300,48850000
2026-09-15T21:46:49.699Z,40659,37230000,42680000
2026-09-15T21:46:49.699Z,8517,4539000,5186000
2026-09-15T21:46:49.699Z,31404,11140000,45940000
2026-09-15T21:46:49.699Z,3205,4033000,4800000
2026-09-15T21:46:49.699Z,58900,50000,1569000
2026-09-15T21:46:49.699Z,17691,1000000,13600000
2026-09-15T21:46:49.699Z,49740,10860000,11470000
2026-09-15T21:46:49.699Z,380,181600,229400
2026-09-15T21:46:49.699Z,16655,3206,4122
2026-09-15T21:46:49.699Z,90609,8030000,10160000
2026-09-15T21:46:49.699Z,20425,7121,12000
2026-09-15T21:46:49.699Z,17470,11.41,11.42
2026-09-15T21:46:49.699Z,45626,32490000,36180000
2026-09-15T21:46:49.699Z,73839,500000,4789000
2026-09-15T21:46:49.699Z,7291,,21200
2026-09-15T21:46:49.699Z,93713,10140,36000000
2026-09-15T21:46:49.699Z,96327,11030000,25000000
2026-09-15T21:46:49.699Z,73373,100000,1000000
2026-09-15T21:46:49.699Z,11588,,833900
2026-09-15T21:46:49.699Z,9834,78200,81600
2026-09-15T21:46:49.699Z,56748,89710,114300
2026-09-15T21:46:49.699Z,17681,1000000,37900000
2026-09-15T21:46:49.699Z,56069,8456000,9831000
2026-09-15T21:46:49.699Z,92381,800100,1344000
2026-09-15T21:46:49.699Z,78369,480800000,505700000
2026-09-15T21:46:49.699Z,84402,600,600.1
2026-09-15T21:46:49.699Z,55860,126500,2569000
2026-09-15T21:46:49.699Z,44269,1080,2234
2026-09-15T21:46:49.699Z,48114,36340000,38280000
2026-09-15T21:46:49.699Z,91233,198500000,350000000
2026-09-15T21:46:49.699Z,42721,55350,1600000
2026-09-15T21:46:49.699Z,57464,1205000,1379000
2026-09-15T21:46:49.699Z,55636,1481000,11540000
2026-09-15T21:46:49.699Z,77400,55800000,171800000
2026-09-15T21:46:49.699Z,56974,113.2,29990
2026-09-15T21:46:49.699Z,42784,1600000,4500000
2026-09-15T21:46:49.699Z,17685,1000000,21900000
2026-09-15T21:46:49.699Z,2400,432,452
2026-09-15T21:46:49.699Z,19289,60940000,68000000
2026-09-15T21:46:49.699Z,19264,61690000,68950000
2026-09-15T21:46:49.699Z,17219,503.4,5948
2026-09-15T21:46:49.699Z,8531,23110,23120
2026-09-15T21:46:49.699Z,87833,60000,460200
2026-09-15T21:46:49.699Z,20415,91020,94700
2026-09-15T21:46:49.699Z,91019,15880,125000
2026-09-15T21:46:49.699Z,57478,44870,46790
2026-09-15T21:46:49.699Z,482,652700,774000
2026-09-15T21:46:49.699Z,19944,15070,99000
2026-09-15T21:46:49.699Z,83269,1010,176300
2026-09-15T21:46:49.699Z,22979,150.2,548
2026-09-15T21:46:49.699Z,90604,40020,18040000
2026-09-15T21:46:49.699Z,21953,29980000,103600000
2026-09-15T21:46:49.699Z,17687,1000000,43870000
2026-09-15T21:46:49.699Z,59630,36820000,67980000
2026-09-15T21:46:49.699Z,47729,60010,196200
2026-09-15T21:46:49.699Z,60029,,2224000000
2026-09-15T21:46:49.699Z,60463,2111000,2485000
2026-09-15T21:46:49.699Z,60466,782500,1000000
2026-09-15T21:46:49.699Z,60462,262200,457600
2026-09-15T21:46:49.699Z,60472,7151000,8394000
2026-09-15T21:46:49.699Z,60469,501500,800000
2026-09-15T21:46:49.699Z,48430,4002000,13500000
2026-09-15T21:46:49.699Z,5443,44300,68700
2026-09-15T21:46:49.699Z,45024,31000000,344700000
2026-09-15T21:46:49.699Z,46021,30080000,1899000000
2026-09-15T21:46:49.699Z,15590,20110,20120
2026-09-15T21:46:49.699Z,20617,151300,450000
2026-09-15T21:46:49.699Z,83306,10000,209900
2026-09-15T21:46:49.699Z,3274,142700,7405000
2026-09-15T21:46:49.699Z,88710,1665000000,2049000000
2026-09-15T21:46:49.699Z,31654,281500000,340600000
2026-09-15T21:46:49.699Z,42749,33000,1000000
2026-09-15T21:46:49.699Z,27167,13220000,21520000
2026-09-15T21:46:49.699Z,85774,140000,299900
2026-09-15T21:46:49.699Z,30373,6891,7724
2026-09-15T21:46:49.699Z,19017,72200000,75970000
2026-09-15T21:46:49.699Z,31207,827000,1085000
2026-09-15T21:46:49.699Z,47751,17850000,20550000
2026-09-15T21:46:49.699Z,35683,65040000,69660000
2026-09-15T21:46:49.699Z,991,63730,6690000
2026-09-15T21:46:49.699Z,19029,39530000,42890000
2026-09-15T21:46:49.699Z,2024,705100,770000
2026-09-15T21:46:49.699Z,47743,15500000,17960000
2026-09-15T21:46:49.699Z,82457,120000,1538000
2026-09-15T21:46:49.699Z,34272,1757000,2155000
2026-09-15T21:46:49.699Z,25970,,1184000
2026-09-15T21:46:49.699Z,48721,11000000,64920000
2026-09-15T21:46:49.699Z,19175,85720000,98840000
2026-09-15T21:46:49.699Z,31232,100000,294300
2026-09-15T21:46:49.699Z,62531,40.05,179
2026-09-15T21:46:49.699Z,59370,110000,380000
2026-09-15T21:46:49.699Z,53857,107900000,185000000
2026-09-15T21:46:49.699Z,85543,13270000,23240000
2026-09-15T21:46:49.699Z,8817,3003,11930
2026-09-15T21:46:49.699Z,83243,10000,139700
2026-09-15T21:46:49.699Z,19141,27490000,29700000
2026-09-15T21:46:49.699Z,85118,140000,453900
2026-09-15T21:46:49.699Z,15965,76730000,85000000
2026-09-15T21:46:49.699Z,47819,5141000,8138000
2026-09-15T21:46:49.699Z,27477,2100,2292
2026-09-15T21:46:49.699Z,3386,275,14000
2026-09-15T21:46:49.699Z,57111,47240000,98240000
2026-09-15T21:46:49.699Z,89607,1850000000,1978000000
2026-09-15T21:46:49.699Z,93361,20000,20010
2026-09-15T21:46:49.699Z,91388,720000,2110000
2026-09-15T21:46:49.699Z,61207,687600,2039000
2026-09-15T21:46:49.699Z,30018,5065,5223
2026-09-15T21:46:49.699Z,28665,901300000,949700000
2026-09-15T21:46:49.699Z,22430,708900000,741500000
2026-09-15T21:46:49.699Z,19994,10.2,30
2026-09-15T21:46:49.699Z,89702,80000,672800
2026-09-15T21:46:49.699Z,4046,506700000,2900000000
2026-09-15T21:46:49.699Z,15630,71720,90400
2026-09-15T21:46:49.699Z,81066,7209,8297
2026-09-15T21:46:49.699Z,84171,250000,250100
2026-09-15T21:46:49.699Z,91099,277200000,975000000
2026-09-15T21:46:49.699Z,28444,189500,192000
2026-09-15T21:46:49.699Z,655,2210000,2368000
2026-09-15T21:46:49.699Z,60097,750000000,1024000000
2026-09-15T21:46:49.699Z,23953,960000000,1115000000
2026-09-15T21:46:49.699Z,8089,13510,13520
2026-09-15T21:46:49.699Z,85509,,22950000
2026-09-15T21:46:49.699Z,42699,170800,1500000
2026-09-15T21:46:49.699Z,15648,101000,277900
2026-09-15T21:46:49.699Z,14756,,450000000
2026-09-15T21:46:49.699Z,17499,37190000,43670000
2026-09-15T21:46:49.699Z,45950,189000,8740000
2026-09-15T21:46:49.699Z,30370,4425,4602
2026-09-15T21:46:49.699Z,2993,377900,498600
2026-09-15T21:46:49.699Z,56701,4003000,9000000
2026-09-15T21:46:49.699Z,27245,112200000,120900000
2026-09-15T21:46:49.699Z,21571,640600,999900
2026-09-15T21:46:49.699Z,3618,107800000,135300000
2026-09-15T21:46:49.699Z,19241,101000,700000
2026-09-15T21:46:49.699Z,17218,3667,7997
2026-09-15T21:46:49.699Z,91976,9776000,20260000
2026-09-15T21:46:49.699Z,47147,5062000,7000000
2026-09-15T21:46:49.699Z,89608,31330,783000
2026-09-15T21:46:49.699Z,93238,900000,17600000
2026-09-15T21:46:49.699Z,78910,3485000,11430000
2026-09-15T21:46:49.699Z,40520,699900000,744200000
2026-09-15T21:46:49.699Z,85929,108400000,253900000
2026-09-15T21:46:49.699Z,4250,2484000,2730000
2026-09-15T21:46:49.699Z,15634,7439,51450
2026-09-15T21:46:49.699Z,33393,338900000,410000000
2026-09-15T21:46:49.699Z,25613,380000,380100
2026-09-15T21:46:49.699Z,30022,37960,37980
2026-09-15T21:46:49.699Z,185,21.65,27
2026-09-15T21:46:49.699Z,47830,26000000,30210000
2026-09-15T21:46:49.699Z,30476,2504000,2955000
2026-09-15T21:46:49.699Z,22436,726700000,767800000
2026-09-15T21:46:49.699Z,12818,112600,139300
2026-09-15T21:46:49.699Z,21017,13010000,17670000
2026-09-15T21:46:49.699Z,33295,22170000,338900000
2026-09-15T21:46:49.699Z,31376,3064000,3529000
2026-09-15T21:46:49.699Z,52636,150900000,600000000
2026-09-15T21:46:49.699Z,33076,10870,18100
2026-09-15T21:46:49.699Z,6859,50000,99600
2026-09-15T21:46:49.699Z,23793,21320000,35760000
2026-09-15T21:46:49.699Z,24525,1303,1472
2026-09-15T21:46:49.699Z,26310,49100000,57260000
2026-09-15T21:46:49.699Z,31414,21050000,23570000
2026-09-15T21:46:49.699Z,1553,179200,542300
2026-09-15T21:46:49.699Z,31222,300000,2182000
2026-09-15T21:46:49.699Z,18873,74070000,84040000
2026-09-15T21:46:49.699Z,91960,9988000,18340000
2026-09-15T21:46:49.699Z,26004,102000,6465000
2026-09-15T21:46:49.699Z,3363,5009,41000
2026-09-15T21:46:49.699Z,57344,77680000,219100000
2026-09-15T21:46:49.699Z,47499,2100000,22990000
2026-09-15T21:46:49.699Z,28795,577700000,781000000
2026-09-15T21:46:49.699Z,50003,90190000,895000000
2026-09-15T21:46:49.699Z,24529,1286,1393
2026-09-15T21:46:49.699Z,47900,32080,43760
2026-09-15T21:46:49.699Z,56973,1,169900
2026-09-15T21:46:49.699Z,3939,25550,650000
2026-09-15T21:46:49.699Z,57444,85210000,90110000
2026-09-15T21:46:49.699Z,20032,1801000,2359000
2026-09-15T21:46:49.699Z,7169,304200,538900
2026-09-15T21:46:49.699Z,1826,196,216.6
2026-09-15T21:46:49.699Z,267,210,226
2026-09-15T21:46:49.699Z,203,150.2,175.9
2026-09-15T21:46:49.699Z,1830,146.2,173.9
2026-09-15T21:46:49.699Z,233,30,30.01
2026-09-15T21:46:49.699Z,5973,302300,321800
2026-09-15T21:46:49.699Z,21362,2.53,1992
2026-09-15T21:46:49.699Z,3173,2860000,6296000
2026-09-15T21:46:49.699Z,21081,3302,109000
2026-09-15T21:46:49.699Z,12223,1560000,67650000
2026-09-15T21:46:49.699Z,27260,24610000,27420000
2026-09-15T21:46:49.699Z,27188,23740000,27920000
2026-09-15T21:46:49.699Z,24535,503.2,588.2
2026-09-15T21:46:49.699Z,58861,50000,3351000
2026-09-15T21:46:49.699Z,9668,479700,482500
2026-09-15T21:46:49.699Z,37610,2820000,2972000
2026-09-15T21:46:49.699Z,47133,14040000,29780000
2026-09-15T21:46:49.699Z,8105,546600,593300
2026-09-15T21:46:49.699Z,7167,515900,526900
2026-09-15T21:46:49.699Z,21037,7304000,8168000
2026-09-15T21:46:49.699Z,16048,54240000,88820000
2026-09-15T21:46:49.699Z,46930,30010,1000000
2026-09-15T21:46:49.699Z,34704,111100,1998000
2026-09-15T21:46:49.699Z,57476,60000000,99790000
2026-09-15T21:46:49.699Z,91133,680000,1371000
2026-09-15T21:46:49.699Z,10884,139800,156200
2026-09-15T21:46:49.699Z,11317,310900,341300
2026-09-15T21:46:49.699Z,17841,7600000,8142000
2026-09-15T21:46:49.699Z,17203,132400,870200
2026-09-15T21:46:49.699Z,76166,0.11,34000000
2026-09-15T21:46:49.699Z,25336,166200,345200
2026-09-15T21:46:49.699Z,26002,10050,7739000
2026-09-15T21:46:49.699Z,3175,247400000,508300000
2026-09-15T21:46:49.699Z,89695,1204000,5884000
2026-09-15T21:46:49.699Z,60675,81000,5998000
2026-09-15T21:46:49.699Z,31698,0.02,1411000
2026-09-15T21:46:49.699Z,42708,28000,2196000
2026-09-15T21:46:49.699Z,28802,103400000,124100000
2026-09-15T21:46:49.699Z,47932,600.4,878.8
2026-09-15T21:46:49.699Z,47274,39700000,42880000
2026-09-15T21:46:49.699Z,18688,137500000,144000000
2026-09-15T21:46:49.699Z,31051,4760000,4988000
2026-09-15T21:46:49.699Z,43759,34820000,50000000
2026-09-15T21:46:49.699Z,33892,,2979000
2026-09-15T21:46:49.699Z,31822,,4800000
2026-09-15T21:46:49.699Z,2331,1213,22210
2026-09-15T21:46:49.699Z,19119,49110000,58940000
2026-09-15T21:46:49.699Z,15864,7150000,10990000
2026-09-15T21:46:49.699Z,21041,9829000,10900000
2026-09-15T21:46:49.699Z,10858,780600,876300
2026-09-15T21:46:49.699Z,31922,1501000,1936000
2026-09-15T21:46:49.699Z,8529,46060,55030
2026-09-15T21:46:49.699Z,91154,430000000,925000000
2026-09-15T21:46:49.699Z,54294,3500,12740
2026-09-15T21:46:49.699Z,19281,47000000,54290000
2026-09-15T21:46:49.699Z,2281,1700000,1827000
2026-09-15T21:46:49.699Z,14039,62360,149400
2026-09-15T21:46:49.699Z,15921,4358000,6060000
2026-09-15T21:46:49.699Z,1855,671700,919100
2026-09-15T21:46:49.699Z,4294,93220000,106600000
2026-09-15T21:46:49.699Z,1987,564700,773600
2026-09-15T21:46:49.699Z,1549,1502,283700
2026-09-15T21:46:49.699Z,41054,733400,748300
2026-09-15T21:46:49.699Z,41056,725400,788500
2026-09-15T21:46:49.699Z,41057,3516000,3858000
2026-09-15T21:46:49.699Z,14122,18220000,20000000
2026-09-15T21:46:49.699Z,231,21.01,24.01
2026-09-15T21:46:49.699Z,19361,,12970000
2026-09-15T21:46:49.699Z,42202,30390000,38000000
2026-09-15T21:46:49.699Z,33178,70540,91360
2026-09-15T21:46:49.699Z,62622,7253000,8193000
2026-09-15T21:46:49.699Z,62517,11.38,12.9
2026-09-15T21:46:49.699Z,33922,77300000,89310000
2026-09-15T21:46:49.699Z,52877,534400,19000000
2026-09-15T21:46:49.699Z,21592,16.04,16.05
2026-09-15T21:46:49.699Z,60240,91130,2099000
2026-09-15T21:46:49.699Z,79838,310000000,900000000
2026-09-15T21:46:49.699Z,57052,2000000,3000000
2026-09-15T21:46:49.699Z,34203,676800,678400
2026-09-15T21:46:49.699Z,46366,463500,736300
2026-09-15T21:46:49.699Z,622,11780000,12500000
2026-09-15T21:46:49.699Z,25610,2500000,2572000
2026-09-15T21:46:49.699Z,4138,120000,6130000
2026-09-15T21:46:49.699Z,91288,1600000,373600000
2026-09-15T21:46:49.699Z,21076,23980,149700
2026-09-15T21:46:49.699Z,52275,200000,200100
2026-09-15T21:46:49.699Z,87464,460000000,948900000
2026-09-15T21:46:49.699Z,13833,1039000,1900000
2026-09-15T21:46:49.699Z,26026,6222000,7121000
2026-09-15T21:46:49.699Z,31948,8775000,34400000
2026-09-15T21:46:49.699Z,53710,242400000,259700000
2026-09-15T21:46:49.699Z,24550,389800000,648200000
2026-09-15T21:46:49.699Z,6173,1090,19900
2026-09-15T21:46:49.699Z,54748,191000000,205100000
2026-09-15T21:46:49.699Z,21594,9.23,9.24
2026-09-15T21:46:49.699Z,2516,4.57,13.4
2026-09-15T21:46:49.699Z,4248,5681000,7680000
2026-09-15T21:46:49.699Z,5439,1133,13390
2026-09-15T21:46:49.699Z,895,26140,1390000
2026-09-15T21:46:49.699Z,47286,1787000000,2400000000
2026-09-15T21:46:49.699Z,11691,17290,17990
2026-09-15T21:46:49.699Z,17912,4875000,5275000
2026-09-15T21:46:49.699Z,89513,555500000,1099000000
2026-09-15T21:46:49.699Z,85140,160100,2697000
2026-09-15T21:46:49.699Z,42527,299300,509700
2026-09-15T21:46:49.699Z,54774,24040,49810
2026-09-15T21:46:49.699Z,57319,28120000,31300000
2026-09-15T21:46:49.699Z,33739,13300000,49500000
2026-09-15T21:46:49.699Z,20160,354300000,386900000
2026-09-15T21:46:49.699Z,16656,2026,2828
2026-09-15T21:46:49.699Z,61205,120600,620700
2026-09-15T21:46:49.699Z,91949,1786000,2877000
2026-09-15T21:46:49.699Z,14136,21410000,23650000
2026-09-15T21:46:49.699Z,31171,2814000,2937000
2026-09-15T21:46:49.699Z,3085,100000,4225000
2026-09-15T21:46:49.699Z,41208,9641000000,11500000000
2026-09-15T21:46:49.699Z,27678,23960000,93060000
2026-09-15T21:46:49.699Z,89661,101000000,259900000
2026-09-15T21:46:49.699Z,29062,0.01,15000000
2026-09-15T21:46:49.699Z,23055,4175000,5733000
2026-09-15T21:46:49.699Z,41463,51200000,57950000
2026-09-15T21:46:49.699Z,20823,100000,470000
2026-09-15T21:46:49.699Z,2180,5327,9998
2026-09-15T21:46:49.699Z,6441,4900,5200
2026-09-15T21:46:49.699Z,28197,1423000,1995000
2026-09-15T21:46:49.699Z,45753,20000,220100
2026-09-15T21:46:49.699Z,26000,1000,5171000
2026-09-15T21:46:49.699Z,29064,0.01,15000000
2026-09-15T21:46:49.699Z,86679,620000,794200
2026-09-15T21:46:49.699Z,10838,40000,126300
2026-09-15T21:46:49.699Z,42767,55100,2300000
2026-09-15T21:46:49.699Z,90638,1600000,7999000
2026-09-15T21:46:49.699Z,15994,25000,34220
2026-09-15T21:46:49.699Z,30374,9031,9232
2026-09-15T21:46:49.699Z,14065,11670000,12440000
2026-09-15T21:46:49.699Z,82373,40000,93570000
2026-09-15T21:46:49.699Z,3534,526600000,584900000
2026-09-15T21:46:49.699Z,29066,,15000000
2026-09-15T21:46:49.699Z,3568,377800,464300
2026-09-15T21:46:49.699Z,21084,11070,11080
2026-09-15T21:46:49.699Z,88134,275100,887000
2026-09-15T21:46:49.699Z,499,1510,18860
2026-09-15T21:46:49.699Z,92541,1219000000,1410000000
2026-09-15T21:46:49.699Z,95294,86580000,149900000
2026-09-15T21:46:49.699Z,18939,172000000,184100000
2026-09-15T21:46:49.699Z,41363,35010000,380000000
2026-09-15T21:46:49.699Z,62524,24,29
2026-09-15T21:46:49.699Z,31898,591300,1569000
2026-09-15T21:46:49.699Z,58884,25400,899000
2026-09-15T21:46:49.699Z,29068,0.01,15000000
2026-09-15T21:46:49.699Z,60289,581800,709800
2026-09-15T21:46:49.699Z,57449,377700000,391700000
2026-09-15T21:46:49.699Z,24509,400,437.8
2026-09-15T21:46:49.699Z,88670,60010,15980000
2026-09-15T21:46:49.699Z,34393,109000,887900
2026-09-15T21:46:49.699Z,19173,147400000,170000000
2026-09-15T21:46:49.699Z,41266,5849,9596
2026-09-15T21:46:49.699Z,53494,65000,499900
2026-09-15T21:46:49.699Z,95654,113200000,220100000
2026-09-15T21:46:49.699Z,29070,1.05,15000000
2026-09-15T21:46:49.699Z,40662,102600000,114900000
2026-09-15T21:46:49.699Z,3100,370700000,580500000
2026-09-15T21:46:49.699Z,45566,0.01,179300000
2026-09-15T21:46:49.699Z,15766,31880000,34150000
2026-09-15T21:46:49.699Z,26102,1002000,7373000
2026-09-15T21:46:49.699Z,23153,85010,220900
2026-09-15T21:46:49.699Z,14246,36320000,39300000
2026-09-15T21:46:49.699Z,9942,7401000,8298000
2026-09-15T21:46:49.699Z,62012,100500,4976000
2026-09-15T21:46:49.699Z,23058,27040000,233300000
2026-09-15T21:46:49.699Z,93998,25040000,49500000
2026-09-15T21:46:49.699Z,18690,126700000,178900000
2026-09-15T21:46:49.699Z,27238,21290000,24430000
2026-09-15T21:46:49.699Z,56922,25410000,394900000
2026-09-15T21:46:49.699Z,29072,0.01,15000000
2026-09-15T21:46:49.699Z,79725,366500,3569000
2026-09-15T21:46:49.699Z,57456,2973,3174
2026-09-15T21:46:49.699Z,54359,210200000,539100000
2026-09-15T21:46:49.699Z,92577,61000,158900
2026-09-15T21:46:49.699Z,34110,1008000000,3190000000
2026-09-15T21:46:49.699Z,45560,0.01,250000000
2026-09-15T21:46:49.699Z,200,60.01,171.3
2026-09-15T21:46:49.699Z,23062,25010000,280000000
2026-09-15T21:46:49.699Z,29074,1.05,15000000
2026-09-15T21:46:49.699Z,26260,35.03,3399
2026-09-15T21:46:49.699Z,56930,1019000,212700000
2026-09-15T21:46:49.699Z,29076,,15000000
2026-09-15T21:46:49.699Z,10155,4252000,4780000
2026-09-15T21:46:49.699Z,23562,1077000,14600000
2026-09-15T21:46:49.699Z,3235,442000000,702200000
2026-09-15T21:46:49.699Z,41385,30010000,280000000
2026-09-15T21:46:49.699Z,29078,,15000000
2026-09-15T21:46:49.699Z,25890,3736000,5856000
2026-09-15T21:46:49.699Z,56924,3334000,347900000
2026-09-15T21:46:49.699Z,16056,47500000,105800000
2026-09-15T21:46:49.699Z,19325,33160000,35960000
2026-09-15T21:46:49.699Z,60665,25880,489700
2026-09-15T21:46:49.699Z,60168,157100000,300000000
2026-09-15T21:46:49.699Z,58888,100000,4988000
2026-09-15T21:46:49.699Z,34424,1000,1250000
2026-09-15T21:46:49.699Z,73877,708100,17000000
2026-09-15T21:46:49.699Z,56901,0.02,350000000
2026-09-15T21:46:49.699Z,29080,,15000000
2026-09-15T21:46:49.699Z,57488,717200000,742800000
2026-09-15T21:46:49.699Z,27066,208400000,484400000
2026-09-15T21:46:49.699Z,54773,34330,42260
2026-09-15T21:46:49.699Z,14726,45160000,175000000
2026-09-15T21:46:49.699Z,21352,30.33,72.59
2026-09-15T21:46:49.699Z,21354,1.37,30.5
2026-09-15T21:46:49.699Z,30586,3747000,3749000
2026-09-15T21:46:49.699Z,26058,3055000,5250000
2026-09-15T21:46:49.699Z,30632,4765000,4767000
2026-09-15T21:46:49.699Z,29082,0.01,15000000
2026-09-15T21:46:49.699Z,27540,2289000000,5850000000
2026-09-15T21:46:49.699Z,27192,181600000,200000000
2026-09-15T21:46:49.699Z,62636,134300000,147200000
2026-09-15T21:46:49.699Z,31093,33690000,398000000
2026-09-15T21:46:49.699Z,23785,50250000,86000000
2026-09-15T21:46:49.699Z,82458,20000,1846000
2026-09-15T21:46:49.699Z,19171,74800000,91000000
2026-09-15T21:46:49.699Z,23056,26010000,280400000
2026-09-15T21:46:49.699Z,56910,0.01,394900000
2026-09-15T21:46:49.699Z,42875,2000000,11800000
2026-09-15T21:46:49.699Z,79728,103900,11380000
2026-09-15T21:46:49.699Z,29084,0.01,15000000
2026-09-15T21:46:49.699Z,41361,35010000,380000000
2026-09-15T21:46:49.699Z,3130,1161000,1298000
2026-09-15T21:46:49.699Z,55575,0.01,64800
2026-09-15T21:46:49.699Z,3096,3530000,5922000
2026-09-15T21:46:49.699Z,23171,33100,39550
2026-09-15T21:46:49.699Z,55359,207000,207100
2026-09-15T21:46:49.699Z,29086,0.01,15000000
2026-09-15T21:46:49.699Z,7783,350200,400000
2026-09-15T21:46:49.699Z,32343,35010000,380000000
2026-09-15T21:46:49.699Z,84349,200000,1298000
2026-09-15T21:46:49.699Z,9836,9307,9949
2026-09-15T21:46:49.699Z,33965,5108000,7998000
2026-09-15T21:46:49.699Z,22131,925200,4949000
2026-09-15T21:46:49.699Z,85783,20000,249000
2026-09-15T21:46:49.699Z,33973,170600000,176400000
2026-09-15T21:46:49.699Z,31211,32030,23900000
2026-09-15T21:46:49.699Z,88525,40000,297900
2026-09-15T21:46:49.699Z,955,2005000,3513000
2026-09-15T21:46:49.699Z,45967,1118000,5491000
2026-09-15T21:46:49.699Z,3239,566600000,641600000
2026-09-15T21:46:49.699Z,78819,60340000,398000000
2026-09-15T21:46:49.699Z,25593,6044,6045
2026-09-15T21:46:49.699Z,17452,154.1,180
2026-09-15T21:46:49.699Z,29088,1.05,15000000
2026-09-15T21:46:49.699Z,19019,96070000,118900000
2026-09-15T21:46:49.699Z,34111,990300,9970000
2026-09-15T21:46:49.699Z,45619,32120000,35150000
2026-09-15T21:46:49.699Z,14088,77150,120000
2026-09-15T21:46:49.699Z,83251,1000,436900
2026-09-15T21:46:49.699Z,83238,100000,1000000
2026-09-15T21:46:49.699Z,45579,6083000,184900000
2026-09-15T21:46:49.699Z,46844,300100,8000000
2026-09-15T21:46:49.699Z,34709,123600,117700000
2026-09-15T21:46:49.699Z,5177,602.6,1996
2026-09-15T21:46:49.699Z,40555,8251000,11820000
2026-09-15T21:46:49.699Z,29092,0.01,15000000
2026-09-15T21:46:49.699Z,84425,85150,245800
2026-09-15T21:46:49.699Z,45766,150100,1798000
2026-09-15T21:46:49.699Z,19696,110300000,123700000
2026-09-15T21:46:49.699Z,27381,717.5,766.1
2026-09-15T21:46:49.699Z,3466,29060,56810
2026-09-15T21:46:49.699Z,33020,20000,21980000
2026-09-15T21:46:49.699Z,41312,1422,28720
2026-09-15T21:46:49.699Z,48755,11000000,198200000
2026-09-15T21:46:49.699Z,54310,20000000,83700000
2026-09-15T21:46:49.699Z,91285,33500000,47800000
2026-09-15T21:46:49.699Z,29094,1.05,15000000
2026-09-15T21:46:49.699Z,60750,20000,22590
2026-09-15T21:46:49.699Z,2897,1217000,1351000
2026-09-15T21:46:49.699Z,33867,12280000,36410000
2026-09-15T21:46:49.699Z,56917,251100,328800000
2026-09-15T21:46:49.699Z,41565,49850000,71040000
2026-09-15T21:46:49.699Z,77418,5001,5002
2026-09-15T21:46:49.699Z,77421,5001,5003
2026-09-15T21:46:49.699Z,77419,5001,5002
2026-09-15T21:46:49.699Z,31312,326700,1592000
2026-09-15T21:46:49.699Z,16373,283000,329700
2026-09-15T21:46:49.699Z,40556,11480000,12400000
2026-09-15T21:46:49.699Z,29096,0.01,15000000
2026-09-15T21:46:49.699Z,7171,552000,585800
2026-09-15T21:46:49.699Z,4258,952100,1109000
2026-09-15T21:46:49.699Z,62586,20590,24850
2026-09-15T21:46:49.699Z,178,3.5,6.25
2026-09-15T21:46:49.699Z,31640,9694000,14910000
2026-09-15T21:46:49.699Z,23159,41.21,41.22
2026-09-15T21:46:49.699Z,17718,210600000,224500000
2026-09-15T21:46:49.699Z,2328,6774,7493
2026-09-15T21:46:49.699Z,6715,10020,50000
2026-09-15T21:46:49.699Z,29098,1501000,15000000
2026-09-15T21:46:49.699Z,19223,55500000,62670000
2026-09-15T21:46:49.699Z,85495,,192000000
2026-09-15T21:46:49.699Z,26046,200100,1435000
2026-09-15T21:46:49.699Z,23799,,33980000
2026-09-15T21:46:49.699Z,85498,2341000,9000000
2026-09-15T21:46:49.699Z,21196,1102,8999
2026-09-15T21:46:49.699Z,23725,0.01,18450
2026-09-15T21:46:49.699Z,3124,339000000,485800000
2026-09-15T21:46:49.699Z,77420,5001,5003
2026-09-15T21:46:49.699Z,83214,20000,20010
2026-09-15T21:46:49.699Z,84167,250000,250100
2026-09-15T21:46:49.699Z,20985,6004,8500
2026-09-15T21:46:49.699Z,88663,20000,4997000
2026-09-15T21:46:49.699Z,34828,62370000,66700000
2026-09-15T21:46:49.699Z,29102,0.01,15000000
2026-09-15T21:46:49.699Z,13832,15120000,18390000
2026-09-15T21:46:49.699Z,11482,531,618.8
2026-09-15T21:46:49.699Z,11483,500,574.9
2026-09-15T21:46:49.699Z,28278,267500,323000
2026-09-15T21:46:49.699Z,11486,326.3,500
2026-09-15T21:46:49.699Z,8819,3000,9900
2026-09-15T21:46:49.699Z,3198,496700000,621400000
2026-09-15T21:46:49.699Z,26042,250000,1302000
2026-09-15T21:46:49.699Z,29104,1.05,15000000
2026-09-15T21:46:49.699Z,7089,319000,319100
2026-09-15T21:46:49.699Z,25976,,2393000
2026-09-15T21:46:49.699Z,94009,1511000000,1845000000
2026-09-15T21:46:49.699Z,29336,35100000,36500000
2026-09-15T21:46:49.699Z,91964,1510000,2794000
2026-09-15T21:46:49.699Z,19209,40200,195000
2026-09-15T21:46:49.699Z,83201,1000,1001
2026-09-15T21:46:49.699Z,49742,7501,643800
2026-09-15T21:46:49.699Z,12271,4051000,4408000
2026-09-15T21:46:49.699Z,29106,10030000,15000000
2026-09-15T21:46:49.699Z,2655,277.9,392.8
2026-09-15T21:46:49.699Z,23156,14050000,16220000
2026-09-15T21:46:49.699Z,79955,24070000,119800000
2026-09-15T21:46:49.699Z,13999,12850000,17470000
2026-09-15T21:46:49.699Z,14084,160000,497700
2026-09-15T21:46:49.699Z,47138,8690000,12040000
2026-09-15T21:46:49.699Z,46890,51000,1500000
2026-09-15T21:46:49.699Z,14762,3643000,195000000
2026-09-15T21:46:49.699Z,64377,6000000,7700000
2026-09-15T21:46:49.699Z,23139,886300,1660000
2026-09-15T21:46:49.699Z,29108,1.05,15000000
2026-09-15T21:46:49.699Z,75282,102.4,399.8
2026-09-15T21:46:49.699Z,10998,12910,21750
2026-09-15T21:46:49.699Z,29110,1.05,15000000
2026-09-15T21:46:49.699Z,15854,2695000,39000000
2026-09-15T21:46:49.699Z,28300,12430000,12510000
2026-09-15T21:46:49.699Z,14140,27410000,29270000
2026-09-15T21:46:49.699Z,26020,2512000,6655000
2026-09-15T21:46:49.699Z,19105,33010000,36000000
2026-09-15T21:46:49.699Z,34423,201,149900
2026-09-15T21:46:49.699Z,95299,35000000,74290000
2026-09-15T21:46:49.699Z,3177,50100000,93890000
2026-09-15T21:46:49.699Z,44182,11000,2262000
2026-09-15T21:46:49.699Z,31021,175000,288300
2026-09-15T21:46:49.699Z,11305,52000,114900
2026-09-15T21:46:49.699Z,76496,700000,4400000
2026-09-15T21:46:49.699Z,45755,215000,1556000
2026-09-15T21:46:49.699Z,78768,222400,749800
2026-09-15T21:46:49.699Z,19417,48040000,50000000
2026-09-15T21:46:49.699Z,45756,1365,768100
2026-09-15T21:46:49.699Z,45877,95350,4190000
2026-09-15T21:46:49.699Z,55515,10020,162100
2026-09-15T21:46:49.699Z,28334,601,665
2026-09-15T21:46:49.699Z,28700,81620,84360
2026-09-15T21:46:49.699Z,11237,53000,172200
2026-09-15T21:46:49.699Z,85753,3600000,11900000
2026-09-15T21:46:49.699Z,17200,51200,367000
2026-09-15T21:46:49.699Z,56279,,1383000000
2026-09-15T21:46:49.699Z,85969,,245800000
2026-09-15T21:46:49.699Z,2175,812300,1186000
2026-09-15T21:46:49.699Z,85531,35100000,132600000
2026-09-15T21:46:49.699Z,43732,275700000,395000000
2026-09-15T21:46:49.699Z,21496,22730000,80000000
2026-09-15T21:46:49.699Z,56639,3600,48030
2026-09-15T21:46:49.699Z,33526,233900000,268700000
2026-09-15T21:46:49.699Z,89510,331000000,440000000
2026-09-15T21:46:49.699Z,45870,1438,400000
2026-09-15T21:46:49.699Z,14276,70330,73900
2026-09-15T21:46:49.699Z,47887,1115,1187
2026-09-15T21:46:49.699Z,17214,3245,3247
2026-09-15T21:46:49.699Z,19203,120900000,132700000
2026-09-15T21:46:49.699Z,3112,4430000,7162000
2026-09-15T21:46:49.699Z,1236,362700,408800
2026-09-15T21:46:49.699Z,2871,1412000,1519000
2026-09-15T21:46:49.699Z,94065,118500000,194300000
2026-09-15T21:46:49.699Z,21732,181400,2150000
2026-09-15T21:46:49.699Z,17659,12120,9000000
2026-09-15T21:46:49.699Z,91962,2058000,2957000
2026-09-15T21:46:49.699Z,47071,132100000,183800000
2026-09-15T21:46:49.699Z,88479,50000,8435000
2026-09-15T21:46:49.699Z,33929,122100,1922000
2026-09-15T21:46:49.699Z,15672,35450,3450000
2026-09-15T21:46:49.699Z,33004,,9342000
2026-09-15T21:46:49.699Z,22611,9376000,14500000
2026-09-15T21:46:49.699Z,90497,27000,31310
2026-09-15T21:46:49.699Z,16246,110200000,119600000
2026-09-15T21:46:49.699Z,26914,2000000,2198000
2026-09-15T21:46:49.699Z,31366,32010000,32240000
2026-09-15T21:46:49.699Z,31280,2953000,3196000
2026-09-15T21:46:49.699Z,53299,179800000,234100000
2026-09-15T21:46:49.699Z,88472,1010,96020
2026-09-15T21:46:49.699Z,46370,333100,1340000
2026-09-15T21:46:49.699Z,48489,0.01,43000000
2026-09-15T21:46:49.699Z,17895,3849000,3899000
2026-09-15T21:46:49.699Z,56636,8110,39900
2026-09-15T21:46:49.699Z,23134,25540000,27490000
2026-09-15T21:46:49.699Z,90608,205500000,235200000
2026-09-15T21:46:49.699Z,27453,947.9,1069
2026-09-15T21:46:49.699Z,34124,9779000,12470000
2026-09-15T21:46:49.699Z,19339,84140000,89980000
2026-09-15T21:46:49.699Z,564,27000,31000
2026-09-15T21:46:49.699Z,13887,348300,1678000
2026-09-15T21:46:49.699Z,89671,,268200000
2026-09-15T21:46:49.699Z,16665,8127,8681
2026-09-15T21:46:49.699Z,31133,203100,28100000
2026-09-15T21:46:49.699Z,990,1423000,8677000
2026-09-15T21:46:49.699Z,42614,10000000,14000000
2026-09-15T21:46:49.699Z,31814,23080000,448500000
2026-09-15T21:46:49.699Z,50004,4000000,1564000000
2026-09-15T21:46:49.699Z,42834,127.6,477.2
2026-09-15T21:46:49.699Z,78817,0.02,219900000
2026-09-15T21:46:49.699Z,76288,151000000,499900000
2026-09-15T21:46:49.699Z,76494,1202000,3772000
2026-09-15T21:46:49.699Z,4238,60080,2892000
2026-09-15T21:46:49.699Z,55693,0.01,89900
2026-09-15T21:46:49.699Z,45954,500600,1842000
2026-09-15T21:46:49.699Z,7831,308700,346500
2026-09-15T21:46:49.699Z,196,40,56.88
2026-09-15T21:46:49.699Z,12785,80,84.81
2026-09-15T21:46:49.699Z,20125,143500000,149900000
2026-09-15T21:46:49.699Z,13261,15420000,17370000
2026-09-15T21:46:49.699Z,13228,125500,15940000
2026-09-15T21:46:49.699Z,55648,10000,24990
2026-09-15T21:46:49.699Z,33153,112800000,120900000
2026-09-15T21:46:49.699Z,47256,111,3994
2026-09-15T21:46:49.699Z,33961,49550000,54800000
2026-09-15T21:46:49.699Z,28697,99910,103400
2026-09-15T21:46:49.699Z,26376,61480000,96500000
2026-09-15T21:46:49.699Z,40731,31340000,105700000
2026-09-15T21:46:49.699Z,17732,309900000,341600000
2026-09-15T21:46:49.699Z,30375,11900,12270
2026-09-15T21:46:49.699Z,24495,60.17,67.96
2026-09-15T21:46:49.699Z,31766,1230,85000
2026-09-15T21:46:49.699Z,82319,100.3,134
2026-09-15T21:46:49.699Z,18881,891200000,959200000
2026-09-15T21:46:49.699Z,41332,1155000,1480000
2026-09-15T21:46:49.699Z,85397,21620,38660
2026-09-15T21:46:49.699Z,3958,323000000,416900000
2026-09-15T21:46:49.699Z,96328,810200,1890000
2026-09-15T21:46:49.699Z,17263,2100000,4442000
2026-09-15T21:46:49.699Z,2629,361.1,394.2
2026-09-15T21:46:49.699Z,2108,38200,68670
2026-09-15T21:46:49.699Z,16359,186400,222500
2026-09-15T21:46:49.699Z,632,6166000,8899000
2026-09-15T21:46:49.699Z,78333,85670000,93320000
2026-09-15T21:46:49.699Z,631,7118000,7596000
2026-09-15T21:46:49.699Z,23559,234300,263100
2026-09-15T21:46:49.699Z,84420,2600,16000
2026-09-15T21:46:49.699Z,31167,13300000,13790000
2026-09-15T21:46:49.699Z,15228,111800,165000000
2026-09-15T21:46:49.699Z,3233,325200000,668900000
2026-09-15T21:46:49.699Z,96329,5500000,8700000
2026-09-15T21:46:49.699Z,83342,80050,1510000
2026-09-15T21:46:49.699Z,56899,375800,494900000
2026-09-15T21:46:49.699Z,47931,920.8,1502
2026-09-15T21:46:49.699Z,45758,44000,378600
2026-09-15T21:46:49.699Z,56846,36000000,49840000
2026-09-15T21:46:49.699Z,11225,36100,1327000
2026-09-15T21:46:49.699Z,85775,1000,350000
2026-09-15T21:46:49.699Z,85681,76620000,344800000
2026-09-15T21:46:49.699Z,8909,40000,41010
2026-09-15T21:46:49.699Z,20421,90270,97200
2026-09-15T21:46:49.699Z,17526,25210000,26000000
2026-09-15T21:46:49.699Z,43675,69970,200000000
2026-09-15T21:46:49.699Z,19055,36110000,41640000
2026-09-15T21:46:49.699Z,12210,392500,696900
2026-09-15T21:46:49.699Z,35774,120000,149900
2026-09-15T21:46:49.699Z,23135,41010,79110
2026-09-15T21:46:49.699Z,1798,30120000,37990000
2026-09-15T21:46:49.699Z,91083,272,4373000
2026-09-15T21:46:49.699Z,22965,354.3,519.9
2026-09-15T21:46:49.699Z,21086,391000,838700
2026-09-15T21:46:49.699Z,11303,46500,247500
2026-09-15T21:46:49.699Z,269,14,21.99
2026-09-15T21:46:49.699Z,19540,87510000,111700000
2026-09-15T21:46:49.699Z,56079,46320,97030
2026-09-15T21:46:49.699Z,75286,2000,4298
2026-09-15T21:46:49.699Z,16435,3801,25000
2026-09-15T21:46:49.699Z,15612,25890,47000
2026-09-15T21:46:49.699Z,2613,55.16,55.25
2026-09-15T21:46:49.699Z,27439,785.1,1291
2026-09-15T21:46:49.699Z,21212,16830,497900
2026-09-15T21:46:49.699Z,62399,4299,4974
2026-09-15T21:46:49.699Z,6961,50200,67700
2026-09-15T21:46:49.699Z,16002,186100,260000
2026-09-15T21:46:49.699Z,13283,21820,34470
2026-09-15T21:46:49.699Z,16118,3175,43960
2026-09-15T21:46:49.699Z,16182,1424,47870
2026-09-15T21:46:49.699Z,28422,12.21,4348
2026-09-15T21:46:49.699Z,191,13,96.49
2026-09-15T21:46:49.699Z,15999,22040,40000
2026-09-15T21:46:49.699Z,48420,38300,38310
2026-09-15T21:46:49.699Z,47825,65630,103600
2026-09-15T21:46:49.699Z,34264,2459000,2716000
2026-09-15T21:46:49.699Z,48432,68230,144000
2026-09-15T21:46:49.699Z,20038,11.8,823.8
2026-09-15T21:46:49.699Z,394,160700,184800
2026-09-15T21:46:49.699Z,36913,310100,19990000
2026-09-15T21:46:49.699Z,31872,1132000,1241000
2026-09-15T21:46:49.699Z,60159,6930000,28710000
2026-09-15T21:46:49.699Z,31127,20600000,54970000
2026-09-15T21:46:49.699Z,86114,48010000,127500000
2026-09-15T21:46:49.699Z,27080,102600,749700
2026-09-15T21:46:49.699Z,35840,110500000,599700000
2026-09-15T21:46:49.699Z,3826,345.2,345.3
2026-09-15T21:46:49.699Z,57738,787100,1961000
2026-09-15T21:46:49.699Z,47886,567.6,789.4
2026-09-15T21:46:49.699Z,45522,1403000,23960000
2026-09-15T21:46:49.699Z,14256,34340000,37350000
2026-09-15T21:46:49.699Z,84170,520300,999900
2026-09-15T21:46:49.699Z,86105,27280000,68690000
2026-09-15T21:46:49.699Z,14104,34260000,47490000
2026-09-15T21:46:49.699Z,83264,1000,177000
2026-09-15T21:46:49.699Z,46838,1000,1149000
2026-09-15T21:46:49.699Z,37630,353900000,394600000
2026-09-15T21:46:49.699Z,37296,155700000,184700000
2026-09-15T21:46:49.699Z,62552,2054,2198
2026-09-15T21:46:49.699Z,46521,5056000,42010000
2026-09-15T21:46:49.699Z,41299,2533,4994
2026-09-15T21:46:49.699Z,19221,4887000,5848000
2026-09-15T21:46:49.699Z,19219,6391000,6900000
2026-09-15T21:46:49.699Z,16236,1023000,1198000
2026-09-15T21:46:49.699Z,14451,4574000000,7960000000
2026-09-15T21:46:49.699Z,55294,52000000,95000000
2026-09-15T21:46:49.699Z,19131,20020000,22000000
2026-09-15T21:46:49.699Z,14642,2642000000,2892000000
2026-09-15T21:46:49.699Z,28810,230600000,258900000
2026-09-15T21:46:49.699Z,92782,10000000,799900000
2026-09-15T21:46:49.699Z,27429,1461,1565
2026-09-15T21:46:49.699Z,93478,11000000,70000000
2026-09-15T21:46:49.699Z,11556,31500,34490
2026-09-15T21:46:49.699Z,31714,46500000,68960000
2026-09-15T21:46:49.699Z,20873,3640000,8998000
2026-09-15T21:46:49.699Z,46956,151400,3391000
2026-09-15T21:46:49.699Z,11460,127.3,499
2026-09-15T21:46:49.699Z,2032,462000,520000
2026-09-15T21:46:49.699Z,2865,1485000,2625000
2026-09-15T21:46:49.699Z,14047,9918000,10960000
2026-09-15T21:46:49.699Z,85454,,2160000000
2026-09-15T21:46:49.699Z,90660,,198300000
2026-09-15T21:46:49.699Z,15931,114600000,128400000
2026-09-15T21:46:49.699Z,3114,1145000,2450000
2026-09-15T21:46:49.699Z,83282,10000,410600
2026-09-15T21:46:49.699Z,57073,30010,100000
2026-09-15T21:46:49.699Z,2977,622700,657700
2026-09-15T21:46:49.699Z,45952,400000,2931000
2026-09-15T21:46:49.699Z,14041,10770000,11980000
2026-09-15T21:46:49.699Z,19814,737,6500
2026-09-15T21:46:49.699Z,20559,7260000,15840000
2026-09-15T21:46:49.699Z,21286,46350000,79930000
2026-09-15T21:46:49.699Z,31019,207000000,296500000
2026-09-15T21:46:49.699Z,12612,29.15,37.63
2026-09-15T21:46:49.699Z,3082,988600,1247000
2026-09-15T21:46:49.699Z,20887,2694000,4846000
2026-09-15T21:46:49.699Z,11215,40060,2889000
2026-09-15T21:46:49.699Z,95275,600000000,889700000
2026-09-15T21:46:49.699Z,31430,510,51680
2026-09-15T21:46:49.699Z,17366,11550,28380
2026-09-15T21:46:49.699Z,21504,390000,38820000
2026-09-15T21:46:49.699Z,46244,149400000,400000000
2026-09-15T21:46:49.699Z,55335,10000,128000
2026-09-15T21:46:49.699Z,23105,746300,800000
2026-09-15T21:46:49.699Z,78772,200000,1982000
2026-09-15T21:46:49.699Z,19107,8346000,9488000
2026-09-15T21:46:49.699Z,47127,19090000,80870000
2026-09-15T21:46:49.699Z,87785,54000000,73900000
2026-09-15T21:46:49.699Z,21256,12000,295000
2026-09-15T21:46:49.699Z,3356,62.16,3498
2026-09-15T21:46:49.699Z,88532,20010,695700
2026-09-15T21:46:49.699Z,11341,12320,12330
2026-09-15T21:46:49.699Z,85516,780300000,1421000000
2026-09-15T21:46:49.699Z,44160,123.5,200000
2026-09-15T21:46:49.699Z,640,108600000,118000000
2026-09-15T21:46:49.699Z,27395,1415,1526
2026-09-15T21:46:49.699Z,91857,17120000,19180000
2026-09-15T21:46:49.699Z,20799,501000,550000
2026-09-15T21:46:49.699Z,31490,27230,96700
2026-09-15T21:46:49.699Z,21372,3000,3520
2026-09-15T21:46:49.699Z,33561,166300000,199400000
2026-09-15T21:46:49.699Z,54406,82250000,117700000
2026-09-15T21:46:49.699Z,20825,198000,198100
2026-09-15T21:46:49.699Z,47143,9092000,18100000
2026-09-15T21:46:49.699Z,20797,40050,165400
2026-09-15T21:46:49.699Z,14248,111100000,118900000
2026-09-15T21:46:49.699Z,52568,281000,296300
2026-09-15T21:46:49.699Z,21258,1203,350000
2026-09-15T21:46:49.699Z,33933,2028000,8770000
2026-09-15T21:46:49.699Z,33844,120200000,131500000
2026-09-15T21:46:49.699Z,30488,381800,419000
2026-09-15T21:46:49.699Z,2050,321600000,449700000
2026-09-15T21:46:49.699Z,17460,26.61,27.11
2026-09-15T21:46:49.699Z,34351,221000,1498000
2026-09-15T21:46:49.699Z,18793,78340,133900
2026-09-15T21:46:49.699Z,20557,1026000,7491000
2026-09-15T21:46:49.699Z,8433,1861000,2361000
2026-09-15T21:46:49.699Z,20967,12.46,894.9
2026-09-15T21:46:49.699Z,2117,861200,978500
2026-09-15T21:46:49.699Z,23161,26.01,26.02
2026-09-15T21:46:49.699Z,88653,5406000,14900000
2026-09-15T21:46:49.699Z,85559,46030000,54940000
2026-09-15T21:46:49.699Z,5723,205900,214400
2026-09-15T21:46:49.699Z,31514,2505,393500
2026-09-15T21:46:49.699Z,31864,1116000,1196000
2026-09-15T21:46:49.699Z,10694,149300,219100
2026-09-15T21:46:49.699Z,23103,114500,398000
2026-09-15T21:46:49.699Z,57739,600000,1708000
2026-09-15T21:46:49.699Z,53667,75200000,350000000
2026-09-15T21:46:49.699Z,25530,79000000,91620000
2026-09-15T21:46:49.699Z,7287,100200,164900
2026-09-15T21:46:49.699Z,34328,750100000,1234000000
2026-09-15T21:46:49.699Z,85779,400000,1174000
2026-09-15T21:46:49.699Z,3685,496.6,883.2
2026-09-15T21:46:49.699Z,29340,34860000,37000000
2026-09-15T21:46:49.699Z,62565,2509,4000
2026-09-15T21:46:49.699Z,52242,1528000000,1901000000
2026-09-15T21:46:49.699Z,21272,3002000,4748000
2026-09-15T21:46:49.699Z,31574,33380,216300
2026-09-15T21:46:49.699Z,20412,91250,94800
2026-09-15T21:46:49.699Z,85508,1313000,3647000
2026-09-15T21:46:49.699Z,90413,600000,9398000
2026-09-15T21:46:49.699Z,75266,126300000,299900000
2026-09-15T21:46:49.699Z,23119,665500,738100
2026-09-15T21:46:49.699Z,46938,0.01,1994000
2026-09-15T21:46:49.699Z,11257,24140,92980
2026-09-15T21:46:49.699Z,78786,100000,1500000
2026-09-15T21:46:49.699Z,28393,9351,1478000
2026-09-15T21:46:49.699Z,85084,4177000,5870000
2026-09-15T21:46:49.699Z,47193,10000,55000
2026-09-15T21:46:49.699Z,55645,5000,15950
2026-09-15T21:46:49.699Z,19974,0.01,16
2026-09-15T21:46:49.699Z,62639,5055,1299000
2026-09-15T21:46:49.699Z,47764,2528,5444
2026-09-15T21:46:49.699Z,91972,7390000,10340000
2026-09-15T21:46:49.699Z,19278,29030000,33000000
2026-09-15T21:46:49.699Z,55607,2.03,245000
2026-09-15T21:46:49.699Z,21080,58900,104400
2026-09-15T21:46:49.699Z,62561,5450,6645
2026-09-15T21:46:49.699Z,22933,30410000,87350000
2026-09-15T21:46:49.699Z,21587,16.03,16.04
2026-09-15T21:46:49.699Z,21236,116100,1560000
2026-09-15T21:46:49.699Z,26370,118200000,155200000
2026-09-15T21:46:49.699Z,44178,1000,850000
2026-09-15T21:46:49.699Z,46222,237600,2996000
2026-09-15T21:46:49.699Z,1353,15270,24490
2026-09-15T21:46:49.699Z,41273,8051,10470
2026-09-15T21:46:49.699Z,90013,200300,879100
2026-09-15T21:46:49.699Z,90566,1005000,1300000
2026-09-15T21:46:49.699Z,78795,401000,1495000
2026-09-15T21:46:49.699Z,85471,281700000,454900000
2026-09-15T21:46:49.699Z,18871,28190000,29890000
2026-09-15T21:46:49.699Z,9327,364200,753900
2026-09-15T21:46:49.699Z,48522,2811000000,6699000000
2026-09-15T21:46:49.699Z,41324,1924,2477
2026-09-15T21:46:49.699Z,4573,2019,22480
2026-09-15T21:46:49.699Z,11182,15660000,16950000
2026-09-15T21:46:49.699Z,90610,362000,698600
2026-09-15T21:46:49.699Z,46536,15000000,19810000
2026-09-15T21:46:49.699Z,42717,10000,4065000
2026-09-15T21:46:49.699Z,37300,197100000,212600000
2026-09-15T21:46:49.699Z,49713,595600000,689200000
2026-09-15T21:46:49.699Z,12709,43000,66880
2026-09-15T21:46:49.699Z,25892,5026000,6400000
2026-09-15T21:46:49.699Z,37178,252000000,34950000000
2026-09-15T21:46:49.699Z,46186,5674000,10010000
2026-09-15T21:46:49.699Z,60434,10000,1999000
2026-09-15T21:46:49.699Z,19986,1.01,290
2026-09-15T21:46:49.699Z,44164,400000,1450000
2026-09-15T21:46:49.699Z,16651,57440,60370
2026-09-15T21:46:49.699Z,21226,5612,99900
2026-09-15T21:46:49.699Z,91858,14400000,16630000
2026-09-15T21:46:49.699Z,7001,,77400
2026-09-15T21:46:49.699Z,12108,529000,714800
2026-09-15T21:46:49.699Z,47733,49220,164500
2026-09-15T21:46:49.699Z,46231,8023000,11000000
2026-09-15T21:46:49.699Z,15615,3579000,3908000
2026-09-15T21:46:49.699Z,52998,2000000,6674000
2026-09-15T21:46:49.699Z,47831,5048000,6767000
2026-09-15T21:46:49.699Z,3225,1174000,5999000
2026-09-15T21:46:49.699Z,34274,500500,2999000
2026-09-15T21:46:49.699Z,17765,140100,140300
2026-09-15T21:46:49.699Z,19046,427500000,463100000
2026-09-15T21:46:49.699Z,21210,6032,486000
2026-09-15T21:46:49.699Z,25252,60000,84240
2026-09-15T21:46:49.699Z,44179,,1393000
2026-09-15T21:46:49.699Z,21398,10340,17680
2026-09-15T21:46:49.699Z,36334,3061000,117000000
2026-09-15T21:46:49.699Z,630,10860000,12000000
2026-09-15T21:46:49.699Z,12540,204.1,21950
2026-09-15T21:46:49.699Z,45956,201000,2965000
2026-09-15T21:46:49.699Z,41316,1145,1551
2026-09-15T21:46:49.699Z,20731,,1030
2026-09-15T21:46:49.699Z,33450,1901000,2059000
2026-09-15T21:46:49.699Z,52428,500000000,1438000000
2026-09-15T21:46:49.699Z,15788,27850000,36190000
2026-09-15T21:46:49.699Z,84497,290000,24950000
2026-09-15T21:46:49.699Z,56143,26100000,27130000
2026-09-15T21:46:49.699Z,90616,60000,78000
2026-09-15T21:46:49.699Z,74525,285.2,322
2026-09-15T21:46:49.699Z,18989,39000000,51290000
2026-09-15T21:46:49.699Z,23061,4966000,5496000
2026-09-15T21:46:49.699Z,46891,301800,1516000
2026-09-15T21:46:49.699Z,42177,2800000,98000000
2026-09-15T21:46:49.699Z,25618,4768,5408
2026-09-15T21:46:49.699Z,16513,19270,19280
2026-09-15T21:46:49.699Z,87562,220300000,237600000
2026-09-15T21:46:49.699Z,27922,850200,1260000
2026-09-15T21:46:49.699Z,31764,3019,23490
2026-09-15T21:46:49.699Z,84351,100000,1087000
2026-09-15T21:46:49.699Z,88123,152100000,245000000
2026-09-15T21:46:49.699Z,88466,20000,450000
2026-09-15T21:46:49.699Z,47137,24150000,49910000
2026-09-15T21:46:49.699Z,48493,1013000,277700000
2026-09-15T21:46:49.699Z,14067,20370000,24270000
2026-09-15T21:46:49.699Z,20555,687000,5500000
2026-09-15T21:46:49.699Z,37457,20000000,21510000
2026-09-15T21:46:49.699Z,19197,542900000,598900000
2026-09-15T21:46:49.699Z,62225,5100000000,8493000000
2026-09-15T21:46:49.699Z,25349,18040000,19690000
2026-09-15T21:46:49.699Z,47975,47980,53690
2026-09-15T21:46:49.699Z,34175,111000,373800
2026-09-15T21:46:49.699Z,13996,50000,87980
2026-09-15T21:46:49.699Z,54534,108000000,161400000
2026-09-15T21:46:49.699Z,53366,10000,10890000
2026-09-15T21:46:49.699Z,44135,10000,1189000
2026-09-15T21:46:49.699Z,54377,359100000,714900000
2026-09-15T21:46:49.699Z,4038,143800000,213000000
2026-09-15T21:46:49.699Z,40750,58100,39550000
2026-09-15T21:46:49.699Z,4310,66100000,72540000
2026-09-15T21:46:49.699Z,37482,47050000,51790000
2026-09-15T21:46:49.699Z,29344,36550000,39650000
2026-09-15T21:46:49.699Z,11184,12540000,14320000
2026-09-15T21:46:49.699Z,53394,1000,700000
2026-09-15T21:46:49.699Z,238,182.6,238
2026-09-15T21:46:49.699Z,47270,63440000,68870000
2026-09-15T21:46:49.699Z,27325,11.82,89.98
2026-09-15T21:46:49.699Z,63257,44000,2457000
2026-09-15T21:46:49.699Z,31644,70010,247800
2026-09-15T21:46:49.699Z,41414,60000000,119800000
2026-09-15T21:46:49.699Z,34126,220000000,235000000
2026-09-15T21:46:49.699Z,21246,1920000,4850000
2026-09-15T21:46:49.699Z,15895,71000000,75810000
2026-09-15T21:46:49.699Z,79186,30030000,36610000
2026-09-15T21:46:49.699Z,3422,151.5,79250
2026-09-15T21:46:49.699Z,90307,19030,20370
2026-09-15T21:46:49.699Z,17666,980,1572
2026-09-15T21:46:49.699Z,60575,8225000,9018000
2026-09-15T21:46:49.699Z,17241,7109,7110
2026-09-15T21:46:49.699Z,20743,2261,3000
2026-09-15T21:46:49.699Z,90484,100,100.1
2026-09-15T21:46:49.699Z,5339,1225,7496
2026-09-15T21:46:49.699Z,24658,1326000,10000000
2026-09-15T21:46:49.699Z,27315,550.5,659.5
2026-09-15T21:46:49.699Z,46236,,45000000
2026-09-15T21:46:49.699Z,31758,1302000,1339000
2026-09-15T21:46:49.699Z,33528,199800000,227500000
2026-09-15T21:46:49.699Z,62377,86440,92900
2026-09-15T21:46:49.699Z,12541,1155,269000
2026-09-15T21:46:49.699Z,47319,15480000,149500000
2026-09-15T21:46:49.699Z,27951,426000,75770000
2026-09-15T21:46:49.699Z,21430,36280,68970
2026-09-15T21:46:49.699Z,13234,7431000,9885000
2026-09-15T21:46:49.699Z,83586,4000000,58740000
2026-09-15T21:46:49.699Z,31492,56000,465700
2026-09-15T21:46:49.699Z,48485,2000,33600000
2026-09-15T21:46:49.699Z,27331,19.23,39.95
2026-09-15T21:46:49.699Z,47300,423,1087
2026-09-15T21:46:49.699Z,90613,40000,68990
2026-09-15T21:46:49.699Z,63859,57270,1100000
2026-09-15T21:46:49.699Z,42777,1207000,8895000
2026-09-15T21:46:49.699Z,83592,5007000,136200000
2026-09-15T21:46:49.699Z,44926,2543000,21000000
2026-09-15T21:46:49.699Z,31368,512800000,791900000
2026-09-15T21:46:49.699Z,31500,100000,26880000
2026-09-15T21:46:49.699Z,15317,10680,11440
2026-09-15T21:46:49.699Z,20189,1447000000,1508000000
2026-09-15T21:46:49.699Z,43544,,4261000
2026-09-15T21:46:49.699Z,19270,891800,999000
2026-09-15T21:46:49.699Z,52309,40340,44760
2026-09-15T21:46:49.699Z,56782,2031000,25010000
2026-09-15T21:46:49.699Z,5869,681.2,681.6
2026-09-15T21:46:49.699Z,13866,902800,6896000
2026-09-15T21:46:49.699Z,28698,81140,88240
2026-09-15T21:46:49.699Z,89706,60000,102200
2026-09-15T21:46:49.699Z,78773,100000,999000
2026-09-15T21:46:49.699Z,13933,25040000,30850000
2026-09-15T21:46:49.699Z,44151,15100,994900
2026-09-15T21:46:49.699Z,47889,2238000,2522000
2026-09-15T21:46:49.699Z,40583,5000000,15000000
2026-09-15T21:46:49.699Z,4409,20330,49900
2026-09-15T21:46:49.699Z,33619,54280000,59900000
2026-09-15T21:46:49.699Z,87777,11030000,25500000
2026-09-15T21:46:49.699Z,40358,4945000,6327000
2026-09-15T21:46:49.699Z,19260,2010000,4980000
2026-09-15T21:46:49.699Z,28361,1050,1699
2026-09-15T21:46:49.699Z,56957,70400000,182900000
2026-09-15T21:46:49.699Z,60673,7780,379500
2026-09-15T21:46:49.699Z,47752,4414000,5444000
2026-09-15T21:46:49.699Z,46896,2828000,4885000
2026-09-15T21:46:49.699Z,26253,145.6,145.7
2026-09-15T21:46:49.699Z,31111,2772000,3053000
2026-09-15T21:46:49.699Z,63243,11500,3294000
2026-09-15T21:46:49.699Z,47317,10000000,48410000
2026-09-15T21:46:49.699Z,27105,400200,793000
2026-09-15T21:46:49.699Z,57504,,12000000
2026-09-15T21:46:49.699Z,62492,5005,9574
2026-09-15T21:46:49.699Z,47314,51020000,444400000
2026-09-15T21:46:49.699Z,92572,1773,2700
2026-09-15T21:46:49.699Z,44893,328400,4306000
2026-09-15T21:46:49.699Z,27389,24110,43990
2026-09-15T21:46:49.699Z,33176,56120,96910
2026-09-15T21:46:49.699Z,55309,100,28660
2026-09-15T21:46:49.699Z,16642,1958,2089
2026-09-15T21:46:49.699Z,37594,12400000,146800000
2026-09-15T21:46:49.699Z,27181,137800000,151100000
2026-09-15T21:46:49.699Z,83377,20010,399700
2026-09-15T21:46:49.699Z,37865,73000,1149000
2026-09-15T21:46:49.699Z,89611,32290,500000
2026-09-15T21:46:49.699Z,43501,369700,5699000
2026-09-15T21:46:49.699Z,43487,210500,4395000
2026-09-15T21:46:49.699Z,54830,14110,545000
2026-09-15T21:46:49.699Z,29093,455100,798800
2026-09-15T21:46:49.699Z,92550,120100000,187400000
2026-09-15T21:46:49.699Z,14114,11880000,23980000
2026-09-15T21:46:49.699Z,78793,100000,880000
2026-09-15T21:46:49.699Z,44947,24040000,53500000
2026-09-15T21:46:49.699Z,93841,117000000,148600000
2026-09-15T21:46:49.699Z,20347,371000,455700
2026-09-15T21:46:49.699Z,11176,15370000,17070000
2026-09-15T21:46:49.699Z,33081,4010000000,7537000000
2026-09-15T21:46:49.699Z,41410,5000000,32900000
2026-09-15T21:46:49.699Z,47930,1084,1254
2026-09-15T21:46:49.699Z,2346,83430,86980
2026-09-15T21:46:49.699Z,20565,21360000,27000000
2026-09-15T21:46:49.699Z,13795,2020000,3422000
2026-09-15T21:46:49.699Z,47310,1681000,49340000
2026-09-15T21:46:49.699Z,2647,52.04,56.12
2026-09-15T21:46:49.699Z,33563,123600000,140800000
2026-09-15T21:46:49.699Z,1952,801900,978600
2026-09-15T21:46:49.699Z,16124,593400,1178000
2026-09-15T21:46:49.699Z,60760,60000000,695800000
2026-09-15T21:46:49.699Z,40573,40000000,115900000
2026-09-15T21:46:49.699Z,18831,132300000,139500000
2026-09-15T21:46:49.699Z,12531,25010,269800
2026-09-15T21:46:49.699Z,24505,46.32,46.87
2026-09-15T21:46:49.699Z,21011,7614000,10260000
2026-09-15T21:46:49.699Z,11297,199100,279000
2026-09-15T21:46:49.699Z,93473,13200000,70000000
2026-09-15T21:46:49.699Z,57127,621100000,750000000
2026-09-15T21:46:49.699Z,31926,12660000,13210000
2026-09-15T21:46:49.699Z,45570,60000000,189900000
2026-09-15T21:46:49.699Z,19688,111100000,119900000
2026-09-15T21:46:49.699Z,37580,5000000,38920000
2026-09-15T21:46:49.699Z,36431,5001000,43970000
2026-09-15T21:46:49.699Z,36446,10000000,164800000
2026-09-15T21:46:49.699Z,3057,4862000,5288000
2026-09-15T21:46:49.699Z,4292,100400000,108500000
2026-09-15T21:46:49.699Z,87838,8819000,53990000
2026-09-15T21:46:49.699Z,14678,,13750000000
2026-09-15T21:46:49.699Z,6809,765800,2296000
2026-09-15T21:46:49.699Z,9127,900000,1599000
2026-09-15T21:46:49.699Z,16126,920500000,1274000000
2026-09-15T21:46:49.699Z,88484,11000,99490
2026-09-15T21:46:49.699Z,55653,60010,1284000
2026-09-15T21:46:49.699Z,24501,30.1,36
2026-09-15T21:46:49.699Z,16061,92220000,104800000
2026-09-15T21:46:49.699Z,6485,1248,3670
2026-09-15T21:46:49.699Z,8263,24120,43330
2026-09-15T21:46:49.699Z,62385,93740,96410
2026-09-15T21:46:49.699Z,37579,5424000,42380000
2026-09-15T21:46:49.699Z,44177,5000,994900
2026-09-15T21:46:49.699Z,27387,718.2,738.9
2026-09-15T21:46:49.699Z,21728,75650,200000
2026-09-15T21:46:49.699Z,16125,1606000,3509000
2026-09-15T21:46:49.699Z,47372,20000000,69500000
2026-09-15T21:46:49.699Z,41180,44020000,134200000
2026-09-15T21:46:49.699Z,27562,12500000,74880000
2026-09-15T21:46:49.699Z,11299,582200,843200
2026-09-15T21:46:49.699Z,54927,345200,6235000
2026-09-15T21:46:49.699Z,60266,10100000,199000000
2026-09-15T21:46:49.699Z,13868,1104000,3270000
2026-09-15T21:46:49.699Z,32050,5000,225000
2026-09-15T21:46:49.699Z,62534,106.9,116.9
2026-09-15T21:46:49.699Z,62558,3104,4590
2026-09-15T21:46:49.699Z,14063,2102000,2585000
2026-09-15T21:46:49.699Z,62538,190.9,208
2026-09-15T21:46:49.699Z,88464,1000,787000
2026-09-15T21:46:49.699Z,62532,90.24,108
2026-09-15T21:46:49.699Z,12633,42.93,111.5
2026-09-15T21:46:49.699Z,33472,854000000,908000000
2026-09-15T21:46:49.699Z,63030,112100,4971000
2026-09-15T21:46:49.699Z,22444,261600000,272800000
2026-09-15T21:46:49.699Z,34602,250000,149600000
2026-09-15T21:46:49.699Z,15596,602.6,3889
2026-09-15T21:46:49.699Z,40563,21650000,24480000
2026-09-15T21:46:49.699Z,86144,3693000,6677000
2026-09-15T21:46:49.699Z,84679,116000000,239900000
2026-09-15T21:46:49.699Z,47742,2304000,2306000
2026-09-15T21:46:49.699Z,75284,2030,4300
2026-09-15T21:46:49.699Z,47048,6810000,60600000
2026-09-15T21:46:49.699Z,54786,8632,9392
2026-09-15T21:46:49.699Z,31083,262600,396600
2026-09-15T21:46:49.699Z,40334,9148,18550
2026-09-15T21:46:49.699Z,3192,562700000,657400000
2026-09-15T21:46:49.699Z,23023,597.1,784.4
2026-09-15T21:46:49.699Z,89935,80000,174600
2026-09-15T21:46:49.699Z,30028,40000,43940
2026-09-15T21:46:49.699Z,33476,53340000,56250000
2026-09-15T21:46:49.699Z,31888,1107000,1132000
2026-09-15T21:46:49.699Z,18797,5572000,6971000
2026-09-15T21:46:49.699Z,45947,441000,2482000
2026-09-15T21:46:49.699Z,45999,8374000,8500000
2026-09-15T21:46:49.699Z,71726,9004000,742800000
2026-09-15T21:46:49.699Z,4254,714700,850500
2026-09-15T21:46:49.699Z,28678,1913000,2110000
2026-09-15T21:46:49.699Z,27143,531000,699900
2026-09-15T21:46:49.699Z,10208,17140000,17460000
2026-09-15T21:46:49.699Z,53059,2552000,28650000
2026-09-15T21:46:49.699Z,33959,17000000,23350000
2026-09-15T21:46:49.699Z,31906,7277000,8723000
2026-09-15T21:46:49.699Z,11563,259300,289000
2026-09-15T21:46:49.699Z,18801,275800,500000
2026-09-15T21:46:49.699Z,30832,843100,925600
2026-09-15T21:46:49.699Z,33846,82520000,88440000
2026-09-15T21:46:49.699Z,24395,202200,428400
2026-09-15T21:46:49.699Z,2567,1378000,1681000
2026-09-15T21:46:49.699Z,16391,385500,439200
2026-09-15T21:46:49.699Z,37623,50230000,86930000
2026-09-15T21:46:49.699Z,55304,10.01,125000
2026-09-15T21:46:49.699Z,40562,16520000,20100000
2026-09-15T21:46:49.699Z,56794,507000,11320000
2026-09-15T21:46:49.699Z,22576,20130,29990
2026-09-15T21:46:49.699Z,13935,104000000,114300000
2026-09-15T21:46:49.699Z,57451,17070000,19370000
2026-09-15T21:46:49.699Z,27079,275000,732200
2026-09-15T21:46:49.699Z,55655,1000,99990
2026-09-15T21:46:49.699Z,31563,,400000
2026-09-15T21:46:49.699Z,48720,30110000,196600000
2026-09-15T21:46:49.699Z,28792,163700000,230900000
2026-09-15T21:46:49.699Z,59327,1525000000,2599000000
2026-09-15T21:46:49.699Z,30372,8331,8480
2026-09-15T21:46:49.699Z,62398,7557,8297
2026-09-15T21:46:49.699Z,47888,35850,47600
2026-09-15T21:46:49.699Z,18819,537200000,626700000
2026-09-15T21:46:49.699Z,23142,40740,499600
2026-09-15T21:46:49.699Z,44254,10010000,1448000000
2026-09-15T21:46:49.699Z,58824,1103000,1188000000
2026-09-15T21:46:49.699Z,20539,70940000,92880000
2026-09-15T21:46:49.699Z,11648,1709000,2192000
2026-09-15T21:46:49.699Z,10226,90600000,97430000
2026-09-15T21:46:49.699Z,42557,11000000,95000000
2026-09-15T21:46:49.699Z,45774,258700,1968000
2026-09-15T21:46:49.699Z,46713,700000,5500000
2026-09-15T21:46:49.699Z,83263,10000,99000
2026-09-15T21:46:49.699Z,19968,4.13,289.8
2026-09-15T21:46:49.699Z,76492,5046000,18860000
2026-09-15T21:46:49.699Z,2361,99050,109300
2026-09-15T21:46:49.699Z,90482,3500,7490
2026-09-15T21:46:49.699Z,27655,11320000,65000000
2026-09-15T21:46:49.699Z,42645,240200000,2400000000
2026-09-15T21:46:49.699Z,62587,20990,27220
2026-09-15T21:46:49.699Z,82391,1000,499700
2026-09-15T21:46:49.699Z,12042,17390000,20150000
2026-09-15T21:46:49.699Z,45837,10420000,29900000
2026-09-15T21:46:49.699Z,23130,853800,1573000
2026-09-15T21:46:49.699Z,21591,83.19,135
2026-09-15T21:46:49.699Z,13954,40700000,50370000
2026-09-15T21:46:49.699Z,21722,2713000,3634000
2026-09-15T21:46:49.699Z,41405,5200000,35000000
2026-09-15T21:46:49.699Z,49728,5230000,6094000
2026-09-15T21:46:49.699Z,43859,998600000,1475000000
2026-09-15T21:46:49.699Z,85785,260000,468800
2026-09-15T21:46:49.699Z,15627,15000,15010
2026-09-15T21:46:49.699Z,34677,39150,16890000
2026-09-15T21:46:49.699Z,56855,3016000,5677000
2026-09-15T21:46:49.699Z,62635,91800000,131800000
2026-09-15T21:46:49.699Z,91139,1401000,5999000
2026-09-15T21:46:49.699Z,83221,10100,10110
2026-09-15T21:46:49.699Z,46127,20030000,476900000
2026-09-15T21:46:49.699Z,54396,680200000,733000000
2026-09-15T21:46:49.699Z,20613,9000000,10860000
2026-09-15T21:46:49.699Z,74146,284500,4398000
2026-09-15T21:46:49.699Z,84992,4947000000,5993000000
2026-09-15T21:46:49.699Z,47315,8601000,21500000
2026-09-15T21:46:49.699Z,56854,4005000,5393000
2026-09-15T21:46:49.699Z,45831,221000,4997000
2026-09-15T21:46:49.699Z,25544,28230000,34770000
2026-09-15T21:46:49.699Z,16658,800.1,900.2
2026-09-15T21:46:49.699Z,36359,5017000,87990000
2026-09-15T21:46:49.699Z,23536,1070,83970
2026-09-15T21:46:49.699Z,12235,132100000,465400000
2026-09-15T21:46:49.699Z,18827,61410000,74230000
2026-09-15T21:46:49.699Z,33448,55540,125300
2026-09-15T21:46:49.699Z,89647,67150000,70000000
2026-09-15T21:46:49.699Z,88128,212400000,288000000
2026-09-15T21:46:49.699Z,41508,1890000000,2200000000
2026-09-15T21:46:49.699Z,4033,37640000,63150000
2026-09-15T21:46:49.699Z,28286,593700,941900
2026-09-15T21:46:49.699Z,41528,63520000,80230000
2026-09-15T21:46:49.699Z,62405,54320,59300
2026-09-15T21:46:49.699Z,20061,244200000,298800000
2026-09-15T21:46:49.699Z,26326,26030000,65670000
2026-09-15T21:46:49.699Z,33902,43110000,46000000
2026-09-15T21:46:49.699Z,23013,705.4,2979
2026-09-15T21:46:49.699Z,20833,100000,779900
2026-09-15T21:46:49.699Z,12618,21.06,28.91
2026-09-15T21:46:49.699Z,32787,39180,48070
2026-09-15T21:46:49.699Z,46991,7481000,17410000
2026-09-15T21:46:49.699Z,45775,3568,4052000
2026-09-15T21:46:49.699Z,44931,10010000,59900000
2026-09-15T21:46:49.699Z,7293,5100,35870
2026-09-15T21:46:49.699Z,4385,750200,6999000
2026-09-15T21:46:49.699Z,96335,141000000,169300000
2026-09-15T21:46:49.699Z,46948,10000000,24810000
2026-09-15T21:46:49.699Z,63861,15020,1125000
2026-09-15T21:46:49.699Z,570,97750,155000
2026-09-15T21:46:49.699Z,34284,967900,1652000
2026-09-15T21:46:49.699Z,16214,,463900000
2026-09-15T21:46:49.699Z,29053,457700,548600
2026-09-15T21:46:49.699Z,3092,560000000,626700000
2026-09-15T21:46:49.699Z,43774,11030000,15000000
2026-09-15T21:46:49.699Z,85178,894000,956400
2026-09-15T21:46:49.699Z,89610,101200,100000000
2026-09-15T21:46:49.699Z,33571,248,548.9
2026-09-15T21:46:49.699Z,84099,220000000,1630000000
2026-09-15T21:46:49.699Z,33778,486600,23990000
2026-09-15T21:46:49.699Z,7537,1660,4997
2026-09-15T21:46:49.699Z,34278,3287000,4230000
2026-09-15T21:46:49.699Z,21073,20800,136900
2026-09-15T21:46:49.699Z,56146,260000000,26240000000
2026-09-15T21:46:49.699Z,19049,19070000,48210000
2026-09-15T21:46:49.699Z,31874,1563000,1669000
2026-09-15T21:46:49.699Z,22129,66050000,72190000
2026-09-15T21:46:49.699Z,17181,2351000,5185000
2026-09-15T21:46:49.699Z,34606,1324000,23400000
2026-09-15T21:46:49.699Z,62648,66700,899000
2026-09-15T21:46:49.699Z,33332,12620,13470
2026-09-15T21:46:49.699Z,30588,114300,125700
2026-09-15T21:46:49.699Z,19208,224700000,248500000
2026-09-15T21:46:49.699Z,92399,113000000,127700000
2026-09-15T21:46:49.699Z,44125,10,489700
2026-09-15T21:46:49.699Z,13809,16970000,21990000
2026-09-15T21:46:49.699Z,88721,79210000,91000000
2026-09-15T21:46:49.699Z,86116,4000000,39120000
2026-09-15T21:46:49.699Z,19204,168000000,185100000
2026-09-15T21:46:49.699Z,85552,650000000,1265000000
2026-09-15T21:46:49.699Z,60298,341400,420000
2026-09-15T21:46:49.699Z,57125,311000000,387900000
2026-09-15T21:46:49.699Z,12743,95000000,99250000
2026-09-15T21:46:49.699Z,48195,46010000,749900000
2026-09-15T21:46:49.699Z,45863,3001000,8877000
2026-09-15T21:46:49.699Z,20158,107600000,115000000
2026-09-15T21:46:49.699Z,1557,34870,84690
2026-09-15T21:46:49.699Z,32444,44000000,84470000
2026-09-15T21:46:49.699Z,87780,1401000,9977000
2026-09-15T21:46:49.699Z,62400,8870,9967
2026-09-15T21:46:49.699Z,20531,100300000,169900000
2026-09-15T21:46:49.699Z,13285,181100,328200
2026-09-15T21:46:49.699Z,48121,95000,96480
2026-09-15T21:46:49.699Z,45975,5002000,19500000
2026-09-15T21:46:49.699Z,20593,216000,571500
2026-09-15T21:46:49.699Z,23101,350000,457800
2026-09-15T21:46:49.699Z,23854,1197000,4380000
2026-09-15T21:46:49.699Z,27151,31330,409900
2026-09-15T21:46:49.699Z,17208,3784,3785
2026-09-15T21:46:49.699Z,10164,356200,718300
2026-09-15T21:46:49.699Z,41270,3618,10800
2026-09-15T21:46:49.699Z,41456,290000000,354400000
2026-09-15T21:46:49.699Z,82487,80000,1177000
2026-09-15T21:46:49.699Z,27337,537.2,1040
2026-09-15T21:46:49.699Z,88546,10010,999700
2026-09-15T21:46:49.699Z,14204,123800000,128600000
2026-09-15T21:46:49.699Z,28652,20750000,22700000
2026-09-15T21:46:49.699Z,34720,12460,500000000
2026-09-15T21:46:49.699Z,55545,33150,3000000
2026-09-15T21:46:49.699Z,18987,29820000,33810000
2026-09-15T21:46:49.699Z,94010,1196000000,1446000000
2026-09-15T21:46:49.699Z,47791,21540000,23780000
2026-09-15T21:46:49.699Z,45959,5015000,12400000
2026-09-15T21:46:49.699Z,19964,1.41,12.42
2026-09-15T21:46:49.699Z,52408,53.19,740000
2026-09-15T21:46:49.699Z,47448,288800000,373200000
2026-09-15T21:46:49.699Z,44270,625,625.1
2026-09-15T21:46:49.699Z,33700,27780000,30350000
2026-09-15T21:46:49.699Z,18951,52890000,66820000
2026-09-15T21:46:49.699Z,18971,134400000,182600000
2026-09-15T21:46:49.699Z,47028,39100000,40480000
2026-09-15T21:46:49.699Z,458,1,249400
2026-09-15T21:46:49.699Z,31240,58880,205000
2026-09-15T21:46:49.699Z,1229,1404,2089
2026-09-15T21:46:49.699Z,86153,153400000,253000000
2026-09-15T21:46:49.699Z,76159,1001000,17390000
2026-09-15T21:46:49.699Z,18766,7326000,8113000
2026-09-15T21:46:49.699Z,57123,171700000,209900000
2026-09-15T21:46:49.699Z,14110,21540000,33980000
2026-09-15T21:46:49.699Z,31105,197100,261600
2026-09-15T21:46:49.699Z,23563,204200,254200
2026-09-15T21:46:49.699Z,47360,48900000,53000000
2026-09-15T21:46:49.699Z,21418,25.01,2625
2026-09-15T21:46:49.699Z,22113,4007000,5694000
2026-09-15T21:46:49.699Z,60751,10000,418300
2026-09-15T21:46:49.699Z,31726,23800000,30970000
2026-09-15T21:46:49.699Z,40764,701600000,1134000000
2026-09-15T21:46:49.699Z,33820,856500000,929200000
2026-09-15T21:46:49.699Z,36911,37080000,44860000
2026-09-15T21:46:49.699Z,9333,345000,330400
2026-09-15T21:46:49.699Z,84521,162.1,488900
2026-09-15T21:46:49.699Z,9289,250000,249900
2026-09-15T21:46:49.699Z,20845,,2883000
2026-09-15T21:46:49.699Z,20951,7.01,111
2026-09-15T21:46:49.699Z,37847,9471,12640
2026-09-15T21:46:49.699Z,32246,35120000,39040000
2026-09-15T21:46:49.699Z,26112,250000,496300
2026-09-15T21:46:49.699Z,37822,85290,297800
2026-09-15T21:46:49.699Z,90501,204100,469000
2026-09-15T21:46:49.699Z,19279,72200000,76970000
2026-09-15T21:46:49.699Z,19233,141100,190500
2026-09-15T21:46:49.699Z,43856,290300000,475000000
2026-09-15T21:46:49.699Z,2881,250500,304800
2026-09-15T21:46:49.699Z,7583,9982,9983
2026-09-15T21:46:49.699Z,45804,512500,3880000
2026-09-15T21:46:49.699Z,83335,20000,177900
2026-09-15T21:46:49.699Z,21394,321.9,3397
2026-09-15T21:46:49.699Z,20417,96470,96530
2026-09-15T21:46:49.699Z,11551,38530,42720
2026-09-15T21:46:49.699Z,5233,258600000,819700000
2026-09-15T21:46:49.699Z,11961,137200000,145900000
2026-09-15T21:46:49.699Z,35826,4105000000,4697000000
2026-09-15T21:46:49.699Z,18783,11340,445400
2026-09-15T21:46:49.699Z,8117,20500,23330
2026-09-15T21:46:49.699Z,56935,0.01,1100000000
2026-09-15T21:46:49.699Z,55643,500,29800
2026-09-15T21:46:49.699Z,13920,61180000,68850000
2026-09-15T21:46:49.699Z,2173,25290,29210
2026-09-15T21:46:49.699Z,31620,,329100
2026-09-15T21:46:49.699Z,60920,415400,4250000
2026-09-15T21:46:49.699Z,3146,1699000,1900000
2026-09-15T21:46:49.699Z,20499,93130000,99380000
2026-09-15T21:46:49.699Z,95267,,250000000
2026-09-15T21:46:49.699Z,33967,3577000,27990000
2026-09-15T21:46:49.699Z,84102,305100000,1620000000
2026-09-15T21:46:49.699Z,84105,385100000,1625000000
2026-09-15T21:46:49.699Z,35949,35030000,39890000
2026-09-15T21:46:49.699Z,33732,69290000,349900000
2026-09-15T21:46:49.699Z,22134,17320000,24940000
2026-09-15T21:46:49.699Z,75269,200000000,1200000000
2026-09-15T21:46:49.699Z,60301,1102000,1169000
2026-09-15T21:46:49.699Z,90649,2200000,9000000
2026-09-15T21:46:49.699Z,33009,1024,28290
2026-09-15T21:46:49.699Z,18764,6578000,8390000
2026-09-15T21:46:49.699Z,47775,6333000,8090000
2026-09-15T21:46:49.699Z,15905,30160000,37990000
2026-09-15T21:46:49.699Z,21931,421,465.5
2026-09-15T21:46:49.699Z,88645,8201000,92990000
2026-09-15T21:46:49.699Z,31059,12050000,12540000
2026-09-15T21:46:49.699Z,26096,37640,3760000
2026-09-15T21:46:49.699Z,30747,4648000,4828000
2026-09-15T21:46:49.699Z,30254,560.1,618.9
2026-09-15T21:46:49.699Z,20841,1050000,1893000
2026-09-15T21:46:49.699Z,37608,2751000,2956000
2026-09-15T21:46:49.699Z,26436,7022000,7613000
2026-09-15T21:46:49.699Z,42908,387100,5394000
2026-09-15T21:46:49.699Z,34638,180000000,294900000
2026-09-15T21:46:49.699Z,41311,169.1,8399
2026-09-15T21:46:49.699Z,87461,131000000,494900000
2026-09-15T21:46:49.699Z,33944,264300000,294300000
2026-09-15T21:46:49.699Z,83268,80000,154200
2026-09-15T21:46:49.699Z,85682,7005000,63980000
2026-09-15T21:46:49.699Z,52397,1490000,480000000
2026-09-15T21:46:49.699Z,29039,842800,1430000
2026-09-15T21:46:49.699Z,23731,7117,9000
2026-09-15T21:46:49.699Z,21512,45400,26000000
2026-09-15T21:46:49.699Z,75907,1204000000,1400000000
2026-09-15T21:46:49.699Z,1818,61.01,65
2026-09-15T21:46:49.699Z,85696,947900000,1463000000
2026-09-15T21:46:49.699Z,47327,320700000,411700000
2026-09-15T21:46:49.699Z,26380,4823000,7870000
2026-09-15T21:46:49.699Z,15881,22170000,31120000
2026-09-15T21:46:49.699Z,210,11.67,15.35
2026-09-15T21:46:49.699Z,42800,1006000,9097000
2026-09-15T21:46:49.699Z,84129,239200000,425000000
2026-09-15T21:46:49.699Z,45933,55000,1416000
2026-09-15T21:46:49.699Z,28304,4611000,4995000
2026-09-15T21:46:49.699Z,42756,307.5,9300000
2026-09-15T21:46:49.699Z,45800,22060000,42190000
2026-09-15T21:46:49.699Z,19043,321800000,359800000
2026-09-15T21:46:49.699Z,64410,52070000,488400000
2026-09-15T21:46:49.699Z,17887,591.5,607.4
2026-09-15T21:46:49.699Z,41254,1175000000,1489000000
2026-09-15T21:46:49.699Z,33900,46350000,48890000
2026-09-15T21:46:49.699Z,28427,50,2400
2026-09-15T21:46:49.699Z,10631,298000,317400
2026-09-15T21:46:49.699Z,31125,3054000,3332000
2026-09-15T21:46:49.699Z,33336,16760,17390
2026-09-15T21:46:49.699Z,86106,50000000,77000000
2026-09-15T21:46:49.699Z,46325,391100000,399700000
2026-09-15T21:46:49.699Z,17182,2532000,5213000
2026-09-15T21:46:49.699Z,49653,222000,2398000
2026-09-15T21:46:49.699Z,33697,13550000,14250000
2026-09-15T21:46:49.699Z,64201,1000000,125000000
2026-09-15T21:46:49.699Z,17740,834900000,874400000
2026-09-15T21:46:49.699Z,17922,207200000,232200000
2026-09-15T21:46:49.699Z,633,7750000,8882000
2026-09-15T21:46:49.699Z,16240,901800,974700
2026-09-15T21:46:49.699Z,11194,13950000,14910000
2026-09-15T21:46:49.699Z,11957,136600000,139900000
2026-09-15T21:46:49.699Z,585,310900,492200
2026-09-15T21:46:49.699Z,11999,140900000,151300000
2026-09-15T21:46:49.699Z,22440,740000000,783700000
2026-09-15T21:46:49.699Z,11488,112300,977200
2026-09-15T21:46:49.699Z,11978,114000000,119800000
2026-09-15T21:46:49.699Z,13831,11330,999900
2026-09-15T21:46:49.699Z,11377,14430000,15390000
2026-09-15T21:46:49.699Z,29984,214900000,229500000
2026-09-15T21:46:49.699Z,33382,268500000,474900000
2026-09-15T21:46:49.699Z,62556,2281,4248
2026-09-15T21:46:49.699Z,14500,1999000,1193000000
2026-09-15T21:46:49.699Z,22137,407300000,441300000
2026-09-15T21:46:49.699Z,82438,10020,1266000
2026-09-15T21:46:49.699Z,84109,335100000,2840000000
2026-09-15T21:46:49.699Z,84103,600100000,1149000000
2026-09-15T21:46:49.699Z,17216,503.2,4501
2026-09-15T21:46:49.699Z,23523,90650,195000
2026-09-15T21:46:49.699Z,20955,1256,21740
2026-09-15T21:46:49.699Z,84416,215500,498000
2026-09-15T21:46:49.699Z,82184,4806000,6978000
2026-09-15T21:46:49.699Z,588,4000,4001
2026-09-15T21:46:49.699Z,15607,1390,4000
2026-09-15T21:46:49.699Z,52406,16000000,160000000
2026-09-15T21:46:49.699Z,36494,30030,1248000
2026-09-15T21:46:49.699Z,85146,80000,178800
2026-09-15T21:46:49.699Z,82351,60000,118500
2026-09-15T21:46:49.699Z,25600,43000,43790
2026-09-15T21:46:49.699Z,15889,37470000,40000000
2026-09-15T21:46:49.699Z,25924,,4559000
2026-09-15T21:46:49.699Z,58898,25000,697800
2026-09-15T21:46:49.699Z,93778,,42890
2026-09-15T21:46:49.699Z,15784,50020000,64930000
2026-09-15T21:46:49.699Z,18706,105800000,127900000
2026-09-15T21:46:49.699Z,18779,61920000,90830000
2026-09-15T21:46:49.699Z,19297,168600000,188600000
2026-09-15T21:46:49.699Z,1422,339900,413100
2026-09-15T21:46:49.699Z,45990,4000000,69960000
2026-09-15T21:46:49.699Z,14538,3918000000,6589000000
2026-09-15T21:46:49.699Z,34206,300700,329400
2026-09-15T21:46:49.699Z,42753,18310,2700000
2026-09-15T21:46:49.699Z,81065,63620,71720
2026-09-15T21:46:49.699Z,77174,73020000,279800000
2026-09-15T21:46:49.699Z,46099,889900,999000000
2026-09-15T21:46:49.699Z,42586,51000000,159800000
2026-09-15T21:46:49.699Z,46121,161900,990000000
2026-09-15T21:46:49.699Z,34641,55000000,148800000
2026-09-15T21:46:49.699Z,35833,8458000000,9553000000
2026-09-15T21:46:49.699Z,47030,32560000,68390000
2026-09-15T21:46:49.699Z,46415,7026000,359000000
2026-09-15T21:46:49.699Z,45991,20200000,84990000
2026-09-15T21:46:49.699Z,45921,1003000,35000000
2026-09-15T21:46:49.699Z,36637,100000,58880000
2026-09-15T21:46:49.699Z,45859,40000000,84590000
2026-09-15T21:46:49.699Z,42835,381.5,467.3
2026-09-15T21:46:49.699Z,20849,12060,190000
2026-09-15T21:46:49.699Z,15955,115300000,128100000
2026-09-15T21:46:49.699Z,44,13090,13350
2026-09-15T21:46:49.699Z,20927,500.1,500.3
2026-09-15T21:46:49.699Z,16653,27030,27060
2026-09-15T21:46:49.699Z,45776,62000,599200
2026-09-15T21:46:49.699Z,44137,,999800
2026-09-15T21:46:49.699Z,4158,17500000,367000000
2026-09-15T21:46:49.699Z,63144,20000,2494000
2026-09-15T21:46:49.699Z,45661,1636,1647
2026-09-15T21:46:49.699Z,88638,10000,733100
2026-09-15T21:46:49.699Z,9495,467600,531900
2026-09-15T21:46:49.699Z,84742,897800000,1095000000
2026-09-15T21:46:49.699Z,45484,185600000,684000000
2026-09-15T21:46:49.699Z,29994,470000,799600
2026-09-15T21:46:49.699Z,26104,0.02,2906000
2026-09-15T21:46:49.699Z,24486,45.26,90.59
2026-09-15T21:46:49.699Z,46145,2033000,889900000
2026-09-15T21:46:49.699Z,63790,68110000,244900000
2026-09-15T21:46:49.699Z,27369,36100,69900
2026-09-15T21:46:49.699Z,19553,182600000,191900000
2026-09-15T21:46:49.699Z,41309,390,92930
2026-09-15T21:46:49.699Z,86216,2790000,3000000
2026-09-15T21:46:49.699Z,83222,140000,750000
2026-09-15T21:46:49.699Z,49619,1300000,4000000
2026-09-15T21:46:49.699Z,19042,242000000,322400000
2026-09-15T21:46:49.699Z,83323,1001,75000
2026-09-15T21:46:49.699Z,33513,405000000,454600000
2026-09-15T21:46:49.699Z,15646,50000,50010
2026-09-15T21:46:49.699Z,31324,800300,1122000
2026-09-15T21:46:49.699Z,23009,1344,1498
2026-09-15T21:46:49.699Z,60677,67800,890000
2026-09-15T21:46:49.699Z,17287,150100,9600000
2026-09-15T21:46:49.699Z,3293,4700,35840
2026-09-15T21:46:49.699Z,1956,2173,51660
2026-09-15T21:46:49.699Z,90591,4100,15260
2026-09-15T21:46:49.699Z,25928,,1418000
2026-09-15T21:46:49.699Z,21890,42860000,46590000
2026-09-15T21:46:49.699Z,31576,155800,1374000
2026-09-15T21:46:49.699Z,60306,706900,987600
2026-09-15T21:46:49.699Z,84498,22120000,175900000
2026-09-15T21:46:49.699Z,90475,44510000,51170000
2026-09-15T21:46:49.699Z,41474,508700000,1100000000
2026-09-15T21:46:49.699Z,43881,305000000,915000000
2026-09-15T21:46:49.699Z,88087,5,9
2026-09-15T21:46:49.699Z,62588,22000,26390
2026-09-15T21:46:49.699Z,63061,89980000,127100000
2026-09-15T21:46:49.699Z,43892,651000000,795000000
2026-09-15T21:46:49.699Z,3296,18970,37360
2026-09-15T21:46:49.699Z,47748,874000,1331000
2026-09-15T21:46:49.699Z,14154,4077000,4575000
2026-09-15T21:46:49.699Z,83346,300000,1665000
2026-09-15T21:46:49.699Z,83349,10000,460500
2026-09-15T21:46:49.699Z,88642,10000,899800
2026-09-15T21:46:49.699Z,82347,40000,8700000
2026-09-15T21:46:49.699Z,82471,10000,449700
2026-09-15T21:46:49.699Z,399,7510,11690
2026-09-15T21:46:49.699Z,41129,25150000,99890000
2026-09-15T21:46:49.699Z,82433,10000,297700
2026-09-15T21:46:49.699Z,83227,10000,225400
2026-09-15T21:46:49.699Z,82369,60000,1249000
2026-09-15T21:46:49.699Z,85468,4104000,5800000
2026-09-15T21:46:49.699Z,82385,10000,444600
2026-09-15T21:46:49.699Z,82470,20000,586800
2026-09-15T21:46:49.699Z,82435,100000,394900
2026-09-15T21:46:49.699Z,56979,3800,196700
2026-09-15T21:46:49.699Z,82382,60000,2475000
2026-09-15T21:46:49.699Z,31075,33070000,36270000
2026-09-15T21:46:49.699Z,93470,24980000,249800000
2026-09-15T21:46:49.699Z,91409,10000000,14800000
2026-09-15T21:46:49.699Z,17551,149.1,359900
2026-09-15T21:46:49.699Z,90496,100,2890
2026-09-15T21:46:49.699Z,81144,5034,5726
2026-09-15T21:46:49.699Z,16654,3612,4189
2026-09-15T21:46:49.699Z,36435,108600,25000000
2026-09-15T21:46:49.699Z,84343,7199000,9800000
2026-09-15T21:46:49.699Z,91243,51000000,84990000
2026-09-15T21:46:49.699Z,93345,340000,121100000
2026-09-15T21:46:49.699Z,17982,1251000,6979000
2026-09-15T21:46:49.699Z,40351,124900000,136700000
2026-09-15T21:46:49.699Z,14984,25080000,531000000
2026-09-15T21:46:49.699Z,34433,82000,747400
2026-09-15T21:46:49.699Z,21097,760000,1002000
2026-09-15T21:46:49.699Z,21888,42530000,48190000
2026-09-15T21:46:49.699Z,60304,91320,379900
2026-09-15T21:46:49.699Z,28661,829000000,884300000
2026-09-15T21:46:49.699Z,2349,87370,101700
2026-09-15T21:46:49.699Z,4533,3365,7000
2026-09-15T21:46:49.699Z,36958,35050000,98500000
2026-09-15T21:46:49.699Z,84419,2006,24730
2026-09-15T21:46:49.699Z,464,1211000,2492000
2026-09-15T21:46:49.699Z,53010,700100,4744000
2026-09-15T21:46:49.699Z,4233,0.01,17500000
2026-09-15T21:46:49.699Z,17928,92390000,97820000
2026-09-15T21:46:49.699Z,16365,338400,368500
2026-09-15T21:46:49.699Z,79719,607100,5250000
2026-09-15T21:46:49.699Z,44157,151200,2099000
2026-09-15T21:46:49.699Z,59198,101000,320000
2026-09-15T21:46:49.699Z,60295,965200,1026000
2026-09-15T21:46:49.699Z,31443,,1096000
2026-09-15T21:46:49.699Z,92453,187700000,296300000
2026-09-15T21:46:49.699Z,55832,67600,145000
2026-09-15T21:46:49.699Z,92997,3605000,17590000
2026-09-15T21:46:49.699Z,37797,500200,5249000
2026-09-15T21:46:49.699Z,23045,1459,1623
2026-09-15T21:46:49.699Z,10246,9051,12710
2026-09-15T21:46:49.699Z,50132,1452,8997
2026-09-15T21:46:49.699Z,43919,275500000,425000000
2026-09-15T21:46:49.699Z,11235,13000,700000
2026-09-15T21:46:49.699Z,4312,17680,17900
2026-09-15T21:46:49.699Z,82478,10010,988000
2026-09-15T21:46:49.699Z,40561,18020000,26380000
2026-09-15T21:46:49.699Z,84336,401000,1298000
2026-09-15T21:46:49.699Z,41510,5202000,2070000000
2026-09-15T21:46:49.699Z,1230,11.28,12
2026-09-15T21:46:49.699Z,47802,20270000,22830000
2026-09-15T21:46:49.699Z,85780,60010,779500
2026-09-15T21:46:49.699Z,33522,25500000,31120000
2026-09-15T21:46:49.699Z,4252,4170000,25790000
2026-09-15T21:46:49.699Z,8133,5531,10870
2026-09-15T21:46:49.699Z,46992,3100000,9997000
2026-09-15T21:46:49.699Z,32780,3451000,3724000
2026-09-15T21:46:49.699Z,4399,3239000,4932000
2026-09-15T21:46:49.699Z,25902,0.02,10660000
2026-09-15T21:46:49.699Z,24241,1013,124900
2026-09-15T21:46:49.699Z,21082,65070,65080
2026-09-15T21:46:49.699Z,15208,2418000000,4078000000
2026-09-15T21:46:49.699Z,47770,137000,168500
2026-09-15T21:46:49.699Z,79616,90000000,195000000
2026-09-15T21:46:49.699Z,36437,3000000,14000000
2026-09-15T21:46:49.699Z,27423,1392,1462
2026-09-15T21:46:49.699Z,30008,605300,979300
2026-09-15T21:46:49.699Z,28811,384300000,434400000
2026-09-15T21:46:49.699Z,14098,246500,518400
2026-09-15T21:46:49.699Z,4529,2417,5989
2026-09-15T21:46:49.699Z,90470,100,100.1
2026-09-15T21:46:49.699Z,82379,201000,421600
2026-09-15T21:46:49.699Z,60917,6710000,9711000
2026-09-15T21:46:49.699Z,31959,140000000,174100000
2026-09-15T21:46:49.699Z,230,72.42,82.5
2026-09-15T21:46:49.699Z,34728,1220000,2293000
2026-09-15T21:46:49.699Z,28433,193100,213200
2026-09-15T21:46:49.699Z,62571,4251,5150
2026-09-15T21:46:49.699Z,31279,,58000000
2026-09-15T21:46:49.699Z,18883,782000000,859200000
2026-09-15T21:46:49.699Z,17365,298200,748900
2026-09-15T21:46:49.699Z,45573,19850000,178900000
2026-09-15T21:46:49.699Z,85664,271200000,348300000
2026-09-15T21:46:49.699Z,46866,1551000,9997000
2026-09-15T21:46:49.699Z,49434,5043000,11720000
2026-09-15T21:46:49.699Z,78767,301200,1600000
2026-09-15T21:46:49.699Z,89704,40000,75690
2026-09-15T21:46:49.699Z,19053,24080000,30510000
2026-09-15T21:46:49.699Z,91922,1037000,2500000
2026-09-15T21:46:49.699Z,14061,5710000,6297000
2026-09-15T21:46:49.699Z,32104,5301000,11490000
2026-09-15T21:46:49.699Z,82496,53420000,128100000
2026-09-15T21:46:49.699Z,18787,,3217000
2026-09-15T21:46:49.699Z,33138,791900,1645000
2026-09-15T21:46:49.699Z,27471,2200,2588
2026-09-15T21:46:49.699Z,24641,14650000,16960000
2026-09-15T21:46:49.699Z,23167,91.35,91.36
2026-09-15T21:46:49.699Z,41459,320200000,338300000
2026-09-15T21:46:49.699Z,13263,12700000,15030000
2026-09-15T21:46:49.699Z,17267,5013,30990
2026-09-15T21:46:49.699Z,85670,19010000,3399000000
2026-09-15T21:46:49.699Z,21472,73000000,80000000
2026-09-15T21:46:49.699Z,14706,662000000,1322000000
2026-09-15T21:46:49.699Z,22229,5231000,5441000
2026-09-15T21:46:49.699Z,53376,100100,1599000
2026-09-15T21:46:49.699Z,15806,80990000,89820000
2026-09-15T21:46:49.699Z,19411,12260000,12760000
2026-09-15T21:46:49.699Z,92982,2200000,17910000
2026-09-15T21:46:49.699Z,45926,118000,6890000
2026-09-15T21:46:49.699Z,16245,11260000,16500000
2026-09-15T21:46:49.699Z,30562,132200,377000
2026-09-15T21:46:49.699Z,16680,780.8,812.4
2026-09-15T21:46:49.699Z,61866,10030000,29420000
2026-09-15T21:46:49.699Z,11454,83040,664900
2026-09-15T21:46:49.699Z,43733,270000000,549000000
2026-09-15T21:46:49.699Z,19057,44810000,49560000
2026-09-15T21:46:49.699Z,18935,73950000,92930000
2026-09-15T21:46:49.699Z,92468,1206000,1337000
2026-09-15T21:46:49.699Z,85746,3527,4073
2026-09-15T21:46:49.699Z,13894,300100,300200
2026-09-15T21:46:49.699Z,3265,5851000,6340000
2026-09-15T21:46:49.699Z,22124,296000000,329800000
2026-09-15T21:46:49.699Z,45582,405700,145000000
2026-09-15T21:46:49.699Z,47911,2206000,2382000
2026-09-15T21:46:49.699Z,12068,2849000,3289000
2026-09-15T21:46:49.699Z,27427,281.4,560.5
2026-09-15T21:46:49.699Z,60924,21000000,39000000
2026-09-15T21:46:49.699Z,40663,153800000,764600000
2026-09-15T21:46:49.699Z,31055,1310000,1426000
2026-09-15T21:46:49.699Z,31432,0.01,358100
2026-09-15T21:46:49.699Z,31462,1800000,2199000
2026-09-15T21:46:49.699Z,91102,194300000,429000000
2026-09-15T21:46:49.699Z,31478,115.7,98950
2026-09-15T21:46:49.699Z,31522,618500,6497000
2026-09-15T21:46:49.699Z,31117,51000,61980
2026-09-15T21:46:49.699Z,31165,2700000,2843000
2026-09-15T21:46:49.699Z,37481,38270000,42900000
2026-09-15T21:46:49.699Z,31790,1192000,1289000
2026-09-15T21:46:49.699Z,31810,4075000,4990000
2026-09-15T21:46:49.699Z,20701,57900000,73910000
2026-09-15T21:46:49.699Z,1565,302100,549700
2026-09-15T21:46:49.699Z,59814,60610000,547600000
2026-09-15T21:46:49.699Z,40714,22820000,35260000
2026-09-15T21:46:49.699Z,27536,220000000,2077000000
2026-09-15T21:46:49.699Z,20010,2115,94980
2026-09-15T21:46:49.699Z,57015,3006000,4841000
2026-09-15T21:46:49.699Z,44113,35010,320000000
2026-09-15T21:46:49.699Z,4306,53250000,65150000
2026-09-15T21:46:49.699Z,27359,1957,2042
2026-09-15T21:46:49.699Z,14009,2297,19300
2026-09-15T21:46:49.699Z,60200,75000000,90000000
2026-09-15T21:46:49.699Z,18704,118800000,144500000
2026-09-15T21:46:49.699Z,18841,736200,2130000
2026-09-15T21:46:49.699Z,85534,26990000,70000000
2026-09-15T21:46:49.699Z,34626,199200,198500000
2026-09-15T21:46:49.699Z,18955,60850000,80940000
2026-09-15T21:46:49.699Z,47261,1000000000,1834000000
2026-09-15T21:46:49.699Z,57121,299300000,337800000
2026-09-15T21:46:49.699Z,82489,80000,1961000
2026-09-15T21:46:49.699Z,46813,20000,1945000
2026-09-15T21:46:49.699Z,26318,13750000,61230000
2026-09-15T21:46:49.699Z,41174,351800000,499900000
2026-09-15T21:46:49.699Z,45830,126100,680000
2026-09-15T21:46:49.699Z,27911,16500000,23000000
2026-09-15T21:46:49.699Z,85497,349400,6888000
2026-09-15T21:46:49.699Z,26040,101200,960300
2026-09-15T21:46:49.699Z,17863,2361,6471
2026-09-15T21:46:49.699Z,1539,22050,24450
2026-09-15T21:46:49.699Z,49705,21140,499800
2026-09-15T21:46:49.699Z,26048,521900,1275000
2026-09-15T21:46:49.699Z,16537,11860000,13650000
2026-09-15T21:46:49.699Z,40660,49150000,57700000
2026-09-15T21:46:49.699Z,85004,,847200000
2026-09-15T21:46:49.699Z,27573,61160000,139800000
2026-09-15T21:46:49.699Z,90635,1000,106800
2026-09-15T21:46:49.699Z,85506,850200,10160000
2026-09-15T21:46:49.699Z,79736,131100,3096000
2026-09-15T21:46:49.699Z,22969,246.1,369
2026-09-15T21:46:49.699Z,47073,78900000,119700000
2026-09-15T21:46:49.699Z,91410,37000000,64790000
2026-09-15T21:46:49.699Z,85532,721200,6696000
2026-09-15T21:46:49.699Z,44945,12100000,38430000
2026-09-15T21:46:49.699Z,45839,982000,10780000
2026-09-15T21:46:49.699Z,34692,3011000,16980000
2026-09-15T21:46:49.699Z,45958,4200000,12190000
2026-09-15T21:46:49.699Z,45821,900000,11730000
2026-09-15T21:46:49.699Z,20919,70.11,70.12
2026-09-15T21:46:49.699Z,20161,791900000,944400000
2026-09-15T21:46:49.699Z,31421,,1737000
2026-09-15T21:46:49.699Z,19996,1.23,11.23
2026-09-15T21:46:49.699Z,46050,6245000,13290000
2026-09-15T21:46:49.699Z,84079,17700000,62000000
2026-09-15T21:46:49.699Z,47001,151400,3690000
2026-09-15T21:46:49.699Z,57009,361400,3239000
2026-09-15T21:46:49.699Z,14958,4215000,419000000
2026-09-15T21:46:49.699Z,20725,1.41,20
2026-09-15T21:46:49.699Z,28808,71310000,83670000
2026-09-15T21:46:49.699Z,19011,17620000,25560000
2026-09-15T21:46:49.699Z,45653,785400,985500
2026-09-15T21:46:49.699Z,62383,85210,90870
2026-09-15T21:46:49.699Z,11539,35100,42570
2026-09-15T21:46:49.699Z,60926,8001000,37500000
2026-09-15T21:46:49.699Z,54437,1920000,41760000
2026-09-15T21:46:49.699Z,54400,200700000,217800000
2026-09-15T21:46:49.699Z,46731,,1697000000
2026-09-15T21:46:49.699Z,89953,20000,252000
2026-09-15T21:46:49.699Z,62646,503000,4787000
2026-09-15T21:46:49.699Z,27259,105000,239700
2026-09-15T21:46:49.699Z,18861,39680000,45370000
2026-09-15T21:46:49.699Z,5867,559.4,695
2026-09-15T21:46:49.699Z,55358,30090,94950
2026-09-15T21:46:49.699Z,54443,16370000,52730000
2026-09-15T21:46:49.699Z,83376,10000,1869000
2026-09-15T21:46:49.699Z,31419,,1183000
2026-09-15T21:46:49.699Z,16515,18000,18010
2026-09-15T21:46:49.699Z,47263,8500000000,12490000000
2026-09-15T21:46:49.699Z,15721,1647000,3378000
2026-09-15T21:46:49.699Z,89508,91400000,185000000
2026-09-15T21:46:49.699Z,84405,1291,1428
2026-09-15T21:46:49.699Z,15588,8003,8004
2026-09-15T21:46:49.699Z,82958,61000,979900
2026-09-15T21:46:49.699Z,15683,108000000,113900000
2026-09-15T21:46:49.699Z,28364,7760,8399
2026-09-15T21:46:49.699Z,55618,0.01,98600
2026-09-15T21:46:49.699Z,23817,41000000,58000000
2026-09-15T21:46:49.699Z,17272,5000,5001
2026-09-15T21:46:49.699Z,48656,1485000,279000000
2026-09-15T21:46:49.699Z,89328,15480000,18620000
2026-09-15T21:46:49.699Z,31433,,1645000
2026-09-15T21:46:49.699Z,89514,462700000,800000000
2026-09-15T21:46:49.699Z,20747,3525,4518
2026-09-15T21:46:49.699Z,23920,410400000,23000000000
2026-09-15T21:46:49.699Z,46004,141700,166300
2026-09-15T21:46:49.699Z,30754,5103000,6103000
2026-09-15T21:46:49.699Z,17234,15030,48000
2026-09-15T21:46:49.699Z,33092,1013,10450
2026-09-15T21:46:49.699Z,55025,60200000,84900000
2026-09-15T21:46:49.699Z,41507,132000000,140400000
2026-09-15T21:46:49.699Z,22456,36050000,39970000
2026-09-15T21:46:49.699Z,46529,400400000,7855000000
2026-09-15T21:46:49.699Z,13799,4132000,9120000
2026-09-15T21:46:49.699Z,31973,119300000,224000000
2026-09-15T21:46:49.699Z,1274,2187,17860
2026-09-15T21:46:49.699Z,60459,92930,96590
2026-09-15T21:46:49.699Z,14758,,1458000000
2026-09-15T21:46:49.699Z,15154,2122000000,4499000000
2026-09-15T21:46:49.699Z,81826,668500000,749400000
2026-09-15T21:46:49.699Z,19699,19970000,23420000
2026-09-15T21:46:49.699Z,15587,4501,4502
2026-09-15T21:46:49.699Z,87521,38580000,120000000
2026-09-15T21:46:49.699Z,84684,431100000,700000000
2026-09-15T21:46:49.699Z,41219,36720000,44520000
2026-09-15T21:46:49.699Z,27559,55490000,294900000
2026-09-15T21:46:49.699Z,3342,5000,5001
2026-09-15T21:46:49.699Z,45851,17010000,44590000
2026-09-15T21:46:49.699Z,89612,167,489.5
2026-09-15T21:46:49.699Z,27361,733.1,757.2
2026-09-15T21:46:49.699Z,18710,178300000,197000000
2026-09-15T21:46:49.699Z,17245,6020,79970
2026-09-15T21:46:49.699Z,79724,255000,1750000
2026-09-15T21:46:49.699Z,41033,11750,13400
2026-09-15T21:46:49.699Z,182,9.21,9.22
2026-09-15T21:46:49.699Z,3284,115000,17750000
2026-09-15T21:46:49.699Z,85305,2302000,6462000
2026-09-15T21:46:49.699Z,41240,494200000,876200000
2026-09-15T21:46:49.699Z,57022,3600000,11390000
2026-09-15T21:46:49.699Z,26298,79690000,99040000
2026-09-15T21:46:49.699Z,15626,8000,8001
2026-09-15T21:46:49.699Z,11736,6001,18480
2026-09-15T21:46:49.699Z,27365,32280,35280
2026-09-15T21:46:49.699Z,11400,16220000,16690000
2026-09-15T21:46:49.699Z,26288,56910000,62420000
2026-09-15T21:46:49.699Z,3446,216.6,1160
2026-09-15T21:46:49.699Z,9582,1300,4378
2026-09-15T21:46:49.699Z,3271,13810,3375000
2026-09-15T21:46:49.699Z,43556,1760000,1986000
2026-09-15T21:46:49.699Z,85464,2123000,3000000
2026-09-15T21:46:49.699Z,85655,3503000,11500000
2026-09-15T21:46:49.699Z,3276,499000000,735700000
2026-09-15T21:46:49.699Z,19554,218200000,329000000
2026-09-15T21:46:49.699Z,77887,28000000,87780000
2026-09-15T21:46:49.699Z,15872,600000,1000000
2026-09-15T21:46:49.699Z,15828,601400,2700000
2026-09-15T21:46:49.699Z,2312,13000,13800
2026-09-15T21:46:49.699Z,3210,57800000,100000000
2026-09-15T21:46:49.699Z,84074,2043000,143700000
2026-09-15T21:46:49.699Z,24527,1552,1614
2026-09-15T21:46:49.699Z,62032,300,18000
2026-09-15T21:46:49.699Z,3174,10000000,90450000
2026-09-15T21:46:49.699Z,25952,,3198000
2026-09-15T21:46:49.699Z,91927,3660000,9953000
2026-09-15T21:46:49.699Z,21791,610.4,9970
2026-09-15T21:46:49.699Z,14638,2601000000,3150000000
2026-09-15T21:46:49.699Z,22570,19010000,20950000
2026-09-15T21:46:49.699Z,79715,514200,2500000
2026-09-15T21:46:49.699Z,46803,500000,14980000
2026-09-15T21:46:49.699Z,53486,75260,2000000
2026-09-15T21:46:49.699Z,45943,100000,2772000
2026-09-15T21:46:49.699Z,31244,878300,1033000
2026-09-15T21:46:49.699Z,33139,2003000,2476000
2026-09-15T21:46:49.699Z,8535,35600,35610
2026-09-15T21:46:49.699Z,19191,435800000,468700000
2026-09-15T21:46:49.699Z,25709,19100,19200
2026-09-15T21:46:49.699Z,14415,200000000,375000000
2026-09-15T21:46:49.699Z,9622,22510,26490
2026-09-15T21:46:49.699Z,19275,1080000,2839000
2026-09-15T21:46:49.699Z,30464,65300,119300
2026-09-15T21:46:49.699Z,10868,8951,15870
2026-09-15T21:46:49.699Z,24700,46580000,52460000
2026-09-15T21:46:49.699Z,42799,6621000,18000000
2026-09-15T21:46:49.699Z,9702,452500,23700000
2026-09-15T21:46:49.699Z,45836,19010,5973000
2026-09-15T21:46:49.699Z,87842,92020000,237900000
2026-09-15T21:46:49.699Z,42907,6090000,17470000
2026-09-15T21:46:49.699Z,85391,38400,59200
2026-09-15T21:46:49.699Z,47905,1698000,1787000
2026-09-15T21:46:49.699Z,88649,1004000,12900000
2026-09-15T21:46:49.699Z,84431,44520,55000
2026-09-15T21:46:49.699Z,61127,2003000,29940000
2026-09-15T21:46:49.699Z,94020,225500000,392500000
2026-09-15T21:46:49.699Z,32307,381000000,419400000
2026-09-15T21:46:49.699Z,31400,0.02,1068000
2026-09-15T21:46:49.699Z,55337,11.02,89500
2026-09-15T21:46:49.699Z,89662,29250000,68950000
2026-09-15T21:46:49.699Z,3989,1530000,2189000
2026-09-15T21:46:49.699Z,4247,18300,18970
2026-09-15T21:46:49.699Z,83467,2082000,2308000
2026-09-15T21:46:49.699Z,41268,16890,22000
2026-09-15T21:46:49.699Z,50067,9553000000,15890000000
2026-09-15T21:46:49.699Z,45874,102000,1811000
2026-09-15T21:46:49.699Z,78267,9667000000,12960000000
2026-09-15T21:46:49.699Z,43508,1152000,12000000
2026-09-15T21:46:49.699Z,43846,2100000,18170000
2026-09-15T21:46:49.699Z,85148,60010,1994000
2026-09-15T21:46:49.699Z,46920,4489000,18930000
2026-09-15T21:46:49.699Z,43551,1740000,2053000
2026-09-15T21:46:49.699Z,92954,18010,24990
2026-09-15T21:46:49.699Z,18973,52500000,73680000
2026-09-15T21:46:49.699Z,45884,151200,2495000
2026-09-15T21:46:49.699Z,634,8408000,11250000
2026-09-15T21:46:49.699Z,37299,222900000,263300000
2026-09-15T21:46:49.699Z,5975,7321,9100
2026-09-15T21:46:49.699Z,23073,10050,298600
2026-09-15T21:46:49.699Z,5051,53560,114900
2026-09-15T21:46:49.699Z,14194,115000,19860000
2026-09-15T21:46:49.699Z,16696,1227000,3531000
2026-09-15T21:46:49.699Z,27111,160000,160100
2026-09-15T21:46:49.699Z,4358,58740,92980
2026-09-15T21:46:49.699Z,31374,19630000,23010000
2026-09-15T21:46:49.699Z,17224,11000,1582000
2026-09-15T21:46:49.699Z,31642,313600000,366100000
2026-09-15T21:46:49.699Z,45761,556600,2261000
2026-09-15T21:46:49.699Z,45770,177700,1068000
2026-09-15T21:46:49.699Z,17930,53020000,56950000
2026-09-15T21:46:49.699Z,14966,708000000,2129000000
2026-09-15T21:46:49.699Z,14076,83110,102600
2026-09-15T21:46:49.699Z,45938,113500,992300
2026-09-15T21:46:49.699Z,23095,268600,449700
2026-09-15T21:46:49.699Z,82964,10000,188200
2026-09-15T21:46:49.699Z,78785,100000,2490000
2026-09-15T21:46:49.699Z,88678,7201000,23990000
2026-09-15T21:46:49.699Z,16068,55030000,61810000
2026-09-15T21:46:49.699Z,17407,2002000,7090000
2026-09-15T21:46:49.699Z,33330,5250,5281
2026-09-15T21:46:49.699Z,45875,7136,848500
2026-09-15T21:46:49.699Z,54393,305700000,335700000
2026-09-15T21:46:49.699Z,13958,30910000,47790000
2026-09-15T21:46:49.699Z,21198,8732,136000
2026-09-15T21:46:49.699Z,586,412600,553800
2026-09-15T21:46:49.699Z,26292,51750000,63150000
2026-09-15T21:46:49.699Z,46848,704100,4962000
2026-09-15T21:46:49.699Z,85676,3800000,26000000
2026-09-15T21:46:49.699Z,53425,72460000,147700000
2026-09-15T21:46:49.699Z,30558,5649000,6291000
2026-09-15T21:46:49.699Z,77165,60000000,105000000
2026-09-15T21:46:49.699Z,85643,352800,1400000
2026-09-15T21:46:49.699Z,11355,3728,19000
2026-09-15T21:46:49.699Z,34102,334400000,649000000
2026-09-15T21:46:49.699Z,56850,587500000,650000000
2026-09-15T21:46:49.699Z,4345,465200000,499300000
2026-09-15T21:46:49.699Z,78797,405000,3990000
2026-09-15T21:46:49.699Z,15830,17520000,178900000
2026-09-15T21:46:49.699Z,16457,5000000,5414000
2026-09-15T21:46:49.699Z,27607,4000000,4700000000
2026-09-15T21:46:49.699Z,47532,8001000,28880000
2026-09-15T21:46:49.699Z,31740,14900,19990
2026-09-15T21:46:49.699Z,3215,538000000,643400000
2026-09-15T21:46:49.699Z,19147,20520000,22370000
2026-09-15T21:46:49.699Z,76175,15080000,100900000
2026-09-15T21:46:49.699Z,42529,346100,496900
2026-09-15T21:46:49.699Z,27419,974.3,1077
2026-09-15T21:46:49.699Z,2571,1023000,1337000
2026-09-15T21:46:49.699Z,53904,25930000,103900000
2026-09-15T21:46:49.699Z,81008,13680000,14720000
2026-09-15T21:46:49.699Z,49432,2000000,2894000
2026-09-15T21:46:49.699Z,19201,139000000,148000000
2026-09-15T21:46:49.699Z,88467,100000,2772000
2026-09-15T21:46:49.699Z,43775,510200000,560000000
2026-09-15T21:46:49.699Z,63864,50.01,1680000
2026-09-15T21:46:49.699Z,55752,106000,1500000
2026-09-15T21:46:49.699Z,55520,11440,1500000
2026-09-15T21:46:49.699Z,33890,335600,403500
2026-09-15T21:46:49.699Z,91396,2400000,5100000
2026-09-15T21:46:49.699Z,27433,368,973
2026-09-15T21:46:49.699Z,14296,3494000,3982000
2026-09-15T21:46:49.699Z,15855,121100,29000000
2026-09-15T21:46:49.699Z,31203,,252800
2026-09-15T21:46:49.699Z,19345,90360000,99400000
2026-09-15T21:46:49.699Z,46675,3203,6900
2026-09-15T21:46:49.699Z,85964,499900,79980000
2026-09-15T21:46:49.699Z,46786,150100,3976000
2026-09-15T21:46:49.699Z,31880,1079000,1133000
2026-09-15T21:46:49.699Z,52915,107600000,117600000
2026-09-15T21:46:49.699Z,9950,1750000,2499000
2026-09-15T21:46:49.699Z,15925,4003000,4995000
2026-09-15T21:46:49.699Z,14124,22170000,26790000
2026-09-15T21:46:49.699Z,87831,1600000,3746000
2026-09-15T21:46:49.699Z,90417,1001000,2263000
2026-09-15T21:46:49.699Z,31700,400000,2554000
2026-09-15T21:46:49.699Z,88594,100100,1909000
2026-09-15T21:46:49.699Z,33294,,55900000
2026-09-15T21:46:49.699Z,28435,357200,467800
2026-09-15T21:46:49.699Z,36358,15300000,69990000
2026-09-15T21:46:49.699Z,15913,26600,512600
2026-09-15T21:46:49.699Z,19183,118400000,130000000
2026-09-15T21:46:49.699Z,87778,365100,499800
2026-09-15T21:46:49.699Z,3250,3001,5517000
2026-09-15T21:46:49.699Z,31330,11110000,13540000
2026-09-15T21:46:49.699Z,47798,149000,998000
2026-09-15T21:46:49.699Z,29001,8009,20020
2026-09-15T21:46:49.699Z,23059,4343000,5039000
2026-09-15T21:46:49.699Z,15172,209500,162100000
2026-09-15T21:46:49.699Z,84166,2808000,9985000
2026-09-15T21:46:49.699Z,58895,50100,988700
2026-09-15T21:46:49.699Z,54399,139900000,164200000
2026-09-15T21:46:49.699Z,21898,425.2,469.5
2026-09-15T21:46:49.699Z,85971,55140000,108700000
2026-09-15T21:46:49.699Z,48927,13810,16000
2026-09-15T21:46:49.699Z,84673,2870000,1100000000
2026-09-15T21:46:49.699Z,19935,10130,14760
2026-09-15T21:46:49.699Z,45900,1001000,24690000
2026-09-15T21:46:49.699Z,19686,109000000,119300000
2026-09-15T21:46:49.699Z,21338,5.14,27.86
2026-09-15T21:46:49.699Z,31562,110100,184800
2026-09-15T21:46:49.699Z,568,210700,314300
2026-09-15T21:46:49.699Z,13001,1239000,1588000
2026-09-15T21:46:49.699Z,44917,1505000,14290000
2026-09-15T21:46:49.699Z,11192,16930000,16940000
2026-09-15T21:46:49.699Z,26100,506000,5713000
2026-09-15T21:46:49.699Z,57058,1000000,429900000
2026-09-15T21:46:49.699Z,33285,5003000,35000000
2026-09-15T21:46:49.699Z,84988,,1711000000
2026-09-15T21:46:49.699Z,31175,148100000,299300000
2026-09-15T21:46:49.699Z,56206,2802000000,3292000000
2026-09-15T21:46:49.699Z,89710,2602000,6999000
2026-09-15T21:46:49.699Z,83287,10000,76870
2026-09-15T21:46:49.699Z,48203,103800000,153800000
2026-09-15T21:46:49.699Z,32949,905200000,2197000000
2026-09-15T21:46:49.699Z,47898,520100,520200
2026-09-15T21:46:49.699Z,19200,144600000,156000000
2026-09-15T21:46:49.699Z,31410,36360000,48670000
2026-09-15T21:46:49.699Z,85465,359900000,900000000
2026-09-15T21:46:49.699Z,23003,450.4,1699
2026-09-15T21:46:49.699Z,42584,15100000,98910000
2026-09-15T21:46:49.699Z,17660,4,1933
2026-09-15T21:46:49.699Z,85152,1802000,6447000
2026-09-15T21:46:49.699Z,85150,1200000,2489000
2026-09-15T21:46:49.699Z,21894,1160,1257
2026-09-15T21:46:49.699Z,6005,2384,4174
2026-09-15T21:46:49.699Z,46240,2089000,18730000
2026-09-15T21:46:49.699Z,20981,805.1,7995
2026-09-15T21:46:49.699Z,208,62.81,70
2026-09-15T21:46:49.699Z,31728,6000,29700
2026-09-15T21:46:49.699Z,79732,123600,2700000
2026-09-15T21:46:49.699Z,90469,80210000,105200000
2026-09-15T21:46:49.699Z,84740,204300000,386300000
2026-09-15T21:46:49.699Z,37546,600200,977600
2026-09-15T21:46:49.699Z,42571,41000000,239700000
2026-09-15T21:46:49.699Z,27237,210000,365200
2026-09-15T21:46:49.699Z,9957,14350000,16360000
2026-09-15T21:46:49.699Z,23133,47300,210000
2026-09-15T21:46:49.699Z,57472,18600000,21090000
2026-09-15T21:46:49.699Z,90647,320000,9000000
2026-09-15T21:46:49.699Z,82499,20580000,109900000
2026-09-15T21:46:49.699Z,11255,1053,680000
2026-09-15T21:46:49.699Z,33671,93650,296800
2026-09-15T21:46:49.699Z,16481,10000,61740
2026-09-15T21:46:49.699Z,46225,765600,5800000
2026-09-15T21:46:49.699Z,20829,303100,1475000
2026-09-15T21:46:49.699Z,47318,6600000,36650000
2026-09-15T21:46:49.699Z,42566,21100000,99990000
2026-09-15T21:46:49.699Z,45734,5415000,23670000
2026-09-15T21:46:49.699Z,13918,50,69980
2026-09-15T21:46:49.699Z,53367,0.01,1199000
2026-09-15T21:46:49.699Z,45909,1100000,8498000
2026-09-15T21:46:49.699Z,49435,3801000,7999000
2026-09-15T21:46:49.699Z,23091,173000,611800
2026-09-15T21:46:49.699Z,79939,27010000,67400000
2026-09-15T21:46:49.699Z,41058,51280000,56500000
2026-09-15T21:46:49.699Z,60475,3700000,4192000
2026-09-15T21:46:49.699Z,82498,382200000,495100000
2026-09-15T21:46:49.699Z,83363,20040,1699000
2026-09-15T21:46:49.699Z,86155,6206000,14890000
2026-09-15T21:46:49.699Z,12731,139500000,147900000
2026-09-15T21:46:49.699Z,17215,82790,250000
2026-09-15T21:46:49.699Z,46973,8100,5988000
2026-09-15T21:46:49.699Z,14455,4566000000,9108000000
2026-09-15T21:46:49.699Z,90318,106500000,399800000
2026-09-15T21:46:49.699Z,78774,100000,1000000
2026-09-15T21:46:49.699Z,45597,29030000,35100000
2026-09-15T21:46:49.699Z,45826,525800,3896000
2026-09-15T21:46:49.699Z,42560,12000000,79500000
2026-09-15T21:46:49.699Z,42588,571000000,1150000000
2026-09-15T21:46:49.699Z,45880,112900,1884000
2026-09-15T21:46:49.699Z,19185,291700000,347400000
2026-09-15T21:46:49.699Z,31902,30100000,35900000
2026-09-15T21:46:49.699Z,17624,450,9997
2026-09-15T21:46:49.699Z,3185,3256000,6467000
2026-09-15T21:46:49.699Z,47144,14930000,21890000
2026-09-15T21:46:49.699Z,14292,600.3,600.4
2026-09-15T21:46:49.699Z,56978,18.23,928900
2026-09-15T21:46:49.699Z,29109,351200,395800
2026-09-15T21:46:49.699Z,43701,32230000,37150000
2026-09-15T21:46:49.699Z,42551,12000000,99780000
2026-09-15T21:46:49.699Z,1192,526500,526600
2026-09-15T21:46:49.699Z,49803,115700,3968000
2026-09-15T21:46:49.699Z,53301,4975,11940
2026-09-15T21:46:49.699Z,18655,450,19990
2026-09-15T21:46:49.699Z,40633,662700000,858700000
2026-09-15T21:46:49.699Z,34722,1200000,7979000
2026-09-15T21:46:49.699Z,27319,11.98,26
2026-09-15T21:46:49.699Z,54731,182400000,208000000
2026-09-15T21:46:49.699Z,31964,17530000,58000000
2026-09-15T21:46:49.699Z,54778,3569,24000
2026-09-15T21:46:49.699Z,14130,5514000,6663000
2026-09-15T21:46:49.699Z,9762,483000,508600
2026-09-15T21:46:49.699Z,45791,5000000,10090000
2026-09-15T21:46:49.699Z,45781,880100,3881000
2026-09-15T21:46:49.699Z,45847,1551000,3496000
2026-09-15T21:46:49.699Z,45886,71500,2991000
2026-09-15T21:46:49.699Z,46963,8021,3969000
2026-09-15T21:46:49.699Z,34734,501600,24020000
2026-09-15T21:46:49.699Z,34024,44950000,98440000
2026-09-15T21:46:49.699Z,15462,12320000,19470000
2026-09-15T21:46:49.699Z,97200,358100000,794000000
2026-09-15T21:46:49.699Z,60467,922800,1000000
2026-09-15T21:46:49.699Z,60956,103100000,988000000
2026-09-15T21:46:49.699Z,90317,45030000,110000000
2026-09-15T21:46:49.699Z,3074,582300,599800
2026-09-15T21:46:49.699Z,3775,12540,13440
2026-09-15T21:46:49.699Z,41499,93760000,114600000
2026-09-15T21:46:49.699Z,52787,55010000,168800000
2026-09-15T21:46:49.699Z,43770,59300000,119800000
2026-09-15T21:46:49.699Z,31067,33080000,40970000
2026-09-15T21:46:49.699Z,45882,100000,5492000
2026-09-15T21:46:49.699Z,31774,10230000,17660000
2026-09-15T21:46:49.699Z,60309,190000,530000
2026-09-15T21:46:49.699Z,47895,14510000,18900000
2026-09-15T21:46:49.699Z,47907,23400000,25090000
2026-09-15T21:46:49.699Z,28646,6277000,6855000
2026-09-15T21:46:49.699Z,20929,2123,8000
2026-09-15T21:46:49.699Z,18744,54400,925000
2026-09-15T21:46:49.699Z,90486,367300,849000
2026-09-15T21:46:49.699Z,3238,83990000,99450000
2026-09-15T21:46:49.699Z,42545,21100000,98000000
2026-09-15T21:46:49.699Z,27108,15380000,17420000
2026-09-15T21:46:49.699Z,10156,19230000,21640000
2026-09-15T21:46:49.699Z,47818,88790000,93760000
2026-09-15T21:46:49.699Z,47814,4745000,7899000
2026-09-15T21:46:49.699Z,11267,167600,222200
2026-09-15T21:46:49.699Z,41525,58650000,71550000
2026-09-15T21:46:49.699Z,21789,50010,104200
2026-09-15T21:46:49.699Z,82456,40000,970100
2026-09-15T21:46:49.699Z,3723,1630,3999
2026-09-15T21:46:49.699Z,41464,46150000,75040000
2026-09-15T21:46:49.699Z,40696,129400000,189500000
2026-09-15T21:46:49.699Z,76289,46110000,90980000
2026-09-15T21:46:49.699Z,26259,1225,50000
2026-09-15T21:46:49.699Z,45592,36430000,40330000
2026-09-15T21:46:49.699Z,35959,7243000,14540000
2026-09-15T21:46:49.699Z,13937,104300000,114800000
2026-09-15T21:46:49.699Z,85747,18270000,19820000
2026-09-15T21:46:49.699Z,88176,2521,5000
2026-09-15T21:46:49.699Z,89938,40000,100000
2026-09-15T21:46:49.699Z,60476,362800000,408300000
2026-09-15T21:46:49.699Z,2392,648.1,669.2
2026-09-15T21:46:49.699Z,62563,5939,7393
2026-09-15T21:46:49.699Z,83371,10000,246900
2026-09-15T21:46:49.699Z,85230,18660000,20990000
2026-09-15T21:46:49.699Z,25611,104300,108500
2026-09-15T21:46:49.699Z,54777,30100,35000
2026-09-15T21:46:49.699Z,20573,4112000,7393000
2026-09-15T21:46:49.699Z,47871,36230,84500
2026-09-15T21:46:49.699Z,57460,510800,539400
2026-09-15T21:46:49.699Z,43814,1070000,125000000
2026-09-15T21:46:49.699Z,2534,66100,95950
2026-09-15T21:46:49.699Z,22782,1881000,2118000
2026-09-15T21:46:49.699Z,27672,3788000,4689000
2026-09-15T21:46:49.699Z,5091,5859,5860
2026-09-15T21:46:49.699Z,20183,820000000,1498000000
2026-09-15T21:46:49.699Z,17207,31280000,36280000
2026-09-15T21:46:49.699Z,47264,360000,575700
2026-09-15T21:46:49.699Z,17190,260200,1099000
2026-09-15T21:46:49.699Z,36425,212500,7420000
2026-09-15T21:46:49.699Z,42526,292300,713900
2026-09-15T21:46:49.699Z,21896,662.5,763.8
2026-09-15T21:46:49.699Z,88608,20010,2999000
2026-09-15T21:46:49.699Z,88535,10000,168200
2026-09-15T21:46:49.699Z,19283,9749000,12500000
2026-09-15T21:46:49.699Z,91146,20000,59870
2026-09-15T21:46:49.699Z,83231,40000,1445000
2026-09-15T21:46:49.699Z,55340,10000,59900
2026-09-15T21:46:49.699Z,27421,40250,79700
2026-09-15T21:46:49.699Z,20059,217500000,277700000
2026-09-15T21:46:49.699Z,28812,138300000,155600000
2026-09-15T21:46:49.699Z,5342,500.2,8888
2026-09-15T21:46:49.699Z,31159,213200,264800
2026-09-15T21:46:49.699Z,3144,3794000,6195000
2026-09-15T21:46:49.699Z,31876,1959000,2050000
2026-09-15T21:46:49.699Z,46006,13800000,17080000
2026-09-15T21:46:49.699Z,42547,43000000,99890000
2026-09-15T21:46:49.699Z,20065,200000000,253100000
2026-09-15T21:46:49.699Z,13267,6858,6859
2026-09-15T21:46:49.699Z,89669,2711000,4838000
2026-09-15T21:46:49.699Z,28682,1755000,2029000
2026-09-15T21:46:49.699Z,3345,2180000000,6800000000
2026-09-15T21:46:49.699Z,84014,10010,373000
2026-09-15T21:46:49.699Z,33559,133600000,161800000
2026-09-15T21:46:49.699Z,13929,59850000,68970000
2026-09-15T21:46:49.699Z,212,17.95,19.11
2026-09-15T21:46:49.699Z,33942,77250000,97400000
2026-09-15T21:46:49.699Z,81143,2023,2146
2026-09-15T21:46:49.699Z,57463,825000,1208000
2026-09-15T21:46:49.699Z,13777,5739000,12500000
2026-09-15T21:46:49.699Z,23165,10.41,10.42
2026-09-15T21:46:49.699Z,19247,11990000,16880000
2026-09-15T21:46:49.699Z,52282,778700,10700000
2026-09-15T21:46:49.699Z,43782,,134000000
2026-09-15T21:46:49.699Z,28809,94540000,117100000
2026-09-15T21:46:49.699Z,4225,16190000,29360000
2026-09-15T21:46:49.699Z,42574,22000000,187900000
2026-09-15T21:46:49.699Z,37552,112200,11860000
2026-09-15T21:46:49.699Z,50040,,24900000
2026-09-15T21:46:49.699Z,84428,109600,698600
2026-09-15T21:46:49.699Z,56785,100000,1200000
2026-09-15T21:46:49.699Z,91282,27020000,50390000
2026-09-15T21:46:49.699Z,32113,1006000,10820000
2026-09-15T21:46:49.699Z,88598,100000,4003000
2026-09-15T21:46:49.699Z,47312,7349000,27000000
2026-09-15T21:46:49.699Z,2344,64700,69680
2026-09-15T21:46:49.699Z,3673,56.17,149
2026-09-15T21:46:49.699Z,82463,40010,449400
2026-09-15T21:46:49.699Z,83207,441300,995900
2026-09-15T21:46:49.699Z,3182,83520000,99960000
2026-09-15T21:46:49.699Z,19109,15040000,18890000
2026-09-15T21:46:49.699Z,88595,1000,449900
2026-09-15T21:46:49.699Z,49797,878.5,1977000
2026-09-15T21:46:49.699Z,47813,72720,297400
2026-09-15T21:46:49.699Z,57462,385500,443900
2026-09-15T21:46:49.699Z,27391,302.2,408
2026-09-15T21:46:49.699Z,2531,576000,859800
2026-09-15T21:46:49.699Z,49992,1400,9990
2026-09-15T21:46:49.699Z,9943,7428000,8224000
2026-09-15T21:46:49.699Z,80025,90.27,6899
2026-09-15T21:46:49.699Z,27535,500400000,2550000000
2026-09-15T21:46:49.699Z,92821,253.5,285
2026-09-15T21:46:49.699Z,1944,1020000,2500000
2026-09-15T21:46:49.699Z,34668,2201000,57210000
2026-09-15T21:46:49.699Z,24698,47240000,51390000
2026-09-15T21:46:49.699Z,3324,1262,175000
2026-09-15T21:46:49.699Z,42598,11000000,123000000
2026-09-15T21:46:49.699Z,34604,90000000,142200000
2026-09-15T21:46:49.699Z,74153,10010000,21900000
2026-09-15T21:46:49.699Z,9852,51.06,98.99
2026-09-15T21:46:49.699Z,27417,351.5,651
2026-09-15T21:46:49.699Z,12791,150,162.1
2026-09-15T21:46:49.699Z,27147,15430000,18820000
2026-09-15T21:46:49.699Z,33948,76760000,110000000
2026-09-15T21:46:49.699Z,42580,11000000,67690000
2026-09-15T21:46:49.699Z,3319,501.1,30000
2026-09-15T21:46:49.699Z,5747,4902,4903
2026-09-15T21:46:49.699Z,34753,301100,11780000
2026-09-15T21:46:49.699Z,46111,1510000,2890000
2026-09-15T21:46:49.699Z,55659,1000,44900
2026-09-15T21:46:49.699Z,49707,82000,698900
2026-09-15T21:46:49.699Z,46937,175100,4167000
2026-09-15T21:46:49.699Z,19044,433300000,526700000
2026-09-15T21:46:49.699Z,94033,43340000,73580000
2026-09-15T21:46:49.699Z,58890,101,999900
2026-09-15T21:46:49.699Z,12532,9030000,10930000
2026-09-15T21:46:49.699Z,42,1022,4498
2026-09-15T21:46:49.699Z,42554,4100000,57700000
2026-09-15T21:46:49.699Z,16381,242800,269000
2026-09-15T21:46:49.699Z,91150,320100,7998000
2026-09-15T21:46:49.699Z,3336,6693000,7900000
2026-09-15T21:46:49.699Z,11319,305800,343300
2026-09-15T21:46:49.699Z,62578,12010,19990
2026-09-15T21:46:49.699Z,46785,50.44,999300
2026-09-15T21:46:49.699Z,52277,75000,75010
2026-09-15T21:46:49.699Z,28274,228000,318700
2026-09-15T21:46:49.699Z,45744,11040000,26240000
2026-09-15T21:46:49.699Z,42596,24000000,85780000
2026-09-15T21:46:49.699Z,33971,65000000,78150000
2026-09-15T21:46:49.699Z,21918,1094,1177
2026-09-15T21:46:49.699Z,7003,60740,71500
2026-09-15T21:46:49.699Z,45920,35000000,79950000
2026-09-15T21:46:49.699Z,84409,2002,20030
2026-09-15T21:46:49.699Z,34167,45330,595400
2026-09-15T21:46:49.699Z,14902,192200000,260100000
2026-09-15T21:46:49.699Z,31061,300900000,345300000
2026-09-15T21:46:49.699Z,44134,60000,1273000
2026-09-15T21:46:49.699Z,89937,60000,110900
2026-09-15T21:46:49.699Z,46425,25000000,284900000
2026-09-15T21:46:49.699Z,55630,111.1,94000
2026-09-15T21:46:49.699Z,33101,1410000,1610000
2026-09-15T21:46:49.699Z,1224,23.02,27.81
2026-09-15T21:46:49.699Z,45742,23750000,239000000
2026-09-15T21:46:49.699Z,23856,37810000,62250000
2026-09-15T21:46:49.699Z,91570,6153000,19150000
2026-09-15T21:46:49.699Z,31238,33790,64970
2026-09-15T21:46:49.699Z,31868,2821000,3988000
2026-09-15T21:46:49.699Z,3699,18.4,51.28
2026-09-15T21:46:49.699Z,28236,5000000,5001000
2026-09-15T21:46:49.699Z,57008,509700,2400000
2026-09-15T21:46:49.699Z,56289,5500,68930
2026-09-15T21:46:49.699Z,46923,300300,3100000
2026-09-15T21:46:49.699Z,31412,2369000,3019000
2026-09-15T21:46:49.699Z,14264,81470000,95400000
2026-09-15T21:46:49.699Z,17209,1336,39990
2026-09-15T21:46:49.699Z,19199,187100000,210600000
2026-09-15T21:46:49.699Z,45930,20020000,44930000
2026-09-15T21:46:49.699Z,46846,0.01,6391000
2026-09-15T21:46:49.699Z,13774,189000,849900
2026-09-15T21:46:49.699Z,3647,200.1,200.2
2026-09-15T21:46:49.699Z,79756,7137000,89380000
2026-09-15T21:46:49.699Z,28266,,447100
2026-09-15T21:46:49.699Z,31411,,58000000
2026-09-15T21:46:49.699Z,31579,,58000000
2026-09-15T21:46:49.699Z,31363,,58000000
2026-09-15T21:46:49.699Z,33282,,56000000
2026-09-15T21:46:49.699Z,33299,,56000000
2026-09-15T21:46:49.699Z,33286,,58000000
2026-09-15T21:46:49.699Z,31531,,58000000
2026-09-15T21:46:49.699Z,13786,5109000,16830000
2026-09-15T21:46:49.699Z,83257,10000,118800
2026-09-15T21:46:49.699Z,3687,390.9,700
2026-09-15T21:46:49.699Z,36444,11000000,34000000
2026-09-15T21:46:49.699Z,45613,32290000,35990000
2026-09-15T21:46:49.699Z,21606,4631000000,5300000000
2026-09-15T21:46:49.699Z,52682,30010000,104500000
2026-09-15T21:46:49.699Z,5719,201200,237600
2026-09-15T21:46:49.699Z,42774,100000,2980000
2026-09-15T21:46:49.699Z,87507,2672000,6945000
2026-09-15T21:46:49.699Z,31884,2055000,2273000
2026-09-15T21:46:49.699Z,78788,105000,948400
2026-09-15T21:46:49.699Z,28290,100400,690000
2026-09-15T21:46:49.699Z,46039,78590000,173700000
2026-09-15T21:46:49.699Z,31505,,1500000
2026-09-15T21:46:49.699Z,941,200000,4889000
2026-09-15T21:46:49.699Z,42840,440.5,469.5
2026-09-15T21:46:49.699Z,47148,6117000,18120000
2026-09-15T21:46:49.699Z,48582,56280000,61990000
2026-09-15T21:46:49.699Z,18068,1395000,1645000
2026-09-15T21:46:49.699Z,47909,15030,15050
2026-09-15T21:46:49.699Z,15935,1491000,5995000
2026-09-15T21:46:49.699Z,5363,5791,5792
2026-09-15T21:46:49.699Z,40692,648200000,879900000
2026-09-15T21:46:49.699Z,45792,101000,12800000
2026-09-15T21:46:49.699Z,60762,164700000,340000000
2026-09-15T21:46:49.699Z,75898,194000000,494000000
2026-09-15T21:46:49.699Z,23703,,2293000
2026-09-15T21:46:49.699Z,32248,1330000,1850000
2026-09-15T21:46:49.699Z,19921,158.5,158.7
2026-09-15T21:46:49.699Z,11172,14640000,16590000
2026-09-15T21:46:49.699Z,48387,6080000,14490000
2026-09-15T21:46:49.699Z,188,14.26,29.2
2026-09-15T21:46:49.699Z,52559,,995000000
2026-09-15T21:46:49.699Z,60464,9983000,10750000
2026-09-15T21:46:49.699Z,57056,462900,5000000
2026-09-15T21:46:49.699Z,15695,138.3,800000
2026-09-15T21:46:49.699Z,2352,85050,95990
2026-09-15T21:46:49.699Z,64570,,168900000
2026-09-15T21:46:49.699Z,45941,302300,1550000
2026-09-15T21:46:49.699Z,18975,157300000,169700000
2026-09-15T21:46:49.699Z,54434,22770000,63540000
2026-09-15T21:46:49.699Z,31788,204400,239600
2026-09-15T21:46:49.699Z,34627,1970000,39000000
2026-09-15T21:46:49.699Z,1319,293500,309600
2026-09-15T21:46:49.699Z,52285,3505000,7769000
2026-09-15T21:46:49.699Z,1315,93300,750000
2026-09-15T21:46:49.699Z,31364,3106000,3402000
2026-09-15T21:46:49.699Z,992,10,12840000
2026-09-15T21:46:49.699Z,79716,12850000,21860000
2026-09-15T21:46:49.699Z,88365,32170000,98970000
2026-09-15T21:46:49.699Z,42546,4400000,12000000
2026-09-15T21:46:49.699Z,20157,75450000,79990000
2026-09-15T21:46:49.699Z,42768,421100,2187000
2026-09-15T21:46:49.699Z,53955,241000000,500000000
2026-09-15T21:46:49.699Z,87522,55690000,77680000
2026-09-15T21:46:49.699Z,1306,260600,283300
2026-09-15T21:46:49.699Z,90315,130400000,160000000
2026-09-15T21:46:49.699Z,2293,100500,177800
2026-09-15T21:46:49.699Z,57706,600000000,3883000000
2026-09-15T21:46:49.699Z,5301,8880,8884
2026-09-15T21:46:49.699Z,84406,697.7,44880
2026-09-15T21:46:49.699Z,3165,3824000,5935000
2026-09-15T21:46:49.699Z,15919,252600,6000000
2026-09-15T21:46:49.699Z,42205,46560000,51100000
2026-09-15T21:46:49.699Z,56294,75390000,97200000
2026-09-15T21:46:49.699Z,92375,171300,349900
2026-09-15T21:46:49.699Z,42905,1300000,5198000
2026-09-15T21:46:49.699Z,25955,24990,1496000
2026-09-15T21:46:49.699Z,20062,103800000,110100000
2026-09-15T21:46:49.699Z,49723,1402000,1404000
2026-09-15T21:46:49.699Z,17463,19.17,19.2
2026-09-15T21:46:49.699Z,62675,,1217000000
2026-09-15T21:46:49.699Z,60671,210000,2400000
2026-09-15T21:46:49.699Z,55985,122000000,230500000
2026-09-15T21:46:49.699Z,84344,560600,4980000
2026-09-15T21:46:49.699Z,34684,51330,10990000
2026-09-15T21:46:49.699Z,43788,25850000,45000000
2026-09-15T21:46:49.699Z,46837,5000,1098000
2026-09-15T21:46:49.699Z,19038,145400000,272200000
2026-09-15T21:46:49.699Z,14108,43860000,51690000
2026-09-15T21:46:49.699Z,43900,400300,40310000
2026-09-15T21:46:49.699Z,86263,55310000,68980000
2026-09-15T21:46:49.699Z,47776,1027000,1379000
2026-09-15T21:46:49.699Z,90472,403.7,403.8
2026-09-15T21:46:49.699Z,47788,262000,429900
2026-09-15T21:46:49.699Z,90458,103.8,107900
2026-09-15T21:46:49.699Z,90480,100,100.1
2026-09-15T21:46:49.699Z,27563,17090000,29900000
2026-09-15T21:46:49.699Z,46933,156.7,973000
2026-09-15T21:46:49.699Z,85395,350600,399000
2026-09-15T21:46:49.699Z,46832,10030,2476000
2026-09-15T21:46:49.699Z,6959,55100,60370
2026-09-15T21:46:49.699Z,14463,1550000000,6550000000
2026-09-15T21:46:49.699Z,27401,952.3,1053
2026-09-15T21:46:49.699Z,21382,1359,4834
2026-09-15T21:46:49.699Z,27339,2106,2227
2026-09-15T21:46:49.699Z,24499,62.03,69.66
2026-09-15T21:46:49.699Z,31776,8001,14440
2026-09-15T21:46:49.699Z,83367,680000,2918000
2026-09-15T21:46:49.699Z,41216,23790000,30800000
2026-09-15T21:46:49.699Z,84423,2355000,4420000
2026-09-15T21:46:49.699Z,44946,6772000,58500000
2026-09-15T21:46:49.699Z,37248,976300000,1397000000
2026-09-15T21:46:49.699Z,31467,,1099000
2026-09-15T21:46:49.699Z,34663,63830000,546000000
2026-09-15T21:46:49.699Z,85542,390800,4698000
2026-09-15T21:46:49.699Z,3153,126100,90000000
2026-09-15T21:46:49.699Z,11969,140000000,144700000
2026-09-15T21:46:49.699Z,26081,,1250000
2026-09-15T21:46:49.699Z,49751,240000000,1000000000
2026-09-15T21:46:49.699Z,90703,101.3,101.4
2026-09-15T21:46:49.699Z,53986,9120000,14000000
2026-09-15T21:46:49.699Z,14025,13870,93380
2026-09-15T21:46:49.699Z,83369,10010,192000
2026-09-15T21:46:49.699Z,60372,,10790000
2026-09-15T21:46:49.699Z,88596,801000,11730000
2026-09-15T21:46:49.699Z,47273,26560000,29000000
2026-09-15T21:46:49.699Z,4240,162300000,499700000
2026-09-15T21:46:49.699Z,33779,12500000,87490000
2026-09-15T21:46:49.699Z,45553,477000,432500000
2026-09-15T21:46:49.699Z,88483,1000,478000
2026-09-15T21:46:49.699Z,41326,1150,2139
2026-09-15T21:46:49.699Z,45811,100000,499800
2026-09-15T21:46:49.699Z,15591,30000,30010
2026-09-15T21:46:49.699Z,43776,560400,1800000
2026-09-15T21:46:49.699Z,60366,,7400000
2026-09-15T21:46:49.699Z,62031,6002,199700
2026-09-15T21:46:49.699Z,26091,,1732000
2026-09-15T21:46:49.699Z,45805,1010000,1383000
2026-09-15T21:46:49.699Z,41031,2855,2856
2026-09-15T21:46:49.699Z,48576,13780000,17500000
2026-09-15T21:46:49.699Z,49791,350000000,443200000
2026-09-15T21:46:49.699Z,82432,1000000,2090000
2026-09-15T21:46:49.699Z,27244,0.01,463000
2026-09-15T21:46:49.699Z,50131,10,299800
2026-09-15T21:46:49.699Z,2044,61000,390000000
2026-09-15T21:46:49.699Z,45872,110300,500000
2026-09-15T21:46:49.699Z,43771,15230000,89000000
2026-09-15T21:46:49.699Z,53902,25750000,53000000
2026-09-15T21:46:49.699Z,76964,1808000,13420000
2026-09-15T21:46:49.699Z,41598,1001000,21890000
2026-09-15T21:46:49.699Z,90396,1670000000,3827000000
2026-09-15T21:46:49.699Z,84337,300100,14500000
2026-09-15T21:46:49.699Z,6637,34010,34020
2026-09-15T21:46:49.699Z,18889,91400000,100900000
2026-09-15T21:46:49.699Z,26300,24160000,80000000
2026-09-15T21:46:49.699Z,20611,5105000,8259000
2026-09-15T21:46:49.699Z,19406,553800,578600
2026-09-15T21:46:49.699Z,13238,1626000,3182000
2026-09-15T21:46:49.699Z,17205,1112000,1488000
2026-09-15T21:46:49.699Z,47806,104100000,113500000
2026-09-15T21:46:49.699Z,30988,,1100000
2026-09-15T21:46:49.699Z,45752,50130,499700
2026-09-15T21:46:49.699Z,43807,41000000,289300000
2026-09-15T21:46:49.699Z,31356,22000000,344900000
2026-09-15T21:46:49.699Z,3937,32030,206900
2026-09-15T21:46:49.699Z,90134,1997000,3000000
2026-09-15T21:46:49.699Z,36821,0.01,383100000
2026-09-15T21:46:49.699Z,3148,1012000,388800000
2026-09-15T21:46:49.699Z,82356,10000,94980
2026-09-15T21:46:49.699Z,13972,3711000,3961000
2026-09-15T21:46:49.699Z,3941,169300,213900
2026-09-15T21:46:49.699Z,13221,10910000,17260000
2026-09-15T21:46:49.699Z,31469,,1800000
2026-09-15T21:46:49.699Z,48424,39190,194000
2026-09-15T21:46:49.699Z,27126,109200000,119100000
2026-09-15T21:46:49.699Z,52761,310100,1084000
2026-09-15T21:46:49.699Z,36671,129000000,15000000000
2026-09-15T21:46:49.699Z,46979,1612000,3293000
2026-09-15T21:46:49.699Z,36833,,25000000000
2026-09-15T21:46:49.699Z,34745,3066000,75000000
2026-09-15T21:46:49.699Z,36826,,5000000000
2026-09-15T21:46:49.699Z,80939,14000000,1000000000
2026-09-15T21:46:49.699Z,34730,5001000,1000000000
2026-09-15T21:46:49.699Z,36764,7800000,96930000
2026-09-15T21:46:49.699Z,36828,5000000,5000000000
2026-09-15T21:46:49.699Z,73796,18560000,20120000
2026-09-15T21:46:49.699Z,19,7963,14000
2026-09-15T21:46:49.699Z,14994,453300000,718900000
2026-09-15T21:46:49.699Z,27094,505300,777800
2026-09-15T21:46:49.699Z,90739,3077000,4897000
2026-09-15T21:46:49.699Z,20605,373800,3350000
2026-09-15T21:46:49.699Z,15829,8373000,64990000
2026-09-15T21:46:49.699Z,24479,29.13,37.74
2026-09-15T21:46:49.699Z,33044,220100,2299000
2026-09-15T21:46:49.699Z,7785,227100,453900
2026-09-15T21:46:49.699Z,44261,3601,4000
2026-09-15T21:46:49.699Z,32994,2000,3362
2026-09-15T21:46:49.699Z,44260,534.9,1044
2026-09-15T21:46:49.699Z,56745,100,1027
2026-09-15T21:46:49.699Z,52219,308.3,2793
2026-09-15T21:46:49.699Z,32993,2625,3790
2026-09-15T21:46:49.699Z,44263,721.8,2200
2026-09-15T21:46:49.699Z,53461,700.1,700.2
2026-09-15T21:46:49.699Z,56944,31000,169700
2026-09-15T21:46:49.699Z,21224,1729,111500
2026-09-15T21:46:49.699Z,91624,65790000,121000000
2026-09-15T21:46:49.699Z,21234,370000,859000
2026-09-15T21:46:49.699Z,33949,179000000,241500000
2026-09-15T21:46:49.699Z,23099,286200,462500
2026-09-15T21:46:49.699Z,33032,100000,1899000
2026-09-15T21:46:49.699Z,84332,100000,998900
2026-09-15T21:46:49.699Z,6671,2538,55550
2026-09-15T21:46:49.699Z,48223,19120000,124800000
2026-09-15T21:46:49.699Z,447,75010,99670
2026-09-15T21:46:49.699Z,85540,817800,4000000
2026-09-15T21:46:49.699Z,73870,1013000,6480000
2026-09-15T21:46:49.699Z,1875,1301,59200
2026-09-15T21:46:49.699Z,21817,2730000000,3192000000
2026-09-15T21:46:49.699Z,22428,756900000,817000000
2026-09-15T21:46:49.699Z,85511,900000,1844000
2026-09-15T21:46:49.699Z,5955,141000,149700
2026-09-15T21:46:49.699Z,62535,129.3,130
2026-09-15T21:46:49.699Z,92183,58730000,64200000
2026-09-15T21:46:49.699Z,3191,77030000,102600000
2026-09-15T21:46:49.699Z,42781,1103000,3985000
2026-09-15T21:46:49.699Z,1129,10000,785000
2026-09-15T21:46:49.699Z,21731,32740,175000
2026-09-15T21:46:49.699Z,58904,48110000,53850000
2026-09-15T21:46:49.699Z,60307,240300,1076000
2026-09-15T21:46:49.699Z,54970,9290,15440
2026-09-15T21:46:49.699Z,77173,24010000,40000000
2026-09-15T21:46:49.699Z,3608,862300,997200
2026-09-15T21:46:49.699Z,57482,73030000,89990000
2026-09-15T21:46:49.699Z,15891,110000000,118800000
2026-09-15T21:46:49.699Z,28381,62050000,71840000
2026-09-15T21:46:49.699Z,41479,15670000,35470000
2026-09-15T21:46:49.699Z,54911,40060000,1485000000
2026-09-15T21:46:49.699Z,90740,430000,2100000
2026-09-15T21:46:49.699Z,47897,200000,293900
2026-09-15T21:46:49.699Z,95295,92730000,168500000
2026-09-15T21:46:49.699Z,88717,36550000,58910000
2026-09-15T21:46:49.699Z,5971,16630,19980
2026-09-15T21:46:49.699Z,89613,111.1,392.3
2026-09-15T21:46:49.699Z,17769,26560,38840
2026-09-15T21:46:49.699Z,18859,32530000,37000000
2026-09-15T21:46:49.699Z,62231,2577000000,3419000000
2026-09-15T21:46:49.699Z,21549,1945000,38940000
2026-09-15T21:46:49.699Z,54971,7114,7800
2026-09-15T21:46:49.699Z,15675,39370000,42910000
2026-09-15T21:46:49.699Z,33923,31330000,45980000
2026-09-15T21:46:49.699Z,82966,100000,1976000
2026-09-15T21:46:49.699Z,42836,305,494.6
2026-09-15T21:46:49.699Z,53897,123800000,157000000
2026-09-15T21:46:49.699Z,15731,81620,1000000
2026-09-15T21:46:49.699Z,18608,950700,1200000
2026-09-15T21:46:49.699Z,16227,40020000,44730000
2026-09-15T21:46:49.699Z,85153,1405000,2975000
2026-09-15T21:46:49.699Z,31796,16700000,17470000
2026-09-15T21:46:49.699Z,16433,4100,4201
2026-09-15T21:46:49.699Z,57124,198300000,276800000
2026-09-15T21:46:49.699Z,55308,1000,97250
2026-09-15T21:46:49.699Z,42694,352.1,453.1
2026-09-15T21:46:49.699Z,82175,3001000,14910000
2026-09-15T21:46:49.699Z,57006,1408000,5975000
2026-09-15T21:46:49.699Z,37576,2118000,70000000
2026-09-15T21:46:49.699Z,28693,39420,472400
2026-09-15T21:46:49.699Z,23141,35010,659500
2026-09-15T21:46:49.699Z,18913,105900000,151700000
2026-09-15T21:46:49.699Z,24596,29,27500
2026-09-15T21:46:49.699Z,91242,64150000,124900000
2026-09-15T21:46:49.699Z,28776,20550000,97310000
2026-09-15T21:46:49.699Z,27773,22000000,58160000
2026-09-15T21:46:49.699Z,59475,17780000,999000000
2026-09-15T21:46:49.699Z,90322,15210000,34950000
2026-09-15T21:46:49.699Z,690,1000000,4892000
2026-09-15T21:46:49.699Z,94133,10000,89770
2026-09-15T21:46:49.699Z,42839,300,450
2026-09-15T21:46:49.699Z,90736,6413,100000
2026-09-15T21:46:49.699Z,45550,168400000,239400000
2026-09-15T21:46:49.699Z,53365,979300,3682000
2026-09-15T21:46:49.699Z,3194,75100000,89990000
2026-09-15T21:46:49.699Z,15808,110000000,169000000
2026-09-15T21:46:49.699Z,13236,127300,10500000
2026-09-15T21:46:49.699Z,33454,10680000000,12450000000
2026-09-15T21:46:49.699Z,53903,10500000,96490000
2026-09-15T21:46:49.699Z,32027,175400,799500
2026-09-15T21:46:49.699Z,73403,1502000,2902000
2026-09-15T21:46:49.699Z,87519,504900000,1000000000
2026-09-15T21:46:49.699Z,90702,,1899000
2026-09-15T21:46:49.699Z,19536,50000000,67960000
2026-09-15T21:46:49.699Z,62557,3513,4390
2026-09-15T21:46:49.699Z,221,16.82,18.96
2026-09-15T21:46:49.699Z,84685,401000000,1600000000
2026-09-15T21:46:49.699Z,54409,174300000,192000000
2026-09-15T21:46:49.699Z,17464,20.58,22.82
2026-09-15T21:46:49.699Z,44149,75010,2465000
2026-09-15T21:46:49.699Z,18965,65560000,75130000
2026-09-15T21:46:49.699Z,2514,3.01,10.86
2026-09-15T21:46:49.699Z,2358,88280,103200
2026-09-15T21:46:49.699Z,50140,175100000,538900000
2026-09-15T21:46:49.699Z,642,140500000,154900000
2026-09-15T21:46:49.699Z,63771,100000,400000
2026-09-15T21:46:49.699Z,92455,107100000,116900000
2026-09-15T21:46:49.699Z,87504,1932000000,2547000000
2026-09-15T21:46:49.699Z,27093,401400,747600
2026-09-15T21:46:49.699Z,32305,300000000,419600000
2026-09-15T21:46:49.699Z,14686,3579000000,4699000000
2026-09-15T21:46:49.699Z,31234,205500,1468000
2026-09-15T21:46:49.699Z,47347,31250000,42120000
2026-09-15T21:46:49.699Z,46740,102000000,2466000000
2026-09-15T21:46:49.699Z,31370,153700,197000
2026-09-15T21:46:49.699Z,14998,3134000000,5000000000
2026-09-15T21:46:49.699Z,15597,4676,4677
2026-09-15T21:46:49.699Z,79723,1389000,12890000
2026-09-15T21:46:49.699Z,24660,3500000,10790000
2026-09-15T21:46:49.699Z,47908,769900,879800
2026-09-15T21:46:49.699Z,43519,53110000,99500000
2026-09-15T21:46:49.699Z,11578,4804000,5084000
2026-09-15T21:46:49.699Z,32110,6290000,21870000
2026-09-15T21:46:49.699Z,14512,3750000000,5088000000
2026-09-15T21:46:49.699Z,31161,1176000,1274000
2026-09-15T21:46:49.699Z,48135,1000000,144000000
2026-09-15T21:46:49.699Z,6325,2035,11040
2026-09-15T21:46:49.699Z,11458,110.7,640
2026-09-15T21:46:49.699Z,43789,451300,1900000
2026-09-15T21:46:49.699Z,13995,461000,871700
2026-09-15T21:46:49.699Z,194,20.21,28.98
2026-09-15T21:46:49.699Z,37292,188300000,202800000
2026-09-15T21:46:49.699Z,48895,481000000,509300000
2026-09-15T21:46:49.699Z,14770,235800000,359600000
2026-09-15T21:46:49.699Z,20416,94000,97000
2026-09-15T21:46:49.699Z,56274,2822,138000
2026-09-15T21:46:49.699Z,33840,3243000000,3667000000
2026-09-15T21:46:49.699Z,3257,80070000,95940000
2026-09-15T21:46:49.699Z,34593,25020000,25030000
2026-09-15T21:46:49.699Z,1814,15,16.96
2026-09-15T21:46:49.699Z,17449,276.7,488
2026-09-15T21:46:49.699Z,77176,200000000,271700000
2026-09-15T21:46:49.699Z,25998,2050,6694000
2026-09-15T21:46:49.699Z,438,1578000,1708000
2026-09-15T21:46:49.699Z,7669,38590,38630
2026-09-15T21:46:49.699Z,89689,13100000,16980000
2026-09-15T21:46:49.699Z,45940,1305000,3903000
2026-09-15T21:46:49.699Z,21819,8116000000,9999000000
2026-09-15T21:46:49.699Z,11971,127000000,144200000
2026-09-15T21:46:49.699Z,13949,10200000,12500000
2026-09-15T21:46:49.699Z,93609,70010000,89000000
2026-09-15T21:46:49.699Z,94150,1800000,6491000
2026-09-15T21:46:49.699Z,18795,71420,168900
2026-09-15T21:46:49.699Z,45829,101000,2370000
2026-09-15T21:46:49.699Z,7083,289100,340000
2026-09-15T21:46:49.699Z,47140,7244000,8521000
2026-09-15T21:46:49.699Z,14749,75190,149000000
2026-09-15T21:46:49.699Z,42750,1510000,4799000
2026-09-15T21:46:49.699Z,17242,3209000,14000000
2026-09-15T21:46:49.699Z,31142,5000,126000
2026-09-15T21:46:49.699Z,20026,,3299000
2026-09-15T21:46:49.699Z,15636,3143,59770
2026-09-15T21:46:49.699Z,11452,9850000,12810000
2026-09-15T21:46:49.699Z,27123,12,200000
2026-09-15T21:46:49.699Z,52283,820100,2620000
2026-09-15T21:46:49.699Z,86680,20010,119900
2026-09-15T21:46:49.699Z,94159,25980000,83480000
2026-09-15T21:46:49.699Z,18847,11780000,13340000
2026-09-15T21:46:49.699Z,7449,481200,531300
2026-09-15T21:46:49.699Z,46385,55170000,969800000
2026-09-15T21:46:49.699Z,84075,5315000,314300000
2026-09-15T21:46:49.699Z,85484,1497000,1496000000
2026-09-15T21:46:49.699Z,40346,12740000,14730000
2026-09-15T21:46:49.699Z,20525,126500000,169500000
2026-09-15T21:46:49.699Z,21902,990.1,1093
2026-09-15T21:46:49.699Z,34276,9935000,11740000
2026-09-15T21:46:49.699Z,21342,7.28,153.9
2026-09-15T21:46:49.699Z,13791,120300,6250000
2026-09-15T21:46:49.699Z,55514,2,18970
2026-09-15T21:46:49.699Z,57012,5074000,9799000
2026-09-15T21:46:49.699Z,90459,881400,1175000
2026-09-15T21:46:49.699Z,17199,3019,3020
2026-09-15T21:46:49.699Z,13219,10900000,17180000
2026-09-15T21:46:49.699Z,27226,1.02,123800
2026-09-15T21:46:49.699Z,54375,25310000,40850000
2026-09-15T21:46:49.699Z,85400,23110,38750
2026-09-15T21:46:49.699Z,49725,7023000,8088000
2026-09-15T21:46:49.699Z,14278,160400,345000
2026-09-15T21:46:49.699Z,43797,23340000,48990000
2026-09-15T21:46:49.699Z,43798,16500000,160000000
2026-09-15T21:46:49.699Z,23824,40150000,59950000
2026-09-15T21:46:49.699Z,50146,160300000,305000000
2026-09-15T21:46:49.699Z,26088,5507000,5787000
2026-09-15T21:46:49.699Z,42833,551.1,640.2
2026-09-15T21:46:49.699Z,48231,27770,14140000
2026-09-15T21:46:49.699Z,16439,4040,23500
2026-09-15T21:46:49.699Z,7407,52020,69900
2026-09-15T21:46:49.699Z,62046,1013000,4000000
2026-09-15T21:46:49.699Z,1999,702300,796200
2026-09-15T21:46:49.699Z,9131,15210,99860
2026-09-15T21:46:49.699Z,46835,0.01,1348000
2026-09-15T21:46:49.699Z,60679,0.02,1000000
2026-09-15T21:46:49.699Z,60276,23270,57990
2026-09-15T21:46:49.699Z,14658,1935000000,2997000000
2026-09-15T21:46:49.699Z,20589,299000,4990000
2026-09-15T21:46:49.699Z,15660,30000,30010
2026-09-15T21:46:49.699Z,13965,11500000,16730000
2026-09-15T21:46:49.699Z,20577,4034000,6290000
2026-09-15T21:46:49.699Z,14007,2378,5555
2026-09-15T21:46:49.699Z,46005,2800000,2999000
2026-09-15T21:46:49.699Z,62520,20.56,21.95
2026-09-15T21:46:49.699Z,22133,4800000,6992000
2026-09-15T21:46:49.699Z,24539,602.6,669.5
2026-09-15T21:46:49.699Z,14738,640100000,1300000000
2026-09-15T21:46:49.699Z,93645,202700,228600
2026-09-15T21:46:49.699Z,91390,3000000,5000000
2026-09-15T21:46:49.699Z,88537,20000,683200
2026-09-15T21:46:49.699Z,73795,17950000,19100000
2026-09-15T21:46:49.699Z,81068,55540,116600
2026-09-15T21:46:49.699Z,2078,198000000,227700000
2026-09-15T21:46:49.699Z,33950,391000000,485800000
2026-09-15T21:46:49.699Z,92574,81000000,193900000
2026-09-15T21:46:49.699Z,27321,554.4,610
2026-09-15T21:46:49.699Z,55694,500,114000
2026-09-15T21:46:49.699Z,46181,9400000,10440000
2026-09-15T21:46:49.699Z,62625,13550000,16170000
2026-09-15T21:46:49.699Z,46934,505000,1591000
2026-09-15T21:46:49.699Z,60925,11290000,98120000
2026-09-15T21:46:49.699Z,31017,8066000,9299000
2026-09-15T21:46:49.699Z,79618,131000000,359800000
2026-09-15T21:46:49.699Z,45524,222400000,332000000
2026-09-15T21:46:49.699Z,35790,1101000,1171000
2026-09-15T21:46:49.699Z,57149,620.1,620.2
2026-09-15T21:46:49.699Z,14272,35420,78430
2026-09-15T21:46:49.699Z,95501,2009000,5999000
2026-09-15T21:46:49.699Z,44124,26740,1483000
2026-09-15T21:46:49.699Z,3120,3254000,6410000
2026-09-15T21:46:49.699Z,82447,80040,965400
2026-09-15T21:46:49.699Z,42562,11000000,49500000
2026-09-15T21:46:49.699Z,49650,1000,1967000
2026-09-15T21:46:49.699Z,93077,163000000,193700000
2026-09-15T21:46:49.699Z,12620,9,15.68
2026-09-15T21:46:49.699Z,49724,1809000,2058000
2026-09-15T21:46:49.699Z,33816,70960000,74990000
2026-09-15T21:46:49.699Z,25615,43990,57180
2026-09-15T21:46:49.699Z,14017,500,12360
2026-09-15T21:46:49.699Z,31444,56940,497000
2026-09-15T21:46:49.699Z,14164,60890000,65990000
2026-09-15T21:46:49.699Z,84995,,590500000
2026-09-15T21:46:49.699Z,43795,0.01,28000000
2026-09-15T21:46:49.699Z,53381,115.1,399000
2026-09-15T21:46:49.699Z,14005,507,89000
2026-09-15T21:46:49.699Z,54541,172300000,257100000
2026-09-15T21:46:49.699Z,23866,34250,37930000
2026-09-15T21:46:49.699Z,31626,3104000,3813000
2026-09-15T21:46:49.699Z,55561,7583,74900
2026-09-15T21:46:49.699Z,55341,1010,29980
2026-09-15T21:46:49.699Z,55353,0.23,27990
2026-09-15T21:46:49.699Z,27650,3980000,18960000
2026-09-15T21:46:49.699Z,50149,10000000,13440000
2026-09-15T21:46:49.699Z,74151,3000000,15010000
2026-09-15T21:46:49.699Z,85967,133500000,899900000
2026-09-15T21:46:49.699Z,31302,214300,30000000
2026-09-15T21:46:49.699Z,17175,2605000,4300000
2026-09-15T21:46:49.699Z,34308,1700000,38890000
2026-09-15T21:46:49.699Z,46639,2838000000,3979000000
2026-09-15T21:46:49.699Z,82375,120000,728500
2026-09-15T21:46:49.699Z,93999,1094000000,1269000000
2026-09-15T21:46:49.699Z,12631,44.01,69.76
2026-09-15T21:46:49.699Z,27130,102100000,120100000
2026-09-15T21:46:49.699Z,92371,1.12,11.99
2026-09-15T21:46:49.699Z,11359,18470,332000
2026-09-15T21:46:49.699Z,652,1344000,1899000
2026-09-15T21:46:49.699Z,63143,12600,400000
2026-09-15T21:46:49.699Z,25954,7292000,8597000
2026-09-15T21:46:49.699Z,47627,7106000,79990000
2026-09-15T21:46:49.699Z,2454,3502,4541
2026-09-15T21:46:49.699Z,15998,50000,50010
2026-09-15T21:46:49.699Z,24537,464,678
2026-09-15T21:46:49.699Z,44905,500000,19140000
2026-09-15T21:46:49.699Z,60030,80260000,853900000
2026-09-15T21:46:49.699Z,3125,4665000,8199000
2026-09-15T21:46:49.699Z,47070,44230000,169500000
2026-09-15T21:46:49.699Z,45969,321500,1583000
2026-09-15T21:46:49.699Z,20371,172700000,358100000
2026-09-15T21:46:49.699Z,45977,15050000,40750000
2026-09-15T21:46:49.699Z,17514,17070000,359800000
2026-09-15T21:46:49.699Z,55635,0.01,14000
2026-09-15T21:46:49.699Z,47036,5825000,10020000
2026-09-15T21:46:49.699Z,4391,105100,205700
2026-09-15T21:46:49.699Z,2109,901600,988200
2026-09-15T21:46:49.699Z,27227,111400000,124900000
2026-09-15T21:46:49.699Z,21087,2036,16480
2026-09-15T21:46:49.699Z,31890,1608000,2149000
2026-09-15T21:46:49.699Z,11543,5750,6890
2026-09-15T21:46:49.699Z,64034,225100000,289600000
2026-09-15T21:46:49.699Z,43695,,151300000
2026-09-15T21:46:49.699Z,45630,30180000,34700000
2026-09-15T21:46:49.699Z,20735,1028,3996
2026-09-15T21:46:49.699Z,5493,46850,59850
2026-09-15T21:46:49.699Z,56708,84.05,159.4
2026-09-15T21:46:49.699Z,84113,110000000,149800000
2026-09-15T21:46:49.699Z,56848,17730000,32850000
2026-09-15T21:46:49.699Z,31777,4999,248900
2026-09-15T21:46:49.699Z,20213,3661000,4900000
2026-09-15T21:46:49.699Z,13994,3905000,4296000
2026-09-15T21:46:49.699Z,44937,494.2,44000000
2026-09-15T21:46:49.699Z,87515,270000000,400000000
2026-09-15T21:46:49.699Z,87523,5123000,14300000
2026-09-15T21:46:49.699Z,1256,384900,434100
2026-09-15T21:46:49.699Z,3705,59.04,59.05
2026-09-15T21:46:49.699Z,596,2200,34890
2026-09-15T21:46:49.699Z,13797,605400,5775000
2026-09-15T21:46:49.699Z,31107,723900,1004000
2026-09-15T21:46:49.699Z,27254,109600000,131200000
2026-09-15T21:46:49.699Z,10244,9140000,19110000
2026-09-15T21:46:49.699Z,15608,1231,1232
2026-09-15T21:46:49.699Z,43803,1589000,98980000
2026-09-15T21:46:49.699Z,12614,35.01,39.92
2026-09-15T21:46:49.699Z,439,11120,14130
2026-09-15T21:46:49.699Z,90495,100,100.1
2026-09-15T21:46:49.699Z,31878,2348000,2536000
2026-09-15T21:46:49.699Z,22913,,11200000
2026-09-15T21:46:49.699Z,90490,41150,294000
2026-09-15T21:46:49.699Z,21534,11040000,33940000
2026-09-15T21:46:49.699Z,28211,1324000,1434000
2026-09-15T21:46:49.699Z,88122,45050000,99840000
2026-09-15T21:46:49.699Z,92383,25620000,339100000
2026-09-15T21:46:49.699Z,55312,69.12,147000
2026-09-15T21:46:49.699Z,22136,8046000,8993000
2026-09-15T21:46:49.699Z,45624,30170000,35470000
2026-09-15T21:46:49.699Z,3275,67730000,97740000
2026-09-15T21:46:49.699Z,62380,88270,104000
2026-09-15T21:46:49.699Z,91115,15210000,85000000
2026-09-15T21:46:49.699Z,22987,305,674.8
2026-09-15T21:46:49.699Z,37558,9000000,179600000
2026-09-15T21:46:49.699Z,22128,169600000,184700000
2026-09-15T21:46:49.699Z,37180,250700000,34970000000
2026-09-15T21:46:49.699Z,3251,25040000,93980000
2026-09-15T21:46:49.699Z,52562,6877000,49740000
2026-09-15T21:46:49.699Z,53713,609400000,650000000
2026-09-15T21:46:49.699Z,43829,1065000,200000000
2026-09-15T21:46:49.699Z,20418,95390,96100
2026-09-15T21:46:49.699Z,53021,8150000,18000000
2026-09-15T21:46:49.699Z,30308,11800,13160
2026-09-15T21:46:49.699Z,79840,0.01,597900000
2026-09-15T21:46:49.699Z,45621,31600000,36920000
2026-09-15T21:46:49.699Z,63778,1000,144900
2026-09-15T21:46:49.699Z,4242,202200,3240000
2026-09-15T21:46:49.699Z,13986,2000000,2629000
2026-09-15T21:46:49.699Z,43830,0.01,99850000
2026-09-15T21:46:49.699Z,63787,31010,950000
2026-09-15T21:46:49.699Z,52918,129200000,160000000
2026-09-15T21:46:49.699Z,53715,342500000,358700000
2026-09-15T21:46:49.699Z,3249,382900000,645700000
2026-09-15T21:46:49.699Z,4171,1703000,15430000
2026-09-15T21:46:49.699Z,20949,18.18,250
2026-09-15T21:46:49.699Z,57731,1364000,4994000
2026-09-15T21:46:49.699Z,3223,39620000,97540000
2026-09-15T21:46:49.699Z,84675,53000000,127900000
2026-09-15T21:46:49.699Z,5215,1017,8169
2026-09-15T21:46:49.699Z,3538,92070,174400
2026-09-15T21:46:49.699Z,45598,33400000,36620000
2026-09-15T21:46:49.699Z,48434,1722000,2170000
2026-09-15T21:46:49.699Z,56603,17230000,37900000
2026-09-15T21:46:49.699Z,85473,751900000,1070000000
2026-09-15T21:46:49.699Z,15997,30000,30010
2026-09-15T21:46:49.699Z,48146,123700000,213800000
2026-09-15T21:46:49.699Z,657,1990000,2211000
2026-09-15T21:46:49.699Z,32125,1471000,10890000
2026-09-15T21:46:49.699Z,62536,176,176.2
2026-09-15T21:46:49.699Z,84117,45100000,155000000
2026-09-15T21:46:49.699Z,46224,702100,5998000
2026-09-15T21:46:49.699Z,63786,62670,2700000
2026-09-15T21:46:49.699Z,12747,144100000,161200000
2026-09-15T21:46:49.699Z,21912,452,599.8
2026-09-15T21:46:49.699Z,33736,249000000,636600000
2026-09-15T21:46:49.699Z,14284,780000,770000
2026-09-15T21:46:49.699Z,92566,151.1,239
2026-09-15T21:46:49.699Z,46792,10160,2232000
2026-09-15T21:46:49.699Z,18963,140900000,163800000
2026-09-15T21:46:49.699Z,23113,628700,711600
2026-09-15T21:46:49.699Z,31466,100,44990
2026-09-15T21:46:49.699Z,33848,80130000,96960000
2026-09-15T21:46:49.699Z,3001,361100,434200
2026-09-15T21:46:49.699Z,84078,56000000,478100000
2026-09-15T21:46:49.699Z,44909,1299000,184700000
2026-09-15T21:46:49.699Z,24702,48940000,53980000
2026-09-15T21:46:49.699Z,27351,2101,2189
2026-09-15T21:46:49.699Z,36732,,599900000
2026-09-15T21:46:49.699Z,4098,21450000,59990000
2026-09-15T21:46:49.699Z,91394,50000,1165000
2026-09-15T21:46:49.699Z,41099,16010000,224000000
2026-09-15T21:46:49.699Z,503,121100,146700
2026-09-15T21:46:49.699Z,93733,105800000,128200000
2026-09-15T21:46:49.699Z,22130,331700000,356900000
2026-09-15T21:46:49.699Z,62454,864,1050
2026-09-15T21:46:49.699Z,33400,7124000,7675000
2026-09-15T21:46:49.699Z,81358,41000000,180000000
2026-09-15T21:46:49.699Z,95228,90020000,174000000
2026-09-15T21:46:49.699Z,76238,267300000,2749000000
2026-09-15T21:46:49.699Z,32436,847.9,4716
2026-09-15T21:46:49.699Z,84943,71010000,490000000
2026-09-15T21:46:49.699Z,90526,1524,1525
2026-09-15T21:46:49.699Z,16006,98630000,119800000
2026-09-15T21:46:49.699Z,62559,3905,4980
2026-09-15T21:46:49.699Z,37173,1726000000,2697000000
2026-09-15T21:46:49.699Z,37600,16000000,18090000
2026-09-15T21:46:49.699Z,64098,765100000,11750000000
2026-09-15T21:46:49.699Z,21,504.2,504.3
2026-09-15T21:46:49.699Z,567,1186,31190
2026-09-15T21:46:49.699Z,2341,153000,646000
2026-09-15T21:46:49.699Z,23525,225300,277300
2026-09-15T21:46:49.699Z,45751,501500,1893000
2026-09-15T21:46:49.699Z,44173,166,599900
2026-09-15T21:46:49.699Z,489,7502,78600
2026-09-15T21:46:49.699Z,1276,14600,189200
2026-09-15T21:46:49.699Z,33729,193800000,399900000
2026-09-15T21:46:49.699Z,989,10,4884000
2026-09-15T21:46:49.699Z,3244,952300,1038000
2026-09-15T21:46:49.699Z,41192,633600000,1050000000
2026-09-15T21:46:49.699Z,34434,90000,90010
2026-09-15T21:46:49.699Z,4144,561100,5000000
2026-09-15T21:46:49.699Z,87602,52110,9749000
2026-09-15T21:46:49.699Z,27186,24170000,27660000
2026-09-15T21:46:49.699Z,75899,251700000,359800000
2026-09-15T21:46:49.699Z,78886,1007000,98880000
2026-09-15T21:46:49.699Z,49146,95900000,399000000
2026-09-15T21:46:49.699Z,90813,500100,5999000
2026-09-15T21:46:49.699Z,21536,11130000,26270000
2026-09-15T21:46:49.699Z,60668,310000,1200000
2026-09-15T21:46:49.699Z,3695,7079,7592
2026-09-15T21:46:49.699Z,34132,205100000,278500000
2026-09-15T21:46:49.699Z,23145,56170,136900
2026-09-15T21:46:49.699Z,26255,250.4,24000
2026-09-15T21:46:49.699Z,46372,259400,528300
2026-09-15T21:46:49.699Z,88458,10000,378000
2026-09-15T21:46:49.699Z,40462,12540,5807000
2026-09-15T21:46:49.699Z,29089,403100,606800
2026-09-15T21:46:49.699Z,37235,230300000,425000000
2026-09-15T21:46:49.699Z,34062,227700000,724200000
2026-09-15T21:46:49.699Z,84135,172800000,276900000
2026-09-15T21:46:49.699Z,88591,100000,3948000
2026-09-15T21:46:49.699Z,59180,1000000,1469000
2026-09-15T21:46:49.699Z,62568,4266,4731
2026-09-15T21:46:49.699Z,82304,559.7,699.6
2026-09-15T21:46:49.699Z,16639,471.2,519.3
2026-09-15T21:46:49.699Z,19258,1955000,4108000
2026-09-15T21:46:49.699Z,33027,82000000,123200000
2026-09-15T21:46:49.699Z,88664,8200000,17000000
2026-09-15T21:46:49.699Z,42770,437600,3649000
2026-09-15T21:46:49.699Z,14112,28760000,35850000
2026-09-15T21:46:49.699Z,31260,27000,16450000
2026-09-15T21:46:49.699Z,18899,51880000,80490000
2026-09-15T21:46:49.699Z,17289,6000,13900000
2026-09-15T21:46:49.699Z,3465,70000,108500
2026-09-15T21:46:49.699Z,85032,135800000,274700000
2026-09-15T21:46:49.699Z,37223,261000000,435000000
2026-09-15T21:46:49.699Z,15816,776600,3588000
2026-09-15T21:46:49.699Z,27553,11200000,29950000
2026-09-15T21:46:49.699Z,14660,5749000000,11910000000
2026-09-15T21:46:49.699Z,43822,271000000,649900000
2026-09-15T21:46:49.699Z,14707,5335000000,6994000000
2026-09-15T21:46:49.699Z,47101,96290000,598100000
2026-09-15T21:46:49.699Z,93877,200000,200100
2026-09-15T21:46:49.699Z,41493,104800000,111700000
2026-09-15T21:46:49.699Z,31484,730700,998000
2026-09-15T21:46:49.699Z,11465,239.2,476.6
2026-09-15T21:46:49.699Z,15186,170100000,198900000
2026-09-15T21:46:49.699Z,37231,232500000,426000000
2026-09-15T21:46:49.699Z,62564,3218,3833
2026-09-15T21:46:49.699Z,33957,61050000,71960000
2026-09-15T21:46:49.699Z,35695,48850000,130000000
2026-09-15T21:46:49.699Z,2478,1392000,1469000
2026-09-15T21:46:49.699Z,34637,1336000,59000000
2026-09-15T21:46:49.699Z,63785,63010,948600
2026-09-15T21:46:49.699Z,31614,3020000,3543000
2026-09-15T21:46:49.699Z,48422,440000,989800
2026-09-15T21:46:49.699Z,18,27.85,31.9
2026-09-15T21:46:49.699Z,88543,1000,197400
2026-09-15T21:46:49.699Z,77874,21100000,64880000
2026-09-15T21:46:49.699Z,15957,4789000,10800000
2026-09-15T21:46:49.699Z,27341,61620,191800
2026-09-15T21:46:49.699Z,19695,90570000,99770000
2026-09-15T21:46:49.699Z,16669,26000,29380
2026-09-15T21:46:49.699Z,45771,100.1,599600
2026-09-15T21:46:49.699Z,49154,101000000,954100000
2026-09-15T21:46:49.699Z,34282,13230000,14910000
2026-09-15T21:46:49.699Z,85457,500000000,599100000
2026-09-15T21:46:49.699Z,55986,60020000,348700000
2026-09-15T21:46:49.699Z,60766,57760000,71890000
2026-09-15T21:46:49.699Z,40772,2000000,7713000
2026-09-15T21:46:49.699Z,3203,2040000,6183000
2026-09-15T21:46:49.699Z,48511,488200000,1351000000
2026-09-15T21:46:49.699Z,17668,1212,3484
2026-09-15T21:46:49.699Z,87603,118,3238000
2026-09-15T21:46:49.699Z,84743,2100000000,5051000000
2026-09-15T21:46:49.699Z,89670,312000000,853900000
2026-09-15T21:46:49.699Z,2195,1562000,1606000
2026-09-15T21:46:49.699Z,44916,4300000,10690000
2026-09-15T21:46:49.699Z,31824,17060000,17070000
2026-09-15T21:46:49.699Z,55587,100,189200
2026-09-15T21:46:49.699Z,43821,110000000,229900000
2026-09-15T21:46:49.699Z,3697,13740,14960
2026-09-15T21:46:49.699Z,28696,87110,90000
2026-09-15T21:46:49.699Z,83061,10000,164900
2026-09-15T21:46:49.699Z,53432,1080000,500000000
2026-09-15T21:46:49.699Z,47371,0.01,2500000000
2026-09-15T21:46:49.699Z,43875,305000000,373000000
2026-09-15T21:46:49.699Z,57122,351300000,395000000
2026-09-15T21:46:49.699Z,180,6.56,6.57
2026-09-15T21:46:49.699Z,27640,6003000,37000000
2026-09-15T21:46:49.699Z,448,1159000,1230000
2026-09-15T21:46:49.699Z,5361,5005,6700
2026-09-15T21:46:49.699Z,32029,50420,3495000
2026-09-15T21:46:49.699Z,45757,505000,999700
2026-09-15T21:46:49.699Z,56635,600000,1077000
2026-09-15T21:46:49.699Z,13826,713400,3460000
2026-09-15T21:46:49.699Z,37147,971800000,1497000000
2026-09-15T21:46:49.699Z,16682,6397,6554
2026-09-15T21:46:49.699Z,25973,10,2339000
2026-09-15T21:46:49.699Z,93656,120000000,160000000
2026-09-15T21:46:49.699Z,52296,606900,5887000
2026-09-15T21:46:49.699Z,60565,3103000,21970000
2026-09-15T21:46:49.699Z,76250,470000000,4445000000
2026-09-15T21:46:49.699Z,25956,17800000,19200000
2026-09-15T21:46:49.699Z,41030,180100000,195000000
2026-09-15T21:46:49.699Z,15823,3333000,8998000
2026-09-15T21:46:49.699Z,87323,15000000,288000000
2026-09-15T21:46:49.699Z,45614,33550000,36360000
2026-09-15T21:46:49.699Z,60905,442.6,1143
2026-09-15T21:46:49.699Z,74428,,1000
2026-09-15T21:46:49.699Z,27399,15070,53800
2026-09-15T21:46:49.699Z,23511,30040,7900000
2026-09-15T21:46:49.699Z,13811,7012000,15560000
2026-09-15T21:46:49.699Z,27185,5162,70790
2026-09-15T21:46:49.699Z,2905,433700,537200
2026-09-15T21:46:49.699Z,36710,53010000,430000000
2026-09-15T21:46:49.699Z,40770,166800,2000000
2026-09-15T21:46:49.699Z,93352,310000000,998900000
2026-09-15T21:46:49.699Z,4231,36220000,44990000
2026-09-15T21:46:49.699Z,94155,56740000,109900000
2026-09-15T21:46:49.699Z,56067,405500,1369000
2026-09-15T21:46:49.699Z,19966,2.14,18
2026-09-15T21:46:49.699Z,79741,24180000,39990000
2026-09-15T21:46:49.699Z,27104,3000,249500
2026-09-15T21:46:49.699Z,52439,40000000,2690000000
2026-09-15T21:46:49.699Z,53437,115200000,178800000
2026-09-15T21:46:49.699Z,73462,500000,2041000
2026-09-15T21:46:49.699Z,88659,22010000,153500000
2026-09-15T21:46:49.699Z,4244,860000000,970800000
2026-09-15T21:46:49.699Z,31007,64100000,425000000
2026-09-15T21:46:49.699Z,48543,261300000,480000000
2026-09-15T21:46:49.699Z,20971,15.3,817
2026-09-15T21:46:49.699Z,83386,80000,987900
2026-09-15T21:46:49.699Z,37452,55000000,62720000
2026-09-15T21:46:49.699Z,57454,120300,139300
2026-09-15T21:46:49.699Z,1447,365400,416900
2026-09-15T21:46:49.699Z,76177,1004000,137900000
2026-09-15T21:46:49.699Z,48436,269600,1130000
2026-09-15T21:46:49.699Z,46818,1222000,8697000
2026-09-15T21:46:49.699Z,58869,1226,1500000
2026-09-15T21:46:49.699Z,46867,1052000,3499000
2026-09-15T21:46:49.699Z,79735,62990,2999000
2026-09-15T21:46:49.699Z,46836,703000,3993000
2026-09-15T21:46:49.699Z,46827,505000,2995000
2026-09-15T21:46:49.699Z,46986,3810000,9996000
2026-09-15T21:46:49.699Z,46850,600800,8592000
2026-09-15T21:46:49.699Z,46967,58100,6383000
2026-09-15T21:46:49.699Z,46926,505200,5006000
2026-09-15T21:46:49.699Z,46969,10000,2320000
2026-09-15T21:46:49.699Z,46849,500100,15460000
2026-09-15T21:46:49.699Z,60906,506400,4499000
2026-09-15T21:46:49.699Z,46862,1104000,12780000
2026-09-15T21:46:49.699Z,57023,1006000,7980000
2026-09-15T21:46:49.699Z,28294,432200,529400
2026-09-15T21:46:49.699Z,30470,9246000,9987000
2026-09-15T21:46:49.699Z,62223,700000000,1240000000
2026-09-15T21:46:49.699Z,1244,22870,87890
2026-09-15T21:46:49.699Z,3017,255300,596900
2026-09-15T21:46:49.699Z,91627,136100000,195000000
2026-09-15T21:46:49.699Z,52888,65640000,577800000
2026-09-15T21:46:49.699Z,49741,58070000,62880000
2026-09-15T21:46:49.699Z,40697,63350000,149000000
2026-09-15T21:46:49.699Z,44210,1000,13490000
2026-09-15T21:46:49.699Z,30656,1000000,9999000
2026-09-15T21:46:49.699Z,83344,10000,2673000
2026-09-15T21:46:49.699Z,20627,2844000,7445000
2026-09-15T21:46:49.699Z,31033,190500,355100
2026-09-15T21:46:49.699Z,27239,152300000,170200000
2026-09-15T21:46:49.699Z,40328,3102000,6000000
2026-09-15T21:46:49.699Z,10692,12260,24980
2026-09-15T21:46:49.699Z,20779,14210,29680
2026-09-15T21:46:49.699Z,82358,40000,2899000
2026-09-15T21:46:49.699Z,90404,825200000,1798000000
2026-09-15T21:46:49.699Z,82041,2200000,70000000
2026-09-15T21:46:49.699Z,90652,1000,466100
2026-09-15T21:46:49.699Z,22474,256200000,271800000
2026-09-15T21:46:49.699Z,57317,37500000,45000000
2026-09-15T21:46:49.699Z,18901,49890000,55890000
2026-09-15T21:46:49.699Z,3049,4447000,4798000
2026-09-15T21:46:49.699Z,46945,10020,1969000
2026-09-15T21:46:49.699Z,19007,37010000,42850000
2026-09-15T21:46:49.699Z,833,100,16790000
2026-09-15T21:46:49.699Z,13880,903700,1940000
2026-09-15T21:46:49.699Z,30633,131900,220000
2026-09-15T21:46:49.699Z,45514,1500000,2350000
2026-09-15T21:46:49.699Z,91118,76000000,114900000
2026-09-15T21:46:49.699Z,28752,130800000,143700000
2026-09-15T21:46:49.699Z,87952,50000,96840
2026-09-15T21:46:49.699Z,31013,15000000,31000000
2026-09-15T21:46:49.699Z,26418,54690000,66570000
2026-09-15T21:46:49.699Z,16527,404100,484200
2026-09-15T21:46:49.699Z,40349,49020000,52390000
2026-09-15T21:46:49.699Z,45601,35690000,39160000
2026-09-15T21:46:49.699Z,16455,10000,72320
2026-09-15T21:46:49.699Z,14694,963200000,1880000000
2026-09-15T21:46:49.699Z,83249,1100,48400
2026-09-15T21:46:49.699Z,12753,151900000,160400000
2026-09-15T21:46:49.699Z,34425,10000,1163000
2026-09-15T21:46:49.699Z,22127,105100000,112000000
2026-09-15T21:46:49.699Z,85491,76100000,211800000
2026-09-15T21:46:49.699Z,57020,1295000,4930000
2026-09-15T21:46:49.699Z,12225,102300,794700
2026-09-15T21:46:49.699Z,43482,100000,736500
2026-09-15T21:46:49.699Z,87264,1251,4200000
2026-09-15T21:46:49.699Z,89949,4402000,43990000
2026-09-15T21:46:49.699Z,13222,14030000,16970000
2026-09-15T21:46:49.699Z,3566,2141,6999
2026-09-15T21:46:49.699Z,3962,78700000,89720000
2026-09-15T21:46:49.699Z,37810,7295000,15200000
2026-09-15T21:46:49.699Z,87238,756100000,2950000000
2026-09-15T21:46:49.699Z,14703,2374000000,2900000000
2026-09-15T21:46:49.699Z,40572,75000000,117800000
2026-09-15T21:46:49.699Z,55623,0.01,74000
2026-09-15T21:46:49.699Z,21949,25990000,49990000
2026-09-15T21:46:49.699Z,830,100,7240000
2026-09-15T21:46:49.699Z,3665,1027000,2145000
2026-09-15T21:46:49.699Z,40565,24380000,31620000
2026-09-15T21:46:49.699Z,15824,602100,1998000
2026-09-15T21:46:49.699Z,19929,15670,20900
2026-09-15T21:46:49.699Z,18947,242600000,291700000
2026-09-15T21:46:49.699Z,620,8005000,8697000
2026-09-15T21:46:49.699Z,19079,701200,2700000
2026-09-15T21:46:49.699Z,57384,5728000,66500000
2026-09-15T21:46:49.699Z,11446,829600,1794000
2026-09-15T21:46:49.699Z,81621,177400000,449900000
2026-09-15T21:46:49.699Z,33838,1427000000,1898000000
2026-09-15T21:46:49.699Z,34266,,191000
2026-09-15T21:46:49.699Z,87516,56000000,190000000
2026-09-15T21:46:49.699Z,44168,173,788500
2026-09-15T21:46:49.699Z,85141,100000,375000
2026-09-15T21:46:49.699Z,15168,,1275000000
2026-09-15T21:46:49.699Z,80813,150100000,455000000
2026-09-15T21:46:49.699Z,52201,10130,482200
2026-09-15T21:46:49.699Z,31982,23040,26600
2026-09-15T21:46:49.699Z,2603,1887,2600
2026-09-15T21:46:49.699Z,60908,266800,3995000
2026-09-15T21:46:49.699Z,27914,1511000,1644000
2026-09-15T21:46:49.699Z,90122,121000000,380000000
2026-09-15T21:46:49.699Z,47699,91640,199800
2026-09-15T21:46:49.699Z,41308,4115,23300
2026-09-15T21:46:49.699Z,43555,1757000,2012000
2026-09-15T21:46:49.699Z,28850,6105000000,6484000000
2026-09-15T21:46:49.699Z,43849,45360000,61920000
2026-09-15T21:46:49.699Z,54397,451000000,1111000000
2026-09-15T21:46:49.699Z,54228,,1983000
2026-09-15T21:46:49.699Z,87511,51390000,138000000
2026-09-15T21:46:49.699Z,34654,408000000,1164000000
2026-09-15T21:46:49.699Z,91408,1800000,4500000
2026-09-15T21:46:49.699Z,26308,8804,9971000
2026-09-15T21:46:49.699Z,15466,3301000,3670000
2026-09-15T21:46:49.699Z,13815,13560000,23400000
2026-09-15T21:46:49.699Z,23809,30190000,47730000
2026-09-15T21:46:49.699Z,34292,3515000,3645000
2026-09-15T21:46:49.699Z,49712,40460000,46980000
2026-09-15T21:46:49.699Z,13923,5700000,6976000
2026-09-15T21:46:49.699Z,17794,716100,962700
2026-09-15T21:46:49.699Z,84519,5000,15000
2026-09-15T21:46:49.699Z,10680,406800,446800
2026-09-15T21:46:49.699Z,22783,,27300000
2026-09-15T21:46:49.699Z,186,5.12,24.89
2026-09-15T21:46:49.699Z,20879,10080000,344100000
2026-09-15T21:46:49.699Z,31544,2118000,2746000
2026-09-15T21:46:49.699Z,6635,133700,134400
2026-09-15T21:46:49.699Z,28207,928900,1188000
2026-09-15T21:46:49.699Z,23162,30.49,190.6
2026-09-15T21:46:49.699Z,17444,643.6,1000
2026-09-15T21:46:49.699Z,41050,203000000,499000000
2026-09-15T21:46:49.699Z,42779,400500,3500000
2026-09-15T21:46:49.699Z,45932,1002,500000
2026-09-15T21:46:49.699Z,21593,16.04,16.05
2026-09-15T21:46:49.699Z,41662,25500000,55000000
2026-09-15T21:46:49.699Z,46289,0.01,65000
2026-09-15T21:46:49.699Z,82467,40080,8629000
2026-09-15T21:46:49.699Z,62574,15060,17750
2026-09-15T21:46:49.699Z,17548,9031000,10910000
2026-09-15T21:46:49.699Z,87573,951800000,1399000000
2026-09-15T21:46:49.699Z,95724,25160000,139900000
2026-09-15T21:46:49.699Z,90597,10000,38790
2026-09-15T21:46:49.699Z,61878,3638000,60210000
2026-09-15T21:46:49.699Z,28375,19160000,33990000
2026-09-15T21:46:49.699Z,41524,3310,42520
2026-09-15T21:46:49.699Z,36450,5800000,43000000
2026-09-15T21:46:49.699Z,20921,45.69,118.4
2026-09-15T21:46:49.699Z,21510,23240000,29500000
2026-09-15T21:46:49.699Z,55551,0.01,98610
2026-09-15T21:46:49.699Z,88476,1000,169000
2026-09-15T21:46:49.699Z,83305,20000,179300
2026-09-15T21:46:49.699Z,83293,1000,74900
2026-09-15T21:46:49.699Z,83352,20030,1046000
2026-09-15T21:46:49.699Z,92993,8700000,24150000
2026-09-15T21:46:49.699Z,83259,20010,50000
2026-09-15T21:46:49.699Z,3264,4052000,69060000
2026-09-15T21:46:49.699Z,88456,1000,119000
2026-09-15T21:46:49.699Z,95727,131000000,319000000
2026-09-15T21:46:49.699Z,13951,9363000,10490000
2026-09-15T21:46:49.699Z,28740,20400000,25990000
2026-09-15T21:46:49.699Z,30328,461.9,40000
2026-09-15T21:46:49.699Z,46352,508800,6811000
2026-09-15T21:46:49.699Z,34708,12160000,129800000
2026-09-15T21:46:49.699Z,31946,38540000,42570000
2026-09-15T21:46:49.699Z,89648,18300000,20950000
2026-09-15T21:46:49.699Z,26322,55250000,62890000
2026-09-15T21:46:49.699Z,13922,95410000,108900000
2026-09-15T21:46:49.699Z,90651,240100,9982000
2026-09-15T21:46:49.699Z,95402,20000,44000
2026-09-15T21:46:49.699Z,17445,653.6,900
2026-09-15T21:46:49.699Z,13876,255700,4200000
2026-09-15T21:46:49.699Z,58956,16030000,22000000
2026-09-15T21:46:49.699Z,31498,400000,1120000
2026-09-15T21:46:49.699Z,33618,22850000,24900000
2026-09-15T21:46:49.699Z,55297,100,40000
2026-09-15T21:46:49.699Z,46020,141000000,347000000
2026-09-15T21:46:49.699Z,60262,10010000,192000000
2026-09-15T21:46:49.699Z,62392,106700,135000
2026-09-15T21:46:49.699Z,2309,3.12,3.74
2026-09-15T21:46:49.699Z,9207,35000,117200
2026-09-15T21:46:49.699Z,31300,100400,235300
2026-09-15T21:46:49.699Z,95725,160000000,210000000
2026-09-15T21:46:49.699Z,90612,2001000,11960000
2026-09-15T21:46:49.699Z,52200,15990,199600
2026-09-15T21:46:49.699Z,47191,41240,599900
2026-09-15T21:46:49.699Z,93697,165000000,320000000
2026-09-15T21:46:49.699Z,34747,12690,3830000
2026-09-15T21:46:49.699Z,45595,36220000,39500000
2026-09-15T21:46:49.699Z,20410,93210,99690
2026-09-15T21:46:49.699Z,59325,1910000000,3736000000
2026-09-15T21:46:49.699Z,85001,6079000000,11680000000
2026-09-15T21:46:49.699Z,90599,40000,95000
2026-09-15T21:46:49.699Z,18879,26120000,30890000
2026-09-15T21:46:49.699Z,19538,227100000,256500000
2026-09-15T21:46:49.699Z,88597,10100,149900
2026-09-15T21:46:49.699Z,21474,52210000,89500000
2026-09-15T21:46:49.699Z,95726,250600000,389800000
2026-09-15T21:46:49.699Z,643,137600000,150900000
2026-09-15T21:46:49.699Z,3721,4000,37800
2026-09-15T21:46:49.699Z,2589,165000000,177400000
2026-09-15T21:46:49.699Z,1541,516100,591500
2026-09-15T21:46:49.699Z,15798,67200000,74870000
2026-09-15T21:46:49.699Z,82302,238.4,346
2026-09-15T21:46:49.699Z,31916,20910000,24710000
2026-09-15T21:46:49.699Z,3392,480,11980
2026-09-15T21:46:49.699Z,87773,700100,15910000
2026-09-15T21:46:49.699Z,46677,5139,6000
2026-09-15T21:46:49.699Z,20895,16490000,37710000
2026-09-15T21:46:49.699Z,19206,178800000,226400000
2026-09-15T21:46:49.699Z,88540,220000,1414000
2026-09-15T21:46:49.699Z,23077,228500,290300
2026-09-15T21:46:49.699Z,17623,1343,13410
2026-09-15T21:46:49.699Z,11642,1701000,1846000
2026-09-15T21:46:49.699Z,56863,551300,14470000
2026-09-15T21:46:49.699Z,33475,7916000,8476000
2026-09-15T21:46:49.699Z,7329,5084,10410
2026-09-15T21:46:49.699Z,21935,894.1,1000
2026-09-15T21:46:49.699Z,89692,400100,4998000
2026-09-15T21:46:49.699Z,22110,110400000,127700000
2026-09-15T21:46:49.699Z,45812,61060,740900
2026-09-15T21:46:49.699Z,27252,104200000,119900000
2026-09-15T21:46:49.699Z,85398,8722,12070
2026-09-15T21:46:49.699Z,32101,6950000,14900000
2026-09-15T21:46:49.699Z,43687,,38990000
2026-09-15T21:46:49.699Z,56851,910000000,1200000000
2026-09-15T21:46:49.699Z,85316,427100,452500
2026-09-15T21:46:49.699Z,91977,52310000,82590000
2026-09-15T21:46:49.699Z,21368,3803,4588
2026-09-15T21:46:49.699Z,86270,,690000000
2026-09-15T21:46:49.699Z,60763,118100000,221500000
2026-09-15T21:46:49.699Z,11944,67010,184000
2026-09-15T21:46:49.699Z,90471,40690,231900
2026-09-15T21:46:49.699Z,45777,401200,1188000
2026-09-15T21:46:49.699Z,18953,28910000,38480000
2026-09-15T21:46:49.699Z,83244,10000,2188000
2026-09-15T21:46:49.699Z,55657,10110,100000
2026-09-15T21:46:49.699Z,23097,339700,387600
2026-09-15T21:46:49.699Z,56132,104800,164000
2026-09-15T21:46:49.699Z,34268,929000,1006000
2026-09-15T21:46:49.699Z,17471,12.03,12.04
2026-09-15T21:46:49.699Z,23510,6406,58230
2026-09-15T21:46:49.699Z,85026,7777000,9123000000
2026-09-15T21:46:49.699Z,15887,36210000,43290000
2026-09-15T21:46:49.699Z,5219,11130,31020
2026-09-15T21:46:49.699Z,31954,18420000,36380000
2026-09-15T21:46:49.699Z,55687,110,44200
2026-09-15T21:46:49.699Z,1161,2011,399000
2026-09-15T21:46:49.699Z,3329,10.03,17880
2026-09-15T21:46:49.699Z,60286,186600,225000
2026-09-15T21:46:49.699Z,31816,303.4,181000
2026-09-15T21:46:49.699Z,27127,442300,705900
2026-09-15T21:46:49.699Z,628,8008000,9070000
2026-09-15T21:46:49.699Z,15662,50010,4983000
2026-09-15T21:46:49.699Z,28676,200400,1923000
2026-09-15T21:46:49.699Z,12011,94810000,108200000
2026-09-15T21:46:49.699Z,46778,0.01,1122000
2026-09-15T21:46:49.699Z,55684,0.02,129100
2026-09-15T21:46:49.699Z,13252,2659000,2990000
2026-09-15T21:46:49.699Z,33477,,20980000
2026-09-15T21:46:49.699Z,440,2545000,2744000
2026-09-15T21:46:49.699Z,33028,9000000,39000000
2026-09-15T21:46:49.699Z,27858,11510000,29260000
2026-09-15T21:46:49.699Z,16233,47060000,53540000
2026-09-15T21:46:49.699Z,48896,331200000,518400000
2026-09-15T21:46:49.699Z,33555,87070000,122700000
2026-09-15T21:46:49.699Z,18867,55980000,60110000
2026-09-15T21:46:49.699Z,43885,103200000,112900000
2026-09-15T21:46:49.699Z,73910,480700000,550000000
2026-09-15T21:46:49.699Z,31262,20510,92050
2026-09-15T21:46:49.699Z,22470,291300000,312900000
2026-09-15T21:46:49.699Z,35150,610.1,610.2
2026-09-15T21:46:49.699Z,62523,26.28,33.6
2026-09-15T21:46:49.699Z,91959,5257000,47960000
2026-09-15T21:46:49.699Z,3106,560800,880300
2026-09-15T21:46:49.699Z,34,3.94,4
2026-09-15T21:46:49.699Z,40553,9530000,10250000
2026-09-15T21:46:49.699Z,49957,580800000,999000000
2026-09-15T21:46:49.699Z,77114,48210000,54280000
2026-09-15T21:46:49.699Z,85546,4218000,13800000
2026-09-15T21:46:49.699Z,9139,33400,38350
2026-09-15T21:46:49.699Z,19137,17000000,21470000
2026-09-15T21:46:49.699Z,18853,2705000,8971000
2026-09-15T21:46:49.699Z,4395,260300,279500
2026-09-15T21:46:49.699Z,22889,29230000,37920000
2026-09-15T21:46:49.699Z,3283,1,394900
2026-09-15T21:46:49.699Z,56795,5000000,22000000
2026-09-15T21:46:49.699Z,18702,74300000,96570000
2026-09-15T21:46:49.699Z,14192,229500,19760000
2026-09-15T21:46:49.699Z,46994,271900,8966000
2026-09-15T21:46:49.699Z,33453,22150000,26170000
2026-09-15T21:46:49.699Z,563,,17000
2026-09-15T21:46:49.699Z,37599,10910000,16040000
2026-09-15T21:46:49.699Z,31604,3101000,4002000
2026-09-15T21:46:49.699Z,2038,500100,570200
2026-09-15T21:46:49.699Z,47547,25110,374800
2026-09-15T21:46:49.699Z,21408,202.4,3199
2026-09-15T21:46:49.699Z,47141,7236000,16950000
2026-09-15T21:46:49.699Z,21963,89980000,120000000
2026-09-15T21:46:49.699Z,35586,0.01,90010
2026-09-15T21:46:49.699Z,13888,8667000,13610000
2026-09-15T21:46:49.699Z,31394,121000,276200
2026-09-15T21:46:49.699Z,21527,8233000,10570000
2026-09-15T21:46:49.699Z,3481,68530000,86110000
2026-09-15T21:46:49.699Z,3168,3362000,5785000
2026-09-15T21:46:49.699Z,31794,3871000,4150000
2026-09-15T21:46:49.699Z,52870,100200,644000000
2026-09-15T21:46:49.699Z,17848,280300,380000
2026-09-15T21:46:49.699Z,31495,0.02,63000000
2026-09-15T21:46:49.699Z,31048,,5780000
2026-09-15T21:46:49.699Z,17363,50010,239200
2026-09-15T21:46:49.699Z,27235,1,389700
2026-09-15T21:46:49.699Z,83219,10000,10010
2026-09-15T21:46:49.699Z,8225,7137,7138
2026-09-15T21:46:49.699Z,52423,160400000,337200000
2026-09-15T21:46:49.699Z,53711,290400000,308900000
2026-09-15T21:46:49.699Z,85654,519900000,585900000
2026-09-15T21:46:49.699Z,13229,15000000,16920000
2026-09-15T21:46:49.699Z,25863,158600,949400
2026-09-15T21:46:49.699Z,55596,2001,66990
2026-09-15T21:46:49.699Z,31304,110100,2988000
2026-09-15T21:46:49.699Z,1294,,24500
2026-09-15T21:46:49.699Z,34074,162400000,438700000
2026-09-15T21:46:49.699Z,81011,355000000,522100000
2026-09-15T21:46:49.699Z,34280,3350000,3840000
2026-09-15T21:46:49.699Z,85399,8400,9990
2026-09-15T21:46:49.699Z,84415,65280,248000
2026-09-15T21:46:49.699Z,2348,124000,131800
2026-09-15T21:46:49.699Z,17664,4,316.7
2026-09-15T21:46:49.699Z,85003,,990000000
2026-09-15T21:46:49.699Z,54166,203000,2299000
2026-09-15T21:46:49.699Z,15844,1373000,3972000
2026-09-15T21:46:49.699Z,60368,,8540000
2026-09-15T21:46:49.699Z,48418,840900,2285000
2026-09-15T21:46:49.699Z,46520,26520000,45440000
2026-09-15T21:46:49.699Z,14988,1614000,1000000000
2026-09-15T21:46:49.699Z,41478,1032000,1084000
2026-09-15T21:46:49.699Z,83068,1001,82200
2026-09-15T21:46:49.699Z,45739,2031,189900
2026-09-15T21:46:49.699Z,19347,118500000,135900000
2026-09-15T21:46:49.699Z,27625,200000,15000000
2026-09-15T21:46:49.699Z,28686,96000,139200
2026-09-15T21:46:49.699Z,12761,270.1,302
2026-09-15T21:46:49.699Z,33956,114600000,189500000
2026-09-15T21:46:49.699Z,41477,531200,602000
2026-09-15T21:46:49.699Z,89512,5021000,8923000
2026-09-15T21:46:49.699Z,93666,,49980000
2026-09-15T21:46:49.699Z,47447,17520000,19210000
2026-09-15T21:46:49.699Z,19117,50930000,109800000
2026-09-15T21:46:49.699Z,88652,60000,171300
2026-09-15T21:46:49.699Z,40326,180200,775000
2026-09-15T21:46:49.699Z,34042,21580000,52950000
2026-09-15T21:46:49.699Z,27231,1211,379800
2026-09-15T21:46:49.699Z,44166,1.01,397700
2026-09-15T21:46:49.699Z,13788,1585000,2748000
2026-09-15T21:46:49.699Z,42751,35010,675000
2026-09-15T21:46:49.699Z,60658,30000,139800
2026-09-15T21:46:49.699Z,32049,,117200
2026-09-15T21:46:49.699Z,60913,82010000,102400000
2026-09-15T21:46:49.699Z,15871,490000,1000000
2026-09-15T21:46:49.699Z,488,11010,47730
2026-09-15T21:46:49.699Z,56797,1110000,3799000
2026-09-15T21:46:49.699Z,3311,3312,58990
2026-09-15T21:46:49.699Z,56071,203300,299000
2026-09-15T21:46:49.699Z,14027,13010,120000
2026-09-15T21:46:49.699Z,61197,152400,543400
2026-09-15T21:46:49.699Z,27771,1000000,19850000
2026-09-15T21:46:49.699Z,11202,9903000,12220000
2026-09-15T21:46:49.699Z,19341,115000000,127500000
2026-09-15T21:46:49.699Z,57468,153100,352800
2026-09-15T21:46:49.699Z,85932,90800000,396900000
2026-09-15T21:46:49.699Z,46216,17970000,20200000
2026-09-15T21:46:49.699Z,86156,220200000,290000000
2026-09-15T21:46:49.699Z,26430,10020000,17040000
2026-09-15T21:46:49.699Z,55301,0.01,58700
2026-09-15T21:46:49.699Z,60280,10010,109900
2026-09-15T21:46:49.699Z,55535,54.1,19500
2026-09-15T21:46:49.699Z,34164,2261000,17060000
2026-09-15T21:46:49.699Z,62228,5000000000,9258000000
2026-09-15T21:46:49.699Z,61226,,10830000
2026-09-15T21:46:49.699Z,63246,56300,669000
2026-09-15T21:46:49.699Z,31956,33810000,51490000
2026-09-15T21:46:49.699Z,21252,1450000,8750000
2026-09-15T21:46:49.699Z,52694,3971000,4270000
2026-09-15T21:46:49.699Z,18961,68070000,88960000
2026-09-15T21:46:49.699Z,79740,28200,478200
2026-09-15T21:46:49.699Z,37303,200800000,220300000
2026-09-15T21:46:49.699Z,29057,51030,320000
2026-09-15T21:46:49.699Z,37220,75710000,120000000
2026-09-15T21:46:49.699Z,3193,5237000,7338000
2026-09-15T21:46:49.699Z,46782,50.08,3942000
2026-09-15T21:46:49.699Z,28607,5100000,951900000
2026-09-15T21:46:49.699Z,46488,374000000,387000000
2026-09-15T21:46:49.699Z,14502,852300000,1709000000
2026-09-15T21:46:49.699Z,89509,32930000,60000000
2026-09-15T21:46:49.699Z,33947,64860000,85780000
2026-09-15T21:46:49.699Z,83336,1000,100000
2026-09-15T21:46:49.699Z,31570,7443000,8999000
2026-09-15T21:46:49.699Z,21572,165500,863900
2026-09-15T21:46:49.699Z,82474,10010,794900
2026-09-15T21:46:49.699Z,24556,20020000,27520000
2026-09-15T21:46:49.699Z,90641,10000,91010
2026-09-15T21:46:49.699Z,88377,51000000,348600000
2026-09-15T21:46:49.699Z,45657,,10500000
2026-09-15T21:46:49.699Z,36512,0.01,150000000
2026-09-15T21:46:49.699Z,10166,10200000,11850000
2026-09-15T21:46:49.699Z,84118,41010000,169900000
2026-09-15T21:46:49.699Z,21396,60.02,1579
2026-09-15T21:46:49.699Z,13825,4600000,12990000
2026-09-15T21:46:49.699Z,52680,25000000,47930000
2026-09-15T21:46:49.699Z,90316,110000000,119900000
2026-09-15T21:46:49.699Z,12816,228000,242200
2026-09-15T21:46:49.699Z,58903,10000000,49980000
2026-09-15T21:46:49.699Z,9071,40170,180000
2026-09-15T21:46:49.699Z,47744,4003000,4690000
2026-09-15T21:46:49.699Z,11365,17100000,19120000
2026-09-15T21:46:49.699Z,41215,19760000,21110000
2026-09-15T21:46:49.699Z,20507,180200000,198900000
2026-09-15T21:46:49.699Z,54779,40740,59190
2026-09-15T21:46:49.699Z,74387,18000,149600
2026-09-15T21:46:49.699Z,52674,20190000,29820000
2026-09-15T21:46:49.699Z,20575,4103000,5640000
2026-09-15T21:46:49.699Z,19269,1395000,2689000
2026-09-15T21:46:49.699Z,13926,45150000,51850000
2026-09-15T21:46:49.699Z,1808,35240,79040
2026-09-15T21:46:49.699Z,62633,66640000,83490000
2026-09-15T21:46:49.699Z,83069,10000,752500
2026-09-15T21:46:49.699Z,28801,899300000,1030000000
2026-09-15T21:46:49.699Z,91142,641700,2999000
2026-09-15T21:46:49.699Z,74143,39810,1865000
2026-09-15T21:46:49.699Z,27393,206.7,706.8
2026-09-15T21:46:49.699Z,24571,5005000,16400000
2026-09-15T21:46:49.699Z,55616,10000,319500
2026-09-15T21:46:49.699Z,46038,48260000,92500000
2026-09-15T21:46:49.699Z,32414,21480000,23220000
2026-09-15T21:46:49.699Z,21910,500,900
2026-09-15T21:46:49.699Z,3715,10,90
2026-09-15T21:46:49.699Z,37820,18000000,23940000
2026-09-15T21:46:49.699Z,9133,81150,348900
2026-09-15T21:46:49.699Z,45793,2300000,9360000
2026-09-15T21:46:49.699Z,14681,,1998000000
2026-09-15T21:46:49.699Z,14722,325500000,773600000
2026-09-15T21:46:49.699Z,73880,3001000,15500000
2026-09-15T21:46:49.699Z,56634,11000,695000
2026-09-15T21:46:49.699Z,27353,434.5,495.6
2026-09-15T21:46:49.699Z,58896,102500,1000000
2026-09-15T21:46:49.699Z,55597,0.02,74000
2026-09-15T21:46:49.699Z,46775,10100,1896000
2026-09-15T21:46:49.699Z,36801,600100,1700000
2026-09-15T21:46:49.699Z,3220,47650000,104800000
2026-09-15T21:46:49.699Z,3717,157.1,199.9
2026-09-15T21:46:49.699Z,56615,51150000,1850000000
2026-09-15T21:46:49.699Z,63245,10050,2450000
2026-09-15T21:46:49.699Z,36438,5000000,54000000
2026-09-15T21:46:49.699Z,32112,1015000,9600000
2026-09-15T21:46:49.699Z,19547,110500000,122200000
2026-09-15T21:46:49.699Z,47046,,21880000
2026-09-15T21:46:49.699Z,2446,1275000,1438000
2026-09-15T21:46:49.699Z,37543,36740,45000
2026-09-15T21:46:49.699Z,213,13.97,13.98
2026-09-15T21:46:49.699Z,3126,80090000,98840000
2026-09-15T21:46:49.699Z,27367,100,320.7
2026-09-15T21:46:49.699Z,91134,100000,169900
2026-09-15T21:46:49.699Z,9137,36200,92970
2026-09-15T21:46:49.699Z,46999,4001000,20000000
2026-09-15T21:46:49.699Z,18724,21120,1249000
2026-09-15T21:46:49.699Z,47003,61260,5897000
2026-09-15T21:46:49.699Z,74160,22110000,52890000
2026-09-15T21:46:49.699Z,32116,4205000,11850000
2026-09-15T21:46:49.699Z,45787,100,3074000
2026-09-15T21:46:49.699Z,43842,401500,5184000
2026-09-15T21:46:49.699Z,45825,19010,1997000
2026-09-15T21:46:49.699Z,45894,40000,2682000
2026-09-15T21:46:49.699Z,45767,119400,2500000
2026-09-15T21:46:49.699Z,33569,61.1,999
2026-09-15T21:46:49.699Z,15158,9168000000,17980000000
2026-09-15T21:46:49.699Z,56269,1000,74000
2026-09-15T21:46:49.699Z,41195,5567000000,5978000000
2026-09-15T21:46:49.699Z,55323,5.03,99800
2026-09-15T21:46:49.699Z,23840,995200,1510000
2026-09-15T21:46:49.699Z,28420,155200,589400
2026-09-15T21:46:49.699Z,20411,92770,98780
2026-09-15T21:46:49.699Z,28691,75510,125500
2026-09-15T21:46:49.699Z,88210,37500000,246800000
2026-09-15T21:46:49.699Z,76290,513300000,897000000
2026-09-15T21:46:49.699Z,13216,15250000,16920000
2026-09-15T21:46:49.699Z,48219,1375000,2100000
2026-09-15T21:46:49.699Z,31963,5128000,21520000
2026-09-15T21:46:49.699Z,43681,270600000,284500000
2026-09-15T21:46:49.699Z,16265,186400,186500
2026-09-15T21:46:49.699Z,34362,313200,7687000
2026-09-15T21:46:49.699Z,45609,31180000,38240000
2026-09-15T21:46:49.699Z,74145,89670,4471000
2026-09-15T21:46:49.699Z,13803,755300,4000000
2026-09-15T21:46:49.699Z,17676,502,1722
2026-09-15T21:46:49.699Z,8635,388800,406600
2026-09-15T21:46:49.699Z,55579,34060,98000
2026-09-15T21:46:49.699Z,47963,5644000,310000000
2026-09-15T21:46:49.699Z,11985,125100000,147300000
2026-09-15T21:46:49.699Z,12304,4128000,5300000
2026-09-15T21:46:49.699Z,85773,480000,1076000
2026-09-15T21:46:49.699Z,63051,14530000,29510000
2026-09-15T21:46:49.699Z,83212,10000,99980
2026-09-15T21:46:49.699Z,55584,10000,120000
2026-09-15T21:46:49.699Z,74155,12000000,73980000
2026-09-15T21:46:49.699Z,11561,181900,418400
2026-09-15T21:46:49.699Z,33213,171100000,299900000
2026-09-15T21:46:49.699Z,24427,773600,977900
2026-09-15T21:46:49.699Z,27191,552200,879000
2026-09-15T21:46:49.699Z,78624,260000000,347800000
2026-09-15T21:46:49.699Z,7709,40000,53900
2026-09-15T21:46:49.699Z,16407,54760,151700
2026-09-15T21:46:49.699Z,60910,5010000,12460000
2026-09-15T21:46:49.699Z,2563,900400,1200000
2026-09-15T21:46:49.699Z,55633,5000,84090
2026-09-15T21:46:49.699Z,28414,55110,4974000
2026-09-15T21:46:49.699Z,13237,15400000,17390000
2026-09-15T21:46:49.699Z,53166,2001000,9639000
2026-09-15T21:46:49.699Z,17893,502600,543800
2026-09-15T21:46:49.699Z,85496,5002000,11000000
2026-09-15T21:46:49.699Z,82186,3011000000,5492000000
2026-09-15T21:46:49.699Z,35835,752300000,832000000
2026-09-15T21:46:49.699Z,31129,3041,37910
2026-09-15T21:46:49.699Z,47922,47260000,53600000
2026-09-15T21:46:49.699Z,83345,10000,484200
2026-09-15T21:46:49.699Z,37297,10740000,90000000
2026-09-15T21:46:49.699Z,91936,2355000,3200000
2026-09-15T21:46:49.699Z,85513,1839000,9466000
2026-09-15T21:46:49.699Z,15717,12030000,18160000
2026-09-15T21:46:49.699Z,92964,6809000,24810000
2026-09-15T21:46:49.699Z,55318,401,90000
2026-09-15T21:46:49.699Z,55531,0.01,267900
2026-09-15T21:46:49.699Z,46718,1971000,15500000
2026-09-15T21:46:49.699Z,30993,27140000,33010000
2026-09-15T21:46:49.699Z,27411,849,973.9
2026-09-15T21:46:49.699Z,54975,43960000,46140000
2026-09-15T21:46:49.699Z,95297,41120000,111000000
2026-09-15T21:46:49.699Z,62640,202700,1057000
2026-09-15T21:46:49.699Z,32925,16370000000,19540000000
2026-09-15T21:46:49.699Z,15821,4303000,43760000
2026-09-15T21:46:49.699Z,23154,10450000,11910000
2026-09-15T21:46:49.699Z,15674,20100,37480
2026-09-15T21:46:49.699Z,56790,100,49510000
2026-09-15T21:46:49.699Z,89262,10000,187000
2026-09-15T21:46:49.699Z,41336,1721000,2336000
2026-09-15T21:46:49.699Z,20749,990,2759
2026-09-15T21:46:49.699Z,21238,355000,3000000
2026-09-15T21:46:49.699Z,45865,5003000,15010000
2026-09-15T21:46:49.699Z,17684,91060,1459000
2026-09-15T21:46:49.699Z,17688,515500,1999000
2026-09-15T21:46:49.699Z,20885,18100,475000
2026-09-15T21:46:49.699Z,20883,157900,734800
2026-09-15T21:46:49.699Z,17694,1,1565000
2026-09-15T21:46:49.699Z,56299,10000,15000
2026-09-15T21:46:49.699Z,31340,2403000,4859000
2026-09-15T21:46:49.699Z,52916,9301,10950
2026-09-15T21:46:49.699Z,35877,5207000,799900000
2026-09-15T21:46:49.699Z,15464,10870000,11530000
2026-09-15T21:46:49.699Z,88480,1000,228900
2026-09-15T21:46:49.699Z,47786,131600,264900
2026-09-15T21:46:49.699Z,20745,600,2285
2026-09-15T21:46:49.699Z,89708,20000,255000
2026-09-15T21:46:49.699Z,83593,2033000,119900000
2026-09-15T21:46:49.699Z,15810,115700000,130500000
2026-09-15T21:46:49.699Z,58875,125100,1873000
2026-09-15T21:46:49.699Z,26438,4850000,5419000
2026-09-15T21:46:49.699Z,54309,5900000,40910000
2026-09-15T21:46:49.699Z,47262,1427000000,2037000000
2026-09-15T21:46:49.699Z,27075,450000,740000
2026-09-15T21:46:49.699Z,58950,60590000,64000000
2026-09-15T21:46:49.699Z,43531,10350000,255500000
2026-09-15T21:46:49.699Z,5181,1001,1002
2026-09-15T21:46:49.699Z,15609,7710,12000
2026-09-15T21:46:49.699Z,484,753.5,12600
2026-09-15T21:46:49.699Z,57388,3206000,96660000
2026-09-15T21:46:49.699Z,46784,1.11,2241000
2026-09-15T21:46:49.699Z,84520,6769,170000
2026-09-15T21:46:49.699Z,34017,221600000,599900000
2026-09-15T21:46:49.699Z,14172,8501000,15060000
2026-09-15T21:46:49.699Z,32102,5621000,26370000
2026-09-15T21:46:49.699Z,32103,2020000,29990000
2026-09-15T21:46:49.699Z,31460,706600,1186000
2026-09-15T21:46:49.699Z,73838,110300,648500
2026-09-15T21:46:49.699Z,27447,914.2,1000
2026-09-15T21:46:49.699Z,46871,602300,10000000
2026-09-15T21:46:49.699Z,83255,11000,441000
2026-09-15T21:46:49.699Z,87465,1100000,18450000
2026-09-15T21:46:49.699Z,1266,125900,306700
2026-09-15T21:46:49.699Z,30614,17390000,21870000
2026-09-15T21:46:49.699Z,623,10040000,11560000
2026-09-15T21:46:49.699Z,29055,106000,465000
2026-09-15T21:46:49.699Z,85085,7673000,9596000
2026-09-15T21:46:49.699Z,52250,288000000,321600000
2026-09-15T21:46:49.699Z,16313,3162,5200
2026-09-15T21:46:49.699Z,18805,202000,501600
2026-09-15T21:46:49.699Z,21194,2238,43950
2026-09-15T21:46:49.699Z,30746,1398000,1448000
2026-09-15T21:46:49.699Z,13950,33820000,44590000
2026-09-15T21:46:49.699Z,23111,855600,986900
2026-09-15T21:46:49.699Z,23109,622500,750000
2026-09-15T21:46:49.699Z,47142,13490000,18000000
2026-09-15T21:46:49.699Z,90323,55000000,119000000
2026-09-15T21:46:49.699Z,6135,6030,100000
2026-09-15T21:46:49.699Z,11188,17420000,19020000
2026-09-15T21:46:49.699Z,47872,90760,131800
2026-09-15T21:46:49.699Z,12023,132300000,148500000
2026-09-15T21:46:49.699Z,15705,11650000,13920000
2026-09-15T21:46:49.699Z,23797,9915000,15640000
2026-09-15T21:46:49.699Z,32811,1829000000,2399000000
2026-09-15T21:46:49.699Z,12241,80000000,523100000
2026-09-15T21:46:49.699Z,55586,1000,41330
2026-09-15T21:46:49.699Z,41411,38070000,42760000
2026-09-15T21:46:49.699Z,60267,50040000,449900000
2026-09-15T21:46:49.699Z,52630,8052000,800000000
2026-09-15T21:46:49.699Z,55672,5000,59900
2026-09-15T21:46:49.699Z,63054,67530000,169600000
2026-09-15T21:46:49.699Z,56783,3245000,43900000
2026-09-15T21:46:49.699Z,26378,,3059000
2026-09-15T21:46:49.699Z,83356,10000,298500
2026-09-15T21:46:49.699Z,26362,1050000,20590000
2026-09-15T21:46:49.699Z,47011,,1141000
2026-09-15T21:46:49.699Z,62569,3788,4990
2026-09-15T21:46:49.699Z,46783,5000,2186000
2026-09-15T21:46:49.699Z,32862,200000,5037000
2026-09-15T21:46:49.699Z,52351,275000000,600000000
2026-09-15T21:46:49.699Z,16467,149300,199900
2026-09-15T21:46:49.699Z,29620,7673,11540
2026-09-15T21:46:49.699Z,3166,40660000,70000000
2026-09-15T21:46:49.699Z,12239,34020000,41850000
2026-09-15T21:46:49.699Z,89617,9079000,44950000
2026-09-15T21:46:49.699Z,40363,8651000,11940000
2026-09-15T21:46:49.699Z,31113,13180000,14720000
2026-09-15T21:46:49.699Z,32340,8898000,17680000
2026-09-15T21:46:49.699Z,75910,255200000,777800000
2026-09-15T21:46:49.699Z,95722,3580000,13200000
2026-09-15T21:46:49.699Z,19539,975600000,1147000000
2026-09-15T21:46:49.699Z,84407,1000,1001
2026-09-15T21:46:49.699Z,48544,225000000,489600000
2026-09-15T21:46:49.699Z,53379,375000,2493000
2026-09-15T21:46:49.699Z,25980,100000,1890000
2026-09-15T21:46:49.699Z,25914,3006,3486000
2026-09-15T21:46:49.699Z,8907,12500,18480
2026-09-15T21:46:49.699Z,46684,100.2,150
2026-09-15T21:46:49.699Z,22468,257000000,275100000
2026-09-15T21:46:49.699Z,12209,6017000,9997000
2026-09-15T21:46:49.699Z,33520,2163000,2526000
2026-09-15T21:46:49.699Z,89954,60000,60010
2026-09-15T21:46:49.699Z,3172,496100000,623800000
2026-09-15T21:46:49.699Z,12044,16320000,17680000
2026-09-15T21:46:49.699Z,15813,35450000,41390000
2026-09-15T21:46:49.699Z,14822,191800000,1076000000
2026-09-15T21:46:49.699Z,3255,308400000,592600000
2026-09-15T21:46:49.699Z,58894,25000,864100
2026-09-15T21:46:49.699Z,27234,3285000,72490000
2026-09-15T21:46:49.699Z,43838,25000000,1925000000
2026-09-15T21:46:49.699Z,23001,380,897.9
2026-09-15T21:46:49.699Z,32114,5712000,12240000
2026-09-15T21:46:49.699Z,13166,15380000,16960000
2026-09-15T21:46:49.699Z,25934,1.03,1289000
2026-09-15T21:46:49.699Z,31734,200200,1054000
2026-09-15T21:46:49.699Z,33904,230200000,249200000
2026-09-15T21:46:49.699Z,95721,7778000,15800000
2026-09-15T21:46:49.699Z,2465,150000,400000
2026-09-15T21:46:49.699Z,33794,4005000,29010000
2026-09-15T21:46:49.699Z,45827,172500,500000
2026-09-15T21:46:49.699Z,49800,507500,2875000
2026-09-15T21:46:49.699Z,45939,127700,1999000
2026-09-15T21:46:49.699Z,33527,280200000,312700000
2026-09-15T21:46:49.699Z,31752,16660,29500
2026-09-15T21:46:49.699Z,92591,60000,171900
2026-09-15T21:46:49.699Z,31746,856700,1355000
2026-09-15T21:46:49.699Z,91568,304000,1066000
2026-09-15T21:46:49.699Z,14132,6592000,27000000
2026-09-15T21:46:49.699Z,24654,25720000,159400000
2026-09-15T21:46:49.699Z,85494,403500,1436000
2026-09-15T21:46:49.699Z,60379,588000,3971000
2026-09-15T21:46:49.699Z,2455,7009,265100
2026-09-15T21:46:49.699Z,84959,1161000000,1747000000
2026-09-15T21:46:49.699Z,90040,300000,5236000
2026-09-15T21:46:49.699Z,13892,9002000,12710000
2026-09-15T21:46:49.699Z,26076,200000,348100
2026-09-15T21:46:49.699Z,84212,40000,79090
2026-09-15T21:46:49.699Z,33728,160100000,2226000000
2026-09-15T21:46:49.699Z,62645,1024,6981000
2026-09-15T21:46:49.699Z,85693,20860000,54000000
2026-09-15T21:46:49.699Z,9784,0.03,11900
2026-09-15T21:46:49.699Z,43722,740700000,925000000
2026-09-15T21:46:49.699Z,62541,350,424.4
2026-09-15T21:46:49.699Z,63870,120700,3996000
2026-09-15T21:46:49.699Z,54227,10000,2695000
2026-09-15T21:46:49.699Z,33783,3750000,41850000
2026-09-15T21:46:49.699Z,3065,5101000,5446000
2026-09-15T21:46:49.699Z,17621,3261000,6249000
2026-09-15T21:46:49.699Z,28351,93020000,149100000
2026-09-15T21:46:49.699Z,95538,1,11930
2026-09-15T21:46:49.699Z,23071,292100,353900
2026-09-15T21:46:49.699Z,46283,503.8,3300
2026-09-15T21:46:49.699Z,43714,250000000,2649000000
2026-09-15T21:46:49.699Z,31195,111200,1495000
2026-09-15T21:46:49.699Z,42167,1,219900000
2026-09-15T21:46:49.699Z,35891,138600,170700000
2026-09-15T21:46:49.699Z,37867,120500000,869800000
2026-09-15T21:46:49.699Z,12559,63200,82150
2026-09-15T21:46:49.699Z,40361,5638000,6288000
2026-09-15T21:46:49.699Z,43707,350000000,2697000000
2026-09-15T21:46:49.699Z,88623,1600000,29690000
2026-09-15T21:46:49.699Z,17174,2747000,4439000
2026-09-15T21:46:49.699Z,40686,,68900000
2026-09-15T21:46:49.699Z,23115,618800,942700
2026-09-15T21:46:49.699Z,19249,1442000,3437000
2026-09-15T21:46:49.699Z,58971,950600,1331000
2026-09-15T21:46:49.699Z,60216,2000000,2994000
2026-09-15T21:46:49.699Z,28365,1497,2699
2026-09-15T21:46:49.699Z,37532,41800,3894000
2026-09-15T21:46:49.699Z,62406,31940,33400
2026-09-15T21:46:49.699Z,47761,68110,106400
2026-09-15T21:46:49.699Z,83280,1000,71490
2026-09-15T21:46:49.699Z,11132,12050,15460
2026-09-15T21:46:49.699Z,34166,4000000,36710000
2026-09-15T21:46:49.699Z,78921,1500000000,3319000000
2026-09-15T21:46:49.699Z,20002,26.19,909.7
2026-09-15T21:46:49.699Z,24625,12130000,21500000
2026-09-15T21:46:49.699Z,57207,59620000,73980000
2026-09-15T21:46:49.699Z,20795,2459,60000
2026-09-15T21:46:49.699Z,43827,181000000,299400000
2026-09-15T21:46:49.699Z,42186,366700000,1080000000
2026-09-15T21:46:49.699Z,83373,80010,341200
2026-09-15T21:46:49.699Z,19035,86690000,178800000
2026-09-15T21:46:49.699Z,62560,5209,6287
2026-09-15T21:46:49.699Z,62554,2058,2446
2026-09-15T21:46:49.699Z,54381,40160000,155000000
2026-09-15T21:46:49.699Z,11646,1607000,1763000
2026-09-15T21:46:49.699Z,12530,2224,9966
2026-09-15T21:46:49.699Z,40569,24760000,34310000
2026-09-15T21:46:49.699Z,27413,927.5,1032
2026-09-15T21:46:49.699Z,41082,51120000,175500000
2026-09-15T21:46:49.699Z,18658,49650000,57590000
2026-09-15T21:46:49.699Z,53639,80880000,747400000
2026-09-15T21:46:49.699Z,88641,4400000,14330000
2026-09-15T21:46:49.699Z,21230,16000,662400
2026-09-15T21:46:49.699Z,87791,33100000,41670000
2026-09-15T21:46:49.699Z,90592,602000,1338000
2026-09-15T21:46:49.699Z,85755,130000000,171100000
2026-09-15T21:46:49.699Z,17898,82140,88000
2026-09-15T21:46:49.699Z,85679,20740000,60000000
2026-09-15T21:46:49.699Z,494,51210,471400
2026-09-15T21:46:49.699Z,2308,3.22,3.46
2026-09-15T21:46:49.699Z,91393,280000,310000
2026-09-15T21:46:49.699Z,91986,40010,297000
2026-09-15T21:46:49.699Z,27918,961500,1550000
2026-09-15T21:46:49.699Z,19534,13450000,14850000
2026-09-15T21:46:49.699Z,89948,40000,137300
2026-09-15T21:46:49.699Z,22997,150,800
2026-09-15T21:46:49.699Z,87513,693100000,1140000000
2026-09-15T21:46:49.699Z,82451,100100,499600
2026-09-15T21:46:49.699Z,33334,5540,12490
2026-09-15T21:46:49.699Z,89116,23810,967900
2026-09-15T21:46:49.699Z,49984,0.01,843800
2026-09-15T21:46:49.699Z,32437,800100,80000000
2026-09-15T21:46:49.699Z,82443,10000,501800
2026-09-15T21:46:49.699Z,5322,6564,12700
2026-09-15T21:46:49.699Z,83284,40000,97420
2026-09-15T21:46:49.699Z,44262,600,600.1
2026-09-15T21:46:49.699Z,83362,360000,1861000
2026-09-15T21:46:49.699Z,15963,189500000,200000000
2026-09-15T21:46:49.699Z,459,103800,414000
2026-09-15T21:46:49.699Z,48433,214000,397000
2026-09-15T21:46:49.699Z,41328,600,1995
2026-09-15T21:46:49.699Z,28308,18530000,19990000
2026-09-15T21:46:49.699Z,54827,16960000,24700000
2026-09-15T21:46:49.699Z,31652,14020000,15470000
2026-09-15T21:46:49.699Z,20532,122100000,159900000
2026-09-15T21:46:49.699Z,84411,1005,146300
2026-09-15T21:46:49.699Z,20567,15100000,15480000
2026-09-15T21:46:49.699Z,45789,362400,2982000
2026-09-15T21:46:49.699Z,44158,306100,3384000
2026-09-15T21:46:49.699Z,60661,200000,994000
2026-09-15T21:46:49.699Z,17185,4534000,6998000
2026-09-15T21:46:49.699Z,1820,98,106.9
2026-09-15T21:46:49.699Z,88031,3501000,9900000
2026-09-15T21:46:49.699Z,16667,22080,30270
2026-09-15T21:46:49.699Z,42909,167600,1169000
2026-09-15T21:46:49.699Z,78787,306000,4439000
2026-09-15T21:46:49.699Z,21926,705.6,1064
2026-09-15T21:46:49.699Z,29051,560400,1595000
2026-09-15T21:46:49.699Z,56142,23530000,23980000
2026-09-15T21:46:49.699Z,78411,2104000,150000000
2026-09-15T21:46:49.699Z,40476,253700,2097000
2026-09-15T21:46:49.699Z,14824,155000000,1905000000
2026-09-15T21:46:49.699Z,89263,20000,97990
2026-09-15T21:46:49.699Z,42226,100900,449000
2026-09-15T21:46:49.699Z,82462,11120,991300
2026-09-15T21:46:49.699Z,5319,5070,7682
2026-09-15T21:46:49.699Z,91943,26240000,47960000
2026-09-15T21:46:49.699Z,15847,18040000,27700000
2026-09-15T21:46:49.699Z,87319,10000,116100
2026-09-15T21:46:49.699Z,29059,439400,1655000
2026-09-15T21:46:49.699Z,31290,,220000000
2026-09-15T21:46:49.699Z,88686,17000000,73320000
2026-09-15T21:46:49.699Z,91132,2200000,3999000
2026-09-15T21:46:49.699Z,6675,51410,99490
2026-09-15T21:46:49.699Z,26320,550600,36900000
2026-09-15T21:46:49.699Z,29061,420100,755900
2026-09-15T21:46:49.699Z,20751,2303,3904
2026-09-15T21:46:49.699Z,32439,701000,70000000
2026-09-15T21:46:49.699Z,25972,251300,1778000
2026-09-15T21:46:49.699Z,29069,50650,617600
2026-09-15T21:46:49.699Z,87318,10000,147900
2026-09-15T21:46:49.699Z,91926,22390000,47780000
2026-09-15T21:46:49.699Z,20528,60060000,84750000
2026-09-15T21:46:49.699Z,54993,82830000,149100000
2026-09-15T21:46:49.699Z,31560,25050,140000000
2026-09-15T21:46:49.699Z,20629,7599000,13210000
2026-09-15T21:46:49.699Z,89668,8671000,48840000
2026-09-15T21:46:49.699Z,29071,222300,589200
2026-09-15T21:46:49.699Z,33337,28100,30340
2026-09-15T21:46:49.699Z,91117,40000,250000
2026-09-15T21:46:49.699Z,60241,564500,7095000
2026-09-15T21:46:49.699Z,7369,45000,59900
2026-09-15T21:46:49.699Z,9367,432800,709800
2026-09-15T21:46:49.699Z,5011,3775,11720
2026-09-15T21:46:49.699Z,29091,360600,731400
2026-09-15T21:46:49.699Z,26358,8529000,57450000
2026-09-15T21:46:49.699Z,85649,218000,3200000
2026-09-15T21:46:49.699Z,49927,38050000,378000000
2026-09-15T21:46:49.699Z,42754,260000,2598000
2026-09-15T21:46:49.699Z,19268,18490000,28880000
2026-09-15T21:46:49.699Z,3116,549000000,599700000
2026-09-15T21:46:49.699Z,91256,230000000,350000000
2026-09-15T21:46:49.699Z,42530,230700,430700
2026-09-15T21:46:49.699Z,46368,435400,672000
2026-09-15T21:46:49.699Z,52632,63250000,846900000
2026-09-15T21:46:49.699Z,88787,870200,4797000
2026-09-15T21:46:49.699Z,13882,332800,600000
2026-09-15T21:46:49.699Z,96042,4006000,8381000
2026-09-15T21:46:49.699Z,2533,71010,95950
2026-09-15T21:46:49.699Z,34771,10110,3987000
2026-09-15T21:46:49.699Z,91151,110000000,229000000
2026-09-15T21:46:49.699Z,48587,880000,5600000
2026-09-15T21:46:49.699Z,32441,1079000,90000000
2026-09-15T21:46:49.699Z,43853,1860000,17090000
2026-09-15T21:46:49.699Z,25273,48850,65530
2026-09-15T21:46:49.699Z,47551,0.01,689700000
2026-09-15T21:46:49.699Z,15907,84760000,95990000
2026-09-15T21:46:49.699Z,82962,20000,2200000
2026-09-15T21:46:49.699Z,54364,174500000,232900000
2026-09-15T21:46:49.699Z,45490,754.8,1580
2026-09-15T21:46:49.699Z,52635,150700000,799000000
2026-09-15T21:46:49.699Z,32095,2472000,18590000
2026-09-15T21:46:49.699Z,86118,5779000,25630000
2026-09-15T21:46:49.699Z,444,677.4,4696
2026-09-15T21:46:49.699Z,43851,38360000,50090000
2026-09-15T21:46:49.699Z,31041,6112000,9746000
2026-09-15T21:46:49.699Z,82486,10120,4667000
2026-09-15T21:46:49.699Z,47190,9000,23000
2026-09-15T21:46:49.699Z,31199,35140000,278400000
2026-09-15T21:46:49.699Z,21542,,9450000
2026-09-15T21:46:49.699Z,54363,1514000,128500000
2026-09-15T21:46:49.699Z,56733,560000,680100
2026-09-15T21:46:49.699Z,15687,500.1,200000
2026-09-15T21:46:49.699Z,26056,102900,1915000
2026-09-15T21:46:49.699Z,37549,412900,8830000
2026-09-15T21:46:49.699Z,25276,117100,124000
2026-09-15T21:46:49.699Z,20595,14820000,18400000
2026-09-15T21:46:49.699Z,79734,294600,6661000
2026-09-15T21:46:49.699Z,82313,783.4,1036
2026-09-15T21:46:49.699Z,14096,70150,364800
2026-09-15T21:46:49.699Z,47829,203600,993900
2026-09-15T21:46:49.699Z,74158,6207000,49900000
2026-09-15T21:46:49.699Z,57126,410200000,650000000
2026-09-15T21:46:49.699Z,14070,51750000,54710000
2026-09-15T21:46:49.699Z,32443,1.08,100000000
2026-09-15T21:46:49.699Z,46676,2586,4768
2026-09-15T21:46:49.699Z,21292,420000,18300000
2026-09-15T21:46:49.699Z,25737,,2129000
2026-09-15T21:46:49.699Z,93691,175000000,696600000
2026-09-15T21:46:49.699Z,15234,1482000000,2499000000
2026-09-15T21:46:49.699Z,89649,43010000,45120000
2026-09-15T21:46:49.699Z,32445,,54371388
2026-09-15T21:46:49.699Z,23124,300600,594700
2026-09-15T21:46:49.699Z,37454,6951000,8642000
2026-09-15T21:46:49.699Z,6631,900.5,9995
2026-09-15T21:46:49.699Z,45537,138400000,171700000
2026-09-15T21:46:49.699Z,42775,6017,4697000
2026-09-15T21:46:49.699Z,42755,0.04,4000000
2026-09-15T21:46:49.699Z,73460,700000,4927000
2026-09-15T21:46:49.699Z,73465,4010000,7890000
2026-09-15T21:46:49.699Z,83240,1000,950000
2026-09-15T21:46:49.699Z,15461,4320000,5703000
2026-09-15T21:46:49.699Z,82307,604.1,995
2026-09-15T21:46:49.699Z,32105,4702000,26440000
2026-09-15T21:46:49.699Z,32122,3201000,14100000
2026-09-15T21:46:49.699Z,27182,427.4,442300
2026-09-15T21:46:49.699Z,54948,10,520000
2026-09-15T21:46:49.699Z,896,,1540000
2026-09-15T21:46:49.699Z,2550,81000,95000
2026-09-15T21:46:49.699Z,15817,50190000,102300000
2026-09-15T21:46:49.699Z,25597,497.1,550.1
2026-09-15T21:46:49.699Z,24569,24280000,41880000
2026-09-15T21:46:49.699Z,20506,1100000,33840000
2026-09-15T21:46:49.699Z,92398,110100000,120500000
2026-09-15T21:46:49.699Z,48421,133300,393500
2026-09-15T21:46:49.699Z,52322,3500000000,4830000000
2026-09-15T21:46:49.699Z,686,40810000,80500000
2026-09-15T21:46:49.699Z,87787,220000,643800
2026-09-15T21:46:49.699Z,44186,500000,2058000
2026-09-15T21:46:49.699Z,42204,37420000,40480000
2026-09-15T21:46:49.699Z,91940,46520000,74430000
2026-09-15T21:46:49.699Z,26360,48470000,62370000
2026-09-15T21:46:49.699Z,15727,99180,1700000
2026-09-15T21:46:49.699Z,19266,60840000,67940000
2026-09-15T21:46:49.699Z,45603,30410000,35260000
2026-09-15T21:46:49.699Z,13801,4865000,10050000
2026-09-15T21:46:49.699Z,31688,4021000,7137000
2026-09-15T21:46:49.699Z,82459,20010,1788000
2026-09-15T21:46:49.699Z,2305,3.32,4
2026-09-15T21:46:49.699Z,43685,,41400000
2026-09-15T21:46:49.699Z,34489,260200000,279400000
2026-09-15T21:46:49.699Z,19195,511900000,584800000
2026-09-15T21:46:49.699Z,786,,60000
2026-09-15T21:46:49.699Z,16049,789900,2998000
2026-09-15T21:46:49.699Z,82453,120000,1497000
2026-09-15T21:46:49.699Z,87320,140000,1891000
2026-09-15T21:46:49.699Z,34412,21480000,33220000
2026-09-15T21:46:49.699Z,790,,999960
2026-09-15T21:46:49.699Z,62450,141300000,170000000
2026-09-15T21:46:49.699Z,23844,1460000,4956000
2026-09-15T21:46:49.699Z,8903,90300,193900
2026-09-15T21:46:49.699Z,14232,50550000,71550000
2026-09-15T21:46:49.699Z,23173,6.03,1867
2026-09-15T21:46:49.699Z,13782,31800000,56920000
2026-09-15T21:46:49.699Z,48385,201500000,332200000
2026-09-15T21:46:49.699Z,32995,2502,4923
2026-09-15T21:46:49.699Z,803,2000000,5000000
2026-09-15T21:46:49.699Z,85034,1.01,283900000
2026-09-15T21:46:49.699Z,88784,120000000,180000000
2026-09-15T21:46:49.699Z,804,1500000,3000000
2026-09-15T21:46:49.699Z,40564,13790000,19990000
2026-09-15T21:46:49.699Z,47330,192400,213400000
2026-09-15T21:46:49.699Z,15929,105600000,189000000
2026-09-15T21:46:49.699Z,23069,40000000,81000000
2026-09-15T21:46:49.699Z,20700,3000000000,3342000000
2026-09-15T21:46:49.699Z,16297,8510,9798
2026-09-15T21:46:49.699Z,45754,5500,1176000
2026-09-15T21:46:49.699Z,84330,701100,3872000
2026-09-15T21:46:49.699Z,85486,10000000,22000000
2026-09-15T21:46:49.699Z,806,,2500000
2026-09-15T21:46:49.699Z,21089,7686,549500
2026-09-15T21:46:49.699Z,42647,44020000,298900000
2026-09-15T21:46:49.699Z,807,1000,700000
2026-09-15T21:46:49.699Z,35878,141700000,183300000
2026-09-15T21:46:49.699Z,45843,57190000,289700000
2026-09-15T21:46:49.699Z,40464,52460,16180000
2026-09-15T21:46:49.699Z,808,5000,900000
2026-09-15T21:46:49.699Z,83324,40000,109900
2026-09-15T21:46:49.699Z,91963,1943000,4400000
2026-09-15T21:46:49.699Z,41322,2588,2894
2026-09-15T21:46:49.699Z,85502,65890000,120000000
2026-09-15T21:46:49.699Z,809,36100,800000
2026-09-15T21:46:49.699Z,12219,33550000,39860000
2026-09-15T21:46:49.699Z,93838,52880000,155000000
2026-09-15T21:46:49.699Z,54840,43500000,49000000
2026-09-15T21:46:49.699Z,31005,8929000,9737000
2026-09-15T21:46:49.699Z,47915,36960000,39800000
2026-09-15T21:46:49.699Z,37850,1900000,2305000
2026-09-15T21:46:49.699Z,16119,3556,8698
2026-09-15T21:46:49.699Z,522,15030000,25990000
2026-09-15T21:46:49.699Z,533,22220,53450
2026-09-15T21:46:49.699Z,87525,430300000,600000000
2026-09-15T21:46:49.699Z,54974,30010000,59990000
2026-09-15T21:46:49.699Z,12263,5502000,6374000
2026-09-15T21:46:49.699Z,811,5,150000
2026-09-15T21:46:49.699Z,18580,89330000,134600000
2026-09-15T21:46:49.699Z,73273,1000000,24000000
2026-09-15T21:46:49.699Z,32037,1990,1676000
2026-09-15T21:46:49.699Z,48744,249400000,294000000
2026-09-15T21:46:49.699Z,56288,,1045000000
2026-09-15T21:46:49.699Z,20345,117300,136900
2026-09-15T21:46:49.699Z,812,5000,160000
2026-09-15T21:46:49.699Z,44258,50000,491000000
2026-09-15T21:46:49.699Z,26388,1529000,8000000
2026-09-15T21:46:49.699Z,62402,10140,11800
2026-09-15T21:46:49.699Z,42159,271100,260000000
2026-09-15T21:46:49.699Z,813,21020,180000
2026-09-15T21:46:49.699Z,33970,61650000,98560000
2026-09-15T21:46:49.699Z,52293,1231000,14200000
2026-09-15T21:46:49.699Z,11689,16500,17380
2026-09-15T21:46:49.699Z,25561,5014,22930
2026-09-15T21:46:49.699Z,61536,275100000,370000000
2026-09-15T21:46:49.699Z,41334,2152000,2815000
2026-09-15T21:46:49.699Z,2355,1,632800
2026-09-15T21:46:49.699Z,27149,14100000,17680000
2026-09-15T21:46:49.699Z,31690,26560000,88740000
2026-09-15T21:46:49.699Z,814,5000,140000
2026-09-15T21:46:49.699Z,3616,28650000,39320000
2026-09-15T21:46:49.699Z,24558,15310000,17070000
2026-09-15T21:46:49.699Z,31131,78330,1732000
2026-09-15T21:46:49.699Z,19700,75650000,101600000
2026-09-15T21:46:49.699Z,949,10,2850000
2026-09-15T21:46:49.699Z,21270,55000000,141800000
2026-09-15T21:46:49.699Z,64196,67900000,317400000
2026-09-15T21:46:49.699Z,2621,445,513.9
2026-09-15T21:46:49.699Z,58891,154700,1919000
2026-09-15T21:46:49.699Z,13970,3454000,4499000
2026-09-15T21:46:49.699Z,21589,27.09,27.1
2026-09-15T21:46:49.699Z,52780,26310000,4199000000
2026-09-15T21:46:49.699Z,3301,503.7,25500
2026-09-15T21:46:49.699Z,4246,17100,17500
2026-09-15T21:46:49.699Z,63260,454300,449900000
2026-09-15T21:46:49.699Z,952,501000,2750000
2026-09-15T21:46:49.699Z,55029,2003,817800
2026-09-15T21:46:49.699Z,24477,44.14,51.81
2026-09-15T21:46:49.699Z,55035,23280000,34240000
2026-09-15T21:46:49.699Z,15620,3092,19460
2026-09-15T21:46:49.699Z,45743,300000,3400000
2026-09-15T21:46:49.699Z,60752,442400,899900
2026-09-15T21:46:49.699Z,61122,2101000,59900000
2026-09-15T21:46:49.699Z,968,62020000,83500000
2026-09-15T21:46:49.699Z,24644,221500,17500000
2026-09-15T21:46:49.699Z,45820,2000000,16660000
2026-09-15T21:46:49.699Z,56285,200,889500
2026-09-15T21:46:49.699Z,41062,106000000,127200000
2026-09-15T21:46:49.699Z,17999,240700,483400
2026-09-15T21:46:49.699Z,22899,1110000,2388000
2026-09-15T21:46:49.699Z,8867,4205,18970
2026-09-15T21:46:49.699Z,9947,1831000,2028000
2026-09-15T21:46:49.699Z,10190,764300,828100
2026-09-15T21:46:49.699Z,983,15130,3487500
2026-09-15T21:46:49.699Z,54770,2000,9300
2026-09-15T21:46:49.699Z,47351,32380000,54780000
2026-09-15T21:46:49.699Z,17772,1285000,4060000
2026-09-15T21:46:49.699Z,72872,119800000,133900000
2026-09-15T21:46:49.699Z,73466,11020000,78910000
2026-09-15T21:46:49.699Z,26912,1193000,1490000
2026-09-15T21:46:49.699Z,984,200100,7425000
2026-09-15T21:46:49.699Z,56281,1343,393700
2026-09-15T21:46:49.699Z,20508,250000000,329900000
2026-09-15T21:46:49.699Z,82446,10010,802900
2026-09-15T21:46:49.699Z,73436,600000000,2098000000
2026-09-15T21:46:49.699Z,91105,500500,964000
2026-09-15T21:46:49.699Z,56735,32130000,256300000
2026-09-15T21:46:49.699Z,60515,59380000,74990000
2026-09-15T21:46:49.699Z,22442,236800000,257700000
2026-09-15T21:46:49.699Z,13817,17250000,27030000
2026-09-15T21:46:49.699Z,34625,4906000,47590000
2026-09-15T21:46:49.699Z,84937,190100000,273500000
2026-09-15T21:46:49.699Z,17448,270,498
2026-09-15T21:46:49.699Z,33006,,7997000
2026-09-15T21:46:49.699Z,1112,8000,20000
2026-09-15T21:46:49.699Z,14788,3340000000,3710000000
2026-09-15T21:46:49.699Z,73794,16310000,18020000
2026-09-15T21:46:49.699Z,12199,2260000,3200000
2026-09-15T21:46:49.699Z,11245,23310,150000
2026-09-15T21:46:49.699Z,1116,,150000
2026-09-15T21:46:49.699Z,34595,84000000,149800000
2026-09-15T21:46:49.699Z,19500,5325,10090
2026-09-15T21:46:49.699Z,19286,3325000,3436000
2026-09-15T21:46:49.699Z,88265,5480000000,6199000000
2026-09-15T21:46:49.699Z,53956,112400000,2321000000
2026-09-15T21:46:49.699Z,1117,,600000
2026-09-15T21:46:49.699Z,22949,25240000,32560000
2026-09-15T21:46:49.699Z,22108,24530000,30900000
2026-09-15T21:46:49.699Z,49735,1132000,1399000
2026-09-15T21:46:49.699Z,43666,420000000,925900000
2026-09-15T21:46:49.699Z,17736,928000000,969400000
2026-09-15T21:46:49.699Z,1118,,200000
2026-09-15T21:46:49.699Z,63113,359200000,600000000
2026-09-15T21:46:49.699Z,63112,14300000,111300000
2026-09-15T21:46:49.699Z,63114,15250000,99330000
2026-09-15T21:46:49.699Z,56278,172,79990
2026-09-15T21:46:49.699Z,43682,,38900000
2026-09-15T21:46:49.699Z,60664,100000,800000
2026-09-15T21:46:49.699Z,1119,,1200000
2026-09-15T21:46:49.699Z,43664,147400000,189500000
2026-09-15T21:46:49.699Z,37288,62290000,109000000
2026-09-15T21:46:49.699Z,19101,38030000,43400000
2026-09-15T21:46:49.699Z,21406,288.6,742.9
2026-09-15T21:46:49.699Z,1120,,900000
2026-09-15T21:46:49.699Z,60655,1000000,1450000
2026-09-15T21:46:49.699Z,31800,130400,279000
2026-09-15T21:46:49.699Z,1121,,1500000
2026-09-15T21:46:49.699Z,56275,18000,69990
2026-09-15T21:46:49.699Z,16003,80110000,119700000
2026-09-15T21:46:49.699Z,31480,100100,346900
2026-09-15T21:46:49.699Z,1122,,6000000
2026-09-15T21:46:49.699Z,90563,40020,5490000
2026-09-15T21:46:49.699Z,26060,100300,4789000
2026-09-15T21:46:49.699Z,21721,3360000,4226000
2026-09-15T21:46:49.699Z,85028,,3759000000
2026-09-15T21:46:49.699Z,87828,380100,419900
2026-09-15T21:46:49.699Z,2395,797,842.9
2026-09-15T21:46:49.699Z,82372,10000,69530000
2026-09-15T21:46:49.699Z,1123,,2000000
2026-09-15T21:46:49.699Z,78622,64960000,76880000
2026-09-15T21:46:49.699Z,45617,34000000,36090000
2026-09-15T21:46:49.699Z,57110,51530000,94050000
2026-09-15T21:46:49.699Z,33001,50600,308700
2026-09-15T21:46:49.699Z,1124,,12000000
2026-09-15T21:46:49.699Z,34028,41000000,168800000
2026-09-15T21:46:49.699Z,84174,100000,127800
2026-09-15T21:46:49.699Z,91126,7835000,32990000
2026-09-15T21:46:49.699Z,17767,809500,2941000
2026-09-15T21:46:49.699Z,94036,,43930000
2026-09-15T21:46:49.699Z,1125,,15000000
2026-09-15T21:46:49.699Z,32999,,287800
2026-09-15T21:46:49.699Z,29992,401800,481800
2026-09-15T21:46:49.699Z,3159,531300000,848000000
2026-09-15T21:46:49.699Z,14196,2561000,2850000000
2026-09-15T21:46:49.699Z,1126,,9000000
2026-09-15T21:46:49.699Z,22923,43640000,79970000
2026-09-15T21:46:49.699Z,62548,660,799.9
2026-09-15T21:46:49.699Z,1130,,20000
2026-09-15T21:46:49.699Z,14186,23010000,26800000
2026-09-15T21:46:49.699Z,47735,721600,793200
2026-09-15T21:46:49.699Z,87900,211000,1000000
2026-09-15T21:46:49.699Z,33735,355300000,997600000
2026-09-15T21:46:49.699Z,47056,18010000,35000000
2026-09-15T21:46:49.699Z,33002,86670,289000
2026-09-15T21:46:49.699Z,1131,100,30000
2026-09-15T21:46:49.699Z,41495,4250000000,6000000000
2026-09-15T21:46:49.699Z,9213,51100,69590
2026-09-15T21:46:49.699Z,83384,180000,1491000
2026-09-15T21:46:49.699Z,4471,11000,14620
2026-09-15T21:46:49.699Z,26759,2500,2252000
2026-09-15T21:46:49.699Z,55931,10,9600
2026-09-15T21:46:49.699Z,18897,60000000,89450000
2026-09-15T21:46:49.699Z,19213,96000,194900
2026-09-15T21:46:49.699Z,40618,103300,72850000
2026-09-15T21:46:49.699Z,89616,110100000,158300000
2026-09-15T21:46:49.699Z,1133,100,50000
2026-09-15T21:46:49.699Z,18891,67200000,99350000
2026-09-15T21:46:49.699Z,15711,4014000,6894000
2026-09-15T21:46:49.699Z,22542,16400,29680
2026-09-15T21:46:49.699Z,53393,11000,999300
2026-09-15T21:46:49.699Z,82468,200000,999100
2026-09-15T21:46:49.699Z,15202,81000000,600000000
2026-09-15T21:46:49.699Z,1134,2400,50000
2026-09-15T21:46:49.699Z,36493,22510000,570000000
2026-09-15T21:46:49.699Z,23174,3611000,4380000
2026-09-15T21:46:49.699Z,21376,2801,4597
2026-09-15T21:46:49.699Z,32311,384600000,408800000
2026-09-15T21:46:49.699Z,22975,352,527.9
2026-09-15T21:46:49.699Z,1135,,70000
2026-09-15T21:46:49.699Z,18887,50770000,107300000
2026-09-15T21:46:49.699Z,15178,130800000,250000000
2026-09-15T21:46:49.699Z,3358,1000,127000
2026-09-15T21:46:49.699Z,14395,408100,499500000
2026-09-15T21:46:49.699Z,57532,22000000,89500000
2026-09-15T21:46:49.699Z,56920,0.01,265300000
2026-09-15T21:46:49.699Z,88621,40010,2725000
2026-09-15T21:46:49.699Z,82482,20010,993600
2026-09-15T21:46:49.699Z,93480,24010000,70000000
2026-09-15T21:46:49.699Z,1136,100,80000
2026-09-15T21:46:49.699Z,14160,32510000,41950000
2026-09-15T21:46:49.699Z,43818,31050000,86880000
2026-09-15T21:46:49.699Z,52191,3.02,240000
2026-09-15T21:46:49.699Z,31276,960500,1248000
2026-09-15T21:46:49.699Z,48216,400000000,3998000000
2026-09-15T21:46:49.699Z,3355,34.11,3382
2026-09-15T21:46:49.699Z,17672,4.02,695.8
2026-09-15T21:46:49.699Z,91632,300600000,364800000
2026-09-15T21:46:49.699Z,15184,,158000000
2026-09-15T21:46:49.699Z,1138,,80000
2026-09-15T21:46:49.699Z,44915,5158000,129000000
2026-09-15T21:46:49.699Z,82371,10000,11610000
2026-09-15T21:46:49.699Z,1139,1000,110000
2026-09-15T21:46:49.699Z,83298,10000,393900
2026-09-15T21:46:49.699Z,37307,181100000,217900000
2026-09-15T21:46:49.699Z,1246,9600,20740
2026-09-15T21:46:49.699Z,42778,372200,5293000
2026-09-15T21:46:49.699Z,1140,1201,150000
2026-09-15T21:46:49.699Z,89698,480000000,649100000
2026-09-15T21:46:49.699Z,40691,493600000,655700000
2026-09-15T21:46:49.699Z,32878,907000,1058000
2026-09-15T21:46:49.699Z,83232,20000,215700
2026-09-15T21:46:49.699Z,83921,720100,2979000
2026-09-15T21:46:49.699Z,14202,7250000,11690000
2026-09-15T21:46:49.699Z,879,10,300000
2026-09-15T21:46:49.699Z,81069,88.44,76780
2026-09-15T21:46:49.699Z,46371,111700,263900
2026-09-15T21:46:49.699Z,52273,123.5,99980
2026-09-15T21:46:49.699Z,78782,100100,1100000
2026-09-15T21:46:49.699Z,44163,100,795000
2026-09-15T21:46:49.699Z,60759,110100000,136400000
2026-09-15T21:46:49.699Z,13883,300000,1364000
2026-09-15T21:46:49.699Z,7043,240000,239900
2026-09-15T21:46:49.699Z,54944,17000,88960
2026-09-15T21:46:49.699Z,42787,101.1,22000000
2026-09-15T21:46:49.699Z,35944,69080000,139900000
2026-09-15T21:46:49.699Z,58878,200900,2997000
2026-09-15T21:46:49.699Z,7127,300100,494900
2026-09-15T21:46:49.699Z,32081,25020,125100
2026-09-15T21:46:49.699Z,42882,10500000,13640000
2026-09-15T21:46:49.699Z,2549,80000,95950
2026-09-15T21:46:49.699Z,47641,13400000,19980000000
2026-09-15T21:46:49.699Z,16064,93580000,108900000
2026-09-15T21:46:49.699Z,85845,80090,768700
2026-09-15T21:46:49.699Z,6569,265.1,1849
2026-09-15T21:46:49.699Z,46961,1528000,14890000
2026-09-15T21:46:49.699Z,44206,3000000,19000000
2026-09-15T21:46:49.699Z,41068,,47910000
2026-09-15T21:46:49.699Z,40526,2850000,47650000
2026-09-15T21:46:49.699Z,19329,186700000,215500000
2026-09-15T21:46:49.699Z,57740,6373000,18920000
2026-09-15T21:46:49.699Z,9945,,249940
2026-09-15T21:46:49.699Z,57021,2420000,23330000
2026-09-15T21:46:49.699Z,17834,8012000,9000000
2026-09-15T21:46:49.699Z,34018,5000000,99600000
2026-09-15T21:46:49.699Z,40690,231800000,299800000
2026-09-15T21:46:49.699Z,23005,574.4,1094
2026-09-15T21:46:49.699Z,9734,506700,509000
2026-09-15T21:46:49.699Z,15885,11600000,17970000
2026-09-15T21:46:49.699Z,10165,2079000,3425000
2026-09-15T21:46:49.699Z,95720,407100000,744400000
2026-09-15T21:46:49.699Z,55758,20100,794800
2026-09-15T21:46:49.699Z,18730,61700,2261000
2026-09-15T21:46:49.699Z,52443,360100000,850000000
2026-09-15T21:46:49.699Z,27250,111300000,119700000
2026-09-15T21:46:49.699Z,37603,105800000,458400000
2026-09-15T21:46:49.699Z,48859,38000000,68940000
2026-09-15T21:46:49.699Z,52278,1358000,7990000
2026-09-15T21:46:49.699Z,31709,0.02,59870000
2026-09-15T21:46:49.699Z,47771,6601000,10540000
2026-09-15T21:46:49.699Z,79942,150000000,349800000
2026-09-15T21:46:49.699Z,47497,1616000,5609000
2026-09-15T21:46:49.699Z,47552,504100,989000000
2026-09-15T21:46:49.699Z,3318,1105,70000
2026-09-15T21:46:49.699Z,3137,81050000,94980000
2026-09-15T21:46:49.699Z,57069,4001000000,29500000000
2026-09-15T21:46:49.699Z,23846,1485000,59920000
2026-09-15T21:46:49.699Z,14069,6800000,7885000
2026-09-15T21:46:49.699Z,3966,39110000,77540000
2026-09-15T21:46:49.699Z,73370,100000,1001000
2026-09-15T21:46:49.699Z,21358,70.02,254.6
2026-09-15T21:46:49.699Z,41644,500000,19740000
2026-09-15T21:46:49.699Z,60279,54020,84950
2026-09-15T21:46:49.699Z,3167,132800000,644000000
2026-09-15T21:46:49.699Z,258,26000,31000
2026-09-15T21:46:49.699Z,8865,10000,10010
2026-09-15T21:46:49.699Z,17192,504.1,5834
2026-09-15T21:46:49.699Z,46954,600000,2990000
2026-09-15T21:46:49.699Z,37289,62560000,98620000
2026-09-15T21:46:49.699Z,52307,132000,599700
2026-09-15T21:46:49.699Z,45898,30000,3920000
2026-09-15T21:46:49.699Z,75288,3600,5851
2026-09-15T21:46:49.699Z,61873,10000000,31000000
2026-09-15T21:46:49.699Z,20500,14350000,20390000
2026-09-15T21:46:49.699Z,19083,2503000,3803000
2026-09-15T21:46:49.699Z,27855,2191000,15950000
2026-09-15T21:46:49.699Z,11227,42440,334900
2026-09-15T21:46:49.699Z,57461,411500,496800
2026-09-15T21:46:49.699Z,77118,5001,5002
2026-09-15T21:46:49.699Z,60909,2000000,6000000
2026-09-15T21:46:49.699Z,85510,512600000,949200000
2026-09-15T21:46:49.699Z,31610,991000,1331000
2026-09-15T21:46:49.699Z,21019,10810000,11980000
2026-09-15T21:46:49.699Z,55552,587.1,294900
2026-09-15T21:46:49.699Z,17456,32.77,32.78
2026-09-15T21:46:49.699Z,648,801800,989900
2026-09-15T21:46:49.699Z,60032,36930000,77240000
2026-09-15T21:46:49.699Z,49991,751,751.1
2026-09-15T21:46:49.699Z,31003,5012000,5273000
2026-09-15T21:46:49.699Z,91096,902900,5597000
2026-09-15T21:46:49.699Z,19073,0.02,578000
2026-09-15T21:46:49.699Z,39585,55400000,2414000000
2026-09-15T21:46:49.699Z,41202,448200000,490100000
2026-09-15T21:46:49.699Z,4113,22840000,115000000
2026-09-15T21:46:49.699Z,82315,800.2,1135
2026-09-15T21:46:49.699Z,17975,1,477700
2026-09-15T21:46:49.699Z,81902,259,990
2026-09-15T21:46:49.699Z,47548,10000,905000
2026-09-15T21:46:49.699Z,93745,171500000,279200000
2026-09-15T21:46:49.699Z,24284,,57790000
2026-09-15T21:46:49.699Z,2203,3104,3105
2026-09-15T21:46:49.699Z,2525,71500,95970
2026-09-15T21:46:49.699Z,56791,101200,19800000
2026-09-15T21:46:49.699Z,31069,3142000,4726000
2026-09-15T21:46:49.699Z,91615,290400000,409900000
2026-09-15T21:46:49.699Z,45794,1543000,29490000
2026-09-15T21:46:49.699Z,41607,1032000,29620000
2026-09-15T21:46:49.699Z,16067,80780000,108400000
2026-09-15T21:46:49.699Z,85844,80000,349900
2026-09-15T21:46:49.699Z,20445,,46690000
2026-09-15T21:46:49.699Z,45817,100.1,899100
2026-09-15T21:46:49.699Z,55549,11000,98600
2026-09-15T21:46:49.699Z,18981,15900000,27000000
2026-09-15T21:46:49.699Z,1075,999.9,21000
2026-09-15T21:46:49.699Z,16216,56400000,101100000
2026-09-15T21:46:49.699Z,46791,535600,5275000
2026-09-15T21:46:49.699Z,14680,626400000,980000000
2026-09-15T21:46:49.699Z,20447,,51870000
2026-09-15T21:46:49.699Z,3267,537800000,640700000
2026-09-15T21:46:49.699Z,17650,170,1719
2026-09-15T21:46:49.699Z,20875,6003000,33260000
2026-09-15T21:46:49.699Z,15677,88760000,144000000
2026-09-15T21:46:49.699Z,21298,162600,30000000
2026-09-15T21:46:49.699Z,56283,324700000,638600000
2026-09-15T21:46:49.699Z,83360,360000,2520000
2026-09-15T21:46:49.699Z,27415,24680,39840
2026-09-15T21:46:49.699Z,88587,80000,1481000
2026-09-15T21:46:49.699Z,48417,205300,590300
2026-09-15T21:46:49.699Z,56638,151,1699000
2026-09-15T21:46:49.699Z,76174,1.11,127900000
2026-09-15T21:46:49.699Z,14550,7411000000,9749000000
2026-09-15T21:46:49.699Z,88539,1000,143600
2026-09-15T21:46:49.699Z,83216,1000,344000
2026-09-15T21:46:49.699Z,55604,1,2497000
2026-09-15T21:46:49.699Z,14534,10580000000,17410000000
2026-09-15T21:46:49.699Z,19962,1.12,11.99
2026-09-15T21:46:49.699Z,54780,6002,35990
2026-09-15T21:46:49.699Z,54973,18000000,27400000
2026-09-15T21:46:49.699Z,46717,1600000,11980000
2026-09-15T21:46:49.699Z,63642,4452000,11990000
2026-09-15T21:46:49.699Z,16646,3010,3415
2026-09-15T21:46:49.699Z,62393,34020,39900
2026-09-15T21:46:49.699Z,27784,152200000,495000000
2026-09-15T21:46:49.699Z,2551,69520,95980
2026-09-15T21:46:49.699Z,75290,5100,5989
2026-09-15T21:46:49.699Z,34496,2815000,4000000
2026-09-15T21:46:49.699Z,14644,6803000000,7994000000
2026-09-15T21:46:49.699Z,14516,141800000,1300000000
2026-09-15T21:46:49.699Z,14526,1189000000,2448000000
2026-09-15T21:46:49.699Z,31720,601000,3493000
2026-09-15T21:46:49.699Z,47502,501000,3712000
2026-09-15T21:46:49.699Z,56880,70000000,134900000
2026-09-15T21:46:49.699Z,93908,175000000,214200000
2026-09-15T21:46:49.699Z,56271,1122000,144000000
2026-09-15T21:46:49.699Z,44209,200,5000000
2026-09-15T21:46:49.699Z,10152,14310000,17010000
2026-09-15T21:46:49.699Z,28800,172400000,208700000
2026-09-15T21:46:49.699Z,31974,10000000,17900000
2026-09-15T21:46:49.699Z,47032,43090000,65990000
2026-09-15T21:46:49.699Z,28578,499300,553100
2026-09-15T21:46:49.699Z,22135,50950000,91170000
2026-09-15T21:46:49.699Z,32093,269000,4497000
2026-09-15T21:46:49.699Z,15759,16350000,26390000
2026-09-15T21:46:49.699Z,93662,165000000,1005000000
2026-09-15T21:46:49.699Z,17230,6033,49900
2026-09-15T21:46:49.699Z,90017,1000000,6941000
2026-09-15T21:46:49.699Z,47189,284000,690000
2026-09-15T21:46:49.699Z,63789,44250000,119900000
2026-09-15T21:46:49.699Z,79952,79250000,153400000
2026-09-15T21:46:49.699Z,88538,360000,3439000
2026-09-15T21:46:49.699Z,83350,20010,2241000
2026-09-15T21:46:49.699Z,37566,7406000,94000000
2026-09-15T21:46:49.699Z,85690,5008000,9000000
2026-09-15T21:46:49.699Z,21956,1.01,200000000
2026-09-15T21:46:49.699Z,77169,142000000,399900000
2026-09-15T21:46:49.699Z,52238,231900000,307500000
2026-09-15T21:46:49.699Z,45801,7522000,173800000
2026-09-15T21:46:49.699Z,26324,52050,55670000
2026-09-15T21:46:49.699Z,44208,510000,3600000
2026-09-15T21:46:49.699Z,42762,225000,2189000
2026-09-15T21:46:49.699Z,4346,850300000,947100000
2026-09-15T21:46:49.699Z,91255,3000000,8000000
2026-09-15T21:46:49.699Z,23029,685.9,943.9
2026-09-15T21:46:49.699Z,87493,499900000,799700000
2026-09-15T21:46:49.699Z,31638,2028000,3821000
2026-09-15T21:46:49.699Z,44205,1010000,5500000
2026-09-15T21:46:49.699Z,45844,2511000,24800000
2026-09-15T21:46:49.699Z,46229,1117,199900
2026-09-15T21:46:49.699Z,31436,52140,458800
2026-09-15T21:46:49.699Z,89485,36000000,40000000
2026-09-15T21:46:49.699Z,37258,851000000,1400000000
2026-09-15T21:46:49.699Z,27174,153000000,171000000
2026-09-15T21:46:49.699Z,7045,245000,251200
2026-09-15T21:46:49.699Z,42881,8002000,27060000
2026-09-15T21:46:49.699Z,85392,56250,104900
2026-09-15T21:46:49.699Z,45593,30600000,35410000
2026-09-15T21:46:49.699Z,54556,33010000,199000000
2026-09-15T21:46:49.699Z,7827,239600,370000
2026-09-15T21:46:49.699Z,967,100,50000
2026-09-15T21:46:49.699Z,12354,435700,892800
2026-09-15T21:46:49.699Z,14156,17560000,19100000
2026-09-15T21:46:49.699Z,85644,5052000,14000000
2026-09-15T21:46:49.699Z,47873,612100,1055000
2026-09-15T21:46:49.699Z,46250,372700000,1250000000
2026-09-15T21:46:49.699Z,18849,368400000,398000000
2026-09-15T21:46:49.699Z,20619,383000,1047000
2026-09-15T21:46:49.699Z,90722,5011000,19970000
2026-09-15T21:46:49.699Z,55754,51000,730000
2026-09-15T21:46:49.699Z,19404,152400,173100
2026-09-15T21:46:49.699Z,16367,332800,332900
2026-09-15T21:46:49.699Z,5175,672.3,3915
2026-09-15T21:46:49.699Z,49799,100100,1773000
2026-09-15T21:46:49.699Z,2297,718300,800100
2026-09-15T21:46:49.699Z,92282,119000000,128500000
2026-09-15T21:46:49.699Z,91939,9350000,13440000
2026-09-15T21:46:49.699Z,46857,1000000,17410000
2026-09-15T21:46:49.699Z,85527,,300000000
2026-09-15T21:46:49.699Z,73871,600000,7944000
2026-09-15T21:46:49.699Z,11549,106200,107800
2026-09-15T21:46:49.699Z,31510,212900,7278000
2026-09-15T21:46:49.699Z,47308,30000000,141600000
2026-09-15T21:46:49.699Z,17176,1670000,4200000
2026-09-15T21:46:49.699Z,60221,600000,4989000
2026-09-15T21:46:49.699Z,33061,1000000,10200000
2026-09-15T21:46:49.699Z,46243,47260000,69800000
2026-09-15T21:46:49.699Z,52286,4005000,23970000
2026-09-15T21:46:49.699Z,17392,97000,102700
2026-09-15T21:46:49.699Z,37628,181800000,349000000
2026-09-15T21:46:49.699Z,41,27.26,28
2026-09-15T21:46:49.699Z,34179,52100000,73810000
2026-09-15T21:46:49.699Z,28268,18820000,19990000
2026-09-15T21:46:49.699Z,31253,10000,785000
2026-09-15T21:46:49.699Z,43887,100100000,125000000
2026-09-15T21:46:49.699Z,15743,73270000,90770000
2026-09-15T21:46:49.699Z,82394,10000,262000
2026-09-15T21:46:49.699Z,12066,133800,326500
2026-09-15T21:46:49.699Z,40732,30180000,75160000
2026-09-15T21:46:49.699Z,13980,1674000,1953000
2026-09-15T21:46:49.699Z,34080,81330000,157500000
2026-09-15T21:46:49.699Z,11882,0.01,999900
2026-09-15T21:46:49.699Z,37158,277400000,376400000
2026-09-15T21:46:49.699Z,30549,4251000,5790000
2026-09-15T21:46:49.699Z,41052,658900,530000000
2026-09-15T21:46:49.699Z,15792,98850000,113100000
2026-09-15T21:46:49.699Z,79726,69100,5000000
2026-09-15T21:46:49.699Z,33927,53550000,71930000
2026-09-15T21:46:49.699Z,86152,2900000,5888000
2026-09-15T21:46:49.699Z,40460,48990,989900
2026-09-15T21:46:49.699Z,85144,320000,720000
2026-09-15T21:46:49.699Z,32772,425500,525400
2026-09-15T21:46:49.699Z,82461,10000,261000
2026-09-15T21:46:49.699Z,37460,11010000,12290000
2026-09-15T21:46:49.699Z,30342,50.23,7795
2026-09-15T21:46:49.699Z,32053,36420,1999000
2026-09-15T21:46:49.699Z,33442,500.2,19510
2026-09-15T21:46:49.699Z,10629,6010,8000
2026-09-15T21:46:49.699Z,40486,0.01,5000000000
2026-09-15T21:46:49.699Z,36666,140000000,5000000000
2026-09-15T21:46:49.699Z,36813,1.01,1198000000
2026-09-15T21:46:49.699Z,40485,25810000,1846000000
2026-09-15T21:46:49.699Z,46119,25710000,499800000
2026-09-15T21:46:49.699Z,36658,46010000,5000000000
2026-09-15T21:46:49.699Z,36665,75110000,5000000000
2026-09-15T21:46:49.699Z,36754,10000000,29430000
2026-09-15T21:46:49.699Z,36678,100100000,1254000000
2026-09-15T21:46:49.699Z,40626,0.01,5998000000
2026-09-15T21:46:49.699Z,45868,25030000,72210000
2026-09-15T21:46:49.699Z,34660,150000000,1474000000
2026-09-15T21:46:49.699Z,36307,175500000,10000000000
2026-09-15T21:46:49.699Z,36292,142500000,10000000000
2026-09-15T21:46:49.699Z,94153,252200000,308300000
2026-09-15T21:46:49.699Z,46376,37310000,147900000
2026-09-15T21:46:49.699Z,36664,250000000,5000000000
2026-09-15T21:46:49.699Z,46732,,1635000000
2026-09-15T21:46:49.699Z,46134,75010000,543000000
2026-09-15T21:46:49.699Z,36645,0.01,2996000000
2026-09-15T21:46:49.699Z,40591,98340000,3000000000
2026-09-15T21:46:49.699Z,40493,0.01,1500000000
2026-09-15T21:46:49.699Z,40508,167600000,999900000
2026-09-15T21:46:49.699Z,36837,0.01,25000000000
2026-09-15T21:46:49.699Z,36310,0.01,10000000000
2026-09-15T21:46:49.699Z,34607,6401000,150000000
2026-09-15T21:46:49.699Z,15460,882100,994800
2026-09-15T21:46:49.699Z,33920,53340000,92280000
2026-09-15T21:46:49.699Z,26913,1510000,1595000
2026-09-15T21:46:49.699Z,14494,924600000,2348000000
2026-09-15T21:46:49.699Z,43749,324200,1700000
2026-09-15T21:46:49.699Z,33047,140000,3400000
2026-09-15T21:46:49.699Z,45934,1000,995500
2026-09-15T21:46:49.699Z,96043,17070000,38950000
2026-09-15T21:46:49.699Z,45590,24060000,29700000
2026-09-15T21:46:49.699Z,3471,1273000,6082000
2026-09-15T21:46:49.699Z,13889,610400,1604000
2026-09-15T21:46:49.699Z,13873,19720000,23830000
2026-09-15T21:46:49.699Z,33041,101000,2998000
2026-09-15T21:46:49.699Z,26061,24990,1308000
2026-09-15T21:46:49.699Z,81013,9103000,24000000
2026-09-15T21:46:49.699Z,76167,2026000,78800000
2026-09-15T21:46:49.699Z,45737,6060000,170600000
2026-09-15T21:46:49.699Z,45539,144600000,169000000
2026-09-15T21:46:49.699Z,88221,43710000,434500000
2026-09-15T21:46:49.699Z,35886,113800000,176500000
2026-09-15T21:46:49.699Z,76165,2012000,22790000
2026-09-15T21:46:49.699Z,76170,0.01,6700000
2026-09-15T21:46:49.699Z,46247,43810000,128000000
2026-09-15T21:46:49.699Z,33702,171700000,186400000
2026-09-15T21:46:49.699Z,27603,666000000,1150000000
2026-09-15T21:46:49.699Z,3266,80350000,95800000
2026-09-15T21:46:49.699Z,93076,252300000,408300000
2026-09-15T21:46:49.699Z,15947,181600000,263700000
2026-09-15T21:46:49.699Z,31628,17820000,18680000
2026-09-15T21:46:49.699Z,41140,16150000,91000000
2026-09-15T21:46:49.699Z,14532,6421000000,7298000000
2026-09-15T21:46:49.699Z,76171,3022000,11500000
2026-09-15T21:46:49.699Z,15238,224000,200000000
2026-09-15T21:46:49.699Z,11550,87410,99700
2026-09-15T21:46:49.699Z,16601,2800000000,3455000000
2026-09-15T21:46:49.699Z,46723,512200,2948000
2026-09-15T21:46:49.699Z,14407,33370000,373000000
2026-09-15T21:46:49.699Z,52997,35540000,44870000
2026-09-15T21:46:49.699Z,184,12.37,19.17
2026-09-15T21:46:49.699Z,198,64,65.99
2026-09-15T21:46:49.699Z,4156,188000000,355000000
2026-09-15T21:46:49.699Z,40552,10520000,17830000
2026-09-15T21:46:49.699Z,19075,91010,128900
2026-09-15T21:46:49.699Z,46834,0.01,1494000
2026-09-15T21:46:49.699Z,87950,113200000,480000000
2026-09-15T21:46:49.699Z,16689,6609000,12700000
2026-09-15T21:46:49.699Z,14488,10.04,5689000000
2026-09-15T21:46:49.699Z,47129,13590000,92880000
2026-09-15T21:46:49.699Z,54772,5058,20990
2026-09-15T21:46:49.699Z,32339,68100000,115700000
2026-09-15T21:46:49.699Z,46494,294200000,385000000
2026-09-15T21:46:49.699Z,21478,95180000,117800000
2026-09-15T21:46:49.699Z,5871,801.9,26000
2026-09-15T21:46:49.699Z,54535,655600000,2856000000
2026-09-15T21:46:49.699Z,53648,0.01,985000000
2026-09-15T21:46:49.699Z,7579,375000,540100
2026-09-15T21:46:49.699Z,20307,58.1,58.11
2026-09-15T21:46:49.699Z,15693,13850000,14180000
2026-09-15T21:46:49.699Z,21914,256.9,369.4
2026-09-15T21:46:49.699Z,28328,120,369.9
2026-09-15T21:46:49.699Z,11441,28260,999800
2026-09-15T21:46:49.699Z,2270,3.81,4.16
2026-09-15T21:46:49.699Z,34758,100000000,2990000000
2026-09-15T21:46:49.699Z,41482,1695000,2621000
2026-09-15T21:46:49.699Z,31670,2000,292800
2026-09-15T21:46:49.699Z,31896,488200,639500
2026-09-15T21:46:49.699Z,95640,700,4946
2026-09-15T21:46:49.699Z,12206,1188000,2479000
2026-09-15T21:46:49.699Z,3478,553800000,622300000
2026-09-15T21:46:49.699Z,23868,72010000,87110000
2026-09-15T21:46:49.699Z,31818,803300,1287000
2026-09-15T21:46:49.699Z,2403,7079000,10990000
2026-09-15T21:46:49.699Z,43694,12610000,13980000
2026-09-15T21:46:49.699Z,615,5511000000,6000000000
2026-09-15T21:46:49.699Z,43862,276400000,395000000
2026-09-15T21:46:49.699Z,45763,102500,1777000
2026-09-15T21:46:49.699Z,46414,111000000,1986000000
2026-09-15T21:46:49.699Z,23085,211000,236400
2026-09-15T21:46:49.699Z,2183,18090,22360
2026-09-15T21:46:49.699Z,14540,9202000000,9829000000
2026-09-15T21:46:49.699Z,11082,395200,851900
2026-09-15T21:46:49.699Z,20785,130.8,1462
2026-09-15T21:46:49.699Z,42175,185000000,2090000000
2026-09-15T21:46:49.699Z,2679,97.01,165.6
2026-09-15T21:46:49.699Z,24696,49550000,54620000
2026-09-15T21:46:49.699Z,11450,50430,146700
2026-09-15T21:46:49.699Z,18674,80710000,93800000
2026-09-15T21:46:49.699Z,33391,100000,6900000
2026-09-15T21:46:49.699Z,42189,3003000,3497000000
2026-09-15T21:46:49.699Z,33039,130000,5940000
2026-09-15T21:46:49.699Z,37883,10000,789700
2026-09-15T21:46:49.699Z,19937,4233,32460
2026-09-15T21:46:49.699Z,61217,1260000,8800000
2026-09-15T21:46:49.699Z,14126,6290000,8192000
2026-09-15T21:46:49.699Z,45945,155200,2861000
2026-09-15T21:46:49.699Z,3154,3850000,4000000
2026-09-15T21:46:49.699Z,16691,50040,5769000
2026-09-15T21:46:49.699Z,47358,73640,96720000
2026-09-15T21:46:49.699Z,601,115.1,115.2
2026-09-15T21:46:49.699Z,33232,100000,15000000
2026-09-15T21:46:49.699Z,33388,100000,4900000
2026-09-15T21:46:49.699Z,58859,433400,1698000
2026-09-15T21:46:49.699Z,33386,100000,6900000
2026-09-15T21:46:49.699Z,33392,100000,5900000
2026-09-15T21:46:49.699Z,33224,100000,4900000
2026-09-15T21:46:49.699Z,33228,100100,6900000
2026-09-15T21:46:49.699Z,33373,250100,6900000
2026-09-15T21:46:49.699Z,33374,100000,6900000
2026-09-15T21:46:49.699Z,33231,550100,10000000
2026-09-15T21:46:49.699Z,33390,550100,4900000
2026-09-15T21:46:49.699Z,33229,117000,5900000
2026-09-15T21:46:49.699Z,33225,350100,6900000
2026-09-15T21:46:49.699Z,33227,200100,6900000
2026-09-15T21:46:49.699Z,33226,210100,10080000
2026-09-15T21:46:49.699Z,37885,10200,1379000
2026-09-15T21:46:49.699Z,33230,100000,10000000
2026-09-15T21:46:49.699Z,33387,510100,6900000
2026-09-15T21:46:49.699Z,19766,1000,828600
2026-09-15T21:46:49.699Z,45606,32410000,37950000
2026-09-15T21:46:49.699Z,37518,200100000,2818000000
2026-09-15T21:46:49.699Z,20022,1201,18210
2026-09-15T21:46:49.699Z,35705,220000000,886000000
2026-09-15T21:46:49.699Z,3520,1531000,1775000
2026-09-15T21:46:49.699Z,15060,1758000000,2399000000
2026-09-15T21:46:49.699Z,18925,182000000,201000000
2026-09-15T21:46:49.699Z,85479,2447000,12000000
2026-09-15T21:46:49.699Z,24311,56000000,587000000
2026-09-15T21:46:49.699Z,57114,150200000,307100000
2026-09-15T21:46:49.699Z,23166,104.6,190
2026-09-15T21:46:49.699Z,49817,300000000,1182000000
2026-09-15T21:46:49.699Z,45974,1000000,10380000
2026-09-15T21:46:49.699Z,17180,2402000,4768000
2026-09-15T21:46:49.699Z,55512,6000,90000
2026-09-15T21:46:49.699Z,52294,10000,1000000
2026-09-15T21:46:49.699Z,81949,1999000,38700000
2026-09-15T21:46:49.699Z,14158,15290000,24770000
2026-09-15T21:46:49.699Z,54943,100,249000
2026-09-15T21:46:49.699Z,901,5003,2248000
2026-09-15T21:46:49.699Z,88465,10010,2976000
2026-09-15T21:46:49.699Z,76488,3001000,4905000
2026-09-15T21:46:49.699Z,14011,1612,98050
2026-09-15T21:46:49.699Z,3552,550.2,944.6
2026-09-15T21:46:49.699Z,52308,128500,235000
2026-09-15T21:46:49.699Z,14383,,12490000000
2026-09-15T21:46:49.699Z,41291,2.19,5471
2026-09-15T21:46:49.699Z,1302,86830,8683000
2026-09-15T21:46:49.699Z,44996,8990000000,9300000000
2026-09-15T21:46:49.699Z,18756,404200,1984000
2026-09-15T21:46:49.699Z,85493,100200000,389900000
2026-09-15T21:46:49.699Z,33898,6544000,9715000
2026-09-15T21:46:49.699Z,19693,113300000,118900000
2026-09-15T21:46:49.699Z,218,8.06,11.6
2026-09-15T21:46:49.699Z,45922,5077000,18960000
2026-09-15T21:46:49.699Z,62540,321.7,454.7
2026-09-15T21:46:49.699Z,44167,12530,999500
2026-09-15T21:46:49.699Z,56788,779700,961900
2026-09-15T21:46:49.699Z,90481,100,100.1
2026-09-15T21:46:49.699Z,19939,14140,29300
2026-09-15T21:46:49.699Z,55641,100.2,95000
2026-09-15T21:46:49.699Z,16248,111100000,118400000
2026-09-15T21:46:49.699Z,55349,294,198000
2026-09-15T21:46:49.699Z,33789,11250000,194900000
2026-09-15T21:46:49.699Z,27090,100100,424900
2026-09-15T21:46:49.699Z,57481,4982000,5883000
2026-09-15T21:46:49.699Z,60244,50770000,59470000
2026-09-15T21:46:49.699Z,1195,32000,55290
2026-09-15T21:46:49.699Z,45823,452000,5617000
2026-09-15T21:46:49.699Z,2311,3.4,3.87
2026-09-15T21:46:49.699Z,46925,51010,3946000
2026-09-15T21:46:49.699Z,48510,,189800000
2026-09-15T21:46:49.699Z,53369,34400,390000
2026-09-15T21:46:49.699Z,55692,1172,38800
2026-09-15T21:46:49.699Z,88715,268600000,418900000
2026-09-15T21:46:49.699Z,17425,2255,6037
2026-09-15T21:46:49.699Z,20607,642600,3125000
2026-09-15T21:46:49.699Z,58821,1000,899300
2026-09-15T21:46:49.699Z,15900,77440000,86500000
2026-09-15T21:46:49.699Z,73875,1.01,13990000
2026-09-15T21:46:49.699Z,64202,2530000,255000000
2026-09-15T21:46:49.699Z,49935,130100000,700000000
2026-09-15T21:46:49.699Z,64271,5804000,128900000
2026-09-15T21:46:49.699Z,80909,700000000,1098000000
2026-09-15T21:46:49.699Z,45021,0.01,949000000
2026-09-15T21:46:49.699Z,2508,245.4,353
2026-09-15T21:46:49.699Z,26354,,4720000
2026-09-15T21:46:49.699Z,55524,1000,99900
2026-09-15T21:46:49.699Z,31772,903200,1866000
2026-09-15T21:46:49.699Z,3913,1581000,37590000
2026-09-15T21:46:49.699Z,19976,50,532.1
2026-09-15T21:46:49.699Z,2310,1.68,2
2026-09-15T21:46:49.699Z,41182,190800000,525800000
2026-09-15T21:46:49.699Z,1142,1000,225000
2026-09-15T21:46:49.699Z,25918,4010000,6130000
2026-09-15T21:46:49.699Z,3216,400000000,594700000
2026-09-15T21:46:49.699Z,36659,,80740000
2026-09-15T21:46:49.699Z,82484,120000,889900
2026-09-15T21:46:49.699Z,1143,5,275000
2026-09-15T21:46:49.699Z,15176,315000,318000000
2026-09-15T21:46:49.699Z,47007,157000,1622000
2026-09-15T21:46:49.699Z,1144,1000,325000
2026-09-15T21:46:49.699Z,14754,66730000,600000000
2026-09-15T21:46:49.699Z,37162,280500000,525000000
2026-09-15T21:46:49.699Z,3711,423.1,900
2026-09-15T21:46:49.699Z,77524,5001,5002
2026-09-15T21:46:49.699Z,42618,34010000,2789000000
2026-09-15T21:46:49.699Z,22778,76980,88390
2026-09-15T21:46:49.699Z,45824,364800,1690000
2026-09-15T21:46:49.699Z,1146,5,200000
2026-09-15T21:46:49.699Z,60570,9217000,21800000
2026-09-15T21:46:49.699Z,9253,70300,118900
2026-09-15T21:46:49.699Z,54447,19730000,538900000
2026-09-15T21:46:49.699Z,43889,100100000,122000000
2026-09-15T21:46:49.699Z,1147,5,295000
2026-09-15T21:46:49.699Z,46788,73750,1198000
2026-09-15T21:46:49.699Z,3435,7534,24900
2026-09-15T21:46:49.699Z,90049,46930,2739000
2026-09-15T21:46:49.699Z,83379,180000,3374000
2026-09-15T21:46:49.699Z,52196,1.21,516600
2026-09-15T21:46:49.699Z,3713,2532,10000
2026-09-15T21:46:49.699Z,61215,100500,1193000
2026-09-15T21:46:49.699Z,42791,7100,9000000
2026-09-15T21:46:49.699Z,48513,1110000,589400000
2026-09-15T21:46:49.699Z,27403,205,871
2026-09-15T21:46:49.699Z,83375,10000,1393000
2026-09-15T21:46:49.699Z,18991,152900000,174700000
2026-09-15T21:46:49.699Z,45896,3024000,13000000
2026-09-15T21:46:49.699Z,1351,916800,2640000
2026-09-15T21:46:49.699Z,6919,40000,55390
2026-09-15T21:46:49.699Z,45937,100000,2017000
2026-09-15T21:46:49.699Z,7411,62120,79900
2026-09-15T21:46:49.699Z,54295,23000,27950
2026-09-15T21:46:49.699Z,1151,10000,700000
2026-09-15T21:46:49.699Z,55574,0.02,999000
2026-09-15T21:46:49.699Z,88628,10000,134900
2026-09-15T21:46:49.699Z,33525,184700000,204600000
2026-09-15T21:46:49.699Z,54446,10760000,473600000
2026-09-15T21:46:49.699Z,4347,1242000000,1332000000
2026-09-15T21:46:49.699Z,1152,1000,800000
2026-09-15T21:46:49.699Z,8113,,20340
2026-09-15T21:46:49.699Z,1153,27070,990000
2026-09-15T21:46:49.699Z,3820,942.7,942.8
2026-09-15T21:46:49.699Z,1210,250000,416640
2026-09-15T21:46:49.699Z,20064,91240000,128600000
2026-09-15T21:46:49.699Z,1096,1000,1300000
2026-09-15T21:46:49.699Z,487,1580,28760
2026-09-15T21:46:49.699Z,79008,10000000,580000000
2026-09-15T21:46:49.699Z,17555,12.49,764900
2026-09-15T21:46:49.699Z,1214,1500000,5000000
2026-09-15T21:46:49.699Z,45949,22010,722800
2026-09-15T21:46:49.699Z,15252,2103000,433000000
2026-09-15T21:46:49.699Z,94154,18820000,55980000
2026-09-15T21:46:49.699Z,47827,3700000,3780000
2026-09-15T21:46:49.699Z,77947,350000,805100
2026-09-15T21:46:49.699Z,32055,5605,7880000
2026-09-15T21:46:49.699Z,52314,61500,70840
2026-09-15T21:46:49.699Z,53960,1011000000,2446000000
2026-09-15T21:46:49.699Z,1216,1133,180000
2026-09-15T21:46:49.699Z,46912,2102000,14220000
2026-09-15T21:46:49.699Z,91122,36000000,65000000
2026-09-15T21:46:49.699Z,42880,8000000,17960000
2026-09-15T21:46:49.699Z,55594,0.01,32960
2026-09-15T21:46:49.699Z,1220,5,45000
2026-09-15T21:46:49.699Z,15254,5371000,179000000
2026-09-15T21:46:49.699Z,54408,153100000,194100000
2026-09-15T21:46:49.699Z,33932,4404000,29990000
2026-09-15T21:46:49.699Z,56202,642500000,724900000
2026-09-15T21:46:49.699Z,45903,5031000,19500000
2026-09-15T21:46:49.699Z,48147,177000000,1499000000
2026-09-15T21:46:49.699Z,1221,10,9000000
2026-09-15T21:46:49.699Z,92583,140000,405700
2026-09-15T21:46:49.699Z,16638,642,698.9
2026-09-15T21:46:49.699Z,89117,51000000,119600000
2026-09-15T21:46:49.699Z,92818,233.1,296
2026-09-15T21:46:49.699Z,15162,383100000,690000000
2026-09-15T21:46:49.699Z,1247,,41600
2026-09-15T21:46:49.699Z,27375,30000,48100
2026-09-15T21:46:49.699Z,1255,,41600
2026-09-15T21:46:49.699Z,33964,144700000,185500000
2026-09-15T21:46:49.699Z,26340,11540000,79900000
2026-09-15T21:46:49.699Z,40664,591700000,699800000
2026-09-15T21:46:49.699Z,4411,131200,700000
2026-09-15T21:46:49.699Z,57487,186100000,210200000
2026-09-15T21:46:49.699Z,20000,302.6,712.9
2026-09-15T21:46:49.699Z,45631,31840000,36370000
2026-09-15T21:46:49.699Z,1354,,99200
2026-09-15T21:46:49.699Z,60208,41260000,150000000
2026-09-15T21:46:49.699Z,32115,5252000,11760000
2026-09-15T21:46:49.699Z,26434,3212000,13530000
2026-09-15T21:46:49.699Z,31664,769000,2691000
2026-09-15T21:46:49.699Z,26108,18030,1391000
2026-09-15T21:46:49.699Z,45895,177100,4593000
2026-09-15T21:46:49.699Z,1446,,97440
2026-09-15T21:46:49.699Z,60308,453300,1747000
2026-09-15T21:46:49.699Z,16050,14030000,18950000
2026-09-15T21:46:49.699Z,15909,8445000,11280000
2026-09-15T21:46:49.699Z,45018,9395000,23970000
2026-09-15T21:46:49.699Z,88774,1000,146600
2026-09-15T21:46:49.699Z,88459,60010,7696000
2026-09-15T21:46:49.699Z,1540,,99200
2026-09-15T21:46:49.699Z,74431,,1000
2026-09-15T21:46:49.699Z,46228,27460,843000
2026-09-15T21:46:49.699Z,1811,13400,150000
2026-09-15T21:46:49.699Z,17682,32160,794500
2026-09-15T21:46:49.699Z,31185,2944000,3345000
2026-09-15T21:46:49.699Z,76163,500100,19390000
2026-09-15T21:46:49.699Z,88524,60000,1344000
2026-09-15T21:46:49.699Z,13245,14800000,15560000
2026-09-15T21:46:49.699Z,25277,31190,55160
2026-09-15T21:46:49.699Z,41498,91040000,98750000
2026-09-15T21:46:49.699Z,15226,191100000,516000000
2026-09-15T21:46:49.699Z,45850,1221000,9615000
2026-09-15T21:46:49.699Z,1817,,160000
2026-09-15T21:46:49.699Z,62570,3030,5000
2026-09-15T21:46:49.699Z,85784,220000,1001000
2026-09-15T21:46:49.699Z,21386,11.01,63.5
2026-09-15T21:46:49.699Z,52440,693800000,1695000000
2026-09-15T21:46:49.699Z,24593,7.17,1019
2026-09-15T21:46:49.699Z,1819,5002,750000
2026-09-15T21:46:49.699Z,45818,550300,2956000
2026-09-15T21:46:49.699Z,30377,32030,35450
2026-09-15T21:46:49.699Z,7413,70310,77900
2026-09-15T21:46:49.699Z,20036,11.98,497
2026-09-15T21:46:49.699Z,7749,240000,255000
2026-09-15T21:46:49.699Z,8583,10820,46780
2026-09-15T21:46:49.699Z,83332,10000,196500
2026-09-15T21:46:49.699Z,40524,1110000,10490000
2026-09-15T21:46:49.699Z,37159,1006000000,1797000000
2026-09-15T21:46:49.699Z,57479,2772000,3145000
2026-09-15T21:46:49.699Z,19039,264800000,295100000
2026-09-15T21:46:49.699Z,1821,,900000
2026-09-15T21:46:49.699Z,95673,2100000,2997000
2026-09-15T21:46:49.699Z,36345,3100000,82500000
2026-09-15T21:46:49.699Z,11462,50.13,450
2026-09-15T21:46:49.699Z,62379,52580,55600
2026-09-15T21:46:49.699Z,15230,,450700000
2026-09-15T21:46:49.699Z,31457,,1739000
2026-09-15T21:46:49.699Z,1823,2101,700000
2026-09-15T21:46:49.699Z,18903,52250000,61500000
2026-09-15T21:46:49.699Z,53985,2417000,9720000
2026-09-15T21:46:49.699Z,37151,1005000000,1799000000
2026-09-15T21:46:49.699Z,1955,6188,47760
2026-09-15T21:46:49.699Z,1825,19020,800000
2026-09-15T21:46:49.699Z,61201,100100,273700
2026-09-15T21:46:49.699Z,654,2355000,2787000
2026-09-15T21:46:49.699Z,64378,573000000,1121000000
2026-09-15T21:46:49.699Z,25270,5000000,17740000
2026-09-15T21:46:49.699Z,14397,227300000,905000000
2026-09-15T21:46:49.699Z,2945,1132000,1428000
2026-09-15T21:46:49.699Z,1827,800500,3000000
2026-09-15T21:46:49.699Z,54751,433800000,772000000
2026-09-15T21:46:49.699Z,3818,500,8470
2026-09-15T21:46:49.699Z,1829,612700,5000000
2026-09-15T21:46:49.699Z,47002,59470,7000000
2026-09-15T21:46:49.699Z,23708,100.1,1763000
2026-09-15T21:46:49.699Z,41504,75710000,94190000
2026-09-15T21:46:49.699Z,17226,1400000,1770000
2026-09-15T21:46:49.699Z,1831,50110,2500000
2026-09-15T21:46:49.699Z,87265,1061,4100000
2026-09-15T21:46:49.699Z,1833,17100,4000000
2026-09-15T21:46:49.699Z,62519,22.75,33.76
2026-09-15T21:46:49.699Z,41238,43520000,53820000
2026-09-15T21:46:49.699Z,54193,5510000,59900000
2026-09-15T21:46:49.699Z,1876,,90000
2026-09-15T21:46:49.699Z,25910,10010,4752000
2026-09-15T21:46:49.699Z,3824,551.2,551.3
2026-09-15T21:46:49.699Z,26306,500000,10720000
2026-09-15T21:46:49.699Z,14282,738300,735500
2026-09-15T21:46:49.699Z,76375,,1000000000
2026-09-15T21:46:49.699Z,30745,458300,484400
2026-09-15T21:46:49.699Z,2194,2501000,6000000
2026-09-15T21:46:49.699Z,26072,200000,533100
2026-09-15T21:46:49.699Z,83347,10000,898700
2026-09-15T21:46:49.699Z,21350,180.8,1231
2026-09-15T21:46:49.699Z,2332,,97440
2026-09-15T21:46:49.699Z,33462,3704000,2590000000
2026-09-15T21:46:49.699Z,598,192100,518800
2026-09-15T21:46:49.699Z,16517,20930,20940
2026-09-15T21:46:49.699Z,2445,4500000,7000000
2026-09-15T21:46:49.699Z,20060,105800000,119800000
2026-09-15T21:46:49.699Z,85490,2309000,10000000
2026-09-15T21:46:49.699Z,10228,15150000,16510000
2026-09-15T21:46:49.699Z,2477,1001000,4000000
2026-09-15T21:46:49.699Z,10250,620400,753200
2026-09-15T21:46:49.699Z,2507,1000,7000000
2026-09-15T21:46:49.699Z,32226,66000000,197000000
2026-09-15T21:46:49.699Z,11295,122500,194800
2026-09-15T21:46:49.699Z,43778,18200,20000000
2026-09-15T21:46:49.699Z,23151,1626,95000
2026-09-15T21:46:49.699Z,25598,2772,3111
2026-09-15T21:46:49.699Z,2509,15360,10000000
2026-09-15T21:46:49.699Z,653,1820000,2046000
2026-09-15T21:46:49.699Z,33017,17310000,77500000
2026-09-15T21:46:49.699Z,43815,20100000,39980000
2026-09-15T21:46:49.699Z,33974,200200000,333000000
2026-09-15T21:46:49.699Z,37152,1052000000,1499000000
2026-09-15T21:46:49.699Z,2511,100100,8000000
2026-09-15T21:46:49.699Z,34646,,189900000
2026-09-15T21:46:49.699Z,16055,200300,129000000
2026-09-15T21:46:49.699Z,31681,5000,130800
2026-09-15T21:46:49.699Z,11448,8003000,12190000
2026-09-15T21:46:49.699Z,3709,410.5,1899
2026-09-15T21:46:49.699Z,83248,10000,238700
2026-09-15T21:46:49.699Z,2513,5,35000
2026-09-15T21:46:49.699Z,2515,5,40000
2026-09-15T21:46:49.699Z,45741,20200000,44370000
2026-09-15T21:46:49.699Z,31197,201800,14310000
2026-09-15T21:46:49.699Z,93348,71010000,149500000
2026-09-15T21:46:49.699Z,79841,255700000,519800000
2026-09-15T21:46:49.699Z,3256,5801000,6000000
2026-09-15T21:46:49.699Z,2517,1392,50000
2026-09-15T21:46:49.699Z,17296,51000,10930000
2026-09-15T21:46:49.699Z,2272,3.13,3.46
2026-09-15T21:46:49.699Z,18762,112000,713900
2026-09-15T21:46:49.699Z,58862,5044000,44990000
2026-09-15T21:46:49.699Z,83270,60000,316800
2026-09-15T21:46:49.699Z,11577,3234000,3580000
2026-09-15T21:46:49.699Z,60660,100000,688500
2026-09-15T21:46:49.699Z,3280,515600,4497000
2026-09-15T21:46:49.699Z,91287,230400000,310000000
2026-09-15T21:46:49.699Z,53130,0.01,240000000
2026-09-15T21:46:49.699Z,85786,1400000,3314000
2026-09-15T21:46:49.699Z,45916,4604000,29200000
2026-09-15T21:46:49.699Z,33034,351100,2000000
2026-09-15T21:46:49.699Z,48217,5100000,50110000
2026-09-15T21:46:49.699Z,45981,16890000,336800000
2026-09-15T21:46:49.699Z,4058,35710000,96890000
2026-09-15T21:46:49.699Z,47934,2432,3560
2026-09-15T21:46:49.699Z,82353,80000,973200
2026-09-15T21:46:49.699Z,62019,10060,2015000
2026-09-15T21:46:49.699Z,42741,10000000,165000000
2026-09-15T21:46:49.699Z,54307,4563000,19680000
2026-09-15T21:46:49.699Z,12486,1151000,2004000
2026-09-15T21:46:49.699Z,37878,20000,8698000
2026-09-15T21:46:49.699Z,4168,6450000,111300000
2026-09-15T21:46:49.699Z,95298,6597000,41040000
2026-09-15T21:46:49.699Z,11285,3210,4550
2026-09-15T21:46:49.699Z,57477,91170000,99980000
2026-09-15T21:46:49.699Z,54160,1501000,31000000
2026-09-15T21:46:49.699Z,82205,500,4500
2026-09-15T21:46:49.699Z,56883,35080000,297700000
2026-09-15T21:46:49.699Z,33155,115300000,132400000
2026-09-15T21:46:49.699Z,3138,1414000,1563000
2026-09-15T21:46:49.699Z,43809,306200000,900000000
2026-09-15T21:46:49.699Z,76495,5288000,9786000
2026-09-15T21:46:49.699Z,34682,244800,7750000
2026-09-15T21:46:49.699Z,899,62560,1690000
2026-09-15T21:46:49.699Z,12814,132500,157200
2026-09-15T21:46:49.699Z,41657,29900000,37900000
2026-09-15T21:46:49.699Z,37305,27560000,195700000
2026-09-15T21:46:49.699Z,88457,20010,298900
2026-09-15T21:46:49.699Z,31650,2978000,3613000
2026-09-15T21:46:49.699Z,78780,132800,1199000
2026-09-15T21:46:49.699Z,23815,28630000,69970000
2026-09-15T21:46:49.699Z,55313,49170,999800
2026-09-15T21:46:49.699Z,15897,110000000,133100000
2026-09-15T21:46:49.699Z,15114,184500000,329900000
2026-09-15T21:46:49.699Z,25268,39070,85000
2026-09-15T21:46:49.699Z,4169,3408000,114800000
2026-09-15T21:46:49.699Z,11732,1501,6981
2026-09-15T21:46:49.699Z,31181,1200000,30000000
2026-09-15T21:46:49.699Z,13921,35480000,59800000
2026-09-15T21:46:49.699Z,52866,10010000,149000000
2026-09-15T21:46:49.699Z,37886,127400,23260000
2026-09-15T21:46:49.699Z,61868,4500000,49690000
2026-09-15T21:46:49.699Z,87789,609300,2819000
2026-09-15T21:46:49.699Z,80938,310000000,1999000000
2026-09-15T21:46:49.699Z,19948,9000,16430
2026-09-15T21:46:49.699Z,29049,133700,743900
2026-09-15T21:46:49.699Z,25718,1037000,1966000
2026-09-15T21:46:49.699Z,92780,10000000,1667000000
2026-09-15T21:46:49.699Z,85539,277200000,548000000
2026-09-15T21:46:49.699Z,15272,102000,400000000
2026-09-15T21:46:49.699Z,28778,113700,70000000
2026-09-15T21:46:49.699Z,21719,200000,990000
2026-09-15T21:46:49.699Z,46638,1351000000,1540000000
2026-09-15T21:46:49.699Z,37511,2.01,1613000000
2026-09-15T21:46:49.699Z,52634,18770000,1841000000
2026-09-15T21:46:49.699Z,23821,7587000,41000000
2026-09-15T21:46:49.699Z,55547,111.1,134600
2026-09-15T21:46:49.699Z,46634,1151000000,1670000000
2026-09-15T21:46:49.699Z,28237,2187000,4796000
2026-09-15T21:46:49.699Z,12735,99990000,107200000
2026-09-15T21:46:49.699Z,12019,149900000,164700000
2026-09-15T21:46:49.699Z,11989,118900000,131700000
2026-09-15T21:46:49.699Z,11190,15180000,16860000
2026-09-15T21:46:49.699Z,81047,210200000,221300000
2026-09-15T21:46:49.699Z,45654,95600,1100000
2026-09-15T21:46:49.699Z,31572,26090000,296200000
2026-09-15T21:46:49.699Z,93070,53100000,299000000
2026-09-15T21:46:49.699Z,50153,50000000,199900000
2026-09-15T21:46:49.699Z,55522,10000,129900
2026-09-15T21:46:49.699Z,17223,101400,499800
2026-09-15T21:46:49.699Z,31047,1575000,1736000
2026-09-15T21:46:49.699Z,37881,600000,3800000
2026-09-15T21:46:49.699Z,21730,2103,19970
2026-09-15T21:46:49.699Z,62526,27.68,32.69
2026-09-15T21:46:49.699Z,16231,50450000,57920000
2026-09-15T21:46:49.699Z,84346,500800,4495000
2026-09-15T21:46:49.699Z,55317,,98000
2026-09-15T21:46:49.699Z,10213,90510000,96930000
2026-09-15T21:46:49.699Z,592,126900,349300
2026-09-15T21:46:49.699Z,47342,80030000,117900000
2026-09-15T21:46:49.699Z,85660,4018000,14380000
2026-09-15T21:46:49.699Z,50031,6063000,141000000
2026-09-15T21:46:49.699Z,625,8105000,8390000
2026-09-15T21:46:49.699Z,31908,19370000,22420000
2026-09-15T21:46:49.699Z,83211,100000,487900
2026-09-15T21:46:49.699Z,95529,380100000,493300000
2026-09-15T21:46:49.699Z,46910,2010000,7000000
2026-09-15T21:46:49.699Z,19087,7009000,9987000
2026-09-15T21:46:49.699Z,28238,701500,4846000
2026-09-15T21:46:49.699Z,43792,990000,15000000
2026-09-15T21:46:49.699Z,25950,,3600000
2026-09-15T21:46:49.699Z,55637,101.5,84900
2026-09-15T21:46:49.699Z,85466,6893000,15940000
2026-09-15T21:46:49.699Z,37875,222000,1577000
2026-09-15T21:46:49.699Z,56203,747200000,855800000
2026-09-15T21:46:49.699Z,1551,12050,79990
2026-09-15T21:46:49.699Z,21027,12170000,13350000
2026-09-15T21:46:49.699Z,2444,96150,117000
2026-09-15T21:46:49.699Z,61877,28710000,140000000
2026-09-15T21:46:49.699Z,42570,47020000,139800000
2026-09-15T21:46:49.699Z,31481,,1729000
2026-09-15T21:46:49.699Z,59196,50320,2498000
2026-09-15T21:46:49.699Z,63783,1000,700000
2026-09-15T21:46:49.699Z,27243,124300,99360000
2026-09-15T21:46:49.699Z,53377,18590,500000
2026-09-15T21:46:49.699Z,78914,677400000,3000000000
2026-09-15T21:46:49.699Z,27451,335.3,643.7
2026-09-15T21:46:49.699Z,55640,1000,98450
2026-09-15T21:46:49.699Z,55677,0.02,98570
2026-09-15T21:46:49.699Z,8869,45000,63990
2026-09-15T21:46:49.699Z,46800,,2125000
2026-09-15T21:46:49.699Z,13865,356500,1357000
2026-09-15T21:46:49.699Z,63693,50480000,2000000000
2026-09-15T21:46:49.699Z,7743,105000,259000
2026-09-15T21:46:49.699Z,89658,83070000,198900000
2026-09-15T21:46:49.699Z,89121,41000000,139900000
2026-09-15T21:46:49.699Z,87708,49000000,419100000
2026-09-15T21:46:49.699Z,12237,20960000,28050000
2026-09-15T21:46:49.699Z,20983,12.61,1492
2026-09-15T21:46:49.699Z,30836,817200,926000
2026-09-15T21:46:49.699Z,48218,4034000,59890000
2026-09-15T21:46:49.699Z,17500,50380000,56100000
2026-09-15T21:46:49.699Z,14486,877600000,1443000000
2026-09-15T21:46:49.699Z,47060,920000,1988000
2026-09-15T21:46:49.699Z,19227,28040000,30600000
2026-09-15T21:46:49.699Z,18680,29660000,36640000
2026-09-15T21:46:49.699Z,31950,200.1,750000
2026-09-15T21:46:49.699Z,22937,15070000,38560000
2026-09-15T21:46:49.699Z,627,9149000,10730000
2026-09-15T21:46:49.699Z,63058,260700000,446800000
2026-09-15T21:46:49.699Z,62459,1258,1345
2026-09-15T21:46:49.699Z,55608,70.02,218900
2026-09-15T21:46:49.699Z,3117,5504000,7910000
2026-09-15T21:46:49.699Z,19313,3490000,34290000
2026-09-15T21:46:49.699Z,17194,201600,2061000
2026-09-15T21:46:49.699Z,47511,107300000,4408000000
2026-09-15T21:46:49.699Z,53372,118200,1398000
2026-09-15T21:46:49.699Z,79873,211000000,548900000
2026-09-15T21:46:49.699Z,10209,90100000,97550000
2026-09-15T21:46:49.699Z,1957,8501,44980
2026-09-15T21:46:49.699Z,93350,120000000,167700000
2026-09-15T21:46:49.699Z,41462,344600000,413100000
2026-09-15T21:46:49.699Z,46750,366600,998100
2026-09-15T21:46:49.699Z,55685,0.01,66900
2026-09-15T21:46:49.699Z,37823,12730,89620
2026-09-15T21:46:49.699Z,41079,520400000,969800000
2026-09-15T21:46:49.699Z,2913,1561000,1721000
2026-09-15T21:46:49.699Z,92966,66530000,110000000
2026-09-15T21:46:49.699Z,11995,215700000,227700000
2026-09-15T21:46:49.699Z,46869,419100,4940000
2026-09-15T21:46:49.699Z,57062,70730000,149600000
2026-09-15T21:46:49.699Z,31213,19440,69640
2026-09-15T21:46:49.699Z,62021,12470,257000
2026-09-15T21:46:49.699Z,34038,34480000,115900000
2026-09-15T21:46:49.699Z,92373,5.05,25
2026-09-15T21:46:49.699Z,13243,13590000,17150000
2026-09-15T21:46:49.699Z,33557,124200000,148300000
2026-09-15T21:46:49.699Z,15993,4086,23800
2026-09-15T21:46:49.699Z,45890,331100,3997000
2026-09-15T21:46:49.699Z,20769,17.69,100
2026-09-15T21:46:49.699Z,34394,1000,398900
2026-09-15T21:46:49.699Z,92584,83000000,150000000
2026-09-15T21:46:49.699Z,90466,3000,3001
2026-09-15T21:46:49.699Z,46633,304000000,305000000
2026-09-15T21:46:49.699Z,63775,10090,10100
2026-09-15T21:46:49.699Z,37824,90090,157800
2026-09-15T21:46:49.699Z,59224,,999500000
2026-09-15T21:46:49.699Z,47119,24350000,60380000
2026-09-15T21:46:49.699Z,4016,240000000,349000000
2026-09-15T21:46:49.699Z,18929,60420000,76090000
2026-09-15T21:46:49.699Z,21937,640.1,724.9
2026-09-15T21:46:49.699Z,78858,2608000,3205000
2026-09-15T21:46:49.699Z,12054,411500,1497000
2026-09-15T21:46:49.699Z,11688,17010,19070
2026-09-15T21:46:49.699Z,53229,11250,3031000
2026-09-15T21:46:49.699Z,45906,550000,4980000
2026-09-15T21:46:49.699Z,53041,600100,1200000
2026-09-15T21:46:49.699Z,49980,300000,2000000
2026-09-15T21:46:49.699Z,45913,507000,7896000
2026-09-15T21:46:49.699Z,27148,109600000,119000000
2026-09-15T21:46:49.699Z,22116,90940000,99890000
2026-09-15T21:46:49.699Z,85438,410900,1440000
2026-09-15T21:46:49.699Z,31294,152200,5695000
2026-09-15T21:46:49.699Z,86111,4071000,64000000
2026-09-15T21:46:49.699Z,55338,69.71,98500
2026-09-15T21:46:49.699Z,22929,23840000,46890000
2026-09-15T21:46:49.699Z,78769,519800,1988000
2026-09-15T21:46:49.699Z,3315,350000,1500000
2026-09-15T21:46:49.699Z,31409,,2948000
2026-09-15T21:46:49.699Z,92580,66030000,240000000
2026-09-15T21:46:49.699Z,93718,10300,44400000
2026-09-15T21:46:49.699Z,17796,140000,576000
2026-09-15T21:46:49.699Z,30378,54720,58500
2026-09-15T21:46:49.699Z,34108,53210000,92370000
2026-09-15T21:46:49.699Z,53898,165200000,200100000
2026-09-15T21:46:49.699Z,16443,1,44000
2026-09-15T21:46:49.699Z,3895,16160000,20920000
2026-09-15T21:46:49.699Z,1978,1097000,1200000
2026-09-15T21:46:49.699Z,44142,0.01,1000000
2026-09-15T21:46:49.699Z,85151,340000,1244000
2026-09-15T21:46:49.699Z,88582,140200,6991000
2026-09-15T21:46:49.699Z,23727,1322,2739
2026-09-15T21:46:49.699Z,5399,2031,12090
2026-09-15T21:46:49.699Z,3998,205400000,1075000000
2026-09-15T21:46:49.699Z,10690,3880,11340
2026-09-15T21:46:49.699Z,16415,50000,78000
2026-09-15T21:46:49.699Z,46996,50000,1697000
2026-09-15T21:46:49.699Z,15863,2704000,11500000
2026-09-15T21:46:49.699Z,7707,40000,67070
2026-09-15T21:46:49.699Z,195,25.01,33.49
2026-09-15T21:46:49.699Z,9646,21130,25100
2026-09-15T21:46:49.699Z,45641,2457000000,4997000000
2026-09-15T21:46:49.699Z,93351,380000,1968000
2026-09-15T21:46:49.699Z,19812,1,2582
2026-09-15T21:46:49.699Z,31594,20550000,23170000
2026-09-15T21:46:49.699Z,9287,260000,349400
2026-09-15T21:46:49.699Z,452,5121,33570
2026-09-15T21:46:49.699Z,12217,20460,268200
2026-09-15T21:46:49.699Z,20767,73160,150000
2026-09-15T21:46:49.699Z,63869,100800,100900
2026-09-15T21:46:49.699Z,91954,20350000,49620000
2026-09-15T21:46:49.699Z,31967,114500000,125000000
2026-09-15T21:46:49.699Z,1893,17010000,49900000
2026-09-15T21:46:49.699Z,33283,67170000,475700000
2026-09-15T21:46:49.699Z,53624,100100,489000000
2026-09-15T21:46:49.699Z,46884,0.01,999500
2026-09-15T21:46:49.699Z,57484,4504000,7015000
2026-09-15T21:46:49.699Z,9211,45000,54980
2026-09-15T21:46:49.699Z,9209,30010,49990
2026-09-15T21:46:49.699Z,3529,10,400000
2026-09-15T21:46:49.699Z,64574,277100000,2762000000
2026-09-15T21:46:49.699Z,84433,760800,3898000
2026-09-15T21:46:49.699Z,60667,98250,911900
2026-09-15T21:46:49.699Z,3539,,799900
2026-09-15T21:46:49.699Z,62224,501900000,1100000000
2026-09-15T21:46:49.699Z,49708,59410,549800
2026-09-15T21:46:49.699Z,54292,20170,29900
2026-09-15T21:46:49.699Z,55336,11550,245000
2026-09-15T21:46:49.699Z,14019,132,6488
2026-09-15T21:46:49.699Z,55332,1.23,4998
2026-09-15T21:46:49.699Z,89955,2608000,3877000
2026-09-15T21:46:49.699Z,3765,141800000,70000000000
2026-09-15T21:46:49.699Z,3190,5133000,6074000
2026-09-15T21:46:49.699Z,31540,1022000,1996000
2026-09-15T21:46:49.699Z,49719,,1265000
2026-09-15T21:46:49.699Z,29009,10040,14390
2026-09-15T21:46:49.699Z,3830,,124740
2026-09-15T21:46:49.699Z,31360,3436000,3550000
2026-09-15T21:46:49.699Z,55686,5003,16990
2026-09-15T21:46:49.699Z,12257,37000,199500
2026-09-15T21:46:49.699Z,20501,108400000,124900000
2026-09-15T21:46:49.699Z,47466,201300000,221300000
2026-09-15T21:46:49.699Z,83304,21000,99970
2026-09-15T21:46:49.699Z,3840,50000,312420
2026-09-15T21:46:49.699Z,62020,75000,19960000
2026-09-15T21:46:49.699Z,3978,,3000000
2026-09-15T21:46:49.699Z,87796,161000,399000
2026-09-15T21:46:49.699Z,49151,9001000,7086000000
2026-09-15T21:46:49.699Z,37298,201200000,213500000
2026-09-15T21:46:49.699Z,10217,90600000,96900000
2026-09-15T21:46:49.699Z,3982,50940,3200000
2026-09-15T21:46:49.699Z,16525,3643,14900
2026-09-15T21:46:49.699Z,55582,1100,42980
2026-09-15T21:46:49.699Z,17167,605900,2894000
2026-09-15T21:46:49.699Z,90411,56110000,71650000
2026-09-15T21:46:49.699Z,47649,610000,3971000
2026-09-15T21:46:49.699Z,19194,186400000,214800000
2026-09-15T21:46:49.699Z,55585,500,1450
2026-09-15T21:46:49.699Z,3988,,3400000
2026-09-15T21:46:49.699Z,76153,1014000,31000000
2026-09-15T21:46:49.699Z,33151,117200000,123700000
2026-09-15T21:46:49.699Z,3994,,3600000
2026-09-15T21:46:49.699Z,18927,127800000,136600000
2026-09-15T21:46:49.699Z,18821,15170000,29700000
2026-09-15T21:46:49.699Z,37168,2301000000,2697000000
2026-09-15T21:46:49.699Z,31674,981700,1614000
2026-09-15T21:46:49.699Z,492,68160,292900
2026-09-15T21:46:49.699Z,85014,,1969000000
2026-09-15T21:46:49.699Z,96045,0.01,4000000
2026-09-15T21:46:49.699Z,25563,987200,1452000
2026-09-15T21:46:49.699Z,89156,17510000,21980000
2026-09-15T21:46:49.699Z,79611,389300000,550000000
2026-09-15T21:46:49.699Z,3380,20,34000
2026-09-15T21:46:49.699Z,83341,10000,195700
2026-09-15T21:46:49.699Z,82444,40000,999900
2026-09-15T21:46:49.699Z,4215,5005000,88990000
2026-09-15T21:46:49.699Z,10679,,90000
2026-09-15T21:46:49.699Z,56845,12470000,24930000
2026-09-15T21:46:49.699Z,53950,114400000,1139000000
2026-09-15T21:46:49.699Z,15410,188800000,888800000
2026-09-15T21:46:49.699Z,10837,,364640
2026-09-15T21:46:49.699Z,20703,77620000,89860000
2026-09-15T21:46:49.699Z,13254,14790000,18730000
2026-09-15T21:46:49.699Z,29007,1206,20240
2026-09-15T21:46:49.699Z,95672,3202000,6000000
2026-09-15T21:46:49.699Z,16337,4245,5500
2026-09-15T21:46:49.699Z,7409,45330,84000
2026-09-15T21:46:49.699Z,3328,400.4,7900
2026-09-15T21:46:49.699Z,10839,899900,1458560
2026-09-15T21:46:49.699Z,62010,1059,399000
2026-09-15T21:46:49.699Z,16345,4061,5953
2026-09-15T21:46:49.699Z,242,2201,2203
2026-09-15T21:46:49.699Z,9453,12650,66800
2026-09-15T21:46:49.699Z,259,26990,31000
2026-09-15T21:46:49.699Z,207,61,79.98
2026-09-15T21:46:49.699Z,17202,101.6,7400
2026-09-15T21:46:49.699Z,82477,160000,1084000
2026-09-15T21:46:49.699Z,4569,17480,31290
2026-09-15T21:46:49.699Z,17251,4500,4501
2026-09-15T21:46:49.699Z,8023,2600,9770
2026-09-15T21:46:49.699Z,2512,6.18,6.22
2026-09-15T21:46:49.699Z,7289,3000,18350
2026-09-15T21:46:49.699Z,33441,19210,23300
2026-09-15T21:46:49.699Z,28397,1613,225000
2026-09-15T21:46:49.699Z,243,1220,4249
2026-09-15T21:46:49.699Z,5693,5008,12010
2026-09-15T21:46:49.699Z,90045,3999,393800
2026-09-15T21:46:49.699Z,52231,33000000,75430000
2026-09-15T21:46:49.699Z,6759,1005,171700
2026-09-15T21:46:49.699Z,20729,,271.3
2026-09-15T21:46:49.699Z,82440,10010,748900
2026-09-15T21:46:49.699Z,3999,100600000,1049000000
2026-09-15T21:46:49.699Z,11613,2003,99940
2026-09-15T21:46:49.699Z,27109,14880000,17030000
2026-09-15T21:46:49.699Z,90047,293000,1193000
2026-09-15T21:46:49.699Z,88673,1000,349900
2026-09-15T21:46:49.699Z,45866,15000000,38900000
2026-09-15T21:46:49.699Z,41038,153400000,168000000
2026-09-15T21:46:49.699Z,47000,450300,23450000
2026-09-15T21:46:49.699Z,12275,,499000
2026-09-15T21:46:49.699Z,46014,,2877000000
2026-09-15T21:46:49.699Z,88647,140900,12000000
2026-09-15T21:46:49.699Z,12345,,1000000
2026-09-15T21:46:49.699Z,31274,52070,244800
2026-09-15T21:46:49.699Z,260,48000,52000
2026-09-15T21:46:49.699Z,442,1350,3500
2026-09-15T21:46:49.699Z,83357,20010,897000
2026-09-15T21:46:49.699Z,42576,13000000,59800000
2026-09-15T21:46:49.699Z,41415,120200000,129000000
2026-09-15T21:46:49.699Z,55525,5000,98610
2026-09-15T21:46:49.699Z,13321,,749970
2026-09-15T21:46:49.699Z,88147,181500000,208000000
2026-09-15T21:46:49.699Z,85653,37560000,44320000
2026-09-15T21:46:49.699Z,88675,1000,189700
2026-09-15T21:46:49.699Z,45972,1023000,30880000
2026-09-15T21:46:49.699Z,17220,8115,41990
2026-09-15T21:46:49.699Z,18754,60000,207200
2026-09-15T21:46:49.699Z,40365,7010000,14980000
2026-09-15T21:46:49.699Z,15661,1039000,1152000
2026-09-15T21:46:49.699Z,14013,4112,49800
2026-09-15T21:46:49.699Z,20210,330300,769900
2026-09-15T21:46:49.699Z,85443,10140000,13970000
2026-09-15T21:46:49.699Z,27086,,699800
2026-09-15T21:46:49.699Z,31416,55150000,581200000
2026-09-15T21:46:49.699Z,59227,523400000,9976000000
2026-09-15T21:46:49.699Z,64596,2795,2797000000
2026-09-15T21:46:49.699Z,14057,60000,110100
2026-09-15T21:46:49.699Z,84412,1499,2600
2026-09-15T21:46:49.699Z,47257,280200,333800
2026-09-15T21:46:49.699Z,46016,200400000,12210000000
2026-09-15T21:46:49.699Z,27355,73520,99870
2026-09-15T21:46:49.699Z,76157,3202000,18190000
2026-09-15T21:46:49.699Z,17210,2002000,5599000
2026-09-15T21:46:49.699Z,44995,381000000,415200000
2026-09-15T21:46:49.699Z,2182,5807,11950
2026-09-15T21:46:49.699Z,85442,170000000,261400000
2026-09-15T21:46:49.699Z,486,6050,38700
2026-09-15T21:46:49.699Z,28814,5350000,51050000
2026-09-15T21:46:49.699Z,87830,440000,1212000
2026-09-15T21:46:49.699Z,46015,250100,12240000000
2026-09-15T21:46:49.699Z,621,10320000,11490000
2026-09-15T21:46:49.699Z,35682,90070000,1420000000
2026-09-15T21:46:49.699Z,95414,701100000,820100000
2026-09-15T21:46:49.699Z,46189,1000000,10120000
2026-09-15T21:46:49.699Z,47801,53720,53730
2026-09-15T21:46:49.699Z,53167,600000,6999000
2026-09-15T21:46:49.699Z,33746,15000000,54990000
2026-09-15T21:46:49.699Z,88619,20010,1836000
2026-09-15T21:46:49.699Z,9744,8032,15890
2026-09-15T21:46:49.699Z,64593,12570000,1500000000
2026-09-15T21:46:49.699Z,89655,112000,81750000
2026-09-15T21:46:49.699Z,85089,164000,174000
2026-09-15T21:46:49.699Z,87769,10000000,32990000
2026-09-15T21:46:49.699Z,27118,111500000,119600000
2026-09-15T21:46:49.699Z,55527,1000,2400000
2026-09-15T21:46:49.699Z,42773,588600,4198000
2026-09-15T21:46:49.699Z,33981,8619000,10440000
2026-09-15T21:46:49.699Z,16469,85080,118900
2026-09-15T21:46:49.699Z,6811,200900,987000
2026-09-15T21:46:49.699Z,41036,50000000,369900000
2026-09-15T21:46:49.699Z,88481,10010,914500
2026-09-15T21:46:49.699Z,7667,35150,42890
2026-09-15T21:46:49.699Z,44138,0.25,439700
2026-09-15T21:46:49.699Z,33384,4048000000,10380000000
2026-09-15T21:46:49.699Z,27176,14270000,25520000
2026-09-15T21:46:49.699Z,12049,65280,65290
2026-09-15T21:46:49.699Z,189,32.15,34
2026-09-15T21:46:49.699Z,8025,644,9998
2026-09-15T21:46:49.699Z,266,4,5.4
2026-09-15T21:46:49.699Z,16321,3000,9900
2026-09-15T21:46:49.699Z,607,35010,400000
2026-09-15T21:46:49.699Z,11533,14780,30950
2026-09-15T21:46:49.699Z,52197,1.16,750000
2026-09-15T21:46:49.699Z,34317,61070000,73640000
2026-09-15T21:46:49.699Z,6159,4556,4557
2026-09-15T21:46:49.699Z,4051,17020,17490
2026-09-15T21:46:49.699Z,34073,220700000,1000000000
2026-09-15T21:46:49.699Z,32118,1259000,12290000
2026-09-15T21:46:49.699Z,55554,69.7,237100
2026-09-15T21:46:49.699Z,62583,6416,9985
2026-09-15T21:46:49.699Z,60305,363500,582600
2026-09-15T21:46:49.699Z,52410,106.1,319900
2026-09-15T21:46:49.699Z,19405,324400,347500
2026-09-15T21:46:49.699Z,31882,1543000,1635000
2026-09-15T21:46:49.699Z,13226,4500000,17970000
2026-09-15T21:46:49.699Z,48771,10.16,3980000
2026-09-15T21:46:49.699Z,25888,5132000,6715000
2026-09-15T21:46:49.699Z,48518,281800000,539000000
2026-09-15T21:46:49.699Z,506,100.1,1979000
2026-09-15T21:46:49.699Z,55751,10000,368000
2026-09-15T21:46:49.699Z,83267,1000,116400
2026-09-15T21:46:49.699Z,18662,60070000,95500000
2026-09-15T21:46:49.699Z,11541,35570,38340
2026-09-15T21:46:49.699Z,3214,557300000,631500000
2026-09-15T21:46:49.699Z,79874,22010000,57620000
2026-09-15T21:46:49.699Z,52411,1.18,520000
2026-09-15T21:46:49.699Z,1949,172100,772200
2026-09-15T21:46:49.699Z,90704,200,39860
2026-09-15T21:46:49.699Z,90700,15.14,699
2026-09-15T21:46:49.699Z,55536,1.05,100000
2026-09-15T21:46:49.699Z,32262,201900000,239000000
2026-09-15T21:46:49.699Z,55678,5000,9000
2026-09-15T21:46:49.699Z,52412,6,7998000
2026-09-15T21:46:49.699Z,45848,147500,3496000
2026-09-15T21:46:49.699Z,63862,401700,901800
2026-09-15T21:46:49.699Z,29085,117000,739100
2026-09-15T21:46:49.699Z,31063,72310,394300
2026-09-15T21:46:49.699Z,26404,20020000,63620000
2026-09-15T21:46:49.699Z,32063,2508000,11990000
2026-09-15T21:46:49.699Z,41116,51150000,121200000
2026-09-15T21:46:49.699Z,49752,100000000,1000000000
2026-09-15T21:46:49.699Z,55577,25,59800
2026-09-15T21:46:49.699Z,35894,234400000,258300000
2026-09-15T21:46:49.699Z,53360,252600,1554000
2026-09-15T21:46:49.699Z,31894,2581000,3210000
2026-09-15T21:46:49.699Z,47377,306300000,943900000
2026-09-15T21:46:49.699Z,18726,283300,4096000
2026-09-15T21:46:49.699Z,60169,88000000,425000000
2026-09-15T21:46:49.699Z,63165,271.6,492.5
2026-09-15T21:46:49.699Z,55343,1000,113900
2026-09-15T21:46:49.699Z,26069,24990,1308000
2026-09-15T21:46:49.699Z,13773,67930,4922000
2026-09-15T21:46:49.699Z,3943,525500,1014000
2026-09-15T21:46:49.699Z,13247,9451000,18550000
2026-09-15T21:46:49.699Z,3200,10870000,73990000
2026-09-15T21:46:49.699Z,31636,20000000,25990000
2026-09-15T21:46:49.699Z,1158,,15700
2026-09-15T21:46:49.699Z,9846,107500,122500
2026-09-15T21:46:49.699Z,36487,8000000,49900000
2026-09-15T21:46:49.699Z,31886,2539000,2700000
2026-09-15T21:46:49.699Z,33404,221300000,297400000
2026-09-15T21:46:49.699Z,59200,306000000,667900000
2026-09-15T21:46:49.699Z,76484,3672000,13840000
2026-09-15T21:46:49.699Z,76491,607200,3495000
2026-09-15T21:46:49.699Z,57737,610800,1858000
2026-09-15T21:46:49.699Z,57729,500000,1859000
2026-09-15T21:46:49.699Z,76486,1500000,3334000
2026-09-15T21:46:49.699Z,86143,360000,3926000
2026-09-15T21:46:49.699Z,47186,1000,300000
2026-09-15T21:46:49.699Z,32039,2103000,14200000
2026-09-15T21:46:49.699Z,83272,1000,288000
2026-09-15T21:46:49.699Z,47503,3502000,16000000
2026-09-15T21:46:49.699Z,9828,726.2,770.9
2026-09-15T21:46:49.699Z,591,214500,286700
2026-09-15T21:46:49.699Z,83485,223400000,239400000
2026-09-15T21:46:49.699Z,63029,1100000,7750000
2026-09-15T21:46:49.699Z,27616,2208000,36210000
2026-09-15T21:46:49.699Z,50148,184600000,599900000
2026-09-15T21:46:49.699Z,15310,,447700000
2026-09-15T21:46:49.699Z,47272,16350000,19830000
2026-09-15T21:46:49.699Z,21276,1966000,3845000
2026-09-15T21:46:49.699Z,12102,3345000,3751000
2026-09-15T21:46:49.699Z,3118,78100000,94000000
2026-09-15T21:46:49.699Z,23033,541.5,1183
2026-09-15T21:46:49.699Z,85137,640000,1997000
2026-09-15T21:46:49.699Z,87605,120,23990000
2026-09-15T21:46:49.699Z,73400,1030000,11000000
2026-09-15T21:46:49.699Z,1419,1789000,4998000
2026-09-15T21:46:49.699Z,15629,25000,35000
2026-09-15T21:46:49.699Z,85512,136500000,212500000
2026-09-15T21:46:49.699Z,61190,68210000,650500000
2026-09-15T21:46:49.699Z,18931,51660000,68790000
2026-09-15T21:46:49.699Z,73879,619200,64500000
2026-09-15T21:46:49.699Z,15292,2057000000,2305000000
2026-09-15T21:46:49.699Z,2436,1541000,1585000
2026-09-15T21:46:49.699Z,62232,3000000000,7993000000
2026-09-15T21:46:49.699Z,87309,500000000,1500000000
2026-09-15T21:46:49.699Z,87307,32060000,288000000
2026-09-15T21:46:49.699Z,58972,479100,545800
2026-09-15T21:46:49.699Z,11542,4870,5023
2026-09-15T21:46:49.699Z,33389,100000,6900000
2026-09-15T21:46:49.699Z,23805,167000000,201700000
2026-09-15T21:46:49.699Z,14031,27010,52500
2026-09-15T21:46:49.699Z,33813,246300000,1094000000
2026-09-15T21:46:49.699Z,46310,200.6,2398
2026-09-15T21:46:49.699Z,2082,165100000,184300000
2026-09-15T21:46:49.699Z,14080,85300,85310
2026-09-15T21:46:49.699Z,1156,,11000
2026-09-15T21:46:49.699Z,72812,106000000,120100000
2026-09-15T21:46:49.699Z,31149,404000,8101000
2026-09-15T21:46:49.699Z,25896,5754000,8092000
2026-09-15T21:46:49.699Z,62394,43810,64680
2026-09-15T21:46:49.699Z,42210,90570000,112900000
2026-09-15T21:46:49.699Z,13824,3620000,4990000
2026-09-15T21:46:49.699Z,88127,143600000,207500000
2026-09-15T21:46:49.699Z,27770,3000000,20870000
2026-09-15T21:46:49.699Z,95539,55050,3631000
2026-09-15T21:46:49.699Z,56982,111000,687900
2026-09-15T21:46:49.699Z,43783,72000000,129900000
2026-09-15T21:46:49.699Z,84677,633600000,1000000000
2026-09-15T21:46:49.699Z,88471,30000,8901000
2026-09-15T21:46:49.699Z,92569,1650,2149
2026-09-15T21:46:49.699Z,20314,90.02,40000
2026-09-15T21:46:49.699Z,49924,60300000,329100000
2026-09-15T21:46:49.699Z,14035,50300,338400
2026-09-15T21:46:49.699Z,81920,282800000,311600000
2026-09-15T21:46:49.699Z,63142,1020,424000
2026-09-15T21:46:49.699Z,23089,358800,391300
2026-09-15T21:46:49.699Z,88575,40000,109000
2026-09-15T21:46:49.699Z,41488,2455000000,3036000000
2026-09-15T21:46:49.699Z,60265,10120000,173900000
2026-09-15T21:46:49.699Z,15733,1563,235000
2026-09-15T21:46:49.699Z,1304,5081,32990
2026-09-15T21:46:49.699Z,87949,61000,499800000
2026-09-15T21:46:49.699Z,55351,100,89000
2026-09-15T21:46:49.699Z,21218,422600,2100000
2026-09-15T21:46:49.699Z,81022,13000000,34880000
2026-09-15T21:46:49.699Z,92567,43,300
2026-09-15T21:46:49.699Z,55683,1000,195000
2026-09-15T21:46:49.699Z,46995,1227000,6498000
2026-09-15T21:46:49.699Z,27409,730.8,1683
2026-09-15T21:46:49.699Z,3822,426.1,426.2
2026-09-15T21:46:49.699Z,60242,1175000,4400000
2026-09-15T21:46:49.699Z,25347,250000,5000000
2026-09-15T21:46:49.699Z,55697,500,28990
2026-09-15T21:46:49.699Z,79744,46990000,98790000
2026-09-15T21:46:49.699Z,54747,326000000,369000000
2026-09-15T21:46:49.699Z,47151,3303000,10000000
2026-09-15T21:46:49.699Z,85021,5201000000,6430000000
2026-09-15T21:46:49.699Z,48138,1220000,45240000
2026-09-15T21:46:49.699Z,54714,14060,50000
2026-09-15T21:46:49.699Z,82442,10010,600400
2026-09-15T21:46:49.699Z,57533,30200000,111300000
2026-09-15T21:46:49.699Z,28609,25280000,37960000
2026-09-15T21:46:49.699Z,88716,97720000,127100000
2026-09-15T21:46:49.699Z,1171,500000,2199000
2026-09-15T21:46:49.699Z,26350,500100,3250000
2026-09-15T21:46:49.699Z,23512,17010,61140
2026-09-15T21:46:49.699Z,90528,2309000,3000000
2026-09-15T21:46:49.699Z,89946,212200,5000000
2026-09-15T21:46:49.699Z,15800,23080000,75300000
2026-09-15T21:46:49.699Z,55319,200.1,97910
2026-09-15T21:46:49.699Z,28199,1932000,2520000
2026-09-15T21:46:49.699Z,45914,5070000,16890000
2026-09-15T21:46:49.699Z,46989,20020000,32940000
2026-09-15T21:46:49.699Z,14148,16700000,23620000
2026-09-15T21:46:49.699Z,54903,3000000,797900000
2026-09-15T21:46:49.699Z,84347,964000,8589000
2026-09-15T21:46:49.699Z,17455,32.04,32.06
2026-09-15T21:46:49.699Z,27774,2019000,16810000
2026-09-15T21:46:49.699Z,56272,57810000,884000000
2026-09-15T21:46:49.699Z,1174,1000000,8389000
2026-09-15T21:46:49.699Z,47290,201200000,400000000
2026-09-15T21:46:49.699Z,85179,2503,966500
2026-09-15T21:46:49.699Z,25335,250000,288700
2026-09-15T21:46:49.699Z,54405,50060000,98800000
2026-09-15T21:46:49.699Z,1175,201000,2700000
2026-09-15T21:46:49.699Z,46908,58500,7998000
2026-09-15T21:46:49.699Z,84426,64430,89150
2026-09-15T21:46:49.699Z,47292,1500000000,17960000000
2026-09-15T21:46:49.699Z,47250,12090000,278600000
2026-09-15T21:46:49.699Z,31077,10600,4500000
2026-09-15T21:46:49.699Z,20733,872,4650
2026-09-15T21:46:49.699Z,7619,215500,995000
2026-09-15T21:46:49.699Z,13931,16600000,26400000
2026-09-15T21:46:49.699Z,27772,192000,29900000
2026-09-15T21:46:49.699Z,19027,205900000,228300000
2026-09-15T21:46:49.699Z,52743,2316000,250000000
2026-09-15T21:46:49.699Z,73404,1000000,3600000
2026-09-15T21:46:49.699Z,261,69000,74000
2026-09-15T21:46:49.699Z,31554,114000,98950000
2026-09-15T21:46:49.699Z,47006,25010,1345000
2026-09-15T21:46:49.699Z,42623,251100000,2496000000
2026-09-15T21:46:49.699Z,26420,60630000,87610000
2026-09-15T21:46:49.699Z,47509,400000000,1999000000
2026-09-15T21:46:49.699Z,30997,129300,429800
2026-09-15T21:46:49.699Z,44127,78440000,209600000
2026-09-15T21:46:49.699Z,83223,10000,220000
2026-09-15T21:46:49.699Z,82491,100000,597500
2026-09-15T21:46:49.699Z,45762,86540,1499000
2026-09-15T21:46:49.699Z,45625,23860000,29030000
2026-09-15T21:46:49.699Z,52279,20210,3290000
2026-09-15T21:46:49.699Z,30842,3183000000,4275000000
2026-09-15T21:46:49.699Z,26068,5600000,6780000
2026-09-15T21:46:49.699Z,55615,2000,25010
2026-09-15T21:46:49.699Z,55634,100,98600
2026-09-15T21:46:49.699Z,14053,3602,41990
2026-09-15T21:46:49.699Z,55671,100,74180
2026-09-15T21:46:49.699Z,55695,500,46900
2026-09-15T21:46:49.699Z,55591,30030,1299000
2026-09-15T21:46:49.699Z,54782,9370,12500
2026-09-15T21:46:49.699Z,1164,1004,440000
2026-09-15T21:46:49.699Z,87505,0.01,89990000
2026-09-15T21:46:49.699Z,55344,118.1,418900
2026-09-15T21:46:49.699Z,87839,20100,10490000
2026-09-15T21:46:49.699Z,83220,60000,487600
2026-09-15T21:46:49.699Z,46487,1601000000,3050000000
2026-09-15T21:46:49.699Z,31586,214800,302900
2026-09-15T21:46:49.699Z,55624,69.7,200000
2026-09-15T21:46:49.699Z,59366,701000,1548000
2026-09-15T21:46:49.699Z,11489,167300,237200
2026-09-15T21:46:49.699Z,48764,170.6,200000
2026-09-15T21:46:49.699Z,47626,6120000,17990000
2026-09-15T21:46:49.699Z,52595,1002000,306000000
2026-09-15T21:46:49.699Z,31580,1400000,1598000
2026-09-15T21:46:49.699Z,85640,120600,2684000
2026-09-15T21:46:49.699Z,45971,13000000,28000000
2026-09-15T21:46:49.699Z,1163,,870000
2026-09-15T21:46:49.699Z,46193,1000000,10110000
2026-09-15T21:46:49.699Z,47136,25530000,45590000
2026-09-15T21:46:49.699Z,954,2100000,5480000
2026-09-15T21:46:49.699Z,88636,10000,1453000
2026-09-15T21:46:49.699Z,55300,100,120000
2026-09-15T21:46:49.699Z,47171,4211000,797800000
2026-09-15T21:46:49.699Z,52195,2.17,310000
2026-09-15T21:46:49.699Z,47682,760800000,1418000000
2026-09-15T21:46:49.699Z,61184,25000000,596900000
2026-09-15T21:46:49.699Z,28264,18040000,19450000
2026-09-15T21:46:49.699Z,47173,1600000,995900000
2026-09-15T21:46:49.699Z,34065,335600000,446900000
2026-09-15T21:46:49.699Z,85390,21150,26700
2026-09-15T21:46:49.699Z,82370,10000,728800
2026-09-15T21:46:49.699Z,49821,1000000,744900000
2026-09-15T21:46:49.699Z,1167,,840000
2026-09-15T21:46:49.699Z,61214,223500,978800
2026-09-15T21:46:49.699Z,31141,12080,39350
2026-09-15T21:46:49.699Z,48778,53.02,150000
2026-09-15T21:46:49.699Z,48526,33990000,23990000000
2026-09-15T21:46:49.699Z,11475,434.5,713.9
2026-09-15T21:46:49.699Z,21324,5.8,147000
2026-09-15T21:46:49.699Z,28213,1662000,2000000
2026-09-15T21:46:49.699Z,78864,1000000,3100000
2026-09-15T21:46:49.699Z,55598,1031,35000
2026-09-15T21:46:49.699Z,27567,22000000,43000000
2026-09-15T21:46:49.699Z,27622,113600,8210000
2026-09-15T21:46:49.699Z,54229,30000000,240000000
2026-09-15T21:46:49.699Z,89703,170000000,440000000
2026-09-15T21:46:49.699Z,52409,3.04,148300
2026-09-15T21:46:49.699Z,56896,3970000,396000000
2026-09-15T21:46:49.699Z,18923,57650000,67860000
2026-09-15T21:46:49.699Z,20625,1761000,5000000
2026-09-15T21:46:49.699Z,83239,80000,145700
2026-09-15T21:46:49.699Z,88605,20000,158000
2026-09-15T21:46:49.699Z,88572,121000,385700
2026-09-15T21:46:49.699Z,34624,7205000,32750000
2026-09-15T21:46:49.699Z,14548,3927000000,6979000000
2026-09-15T21:46:49.699Z,42182,5001000,499500000
2026-09-15T21:46:49.699Z,2043,61000,367200000
2026-09-15T21:46:49.699Z,86154,2222000000,6894000000
2026-09-15T21:46:49.699Z,52274,11560,126900
2026-09-15T21:46:49.699Z,17222,30000,30010
2026-09-15T21:46:49.699Z,17553,1118,1000000
2026-09-15T21:46:49.699Z,34740,3044000,40990000
2026-09-15T21:46:49.699Z,60302,638700,3069000
2026-09-15T21:46:49.699Z,16249,56890000,65890000
2026-09-15T21:46:49.699Z,63866,1045000,7427000
2026-09-15T21:46:49.699Z,46115,,530800000
2026-09-15T21:46:49.699Z,94137,40010,40020
2026-09-15T21:46:49.699Z,45740,5.02,149900
2026-09-15T21:46:49.699Z,31685,0.02,59760000
2026-09-15T21:46:49.699Z,7665,36030,39080
2026-09-15T21:46:49.699Z,31673,0.02,59760000
2026-09-15T21:46:49.699Z,16683,24940,26780
2026-09-15T21:46:49.699Z,82355,260000,5394000
2026-09-15T21:46:49.699Z,61209,104600,709500
2026-09-15T21:46:49.699Z,56291,7461000,13150000
2026-09-15T21:46:49.699Z,80937,202300,1699000
2026-09-15T21:46:49.699Z,55617,50050,3800000
2026-09-15T21:46:49.699Z,36516,110000000,1198000000
2026-09-15T21:46:49.699Z,4302,64050000,70920000
2026-09-15T21:46:49.699Z,23715,1380,4880
2026-09-15T21:46:49.699Z,36394,17000000,800000000
2026-09-15T21:46:49.699Z,1182,4391,13730
2026-09-15T21:46:49.699Z,22806,109000,150000
2026-09-15T21:46:49.699Z,22809,50000,150000
2026-09-15T21:46:49.699Z,3732,6010000,10000000
2026-09-15T21:46:49.699Z,23566,1003,600000
2026-09-15T21:46:49.699Z,24471,48.05,60.09
2026-09-15T21:46:49.699Z,45748,4104000,5000000
2026-09-15T21:46:49.699Z,45746,11020,1000000
2026-09-15T21:46:49.699Z,25811,234.2,1000000
2026-09-15T21:46:49.699Z,3412,225,500000
2026-09-15T21:46:49.699Z,3335,38000,1100000
2026-09-15T21:46:49.699Z,3331,150.4,7000
2026-09-15T21:46:49.699Z,3330,301,45900
2026-09-15T21:46:49.699Z,30653,568200,2500000
2026-09-15T21:46:49.699Z,53133,28170000,239900000
2026-09-15T21:46:49.699Z,54561,75050000,543200000
2026-09-15T21:46:49.699Z,17692,,769800
2026-09-15T21:46:49.699Z,64572,62630000,998600000
2026-09-15T21:46:49.699Z,42733,2800,999000
2026-09-15T21:46:49.699Z,43874,946600000,1474000000
2026-09-15T21:46:49.699Z,40506,1016000,290000000
2026-09-15T21:46:49.699Z,21214,276100,2273000
2026-09-15T21:46:49.699Z,62391,40650,46780
2026-09-15T21:46:49.699Z,3080,3200000,5290000
2026-09-15T21:46:49.699Z,85756,23250000,44440000
2026-09-15T21:46:49.699Z,83338,10000,100000
2026-09-15T21:46:49.699Z,31399,0.02,58000000
2026-09-15T21:46:49.699Z,41218,26140000,27870000
2026-09-15T21:46:49.699Z,40698,79650000,140200000
2026-09-15T21:46:49.699Z,52737,318900,413900000
2026-09-15T21:46:49.699Z,78689,250100000,2230000000
2026-09-15T21:46:49.699Z,55334,69.08,79000
2026-09-15T21:46:49.699Z,42829,318.3,363.5
2026-09-15T21:46:49.699Z,33936,5001000,29730000
2026-09-15T21:46:49.699Z,34170,156000000,954100000
2026-09-15T21:46:49.699Z,46326,1037000000,2786000000
2026-09-15T21:46:49.699Z,20913,10.2,40.57
2026-09-15T21:46:49.699Z,1226,230.2,849.8
2026-09-15T21:46:49.699Z,55331,605.1,58500
2026-09-15T21:46:49.699Z,55534,0.02,89990
2026-09-15T21:46:49.699Z,52772,500000,42720000
2026-09-15T21:46:49.699Z,17816,1100000,2000000
2026-09-15T21:46:49.699Z,55691,100,189000
2026-09-15T21:46:49.699Z,59464,0.01,594700000
2026-09-15T21:46:49.699Z,15689,15150,300000
2026-09-15T21:46:49.699Z,37880,140000,24740000
2026-09-15T21:46:49.699Z,15657,768000,1940000
2026-09-15T21:46:49.699Z,21553,733100,2165000
2026-09-15T21:46:49.699Z,83283,20010,20020
2026-09-15T21:46:49.699Z,17557,132.1,399900
2026-09-15T21:46:49.699Z,48200,135000000,799900000
2026-09-15T21:46:49.699Z,31351,0.02,58990000
2026-09-15T21:46:49.699Z,46232,100600,1777000
2026-09-15T21:46:49.699Z,55311,1100,111900
2026-09-15T21:46:49.699Z,1973,17050,30000
2026-09-15T21:46:49.699Z,20759,349,1742
2026-09-15T21:46:49.699Z,34171,275000000,990000000
2026-09-15T21:46:49.699Z,19245,15400000,18220000
2026-09-15T21:46:49.699Z,55557,69.7,149000
2026-09-15T21:46:49.699Z,46919,2006000,12350000
2026-09-15T21:46:49.699Z,33931,3251000,12000000
2026-09-15T21:46:49.699Z,30987,251300,297100
2026-09-15T21:46:49.699Z,31123,957500,1186000
2026-09-15T21:46:49.699Z,55305,1000,21990
2026-09-15T21:46:49.699Z,85462,100000000,1500000000
2026-09-15T21:46:49.699Z,31146,,57990000
2026-09-15T21:46:49.699Z,86261,55540000,78000000
2026-09-15T21:46:49.699Z,41153,19560000,71360000
2026-09-15T21:46:49.699Z,7581,15500,94990
2026-09-15T21:46:49.699Z,79737,1103000,10760000
2026-09-15T21:46:49.699Z,3488,651100,738800
2026-09-15T21:46:49.699Z,46708,310700,1450000
2026-09-15T21:46:49.699Z,56894,325900,369800000
2026-09-15T21:46:49.699Z,48429,326100,885900
2026-09-15T21:46:49.699Z,82378,1000,370000
2026-09-15T21:46:49.699Z,11294,5000,210000
2026-09-15T21:46:49.699Z,52856,102900,349700000
2026-09-15T21:46:49.699Z,47251,59090000,170000000
2026-09-15T21:46:49.699Z,31110,,58000000
2026-09-15T21:46:49.699Z,34356,1112,4992000
2026-09-15T21:46:49.699Z,88852,961600,1037000
2026-09-15T21:46:49.699Z,11529,9512000,14000000
2026-09-15T21:46:49.699Z,22953,17190000,36100000
2026-09-15T21:46:49.699Z,15204,250300000,580000000
2026-09-15T21:46:49.699Z,27195,606300,933000
2026-09-15T21:46:49.699Z,55519,10010,799900
2026-09-15T21:46:49.699Z,49772,4313000,7220000
2026-09-15T21:46:49.699Z,15038,91110000,414200000
2026-09-15T21:46:49.699Z,83242,10000,500000
2026-09-15T21:46:49.699Z,3279,14060000,89250000
2026-09-15T21:46:49.699Z,90650,1000,2188000
2026-09-15T21:46:49.699Z,47188,7991,350000
2026-09-15T21:46:49.699Z,90705,1007,9597
2026-09-15T21:46:49.699Z,55553,170.1,97780
2026-09-15T21:46:49.699Z,53535,7800000,289900000
2026-09-15T21:46:49.699Z,18851,395700000,424600000
2026-09-15T21:46:49.699Z,31479,,989900
2026-09-15T21:46:49.699Z,85968,21000000,666000000
2026-09-15T21:46:49.699Z,31431,,969900
2026-09-15T21:46:49.699Z,2178,6602,12870
2026-09-15T21:46:49.699Z,40762,333000000,1100000000
2026-09-15T21:46:49.699Z,55599,10000,220000
2026-09-15T21:46:49.699Z,3273,140000,144200000
2026-09-15T21:46:49.699Z,9293,240000,240100
2026-09-15T21:46:49.699Z,78916,66650000,630000000
2026-09-15T21:46:49.699Z,47116,3050000,23860000
2026-09-15T21:46:49.699Z,55573,10000,174000
2026-09-15T21:46:49.699Z,85501,551400,7500000
2026-09-15T21:46:49.699Z,85758,35050,49990
2026-09-15T21:46:49.699Z,48857,1000000,2249000000
2026-09-15T21:46:49.699Z,47545,25160,1439000
2026-09-15T21:46:49.699Z,17959,7210,7339
2026-09-15T21:46:49.699Z,34735,998800,17970000
2026-09-15T21:46:49.699Z,59471,176500000,998400000
2026-09-15T21:46:49.699Z,82068,8100000,59750000
2026-09-15T21:46:49.699Z,55296,2010000,4900000
2026-09-15T21:46:49.699Z,21020,0.02,1204000000
2026-09-15T21:46:49.699Z,87325,25300000,35990000
2026-09-15T21:46:49.699Z,47632,31030000,127000000
2026-09-15T21:46:49.699Z,45879,1250000,9471000
2026-09-15T21:46:49.699Z,53208,10010000,25140000
2026-09-15T21:46:49.699Z,31318,3476000,8383000
2026-09-15T21:46:49.699Z,2205,309600,332900
2026-09-15T21:46:49.699Z,4308,63940000,69600000
2026-09-15T21:46:49.699Z,55567,5000,63530
2026-09-15T21:46:49.699Z,15812,6024000,8899000
2026-09-15T21:46:49.699Z,43870,50000000,385000000
2026-09-15T21:46:49.699Z,13119,44.23,89.9
2026-09-15T21:46:49.699Z,33177,9999,695000
2026-09-15T21:46:49.699Z,31420,,374400
2026-09-15T21:46:49.699Z,15860,19440000,45000000
2026-09-15T21:46:49.699Z,90654,1000,313000
2026-09-15T21:46:49.699Z,85478,1849000000,2662000000
2026-09-15T21:46:49.699Z,42763,580000,2699000
2026-09-15T21:46:49.699Z,47681,189100000,1850000000
2026-09-15T21:46:49.699Z,52745,6010000,35000000
2026-09-15T21:46:49.699Z,19025,115500000,131500000
2026-09-15T21:46:49.699Z,11733,4001,8630
2026-09-15T21:46:49.699Z,46886,11990,948700
2026-09-15T21:46:49.699Z,47128,33750000,85300000
2026-09-15T21:46:49.699Z,55595,99.9,76980
2026-09-15T21:46:49.699Z,19925,11010,44740
2026-09-15T21:46:49.699Z,19988,114,535
2026-09-15T21:46:49.699Z,19537,62030000,119300000
2026-09-15T21:46:49.699Z,19067,250000,374900
2026-09-15T21:46:49.699Z,11356,1000,1029000
2026-09-15T21:46:49.699Z,82582,29010000,287700000
2026-09-15T21:46:49.699Z,7585,60040,300100
2026-09-15T21:46:49.699Z,46972,9000,4865000
2026-09-15T21:46:49.699Z,23852,2009000,12400000
2026-09-15T21:46:49.699Z,75911,16100000000,34000000000
2026-09-15T21:46:49.699Z,41290,1694,6249
2026-09-15T21:46:49.699Z,42783,416400,6995000
2026-09-15T21:46:49.699Z,13240,15010000,17050000
2026-09-15T21:46:49.699Z,27856,13000000,23600000
2026-09-15T21:46:49.699Z,42760,205400,3849000
2026-09-15T21:46:49.699Z,32817,405600,549000
2026-09-15T21:46:49.699Z,55621,20000,290000
2026-09-15T21:46:49.699Z,34715,35360000,2931000000
2026-09-15T21:46:49.699Z,41040,1027000,1676000
2026-09-15T21:46:49.699Z,35836,6891000000,7396000000
2026-09-15T21:46:49.699Z,92986,1000000,25990000
2026-09-15T21:46:49.699Z,90895,36390,234400
2026-09-15T21:46:49.699Z,87815,110100,365300000
2026-09-15T21:46:49.699Z,34680,154500,4210000
2026-09-15T21:46:49.699Z,24438,658500,778200
2026-09-15T21:46:49.699Z,94035,165700000,218900000
2026-09-15T21:46:49.699Z,46747,485000,484900000
2026-09-15T21:46:49.699Z,7491,343.2,7000
2026-09-15T21:46:49.699Z,87459,54230000,140000000
2026-09-15T21:46:49.699Z,27768,4000000,29970000
2026-09-15T21:46:49.699Z,95399,330000000,501700000
2026-09-15T21:46:49.699Z,62580,6817,10600
2026-09-15T21:46:49.699Z,43716,125000000,2649000000
2026-09-15T21:46:49.699Z,26338,36350000,99990000
2026-09-15T21:46:49.699Z,43865,391600000,440000000
2026-09-15T21:46:49.699Z,26296,76050000,83950000
2026-09-15T21:46:49.699Z,31910,12890000,14470000
2026-09-15T21:46:49.699Z,43521,219900000,447900000
2026-09-15T21:46:49.699Z,84994,,339000000
2026-09-15T21:46:49.699Z,56292,18,79860
2026-09-15T21:46:49.699Z,28806,122900000,238700000
2026-09-15T21:46:49.699Z,74157,5100000,10000000
2026-09-15T21:46:49.699Z,42591,121000000,389700000
2026-09-15T21:46:49.699Z,62018,10510,650000
2026-09-15T21:46:49.699Z,47307,5428000,20920000
2026-09-15T21:46:49.699Z,15703,11360000,21350000
2026-09-15T21:46:49.699Z,40668,45010000,170400000
2026-09-15T21:46:49.699Z,26364,3605000,59510000
2026-09-15T21:46:49.699Z,33003,305400,544800
2026-09-15T21:46:49.699Z,33007,56110,148700
2026-09-15T21:46:49.699Z,91404,10000,3990000
2026-09-15T21:46:49.699Z,7487,50000,110000
2026-09-15T21:46:49.699Z,3479,4661000,6599000
2026-09-15T21:46:49.699Z,56862,500000,5583000
2026-09-15T21:46:49.699Z,31220,984400,1103000
2026-09-15T21:46:49.699Z,20771,393,393.1
2026-09-15T21:46:49.699Z,18775,85000,333400
2026-09-15T21:46:49.699Z,47935,1906,2314
2026-09-15T21:46:49.699Z,84012,260100,999900
2026-09-15T21:46:49.699Z,83365,40000,248700
2026-09-15T21:46:49.699Z,88590,10000,153300
2026-09-15T21:46:49.699Z,92578,89000000,150000000
2026-09-15T21:46:49.699Z,87832,200100,600000
2026-09-15T21:46:49.699Z,42172,0.01,1499000000
2026-09-15T21:46:49.699Z,83302,20000,374900
2026-09-15T21:46:49.699Z,41393,,51000000
2026-09-15T21:46:49.699Z,88775,420000,2440000
2026-09-15T21:46:49.699Z,52202,11000,579000
2026-09-15T21:46:49.699Z,4057,141500000,329800000
2026-09-15T21:46:49.699Z,52864,3230000,493900000
2026-09-15T21:46:49.699Z,76173,10360,12000000
2026-09-15T21:46:49.699Z,31686,892900,1487000
2026-09-15T21:46:49.699Z,3810,3017,3018
2026-09-15T21:46:49.699Z,41264,56.21,500
2026-09-15T21:46:49.699Z,54540,200000,1802000
2026-09-15T21:46:49.699Z,4059,78000000,540000000
2026-09-15T21:46:49.699Z,45745,394800000,533900000
2026-09-15T21:46:49.699Z,59405,908400,3897000
2026-09-15T21:46:49.699Z,55656,86010,899000
2026-09-15T21:46:49.699Z,32025,119700,994100
2026-09-15T21:46:49.699Z,23087,624.7,9623
2026-09-15T21:46:49.699Z,31456,358800,585100
2026-09-15T21:46:49.699Z,31011,1156000,1390000
2026-09-15T21:46:49.699Z,22118,147400000,204900000
2026-09-15T21:46:49.699Z,53901,322200000,433500000
2026-09-15T21:46:49.699Z,13779,2707000,22840000
2026-09-15T21:46:49.699Z,54382,92570000,348500000
2026-09-15T21:46:49.699Z,45618,32570000,35440000
2026-09-15T21:46:49.699Z,44215,500000,5996000
2026-09-15T21:46:49.699Z,41640,,65000000
2026-09-15T21:46:49.699Z,47316,2889000,22900000
2026-09-15T21:46:49.699Z,60758,40680000,83990000
2026-09-15T21:46:49.699Z,82469,460000,4653000
2026-09-15T21:46:49.699Z,4060,0.01,158900000
2026-09-15T21:46:49.699Z,3170,490800,579500
2026-09-15T21:46:49.699Z,46888,552.4,2859000
2026-09-15T21:46:49.699Z,81084,6388000,7474000
2026-09-15T21:46:49.699Z,42704,72000,329900
2026-09-15T21:46:49.699Z,47182,20000,250000
2026-09-15T21:46:49.699Z,53383,0.01,249900
2026-09-15T21:46:49.699Z,9956,3551000,3968000
2026-09-15T21:46:49.699Z,47184,60100,100000
2026-09-15T21:46:49.699Z,4155,101000000,400000000
2026-09-15T21:46:49.699Z,83317,10000,243900
2026-09-15T21:46:49.699Z,30539,750000,4995000
2026-09-15T21:46:49.699Z,56601,,340500000
2026-09-15T21:46:49.699Z,26332,54640000,66490000
2026-09-15T21:46:49.699Z,3977,769700,948300
2026-09-15T21:46:49.699Z,31256,1000,899900
2026-09-15T21:46:49.699Z,55661,6000,200000
2026-09-15T21:46:49.699Z,27786,405400000,3075000000
2026-09-15T21:46:49.699Z,52917,104600000,118900000
2026-09-15T21:46:49.699Z,88461,10000,500000
2026-09-15T21:46:49.699Z,42592,11000000,299800000
2026-09-15T21:46:49.699Z,4061,15100000,1100000000
2026-09-15T21:46:49.699Z,47634,61010000,139900000
2026-09-15T21:46:49.699Z,33270,8210,18940
2026-09-15T21:46:49.699Z,55548,11000,259000
2026-09-15T21:46:49.699Z,41191,58330000,64940000
2026-09-15T21:46:49.699Z,4063,153000000,750000000
2026-09-15T21:46:49.699Z,47029,6001000,15000000
2026-09-15T21:46:49.699Z,13967,80000,180000
2026-09-15T21:46:49.699Z,181,7.96,7.97
2026-09-15T21:46:49.699Z,24632,15570000,17460000
2026-09-15T21:46:49.699Z,17897,2300,6674
2026-09-15T21:46:49.699Z,4157,25100000,485000000
2026-09-15T21:46:49.699Z,45491,566.3,1090
2026-09-15T21:46:49.699Z,11737,700.1,25000
2026-09-15T21:46:49.699Z,32459,821.9,17760
2026-09-15T21:46:49.699Z,93471,39010000,120000000
2026-09-15T21:46:49.699Z,13874,400100,4997000
2026-09-15T21:46:49.699Z,43861,981900000,1875000000
2026-09-15T21:46:49.699Z,93472,39000000,120000000
2026-09-15T21:46:49.699Z,25542,87340000,147100000
2026-09-15T21:46:49.699Z,4062,311000000,5000000000
2026-09-15T21:46:49.699Z,18869,32620000,41270000
2026-09-15T21:46:49.699Z,8007,3244,22920
2026-09-15T21:46:49.699Z,4064,55100000,199700000
2026-09-15T21:46:49.699Z,20853,27050,459500
2026-09-15T21:46:49.699Z,1286,26610,145000
2026-09-15T21:46:49.699Z,56849,28000000,33890000
2026-09-15T21:46:49.699Z,87843,8700000,11400000
2026-09-15T21:46:49.699Z,36910,30090000,37230000
2026-09-15T21:46:49.699Z,34168,24620000,66480000
2026-09-15T21:46:49.699Z,17867,100.6,107.9
2026-09-15T21:46:49.699Z,12056,71270,97770
2026-09-15T21:46:49.699Z,561,1798,5778
2026-09-15T21:46:49.699Z,52401,60000000,319900000
2026-09-15T21:46:49.699Z,62458,674,679.9
2026-09-15T21:46:49.699Z,33780,3065000,18990000
2026-09-15T21:46:49.699Z,2961,4805000,5979000
2026-09-15T21:46:49.699Z,87237,34010000,775000000
2026-09-15T21:46:49.699Z,18893,82190000,172400000
2026-09-15T21:46:49.699Z,11690,19160,20060
2026-09-15T21:46:49.699Z,16065,22550000,28560000
2026-09-15T21:46:49.699Z,27634,2300000,23990000
2026-09-15T21:46:49.699Z,3442,581700,24970000
2026-09-15T21:46:49.699Z,12250,2,99990
2026-09-15T21:46:49.699Z,44895,8810000,17000000
2026-09-15T21:46:49.699Z,64379,111100,16990000
2026-09-15T21:46:49.699Z,49978,321100,16000000
2026-09-15T21:46:49.699Z,31155,703900,1078000
2026-09-15T21:46:49.699Z,47894,1611000,1795000
2026-09-15T21:46:49.699Z,14439,,1393000000
2026-09-15T21:46:49.699Z,46880,0.01,1387000
2026-09-15T21:46:49.699Z,27631,1140000,11400000
2026-09-15T21:46:49.699Z,43781,8014000,29590000
2026-09-15T21:46:49.699Z,40554,7623000,20400000
2026-09-15T21:46:49.699Z,46238,6222000,8998000
2026-09-15T21:46:49.699Z,4149,78080000,298900000
2026-09-15T21:46:49.699Z,55556,1000,349900
2026-09-15T21:46:49.699Z,36912,21470000,24490000
2026-09-15T21:46:49.699Z,29103,1109000,1647000
2026-09-15T21:46:49.699Z,45523,922000,4598000
2026-09-15T21:46:49.699Z,14377,2330000,1450000000
2026-09-15T21:46:49.699Z,26008,1022000,5750000
2026-09-15T21:46:49.699Z,92571,1405,1664
2026-09-15T21:46:49.699Z,64380,336100000,440000000
2026-09-15T21:46:49.699Z,25596,2701,2702
2026-09-15T21:46:49.699Z,46548,210700,1499000
2026-09-15T21:46:49.699Z,17713,35600000,36970000
2026-09-15T21:46:49.699Z,83328,10000,295900
2026-09-15T21:46:49.699Z,21039,10070000,10500000
2026-09-15T21:46:49.699Z,14437,2493,388000000
2026-09-15T21:46:49.699Z,96330,12240000,23900000
2026-09-15T21:46:49.699Z,13893,654700,4500000
2026-09-15T21:46:49.699Z,57065,21470000,1961000000
2026-09-15T21:46:49.699Z,17294,502100,1480000
2026-09-15T21:46:49.699Z,41175,50400000,91000000
2026-09-15T21:46:49.699Z,31516,150600,1530000
2026-09-15T21:46:49.699Z,88617,260000,4733000
2026-09-15T21:46:49.699Z,15796,51010000,120000000
2026-09-15T21:46:49.699Z,33195,10790,10800
2026-09-15T21:46:49.699Z,7745,220300,249900
2026-09-15T21:46:49.699Z,87781,1200000,1887000
2026-09-15T21:46:49.699Z,90602,221000,1094000
2026-09-15T21:46:49.699Z,91934,1500000,2890000
2026-09-15T21:46:49.699Z,40730,38070000,45000000
2026-09-15T21:46:49.699Z,15836,354400,3000000
2026-09-15T21:46:49.699Z,91260,156500000,320000000
2026-09-15T21:46:49.699Z,14806,2873000000,3100000000
2026-09-15T21:46:49.699Z,22120,15100000,37890000
2026-09-15T21:46:49.699Z,58887,12200,2998000
2026-09-15T21:46:49.699Z,11741,3121,50000
2026-09-15T21:46:49.699Z,47478,37050,519900
2026-09-15T21:46:49.699Z,40364,5932000,10000000
2026-09-15T21:46:49.699Z,54558,31000000,169500000
2026-09-15T21:46:49.699Z,14431,1857000,2200000000
2026-09-15T21:46:49.699Z,57467,330000,378700
2026-09-15T21:46:49.699Z,17715,191600000,204800000
2026-09-15T21:46:49.699Z,40635,51530000,206400000
2026-09-15T21:46:49.699Z,27171,143100000,152600000
2026-09-15T21:46:49.699Z,13864,405000,2500000
2026-09-15T21:46:49.699Z,84496,106000000,185800000
2026-09-15T21:46:49.699Z,40670,404900000,885000000
2026-09-15T21:46:49.699Z,18748,1046,1120000
2026-09-15T21:46:49.699Z,83382,660100,4441000
2026-09-15T21:46:49.699Z,22881,,2995000
2026-09-15T21:46:49.699Z,88544,10010,2590000
2026-09-15T21:46:49.699Z,59407,901000,1899000
2026-09-15T21:46:49.699Z,18728,144600,4487000
2026-09-15T21:46:49.699Z,46874,3052000,18020000
2026-09-15T21:46:49.699Z,573,1553000,2281000
2026-09-15T21:46:49.699Z,95269,220000000,299900000
2026-09-15T21:46:49.699Z,33197,627100,862100
2026-09-15T21:46:49.699Z,4066,518200000,3500000000
2026-09-15T21:46:49.699Z,18720,2553,1100000
2026-09-15T21:46:49.699Z,3078,8165000,22710000
2026-09-15T21:46:49.699Z,33926,135600000,196800000
2026-09-15T21:46:49.699Z,57495,20010000,42000000
2026-09-15T21:46:49.699Z,13823,950100,2498000
2026-09-15T21:46:49.699Z,20641,635500,4388000
2026-09-15T21:46:49.699Z,83203,10000,342800
2026-09-15T21:46:49.699Z,14986,55600000,395600000
2026-09-15T21:46:49.699Z,93702,55000000,172100000
2026-09-15T21:46:49.699Z,21555,200100,2000000
2026-09-15T21:46:49.699Z,58893,632600,34560000
2026-09-15T21:46:49.699Z,45779,1580000,5689000
2026-09-15T21:46:49.699Z,48894,196700000,348200000
2026-09-15T21:46:49.699Z,32869,,3153000
2026-09-15T21:46:49.699Z,13242,24010000,27670000
2026-09-15T21:46:49.699Z,15126,728000000,999000000
2026-09-15T21:46:49.699Z,35795,9560,13450
2026-09-15T21:46:49.699Z,33706,8214,11650
2026-09-15T21:46:49.699Z,209,50.03,60.98
2026-09-15T21:46:49.699Z,41303,4015,11210
2026-09-15T21:46:49.699Z,55639,25.01,131900
2026-09-15T21:46:49.699Z,57117,86220000,115600000
2026-09-15T21:46:49.699Z,4078,240800000,646500000
2026-09-15T21:46:49.699Z,15294,3653000000,4200000000
2026-09-15T21:46:49.699Z,3094,84030000,96400000
2026-09-15T21:46:49.699Z,32034,5000,130800
2026-09-15T21:46:49.699Z,41506,98020000,113500000
2026-09-15T21:46:49.699Z,62384,81280,82840
2026-09-15T21:46:49.699Z,74001,100000,100100
2026-09-15T21:46:49.699Z,27644,8220000,38490000
2026-09-15T21:46:49.699Z,88602,880000,2898000
2026-09-15T21:46:49.699Z,28701,93350,99620
2026-09-15T21:46:49.699Z,3128,4005000,6175000
2026-09-15T21:46:49.699Z,24692,154000000,162400000
2026-09-15T21:46:49.699Z,88658,421000,9683000
2026-09-15T21:46:49.699Z,3405,2011,24600
2026-09-15T21:46:49.699Z,87768,225000,5529000
2026-09-15T21:46:49.699Z,27554,13150000,37250000
2026-09-15T21:46:49.699Z,27329,0.01,12970
2026-09-15T21:46:49.699Z,79761,110000000,389400000
2026-09-15T21:46:49.699Z,19407,1115000,1160000
2026-09-15T21:46:49.699Z,45807,1010000,5300000
2026-09-15T21:46:49.699Z,46659,530600000,3890000000
2026-09-15T21:46:49.699Z,28377,93440000,101100000
2026-09-15T21:46:49.699Z,23148,62020,62030
2026-09-15T21:46:49.699Z,76287,11010000,240000000
2026-09-15T21:46:49.699Z,56856,66890000,109900000
2026-09-15T21:46:49.699Z,31870,2110000,2300000
2026-09-15T21:46:49.699Z,31386,59000,64990000
2026-09-15T21:46:49.699Z,34306,3903000,5372000
2026-09-15T21:46:49.699Z,88615,600000,9880000
2026-09-15T21:46:49.699Z,82383,10000,70000
2026-09-15T21:46:49.699Z,46201,1000000,9000000
2026-09-15T21:46:49.699Z,10842,2091000,2227000
2026-09-15T21:46:49.699Z,7251,100.1,4900
2026-09-15T21:46:49.699Z,11457,207.3,593.9
2026-09-15T21:46:49.699Z,96044,65090000,96720000
2026-09-15T21:46:49.699Z,83348,100100,998200
2026-09-15T21:46:49.699Z,45924,110100,6885000
2026-09-15T21:46:49.699Z,63779,5.02,98000
2026-09-15T21:46:49.699Z,2306,2.71,3.98
2026-09-15T21:46:49.699Z,50150,218700000,376300000
2026-09-15T21:46:49.699Z,85544,62040000,78870000
2026-09-15T21:46:49.699Z,3986,45010,4100000
2026-09-15T21:46:49.699Z,31756,0.02,5989000
2026-09-15T21:46:49.699Z,64270,200000,238000000
2026-09-15T21:46:49.699Z,42740,7402000,74000000
2026-09-15T21:46:49.699Z,33093,1300,45000
2026-09-15T21:46:49.699Z,45985,165100,3991000
2026-09-15T21:46:49.699Z,57493,1,21800000
2026-09-15T21:46:49.699Z,33962,91030000,116400000
2026-09-15T21:46:49.699Z,95537,1,995900
2026-09-15T21:46:49.699Z,45988,250000,17240000
2026-09-15T21:46:49.699Z,32918,270.6,39000
2026-09-15T21:46:49.699Z,4141,11000000,24480000
2026-09-15T21:46:49.699Z,45925,1166000,8180000
2026-09-15T21:46:49.699Z,11644,1356000,1595000
2026-09-15T21:46:49.699Z,33972,75100000,90960000
2026-09-15T21:46:49.699Z,14208,137800000,148900000
2026-09-15T21:46:49.699Z,22915,1510000,26530000
2026-09-15T21:46:49.699Z,94135,10000,69770
2026-09-15T21:46:49.699Z,12484,2000000,2679000
2026-09-15T21:46:49.699Z,45978,3001000,17520000
2026-09-15T21:46:49.699Z,93738,49210000,149300000
2026-09-15T21:46:49.699Z,61862,579900,17000000
2026-09-15T21:46:49.699Z,1998,1000,24690
2026-09-15T21:46:49.699Z,20581,17310000,29110000
2026-09-15T21:46:49.699Z,63115,94000000,120000000
2026-09-15T21:46:49.699Z,61875,1011000,5874000
2026-09-15T21:46:49.699Z,95532,2567000,4690000
2026-09-15T21:46:49.699Z,8785,117100,249000
2026-09-15T21:46:49.699Z,47149,9856000,18400000
2026-09-15T21:46:49.699Z,46237,7041000,9860000
2026-09-15T21:46:49.699Z,73463,1000000,4991000
2026-09-15T21:46:49.699Z,33943,129100000,158200000
2026-09-15T21:46:49.699Z,88682,5600000,11700000
2026-09-15T21:46:49.699Z,24639,100200000,118600000
2026-09-15T21:46:49.699Z,45987,1548000,8597000
2026-09-15T21:46:49.699Z,46795,13340,8981000
2026-09-15T21:46:49.699Z,17211,908.8,9407
2026-09-15T21:46:49.699Z,47150,8919000,15070000
2026-09-15T21:46:49.699Z,14268,146000000,167800000
2026-09-15T21:46:49.699Z,88212,300000000,1500000000
2026-09-15T21:46:49.699Z,40598,3316000,21000000
2026-09-15T21:46:49.699Z,82959,1000,394900
2026-09-15T21:46:49.699Z,20591,816800,1877000
2026-09-15T21:46:49.699Z,91123,935000000,5569000000
2026-09-15T21:46:49.699Z,83361,10000,378900
2026-09-15T21:46:49.699Z,22995,440.3,1187
2026-09-15T21:46:49.699Z,15098,1778000000,2476000000
2026-09-15T21:46:49.699Z,40580,6002,63000000
2026-09-15T21:46:49.699Z,83351,4200000,5000000
2026-09-15T21:46:49.699Z,45864,500000,8000000
2026-09-15T21:46:49.699Z,60678,150600,3688000
2026-09-15T21:46:49.699Z,18770,1708,80000
2026-09-15T21:46:49.699Z,55314,332100,599000
2026-09-15T21:46:49.699Z,45927,4002000,21970000
2026-09-15T21:46:49.699Z,11442,9754000,12110000
2026-09-15T21:46:49.699Z,9247,51620,107900
2026-09-15T21:46:49.699Z,973,70180000,89900000
2026-09-15T21:46:49.699Z,54901,42000000,742000000
2026-09-15T21:46:49.699Z,83247,10000,599700
2026-09-15T21:46:49.699Z,82070,13420000,40000000
2026-09-15T21:46:49.699Z,88656,20000,629200
2026-09-15T21:46:49.699Z,28332,908.8,1069
2026-09-15T21:46:49.699Z,91973,36080000,74480000
2026-09-15T21:46:49.699Z,43498,0.03,3658000
2026-09-15T21:46:49.699Z,44939,2007000,19010000
2026-09-15T21:46:49.699Z,55558,66660,499900
2026-09-15T21:46:49.699Z,22945,59900000,74370000
2026-09-15T21:46:49.699Z,37821,80370,180500
2026-09-15T21:46:49.699Z,3212,328800000,535000000
2026-09-15T21:46:49.699Z,84999,340900000,2500000000
2026-09-15T21:46:49.699Z,43530,2500000,10000000
2026-09-15T21:46:49.699Z,3563,250000000,298900000
2026-09-15T21:46:49.699Z,25975,,2290000
2026-09-15T21:46:49.699Z,22877,66060000,118600000
2026-09-15T21:46:49.699Z,85666,2735000,9999000
2026-09-15T21:46:49.699Z,85557,304600,3490000
2026-09-15T21:46:49.699Z,20034,1.03,293.3
2026-09-15T21:46:49.699Z,21628,7350000,12000000
2026-09-15T21:46:49.699Z,23791,4002,14010
2026-09-15T21:46:49.699Z,28758,32380000,35980000
2026-09-15T21:46:49.699Z,42790,564100,17410000
2026-09-15T21:46:49.699Z,55666,1001,1100000
2026-09-15T21:46:49.699Z,40359,3680000,6588000
2026-09-15T21:46:49.699Z,29003,119000,158800
2026-09-15T21:46:49.699Z,57471,22700000,23320000
2026-09-15T21:46:49.699Z,27560,12000000,29000000
2026-09-15T21:46:49.699Z,41257,,168000000
2026-09-15T21:46:49.699Z,15080,625600000,1889000000
2026-09-15T21:46:49.699Z,46777,50000,1748000
2026-09-15T21:46:49.699Z,84120,88000000,200000000
2026-09-15T21:46:49.699Z,83311,10000,119000
2026-09-15T21:46:49.699Z,58966,1194000,1450000
2026-09-15T21:46:49.699Z,19040,242800000,289200000
2026-09-15T21:46:49.699Z,84077,2719000,89000000
2026-09-15T21:46:49.699Z,975,10010000,87000000
2026-09-15T21:46:49.699Z,55299,500,56950
2026-09-15T21:46:49.699Z,55315,166100,499000
2026-09-15T21:46:49.699Z,14389,1460000,392000000
2026-09-15T21:46:49.699Z,85450,4472000,45250000
2026-09-15T21:46:49.699Z,55352,315500,759900
2026-09-15T21:46:49.699Z,60944,2206000,6628000
2026-09-15T21:46:49.699Z,976,53020000,85990000
2026-09-15T21:46:49.699Z,20791,3200,9998
2026-09-15T21:46:49.699Z,27435,972.3,1085
2026-09-15T21:46:49.699Z,33822,5102,24500
2026-09-15T21:46:49.699Z,93001,300000,38000000
2026-09-15T21:46:49.699Z,24552,1219000,678900000
2026-09-15T21:46:49.699Z,90414,151500000,447600000
2026-09-15T21:46:49.699Z,15010,,425000000
2026-09-15T21:46:49.699Z,82448,10000,411300
2026-09-15T21:46:49.699Z,42619,1602000,18450000
2026-09-15T21:46:49.699Z,20723,3.75,24.9
2026-09-15T21:46:49.699Z,4398,25000,1350000
2026-09-15T21:46:49.699Z,48893,98570000,187800000
2026-09-15T21:46:49.699Z,88536,10030,4980000
2026-09-15T21:46:49.699Z,62630,41760000,54990000
2026-09-15T21:46:49.699Z,34824,44010000,974000000
2026-09-15T21:46:49.699Z,83062,20000,96990
2026-09-15T21:46:49.699Z,4311,504200000,636800000
2026-09-15T21:46:49.699Z,55566,1.05,374700
2026-09-15T21:46:49.699Z,26256,2137,64500
2026-09-15T21:46:49.699Z,52750,550100000,1997000000
2026-09-15T21:46:49.699Z,41306,6.17,450
2026-09-15T21:46:49.699Z,89614,136.2,495.6
2026-09-15T21:46:49.699Z,82466,100000,599800
2026-09-15T21:46:49.699Z,28659,907300000,979500000
2026-09-15T21:46:49.699Z,45604,31800000,36650000
2026-09-15T21:46:49.699Z,56711,5430000,11400000
2026-09-15T21:46:49.699Z,57011,715000,7400000
2026-09-15T21:46:49.699Z,4313,,12000000
2026-09-15T21:46:49.699Z,28410,1.32,30000
2026-09-15T21:46:49.699Z,21500,3000000,13800000
2026-09-15T21:46:49.699Z,77958,75000000,599900000
2026-09-15T21:46:49.699Z,55680,274500,594000
2026-09-15T21:46:49.699Z,33022,23110000,37980000
2026-09-15T21:46:49.699Z,43820,56000000,79990000
2026-09-15T21:46:49.699Z,27920,1297000,1672000
2026-09-15T21:46:49.699Z,77957,70010000,500000000
2026-09-15T21:46:49.699Z,89660,211700000,409500000
2026-09-15T21:46:49.699Z,55689,5105,2977000
2026-09-15T21:46:49.699Z,28439,239900,296600
2026-09-15T21:46:49.699Z,53170,0.01,79960000
2026-09-15T21:46:49.699Z,33063,3510000,4795000
2026-09-15T21:46:49.699Z,22907,2072000,3900000
2026-09-15T21:46:49.699Z,4106,22500000,100000000
2026-09-15T21:46:49.699Z,77962,180000000,697900000
2026-09-15T21:46:49.699Z,55930,92970,96680
2026-09-15T21:46:49.699Z,3812,170.2,298.7
2026-09-15T21:46:49.699Z,42620,119900000,2000000000
2026-09-15T21:46:49.699Z,29075,57110,656500
2026-09-15T21:46:49.699Z,77959,550100000,1097000000
2026-09-15T21:46:49.699Z,41061,99580000,124400000
2026-09-15T21:46:49.699Z,32119,120100,9897000
2026-09-15T21:46:49.699Z,31034,,1149000
2026-09-15T21:46:49.699Z,56205,751900000,3865000000
2026-09-15T21:46:49.699Z,87460,2100000,29970000
2026-09-15T21:46:49.699Z,27230,1277000,15280000
2026-09-15T21:46:49.699Z,25279,24470,26860
2026-09-15T21:46:49.699Z,3195,555700000,635400000
2026-09-15T21:46:49.699Z,42146,21000000,27340000
2026-09-15T21:46:49.699Z,57059,1000000,1322000000
2026-09-15T21:46:49.699Z,46918,39100,11910000
2026-09-15T21:46:49.699Z,27077,490300,757900
2026-09-15T21:46:49.699Z,4172,43220000,123600000
2026-09-15T21:46:49.699Z,13807,25000000,26980000
2026-09-15T21:46:49.699Z,82437,300000,2899000
2026-09-15T21:46:49.699Z,4165,45220000,100100000
2026-09-15T21:46:49.699Z,61864,2343000,16580000
2026-09-15T21:46:49.699Z,27775,4008000,34950000
2026-09-15T21:46:49.699Z,27556,15120000,58900000
2026-09-15T21:46:49.699Z,11692,16610,17470
2026-09-15T21:46:49.699Z,35947,28010000,32200000
2026-09-15T21:46:49.699Z,31608,160500,250000
2026-09-15T21:46:49.699Z,54303,34900000,64290000
2026-09-15T21:46:49.699Z,49958,5004000000,31000000000
2026-09-15T21:46:49.699Z,59368,23170,725000
2026-09-15T21:46:49.699Z,55530,1023,40000
2026-09-15T21:46:49.699Z,31618,256100000,646000000
2026-09-15T21:46:49.699Z,81023,19310000,67600000
2026-09-15T21:46:49.699Z,74533,2661,4195
2026-09-15T21:46:49.699Z,47913,8907000,18690000
2026-09-15T21:46:49.699Z,33786,132400000,987600000
2026-09-15T21:46:49.699Z,24313,463900000,588900000
2026-09-15T21:46:49.699Z,12243,108200,1500000
2026-09-15T21:46:49.699Z,32774,12840,19000
2026-09-15T21:46:49.699Z,28292,23090000,26360000
2026-09-15T21:46:49.699Z,85449,2589000,5150000
2026-09-15T21:46:49.699Z,88129,680400,599300000
2026-09-15T21:46:49.699Z,90598,10000,4899000
2026-09-15T21:46:49.699Z,14496,3964000000,5067000000
2026-09-15T21:46:49.699Z,18967,119300000,139900000
2026-09-15T21:46:49.699Z,55327,1000,96210
2026-09-15T21:46:49.699Z,41469,44320000,52660000
2026-09-15T21:46:49.699Z,32921,3788000000,4999000000
2026-09-15T21:46:49.699Z,48428,17160,100000
2026-09-15T21:46:49.699Z,55674,20620,205000
2026-09-15T21:46:49.699Z,60453,3100000000,5080000000
2026-09-15T21:46:49.699Z,40525,41920000,148600000
2026-09-15T21:46:49.699Z,22985,109.7,609
2026-09-15T21:46:49.699Z,24637,112200000,122200000
2026-09-15T21:46:49.699Z,92582,92000000,229800000
2026-09-15T21:46:49.699Z,26400,1618000,59960000
2026-09-15T21:46:49.699Z,28437,370400,489000
2026-09-15T21:46:49.699Z,20977,5,374.5
2026-09-15T21:46:49.699Z,32085,,3397000
2026-09-15T21:46:49.699Z,41484,4014000,5354000
2026-09-15T21:46:49.699Z,82305,550.8,783.7
2026-09-15T21:46:49.699Z,82591,40020000,399900000
2026-09-15T21:46:49.699Z,15042,2100000,1000000000
2026-09-15T21:46:49.699Z,37631,278100000,314800000
2026-09-15T21:46:49.699Z,14051,42500,360000
2026-09-15T21:46:49.699Z,3452,144.6,13900
2026-09-15T21:46:49.699Z,37583,22090000,48310000
2026-09-15T21:46:49.699Z,82306,592.9,839
2026-09-15T21:46:49.699Z,40717,55130000,113200000
2026-09-15T21:46:49.699Z,24592,8,999
2026-09-15T21:46:49.699Z,24594,303,1398
2026-09-15T21:46:49.699Z,24597,335,9999
2026-09-15T21:46:49.699Z,56211,1920000000,19000000000
2026-09-15T21:46:49.699Z,83312,20000,199600
2026-09-15T21:46:49.699Z,91516,5330000000,7000000000
2026-09-15T21:46:49.699Z,13260,14190000,16870000
2026-09-15T21:46:49.699Z,2345,79060,84800
2026-09-15T21:46:49.699Z,47130,21660000,101100000
2026-09-15T21:46:49.699Z,31418,50070,135200
2026-09-15T21:46:49.699Z,46678,2534,3900
2026-09-15T21:46:49.699Z,85550,3532000,9999000
2026-09-15T21:46:49.699Z,85663,3540000,16430000
2026-09-15T21:46:49.699Z,28324,803,1036
2026-09-15T21:46:49.699Z,23138,90000,189800
2026-09-15T21:46:49.699Z,47621,25100000,97820000
2026-09-15T21:46:49.699Z,92587,100000,249800
2026-09-15T21:46:49.699Z,22989,180.1,614.5
2026-09-15T21:46:49.699Z,44184,86000,2550000
2026-09-15T21:46:49.699Z,46720,590000000,10000000000
2026-09-15T21:46:49.699Z,48845,3210000,10000000000
2026-09-15T21:46:49.699Z,24554,424800000,570200000
2026-09-15T21:46:49.699Z,52291,46000000,74980000
2026-09-15T21:46:49.699Z,14853,516900000,971900000
2026-09-15T21:46:49.699Z,55646,500,4700
2026-09-15T21:46:49.699Z,41305,0.04,86.97
2026-09-15T21:46:49.699Z,18635,135200,154500
2026-09-15T21:46:49.699Z,3009,1326000,1442000
2026-09-15T21:46:49.699Z,14705,231000000,490000000
2026-09-15T21:46:49.699Z,15174,136000,136900000
2026-09-15T21:46:49.699Z,46816,15240,479800
2026-09-15T21:46:49.699Z,85139,1000,490000
2026-09-15T21:46:49.699Z,92967,337000000,537100000
2026-09-15T21:46:49.699Z,31258,11530,1225000
2026-09-15T21:46:49.699Z,32045,2402000,3970000
2026-09-15T21:46:49.699Z,45944,500100,1957000
2026-09-15T21:46:49.699Z,11459,52.01,798
2026-09-15T21:46:49.699Z,80873,85150,99500
2026-09-15T21:46:49.699Z,17406,7610000,13170000
2026-09-15T21:46:49.699Z,20821,122300,339900
2026-09-15T21:46:49.699Z,2495,266000,700000
2026-09-15T21:46:49.699Z,34802,93130000,850000000
2026-09-15T21:46:49.699Z,88530,10010,4997000
2026-09-15T21:46:49.699Z,21262,1084000,5084000
2026-09-15T21:46:49.699Z,33720,12830000,42400000
2026-09-15T21:46:49.699Z,91628,110000000,216500000
2026-09-15T21:46:49.699Z,31742,73020,140000
2026-09-15T21:46:49.699Z,27627,1940000,19640000
2026-09-15T21:46:49.699Z,55572,153900,840000
2026-09-15T21:46:49.699Z,88473,80000,989900
2026-09-15T21:46:49.699Z,31789,5000,225000
2026-09-15T21:46:49.699Z,71733,0.01,1499000000
2026-09-15T21:46:49.699Z,79948,2656000,93760000
2026-09-15T21:46:49.699Z,34162,21120,758700
2026-09-15T21:46:49.699Z,19085,2000000,3451000
2026-09-15T21:46:49.699Z,31316,0.01,3878000
2026-09-15T21:46:49.699Z,34165,15460000,28270000
2026-09-15T21:46:49.699Z,21254,2550000,5490000
2026-09-15T21:46:49.699Z,82078,70550000,144900000
2026-09-15T21:46:49.699Z,30422,5.01,189900000
2026-09-15T21:46:49.699Z,3127,552000000,629800000
2026-09-15T21:46:49.699Z,47131,15340000,20980000
2026-09-15T21:46:49.699Z,18833,607200,897900
2026-09-15T21:46:49.699Z,83315,40000,171400
2026-09-15T21:46:49.699Z,34161,29750000,80530000
2026-09-15T21:46:49.699Z,62457,602,640
2026-09-15T21:46:49.699Z,45772,121300,1759000
2026-09-15T21:46:49.699Z,42705,10010,1576000
2026-09-15T21:46:49.699Z,33581,1000000,947500000
2026-09-15T21:46:49.699Z,28974,73000,77980
2026-09-15T21:46:49.699Z,21390,25.24,295.9
2026-09-15T21:46:49.699Z,42212,194600000,207800000
2026-09-15T21:46:49.699Z,14960,155100000,444600000
2026-09-15T21:46:49.699Z,46856,5008000,24470000
2026-09-15T21:46:49.699Z,14826,870000,622900000
2026-09-15T21:46:49.699Z,37293,384400000,919300000
2026-09-15T21:46:49.699Z,23037,480.2,536.2
2026-09-15T21:46:49.699Z,84016,220000,1122000
2026-09-15T21:46:49.699Z,46911,156300,1999000
2026-09-15T21:46:49.699Z,31970,37130000,74920000
2026-09-15T21:46:49.699Z,93692,55000000,162100000
2026-09-15T21:46:49.699Z,95479,1657000000,2460000000
2026-09-15T21:46:49.699Z,33946,342300000,387700000
2026-09-15T21:46:49.699Z,46998,232200,5799000
2026-09-15T21:46:49.699Z,28276,3608000,4098000
2026-09-15T21:46:49.699Z,53199,,3900000000
2026-09-15T21:46:49.699Z,81357,855000000,1499000000
2026-09-15T21:46:49.699Z,24646,667100000,871400000
2026-09-15T21:46:49.699Z,45873,55140,599400
2026-09-15T21:46:49.699Z,55346,10000,2888000
2026-09-15T21:46:49.699Z,81360,51010000,259900000
2026-09-15T21:46:49.699Z,21242,2001000,4490000
2026-09-15T21:46:49.699Z,53905,68900000,120000000
2026-09-15T21:46:49.699Z,76958,820100000,2399000000
2026-09-15T21:46:49.699Z,46946,10010,9780000
2026-09-15T21:46:49.699Z,14082,113900,443500
2026-09-15T21:46:49.699Z,16505,93260,132400
2026-09-15T21:46:49.699Z,31508,10.01,3704000
2026-09-15T21:46:49.699Z,62473,125.6,2999
2026-09-15T21:46:49.699Z,6999,38000,81800
2026-09-15T21:46:49.699Z,32051,59030,555900
2026-09-15T21:46:49.699Z,81361,281100000,450000000
2026-09-15T21:46:49.699Z,63140,580000000,648500000
2026-09-15T21:46:49.699Z,85504,233200,3868000
2026-09-15T21:46:49.699Z,22114,3010000,12470000
2026-09-15T21:46:49.699Z,55580,2500,95000
2026-09-15T21:46:49.699Z,14409,8146000,1000000000
2026-09-15T21:46:49.699Z,16694,2004000,15850000
2026-09-15T21:46:49.699Z,47122,25580000,74870000
2026-09-15T21:46:49.699Z,15300,179200000,300000000
2026-09-15T21:46:49.699Z,33782,1000000,11700000
2026-09-15T21:46:49.699Z,91974,7691000,8990000
2026-09-15T21:46:49.699Z,44267,1.77,709.9
2026-09-15T21:46:49.699Z,82055,1000000,39900000
2026-09-15T21:46:49.699Z,21384,9.11,9.12
2026-09-15T21:46:49.699Z,3773,202,800
2026-09-15T21:46:49.699Z,55826,1707000000,1898000000
2026-09-15T21:46:49.699Z,21559,2280000,2989000
2026-09-15T21:46:49.699Z,28756,29470000,34460000
2026-09-15T21:46:49.699Z,45802,5010000,37880000
2026-09-15T21:46:49.699Z,31450,86400,1668000
2026-09-15T21:46:49.699Z,91944,1420000,11710000
2026-09-15T21:46:49.699Z,57168,1,7189000
2026-09-15T21:46:49.699Z,44900,5112000,15000000
2026-09-15T21:46:49.699Z,86112,1518000,45680000
2026-09-15T21:46:49.699Z,35062,1315,99990
2026-09-15T21:46:49.699Z,46538,,7000000000
2026-09-15T21:46:49.699Z,27236,850600,6910000
2026-09-15T21:46:49.699Z,60162,1300000,700000000
2026-09-15T21:46:49.699Z,14962,380000,489000000
2026-09-15T21:46:49.699Z,13250,15290000,17800000
2026-09-15T21:46:49.699Z,15814,210000,42800000
2026-09-15T21:46:49.699Z,7371,40000,64990
2026-09-15T21:46:49.699Z,46870,901000,5499000
2026-09-15T21:46:49.699Z,46982,332000,4176000
2026-09-15T21:46:49.699Z,81356,7204000,42100000
2026-09-15T21:46:49.699Z,3476,3913000,8892000
2026-09-15T21:46:49.699Z,15296,5414000000,8499000000
2026-09-15T21:46:49.699Z,14862,118200000,319000000
2026-09-15T21:46:49.699Z,16189,455000,953000
2026-09-15T21:46:49.699Z,83372,20000,176500
2026-09-15T21:46:49.699Z,45760,125000,1972000
2026-09-15T21:46:49.699Z,49795,100000,2000000
2026-09-15T21:46:49.699Z,54788,1200000,149800000
2026-09-15T21:46:49.699Z,28296,11210000,12480000
2026-09-15T21:46:49.699Z,82067,5501000,34800000
2026-09-15T21:46:49.699Z,53037,123300000,199900000
2026-09-15T21:46:49.699Z,85307,725800,4955000
2026-09-15T21:46:49.699Z,33565,141200000,155500000
2026-09-15T21:46:49.699Z,27776,5011000,15480000
2026-09-15T21:46:49.699Z,33955,50640000,63000000
2026-09-15T21:46:49.699Z,27638,5001000,12990000
2026-09-15T21:46:49.699Z,14504,3431000000,5498000000
2026-09-15T21:46:49.699Z,62047,920000,3000000
2026-09-15T21:46:49.699Z,31782,400000,1065000
2026-09-15T21:46:49.699Z,45507,,987600000
2026-09-15T21:46:49.699Z,43672,1283000000,2750000000
2026-09-15T21:46:49.699Z,47010,303400,4662000
2026-09-15T21:46:49.699Z,14838,831900000,1210000000
2026-09-15T21:46:49.699Z,21348,103.3,599
2026-09-15T21:46:49.699Z,82963,100000,299800
2026-09-15T21:46:49.699Z,28413,280100,2749000
2026-09-15T21:46:49.699Z,42780,220100,3198000
2026-09-15T21:46:49.699Z,27371,700.1,774.4
2026-09-15T21:46:49.699Z,80011,,7371
2026-09-15T21:46:49.699Z,85010,,4213000000
2026-09-15T21:46:49.699Z,45508,590100000,2899000000
2026-09-15T21:46:49.699Z,83368,80000,386700
2026-09-15T21:46:49.699Z,82441,61010,3996000
2026-09-15T21:46:49.699Z,52303,761200000,2400000000
2026-09-15T21:46:49.699Z,15144,2049000000,2700000000
2026-09-15T21:46:49.699Z,49721,0.02,300000000
2026-09-15T21:46:49.699Z,46905,454700,3191000
2026-09-15T21:46:49.699Z,27489,1468,1688
2026-09-15T21:46:49.699Z,11461,357,998
2026-09-15T21:46:49.699Z,15600,25970,47800
2026-09-15T21:46:49.699Z,62579,8500,10750
2026-09-15T21:46:49.699Z,27122,109300000,119900000
2026-09-15T21:46:49.699Z,4122,956200000,1800000000
2026-09-15T21:46:49.699Z,2948,1662000000,2421000000
2026-09-15T21:46:49.699Z,34737,400000000,730500000
2026-09-15T21:46:49.699Z,23121,1734,9997
2026-09-15T21:46:49.699Z,84333,200000,1980000
2026-09-15T21:46:49.699Z,45667,3022000,500000000
2026-09-15T21:46:49.699Z,48244,85260000,450000000
2026-09-15T21:46:49.699Z,47869,1116000,1285000
2026-09-15T21:46:49.699Z,83468,2959000,3100000
2026-09-15T21:46:49.699Z,23896,73410000,113200000
2026-09-15T21:46:49.699Z,25978,219200,2071000
2026-09-15T21:46:49.699Z,93696,1050000,49400000
2026-09-15T21:46:49.699Z,16213,311000000,411600000
2026-09-15T21:46:49.699Z,2287,4.24,4.64
2026-09-15T21:46:49.699Z,47549,249200,6979000
2026-09-15T21:46:49.699Z,47306,,17000000
2026-09-15T21:46:49.699Z,17254,30000,30010
2026-09-15T21:46:49.699Z,11218,10000,1250000
2026-09-15T21:46:49.699Z,55571,69.01,73000
2026-09-15T21:46:49.699Z,21336,4.29,8
2026-09-15T21:46:49.699Z,64189,25040,1148000
2026-09-15T21:46:49.699Z,46540,513400000,7374000000
2026-09-15T21:46:49.699Z,28799,506700000,632300000
2026-09-15T21:46:49.699Z,47014,2801000,13100000
2026-09-15T21:46:49.699Z,78778,2108000,7000000
2026-09-15T21:46:49.699Z,56789,0.01,5990000
2026-09-15T21:46:49.699Z,46939,0.01,879800
2026-09-15T21:46:49.699Z,54371,392300000,1491000000
2026-09-15T21:46:49.699Z,26452,75820000,81850000
2026-09-15T21:46:49.699Z,27495,1326,1702
2026-09-15T21:46:49.699Z,81010,53980000,225000000
2026-09-15T21:46:49.699Z,46831,116900,4490000
2026-09-15T21:46:49.699Z,61199,1000000,1062000
2026-09-15T21:46:49.699Z,80013,150.4,468.8
2026-09-15T21:46:49.699Z,82397,41010,7004000
2026-09-15T21:46:49.699Z,27397,10000,30790
2026-09-15T21:46:49.699Z,12005,131500000,137200000
2026-09-15T21:46:49.699Z,3469,1150000,2049000
2026-09-15T21:46:49.699Z,56613,142000000,999100000
2026-09-15T21:46:49.699Z,21216,121300,3900000
2026-09-15T21:46:49.699Z,87948,46480000,168200000
2026-09-15T21:46:49.699Z,34710,28620000,223200000
2026-09-15T21:46:49.699Z,15745,95100000,152000000
2026-09-15T21:46:49.699Z,15647,50000,50010
2026-09-15T21:46:49.699Z,15611,18630,28570
2026-09-15T21:46:49.699Z,41176,34510000,168200000
2026-09-15T21:46:49.699Z,46829,305200,4793000
2026-09-15T21:46:49.699Z,14226,1342000,7288000
2026-09-15T21:46:49.699Z,14106,38760000,47390000
2026-09-15T21:46:49.699Z,76150,42080,53000000
2026-09-15T21:46:49.699Z,15198,20030000,168000000
2026-09-15T21:46:49.699Z,34631,125700,20000000
2026-09-15T21:46:49.699Z,1197,2504,6991
2026-09-15T21:46:49.699Z,37523,0.01,2350000000
2026-09-15T21:46:49.699Z,48139,1501000,87990000
2026-09-15T21:46:49.699Z,15074,1121000,586900000
2026-09-15T21:46:49.699Z,19415,33230000,34590000
2026-09-15T21:46:49.699Z,34354,1.01,8998000
2026-09-15T21:46:49.699Z,45905,504200,5000000
2026-09-15T21:46:49.699Z,91135,50000000,250000000
2026-09-15T21:46:49.699Z,17367,164300,266500
2026-09-15T21:46:49.699Z,45849,3005000,14480000
2026-09-15T21:46:49.699Z,40348,31730000,33970000
2026-09-15T21:46:49.699Z,83358,10000,287000
2026-09-15T21:46:49.699Z,3086,33240000,75000000
2026-09-15T21:46:49.699Z,77960,201100000,850000000
2026-09-15T21:46:49.699Z,85500,512800,1381000
2026-09-15T21:46:49.699Z,12205,5001000,7442000
2026-09-15T21:46:49.699Z,23039,543.5,671
2026-09-15T21:46:49.699Z,83205,10000,8000000
2026-09-15T21:46:49.699Z,987,17950,14000000
2026-09-15T21:46:49.699Z,24314,496200000,583800000
2026-09-15T21:46:49.699Z,87469,21000000,189800000
2026-09-15T21:46:49.699Z,82181,61000000,119300000
2026-09-15T21:46:49.699Z,32087,2711000,16800000
2026-09-15T21:46:49.699Z,12301,41010000,140400000
2026-09-15T21:46:49.699Z,42582,131000000,389600000
2026-09-15T21:46:49.699Z,26070,51680,1327000
2026-09-15T21:46:49.699Z,14946,16180000000,24990000000
2026-09-15T21:46:49.699Z,11740,1890,3697
2026-09-15T21:46:49.699Z,59239,,3500000000
2026-09-15T21:46:49.699Z,34792,4105000,39950000
2026-09-15T21:46:49.699Z,31965,50800000,72580000
2026-09-15T21:46:49.699Z,55320,5169,840900
2026-09-15T21:46:49.699Z,81020,8017000,11890000
2026-09-15T21:46:49.699Z,11249,494600,649100
2026-09-15T21:46:49.699Z,19267,12100000,19970000
2026-09-15T21:46:49.699Z,57063,1000000000,2556000000
2026-09-15T21:46:49.699Z,19327,601600000,664500000
2026-09-15T21:46:49.699Z,17244,321900,844000
2026-09-15T21:46:49.699Z,11725,25010,26960
2026-09-15T21:46:49.699Z,43676,825000000,2300000000
2026-09-15T21:46:49.699Z,20423,87830,99670
2026-09-15T21:46:49.699Z,606,2001,32000
2026-09-15T21:46:49.699Z,57067,129600000,5599000000
2026-09-15T21:46:49.699Z,55511,22500000,33300000
2026-09-15T21:46:49.699Z,40505,1057000,489500000
2026-09-15T21:46:49.699Z,5245,1100,1101
2026-09-15T21:46:49.699Z,54365,275400000,498700000
2026-09-15T21:46:49.699Z,11449,9633000,14500000
2026-09-15T21:46:49.699Z,54841,23500000,39000000
2026-09-15T21:46:49.699Z,61949,15480000000,39980000000
2026-09-15T21:46:49.699Z,90605,10100,54200
2026-09-15T21:46:49.699Z,75273,8004000,100000000
2026-09-15T21:46:49.699Z,84686,1003000000,2998000000
2026-09-15T21:46:49.699Z,33281,27010,49850000
2026-09-15T21:46:49.699Z,34760,141200000,805000000
2026-09-15T21:46:49.699Z,41521,1317,48550
2026-09-15T21:46:49.699Z,27601,120100000,1189000000
2026-09-15T21:46:49.699Z,45749,17400000,34900000
2026-09-15T21:46:49.699Z,53952,289600,649600000
2026-09-15T21:46:49.699Z,49787,10000,40000000
2026-09-15T21:46:49.699Z,92021,,343500
2026-09-15T21:46:49.699Z,88785,175600000,499600000
2026-09-15T21:46:49.699Z,53645,3752000,2999000000
2026-09-15T21:46:49.699Z,36753,10580000,5000000000
2026-09-15T21:46:49.699Z,60170,1500000000,2198000000
2026-09-15T21:46:49.699Z,21498,56000000,88440000
2026-09-15T21:46:49.699Z,77175,100000000,130000000
2026-09-15T21:46:49.699Z,48758,48000000,597900000
2026-09-15T21:46:49.699Z,35770,1,39000
2026-09-15T21:46:49.699Z,24669,3025000000,5439000000
2026-09-15T21:46:49.699Z,939,10,4900000
2026-09-15T21:46:49.699Z,91965,2604000,3181000
2026-09-15T21:46:49.699Z,27641,2799000,10900000
2026-09-15T21:46:49.699Z,44264,22000,33230
2026-09-15T21:46:49.699Z,42706,100000,3579000
2026-09-15T21:46:49.699Z,48727,26750000,299900000
2026-09-15T21:46:49.699Z,31380,237600000,265900000
2026-09-15T21:46:49.699Z,6925,40000,73010
2026-09-15T21:46:49.699Z,3953,10830,239400
2026-09-15T21:46:49.699Z,29029,98000000,110000000
2026-09-15T21:46:49.699Z,31354,3001000,10340000
2026-09-15T21:46:49.699Z,2174,600800,1809000
2026-09-15T21:46:49.699Z,31682,11120,322700
2026-09-15T21:46:49.699Z,41576,234200000,303500000
2026-09-15T21:46:49.699Z,55555,500,124000
2026-09-15T21:46:49.699Z,33218,12000000,175000000
2026-09-15T21:46:49.699Z,34327,6005000,45000000
2026-09-15T21:46:49.699Z,44938,10970000,26640000
2026-09-15T21:46:49.699Z,27097,300000,830000
2026-09-15T21:46:49.699Z,55523,135000,499900
2026-09-15T21:46:49.699Z,48765,80000,148000
2026-09-15T21:46:49.699Z,95407,95000000,199300000
2026-09-15T21:46:49.699Z,24270,4019000,10900000
2026-09-15T21:46:49.699Z,26334,5909000,61570000
2026-09-15T21:46:49.699Z,48777,1.06,148000
2026-09-15T21:46:49.699Z,3408,12930000,18000000
2026-09-15T21:46:49.699Z,54746,205400000,289300000
2026-09-15T21:46:49.699Z,52190,54,20660000
2026-09-15T21:46:49.699Z,93485,38000000,100000000
2026-09-15T21:46:49.699Z,3947,66520,247800
2026-09-15T21:46:49.699Z,3135,538800000,604600000
2026-09-15T21:46:49.699Z,3252,396500000,666300000
2026-09-15T21:46:49.699Z,23083,182200,284700
2026-09-15T21:46:49.699Z,85445,233000000,474400000
2026-09-15T21:46:49.699Z,64033,1000000,1001000
2026-09-15T21:46:49.699Z,6865,30020,200000
2026-09-15T21:46:49.699Z,36908,21320000,23520000
2026-09-15T21:46:49.699Z,33712,203200,406400
2026-09-15T21:46:49.699Z,55619,0.01,69800
2026-09-15T21:46:49.699Z,84997,,638000000
2026-09-15T21:46:49.699Z,34647,5700000,57800000
2026-09-15T21:46:49.699Z,590,240800,500000
2026-09-15T21:46:49.699Z,48774,1.06,149000
2026-09-15T21:46:49.699Z,82434,20010,611500
2026-09-15T21:46:49.699Z,20211,1070000,1967000
2026-09-15T21:46:49.699Z,59329,1566000000,2812000000
2026-09-15T21:46:49.699Z,56595,1246000,10000000
2026-09-15T21:46:49.699Z,91286,2225000,8940000
2026-09-15T21:46:49.699Z,60918,500000,2981000
2026-09-15T21:46:49.699Z,31792,27700000,30200000
2026-09-15T21:46:49.699Z,88789,119800000,949800000
2026-09-15T21:46:49.699Z,9411,510200,799600
2026-09-15T21:46:49.699Z,48769,,6000000
2026-09-15T21:46:49.699Z,17235,7855,47020
2026-09-15T21:46:49.699Z,13256,15420000,16840000
2026-09-15T21:46:49.699Z,52192,1.16,750000
2026-09-15T21:46:49.699Z,27073,90070,620000
2026-09-15T21:46:49.699Z,48496,5048000,75110000
2026-09-15T21:46:49.699Z,46917,498800,6985000
2026-09-15T21:46:49.699Z,23842,1842000,25440000
2026-09-15T21:46:49.699Z,57708,25210000000,64500000000
2026-09-15T21:46:49.699Z,2047,50000,293800
2026-09-15T21:46:49.699Z,47835,21210000,29490000
2026-09-15T21:46:49.699Z,57485,1202000,6204000
2026-09-15T21:46:49.699Z,37574,902000,16900000
2026-09-15T21:46:49.699Z,3771,130.2,90400
2026-09-15T21:46:49.699Z,46980,1802000,54000000
2026-09-15T21:46:49.699Z,28288,17190000,18910000
2026-09-15T21:46:49.699Z,48772,53.09,10940000
2026-09-15T21:46:49.699Z,1810,11,14.88
2026-09-15T21:46:49.699Z,93709,85000000,119800000
2026-09-15T21:46:49.699Z,3243,,394200
2026-09-15T21:46:49.699Z,45020,155500000,352200000
2026-09-15T21:46:49.699Z,34601,200700,32990000
2026-09-15T21:46:49.699Z,25337,250000,1628000
2026-09-15T21:46:49.699Z,62651,160000000,490000000
2026-09-15T21:46:49.699Z,55550,60000,1000000
2026-09-15T21:46:49.699Z,46328,250000000,38320000000
2026-09-15T21:46:49.699Z,45948,451500,2977000
2026-09-15T21:46:49.699Z,1963,14540,51490
2026-09-15T21:46:49.699Z,55665,611800,1199000
2026-09-15T21:46:49.699Z,54164,2000000,7993000
2026-09-15T21:46:49.699Z,62221,370000000,536000000
2026-09-15T21:46:49.699Z,1969,869200,994400
2026-09-15T21:46:49.699Z,14640,751400000,1550000000
2026-09-15T21:46:49.699Z,60919,55000,2855000
2026-09-15T21:46:49.699Z,62542,372.2,473.8
2026-09-15T21:46:49.699Z,37458,9816000,13950000
2026-09-15T21:46:49.699Z,15653,16290,139300
2026-09-15T21:46:49.699Z,1202,1303,7174
2026-09-15T21:46:49.699Z,49152,100000000,9745000000
2026-09-15T21:46:49.699Z,12551,136100,426900
2026-09-15T21:46:49.699Z,45968,2561000,9989000
2026-09-15T21:46:49.699Z,84500,1000000,51000000
2026-09-15T21:46:49.699Z,84169,380100,2998000
2026-09-15T21:46:49.699Z,33040,200100,1900000
2026-09-15T21:46:49.699Z,88211,387700000,699800000
2026-09-15T21:46:49.699Z,85970,41490000,949900000
2026-09-15T21:46:49.699Z,34662,17380000,93820000
2026-09-15T21:46:49.699Z,91925,7111000,9788000
2026-09-15T21:46:49.699Z,55625,11750,432100
2026-09-15T21:46:49.699Z,47104,126800000,498500000
2026-09-15T21:46:49.699Z,29097,50050,1317000
2026-09-15T21:46:49.699Z,73869,1566000,11390000
2026-09-15T21:46:49.699Z,33217,240000,50000000
2026-09-15T21:46:49.699Z,85441,1139000,3450000
2026-09-15T21:46:49.699Z,89665,185000000,235000000
2026-09-15T21:46:49.699Z,73468,0.01,4300000
2026-09-15T21:46:49.699Z,11084,663000,1126000
2026-09-15T21:46:49.699Z,23783,128000,1249000
2026-09-15T21:46:49.699Z,14666,5128000000,10550000000
2026-09-15T21:46:49.699Z,26888,22760000,29840000
2026-09-15T21:46:49.699Z,9899,7505000,8125000
2026-09-15T21:46:49.699Z,60659,200000,1200000
2026-09-15T21:46:49.699Z,15755,100400000,135300000
2026-09-15T21:46:49.699Z,62626,66220000,76340000
2026-09-15T21:46:49.699Z,87797,570000,260000000
2026-09-15T21:46:49.699Z,41582,888000000,1048000000
2026-09-15T21:46:49.699Z,83063,20000,287900
2026-09-15T21:46:49.699Z,89693,430000000,587800000
2026-09-15T21:46:49.699Z,47362,96300000,180000000
2026-09-15T21:46:49.699Z,41485,10990000,20980000
2026-09-15T21:46:49.699Z,92819,223.2,259.8
2026-09-15T21:46:49.699Z,1228,18.75,20.6
2026-09-15T21:46:49.699Z,21248,3500,5350000
2026-09-15T21:46:49.699Z,18957,12890000,30000000
2026-09-15T21:46:49.699Z,83388,80010,1313000
2026-09-15T21:46:49.699Z,7005,34000,78360
2026-09-15T21:46:49.699Z,33362,11270,11620
2026-09-15T21:46:49.699Z,56714,237100,618400
2026-09-15T21:46:49.699Z,21733,3716000,4450000
2026-09-15T21:46:49.699Z,82586,18020000,174800000
2026-09-15T21:46:49.699Z,53038,2304000000,7463000000
2026-09-15T21:46:49.699Z,566,46510,87940
2026-09-15T21:46:49.699Z,59230,485500000,4803000000
2026-09-15T21:46:49.699Z,15150,10630000000,14280000000
2026-09-15T21:46:49.699Z,84432,202000,4000000
2026-09-15T21:46:49.699Z,40758,86830000,111800000
2026-09-15T21:46:49.699Z,19251,18850000,51980000
2026-09-15T21:46:49.699Z,55539,10000,42100
2026-09-15T21:46:49.699Z,78770,100000,1088000
2026-09-15T21:46:49.699Z,55356,500,66100
2026-09-15T21:46:49.699Z,29613,47500000,174600000
2026-09-15T21:46:49.699Z,54564,150,150.1
2026-09-15T21:46:49.699Z,55696,500,88100
2026-09-15T21:46:49.699Z,77177,29340000,474100000
2026-09-15T21:46:49.699Z,85537,347000000,671400000
2026-09-15T21:46:49.699Z,85402,4050,7273
2026-09-15T21:46:49.699Z,31784,156000,1402000
2026-09-15T21:46:49.699Z,47779,370000,1348000
2026-09-15T21:46:49.699Z,81012,349900000,690000000
2026-09-15T21:46:49.699Z,22111,39140000,44910000
2026-09-15T21:46:49.699Z,34733,6117000,28900000
2026-09-15T21:46:49.699Z,11360,1200,1329000
2026-09-15T21:46:49.699Z,57079,810.3,689400
2026-09-15T21:46:49.699Z,60313,3081000,3359000
2026-09-15T21:46:49.699Z,28438,168200,185000
2026-09-15T21:46:49.699Z,56906,0.01,490700000
2026-09-15T21:46:49.699Z,62537,185.2,185.5
2026-09-15T21:46:49.699Z,15719,3001000,9799000
2026-09-15T21:46:49.699Z,46966,45100,8998000
2026-09-15T21:46:49.699Z,55651,1000,99990
2026-09-15T21:46:49.699Z,13244,15370000,17050000
2026-09-15T21:46:49.699Z,47053,1804,2325000
2026-09-15T21:46:49.699Z,45516,570100000,697900000
2026-09-15T21:46:49.699Z,84410,1792,270000
2026-09-15T21:46:49.699Z,22875,99400000,187200000
2026-09-15T21:46:49.699Z,61183,111000000,850000000
2026-09-15T21:46:49.699Z,46990,2501000,10830000
2026-09-15T21:46:49.699Z,19323,133200000,150000000
2026-09-15T21:46:49.699Z,3359,1580,178000
2026-09-15T21:46:49.699Z,27609,624400000,1187000000
2026-09-15T21:46:49.699Z,3302,502,70000
2026-09-15T21:46:49.699Z,84676,288300000,1949000000
2026-09-15T21:46:49.699Z,45656,,13000000
2026-09-15T21:46:49.699Z,54749,832000000,1050000000
2026-09-15T21:46:49.699Z,48213,304000000,3885000000
2026-09-15T21:46:49.699Z,14734,56360000,689900000
2026-09-15T21:46:49.699Z,34033,107600000,175000000
2026-09-15T21:46:49.699Z,32919,3108000000,3796000000
2026-09-15T21:46:49.699Z,46909,804200,4398000
2026-09-15T21:46:49.699Z,46929,5214,1592000
2026-09-15T21:46:49.699Z,2268,2.42,2.76
2026-09-15T21:46:49.699Z,46558,2222,2680000000
2026-09-15T21:46:49.699Z,57078,110000,980100
2026-09-15T21:46:49.699Z,60663,212000,2189000
2026-09-15T21:46:49.699Z,23864,1780000,15840000
2026-09-15T21:46:49.699Z,23795,1912000,8488000
2026-09-15T21:46:49.699Z,42906,3600000,7000000
2026-09-15T21:46:49.699Z,21220,700000,999800
2026-09-15T21:46:49.699Z,26028,2644000,6294000
2026-09-15T21:46:49.699Z,45765,167000,2610000
2026-09-15T21:46:49.699Z,609,211100,399900
2026-09-15T21:46:49.699Z,27112,2800000,25800000
2026-09-15T21:46:49.699Z,25948,3860000,4183000
2026-09-15T21:46:49.699Z,15992,19170,19190
2026-09-15T21:46:49.699Z,46148,5993000,59000000
2026-09-15T21:46:49.699Z,18781,1086,1436000
2026-09-15T21:46:49.699Z,56280,22230,100000000
2026-09-15T21:46:49.699Z,56608,5043000,53870000
2026-09-15T21:46:49.699Z,47493,4785000,17770000
2026-09-15T21:46:49.699Z,45525,140000000,1217000000
2026-09-15T21:46:49.699Z,82185,52280000,150000000
2026-09-15T21:46:49.699Z,95527,428600000,844000000
2026-09-15T21:46:49.699Z,46002,2835000,2985000
2026-09-15T21:46:49.699Z,54949,11030,490000
2026-09-15T21:46:49.699Z,88897,2116000000,3566000000
2026-09-15T21:46:49.699Z,82174,4133000,7000000
2026-09-15T21:46:49.699Z,29993,,13000000
2026-09-15T21:46:49.699Z,78405,171300000,600000000
2026-09-15T21:46:49.699Z,91165,1320000000,3727000000
2026-09-15T21:46:49.699Z,11259,111300,6737000
2026-09-15T21:46:49.699Z,21290,250900,2900000
2026-09-15T21:46:49.699Z,20881,102700,1626000
2026-09-15T21:46:49.699Z,83261,10000,134700
2026-09-15T21:46:49.699Z,59232,319000000,10890000000
2026-09-15T21:46:49.699Z,44122,3000,624000
2026-09-15T21:46:49.699Z,62011,10850,486800
2026-09-15T21:46:49.699Z,27377,1565,1688
2026-09-15T21:46:49.699Z,45799,4608000,30000000
2026-09-15T21:46:49.699Z,87710,20350000,155000000
2026-09-15T21:46:49.699Z,54402,288400000,346000000
2026-09-15T21:46:49.699Z,85650,100100000,1000000000
2026-09-15T21:46:49.699Z,53438,2125000,2280000000
2026-09-15T21:46:49.699Z,57473,13530000,14570000
2026-09-15T21:46:49.699Z,58829,170000,299400
2026-09-15T21:46:49.699Z,46129,29000000,492600000
2026-09-15T21:46:49.699Z,19990,13.1,447.6
2026-09-15T21:46:49.699Z,21410,10,5985
2026-09-15T21:46:49.699Z,47338,52030000,77710000
2026-09-15T21:46:49.699Z,37451,1136000,1346000
2026-09-15T21:46:49.699Z,28374,9000000,1082000000
2026-09-15T21:46:49.699Z,23057,4864000,5727000
2026-09-15T21:46:49.699Z,42729,1100000,998900000
2026-09-15T21:46:49.699Z,34260,155300,998600
2026-09-15T21:46:49.699Z,76957,833000000,2400000000
2026-09-15T21:46:49.699Z,71731,51070000,404300000
2026-09-15T21:46:49.699Z,85147,12000000,16970000
2026-09-15T21:46:49.699Z,13834,17150000,21470000
2026-09-15T21:46:49.699Z,31163,26850000,29450000
2026-09-15T21:46:49.699Z,85481,654100000,1097000000
2026-09-15T21:46:49.699Z,14254,108300000,113400000
2026-09-15T21:46:49.699Z,95452,55010000,500000000
2026-09-15T21:46:49.699Z,85843,100000,979100
2026-09-15T21:46:49.699Z,85031,99170000,550000000
2026-09-15T21:46:49.699Z,37843,9236,15100
2026-09-15T21:46:49.699Z,89656,42000000,179000000
2026-09-15T21:46:49.699Z,3218,340000000,424000000
2026-09-15T21:46:49.699Z,42188,11280000,399100000
2026-09-15T21:46:49.699Z,14690,13680000000,16620000000
2026-09-15T21:46:49.699Z,9331,356000,354500
2026-09-15T21:46:49.699Z,2267,2.22,2.58
2026-09-15T21:46:49.699Z,62499,1642,10000
2026-09-15T21:46:49.699Z,2545,6752,45900
2026-09-15T21:46:49.699Z,58868,103200,8347000
2026-09-15T21:46:49.699Z,41251,80570000,92000000
2026-09-15T21:46:49.699Z,4260,804700,1244000
2026-09-15T21:46:49.699Z,59187,4082,1502000
2026-09-15T21:46:49.699Z,28326,244.6,524.8
2026-09-15T21:46:49.699Z,27407,27890,70000
2026-09-15T21:46:49.699Z,47538,1008000000,3740000000
2026-09-15T21:46:49.699Z,57113,88230000,138900000
2026-09-15T21:46:49.699Z,24515,321.4,366.8
2026-09-15T21:46:49.699Z,48366,2709000,1644000000
2026-09-15T21:46:49.699Z,14764,1161000000,1861000000
2026-09-15T21:46:49.699Z,37175,250000000,19970000000
2026-09-15T21:46:49.699Z,21551,1120000,3753000
2026-09-15T21:46:49.699Z,20633,862000,18430000
2026-09-15T21:46:49.699Z,95543,2229000,4950000
2026-09-15T21:46:49.699Z,52573,40000000,400000000
2026-09-15T21:46:49.699Z,22905,1600000,2199000
2026-09-15T21:46:49.699Z,20205,312000000,982000000
2026-09-15T21:46:49.699Z,73789,19510000,20660000
2026-09-15T21:46:49.699Z,34623,1200000,13500000
2026-09-15T21:46:49.699Z,30497,4584,5336
2026-09-15T21:46:49.699Z,18815,2790000,3889000
2026-09-15T21:46:49.699Z,52583,135000000,1290000000
2026-09-15T21:46:49.699Z,15048,251800,140000000
2026-09-15T21:46:49.699Z,44169,50180,1485000
2026-09-15T21:46:49.699Z,55306,500,243000
2026-09-15T21:46:49.699Z,44144,0.01,989900
2026-09-15T21:46:49.699Z,88777,40300,6548000
2026-09-15T21:46:49.699Z,83262,10000,245000
2026-09-15T21:46:49.699Z,43700,2151000,2539000
2026-09-15T21:46:49.699Z,78688,3878000000,5914000000
2026-09-15T21:46:49.699Z,92555,53590000,150000000
2026-09-15T21:46:49.699Z,52588,151000000,1500000000
2026-09-15T21:46:49.699Z,49986,7900,749900
2026-09-15T21:46:49.699Z,50043,473900000,900000000
2026-09-15T21:46:49.699Z,55348,500,98610
2026-09-15T21:46:49.699Z,34360,792300,2830000
2026-09-15T21:46:49.699Z,48368,405800000,1976000000
2026-09-15T21:46:49.699Z,56847,9136000,99000000
2026-09-15T21:46:49.699Z,33019,1010000,8000000
2026-09-15T21:46:49.699Z,94063,279100000,320000000
2026-09-15T21:46:49.699Z,40458,35610,6929000
2026-09-15T21:46:49.699Z,14421,10660000,300500000
2026-09-15T21:46:49.699Z,88229,157600000,455700000
2026-09-15T21:46:49.699Z,80019,1.01,2890
2026-09-15T21:46:49.699Z,14528,3500000000,4798000000
2026-09-15T21:46:49.699Z,33710,1560000,2443000
2026-09-15T21:46:49.699Z,49750,125700000,1190000000
2026-09-15T21:46:49.699Z,9093,3006,50000
2026-09-15T21:46:49.699Z,52704,300000000,1042000000
2026-09-15T21:46:49.699Z,47120,31540000,100400000
2026-09-15T21:46:49.699Z,92980,20010,32400000
2026-09-15T21:46:49.699Z,6805,20060,98970
2026-09-15T21:46:49.699Z,29065,103000,496500
2026-09-15T21:46:49.699Z,88633,180100,9000000
2026-09-15T21:46:49.699Z,93698,225000000,990000000
2026-09-15T21:46:49.699Z,50138,17000,35820
2026-09-15T21:46:49.699Z,45665,10010000,700000000
2026-09-15T21:46:49.699Z,93909,92800000,197900000
2026-09-15T21:46:49.699Z,47321,11000000,498900000
2026-09-15T21:46:49.699Z,88603,20000,99900
2026-09-15T21:46:49.699Z,617,4082000000,4703000000
2026-09-15T21:46:49.699Z,460,121200,259900
2026-09-15T21:46:49.699Z,61863,20190000,84930000
2026-09-15T21:46:49.699Z,55316,220000,986100
2026-09-15T21:46:49.699Z,45917,28000,21000000
2026-09-15T21:46:49.699Z,94056,254600000,280000000
2026-09-15T21:46:49.699Z,92990,820000,95890000
2026-09-15T21:46:49.699Z,52576,65000000,499600000
2026-09-15T21:46:49.699Z,44220,25800000,187100000
2026-09-15T21:46:49.699Z,27653,5000000,16660000
2026-09-15T21:46:49.699Z,48649,24990000,249000000
2026-09-15T21:46:49.699Z,44101,40480000,648800000
2026-09-15T21:46:49.699Z,47031,13250000,81040000
2026-09-15T21:46:49.699Z,92985,3000000,44990000
2026-09-15T21:46:49.699Z,89707,390000000,980000000
2026-09-15T21:46:49.699Z,20869,411600,1409000
2026-09-15T21:46:49.699Z,93703,44430000,58900000
2026-09-15T21:46:49.699Z,45832,1000000,64600000
2026-09-15T21:46:49.699Z,21586,770100,1785000
2026-09-15T21:46:49.699Z,34634,,220000000
2026-09-15T21:46:49.699Z,52578,100000000,999900000
2026-09-15T21:46:49.699Z,56065,3270,8400
2026-09-15T21:46:49.699Z,92799,12020000,2556000000
2026-09-15T21:46:49.699Z,17232,50060,4997000
2026-09-15T21:46:49.699Z,13966,1009000,2180000
2026-09-15T21:46:49.699Z,28750,135000000,159900000
2026-09-15T21:46:49.699Z,78822,90000000,546600000
2026-09-15T21:46:49.699Z,31121,4024000,6700000
2026-09-15T21:46:49.699Z,31267,0.02,58000000
2026-09-15T21:46:49.699Z,27150,121100000,134300000
2026-09-15T21:46:49.699Z,15256,2824000,200000000
2026-09-15T21:46:49.699Z,41487,2098000000,2490000000
2026-09-15T21:46:49.699Z,70847,270100000,444500000
2026-09-15T21:46:49.699Z,31445,,1719000
2026-09-15T21:46:49.699Z,53370,2532,621000
2026-09-15T21:46:49.699Z,92590,120000000,199800000
2026-09-15T21:46:49.699Z,31362,85200000,98450000
2026-09-15T21:46:49.699Z,53144,16000000,160000000
2026-09-15T21:46:49.699Z,14138,32010000,42700000
2026-09-15T21:46:49.699Z,61876,2000000,31370000
2026-09-15T21:46:49.699Z,55757,157000,800000
2026-09-15T21:46:49.699Z,52587,100000000,979200000
2026-09-15T21:46:49.699Z,32047,15840000,19350000
2026-09-15T21:46:49.699Z,60299,108100,497900
2026-09-15T21:46:49.699Z,48775,3.19,1497000
2026-09-15T21:46:49.699Z,31000,,2750000
2026-09-15T21:46:49.699Z,33287,330700000,351900000
2026-09-15T21:46:49.699Z,45521,200200000,450000000
2026-09-15T21:46:49.699Z,44211,550000,6289000
2026-09-15T21:46:49.699Z,21740,4751,5997
2026-09-15T21:46:49.699Z,15206,301900000,969900000
2026-09-15T21:46:49.699Z,91945,14670000,19020000
2026-09-15T21:46:49.699Z,3993,561000,995600
2026-09-15T21:46:49.699Z,31322,127400,248600
2026-09-15T21:46:49.699Z,53895,803100000,994300000
2026-09-15T21:46:49.699Z,52577,1034000,748200000
2026-09-15T21:46:49.699Z,58757,0.02,549600
2026-09-15T21:46:49.699Z,41138,12450000,247900000
2026-09-15T21:46:49.699Z,95406,40000,104000
2026-09-15T21:46:49.699Z,14820,856000,2744000000
2026-09-15T21:46:49.699Z,52582,60000000,589400000
2026-09-15T21:46:49.699Z,33223,500100,6900000
2026-09-15T21:46:49.699Z,26080,17720,378500
2026-09-15T21:46:49.699Z,82182,360500000,478900000
2026-09-15T21:46:49.699Z,26432,2548000,14770000
2026-09-15T21:46:49.699Z,62590,10910000,11580000
2026-09-15T21:46:49.699Z,22947,12480000,58330000
2026-09-15T21:46:49.699Z,28353,1002000000,3376000000
2026-09-15T21:46:49.699Z,19946,15200,47800
2026-09-15T21:46:49.699Z,17678,518.5,518.6
2026-09-15T21:46:49.699Z,87508,180100000,373000000
2026-09-15T21:46:49.699Z,45841,2024000,16000000
2026-09-15T21:46:49.699Z,88581,20000,600000
2026-09-15T21:46:49.699Z,40737,765600000,995100000
2026-09-15T21:46:49.699Z,75287,4100,4432
2026-09-15T21:46:49.699Z,40482,101000,297000000
2026-09-15T21:46:49.699Z,85847,340000,1639000
2026-09-15T21:46:49.699Z,82361,10000,74970000
2026-09-15T21:46:49.699Z,53896,83560000,119900000
2026-09-15T21:46:49.699Z,48369,300000000,2988000000
2026-09-15T21:46:49.699Z,59809,7517000,737700000
2026-09-15T21:46:49.699Z,34816,,1900000000
2026-09-15T21:46:49.699Z,14880,1019000,250000000
2026-09-15T21:46:49.699Z,90412,1503000,21880000
2026-09-15T21:46:49.699Z,27087,150000,644600
2026-09-15T21:46:49.699Z,509,9676000,18470000
2026-09-15T21:46:49.699Z,25912,269100,5941000
2026-09-15T21:46:49.699Z,46679,1810,2150
2026-09-15T21:46:49.699Z,46913,1149,3887000
2026-09-15T21:46:49.699Z,3347,5900000,6800000000
2026-09-15T21:46:49.699Z,32865,,1399000
2026-09-15T21:46:49.699Z,28654,3814000,5688000
2026-09-15T21:46:49.699Z,46356,894300,993600
2026-09-15T21:46:49.699Z,32031,11240000,15230000
2026-09-15T21:46:49.699Z,85669,119000000,259900000
2026-09-15T21:46:49.699Z,20979,12.59,1898
2026-09-15T21:46:49.699Z,46815,11040,5026000
2026-09-15T21:46:49.699Z,84127,195000000,265500000
2026-09-15T21:46:49.699Z,87954,146900000,450000000
2026-09-15T21:46:49.699Z,34594,,260000000
2026-09-15T21:46:49.699Z,3453,20.02,30000
2026-09-15T21:46:49.699Z,53846,,88530000
2026-09-15T21:46:49.699Z,15848,2815000,6488000
2026-09-15T21:46:49.699Z,41403,17040000,31500000
2026-09-15T21:46:49.699Z,48650,401300000,898800000
2026-09-15T21:46:49.699Z,52581,70000000,600000000
2026-09-15T21:46:49.699Z,3451,4600,95000
2026-09-15T21:46:49.699Z,3247,1502000,5583000
2026-09-15T21:46:49.699Z,46736,40940000,250000000
2026-09-15T21:46:49.699Z,3196,716800,5950000
2026-09-15T21:46:49.699Z,85846,4021000,5962000
2026-09-15T21:46:49.699Z,20917,11.19,52
2026-09-15T21:46:49.699Z,59337,187200000,324900000
2026-09-15T21:46:49.699Z,47064,10000,17760000
2026-09-15T21:46:49.699Z,41048,494000,473700000
2026-09-15T21:46:49.699Z,47962,2609000,158000000
2026-09-15T21:46:49.699Z,83337,20000,144700
2026-09-15T21:46:49.699Z,11433,1624000,4995000
2026-09-15T21:46:49.699Z,60572,25090000,185500000
2026-09-15T21:46:49.699Z,44906,2032000,22480000
2026-09-15T21:46:49.699Z,25546,100500000,128300000
2026-09-15T21:46:49.699Z,3455,12.01,43990
2026-09-15T21:46:49.699Z,21428,3105,9985
2026-09-15T21:46:49.699Z,34347,29970000,48100000
2026-09-15T21:46:49.699Z,29618,6790,12990
2026-09-15T21:46:49.699Z,87767,1401000,6875000
2026-09-15T21:46:49.699Z,41272,4705,10870
2026-09-15T21:46:49.699Z,88618,10000,152300
2026-09-15T21:46:49.699Z,21540,21040000,25030000
2026-09-15T21:46:49.699Z,32438,3000,7872
2026-09-15T21:46:49.699Z,14427,995000000,3143000000
2026-09-15T21:46:49.699Z,41206,7406000,7986000000
2026-09-15T21:46:49.699Z,641,147100000,156300000
2026-09-15T21:46:49.699Z,23047,953.1,2998
2026-09-15T21:46:49.699Z,12269,400000,514900
2026-09-15T21:46:49.699Z,87829,260100,1492000
2026-09-15T21:46:49.699Z,49985,166700,1499000
2026-09-15T21:46:49.699Z,45816,12010,3000000
2026-09-15T21:46:49.699Z,46751,4805000,148000000
2026-09-15T21:46:49.699Z,95416,450000,2499000
2026-09-15T21:46:49.699Z,84408,8100,8101
2026-09-15T21:46:49.699Z,26416,51120000,70990000
2026-09-15T21:46:49.699Z,1240,369200,2649000
2026-09-15T21:46:49.699Z,13776,1055000,5460000
2026-09-15T21:46:49.699Z,15166,,476000000
2026-09-15T21:46:49.699Z,45750,13080000,17000000
2026-09-15T21:46:49.699Z,33824,625800,748400
2026-09-15T21:46:49.699Z,58800,341700000,1500000000
2026-09-15T21:46:49.699Z,19031,65010000,72770000
2026-09-15T21:46:49.699Z,2301,1247000,1388000
2026-09-15T21:46:49.699Z,87703,61000,340600000
2026-09-15T21:46:49.699Z,88711,251700000,295000000
2026-09-15T21:46:49.699Z,16123,60890,334300
2026-09-15T21:46:49.699Z,46296,505,195000
2026-09-15T21:46:49.699Z,3554,1595,1990
2026-09-15T21:46:49.699Z,46801,128100,3595000
2026-09-15T21:46:49.699Z,46789,0.01,1978000
2026-09-15T21:46:49.699Z,33446,53060000,83930000
2026-09-15T21:46:49.699Z,76284,2572000,994900000
2026-09-15T21:46:49.699Z,7623,11980,30000
2026-09-15T21:46:49.699Z,41100,12170000,100000000
2026-09-15T21:46:49.699Z,22931,30220000,58280000
2026-09-15T21:46:49.699Z,82066,22560000,59260000
2026-09-15T21:46:49.699Z,21380,2562,4264
2026-09-15T21:46:49.699Z,36441,4000000,2789000000
2026-09-15T21:46:49.699Z,33399,4200000,6981000
2026-09-15T21:46:49.699Z,34616,168100000,1670000000
2026-09-15T21:46:49.699Z,20775,3495,8749
2026-09-15T21:46:49.699Z,83582,17820000,37940000
2026-09-15T21:46:49.699Z,89711,76010000,146500000
2026-09-15T21:46:49.699Z,44141,0.01,1144000
2026-09-15T21:46:49.699Z,46728,834200000,1885000000
2026-09-15T21:46:49.699Z,40733,21360000,128700000
2026-09-15T21:46:49.699Z,92952,22220,22990
2026-09-15T21:46:49.699Z,53536,20540000,148400000
2026-09-15T21:46:49.699Z,48425,259800,379900
2026-09-15T21:46:49.699Z,45908,1003000,7795000
2026-09-15T21:46:49.699Z,42747,220000,1180000
2026-09-15T21:46:49.699Z,40625,370000000,3700000000
2026-09-15T21:46:49.699Z,45953,2001000,8723000
2026-09-15T21:46:49.699Z,85023,4910000000,5995000000
2026-09-15T21:46:49.699Z,84108,750000000,1640000000
2026-09-15T21:46:49.699Z,33976,400900000,496900000
2026-09-15T21:46:49.699Z,45778,1358000,17810000
2026-09-15T21:46:49.699Z,85290,1800000,3299000
2026-09-15T21:46:49.699Z,32057,211.9,99980
2026-09-15T21:46:49.699Z,31286,,48900
2026-09-15T21:46:49.699Z,52556,9898000,1461000000
2026-09-15T21:46:49.699Z,40773,28560000,288300000
2026-09-15T21:46:49.699Z,20024,2528,63980
2026-09-15T21:46:49.699Z,43878,600800000,915000000
2026-09-15T21:46:49.699Z,31718,79060,119600
2026-09-15T21:46:49.699Z,20446,17770000,83220000
2026-09-15T21:46:49.699Z,55681,1071,77900
2026-09-15T21:46:49.699Z,35941,7010000,11810000
2026-09-15T21:46:49.699Z,82439,160000,433900
2026-09-15T21:46:49.699Z,20358,150900000,199900000
2026-09-15T21:46:49.699Z,43833,32000000,99500000
2026-09-15T21:46:49.699Z,31388,0.1,839600
2026-09-15T21:46:49.699Z,31578,160200,29990000
2026-09-15T21:46:49.699Z,37584,2725000,385000000
2026-09-15T21:46:49.699Z,93706,41410000,99000000
2026-09-15T21:46:49.699Z,14490,6247000000,12810000000
2026-09-15T21:46:49.699Z,43834,20000000,300000000
2026-09-15T21:46:49.699Z,48498,1125000,67940000
2026-09-15T21:46:49.699Z,41287,1867,9797
2026-09-15T21:46:49.699Z,26294,74310000,82710000
2026-09-15T21:46:49.699Z,82317,81.5,161
2026-09-15T21:46:49.699Z,17832,6032000,8900000
2026-09-15T21:46:49.699Z,78913,195000000,1219000000
2026-09-15T21:46:49.699Z,31632,113100,264400
2026-09-15T21:46:49.699Z,46882,50000,1249000
2026-09-15T21:46:49.699Z,48365,27660000,1289000000
2026-09-15T21:46:49.699Z,7621,25040,178900
2026-09-15T21:46:49.699Z,18752,50300,300000
2026-09-15T21:46:49.699Z,45563,1000000,208200000
2026-09-15T21:46:49.699Z,45861,27390000,43330000
2026-09-15T21:46:49.699Z,59367,802000,2400000
2026-09-15T21:46:49.699Z,53314,675600000,6550000000
2026-09-15T21:46:49.699Z,16672,82.69,89.92
2026-09-15T21:46:49.699Z,62373,355000000,2355000000
2026-09-15T21:46:49.699Z,31656,5210,64440
2026-09-15T21:46:49.699Z,31754,34610,66980
2026-09-15T21:46:49.699Z,45785,503500,3839000
2026-09-15T21:46:49.699Z,31397,10000,785000
2026-09-15T21:46:49.699Z,35841,864800000,1139000000
2026-09-15T21:46:49.699Z,48220,1105000,69490000
2026-09-15T21:46:49.699Z,60227,620500,1998000
2026-09-15T21:46:49.699Z,82316,106.8,139.4
2026-09-15T21:46:49.699Z,35926,69010000,189200000
2026-09-15T21:46:49.699Z,43893,100100000,122000000
2026-09-15T21:46:49.699Z,23007,550,994
2026-09-15T21:46:49.699Z,11453,11330000,19980000
2026-09-15T21:46:49.699Z,85692,1555000,50000000
2026-09-15T21:46:49.699Z,27383,121,245.6
2026-09-15T21:46:49.699Z,3108,194200,45000000
2026-09-15T21:46:49.699Z,45803,31000000,48200000
2026-09-15T21:46:49.699Z,76209,0.01,779100
2026-09-15T21:46:49.699Z,41276,501.1,13190
2026-09-15T21:46:49.699Z,15778,15000000,46630000
2026-09-15T21:46:49.699Z,82475,20030,2868000
2026-09-15T21:46:49.699Z,87800,226100,20000000
2026-09-15T21:46:49.699Z,14696,2051000000,2421000000
2026-09-15T21:46:49.699Z,30752,73490000,78640000
2026-09-15T21:46:49.699Z,41439,525300,692400000
2026-09-15T21:46:49.699Z,41065,41420000,99990000
2026-09-15T21:46:49.699Z,40774,2001000,33980000
2026-09-15T21:46:49.699Z,47074,82690000,120000000
2026-09-15T21:46:49.699Z,18684,148800000,164400000
2026-09-15T21:46:49.699Z,47368,5240000,48990000
2026-09-15T21:46:49.699Z,53140,25380000,98880000
2026-09-15T21:46:49.699Z,35945,10000000,29700000
2026-09-15T21:46:49.699Z,84168,380000,2345000
2026-09-15T21:46:49.699Z,56903,0.01,394900000
2026-09-15T21:46:49.699Z,3414,4620000,8856000
2026-09-15T21:46:49.699Z,20049,1.05,114.6
2026-09-15T21:46:49.699Z,58828,1398000,1400000000
2026-09-15T21:46:49.699Z,37879,10000,1788000
2026-09-15T21:46:49.699Z,94014,,3000000000
2026-09-15T21:46:49.699Z,239,1130,1131
2026-09-15T21:46:49.699Z,54306,35180000,49490000
2026-09-15T21:46:49.699Z,60167,36280000,399700000
2026-09-15T21:46:49.699Z,60166,300000000,1117000000
2026-09-15T21:46:49.699Z,85672,12590000,50000000
2026-09-15T21:46:49.699Z,83589,5070000,27500000
2026-09-15T21:46:49.699Z,48143,1000000,372900000
2026-09-15T21:46:49.699Z,88607,1000,302200
2026-09-15T21:46:49.699Z,83291,1000,48890
2026-09-15T21:46:49.699Z,47121,14130000,77640000
2026-09-15T21:46:49.699Z,11265,5018000,7922000
2026-09-15T21:46:49.699Z,89712,20540000,49700000
2026-09-15T21:46:49.699Z,40527,0.01,36000000
2026-09-15T21:46:49.699Z,59408,1140000,3698000
2026-09-15T21:46:49.699Z,57116,55480000,98800000
2026-09-15T21:46:49.699Z,45483,4000000,18750000
2026-09-15T21:46:49.699Z,15655,58730,8930000
2026-09-15T21:46:49.699Z,79953,14000000,70000000
2026-09-15T21:46:49.699Z,30839,608400,968100
2026-09-15T21:46:49.699Z,46527,91160000,449800000
2026-09-15T21:46:49.699Z,34363,6000000,54230000
2026-09-15T21:46:49.699Z,27636,2514000,35520000
2026-09-15T21:46:49.699Z,11555,27220,31670
2026-09-15T21:46:49.699Z,23526,1021000,17000000
2026-09-15T21:46:49.699Z,3287,27110000,84890000
2026-09-15T21:46:49.699Z,43757,46200000,178400000
2026-09-15T21:46:49.699Z,64594,10000000,2500000000
2026-09-15T21:46:49.699Z,60229,46750,999000
2026-09-15T21:46:49.699Z,20051,1.02,267.4
2026-09-15T21:46:49.699Z,85008,170700000,1343000000
2026-09-15T21:46:49.699Z,83470,2205000,2387000
2026-09-15T21:46:49.699Z,54403,296000000,449400000
2026-09-15T21:46:49.699Z,19550,106700000,119100000
2026-09-15T21:46:49.699Z,88650,80010,3416000
2026-09-15T21:46:49.699Z,82345,200100,14990000
2026-09-15T21:46:49.699Z,31306,11730000,15550000
2026-09-15T21:46:49.699Z,17670,,1495
2026-09-15T21:46:49.699Z,14732,,68000000
2026-09-15T21:46:49.699Z,46221,22000,1634000
2026-09-15T21:46:49.699Z,84962,8592000000,12300000000
2026-09-15T21:46:49.699Z,44918,1000,27900000
2026-09-15T21:46:49.699Z,34050,173100000,1299000000
2026-09-15T21:46:49.699Z,18696,313700000,339200000
2026-09-15T21:46:49.699Z,45009,115200000,130000000
2026-09-15T21:46:49.699Z,84341,250100,1486000
2026-09-15T21:46:49.699Z,82303,294.2,387.2
2026-09-15T21:46:49.699Z,82308,900,1028
2026-09-15T21:46:49.699Z,82309,807.7,1095
2026-09-15T21:46:49.699Z,16069,1223,66730
2026-09-15T21:46:49.699Z,14078,52120,248700
2026-09-15T21:46:49.699Z,78779,303100,449700
2026-09-15T21:46:49.699Z,3312,2471,44900
2026-09-15T21:46:49.699Z,11536,16040,18430
2026-09-15T21:46:49.699Z,45919,18250000,69990000
2026-09-15T21:46:49.699Z,53373,1002000,3593000
2026-09-15T21:46:49.699Z,15622,18830,480000
2026-09-15T21:46:49.699Z,3438,25540,50000
2026-09-15T21:46:49.699Z,49645,550000,1332000
2026-09-15T21:46:49.699Z,34396,5749000,6033000
2026-09-15T21:46:49.699Z,28684,901800,1370000
2026-09-15T21:46:49.699Z,46355,215800,365900
2026-09-15T21:46:49.699Z,31744,0.01,4999000
2026-09-15T21:46:49.699Z,47293,1413000,985600000
2026-09-15T21:46:49.699Z,64268,54140000,117300000
2026-09-15T21:46:49.699Z,87782,40000,109800
2026-09-15T21:46:49.699Z,91021,205,1480000
2026-09-15T21:46:49.699Z,2021,,29970000
2026-09-15T21:46:49.699Z,11217,50000,148000
2026-09-15T21:46:49.699Z,61198,111200,499500
2026-09-15T21:46:49.699Z,15006,2468000,240900000
2026-09-15T21:46:49.699Z,95540,432400,2199000
2026-09-15T21:46:49.699Z,15058,700500,275000000
2026-09-15T21:46:49.699Z,31277,10000,785000
2026-09-15T21:46:49.699Z,12733,102400000,107400000
2026-09-15T21:46:49.699Z,36395,,3000000000
2026-09-15T21:46:49.699Z,62381,95560,104800
2026-09-15T21:46:49.699Z,92991,3400000,9900000
2026-09-15T21:46:49.699Z,23021,76,374.5
2026-09-15T21:46:49.699Z,43826,878800,950000000
2026-09-15T21:46:49.699Z,53024,9504000000,23420000000
2026-09-15T21:46:49.699Z,15643,725500,1946000
2026-09-15T21:46:49.699Z,49147,754200000,1598000000
2026-09-15T21:46:49.699Z,1548,,1552000
2026-09-15T21:46:49.699Z,14972,300000,150000000
2026-09-15T21:46:49.699Z,82074,5905000,42690000
2026-09-15T21:46:49.699Z,90885,600400000,1099000000
2026-09-15T21:46:49.699Z,19243,150000,398900
2026-09-15T21:46:49.699Z,3201,190800000,398600000
2026-09-15T21:46:49.699Z,33733,620100000,1108000000
2026-09-15T21:46:49.699Z,2863,26040000,29910000
2026-09-15T21:46:49.699Z,15945,50140000,74170000
2026-09-15T21:46:49.699Z,61206,50220,547100
2026-09-15T21:46:49.699Z,41417,1327000000,1543000000
2026-09-15T21:46:49.699Z,27103,100000,288900
2026-09-15T21:46:49.699Z,43756,81020000,109500000
2026-09-15T21:46:49.699Z,88475,160000,3393000
2026-09-15T21:46:49.699Z,45973,4000000,11090000
2026-09-15T21:46:49.699Z,52705,300100000,1442000000
2026-09-15T21:46:49.699Z,11548,101200,108900
2026-09-15T21:46:49.699Z,55642,10000,64000
2026-09-15T21:46:49.699Z,33744,143200000,377900000
2026-09-15T21:46:49.699Z,28797,123100000,153400000
2026-09-15T21:46:49.699Z,43658,134900000,181800000
2026-09-15T21:46:49.699Z,14510,2267000,2997000000
2026-09-15T21:46:49.699Z,21278,11060000,15240000
2026-09-15T21:46:49.699Z,16263,159000,159100
2026-09-15T21:46:49.699Z,21282,5013000,12650000
2026-09-15T21:46:49.699Z,44923,3094000,18840000
2026-09-15T21:46:49.699Z,52426,185700000,1870000000
2026-09-15T21:46:49.699Z,82374,40000,95850
2026-09-15T21:46:49.699Z,15314,518500000,1200000000
2026-09-15T21:46:49.699Z,88720,370100000,441500000
2026-09-15T21:46:49.699Z,900,5009,2540000
2026-09-15T21:46:49.699Z,46146,10080000,54900000
2026-09-15T21:46:49.699Z,22909,975300,9983000
2026-09-15T21:46:49.699Z,14964,1032000000,2556000000
2026-09-15T21:46:49.699Z,47507,23460,2880000
2026-09-15T21:46:49.699Z,20433,50000,175000
2026-09-15T21:46:49.699Z,90615,166700,6659000
2026-09-15T21:46:49.699Z,3431,501.1,128800
2026-09-15T21:46:49.699Z,46931,10510,3996000
2026-09-15T21:46:49.699Z,3987,553400,722500
2026-09-15T21:46:49.699Z,43921,991600000,1497000000
2026-09-15T21:46:49.699Z,89241,25390,118400
2026-09-15T21:46:49.699Z,76955,300000000,2900000000
2026-09-15T21:46:49.699Z,19723,1216000000,1942000000
2026-09-15T21:46:49.699Z,57170,515000,10480000
2026-09-15T21:46:49.699Z,4401,6229000,10260000
2026-09-15T21:46:49.699Z,23147,11000,61250
2026-09-15T21:46:49.699Z,46941,410400,4987000
2026-09-15T21:46:49.699Z,47823,405000,988800
2026-09-15T21:46:49.699Z,55614,1,224700
2026-09-15T21:46:49.699Z,35892,756100000,1000000000
2026-09-15T21:46:49.699Z,37815,149400000,422400000
2026-09-15T21:46:49.699Z,48181,13340000,2000000000
2026-09-15T21:46:49.699Z,3368,10000,59990
2026-09-15T21:46:49.699Z,91987,240000,1033000
2026-09-15T21:46:49.699Z,17266,2321000,2980000
2026-09-15T21:46:49.699Z,12215,5034000,7696000
2026-09-15T21:46:49.699Z,56866,86360000,199000000
2026-09-15T21:46:49.699Z,90637,1000,179600
2026-09-15T21:46:49.699Z,14728,206700000,950900000
2026-09-15T21:46:49.699Z,42736,30000000,176700000
2026-09-15T21:46:49.699Z,63857,1033,148400
2026-09-15T21:46:49.699Z,78920,63620000,950400000
2026-09-15T21:46:49.699Z,3477,72310000,97770000
2026-09-15T21:46:49.699Z,12203,4695000,9997000
2026-09-15T21:46:49.699Z,34620,225100000,1249000000
2026-09-15T21:46:49.699Z,47920,252300,8712000
2026-09-15T21:46:49.699Z,27790,314200000,1424000000
2026-09-15T21:46:49.699Z,32933,812300000,1699000000
2026-09-15T21:46:49.699Z,34695,100000000,998000000
2026-09-15T21:46:49.699Z,14714,804800000,1195000000
2026-09-15T21:46:49.699Z,58863,100000,14000000
2026-09-15T21:46:49.699Z,47118,8340000,13990000
2026-09-15T21:46:49.699Z,33579,26060000,175000000
2026-09-15T21:46:49.699Z,22765,118100,204900
2026-09-15T21:46:49.699Z,3576,34370,127800
2026-09-15T21:46:49.699Z,20757,75,286.6
2026-09-15T21:46:49.699Z,47700,84260000,101000000
2026-09-15T21:46:49.699Z,47737,683700,699800
2026-09-15T21:46:49.699Z,26930,,5999000
2026-09-15T21:46:49.699Z,62382,80050,84480
2026-09-15T21:46:49.699Z,63201,70000000,800000000
2026-09-15T21:46:49.699Z,45885,285500,9996000
2026-09-15T21:46:49.699Z,42196,1500000,3495000
2026-09-15T21:46:49.699Z,60578,5020000,1500000000
2026-09-15T21:46:49.699Z,27652,6000000,44160000
2026-09-15T21:46:49.699Z,77399,147200000,212600000
2026-09-15T21:46:49.699Z,33456,123000000,2189000000
2026-09-15T21:46:49.699Z,45962,115000,7996000
2026-09-15T21:46:49.699Z,3806,6614,40900
2026-09-15T21:46:49.699Z,94034,38790000,46980000
2026-09-15T21:46:49.699Z,3719,2501,2502
2026-09-15T21:46:49.699Z,46981,1203000,4900000
2026-09-15T21:46:49.699Z,13879,8175000,23090000
2026-09-15T21:46:49.699Z,16052,1306000,7890000
2026-09-15T21:46:49.699Z,48164,53760000,2400000000
2026-09-15T21:46:49.699Z,37217,224000000,499700000
2026-09-15T21:46:49.699Z,96040,4026000000,14990000000
2026-09-15T21:46:49.699Z,37798,500000,5244000
2026-09-15T21:46:49.699Z,15070,503000,200000000
2026-09-15T21:46:49.699Z,3437,1005,58900
2026-09-15T21:46:49.699Z,26086,5920000,6564000
2026-09-15T21:46:49.699Z,31043,52110000,393600000
2026-09-15T21:46:49.699Z,47364,41100000,80000000
2026-09-15T21:46:49.699Z,27125,601,499900
2026-09-15T21:46:49.699Z,46531,100000000,3780000000
2026-09-15T21:46:49.699Z,43779,6124000,9600000
2026-09-15T21:46:49.699Z,47772,1575000,1900000
2026-09-15T21:46:49.699Z,27232,202500,57990000
2026-09-15T21:46:49.699Z,30187,18010000,22980000
2026-09-15T21:46:49.699Z,82349,1000,598200
2026-09-15T21:46:49.699Z,8579,7005,13740
2026-09-15T21:46:49.699Z,3981,582300,892900
2026-09-15T21:46:49.699Z,46796,19.07,3290000
2026-09-15T21:46:49.699Z,15838,24930,7900000
2026-09-15T21:46:49.699Z,43763,50340,4440000
2026-09-15T21:46:49.699Z,56932,,470900000
2026-09-15T21:46:49.699Z,62539,,230
2026-09-15T21:46:49.699Z,21018,330200000,1356000000
2026-09-15T21:46:49.699Z,62472,231.2,2800
2026-09-15T21:46:49.699Z,56712,100000,18820000
2026-09-15T21:46:49.699Z,88173,,5000
2026-09-15T21:46:49.699Z,7253,15500,100000
2026-09-15T21:46:49.699Z,14744,20000000,1378000000
2026-09-15T21:46:49.699Z,59633,30710000,66860000
2026-09-15T21:46:49.699Z,85154,10000,395800
2026-09-15T21:46:49.699Z,31482,200000,120000000
2026-09-15T21:46:49.699Z,23416,175400000,199300000
2026-09-15T21:46:49.699Z,44213,1800000,15600000
2026-09-15T21:46:49.699Z,19998,1.02,20
2026-09-15T21:46:49.699Z,15288,3065000000,3443000000
2026-09-15T21:46:49.699Z,36787,110000000,1100000000
2026-09-15T21:46:49.699Z,26254,2100,70000
2026-09-15T21:46:49.699Z,79714,369300,9083000
2026-09-15T21:46:49.699Z,3299,513200000,641100000
2026-09-15T21:46:49.699Z,82344,720000,2000000
2026-09-15T21:46:49.699Z,49824,5500000,6000000000
2026-09-15T21:46:49.699Z,14874,1018000,249500000
2026-09-15T21:46:49.699Z,3663,80740,499700
2026-09-15T21:46:49.699Z,14429,2260000,1692000000
2026-09-15T21:46:49.699Z,20789,111.9,1485
2026-09-15T21:46:49.699Z,3426,502.9,18740
2026-09-15T21:46:49.699Z,33298,33670000,378300000
2026-09-15T21:46:49.699Z,13251,13630000,16990000
2026-09-15T21:46:49.699Z,3766,226900,320000
2026-09-15T21:46:49.699Z,47309,4205000,68500000
2026-09-15T21:46:49.699Z,83301,10000,574200
2026-09-15T21:46:49.699Z,45565,0.01,148700000
2026-09-15T21:46:49.699Z,15599,50260,75000
2026-09-15T21:46:49.699Z,36670,10440000,85000000
2026-09-15T21:46:49.699Z,34748,1011000,6000000
2026-09-15T21:46:49.699Z,24473,23.25,74.98
2026-09-15T21:46:49.699Z,85535,107300,4400000
2026-09-15T21:46:49.699Z,40667,11570000,69610000
2026-09-15T21:46:49.699Z,23107,815500,997800
2026-09-15T21:46:49.699Z,41320,1191,2394
2026-09-15T21:46:49.699Z,52681,45160000,66720000
2026-09-15T21:46:49.699Z,53343,50,95.99
2026-09-15T21:46:49.699Z,27128,40000,100000000
2026-09-15T21:46:49.699Z,42743,28010,1885000
2026-09-15T21:46:49.699Z,78771,200000,989900
2026-09-15T21:46:49.699Z,85727,,4898000
2026-09-15T21:46:49.699Z,85673,420800000,526500000
2026-09-15T21:46:49.699Z,20,500.9,540
2026-09-15T21:46:49.699Z,56958,350500000,500000000
2026-09-15T21:46:49.699Z,84973,2157000000,3842000000
2026-09-15T21:46:49.699Z,85642,14470000,27880000
2026-09-15T21:46:49.699Z,94058,1021000,34800000
2026-09-15T21:46:49.699Z,27124,97040000,120500000
2026-09-15T21:46:49.699Z,81120,600500000,954000000
2026-09-15T21:46:49.699Z,37849,2311000,3075000
2026-09-15T21:46:49.699Z,26902,1003000,2534000
2026-09-15T21:46:49.699Z,85507,131300000,219500000
2026-09-15T21:46:49.699Z,85406,3400000,4445000
2026-09-15T21:46:49.699Z,85674,34000000,498800000
2026-09-15T21:46:49.699Z,46985,2230000,9000000
2026-09-15T21:46:49.699Z,85520,282700,4996000
2026-09-15T21:46:49.699Z,10836,25180,38510
2026-09-15T21:46:49.699Z,52919,259100000,325000000
2026-09-15T21:46:49.699Z,90643,40000,750000
2026-09-15T21:46:49.699Z,33681,196600000,212900000
2026-09-15T21:46:49.699Z,52299,811000,4529000
2026-09-15T21:46:49.699Z,54431,200000000,5199000000
2026-09-15T21:46:49.699Z,40357,121100000,130700000
2026-09-15T21:46:49.699Z,31448,960000,1011000
2026-09-15T21:46:49.699Z,11464,62.09,478
2026-09-15T21:46:49.699Z,41419,104600000,850000000
2026-09-15T21:46:49.699Z,14520,1452000000,2177000000
2026-09-15T21:46:49.699Z,569,47610,238000
2026-09-15T21:46:49.699Z,59179,46040,1000000
2026-09-15T21:46:49.699Z,14842,1352000000,3627000000
2026-09-15T21:46:49.699Z,28440,616700,744800
2026-09-15T21:46:49.699Z,85134,20000,999900
2026-09-15T21:46:49.699Z,21857,164,4996
2026-09-15T21:46:49.699Z,33098,1952000,3500000
2026-09-15T21:46:49.699Z,15701,100.1,899900
2026-09-15T21:46:49.699Z,41519,1500,9033
2026-09-15T21:46:49.699Z,20020,4502,37380
2026-09-15T21:46:49.699Z,77873,3100000,33980000
2026-09-15T21:46:49.699Z,52427,124200000,1000000000
2026-09-15T21:46:49.699Z,44940,5134000,24910000
2026-09-15T21:46:49.699Z,88600,1000000,10000000
2026-09-15T21:46:49.699Z,88684,18000000,44830000
2026-09-15T21:46:49.699Z,14393,251600,372300000
2026-09-15T21:46:49.699Z,61210,167100,299600
2026-09-15T21:46:49.699Z,73840,300000,300100
2026-09-15T21:46:49.699Z,41313,,198000000
2026-09-15T21:46:49.699Z,84741,232100000,619500000
2026-09-15T21:46:49.699Z,34698,6000000,87870000
2026-09-15T21:46:49.699Z,55517,50000,4318000
2026-09-15T21:46:49.699Z,84119,110300000,139300000
2026-09-15T21:46:49.699Z,45780,321400,17140000
2026-09-15T21:46:49.699Z,33026,50000,6800000
2026-09-15T21:46:49.699Z,60436,4801,595700
2026-09-15T21:46:49.699Z,55569,569.1,109500
2026-09-15T21:46:49.699Z,3292,63260000,113000000
2026-09-15T21:46:49.699Z,3097,30100000,99990000
2026-09-15T21:46:49.699Z,33818,220000000,228800000
2026-09-15T21:46:49.699Z,16447,14080,62000
2026-09-15T21:46:49.699Z,53491,575000,8489000
2026-09-15T21:46:49.699Z,84690,222700000,3799000000
2026-09-15T21:46:49.699Z,45557,2000000,4986000
2026-09-15T21:46:49.699Z,3291,1197000,7463000
2026-09-15T21:46:49.699Z,6921,40000,52990
2026-09-15T21:46:49.699Z,34645,75000000,2499000000
2026-09-15T21:46:49.699Z,36448,2300000,31200000
2026-09-15T21:46:49.699Z,24575,,17500000000
2026-09-15T21:46:49.699Z,46025,1000000,415800000
2026-09-15T21:46:49.699Z,93663,340000000,880100000
2026-09-15T21:46:49.699Z,42593,41000000,199600000
2026-09-15T21:46:49.699Z,7539,658.2,4500
2026-09-15T21:46:49.699Z,36424,223900,8371000
2026-09-15T21:46:49.699Z,47334,80470000,110100000
2026-09-15T21:46:49.699Z,19419,74360000,77800000
2026-09-15T21:46:49.699Z,15877,2306000,69100000
2026-09-15T21:46:49.699Z,88786,,1200000000
2026-09-15T21:46:49.699Z,18969,59780000,74710000
2026-09-15T21:46:49.699Z,37218,110300000,113000000
2026-09-15T21:46:49.699Z,32120,1912000,9899000
2026-09-15T21:46:49.699Z,34178,18600000,60000000
2026-09-15T21:46:49.699Z,92970,276100000,355600000
2026-09-15T21:46:49.699Z,25341,122000,299500
2026-09-15T21:46:49.699Z,583,362200,410000
2026-09-15T21:46:49.699Z,13829,22440000,29590000
2026-09-15T21:46:49.699Z,90415,1107000,4290000
2026-09-15T21:46:49.699Z,90281,0.03,60000000
2026-09-15T21:46:49.699Z,34329,319900000,1950000000
2026-09-15T21:46:49.699Z,18700,70540000,132000000
2026-09-15T21:46:49.699Z,55570,10000,426700
2026-09-15T21:46:49.699Z,40480,0.01,2500000000
2026-09-15T21:46:49.699Z,60197,16100000,99960000
2026-09-15T21:46:49.699Z,3228,3183000,6813000
2026-09-15T21:46:49.699Z,14554,710600000,1000000000
2026-09-15T21:46:49.699Z,47762,9462,19030
2026-09-15T21:46:49.699Z,3436,109,30000
2026-09-15T21:46:49.699Z,36506,70720,1354000
2026-09-15T21:46:49.699Z,74152,2124000,11980000
2026-09-15T21:46:49.699Z,45918,15940000,55740000
2026-09-15T21:46:49.699Z,90276,0.03,60000000
2026-09-15T21:46:49.699Z,3206,1832000,5987000
2026-09-15T21:46:49.699Z,23829,18610000,25500000
2026-09-15T21:46:49.699Z,17256,5000,120000
2026-09-15T21:46:49.699Z,45893,104100,4985000
2026-09-15T21:46:49.699Z,15850,558400,27000000
2026-09-15T21:46:49.699Z,45480,316200000,7451000000
2026-09-15T21:46:49.699Z,11738,5001,20090
2026-09-15T21:46:49.699Z,53964,130200000,999900000
2026-09-15T21:46:49.699Z,81121,2212000,4906000
2026-09-15T21:46:49.699Z,17290,501800,11510000
2026-09-15T21:46:49.699Z,23157,200000,1325000
2026-09-15T21:46:49.699Z,48747,132800000,147700000
2026-09-15T21:46:49.699Z,87772,280000000,699900000
2026-09-15T21:46:49.699Z,15852,30020000,59860000
2026-09-15T21:46:49.699Z,74536,2500,6224
2026-09-15T21:46:49.699Z,12550,760.6,7310
2026-09-15T21:46:49.699Z,17770,100000,5999000
2026-09-15T21:46:49.699Z,33407,33130000,38000000
2026-09-15T21:46:49.699Z,42587,111000000,256200000
2026-09-15T21:46:49.699Z,40503,,499900000
2026-09-15T21:46:49.699Z,55593,5000,18000
2026-09-15T21:46:49.699Z,15331,951.6,951.7
2026-09-15T21:46:49.699Z,26346,500000,4985000
2026-09-15T21:46:49.699Z,76169,1007,4700000
2026-09-15T21:46:49.699Z,73455,50010000,97780000
2026-09-15T21:46:49.699Z,45961,21050,1808000
2026-09-15T21:46:49.699Z,41128,15100000,149700000
2026-09-15T21:46:49.699Z,4142,110000,9988000
2026-09-15T21:46:49.699Z,490,96190,119900
2026-09-15T21:46:49.699Z,54194,92080,123500000
2026-09-15T21:46:49.699Z,495,210100,1665000
2026-09-15T21:46:49.699Z,94158,500000,2383000
2026-09-15T21:46:49.699Z,85446,277100000,644000000
2026-09-15T21:46:49.699Z,44109,400300,1918000
2026-09-15T21:46:49.699Z,61861,80850,6000000
2026-09-15T21:46:49.699Z,4167,40440000,109800000
2026-09-15T21:46:49.699Z,62649,51000,6498000
2026-09-15T21:46:49.699Z,84965,7051000000,8447000000
2026-09-15T21:46:49.699Z,54404,64360000,85740000
2026-09-15T21:46:49.699Z,28772,50760000,99000000
2026-09-15T21:46:49.699Z,46887,0.02,499700
2026-09-15T21:46:49.699Z,19259,1306000,5800000
2026-09-15T21:46:49.699Z,34642,20000000,246400000
2026-09-15T21:46:49.699Z,25331,47030,65000
2026-09-15T21:46:49.699Z,17368,2025000,2590000
2026-09-15T21:46:49.699Z,73399,6002000,9000000
2026-09-15T21:46:49.699Z,15218,534900000,799900000
2026-09-15T21:46:49.699Z,27088,100500,239900
2026-09-15T21:46:49.699Z,34556,779200,689900000
2026-09-15T21:46:49.699Z,3470,503600000,631700000
2026-09-15T21:46:49.699Z,47767,1501000,2280000
2026-09-15T21:46:49.699Z,58885,303500,1999000
2026-09-15T21:46:49.699Z,48767,3.16,14550000
2026-09-15T21:46:49.699Z,82300,224.9,315.8
2026-09-15T21:46:49.699Z,31528,1136000,1449000
2026-09-15T21:46:49.699Z,48768,,999800
2026-09-15T21:46:49.699Z,84082,,101000000
2026-09-15T21:46:49.699Z,19692,102500000,129000000
2026-09-15T21:46:49.699Z,43790,126900,2000000
2026-09-15T21:46:49.699Z,56594,10000000,9976000000
2026-09-15T21:46:49.699Z,75276,18.02,25.99
2026-09-15T21:46:49.699Z,27099,500100,730300
2026-09-15T21:46:49.699Z,62592,1.05,100000000
2026-09-15T21:46:49.699Z,62593,,260000000
2026-09-15T21:46:49.699Z,91280,10950000,40000000
2026-09-15T21:46:49.699Z,11289,3600,7200
2026-09-15T21:46:49.699Z,55546,10000,242100
2026-09-15T21:46:49.699Z,35074,322.6,322.7
2026-09-15T21:46:49.699Z,21022,,1422000000
2026-09-15T21:46:49.699Z,62471,901.1,1990
2026-09-15T21:46:49.699Z,33021,290100,68950000
2026-09-15T21:46:49.699Z,21012,,1530000000
2026-09-15T21:46:49.699Z,62508,11300,15980
2026-09-15T21:46:49.699Z,17297,201000,42990000
2026-09-15T21:46:49.699Z,16120,6044,31270
2026-09-15T21:46:49.699Z,14461,1519000,800000000
2026-09-15T21:46:49.699Z,15659,1216,467700
2026-09-15T21:46:49.699Z,17477,1000000000,2157000000
2026-09-15T21:46:49.699Z,32043,780300,1264000
2026-09-15T21:46:49.699Z,27335,3800,8997
2026-09-15T21:46:49.699Z,62507,9842,13960
2026-09-15T21:46:49.699Z,24574,80030000,122000000
2026-09-15T21:46:49.699Z,17481,6259000,1513000000
2026-09-15T21:46:49.699Z,78923,57200000,233900000
2026-09-15T21:46:49.699Z,73873,0.06,9199000
2026-09-15T21:46:49.699Z,95458,28600000,259700000
2026-09-15T21:46:49.699Z,55664,143300,1060000
2026-09-15T21:46:49.699Z,91961,46840000,68370000
2026-09-15T21:46:49.699Z,24656,455300000,855200000
2026-09-15T21:46:49.699Z,95647,109000,1190000
2026-09-15T21:46:49.699Z,20639,4625000,5932000
2026-09-15T21:46:49.699Z,27119,256000,720000
2026-09-15T21:46:49.699Z,63031,300000,1189000
2026-09-15T21:46:49.699Z,47008,2007000,14980000
2026-09-15T21:46:49.699Z,48928,,3000000000
2026-09-15T21:46:49.699Z,31671,9999,800000
2026-09-15T21:46:49.699Z,21330,7.74,189.6
2026-09-15T21:46:49.699Z,37884,90000,4032000
2026-09-15T21:46:49.699Z,73453,41000000,117900000
2026-09-15T21:46:49.699Z,16179,262.3,250000
2026-09-15T21:46:49.699Z,84172,160000,1141000
2026-09-15T21:46:49.699Z,28737,39110000,63100000
2026-09-15T21:46:49.699Z,17403,200000,5589000
2026-09-15T21:46:49.699Z,32435,8538000,18000000
2026-09-15T21:46:49.699Z,56210,71700000,179900000
2026-09-15T21:46:49.699Z,19416,40150000,41750000
2026-09-15T21:46:49.699Z,52788,71460000,109900000
2026-09-15T21:46:49.699Z,16247,80010000,89760000
2026-09-15T21:46:49.699Z,14274,27750,70930
2026-09-15T21:46:49.699Z,3424,1500,48660
2026-09-15T21:46:49.699Z,27912,1476000,1570000
2026-09-15T21:46:49.699Z,56891,90270000,349500000
2026-09-15T21:46:49.699Z,63683,11750000,388000000
2026-09-15T21:46:49.699Z,14778,780500000,1407000000
2026-09-15T21:46:49.699Z,46167,,11000000
2026-09-15T21:46:49.699Z,63705,65000000,95010000
2026-09-15T21:46:49.699Z,524,20280,86590
2026-09-15T21:46:49.699Z,34776,100,4500000
2026-09-15T21:46:49.699Z,42214,533600000,610800000
2026-09-15T21:46:49.699Z,33029,511000,10000000
2026-09-15T21:46:49.699Z,2188,5211,13350
2026-09-15T21:46:49.699Z,47072,32450000,64940000
2026-09-15T21:46:49.699Z,26352,,9390000
2026-09-15T21:46:49.699Z,45640,25000000,396000000
2026-09-15T21:46:49.699Z,31750,70000,62410000
2026-09-15T21:46:49.699Z,47747,3418000,6844000
2026-09-15T21:46:49.699Z,63689,12000000,950000000
2026-09-15T21:46:49.699Z,91916,1535000,2583000
2026-09-15T21:46:49.699Z,15617,217.8,18330
2026-09-15T21:46:49.699Z,21889,42160000,45270000
2026-09-15T21:46:49.699Z,19970,1.04,1.05
2026-09-15T21:46:49.699Z,82380,10000,890000
2026-09-15T21:46:49.699Z,34365,3600000,18230000
2026-09-15T21:46:49.699Z,63692,9122000,434600000
2026-09-15T21:46:49.699Z,14759,1100000000,1590000000
2026-09-15T21:46:49.699Z,31598,185200,228200
2026-09-15T21:46:49.699Z,25338,456000,739800
2026-09-15T21:46:49.699Z,25242,85000,95000
2026-09-15T21:46:49.699Z,25330,58470,154000
2026-09-15T21:46:49.699Z,25342,852000,3485000
2026-09-15T21:46:49.699Z,12238,20000000,98540000
2026-09-15T21:46:49.699Z,3429,500.2,134900
2026-09-15T21:46:49.699Z,90123,504800000,698700000
2026-09-15T21:46:49.699Z,87308,130200000,466900000
2026-09-15T21:46:49.699Z,15210,25000000000,109900000000
2026-09-15T21:46:49.699Z,86115,6112000,19390000
2026-09-15T21:46:49.699Z,52776,5010000,3750000000
2026-09-15T21:46:49.699Z,85736,51070000,399900000
2026-09-15T21:46:49.699Z,16264,178100,178400
2026-09-15T21:46:49.699Z,3151,80000000,593200000
2026-09-15T21:46:49.699Z,27577,2000000,18000000
2026-09-15T21:46:49.699Z,36650,10260000,68890000
2026-09-15T21:46:49.699Z,40632,409200000,479800000
2026-09-15T21:46:49.699Z,580,7882,54520
2026-09-15T21:46:49.699Z,57208,11010000,20310000
2026-09-15T21:46:49.699Z,22115,11440000,15000000
2026-09-15T21:46:49.699Z,85149,48270000,69920000
2026-09-15T21:46:49.699Z,34427,302300,669000
2026-09-15T21:46:49.699Z,27788,565300000,1000000000
2026-09-15T21:46:49.699Z,78823,13500000,99630000
2026-09-15T21:46:49.699Z,93729,31070000,77020000
2026-09-15T21:46:49.699Z,52922,564700000,816700000
2026-09-15T21:46:49.699Z,45481,28710000,12500000000
2026-09-15T21:46:49.699Z,3183,551000000,671000000
2026-09-15T21:46:49.699Z,42653,451600000,847800000
2026-09-15T21:46:49.699Z,42595,21000000,109700000
2026-09-15T21:46:49.699Z,42543,11000000,88000000
2026-09-15T21:46:49.699Z,42556,11000000,359900000
2026-09-15T21:46:49.699Z,42579,51000000,199900000
2026-09-15T21:46:49.699Z,42597,41010000,119700000
2026-09-15T21:46:49.699Z,42599,81000000,309700000
2026-09-15T21:46:49.699Z,42548,51000000,499900000
2026-09-15T21:46:49.699Z,23168,181500,999500
2026-09-15T21:46:49.699Z,45790,427500,6000000
2026-09-15T21:46:49.699Z,17488,22180000,26670000
2026-09-15T21:46:49.699Z,43876,358800000,383000000
2026-09-15T21:46:49.699Z,47160,810000000,1497000000
2026-09-15T21:46:49.699Z,28367,146000,430000
2026-09-15T21:46:49.699Z,37808,570000000,12500000000
2026-09-15T21:46:49.699Z,3134,62430000,99410000
2026-09-15T21:46:49.699Z,34422,180500,1000000
2026-09-15T21:46:49.699Z,41475,132400,129700000
2026-09-15T21:46:49.699Z,37588,803100,8400000
2026-09-15T21:46:49.699Z,33279,33140000,329600000
2026-09-15T21:46:49.699Z,26030,5250000,7813000
2026-09-15T21:46:49.699Z,91407,10000,1945000
2026-09-15T21:46:49.699Z,15741,6780000,15700000
2026-09-15T21:46:49.699Z,70852,300000000,1959000000
2026-09-15T21:46:49.699Z,24638,113900000,119700000
2026-09-15T21:46:49.699Z,37510,2154000,34680000
2026-09-15T21:46:49.699Z,44170,205900,1419000
2026-09-15T21:46:49.699Z,3277,0.01,1150000
2026-09-15T21:46:49.699Z,59201,416400000,749900000
2026-09-15T21:46:49.699Z,56604,2339000,6999000
2026-09-15T21:46:49.699Z,52770,7299000,3000000000
2026-09-15T21:46:49.699Z,93078,71260000,272800000
2026-09-15T21:46:49.699Z,46773,1006000,4689000
2026-09-15T21:46:49.699Z,31268,553800,1841000
2026-09-15T21:46:49.699Z,11466,56.11,947
2026-09-15T21:46:49.699Z,93014,3500000,75000000
2026-09-15T21:46:49.699Z,14752,115000,188000000
2026-09-15T21:46:49.699Z,46828,117100,2800000
2026-09-15T21:46:49.699Z,59202,371000000,3983000000
2026-09-15T21:46:49.699Z,45632,32560000,36310000
2026-09-15T21:46:49.699Z,82063,2279000,86950000
2026-09-15T21:46:49.699Z,27197,24000000,26940000
2026-09-15T21:46:49.699Z,34180,333000,1497000
2026-09-15T21:46:49.699Z,50141,38500000,59890000
2026-09-15T21:46:49.699Z,47039,11450000,49190000
2026-09-15T21:46:49.699Z,36501,890000000,5989000000
2026-09-15T21:46:49.699Z,60236,6099,8500000
2026-09-15T21:46:49.699Z,36503,280000000,6180000000
2026-09-15T21:46:49.699Z,48081,208000000,290000000
2026-09-15T21:46:49.699Z,44181,115000,2190000
2026-09-15T21:46:49.699Z,14802,2380000000,2849000000
2026-09-15T21:46:49.699Z,14343,4961000,11230000
2026-09-15T21:46:49.699Z,36490,35000000,2980000000
2026-09-15T21:46:49.699Z,57526,1,3000000000
2026-09-15T21:46:49.699Z,57512,500400000,1500000000
2026-09-15T21:46:49.699Z,57515,75070000,150000000
2026-09-15T21:46:49.699Z,57516,401400000,750000000
2026-09-15T21:46:49.699Z,57518,701200000,1500000000
2026-09-15T21:46:49.699Z,57519,1,3000000000
2026-09-15T21:46:49.699Z,57520,1503000,1499000000
2026-09-15T21:46:49.699Z,57521,701200000,1500000000
2026-09-15T21:46:49.699Z,57522,701200000,1500000000
2026-09-15T21:46:49.699Z,57523,121400000,150000000
2026-09-15T21:46:49.699Z,46968,328000,3298000
2026-09-15T21:46:49.699Z,47610,1016000,4878000
2026-09-15T21:46:49.699Z,28585,21000000,31800000
2026-09-15T21:46:49.699Z,57524,1002000000,1500000000
2026-09-15T21:46:49.699Z,55601,10040,3207000
2026-09-15T21:46:49.699Z,17960,26260,27770
2026-09-15T21:46:49.699Z,27936,3100000,11720000
2026-09-15T21:46:49.699Z,42734,53100000,394800000
2026-09-15T21:46:49.699Z,41044,212600000,1484000000
2026-09-15T21:46:49.699Z,3393,3012,38800
2026-09-15T21:46:49.699Z,463,1059000,1891000
2026-09-15T21:46:49.699Z,56953,127800000,552400000
2026-09-15T21:46:49.699Z,28788,106900000,118200000
2026-09-15T21:46:49.699Z,19103,46930000,67000000
2026-09-15T21:46:49.699Z,49822,235900000,1795000000
2026-09-15T21:46:49.699Z,41046,203300000,961500000
2026-09-15T21:46:49.699Z,57164,1110000,10620000
2026-09-15T21:46:49.699Z,32875,1600000,9970000
2026-09-15T21:46:49.699Z,86110,4471000,26900000
2026-09-15T21:46:49.699Z,23606,52010,574900
2026-09-15T21:46:49.699Z,31786,2038000,32500000
2026-09-15T21:46:49.699Z,15827,820000,3449000
2026-09-15T21:46:49.699Z,3224,563200000,617300000
2026-09-15T21:46:49.699Z,23418,64260000,77490000
2026-09-15T21:46:49.699Z,23136,215900,479000
2026-09-15T21:46:49.699Z,3351,11050,700000
2026-09-15T21:46:49.699Z,71722,97030000,957600000
2026-09-15T21:46:49.699Z,60284,576800,843300
2026-09-15T21:46:49.699Z,42200,52640000,57880000
2026-09-15T21:46:49.699Z,897,27000,1499000
2026-09-15T21:46:49.699Z,33787,1910000,38870000
2026-09-15T21:46:49.699Z,54968,1310000,24640000
2026-09-15T21:46:49.699Z,54162,8201000,17660000
2026-09-15T21:46:49.699Z,15834,31800,5998000
2026-09-15T21:46:49.699Z,82054,11630000,24890000
2026-09-15T21:46:49.699Z,93360,34000000,59900000
2026-09-15T21:46:49.699Z,85525,105900,7299000
2026-09-15T21:46:49.699Z,17479,1010000000,1897000000
2026-09-15T21:46:49.699Z,44153,100900,1861000
2026-09-15T21:46:49.699Z,41207,12290000000,14750000000
2026-09-15T21:46:49.699Z,46154,9000000,21800000
2026-09-15T21:46:49.699Z,6807,20050,29490
2026-09-15T21:46:49.699Z,88264,6103000000,9790000000
2026-09-15T21:46:49.699Z,85777,140000,252100
2026-09-15T21:46:49.699Z,57735,800000,6790000
2026-09-15T21:46:49.699Z,46808,575000,2900000
2026-09-15T21:46:49.699Z,33272,844400,987400
2026-09-15T21:46:49.699Z,89690,360000000,468000000
2026-09-15T21:46:49.699Z,71725,90010000,884900000
2026-09-15T21:46:49.699Z,4085,250300000,700400000
2026-09-15T21:46:49.699Z,33052,140000,2000000
2026-09-15T21:46:49.699Z,33005,128100,277100
2026-09-15T21:46:49.699Z,58872,1000000,20810000
2026-09-15T21:46:49.699Z,13872,12020000,18900000
2026-09-15T21:46:49.699Z,21967,31760000,60400000
2026-09-15T21:46:49.699Z,20561,36090000,60520000
2026-09-15T21:46:49.699Z,35680,800000,1558000
2026-09-15T21:46:49.699Z,42589,62000000,259800000
2026-09-15T21:46:49.699Z,18807,3794000,18790000
2026-09-15T21:46:49.699Z,4299,123000,1185000
2026-09-15T21:46:49.699Z,45736,401800000,549900000
2026-09-15T21:46:49.699Z,90642,3000000,18950000
2026-09-15T21:46:49.699Z,42590,21000000,147400000
2026-09-15T21:46:49.699Z,62628,33910000,37940000
2026-09-15T21:46:49.699Z,56145,34300000,149900000
2026-09-15T21:46:49.699Z,50084,112200000,4968000000
2026-09-15T21:46:49.699Z,42748,13510,300000
2026-09-15T21:46:49.699Z,90398,1004000,7900000
2026-09-15T21:46:49.699Z,27857,11110000,19120000
2026-09-15T21:46:49.699Z,43660,128200000,170700000
2026-09-15T21:46:49.699Z,3467,5513,10690
2026-09-15T21:46:49.699Z,43793,7500000,29900000
2026-09-15T21:46:49.699Z,55295,1088000,3000000
2026-09-15T21:46:49.699Z,13278,350.2,1437000
2026-09-15T21:46:49.699Z,33458,384900000,699800000
2026-09-15T21:46:49.699Z,45907,1000000,9465000
2026-09-15T21:46:49.699Z,43852,3442000,31860000
2026-09-15T21:46:49.699Z,74116,116000000,476200000
2026-09-15T21:46:49.699Z,45580,100000,126100000
2026-09-15T21:46:49.699Z,42572,131000000,579800000
2026-09-15T21:46:49.699Z,46861,251300,10900000
2026-09-15T21:46:49.699Z,48497,1000000,298000000
2026-09-15T21:46:49.699Z,15316,400.1,400.2
2026-09-15T21:46:49.699Z,33095,2401000,3500000
2026-09-15T21:46:49.699Z,14812,11010000000,13990000000
2026-09-15T21:46:49.699Z,42577,221000000,539600000
2026-09-15T21:46:49.699Z,47816,434500,713900
2026-09-15T21:46:49.699Z,46943,2162000,13940000
2026-09-15T21:46:49.699Z,3231,2029000,6630000
2026-09-15T21:46:49.699Z,20991,18400,21410
2026-09-15T21:46:49.699Z,85686,8500000,41870000
2026-09-15T21:46:49.699Z,85685,9655000,59400000
2026-09-15T21:46:49.699Z,1977,4529,18790
2026-09-15T21:46:49.699Z,21340,,82.5
2026-09-15T21:46:49.699Z,11617,5000,313900
2026-09-15T21:46:49.699Z,54537,161700000,204100000
2026-09-15T21:46:49.699Z,59468,1.06,500000000
2026-09-15T21:46:49.699Z,49805,15560,33670000
2026-09-15T21:46:49.699Z,25889,,2360000
2026-09-15T21:46:49.699Z,15276,501000000,1735000000
2026-09-15T21:46:49.699Z,20028,2494000,2985000
2026-09-15T21:46:49.699Z,31406,301200,399000
2026-09-15T21:46:49.699Z,81355,21010000,180000000
2026-09-15T21:46:49.699Z,57815,332200000,480000000
2026-09-15T21:46:49.699Z,70846,1768000000,3894000000
2026-09-15T21:46:49.699Z,77707,200000,200100
2026-09-15T21:46:49.699Z,37502,3202000,29610000
2026-09-15T21:46:49.699Z,16279,6489000,19000000
2026-09-15T21:46:49.699Z,15737,71050,575700
2026-09-15T21:46:49.699Z,3565,261600000,334900000
2026-09-15T21:46:49.699Z,28417,819.3,21000
2026-09-15T21:46:49.699Z,26396,33590000,77570000
2026-09-15T21:46:49.699Z,16053,20000000,33800000
2026-09-15T21:46:49.699Z,14662,3285000000,30000000000
2026-09-15T21:46:49.699Z,45517,217200000,390000000
2026-09-15T21:46:49.699Z,60579,,20000000000
2026-09-15T21:46:49.699Z,15152,1248000000,2810000000
2026-09-15T21:46:49.699Z,40347,8801000,15660000
2026-09-15T21:46:49.699Z,37256,980500000,1397000000
2026-09-15T21:46:49.699Z,46860,7041000,38790000
2026-09-15T21:46:49.699Z,46987,1800000,5000000
2026-09-15T21:46:49.699Z,76485,7815000,11630000
2026-09-15T21:46:49.699Z,1951,5430,3130000
2026-09-15T21:46:49.699Z,1227,100.1,132
2026-09-15T21:46:49.699Z,20783,99160,131600
2026-09-15T21:46:49.699Z,42594,265600000,399400000
2026-09-15T21:46:49.699Z,3322,6017,124700
2026-09-15T21:46:49.699Z,59467,,749000000
2026-09-15T21:46:49.699Z,58876,5020000,34500000
2026-09-15T21:46:49.699Z,13990,896500,7998000
2026-09-15T21:46:49.699Z,43880,113100000,115000000
2026-09-15T21:46:49.699Z,85499,90990000,291900000
2026-09-15T21:46:49.699Z,88599,10000,246500
2026-09-15T21:46:49.699Z,40665,402900,40600000
2026-09-15T21:46:49.699Z,27431,20010,28920
2026-09-15T21:46:49.699Z,62638,400000,1295000
2026-09-15T21:46:49.699Z,52292,5011,500000
2026-09-15T21:46:49.699Z,93910,1223000000,1437000000
2026-09-15T21:46:49.699Z,21802,17010000,29000000
2026-09-15T21:46:49.699Z,72553,205000000,699900000
2026-09-15T21:46:49.699Z,45628,30060000,35280000
2026-09-15T21:46:49.699Z,34817,801200000,1840000000
2026-09-15T21:46:49.699Z,15212,900000,320000000
2026-09-15T21:46:49.699Z,46365,57000,364800
2026-09-15T21:46:49.699Z,46858,257500,14860000
2026-09-15T21:46:49.699Z,14425,1808000,1999000000
2026-09-15T21:46:49.699Z,88616,40000,433200
2026-09-15T21:46:49.699Z,46824,5554000,78900000
2026-09-15T21:46:49.699Z,50033,22950000,221000000
2026-09-15T21:46:49.699Z,42581,71100000,137800000
2026-09-15T21:46:49.699Z,92386,262000000,590000000
2026-09-15T21:46:49.699Z,3181,2500000,5955000
2026-09-15T21:46:49.699Z,28670,1492000,2000000
2026-09-15T21:46:49.699Z,16229,48530000,59330000
2026-09-15T21:46:49.699Z,53385,15000,398300
2026-09-15T21:46:49.699Z,50071,1244000000,24980000000
2026-09-15T21:46:49.699Z,4314,5000000,10400000
2026-09-15T21:46:49.699Z,36396,210000000,1110000000
2026-09-15T21:46:49.699Z,4236,22780000,65000000
2026-09-15T21:46:49.699Z,42585,6000000,134700000
2026-09-15T21:46:49.699Z,76283,,319900000
2026-09-15T21:46:49.699Z,14736,,2100000000
2026-09-15T21:46:49.699Z,47505,10340000,36800000
2026-09-15T21:46:49.699Z,57386,6305000,142400000
2026-09-15T21:46:49.699Z,88043,224200,4993000
2026-09-15T21:46:49.699Z,40752,46420000,67460000
2026-09-15T21:46:49.699Z,14465,2855000000,4590000000
2026-09-15T21:46:49.699Z,62546,956.1,1388
2026-09-15T21:46:49.699Z,31292,653000,1016000
2026-09-15T21:46:49.699Z,92374,5.26,12.7
2026-09-15T21:46:49.699Z,14720,274200,312800000
2026-09-15T21:46:49.699Z,84114,31010000,59000000
2026-09-15T21:46:49.699Z,17496,621400,1900000
2026-09-15T21:46:49.699Z,62545,678,989.9
2026-09-15T21:46:49.699Z,41516,25540000,69390000
2026-09-15T21:46:49.699Z,34160,395000000,1051000000
2026-09-15T21:46:49.699Z,30538,4154000,5400000
2026-09-15T21:46:49.699Z,55322,100,13000
2026-09-15T21:46:49.699Z,3241,77720000,100300000
2026-09-15T21:46:49.699Z,34721,200000000,1979000000
2026-09-15T21:46:49.699Z,53210,7052000,23800000
2026-09-15T21:46:49.699Z,14672,,1200000000
2026-09-15T21:46:49.699Z,17693,1000000,16490000
2026-09-15T21:46:49.699Z,54320,17310,777800
2026-09-15T21:46:49.699Z,40495,101100,999900000
2026-09-15T21:46:49.699Z,85133,100000,171700
2026-09-15T21:46:49.699Z,3317,15000,250000
2026-09-15T21:46:49.699Z,21426,2015,6496
2026-09-15T21:46:49.699Z,3373,50040,3482000
2026-09-15T21:46:49.699Z,30548,1000000,5600000
2026-09-15T21:46:49.699Z,603,100000,124700
2026-09-15T21:46:49.699Z,27085,300300,604200
2026-09-15T21:46:49.699Z,43728,25300000,220000000
2026-09-15T21:46:49.699Z,54805,1.19,5098000
2026-09-15T21:46:49.699Z,55543,121000,1020000
2026-09-15T21:46:49.699Z,27076,23000,597900
2026-09-15T21:46:49.699Z,48144,100000,69880000
2026-09-15T21:46:49.699Z,14753,918700,896900000
2026-09-15T21:46:49.699Z,46223,1000000,10780000
2026-09-15T21:46:49.699Z,82340,80000,878300
2026-09-15T21:46:49.699Z,88121,133800,100000000
2026-09-15T21:46:49.699Z,30546,1595000,5999000
2026-09-15T21:46:49.699Z,50079,1104000000,24980000000
2026-09-15T21:46:49.699Z,48141,1000000,64910000
2026-09-15T21:46:49.699Z,92554,142500000,269500000
2026-09-15T21:46:49.699Z,13279,255600,429000
2026-09-15T21:46:49.699Z,62551,725,999.9
2026-09-15T21:46:49.699Z,15192,1181000,249900000
2026-09-15T21:46:49.699Z,30547,1635000,5300000
2026-09-15T21:46:49.699Z,27258,110800000,126300000
2026-09-15T21:46:49.699Z,56972,10000,497700
2026-09-15T21:46:49.699Z,20579,5106000,10880000
2026-09-15T21:46:49.699Z,45957,184000,4280000
2026-09-15T21:46:49.699Z,92372,3.58,7.3
2026-09-15T21:46:49.699Z,31347,,243700
2026-09-15T21:46:49.699Z,3306,2113,399900
2026-09-15T21:46:49.699Z,30551,2302000,5300000
2026-09-15T21:46:49.699Z,24541,380,508
2026-09-15T21:46:49.699Z,46680,641.9,1179
2026-09-15T21:46:49.699Z,22967,285.4,529
2026-09-15T21:46:49.699Z,36513,101000000,2390000000
2026-09-15T21:46:49.699Z,55622,70.01,99900
2026-09-15T21:46:49.699Z,85455,2203000,6789000
2026-09-15T21:46:49.699Z,30554,3590000,5300000
2026-09-15T21:46:49.699Z,55670,1000,59900
2026-09-15T21:46:49.699Z,21274,758200,1998000
2026-09-15T21:46:49.699Z,14701,208500000,749000000
2026-09-15T21:46:49.699Z,43848,30300000,132200000
2026-09-15T21:46:49.699Z,22963,151.7,303
2026-09-15T21:46:49.699Z,49620,160000,4149000
2026-09-15T21:46:49.699Z,34432,334000,2000000
2026-09-15T21:46:49.699Z,55649,2002,43210
2026-09-15T21:46:49.699Z,14712,81010000,439900000
2026-09-15T21:46:49.699Z,15128,873900000,1290000000
2026-09-15T21:46:49.699Z,14708,20060000,77010000
2026-09-15T21:46:49.699Z,40715,35930000,77920000
2026-09-15T21:46:49.699Z,21288,3350000,6826000
2026-09-15T21:46:49.699Z,12826,152900,183700
2026-09-15T21:46:49.699Z,27930,21100,178500
2026-09-15T21:46:49.699Z,31056,,1800000
2026-09-15T21:46:49.699Z,33895,262000,1793000
2026-09-15T21:46:49.699Z,31036,,1800000
2026-09-15T21:46:49.699Z,31086,,1800000
2026-09-15T21:46:49.699Z,31074,100000,1800000
2026-09-15T21:46:49.699Z,31066,,1800000
2026-09-15T21:46:49.699Z,31024,,1800000
2026-09-15T21:46:49.699Z,31012,,1800000
2026-09-15T21:46:49.699Z,31493,,1799000
2026-09-15T21:46:49.699Z,3217,500100,7485000
2026-09-15T21:46:49.699Z,31518,,210900000
2026-09-15T21:46:49.699Z,95541,2,1298000
2026-09-15T21:46:49.699Z,52865,1011000,1500000000
2026-09-15T21:46:49.699Z,33465,2770000000,3248000000
2026-09-15T21:46:49.699Z,81122,14100000,44490000
2026-09-15T21:46:49.699Z,91397,200000,250000
2026-09-15T21:46:49.699Z,93477,47090000,150000000
2026-09-15T21:46:49.699Z,84175,2200000,6798000
2026-09-15T21:46:49.699Z,17212,10240000,13000000
2026-09-15T21:46:49.699Z,93476,32010000,150000000
2026-09-15T21:46:49.699Z,28744,68640000,77530000
2026-09-15T21:46:49.699Z,1948,3168,120500
2026-09-15T21:46:49.699Z,41063,11180000,150000000
2026-09-15T21:46:49.699Z,91120,21010000,49980000
2026-09-15T21:46:49.699Z,49804,450300,3285000
2026-09-15T21:46:49.699Z,23850,5061000,35000000
2026-09-15T21:46:49.699Z,29095,252500,977900
2026-09-15T21:46:49.699Z,88120,31300000,75700000
2026-09-15T21:46:49.699Z,55658,1000,97800
2026-09-15T21:46:49.699Z,47516,1,89500000000
2026-09-15T21:46:49.699Z,36397,150000000,1000000000
2026-09-15T21:46:49.699Z,92666,221000000,599900000
2026-09-15T21:46:49.699Z,93466,31010000,150000000
2026-09-15T21:46:49.699Z,91975,28550000,47970000
2026-09-15T21:46:49.699Z,40693,814100000,1943000000
2026-09-15T21:46:49.699Z,82364,80000,990000
2026-09-15T21:46:49.699Z,54740,112500000,142100000
2026-09-15T21:46:49.699Z,37578,8216000,99000000
2026-09-15T21:46:49.699Z,14403,,692300000
2026-09-15T21:46:49.699Z,19271,11970,5047000
2026-09-15T21:46:49.699Z,57489,18000000000,20310000000
2026-09-15T21:46:49.699Z,46875,3004000,17070000
2026-09-15T21:46:49.699Z,38660,100000,3700000
2026-09-15T21:46:49.699Z,49621,800000,137000000
2026-09-15T21:46:49.699Z,55307,69.7,199000
2026-09-15T21:46:49.699Z,46496,2501000000,2997000000
2026-09-15T21:46:49.699Z,52571,40000000,349000000
2026-09-15T21:46:49.699Z,53632,1001000,245000000
2026-09-15T21:46:49.699Z,15663,100000,332900
2026-09-15T21:46:49.699Z,45482,10000000,21990000
2026-09-15T21:46:49.699Z,84083,4103000,47000000
2026-09-15T21:46:49.699Z,3402,1.3,20000
2026-09-15T21:46:49.699Z,34419,128000,1000000
2026-09-15T21:46:49.699Z,31494,111000,109900000
2026-09-15T21:46:49.699Z,55612,1008,78900
2026-09-15T21:46:49.699Z,37170,2301000000,3197000000
2026-09-15T21:46:49.699Z,43860,315700000,395000000
2026-09-15T21:46:49.699Z,27240,115000,889800
2026-09-15T21:46:49.699Z,28804,330100000,395000000
2026-09-15T21:46:49.699Z,3211,47980000,114600000
2026-09-15T21:46:49.699Z,54921,4000000,2075000000
2026-09-15T21:46:49.699Z,3443,100,29000
2026-09-15T21:46:49.699Z,31246,726200,2886000
2026-09-15T21:46:49.699Z,64591,182000000,369900000
2026-09-15T21:46:49.699Z,46721,1289000000,7999000000
2026-09-15T21:46:49.699Z,46876,75010,4939000
2026-09-15T21:46:49.699Z,33308,,57000000
2026-09-15T21:46:49.699Z,53953,104100000,3499000000
2026-09-15T21:46:49.699Z,49682,91390,677800
2026-09-15T21:46:49.699Z,31250,50400,99380
2026-09-15T21:46:49.699Z,14718,60000000,98000000
2026-09-15T21:46:49.699Z,4180,20150000,66390000
2026-09-15T21:46:49.699Z,85551,29010000,38990000
2026-09-15T21:46:49.699Z,57786,221500000,370000000
2026-09-15T21:46:49.699Z,3979,2157000,2492000
2026-09-15T21:46:49.699Z,55600,500,129000
2026-09-15T21:46:49.699Z,85750,55850000,136200000
2026-09-15T21:46:49.699Z,16617,3623000,9900000
2026-09-15T21:46:49.699Z,15012,624800000,1803000000
2026-09-15T21:46:49.699Z,37586,5280000,60000000
2026-09-15T21:46:49.699Z,3222,1569000,6210000
2026-09-15T21:46:49.699Z,56918,0.01,243900000
2026-09-15T21:46:49.699Z,17402,6015000,11960000
2026-09-15T21:46:49.699Z,45567,,249700000
2026-09-15T21:46:49.699Z,62572,9902,10830
2026-09-15T21:46:49.699Z,91920,1450000,3886000
2026-09-15T21:46:49.699Z,27673,10050000,74800000
2026-09-15T21:46:49.699Z,33201,915500,976800
2026-09-15T21:46:49.699Z,60564,486000000,4400000000
2026-09-15T21:46:49.699Z,84177,180000,242100
2026-09-15T21:46:49.699Z,50074,1005000,12500000000
2026-09-15T21:46:49.699Z,19235,100000,198000
2026-09-15T21:46:49.699Z,54776,10290,16670
2026-09-15T21:46:49.699Z,22117,112600,22000000
2026-09-15T21:46:49.699Z,31768,,5999000
2026-09-15T21:46:49.699Z,14834,908300000,1300000000
2026-09-15T21:46:49.699Z,45576,0.01,189700000
2026-09-15T21:46:49.699Z,3122,2454000,3224000
2026-09-15T21:46:49.699Z,89511,330300000,355200000
2026-09-15T21:46:49.699Z,33062,1300000,4000000
2026-09-15T21:46:49.699Z,48578,606800000,1289000000
2026-09-15T21:46:49.699Z,20635,1800000,5751000
2026-09-15T21:46:49.699Z,88364,2810000,3463000
2026-09-15T21:46:49.699Z,46689,20,195
2026-09-15T21:46:49.699Z,33312,,57000000
2026-09-15T21:46:49.699Z,48577,9000000,75000000
2026-09-15T21:46:49.699Z,17252,20040,9278000
2026-09-15T21:46:49.699Z,17404,151000,2299000
2026-09-15T21:46:49.699Z,20209,151400,475000
2026-09-15T21:46:49.699Z,3450,1500,29300
2026-09-15T21:46:49.699Z,88474,10000,385800
2026-09-15T21:46:49.699Z,26330,23240000,44950000
2026-09-15T21:46:49.699Z,88174,1.01,100000
2026-09-15T21:46:49.699Z,57120,194300000,216900000
2026-09-15T21:46:49.699Z,84967,6257000,8750000000
2026-09-15T21:46:49.699Z,20765,5185,23840
2026-09-15T21:46:49.699Z,24640,111500000,119300000
2026-09-15T21:46:49.699Z,1317,1923,3599
2026-09-15T21:46:49.699Z,14702,115000000,735000000
2026-09-15T21:46:49.699Z,28423,100.2,5200
2026-09-15T21:46:49.699Z,12710,,1299000
2026-09-15T21:46:49.699Z,15122,410300,882200000
2026-09-15T21:46:49.699Z,1272,112100,4980000
2026-09-15T21:46:49.699Z,6633,924.5,4599
2026-09-15T21:46:49.699Z,33406,244500000,293900000
2026-09-15T21:46:49.699Z,55350,100200,3745000
2026-09-15T21:46:49.699Z,93469,21000000,55470000
2026-09-15T21:46:49.699Z,91136,930000000,1600000000
2026-09-15T21:46:49.699Z,11484,450,450.1
2026-09-15T21:46:49.699Z,43796,,110600000
2026-09-15T21:46:49.699Z,93468,30000000,70000000
2026-09-15T21:46:49.699Z,12549,6720,127500
2026-09-15T21:46:49.699Z,5299,9108,28990
2026-09-15T21:46:49.699Z,20831,313800,679900
2026-09-15T21:46:49.699Z,81354,201100000,360000000
2026-09-15T21:46:49.699Z,44114,17070000,44700000
2026-09-15T21:46:49.699Z,26931,885000,999400
2026-09-15T21:46:49.699Z,63644,900800,5276000
2026-09-15T21:46:49.699Z,3077,699300,2068000
2026-09-15T21:46:49.699Z,85533,1838000,7489000
2026-09-15T21:46:49.699Z,4036,140000000,200000000
2026-09-15T21:46:49.699Z,34359,7620000,20000000
2026-09-15T21:46:49.699Z,42170,165800000,1490000000
2026-09-15T21:46:49.699Z,7535,8300,109200
2026-09-15T21:46:49.699Z,28302,193400,229500
2026-09-15T21:46:49.699Z,17680,0.01,1175000
2026-09-15T21:46:49.699Z,81025,55010000,144500000
2026-09-15T21:46:49.699Z,48506,72400000,206400000
2026-09-15T21:46:49.699Z,37174,2004000000,2750000000
2026-09-15T21:46:49.699Z,17690,381800,970800
2026-09-15T21:46:49.699Z,92379,26200000,100000000
2026-09-15T21:46:49.699Z,53036,14070000,87990000
2026-09-15T21:46:49.699Z,31622,1033000,1567000
2026-09-15T21:46:49.699Z,3340,,1180000
2026-09-15T21:46:49.699Z,672,13330,16390
2026-09-15T21:46:49.699Z,46122,44100000,150000000
2026-09-15T21:46:49.699Z,41408,20000000,31500000
2026-09-15T21:46:49.699Z,3454,500.1,523100
2026-09-15T21:46:49.699Z,47134,17010000,34780000
2026-09-15T21:46:49.699Z,40336,,1500000
2026-09-15T21:46:49.699Z,41409,29000000,35900000
2026-09-15T21:46:49.699Z,90124,165000000,297900000
2026-09-15T21:46:49.699Z,90125,254200000,698900000
2026-09-15T21:46:49.699Z,21853,420.2,30000
2026-09-15T21:46:49.699Z,17857,3401,4964
2026-09-15T21:46:49.699Z,57342,14360000,598900000
2026-09-15T21:46:49.699Z,3418,1001,1998000
2026-09-15T21:46:49.699Z,14536,3300000000,4798000000
2026-09-15T21:46:49.699Z,56627,6500,11120
2026-09-15T21:46:49.699Z,42544,6100000,27990000
2026-09-15T21:46:49.699Z,31588,890900,1243000
2026-09-15T21:46:49.699Z,21400,7.47,187.9
2026-09-15T21:46:49.699Z,55563,500,58900
2026-09-15T21:46:49.699Z,36445,554400,67400000
2026-09-15T21:46:49.699Z,35881,613100000,700000000
2026-09-15T21:46:49.699Z,15024,,476900000
2026-09-15T21:46:49.699Z,48505,,258400000
2026-09-15T21:46:49.699Z,40337,100000,1500000
2026-09-15T21:46:49.699Z,21420,425,2994
2026-09-15T21:46:49.699Z,37573,3624000,25480000
2026-09-15T21:46:49.699Z,45588,32240000,37300000
2026-09-15T21:46:49.699Z,691,1000000,3900000
2026-09-15T21:46:49.699Z,34757,52000000,1280000000
2026-09-15T21:46:49.699Z,47353,51180000,103300000
2026-09-15T21:46:49.699Z,77868,53010000,119700000
2026-09-15T21:46:49.699Z,46287,250.9,11490
2026-09-15T21:46:49.699Z,21414,41620,89000
2026-09-15T21:46:49.699Z,14423,600000,643500000
2026-09-15T21:46:49.699Z,19745,1002000,6900000
2026-09-15T21:46:49.699Z,3411,100,99000
2026-09-15T21:46:49.699Z,93484,42010000,70000000
2026-09-15T21:46:49.699Z,16187,1953,183700
2026-09-15T21:46:49.699Z,27449,66960,96730
2026-09-15T21:46:49.699Z,55562,1075,85000
2026-09-15T21:46:49.699Z,42563,11000000,57000000
2026-09-15T21:46:49.699Z,14710,60010000,179900000
2026-09-15T21:46:49.699Z,43888,581700000,794800000
2026-09-15T21:46:49.699Z,15749,40010000,59130000
2026-09-15T21:46:49.699Z,27425,25370,37760
2026-09-15T21:46:49.699Z,36488,76000000,1250000000
2026-09-15T21:46:49.699Z,15312,228300000,471000000
2026-09-15T21:46:49.699Z,1204,10,2645000
2026-09-15T21:46:49.699Z,42158,10950000,244900000
2026-09-15T21:46:49.699Z,45809,23770000,45820000
2026-09-15T21:46:49.699Z,76156,0.01,193000000
2026-09-15T21:46:49.699Z,46971,25000,3850000
2026-09-15T21:46:49.699Z,15284,1203000000,1400000000
2026-09-15T21:46:49.699Z,93712,4002000,132500000
2026-09-15T21:46:49.699Z,31162,9999,850000
2026-09-15T21:46:49.699Z,21402,,933.5
2026-09-15T21:46:49.699Z,15286,,2097000000
2026-09-15T21:46:49.699Z,52643,151500000,10020000000
2026-09-15T21:46:49.699Z,93741,114200000,188900000
2026-09-15T21:46:49.699Z,76374,2422,9298
2026-09-15T21:46:49.699Z,15242,623800000,930900000
2026-09-15T21:46:49.699Z,62709,6000,348700
2026-09-15T21:46:49.699Z,46774,304000,1999000
2026-09-15T21:46:49.699Z,63123,2510000,202400000
2026-09-15T21:46:49.699Z,40597,9998000,998800000
2026-09-15T21:46:49.699Z,46110,0.01,347800000
2026-09-15T21:46:49.699Z,40587,110100000,997000000
2026-09-15T21:46:49.699Z,46097,5215000,383600000
2026-09-15T21:46:49.699Z,46103,0.01,367100000
2026-09-15T21:46:49.699Z,17536,72180000,299500000
2026-09-15T21:46:49.699Z,50075,1000000,12590000000
2026-09-15T21:46:49.699Z,34643,11710000,635000000
2026-09-15T21:46:49.699Z,88478,10000,334500
2026-09-15T21:46:49.699Z,73372,110200,599800
2026-09-15T21:46:49.699Z,54444,10410000,313000000
2026-09-15T21:46:49.699Z,938,303900,3900000
2026-09-15T21:46:49.699Z,54907,,1800000000
2026-09-15T21:46:49.699Z,62017,107000,1891000
2026-09-15T21:46:49.699Z,48520,73160000,269300000
2026-09-15T21:46:49.699Z,42583,41000000,149800000
2026-09-15T21:46:49.699Z,60028,76440000,1049000000
2026-09-15T21:46:49.699Z,42162,28160000,249300000
2026-09-15T21:46:49.699Z,42166,0.01,1100000000
2026-09-15T21:46:49.699Z,46730,,1200000000
2026-09-15T21:46:49.699Z,34700,5000000,226400000
2026-09-15T21:46:49.699Z,34046,151400000,1824000000
2026-09-15T21:46:49.699Z,84178,20090,599000
2026-09-15T21:46:49.699Z,46881,30850,1896000
2026-09-15T21:46:49.699Z,84940,385700000,460000000
2026-09-15T21:46:49.699Z,93145,161000000,369700000
2026-09-15T21:46:49.699Z,44171,25010,1218000
2026-09-15T21:46:49.699Z,36778,11660000,143200000
2026-09-15T21:46:49.699Z,48566,387800000,629800000
2026-09-15T21:46:49.699Z,41117,33560000,193500000
2026-09-15T21:46:49.699Z,53378,28000,6000000
2026-09-15T21:46:49.699Z,52353,100200000,746900000
2026-09-15T21:46:49.699Z,17143,104000,6900000
2026-09-15T21:46:49.699Z,83279,10000,259900
2026-09-15T21:46:49.699Z,91932,2267000,3071000
2026-09-15T21:46:49.699Z,21302,100200000,429700000
2026-09-15T21:46:49.699Z,45822,150100,2199000
2026-09-15T21:46:49.699Z,91415,123.5,3280000
2026-09-15T21:46:49.699Z,57458,8320000,8835000
2026-09-15T21:46:49.699Z,3079,184300000,535300000
2026-09-15T21:46:49.699Z,21404,187.8,600
2026-09-15T21:46:49.699Z,42681,322600000,730000000
2026-09-15T21:46:49.699Z,82460,20110,952200
2026-09-15T21:46:49.699Z,45515,76300000,199900000
2026-09-15T21:46:49.699Z,15463,5006000,5345000
2026-09-15T21:46:49.699Z,52434,385500000,3880000000
2026-09-15T21:46:49.699Z,44266,2300000,12980000
2026-09-15T21:46:49.699Z,80908,22000000,27770000
2026-09-15T21:46:49.699Z,45929,10160000,107900000
2026-09-15T21:46:49.699Z,60381,21000000,24000000
2026-09-15T21:46:49.699Z,62033,1.01,1600000
2026-09-15T21:46:49.699Z,31344,22290000,319800000
2026-09-15T21:46:49.699Z,11735,6000,14000
2026-09-15T21:46:49.699Z,36768,97500000,1739000000
2026-09-15T21:46:49.699Z,43667,1255000000,5100000000
2026-09-15T21:46:49.699Z,53512,250600,9973000
2026-09-15T21:46:49.699Z,9844,50.16,5000
2026-09-15T21:46:49.699Z,572,67530,200000
2026-09-15T21:46:49.699Z,77167,47010000,99000000
2026-09-15T21:46:49.699Z,57307,100000000,200000000
2026-09-15T21:46:49.699Z,32931,201400000,884300000
2026-09-15T21:46:49.699Z,46090,100200,649800000
2026-09-15T21:46:49.699Z,46105,11000000,798300000
2026-09-15T21:46:49.699Z,46106,2302000,433800000
2026-09-15T21:46:49.699Z,42646,83000000,503700000
2026-09-15T21:46:49.699Z,46100,100000,449000000
2026-09-15T21:46:49.699Z,988,903700,4900000
2026-09-15T21:46:49.699Z,3346,59000000,6800000000
2026-09-15T21:46:49.699Z,55688,62260,247400
2026-09-15T21:46:49.699Z,15757,45290000,58430000
2026-09-15T21:46:49.699Z,42244,91900000,103500000
2026-09-15T21:46:49.699Z,19217,130000,4999000
2026-09-15T21:46:49.699Z,82359,10000,1075000
2026-09-15T21:46:49.699Z,90072,90000,96550
2026-09-15T21:46:49.699Z,34618,,799900000
2026-09-15T21:46:49.699Z,46128,11320000,499900000
2026-09-15T21:46:49.699Z,46211,17850000,22990000
2026-09-15T21:46:49.699Z,40507,202400000,895100000
2026-09-15T21:46:49.699Z,56946,220500000,4099000000
2026-09-15T21:46:49.699Z,55650,1004,122200
2026-09-15T21:46:49.699Z,57060,600100,4500000
2026-09-15T21:46:49.699Z,62475,138.3,1924
2026-09-15T21:46:49.699Z,20063,,275000000
2026-09-15T21:46:49.699Z,60027,,798700000
2026-09-15T21:46:49.699Z,24475,32.02,35.98
2026-09-15T21:46:49.699Z,31634,900000,1164000
2026-09-15T21:46:49.699Z,22452,37750000,44270000
2026-09-15T21:46:49.699Z,85306,165000,498600
2026-09-15T21:46:49.699Z,18740,6139,1583000
2026-09-15T21:46:49.699Z,55298,71280,195000
2026-09-15T21:46:49.699Z,26304,6080000,11380000
2026-09-15T21:46:49.699Z,10151,3503000,3987000
2026-09-15T21:46:49.699Z,83339,20000,4284000
2026-09-15T21:46:49.699Z,4397,791000,1195000
2026-09-15T21:46:49.699Z,48137,1000000,124000000
2026-09-15T21:46:49.699Z,46123,,409700000
2026-09-15T21:46:49.699Z,42153,1126000,897700000
2026-09-15T21:46:49.699Z,34675,502700000,2897000000
2026-09-15T21:46:49.699Z,42164,0.01,899000000
2026-09-15T21:46:49.699Z,86151,19010000,96990000
2026-09-15T21:46:49.699Z,91929,9173000,11210000
2026-09-15T21:46:49.699Z,53364,10070,899600
2026-09-15T21:46:49.699Z,4194,1810000,87810000
2026-09-15T21:46:49.699Z,43761,1659000,38000000
2026-09-15T21:46:49.699Z,91621,46000000,69000000
2026-09-15T21:46:49.699Z,47622,13150000,45290000
2026-09-15T21:46:49.699Z,56593,8337000,19990000
2026-09-15T21:46:49.699Z,44121,1001,250000
2026-09-15T21:46:49.699Z,56792,1368,1166000
2026-09-15T21:46:49.699Z,520,40200,56670
2026-09-15T21:46:49.699Z,21667,16000000,16800000
2026-09-15T21:46:49.699Z,93358,37000000,50840000
2026-09-15T21:46:49.699Z,57395,90100000,774700000
2026-09-15T21:46:49.699Z,48719,15000000,29990000
2026-09-15T21:46:49.699Z,20526,65360000,87900000
2026-09-15T21:46:49.699Z,17292,5200,3800000
2026-09-15T21:46:49.699Z,22621,124500000,207800000
2026-09-15T21:46:49.699Z,47496,525300,19000000
2026-09-15T21:46:49.699Z,14784,1466000000,4097000000
2026-09-15T21:46:49.699Z,88356,20000,114900
2026-09-15T21:46:49.699Z,88545,10000,731800
2026-09-15T21:46:49.699Z,60214,300100,2999000
2026-09-15T21:46:49.699Z,82343,1000,580300
2026-09-15T21:46:49.699Z,92397,113000000,124300000
2026-09-15T21:46:49.699Z,21250,2514000,5250000
2026-09-15T21:46:49.699Z,73397,1002000,14990000
2026-09-15T21:46:49.699Z,40694,1541000000,5520000000
2026-09-15T21:46:49.699Z,34086,11900000,77530000
2026-09-15T21:46:49.699Z,40608,7511000,694800000
2026-09-15T21:46:49.699Z,46108,,517300000
2026-09-15T21:46:49.699Z,46733,24470000,1598000000
2026-09-15T21:46:49.699Z,46104,0.01,369700000
2026-09-15T21:46:49.699Z,64597,171700000,420000000
2026-09-15T21:46:49.699Z,84939,211000000,280000000
2026-09-15T21:46:49.699Z,26041,10,1879000
2026-09-15T21:46:49.699Z,23950,50010000,69790000
2026-09-15T21:46:49.699Z,42797,440200,19850000
2026-09-15T21:46:49.699Z,42145,17530000,21630000
2026-09-15T21:46:49.699Z,41158,15100000,188000000
2026-09-15T21:46:49.699Z,62480,1589,2649
2026-09-15T21:46:49.699Z,13780,16170000,44900000
2026-09-15T21:46:49.699Z,21416,29.6,2470
2026-09-15T21:46:49.699Z,91948,1643000,3598000
2026-09-15T21:46:49.699Z,42201,84810000,101100000
2026-09-15T21:46:49.699Z,41379,25080000,283300000
2026-09-15T21:46:49.699Z,82464,10000,688600
2026-09-15T21:46:49.699Z,3423,501.3,189000
2026-09-15T21:46:49.699Z,650,1564000,1887000
2026-09-15T21:46:49.699Z,46091,100000,348800000
2026-09-15T21:46:49.699Z,46095,1001000,399100000
2026-09-15T21:46:49.699Z,46391,1951,84990000
2026-09-15T21:46:49.699Z,46092,103100,440500000
2026-09-15T21:46:49.699Z,36838,39010000,290000000
2026-09-15T21:46:49.699Z,12367,131100,173800
2026-09-15T21:46:49.699Z,95534,,250000
2026-09-15T21:46:49.699Z,14840,951800000,1570000000
2026-09-15T21:46:49.699Z,21059,5045,184400
2026-09-15T21:46:49.699Z,2374,101.2,500000
2026-09-15T21:46:49.699Z,3420,3128,257500
2026-09-15T21:46:49.699Z,91017,75430,1044000
2026-09-15T21:46:49.699Z,45942,110300,3250000
2026-09-15T21:46:49.699Z,25233,5007,189800
2026-09-15T21:46:49.699Z,3444,69100,100000
2026-09-15T21:46:49.699Z,11553,34060,41020
2026-09-15T21:46:49.699Z,33058,7200000,11300000
2026-09-15T21:46:49.699Z,42168,10060000,117200000
2026-09-15T21:46:49.699Z,32955,2459000000,3291000000
2026-09-15T21:46:49.699Z,15618,4598,100000
2026-09-15T21:46:49.699Z,42154,,790000000
2026-09-15T21:46:49.699Z,42171,18140000,1199000000
2026-09-15T21:46:49.699Z,34756,150000000,1496000000
2026-09-15T21:46:49.699Z,42192,7305000,199400000
2026-09-15T21:46:49.699Z,15278,1666000000,1897000000
2026-09-15T21:46:49.699Z,13233,14880000,17740000
2026-09-15T21:46:49.699Z,60218,1000000,1999000
2026-09-15T21:46:49.699Z,28615,3402000,5799000
2026-09-15T21:46:49.699Z,35928,1000000000,1309000000
2026-09-15T21:46:49.699Z,82350,1000,1997000
2026-09-15T21:46:49.699Z,31446,5100000,70000000
2026-09-15T21:46:49.699Z,47125,5951000,36710000
2026-09-15T21:46:49.699Z,26366,480000,45900000
2026-09-15T21:46:49.699Z,27193,637500,976000
2026-09-15T21:46:49.699Z,46109,65000000,890000000
2026-09-15T21:46:49.699Z,46393,0.01,387700000
2026-09-15T21:46:49.699Z,44899,6573000,23080000
2026-09-15T21:46:49.699Z,46093,0.01,499500000
2026-09-15T21:46:49.699Z,46102,25250000,241100000
2026-09-15T21:46:49.699Z,61186,23000000,70000000
2026-09-15T21:46:49.699Z,42555,62000000,450000000
2026-09-15T21:46:49.699Z,47683,5949000000,7617000000
2026-09-15T21:46:49.699Z,36729,200000,749500
2026-09-15T21:46:49.699Z,55532,1.01,1500
2026-09-15T21:46:49.699Z,55644,100,2800
2026-09-15T21:46:49.699Z,90721,362500,2000000
2026-09-15T21:46:49.699Z,20066,105000000,111500000
2026-09-15T21:46:49.699Z,15671,68630,720000
2026-09-15T21:46:49.699Z,14498,23020000,15000000000
2026-09-15T21:46:49.699Z,33519,1,38000000
2026-09-15T21:46:49.699Z,42193,2502000,226800000
2026-09-15T21:46:49.699Z,52884,35010000,1134000000
2026-09-15T21:46:49.699Z,2985,1581000,3577000
2026-09-15T21:46:49.699Z,18029,7864,23990
2026-09-15T21:46:49.699Z,19555,413000000,608300000
2026-09-15T21:46:49.699Z,16431,39060,78500
2026-09-15T21:46:49.699Z,23169,52580,200000
2026-09-15T21:46:49.699Z,21344,,218
2026-09-15T21:46:49.699Z,83288,10000,3170000
2026-09-15T21:46:49.699Z,34727,4000000,96620000
2026-09-15T21:46:49.699Z,46098,1200000,698000000
2026-09-15T21:46:49.699Z,42184,200400000,499000000
2026-09-15T21:46:49.699Z,55589,26010,89900
2026-09-15T21:46:49.699Z,57064,701500,6000000
2026-09-15T21:46:49.699Z,45526,250000000,449600000
2026-09-15T21:46:49.699Z,92820,212.2,265.5
2026-09-15T21:46:49.699Z,26312,8200000,12390000
2026-09-15T21:46:49.699Z,22535,150800000,167700000
2026-09-15T21:46:49.699Z,60163,1633000000,2400000000
2026-09-15T21:46:49.699Z,43750,500200,799800
2026-09-15T21:46:49.699Z,53289,80600,189800
2026-09-15T21:46:49.699Z,31507,,58000000
2026-09-15T21:46:49.699Z,46949,1245000,19980000
2026-09-15T21:46:49.699Z,46094,11200,198200000
2026-09-15T21:46:49.699Z,46276,10000000,1297000000
2026-09-15T21:46:49.699Z,48140,20000000,141800000
2026-09-15T21:46:49.699Z,56857,24050000,750000000
2026-09-15T21:46:49.699Z,81359,41000000,179000000
2026-09-15T21:46:49.699Z,41269,2020,8886
2026-09-15T21:46:49.699Z,47501,1315000,24000000
2026-09-15T21:46:49.699Z,3300,4588,21770
2026-09-15T21:46:49.699Z,34667,386300,95380000
2026-09-15T21:46:49.699Z,57119,140200000,170700000
2026-09-15T21:46:49.699Z,31546,7489000,34590000
2026-09-15T21:46:49.699Z,55628,71,89000
2026-09-15T21:46:49.699Z,54230,236100000,498000000
2026-09-15T21:46:49.699Z,41277,1352,9866
2026-09-15T21:46:49.699Z,42195,0.01,990000000
2026-09-15T21:46:49.699Z,42197,50810000,790000000
2026-09-15T21:46:49.699Z,55712,120700000,650000000
2026-09-15T21:46:49.699Z,63690,0.02,948400000
2026-09-15T21:46:49.699Z,47340,81710000,115100000
2026-09-15T21:46:49.699Z,17646,702100,1700000
2026-09-15T21:46:49.699Z,62016,10670,104600
2026-09-15T21:46:49.699Z,25936,5001,286200
2026-09-15T21:46:49.699Z,52300,9375,1895000
2026-09-15T21:46:49.699Z,31517,,1500000
2026-09-15T21:46:49.699Z,12547,10760000,18500000
2026-09-15T21:46:49.699Z,55626,11550,259000
2026-09-15T21:46:49.699Z,26402,23360000,53610000
2026-09-15T21:46:49.699Z,25920,2515000,5242000
2026-09-15T21:46:49.699Z,34712,65600000,495400000
2026-09-15T21:46:49.699Z,27117,520600,746300
2026-09-15T21:46:49.699Z,23527,351800,781200
2026-09-15T21:46:49.699Z,34669,22190000,135000000
2026-09-15T21:46:49.699Z,48517,12010000,374700000
2026-09-15T21:46:49.699Z,85453,4620000,7995000
2026-09-15T21:46:49.699Z,41522,105.8,23810
2026-09-15T21:46:49.699Z,3327,300,29500
2026-09-15T21:46:49.699Z,27904,10500,108900
2026-09-15T21:46:49.699Z,79941,500100000,879800000
2026-09-15T21:46:49.699Z,76293,112200000,449900000
2026-09-15T21:46:49.699Z,55632,500,189700
2026-09-15T21:46:49.699Z,17658,600.1,1966
2026-09-15T21:46:49.699Z,43786,,90000000
2026-09-15T21:46:49.699Z,46805,100100,13880000
2026-09-15T21:46:49.699Z,53363,5008,889400
2026-09-15T21:46:49.699Z,46133,411400000,599900000
2026-09-15T21:46:49.699Z,21557,1814000,7279000
2026-09-15T21:46:49.699Z,11248,9999,785000
2026-09-15T21:46:49.699Z,46530,7062000,999900000
2026-09-15T21:46:49.699Z,78911,350000000,500000000
2026-09-15T21:46:49.699Z,59328,1244000000,1900000000
2026-09-15T21:46:49.699Z,36817,5000000,28870000
2026-09-15T21:46:49.699Z,28441,225000,274000
2026-09-15T21:46:49.699Z,47546,201100,7992000
2026-09-15T21:46:49.699Z,35700,53130000,349300000
2026-09-15T21:46:49.699Z,56955,315100000,749900000
2026-09-15T21:46:49.699Z,3496,603400,892200
2026-09-15T21:46:49.699Z,52703,70710000,999900000
2026-09-15T21:46:49.699Z,11632,4999,209300
2026-09-15T21:46:49.699Z,54760,,227900000
2026-09-15T21:46:49.699Z,46692,16.42,2382000
2026-09-15T21:46:49.699Z,33770,501500000,3486000000
2026-09-15T21:46:49.699Z,32059,655700,811600
2026-09-15T21:46:49.699Z,63207,50030000,549900000
2026-09-15T21:46:49.699Z,93722,150000000,398900000
2026-09-15T21:46:49.699Z,47375,234600000,499700000
2026-09-15T21:46:49.699Z,47004,1718000,11460000
2026-09-15T21:46:49.699Z,85529,259100,1999000
2026-09-15T21:46:49.699Z,54219,78140000,250700000
2026-09-15T21:46:49.699Z,95401,165000000,219500000
2026-09-15T21:46:49.699Z,11284,50300,1831000
2026-09-15T21:46:49.699Z,43767,,35980000
2026-09-15T21:46:49.699Z,46885,25000,975000
2026-09-15T21:46:49.699Z,45980,10050000,192900000
2026-09-15T21:46:49.699Z,83289,10000,555000
2026-09-15T21:46:49.699Z,72556,319100000,534000000
2026-09-15T21:46:49.699Z,11290,1712000,5235000
2026-09-15T21:46:49.699Z,37488,400000,1289000
2026-09-15T21:46:49.699Z,88053,877900,638900000
2026-09-15T21:46:49.699Z,20857,2023000,5000000
2026-09-15T21:46:49.699Z,41239,126900000,165600000
2026-09-15T21:46:49.699Z,15635,1225,97000
2026-09-15T21:46:49.699Z,3262,500100,7075000
2026-09-15T21:46:49.699Z,11286,51640,2620000
2026-09-15T21:46:49.699Z,82452,20010,2625000
2026-09-15T21:46:49.699Z,42578,31000000,169800000
2026-09-15T21:46:49.699Z,47805,499700,847200
2026-09-15T21:46:49.699Z,21232,17000,393800
2026-09-15T21:46:49.699Z,1225,4558,5195
2026-09-15T21:46:49.699Z,76954,146000000,400000000
2026-09-15T21:46:49.699Z,46533,6826000,6000000000
2026-09-15T21:46:49.699Z,47476,165800,29980000
2026-09-15T21:46:49.699Z,3553,25250,525000
2026-09-15T21:46:49.699Z,49812,1008000,139900000
2026-09-15T21:46:49.699Z,34056,201400000,497300000
2026-09-15T21:46:49.699Z,25588,2813,2814
2026-09-15T21:46:49.699Z,44928,7340000,39000000
2026-09-15T21:46:49.699Z,54543,270000000,1890000000
2026-09-15T21:46:49.699Z,31084,,1000000
2026-09-15T21:46:49.699Z,27069,,1050000
2026-09-15T21:46:49.699Z,31064,,1050000
2026-09-15T21:46:49.699Z,31022,,949000
2026-09-15T21:46:49.699Z,31010,,1149000
2026-09-15T21:46:49.699Z,31491,,890000
2026-09-15T21:46:49.699Z,31455,,1049000
2026-09-15T21:46:49.699Z,30998,,1150000
2026-09-15T21:46:49.699Z,31046,100000,1136000
2026-09-15T21:46:49.699Z,24513,400.2,435.5
2026-09-15T21:46:49.699Z,15014,2000000000,3000000000
2026-09-15T21:46:49.699Z,48952,,20000000
2026-09-15T21:46:49.699Z,90648,20000,360100
2026-09-15T21:46:49.699Z,3164,340900000,550000000
2026-09-15T21:46:49.699Z,22999,765,1395
2026-09-15T21:46:49.699Z,83300,10000,117400
2026-09-15T21:46:49.699Z,28748,112500000,138000000
2026-09-15T21:46:49.699Z,89120,10100000,109800000
2026-09-15T21:46:49.699Z,42709,10000000,88000000
2026-09-15T21:46:49.699Z,83319,20100,159600
2026-09-15T21:46:49.699Z,11288,1000000,4000000
2026-09-15T21:46:49.699Z,48953,1,30000000
2026-09-15T21:46:49.699Z,11566,80280,175000
2026-09-15T21:46:49.699Z,11302,100000,3000000
2026-09-15T21:46:49.699Z,55669,10000,1589000
2026-09-15T21:46:49.699Z,83250,1000,120000
2026-09-15T21:46:49.699Z,15642,2376,4800000
2026-09-15T21:46:49.699Z,58879,50.04,8795000
2026-09-15T21:46:49.699Z,3413,1013,24980
2026-09-15T21:46:49.699Z,78775,125000,2099000
2026-09-15T21:46:49.699Z,2547,506800,786900
2026-09-15T21:46:49.699Z,42796,130200,1600000
2026-09-15T21:46:49.699Z,93003,960900,69900000
2026-09-15T21:46:49.699Z,79739,38230000,58120000
2026-09-15T21:46:49.699Z,88203,5243,100000
2026-09-15T21:46:49.699Z,46017,229400000,5940000000
2026-09-15T21:46:49.699Z,88175,1,5000
2026-09-15T21:46:49.699Z,47015,1003000,10680000
2026-09-15T21:46:49.699Z,46022,58360000,214000000
2026-09-15T21:46:49.699Z,47531,5004000,14890000
2026-09-15T21:46:49.699Z,55638,330000,898800
2026-09-15T21:46:49.699Z,17495,2020000,5000000
2026-09-15T21:46:49.699Z,84941,36120000,99960000
2026-09-15T21:46:49.699Z,48760,200100000,449900000
2026-09-15T21:46:49.699Z,20327,6030000,17800000
2026-09-15T21:46:49.699Z,41390,,51000000
2026-09-15T21:46:49.699Z,35090,12400,100000
2026-09-15T21:46:49.699Z,53374,1304000,149000000
2026-09-15T21:46:49.699Z,56852,377500000,650000000
2026-09-15T21:46:49.699Z,88534,1400000,7518000
2026-09-15T21:46:49.699Z,3449,55.01,29500
2026-09-15T21:46:49.699Z,54920,4675000,2190000000
2026-09-15T21:46:49.699Z,91108,,124400000
2026-09-15T21:46:49.699Z,31108,10000,785000
2026-09-15T21:46:49.699Z,47868,30300,40770
2026-09-15T21:46:49.699Z,47867,4605,48940
2026-09-15T21:46:49.699Z,41394,,51000000
2026-09-15T21:46:49.699Z,57535,3311000,140000000
2026-09-15T21:46:49.699Z,85930,150900000,238100000
2026-09-15T21:46:49.699Z,4153,20410000,57750000
2026-09-15T21:46:49.699Z,91941,3907000,15990000
2026-09-15T21:46:49.699Z,58769,14010,499000
2026-09-15T21:46:49.699Z,79758,171100000,444300000
2026-09-15T21:46:49.699Z,43828,5001000,45000000
2026-09-15T21:46:49.699Z,49801,555000,2950000
2026-09-15T21:46:49.699Z,61192,90010000,237200000
2026-09-15T21:46:49.699Z,58768,30110,580100
2026-09-15T21:46:49.699Z,84345,754300,7290000
2026-09-15T21:46:49.699Z,56277,14930000,160000000
2026-09-15T21:46:49.699Z,60195,400000000,1588000000
2026-09-15T21:46:49.699Z,32124,1000000,10870000
2026-09-15T21:46:49.699Z,48197,70000000,499800000
2026-09-15T21:46:49.699Z,55538,50020,79990
2026-09-15T21:46:49.699Z,33091,10010,170000
2026-09-15T21:46:49.699Z,25917,24990,1500000
2026-09-15T21:46:49.699Z,55721,0.03,4849000000
2026-09-15T21:46:49.699Z,24693,189000,1887000000
2026-09-15T21:46:49.699Z,60921,356600,8999000
2026-09-15T21:46:49.699Z,43769,83880000,243000000
2026-09-15T21:46:49.699Z,3456,6159000,10930000
2026-09-15T21:46:49.699Z,45627,26830000,35460000
2026-09-15T21:46:49.699Z,27932,10670,117300
2026-09-15T21:46:49.699Z,85006,100200000,190500000
2026-09-15T21:46:49.699Z,14530,3538000000,4893000000
2026-09-15T21:46:49.699Z,3270,520500000,589900000
2026-09-15T21:46:49.699Z,3288,,275000
2026-09-15T21:46:49.699Z,45607,33950000,37070000
2026-09-15T21:46:49.699Z,20839,808200,1098000
2026-09-15T21:46:49.699Z,83326,10000,178100
2026-09-15T21:46:49.699Z,17295,4528000,44990000
2026-09-15T21:46:49.699Z,47311,11910000,108900000
2026-09-15T21:46:49.699Z,34426,1601000,1602000
2026-09-15T21:46:49.699Z,37889,10000,131000
2026-09-15T21:46:49.699Z,52875,182800000,341400000
2026-09-15T21:46:49.699Z,43760,40040000,99000000
2026-09-15T21:46:49.699Z,82479,10010,7886000
2026-09-15T21:46:49.699Z,79871,132600000,223900000
2026-09-15T21:46:49.699Z,43840,32580000,123000000
2026-09-15T21:46:49.699Z,43812,73240000,380000000
2026-09-15T21:46:49.699Z,61870,2159,8021000
2026-09-15T21:46:49.699Z,43806,,100000000
2026-09-15T21:46:49.699Z,43802,1000000,53000000
2026-09-15T21:46:49.699Z,46895,213800,3442000
2026-09-15T21:46:49.699Z,45544,251000000,449900000
2026-09-15T21:46:49.699Z,46988,45040000,59950000
2026-09-15T21:46:49.699Z,46241,,17900000
2026-09-15T21:46:49.699Z,37150,280400000,649000000
2026-09-15T21:46:49.699Z,33055,140000,1990000
2026-09-15T21:46:49.699Z,3421,30120,215000
2026-09-15T21:46:49.699Z,40522,2200000,72110000
2026-09-15T21:46:49.699Z,18639,17000,28510
2026-09-15T21:46:49.699Z,16001,8392,28940
2026-09-15T21:46:49.699Z,60674,7120,999000
2026-09-15T21:46:49.699Z,45623,32560000,35460000
2026-09-15T21:46:49.699Z,37503,1263000,23000000
2026-09-15T21:46:49.699Z,79731,29100000,63380000
2026-09-15T21:46:49.699Z,43810,248000000,400000000
2026-09-15T21:46:49.699Z,45538,136100000,170300000
2026-09-15T21:46:49.699Z,91416,220000,5000000
2026-09-15T21:46:49.699Z,92984,6000000,30000000
2026-09-15T21:46:49.699Z,37817,2000000,3088000
2026-09-15T21:46:49.699Z,26368,2186000,13040000
2026-09-15T21:46:49.699Z,17497,9384000,11160000
2026-09-15T21:46:49.699Z,33037,90000,3200000
2026-09-15T21:46:49.699Z,42568,31000000,91980000
2026-09-15T21:46:49.699Z,96041,1250000000,1668000000
2026-09-15T21:46:49.699Z,93905,796000000,998000000
2026-09-15T21:46:49.699Z,88119,39040000,76990000
2026-09-15T21:46:49.699Z,16597,18000000,21490000
2026-09-15T21:46:49.699Z,20212,3458000,4552000
2026-09-15T21:46:49.699Z,82362,1100000,3349000
2026-09-15T21:46:49.699Z,88669,120000,810000
2026-09-15T21:46:49.699Z,88665,1000,646700
2026-09-15T21:46:49.699Z,4243,63850000,125000000
2026-09-15T21:46:49.699Z,46898,14450,2000000
2026-09-15T21:46:49.699Z,28530,43030000,246300000
2026-09-15T21:46:49.699Z,12189,56000,549800
2026-09-15T21:46:49.699Z,41511,150200,143800000
2026-09-15T21:46:49.699Z,43689,16220000,38980000
2026-09-15T21:46:49.699Z,88088,710000000,1996000000
2026-09-15T21:46:49.699Z,47042,361000,37200000
2026-09-15T21:46:49.699Z,55602,400,381000
2026-09-15T21:46:49.699Z,986,15560,8428000
2026-09-15T21:46:49.699Z,53022,2452000000,13950000000
2026-09-15T21:46:49.699Z,44927,3605000,47000000
2026-09-15T21:46:49.699Z,22578,0.12,97000
2026-09-15T21:46:49.699Z,85737,61660000,168800000
2026-09-15T21:46:49.699Z,48199,261100000,580000000
2026-09-15T21:46:49.699Z,60923,5280000,35780000
2026-09-15T21:46:49.699Z,58871,236700,12650000
2026-09-15T21:46:49.699Z,31972,15100000,29600000
2026-09-15T21:46:49.699Z,54369,22000000,36060000
2026-09-15T21:46:49.699Z,20609,217200,4400000
2026-09-15T21:46:49.699Z,45889,301000,1783000
2026-09-15T21:46:49.699Z,85405,20000,1300000
2026-09-15T21:46:49.699Z,87853,1440000000,3199000000
2026-09-15T21:46:49.699Z,26109,24990,1500000
2026-09-15T21:46:49.699Z,2042,61000,229800000
2026-09-15T21:46:49.699Z,21561,2230000,18990000
2026-09-15T21:46:49.699Z,88528,20010,987400
2026-09-15T21:46:49.699Z,40356,44060000,48510000
2026-09-15T21:46:49.699Z,42549,11200000,47500000
2026-09-15T21:46:49.699Z,23506,19000,69940
2026-09-15T21:46:49.699Z,52748,400000000,1095000000
2026-09-15T21:46:49.699Z,22572,32060,73810
2026-09-15T21:46:49.699Z,46213,0.03,22000000
2026-09-15T21:46:49.699Z,46922,1000000,5495000
2026-09-15T21:46:49.699Z,25901,,2360000
2026-09-15T21:46:49.699Z,25899,,2360000
2026-09-15T21:46:49.699Z,25891,100000,2360000
2026-09-15T21:46:49.699Z,25969,,2359000
2026-09-15T21:46:49.699Z,25981,,2359000
2026-09-15T21:46:49.699Z,25979,,2232000
2026-09-15T21:46:49.699Z,25971,,2369000
2026-09-15T21:46:49.699Z,25897,,2360000
2026-09-15T21:46:49.699Z,25977,,2360000
2026-09-15T21:46:49.699Z,1196,,775000
2026-09-15T21:46:49.699Z,63865,120600,4496000
2026-09-15T21:46:49.699Z,46640,250000000,22490000000
2026-09-15T21:46:49.699Z,40743,,3345000
2026-09-15T21:46:49.699Z,83234,10000,308700
2026-09-15T21:46:49.699Z,27630,5000000,28830000
2026-09-15T21:46:49.699Z,75285,1900,3945
2026-09-15T21:46:49.699Z,46212,0.03,22000000
2026-09-15T21:46:49.699Z,33963,28020000,37950000
2026-09-15T21:46:49.699Z,33899,,2360000
2026-09-15T21:46:49.699Z,25893,,2360000
2026-09-15T21:46:49.699Z,54785,7885,9842
2026-09-15T21:46:49.699Z,15613,301600,369500
2026-09-15T21:46:49.699Z,34718,2560000,9999000
2026-09-15T21:46:49.699Z,46184,,10130000
2026-09-15T21:46:49.699Z,40701,1,4990000
2026-09-15T21:46:49.699Z,26029,24990,1308000
2026-09-15T21:46:49.699Z,83290,1000,50000
2026-09-15T21:46:49.699Z,53362,26310,1015000
2026-09-15T21:46:49.699Z,56844,4100000,38850000
2026-09-15T21:46:49.699Z,37148,275400000,650000000
2026-09-15T21:46:49.699Z,11574,3501000,4891000
2026-09-15T21:46:49.699Z,57054,44040000,74980000
2026-09-15T21:46:49.699Z,91414,1000,2600000
2026-09-15T21:46:49.699Z,23150,478000,794500
2026-09-15T21:46:49.699Z,53436,122600000,167900000
2026-09-15T21:46:49.699Z,32929,329400000,548000000
2026-09-15T21:46:49.699Z,47637,23410000,35700000
2026-09-15T21:46:49.699Z,3323,501,40000
2026-09-15T21:46:49.699Z,7331,2211,9500
2026-09-15T21:46:49.699Z,88179,187000000,3200000000
2026-09-15T21:46:49.699Z,45982,72210000,144600000
2026-09-15T21:46:49.699Z,45784,50270000,188600000
2026-09-15T21:46:49.699Z,45853,1102000,17140000
2026-09-15T21:46:49.699Z,45989,10300000,293000000
2026-09-15T21:46:49.699Z,45857,3080000,82210000
2026-09-15T21:46:49.699Z,45915,9456000,34330000
2026-09-15T21:46:49.699Z,45963,0.01,7078000
2026-09-15T21:46:49.699Z,48751,300100000,445000000
2026-09-15T21:46:49.699Z,46793,519100,13650000
2026-09-15T21:46:49.699Z,26110,,880000
2026-09-15T21:46:49.699Z,48225,4306000,156200000
2026-09-15T21:46:49.699Z,34610,3000000,29310000
2026-09-15T21:46:49.699Z,48486,2.02,87170000
2026-09-15T21:46:49.699Z,14936,453800000,997200000
2026-09-15T21:46:49.699Z,60939,7400,22900
2026-09-15T21:46:49.699Z,82301,227.3,341.6
2026-09-15T21:46:49.699Z,455,1940,32970
2026-09-15T21:46:49.699Z,31438,,449900
2026-09-15T21:46:49.699Z,46183,,10540000
2026-09-15T21:46:49.699Z,88891,70300,9969000
2026-09-15T21:46:49.699Z,20006,381.4,799.9
2026-09-15T21:46:49.699Z,3248,22000000,83940000
2026-09-15T21:46:49.699Z,19689,89020000,116800000
2026-09-15T21:46:49.699Z,3189,516600000,739800000
2026-09-15T21:46:49.699Z,1232,4000,5038
2026-09-15T21:46:49.699Z,59185,200100,878300
2026-09-15T21:46:49.699Z,46975,1055000,9441000
2026-09-15T21:46:49.699Z,20637,78380000,85800000
2026-09-15T21:46:49.699Z,21023,12060000,14890000
2026-09-15T21:46:49.699Z,31191,10370,1280000
2026-09-15T21:46:49.699Z,49099,6821000,8551000
2026-09-15T21:46:49.699Z,36411,1000000,6990000
2026-09-15T21:46:49.699Z,61874,13050000,36000000
2026-09-15T21:46:49.699Z,49770,11000000,12450000
2026-09-15T21:46:49.699Z,2290,,850000
2026-09-15T21:46:49.699Z,44152,150200,3198000
2026-09-15T21:46:49.699Z,64204,7162,477000000
2026-09-15T21:46:49.699Z,47508,5007000,18000000
2026-09-15T21:46:49.699Z,7373,45000,66990
2026-09-15T21:46:49.699Z,15282,5720000000,6129000000
2026-09-15T21:46:49.699Z,2292,9999,785000
2026-09-15T21:46:49.699Z,82377,180000,1599000
2026-09-15T21:46:49.699Z,937,550000,7900000
2026-09-15T21:46:49.699Z,15697,2,699700
2026-09-15T21:46:49.699Z,48559,,790000000
2026-09-15T21:46:49.699Z,89694,632000000,838000000
2026-09-15T21:46:49.699Z,55302,5000,77900
2026-09-15T21:46:49.699Z,17239,185400,185500
2026-09-15T21:46:49.699Z,1968,15160,51570
2026-09-15T21:46:49.699Z,31520,1900000,4990000
2026-09-15T21:46:49.699Z,45759,101200,3822000
2026-09-15T21:46:49.699Z,33788,22900000,369800000
2026-09-15T21:46:49.699Z,83276,1000,388400
2026-09-15T21:46:49.699Z,35006,100,4100
2026-09-15T21:46:49.699Z,92029,,580100
2026-09-15T21:46:49.699Z,75908,201100000,323100000
2026-09-15T21:46:49.699Z,44948,140800,18500000
2026-09-15T21:46:49.699Z,25810,21950,1900000
2026-09-15T21:46:49.699Z,1242,101100,5099000
2026-09-15T21:46:49.699Z,45578,1000000,848800000
2026-09-15T21:46:49.699Z,43784,34940000,135800000
2026-09-15T21:46:49.699Z,83065,40000,149900
2026-09-15T21:46:49.699Z,46779,500000,3221000
2026-09-15T21:46:49.699Z,46112,0.01,399200000
2026-09-15T21:46:49.699Z,62566,3301,5885
2026-09-15T21:46:49.699Z,55518,1001,875000
2026-09-15T21:46:49.699Z,23137,11370000,15400000
2026-09-15T21:46:49.699Z,27098,70000,149900
2026-09-15T21:46:49.699Z,45555,2000000,999000000
2026-09-15T21:46:49.699Z,29249,2811000,4800000
2026-09-15T21:46:49.699Z,52699,4006000000,23560000000
2026-09-15T21:46:49.699Z,54719,50070000,110700000
2026-09-15T21:46:49.699Z,91144,20000000,35000000
2026-09-15T21:46:49.699Z,56937,0.01,1279000000
2026-09-15T21:46:49.699Z,12212,3540000,5490000
2026-09-15T21:46:49.699Z,27178,13430000,23730000
2026-09-15T21:46:49.699Z,46043,,9382000000
2026-09-15T21:46:49.699Z,1190,751600,794600
2026-09-15T21:46:49.699Z,31310,50110,90000
2026-09-15T21:46:49.699Z,12053,765500,1675000
2026-09-15T21:46:49.699Z,3433,1003,220000
2026-09-15T21:46:49.699Z,58798,8265000,5500000000
2026-09-15T21:46:49.699Z,17493,15800000,168000000
2026-09-15T21:46:49.699Z,56897,100100,899800000
2026-09-15T21:46:49.699Z,32041,420.1,149700
2026-09-15T21:46:49.699Z,846,,10500000
2026-09-15T21:46:49.699Z,91935,1544000,2799000
2026-09-15T21:46:49.699Z,42723,249300000,1499000000
2026-09-15T21:46:49.699Z,45664,22500000,899900000
2026-09-15T21:46:49.699Z,34181,3610000,9999000
2026-09-15T21:46:49.699Z,46794,25000,1925000
2026-09-15T21:46:49.699Z,44148,5003,494100
2026-09-15T21:46:49.699Z,33046,230000,1499000
2026-09-15T21:46:49.699Z,15713,6150000,15120000
2026-09-15T21:46:49.699Z,89657,160000000,260100000
2026-09-15T21:46:49.699Z,15744,6047000,7899000
2026-09-15T21:46:49.699Z,41119,214500000,660000000
2026-09-15T21:46:49.699Z,21969,30040000,117600000
2026-09-15T21:46:49.699Z,46169,1,11000000
2026-09-15T21:46:49.699Z,46206,0.04,23000000
2026-09-15T21:46:49.699Z,46217,,22990000
2026-09-15T21:46:49.699Z,57492,10000000,22000000
2026-09-15T21:46:49.699Z,57494,0.04,11000000
2026-09-15T21:46:49.699Z,42600,152100000,319700000
2026-09-15T21:46:49.699Z,80014,1.01,2999
2026-09-15T21:46:49.699Z,80016,5.02,1574
2026-09-15T21:46:49.699Z,1169,,4200000
2026-09-15T21:46:49.699Z,60435,9600,998000
2026-09-15T21:46:49.699Z,57491,,12000000
2026-09-15T21:46:49.699Z,57497,5101000,11000000
2026-09-15T21:46:49.699Z,46490,325100000,390000000
2026-09-15T21:46:49.699Z,31001,2672000,36870000
2026-09-15T21:46:49.699Z,45764,74990,2500000
2026-09-15T21:46:49.699Z,88041,151200000,449400000
2026-09-15T21:46:49.699Z,20943,1000,15980
2026-09-15T21:46:49.699Z,34061,14910000,14900000000
2026-09-15T21:46:49.699Z,90600,401000,3727000
2026-09-15T21:46:49.699Z,22883,1008000,2295000
2026-09-15T21:46:49.699Z,28272,9038000,12490000
2026-09-15T21:46:49.699Z,20935,1200,13950
2026-09-15T21:46:49.699Z,95477,300000000,5000000000
2026-09-15T21:46:49.699Z,46281,1088,2700
2026-09-15T21:46:49.699Z,31272,29000,27490000
2026-09-15T21:46:49.699Z,22176,5000,365000
2026-09-15T21:46:49.699Z,944,1524000,3940000
2026-09-15T21:46:49.699Z,35921,24900000,38890000
2026-09-15T21:46:49.699Z,62502,3500,4380
2026-09-15T21:46:49.699Z,33836,674200000,1299000000
2026-09-15T21:46:49.699Z,19687,112700000,118800000
2026-09-15T21:46:49.699Z,47258,21250000,26790000
2026-09-15T21:46:49.699Z,27095,501000,960000
2026-09-15T21:46:49.699Z,83381,20010,3484000
2026-09-15T21:46:49.699Z,58814,70000000,3000000000
2026-09-15T21:46:49.699Z,83383,320000,1723000
2026-09-15T21:46:49.699Z,83321,20000,426100
2026-09-15T21:46:49.699Z,83273,10000,69760
2026-09-15T21:46:49.699Z,88460,1000,200000
2026-09-15T21:46:49.699Z,12262,100000,10350000
2026-09-15T21:46:49.699Z,25916,1756000,8750000
2026-09-15T21:46:49.699Z,47038,7230000,40940000
2026-09-15T21:46:49.699Z,48502,3002000,22950000
2026-09-15T21:46:49.699Z,45808,2856000,109800000
2026-09-15T21:46:49.699Z,88677,60000,1500000
2026-09-15T21:46:49.699Z,54829,39080000,45070000
2026-09-15T21:46:49.699Z,45899,319500,3326000
2026-09-15T21:46:49.699Z,46114,209000000,339000000
2026-09-15T21:46:49.699Z,1404,5000,57000
2026-09-15T21:46:49.699Z,43871,974600000,1597000000
2026-09-15T21:46:49.699Z,15851,2419000,60000000
2026-09-15T21:46:49.699Z,43510,260100000,500000000
2026-09-15T21:46:49.699Z,54538,112800000,3100000000
2026-09-15T21:46:49.699Z,88172,1.01,5000
2026-09-15T21:46:49.699Z,43873,970600000,1825000000
2026-09-15T21:46:49.699Z,33030,,5802000
2026-09-15T21:46:49.699Z,44150,0.01,899000
2026-09-15T21:46:49.699Z,820,1000,100000
2026-09-15T21:46:49.699Z,28443,220900,261300
2026-09-15T21:46:49.699Z,17330,,9000000
2026-09-15T21:46:49.699Z,2486,7783,8999
2026-09-15T21:46:49.699Z,20502,36590000,49950000
2026-09-15T21:46:49.699Z,62501,443.1,3688
2026-09-15T21:46:49.699Z,32107,2030000,8647000
2026-09-15T21:46:49.699Z,2028,,273000000
2026-09-15T21:46:49.699Z,46940,40,2196000
2026-09-15T21:46:49.699Z,60220,600100,999700
2026-09-15T21:46:49.699Z,57018,501300,49930000
2026-09-15T21:46:49.699Z,46024,210000000,245400000
2026-09-15T21:46:49.699Z,940,901000,3976000
2026-09-15T21:46:49.699Z,35681,10020000,124400000
2026-09-15T21:46:49.699Z,14514,11740000000,13010000000
2026-09-15T21:46:49.699Z,57017,3214000,9972000
2026-09-15T21:46:49.699Z,46584,700000000,6999000000
2026-09-15T21:46:49.699Z,31678,58590000,87970000
2026-09-15T21:46:49.699Z,46811,1371000,4097000
2026-09-15T21:46:49.699Z,825,10000,700000
2026-09-15T21:46:49.699Z,20188,751300000,2043000000
2026-09-15T21:46:49.699Z,17350,,5900000
2026-09-15T21:46:49.699Z,15815,304400,20000000
2026-09-15T21:46:49.699Z,37291,46610000,76560000
2026-09-15T21:46:49.699Z,87607,3200,84990000
2026-09-15T21:46:49.699Z,41442,200500000,1199000000
2026-09-15T21:46:49.699Z,56195,250100000,2497000000
2026-09-15T21:46:49.699Z,1067,100000,400000
2026-09-15T21:46:49.699Z,42569,41010000,201100000
2026-09-15T21:46:49.699Z,14358,700,700.1
2026-09-15T21:46:49.699Z,83331,10000,282100
2026-09-15T21:46:49.699Z,46802,625900,2398000
2026-09-15T21:46:49.699Z,14982,1346000000,2588000000
2026-09-15T21:46:49.699Z,44146,102.1,666700
2026-09-15T21:46:49.699Z,12067,25020,1700000
2026-09-15T21:46:49.699Z,46814,25000,1478000
2026-09-15T21:46:49.699Z,86117,442300,6457000
2026-09-15T21:46:49.699Z,37888,600000,1200000
2026-09-15T21:46:49.699Z,54750,770000000,832900000
2026-09-15T21:46:49.699Z,36392,25000000,949000000
2026-09-15T21:46:49.699Z,45502,2269,1001000
2026-09-15T21:46:49.699Z,26892,3544000,4079000
2026-09-15T21:46:49.699Z,15459,15990000,17980000
2026-09-15T21:46:49.699Z,48148,5137000000,9481000000
2026-09-15T21:46:49.699Z,17261,10100,10110
2026-09-15T21:46:49.699Z,9251,20000,83640
2026-09-15T21:46:49.699Z,31942,23990000,31480000
2026-09-15T21:46:49.699Z,33727,230100000,1595000000
2026-09-15T21:46:49.699Z,45928,4249000,57250000
2026-09-15T21:46:49.699Z,16690,151300,2849000
2026-09-15T21:46:49.699Z,33830,2079000,10000000
2026-09-15T21:46:49.699Z,73874,915000,9199000
2026-09-15T21:46:49.699Z,3158,72420000,101800000
2026-09-15T21:46:49.699Z,15248,485400,465200000
2026-09-15T21:46:49.699Z,3160,21,3250000
2026-09-15T21:46:49.699Z,26106,340000,1377000
2026-09-15T21:46:49.699Z,54745,127700000,175800000
2026-09-15T21:46:49.699Z,28774,20760000,54000000
2026-09-15T21:46:49.699Z,91947,1921000,3000000
2026-09-15T21:46:49.699Z,34428,24000,22200000
2026-09-15T21:46:49.699Z,3104,110000,975000
2026-09-15T21:46:49.699Z,80441,500000,5000000
2026-09-15T21:46:49.699Z,60099,358200000,1100000000
2026-09-15T21:46:49.699Z,55679,5000,99990
2026-09-15T21:46:49.699Z,90698,,88000
2026-09-15T21:46:49.699Z,46810,552600,3950000
2026-09-15T21:46:49.699Z,88487,100000,1984000
2026-09-15T21:46:49.699Z,44175,151.8,550000
2026-09-15T21:46:49.699Z,22577,6000,350000
2026-09-15T21:46:49.699Z,40685,,62990000
2026-09-15T21:46:49.699Z,63694,5227000,1427000000
2026-09-15T21:46:49.699Z,92575,4004000,145000000
2026-09-15T21:46:49.699Z,56300,2851000000,4835000000
2026-09-15T21:46:49.699Z,81116,137600000,234800000
2026-09-15T21:46:49.699Z,52639,30130000,250000000
2026-09-15T21:46:49.699Z,562,3502,20360
2026-09-15T21:46:49.699Z,43777,481200,1196000
2026-09-15T21:46:49.699Z,42176,213400000,3399000000
2026-09-15T21:46:49.699Z,45846,527500,8576000
2026-09-15T21:46:49.699Z,49433,10130000,17720000
2026-09-15T21:46:49.699Z,18885,8995000,39780000
2026-09-15T21:46:49.699Z,25348,100000,3040000
2026-09-15T21:46:49.699Z,92026,,825100
2026-09-15T21:46:49.699Z,56888,178300000,384800000
2026-09-15T21:46:49.699Z,52785,41020000,55540000
2026-09-15T21:46:49.699Z,3727,3349,94750
2026-09-15T21:46:49.699Z,92003,,449100
2026-09-15T21:46:49.699Z,82580,30190000,242600000
2026-09-15T21:46:49.699Z,31192,10000,785000
2026-09-15T21:46:49.699Z,12767,153,191.1
2026-09-15T21:46:49.699Z,89664,92000000,154400000
2026-09-15T21:46:49.699Z,36505,,512400000
2026-09-15T21:46:49.699Z,52430,290000000,2400000000
2026-09-15T21:46:49.699Z,52561,354800000,1989000000
2026-09-15T21:46:49.699Z,92661,2200000,29990000
2026-09-15T21:46:49.699Z,28520,22080000,399700000
2026-09-15T21:46:49.699Z,93075,150500000,262100000
2026-09-15T21:46:49.699Z,46426,164000000,3440000000
2026-09-15T21:46:49.699Z,17342,,5994000
2026-09-15T21:46:49.699Z,31534,13520000,18640000
2026-09-15T21:46:49.699Z,13217,15290000,17000000
2026-09-15T21:46:49.699Z,55516,1000,291000
2026-09-15T21:46:49.699Z,46953,3001,605000
2026-09-15T21:46:49.699Z,33952,328000000,364300000
2026-09-15T21:46:49.699Z,3263,31970,7300000
2026-09-15T21:46:49.699Z,3395,100,100000
2026-09-15T21:46:49.699Z,46563,5000000,2000000000
2026-09-15T21:46:49.699Z,55609,10720,98000
2026-09-15T21:46:49.699Z,43906,24990,1992000
2026-09-15T21:46:49.699Z,46660,401000000,5500000000
2026-09-15T21:46:49.699Z,34746,328400,3135000
2026-09-15T21:46:49.699Z,58787,67000000,2400000000
2026-09-15T21:46:49.699Z,13235,152300,5000000
2026-09-15T21:46:49.699Z,23789,36040000,40810000
2026-09-15T21:46:49.699Z,1076,,30000
2026-09-15T21:46:49.699Z,33053,140000,7920000
2026-09-15T21:46:49.699Z,3121,74370000,87380000
2026-09-15T21:46:49.699Z,11535,17780,18180
2026-09-15T21:46:49.699Z,84130,103200000,176900000
2026-09-15T21:46:49.699Z,37564,326500,15000000
2026-09-15T21:46:49.699Z,28729,43900000,62400000
2026-09-15T21:46:49.699Z,21450,2158,122000
2026-09-15T21:46:49.699Z,3571,320000000,424100000
2026-09-15T21:46:49.699Z,85448,62820,3439000
2026-09-15T21:46:49.699Z,28735,40610000,62300000
2026-09-15T21:46:49.699Z,27091,10000,640600
2026-09-15T21:46:49.699Z,53209,1300000,24810000
2026-09-15T21:46:49.699Z,91403,100,200000
2026-09-15T21:46:49.699Z,52640,20960000,1339000000
2026-09-15T21:46:49.699Z,84987,202300000,415000000
2026-09-15T21:46:49.699Z,15086,802700000,1993000000
2026-09-15T21:46:49.699Z,84968,3797000000,5305000000
2026-09-15T21:46:49.699Z,41509,799900000,1158000000
2026-09-15T21:46:49.699Z,27570,90480000,145000000
2026-09-15T21:46:49.699Z,83325,10000,165000
2026-09-15T21:46:49.699Z,37504,0.01,13900000000
2026-09-15T21:46:49.699Z,14849,,400000000
2026-09-15T21:46:49.699Z,13781,11120000,30000000
2026-09-15T21:46:49.699Z,20040,261.2,628.1
2026-09-15T21:46:49.699Z,85665,19810000,34990000
2026-09-15T21:46:49.699Z,47303,0.01,79500
2026-09-15T21:46:49.699Z,24493,75,92.29
2026-09-15T21:46:49.699Z,28840,100000,28800000
2026-09-15T21:46:49.699Z,33057,100000,4997000
2026-09-15T21:46:49.699Z,29081,317400,1374000
2026-09-15T21:46:49.699Z,15160,,448700000
2026-09-15T21:46:49.699Z,52315,6106,38750
2026-09-15T21:46:49.699Z,27247,40040000,129800000
2026-09-15T21:46:49.699Z,14375,200500000,799600000
2026-09-15T21:46:49.699Z,27115,110600,993800
2026-09-15T21:46:49.699Z,46877,1885000,9825000
2026-09-15T21:46:49.699Z,56204,3715000000,4323000000
2026-09-15T21:46:49.699Z,46156,6020000,36900000
2026-09-15T21:46:49.699Z,75270,142000000,240000000
2026-09-15T21:46:49.699Z,87510,581000000,1200000000
2026-09-15T21:46:49.699Z,3089,70110000,91150000
2026-09-15T21:46:49.699Z,3269,42180000,91040000
2026-09-15T21:46:49.699Z,14786,1898000000,3500000000
2026-09-15T21:46:49.699Z,32061,1001000,4596000
2026-09-15T21:46:49.699Z,83067,10000,249900
2026-09-15T21:46:49.699Z,17815,359500,618000
2026-09-15T21:46:49.699Z,41047,60050000,420800000
2026-09-15T21:46:49.699Z,85548,96100000,189000000
2026-09-15T21:46:49.699Z,33518,1.03,174800000
2026-09-15T21:46:49.699Z,15170,5233000000,13990000000
2026-09-15T21:46:49.699Z,53310,100200000,999900000
2026-09-15T21:46:49.699Z,55354,1000,43000
2026-09-15T21:46:49.699Z,15790,24310000,26490000
2026-09-15T21:46:49.699Z,60164,578100000,1230000000
2026-09-15T21:46:49.699Z,53894,573700000,648900000
2026-09-15T21:46:49.699Z,23534,6002,200000
2026-09-15T21:46:49.699Z,4003,370000000,1187000000
2026-09-15T21:46:49.699Z,3230,231700000,600000000
2026-09-15T21:46:49.699Z,45510,4269,30000
2026-09-15T21:46:49.699Z,35940,23540000,28510000
2026-09-15T21:46:49.699Z,91950,2564000,3000000
2026-09-15T21:46:49.699Z,52316,6014,9000
2026-09-15T21:46:49.699Z,46313,2573,49990
2026-09-15T21:46:49.699Z,33960,19340000,26480000
2026-09-15T21:46:49.699Z,59312,297200000,442400000
2026-09-15T21:46:49.699Z,2537,6551,57570
2026-09-15T21:46:49.699Z,27530,1005000000,1750000000
2026-09-15T21:46:49.699Z,20859,8778000,18760000
2026-09-15T21:46:49.699Z,60239,106500,9000000
2026-09-15T21:46:49.699Z,58886,9779,800000
2026-09-15T21:46:49.699Z,85526,57460,6000000
2026-09-15T21:46:49.699Z,88620,1000,99890
2026-09-15T21:46:49.699Z,62372,255100000,938000000
2026-09-15T21:46:49.699Z,83364,20020,12550000
2026-09-15T21:46:49.699Z,33924,49250000,87000000
2026-09-15T21:46:49.699Z,55647,10000,199000
2026-09-15T21:46:49.699Z,46251,,10440000
2026-09-15T21:46:49.699Z,24642,50040000,108800000
2026-09-15T21:46:49.699Z,21666,6260000,16750000
2026-09-15T21:46:49.699Z,28282,420200,522700
2026-09-15T21:46:49.699Z,55328,0.03,79800
2026-09-15T21:46:49.699Z,21803,12120000,22900000
2026-09-15T21:46:49.699Z,15142,1930000000,2065000000
2026-09-15T21:46:49.699Z,78889,350000000,419900000
2026-09-15T21:46:49.699Z,90603,40000,74080
2026-09-15T21:46:49.699Z,27647,6779000,24390000
2026-09-15T21:46:49.699Z,55613,1000,49000
2026-09-15T21:46:49.699Z,47044,72000,1787000
2026-09-15T21:46:49.699Z,13231,15240000,18190000
2026-09-15T21:46:49.699Z,48230,5000,3500000
2026-09-15T21:46:49.699Z,55716,500400000,15900000000
2026-09-15T21:46:49.699Z,21029,6347000,7098000
2026-09-15T21:46:49.699Z,56971,50000,900000
2026-09-15T21:46:49.699Z,42155,321900000,990000000
2026-09-15T21:46:49.699Z,82957,80000,299900
2026-09-15T21:46:49.699Z,49798,457300,1453000
2026-09-15T21:46:49.699Z,28231,5000000,5001000
2026-09-15T21:46:49.699Z,95292,36000000,95000000
2026-09-15T21:46:49.699Z,3983,2027000,2493000
2026-09-15T21:46:49.699Z,36299,57000000,569000000
2026-09-15T21:46:49.699Z,73272,1214000,14000000
2026-09-15T21:46:49.699Z,32870,,5255000
2026-09-15T21:46:49.699Z,1262,50000,4549000
2026-09-15T21:46:49.699Z,74117,353900000,1668000000
2026-09-15T21:46:49.699Z,20827,76920,1000000
2026-09-15T21:46:49.699Z,53668,623900000,1600000000
2026-09-15T21:46:49.699Z,81017,2176000,7999000
2026-09-15T21:46:49.699Z,3428,100,99900
2026-09-15T21:46:49.699Z,54754,2250000000,2948000000
2026-09-15T21:46:49.699Z,85934,6200000,13680000
2026-09-15T21:46:49.699Z,48221,3857000,119600000
2026-09-15T21:46:49.699Z,46842,20030,1437000
2026-09-15T21:46:49.699Z,46879,150200,1500000
2026-09-15T21:46:49.699Z,28786,58510000,69990000
2026-09-15T21:46:49.699Z,81623,61000,484500000
2026-09-15T21:46:49.699Z,18909,51280000,69290000
2026-09-15T21:46:49.699Z,46936,1505,700000
2026-09-15T21:46:49.699Z,78412,70000000,699000000
2026-09-15T21:46:49.699Z,87771,500000,1580000
2026-09-15T21:46:49.699Z,88177,,5000
2026-09-15T21:46:49.699Z,19556,1152000000,1214000000
2026-09-15T21:46:49.699Z,33935,6743000,18000000
2026-09-15T21:46:49.699Z,42739,27700000,139900000
2026-09-15T21:46:49.699Z,53131,1505000,319900000
2026-09-15T21:46:49.699Z,53138,305000000,469200000
2026-09-15T21:46:49.699Z,53244,65000000,320000000
2026-09-15T21:46:49.699Z,34083,100000000,1400000000
2026-09-15T21:46:49.699Z,2008,61000,499200000
2026-09-15T21:46:49.699Z,62227,76000000,615000000
2026-09-15T21:46:49.699Z,46894,25000,1192000
2026-09-15T21:46:49.699Z,41118,141200000,470700000
2026-09-15T21:46:49.699Z,93474,27020000,70000000
2026-09-15T21:46:49.699Z,27902,10210,124000
2026-09-15T21:46:49.699Z,2295,43100,123000
2026-09-15T21:46:49.699Z,6761,219700,998000
2026-09-15T21:46:49.699Z,43868,981000000,1497000000
2026-09-15T21:46:49.699Z,41310,10,6000
2026-09-15T21:46:49.699Z,91951,41300000,58810000
2026-09-15T21:46:49.699Z,91251,261500000,892000000
2026-09-15T21:46:49.699Z,41472,501200000,968500000
2026-09-15T21:46:49.699Z,85678,10000000,198000000
2026-09-15T21:46:49.699Z,48222,1072000,19200000
2026-09-15T21:46:49.699Z,31969,2500000,26970000
2026-09-15T21:46:49.699Z,2289,66140,106900
2026-09-15T21:46:49.699Z,13886,401100,1390000
2026-09-15T21:46:49.699Z,73876,2005000,30990000
2026-09-15T21:46:49.699Z,523,6720,8999
2026-09-15T21:46:49.699Z,24503,30,51
2026-09-15T21:46:49.699Z,93668,125000000,322400000
2026-09-15T21:46:49.699Z,76294,3078000000,30000000000
2026-09-15T21:46:49.699Z,31336,1.01,1193000
2026-09-15T21:46:49.699Z,3439,82310,200000
2026-09-15T21:46:49.699Z,95395,1.06,21.11
2026-09-15T21:46:49.699Z,17453,148.3,199.9
2026-09-15T21:46:49.699Z,45888,511000,4976000
2026-09-15T21:46:49.699Z,60574,144500000,500000000
2026-09-15T21:46:49.699Z,44162,25000,1271000
2026-09-15T21:46:49.699Z,89653,11020000,97900000
2026-09-15T21:46:49.699Z,53288,15000,39980
2026-09-15T21:46:49.699Z,43824,110000000,699900000
2026-09-15T21:46:49.699Z,49962,1001000000,3748000000
2026-09-15T21:46:49.699Z,48722,5023000,91750000
2026-09-15T21:46:49.699Z,62624,33000000,38430000
2026-09-15T21:46:49.699Z,31073,958200,1700000
2026-09-15T21:46:49.699Z,23702,5000,59640
2026-09-15T21:46:49.699Z,34685,24000000,299000000
2026-09-15T21:46:49.699Z,55542,10000,98610
2026-09-15T21:46:49.699Z,70845,172000000,7552000000
2026-09-15T21:46:49.699Z,95528,810000000,1532000000
2026-09-15T21:46:49.699Z,95526,555100000,2000000000
2026-09-15T21:46:49.699Z,37260,1151000000,1490000000
2026-09-15T21:46:49.699Z,34603,64300000,599300000
2026-09-15T21:46:49.699Z,3339,5133000,8483000
2026-09-15T21:46:49.699Z,27194,183000000,198800000
2026-09-15T21:46:49.699Z,43683,20810000,38000000
2026-09-15T21:46:49.699Z,47815,323000,995000
2026-09-15T21:46:49.699Z,27649,7800000,35510000
2026-09-15T21:46:49.699Z,43864,967000000,1875000000
2026-09-15T21:46:49.699Z,62575,30080,52990
2026-09-15T21:46:49.699Z,28432,162.8,1747
2026-09-15T21:46:49.699Z,20055,21.12,819.9
2026-09-15T21:46:49.699Z,46125,95450000,790000000
2026-09-15T21:46:49.699Z,82342,80000,2467000
2026-09-15T21:46:49.699Z,56709,121600,239900
2026-09-15T21:46:49.699Z,43724,749600000,925000000
2026-09-15T21:46:49.699Z,48196,40000000,472800000
2026-09-15T21:46:49.699Z,46143,0.01,839900000
2026-09-15T21:46:49.699Z,45540,2236000,1000000000
2026-09-15T21:46:49.699Z,45904,5493000,17950000
2026-09-15T21:46:49.699Z,48837,1254000,699800000
2026-09-15T21:46:49.699Z,52732,,1999000000
2026-09-15T21:46:49.699Z,35922,38180000,42220000
2026-09-15T21:46:49.699Z,32937,628800000,914000000
2026-09-15T21:46:49.699Z,46096,601400,889900000
2026-09-15T21:46:49.699Z,47102,98030000,400000000
2026-09-15T21:46:49.699Z,3234,65270000,94290000
2026-09-15T21:46:49.699Z,12356,260300,2878000
2026-09-15T21:46:49.699Z,70843,210000000,3768000000
2026-09-15T21:46:49.699Z,44156,161100,2898000
2026-09-15T21:46:49.699Z,15156,4255000000,4681000000
2026-09-15T21:46:49.699Z,41249,65650000,74260000
2026-09-15T21:46:49.699Z,82395,20000,2048000
2026-09-15T21:46:49.699Z,683,501000,2550000
2026-09-15T21:46:49.699Z,78794,501000,7292000
2026-09-15T21:46:49.699Z,43686,23300000,38950000
2026-09-15T21:46:49.699Z,62514,5638,9934
2026-09-15T21:46:49.699Z,92802,10010000,3334000000
2026-09-15T21:46:49.699Z,93482,72010000,150000000
2026-09-15T21:46:49.699Z,16688,2000000,3999000
2026-09-15T21:46:49.699Z,81615,70110000,619600000
2026-09-15T21:46:49.699Z,63164,20010000,741000000
2026-09-15T21:46:49.699Z,37601,5000000000,19490000000
2026-09-15T21:46:49.699Z,43709,2204000000,2775000000
2026-09-15T21:46:49.699Z,62230,15900000,649000000
2026-09-15T21:46:49.699Z,685,100100,2350000
2026-09-15T21:46:49.699Z,46965,417700,6910000
2026-09-15T21:46:49.699Z,14676,4937000000,6460000000
2026-09-15T21:46:49.699Z,28429,1500,9891
2026-09-15T21:46:49.699Z,46807,2101000,13880000
2026-09-15T21:46:49.699Z,55565,1000,3150000
2026-09-15T21:46:49.699Z,32260,170000000,220700000
2026-09-15T21:46:49.699Z,56977,1000,174900
2026-09-15T21:46:49.699Z,32947,630700000,1250000000
2026-09-15T21:46:49.699Z,12865,50.12,296.9
2026-09-15T21:46:49.699Z,3440,3024,523200
2026-09-15T21:46:49.699Z,13232,1149000,9784000
2026-09-15T21:46:49.699Z,61532,2127000,4120000
2026-09-15T21:46:49.699Z,33798,143000000,539000000
2026-09-15T21:46:49.699Z,63055,65300000,146200000
2026-09-15T21:46:49.699Z,687,58380000,82500000
2026-09-15T21:46:49.699Z,27096,526900,718500
2026-09-15T21:46:49.699Z,36810,80000000,735000000
2026-09-15T21:46:49.699Z,31215,30320,129000
2026-09-15T21:46:49.699Z,34825,100100000,1870000000
2026-09-15T21:46:49.699Z,15685,100.4,1754000
2026-09-15T21:46:49.699Z,32935,506300000,800000000
2026-09-15T21:46:49.699Z,77872,41000000,87000000
2026-09-15T21:46:49.699Z,37157,946500000,1875000000
2026-09-15T21:46:49.699Z,45527,45370000,499600000
2026-09-15T21:46:49.699Z,1176,500200,3840000
2026-09-15T21:46:49.699Z,3208,28180000,73790000
2026-09-15T21:46:49.699Z,27600,588600000,1100000000
2026-09-15T21:46:49.699Z,45011,999900,50000000
2026-09-15T21:46:49.699Z,3394,10190,200000
2026-09-15T21:46:49.699Z,23848,6114000,11960000
2026-09-15T21:46:49.699Z,3176,2570000,8822000
2026-09-15T21:46:49.699Z,40699,26250000,98990000
2026-09-15T21:46:49.699Z,90594,540100,7910000
2026-09-15T21:46:49.699Z,30788,10010000,19000000
2026-09-15T21:46:49.699Z,46637,259900000,304000000
2026-09-15T21:46:49.699Z,53141,,240000000
2026-09-15T21:46:49.699Z,27465,2202,2531
2026-09-15T21:46:49.699Z,33048,100400,1000000
2026-09-15T21:46:49.699Z,57053,23590000,2000000000
2026-09-15T21:46:49.699Z,43669,500500000,1299000000
2026-09-15T21:46:49.699Z,53137,24000000,240000000
2026-09-15T21:46:49.699Z,40634,1044000000,1517000000
2026-09-15T21:46:49.699Z,46672,431900000,2200000000
2026-09-15T21:46:49.699Z,52395,125300000,240000000
2026-09-15T21:46:49.699Z,56365,832500,11990000
2026-09-15T21:46:49.699Z,27257,1224,386600
2026-09-15T21:46:49.699Z,47495,28110,1490000
2026-09-15T21:46:49.699Z,31342,5242000,13490000
2026-09-15T21:46:49.699Z,19992,,689.4
2026-09-15T21:46:49.699Z,33078,628700,1278000
2026-09-15T21:46:49.699Z,3388,100.4,275000
2026-09-15T21:46:49.699Z,40636,129400000,168900000
2026-09-15T21:46:49.699Z,27501,1225,1696
2026-09-15T21:46:49.699Z,91204,2500000,18500000
2026-09-15T21:46:49.699Z,33038,130000,2000000
2026-09-15T21:46:49.699Z,829,100,2000000
2026-09-15T21:46:49.699Z,692,45080000,91990000
2026-09-15T21:46:49.699Z,52402,45000000,160000000
2026-09-15T21:46:49.699Z,19177,127900000,155000000
2026-09-15T21:46:49.699Z,56900,22600000,212900000
2026-09-15T21:46:49.699Z,43,187.3,400
2026-09-15T21:46:49.699Z,21480,,199500000
2026-09-15T21:46:49.699Z,21328,24,397.8
2026-09-15T21:46:49.699Z,52417,129000000,12900000000
2026-09-15T21:46:49.699Z,24568,,10650000
2026-09-15T21:46:49.699Z,25867,2371000000,2686000000
2026-09-15T21:46:49.699Z,28844,6782000000,7340000000
2026-09-15T21:46:49.699Z,33809,3000000000,19000000000
2026-09-15T21:46:49.699Z,33772,7503000,550000000
2026-09-15T21:46:49.699Z,41045,159700000,559000000
2026-09-15T21:46:49.699Z,64587,110000000,539000000
2026-09-15T21:46:49.699Z,59233,525300000,3322000000
2026-09-15T21:46:49.699Z,45564,11650,547900000
2026-09-15T21:46:49.699Z,15036,230900000,505000000
2026-09-15T21:46:49.699Z,63772,1013,350000
2026-09-15T21:46:49.699Z,93695,2050000,99990000
2026-09-15T21:46:49.699Z,24494,75,89.24
2026-09-15T21:46:49.699Z,46157,0.01,16000000
2026-09-15T21:46:49.699Z,17528,76510000,87000000
2026-09-15T21:46:49.699Z,29041,102900,707200
2026-09-15T21:46:49.699Z,42758,265000,1870000
2026-09-15T21:46:49.699Z,950,613300,2850000
2026-09-15T21:46:49.699Z,46158,,15790000
2026-09-15T21:46:49.699Z,43693,1.03,39700000
2026-09-15T21:46:49.699Z,43684,,39900000
2026-09-15T21:46:49.699Z,79192,72070,485600
2026-09-15T21:46:49.699Z,54328,1.11,530000
2026-09-15T21:46:49.699Z,46159,,15680000
2026-09-15T21:46:49.699Z,14542,16630000000,19090000000
2026-09-15T21:46:49.699Z,89663,81040000,233300000
2026-09-15T21:46:49.699Z,47475,300100,2900000
2026-09-15T21:46:49.699Z,47058,5500000,9990000
2026-09-15T21:46:49.699Z,34059,81010000,2979000000
2026-09-15T21:46:49.699Z,25900,7861000,9800000
2026-09-15T21:46:49.699Z,14401,,386900000
2026-09-15T21:46:49.699Z,81063,20800,27850
2026-09-15T21:46:49.699Z,13239,2011000,4411000
2026-09-15T21:46:49.699Z,25862,10000,348000
2026-09-15T21:46:49.699Z,28385,400500,744900
2026-09-15T21:46:49.699Z,31026,,59010000
2026-09-15T21:46:49.699Z,18722,500200,1856000
2026-09-15T21:46:49.699Z,25334,32120,78300
2026-09-15T21:46:49.699Z,41445,,400000000
2026-09-15T21:46:49.699Z,57068,790200000,1200000000
2026-09-15T21:46:49.699Z,54743,430300000,498100000
2026-09-15T21:46:49.699Z,17791,2719,18000
2026-09-15T21:46:49.699Z,977,26010000,81500000
2026-09-15T21:46:49.699Z,28687,77260,129900
2026-09-15T21:46:49.699Z,28164,3876000,4900000
2026-09-15T21:46:49.699Z,33079,4411000000,6800000000
2026-09-15T21:46:49.699Z,82312,772.2,967
2026-09-15T21:46:49.699Z,86120,3173000,14490000
2026-09-15T21:46:49.699Z,62673,2995000,300000000
2026-09-15T21:46:49.699Z,36391,70010000,700100000
2026-09-15T21:46:49.699Z,21035,11260000,13110000
2026-09-15T21:46:49.699Z,61204,252700,3474000
2026-09-15T21:46:49.699Z,82183,1810000000,2591000000
2026-09-15T21:46:49.699Z,47539,46500000,1593000000
2026-09-15T21:46:49.699Z,32927,519300000,850000000
2026-09-15T21:46:49.699Z,32945,398200000,820000000
2026-09-15T21:46:49.699Z,60290,101000,3735000
2026-09-15T21:46:49.699Z,4296,515700,1345000
2026-09-15T21:46:49.699Z,90894,1606,5950000
2026-09-15T21:46:49.699Z,2104,845000,982100
2026-09-15T21:46:49.699Z,15923,136600,1000000
2026-09-15T21:46:49.699Z,45910,118100,15000000
2026-09-15T21:46:49.699Z,21961,26210000,73230000
2026-09-15T21:46:49.699Z,54759,11000000,43900000
2026-09-15T21:46:49.699Z,88576,60000,2057000
2026-09-15T21:46:49.699Z,84688,212300000,400000000
2026-09-15T21:46:49.699Z,27180,8103,398000
2026-09-15T21:46:49.699Z,91104,1556000000,3655000000
2026-09-15T21:46:49.699Z,571,350400,975100
2026-09-15T21:46:49.699Z,497,534500,1123000
2026-09-15T21:46:49.699Z,31440,14660000,77440000
2026-09-15T21:46:49.699Z,54327,36690,3000000
2026-09-15T21:46:49.699Z,55564,200,60000
2026-09-15T21:46:49.699Z,31236,25200,74990000
2026-09-15T21:46:49.699Z,31474,0.01,1392000
2026-09-15T21:46:49.699Z,70842,2959000000,4949000000
2026-09-15T21:46:49.699Z,54559,4707000,49100000
2026-09-15T21:46:49.699Z,31584,81890000,302400000
2026-09-15T21:46:49.699Z,63782,100500,179500
2026-09-15T21:46:49.699Z,7493,8100,99790
2026-09-15T21:46:49.699Z,55690,0.01,199900
2026-09-15T21:46:49.699Z,26386,382900,3996000
2026-09-15T21:46:49.699Z,85939,980300,11570000
2026-09-15T21:46:49.699Z,9941,7462000,8285000
2026-09-15T21:46:49.699Z,55345,0.02,59900
2026-09-15T21:46:49.699Z,85477,9366000,16700000
2026-09-15T21:46:49.699Z,86272,100000,8999000
2026-09-15T21:46:49.699Z,84116,93210000,179800000
2026-09-15T21:46:49.699Z,25935,120000,1743000
2026-09-15T21:46:49.699Z,54163,231000,1227000
2026-09-15T21:46:49.699Z,34068,80010000,779000000
2026-09-15T21:46:49.699Z,1285,10,2250000
2026-09-15T21:46:49.699Z,57780,11000000,780000000
2026-09-15T21:46:49.699Z,3207,22260000,100500000
2026-09-15T21:46:49.699Z,36380,37200000,7200000000
2026-09-15T21:46:49.699Z,47187,2400,945000
2026-09-15T21:46:49.699Z,46902,150.6,10000000
2026-09-15T21:46:49.699Z,20939,1343,11690
2026-09-15T21:46:49.699Z,42702,501000,2964000
2026-09-15T21:46:49.699Z,10840,241100,1144000
2026-09-15T21:46:49.699Z,27906,1827000,26740000
2026-09-15T21:46:49.699Z,63052,9419000,35760000
2026-09-15T21:46:49.699Z,20495,11900,994200
2026-09-15T21:46:49.699Z,41441,396400000,679600000
2026-09-15T21:46:49.699Z,70844,1007000000,3764000000
2026-09-15T21:46:49.699Z,59217,,2990000000
2026-09-15T21:46:49.699Z,45015,10430000,619100000
2026-09-15T21:46:49.699Z,20312,761000,2000000
2026-09-15T21:46:49.699Z,27229,70100,597000
2026-09-15T21:46:49.699Z,55611,4000,199000
2026-09-15T21:46:49.699Z,57072,1703000000,14000000000
2026-09-15T21:46:49.699Z,57010,351100,15100000
2026-09-15T21:46:49.699Z,805,,4000000
2026-09-15T21:46:49.699Z,43882,600700000,915000000
2026-09-15T21:46:49.699Z,43854,974500000,1549000000
2026-09-15T21:46:49.699Z,91098,370500000,747000000
2026-09-15T21:46:49.699Z,12441,12.01,99960
2026-09-15T21:46:49.699Z,34752,20000000,798900000
2026-09-15T21:46:49.699Z,50144,101100000,351200000
2026-09-15T21:46:49.699Z,43704,250600000,34970000000
2026-09-15T21:46:49.699Z,21071,5012,99960
2026-09-15T21:46:49.699Z,37183,10050000000,13970000000
2026-09-15T21:46:49.699Z,13248,15300000,17080000
2026-09-15T21:46:49.699Z,26356,480000,52900000
2026-09-15T21:46:49.699Z,17459,22.81,29.2
2026-09-15T21:46:49.699Z,61187,,999700000
2026-09-15T21:46:49.699Z,83265,10000,189700
2026-09-15T21:46:49.699Z,27317,8106,27250
2026-09-15T21:46:49.699Z,46564,2003000,87000000
2026-09-15T21:46:49.699Z,47185,2010,535000
2026-09-15T21:46:49.699Z,42624,50160000,19820000000
2026-09-15T21:46:49.699Z,57505,0.01,10470000
2026-09-15T21:46:49.699Z,31037,9900000,38920000
2026-09-15T21:46:49.699Z,78912,10010000,1765000000
2026-09-15T21:46:49.699Z,53134,165000000,480000000
2026-09-15T21:46:49.699Z,89264,265000000,1119000000
2026-09-15T21:46:49.699Z,52297,2230,15230000
2026-09-15T21:46:49.699Z,46396,26150000,5000000000
2026-09-15T21:46:49.699Z,36779,,5000000000
2026-09-15T21:46:49.699Z,48651,149800000,2000000000
2026-09-15T21:46:49.699Z,40611,1,4998000000
2026-09-15T21:46:49.699Z,85687,18010000,43000000
2026-09-15T21:46:49.699Z,21957,27790000,56800000
2026-09-15T21:46:49.699Z,53129,300000000,480000000
2026-09-15T21:46:49.699Z,31301,10000,839900
2026-09-15T21:46:49.699Z,27333,547.3,624
2026-09-15T21:46:49.699Z,31385,7500,1499000
2026-09-15T21:46:49.699Z,28790,52050000,76000000
2026-09-15T21:46:49.699Z,55033,15600000,23300000
2026-09-15T21:46:49.699Z,810,45060,750000
2026-09-15T21:46:49.699Z,48749,1000000,198000000
2026-09-15T21:46:49.699Z,52393,,320000000
2026-09-15T21:46:49.699Z,62543,372.5,569.8
2026-09-15T21:46:49.699Z,27327,546.6,619.9
2026-09-15T21:46:49.699Z,42194,1011000,699000000
2026-09-15T21:46:49.699Z,47103,168600000,748500000
2026-09-15T21:46:49.699Z,21392,21.09,950.9
2026-09-15T21:46:49.699Z,24657,,594800000
2026-09-15T21:46:49.699Z,33940,7644000,34460000
2026-09-15T21:46:49.699Z,63855,10620,949900
2026-09-15T21:46:49.699Z,1318,,17000
2026-09-15T21:46:49.699Z,46138,12680000,839900000
2026-09-15T21:46:49.699Z,56981,60000,597800
2026-09-15T21:46:49.699Z,62386,19120,21870
2026-09-15T21:46:49.699Z,14996,2279000000,4872000000
2026-09-15T21:46:49.699Z,3308,1403000,3000000
2026-09-15T21:46:49.699Z,46131,1128000,594400000
2026-09-15T21:46:49.699Z,16266,1,300000
2026-09-15T21:46:49.699Z,27249,20,46990
2026-09-15T21:46:49.699Z,43720,2076000000,3040000000
2026-09-15T21:46:49.699Z,16121,25140,60490
2026-09-15T21:46:49.699Z,14832,909800000,2108000000
2026-09-15T21:46:49.699Z,17424,9068,29070
2026-09-15T21:46:49.699Z,64195,72000000,112300000
2026-09-15T21:46:49.699Z,46433,,25000000000
2026-09-15T21:46:49.699Z,53315,105100000,911000000
2026-09-15T21:46:49.699Z,44123,141.7,3900000
2026-09-15T21:46:49.699Z,14102,18430000,24100000
2026-09-15T21:46:49.699Z,44219,1001000,17980000
2026-09-15T21:46:49.699Z,46107,5000000,408400000
2026-09-15T21:46:49.699Z,41160,303300000,540000000
2026-09-15T21:46:49.699Z,55521,100000,794000
2026-09-15T21:46:49.699Z,46136,,899000000
2026-09-15T21:46:49.699Z,34057,151000000,399800000
2026-09-15T21:46:49.699Z,85524,14900000,894900000
2026-09-15T21:46:49.699Z,94060,260400000,480200000
2026-09-15T21:46:49.699Z,83094,151200000,269900000
2026-09-15T21:46:49.699Z,44159,10000,2803000
2026-09-15T21:46:49.699Z,94067,15500000,86000000
2026-09-15T21:46:49.699Z,36504,140000000,2670000000
2026-09-15T21:46:49.699Z,49813,31260000,242400000
2026-09-15T21:46:49.699Z,93726,227400000,317400000
2026-09-15T21:46:49.699Z,14765,1772000000,3119000000
2026-09-15T21:46:49.699Z,31582,2247000,12960000
2026-09-15T21:46:49.699Z,14381,2314000,2498000000
2026-09-15T21:46:49.699Z,46819,0.01,800000
2026-09-15T21:46:49.699Z,45499,2725,2726
2026-09-15T21:46:49.699Z,15232,1005000,250000000
2026-09-15T21:46:49.699Z,15270,279000,190000000
2026-09-15T21:46:49.699Z,37155,992900000,1850000000
2026-09-15T21:46:49.699Z,33608,13000,48700000
2026-09-15T21:46:49.699Z,33808,,1000000000
2026-09-15T21:46:49.699Z,19129,13220000,18980000
2026-09-15T21:46:49.699Z,41501,849200000,2194000000
2026-09-15T21:46:49.699Z,31966,12260000,27970000
2026-09-15T21:46:49.699Z,53422,9727000,1895000000
2026-09-15T21:46:49.699Z,32121,100700,31490000
2026-09-15T21:46:49.699Z,83235,10000,33450000
2026-09-15T21:46:49.699Z,84133,121300000,299100000
2026-09-15T21:46:49.699Z,73457,463500000,769900000
2026-09-15T21:46:49.699Z,87790,500000000,4800000000
2026-09-15T21:46:49.699Z,93612,117000000,300000000
2026-09-15T21:46:49.699Z,47550,50000,989000000
2026-09-15T21:46:49.699Z,13884,650100,3000000
2026-09-15T21:46:49.699Z,91082,26960,125000
2026-09-15T21:46:49.699Z,25346,14190,4000000
2026-09-15T21:46:49.699Z,62051,363000,1500000
2026-09-15T21:46:49.699Z,49652,1600000,6700000
2026-09-15T21:46:49.699Z,41465,43090000,90940000
2026-09-15T21:46:49.699Z,62048,1800000,3000000
2026-09-15T21:46:49.699Z,45798,15000000,29970000
2026-09-15T21:46:49.699Z,4135,133000000,999900000
2026-09-15T21:46:49.699Z,13830,6108000,12940000
2026-09-15T21:46:49.699Z,57422,53820000,179900000
2026-09-15T21:46:49.699Z,28387,135100,17890000
2026-09-15T21:46:49.699Z,83642,322500000,380600000
2026-09-15T21:46:49.699Z,81117,320100000,511600000
2026-09-15T21:46:49.699Z,48490,250000,16250000
2026-09-15T21:46:49.699Z,20057,251,1000
2026-09-15T21:46:49.699Z,46417,8209000,62870000
2026-09-15T21:46:49.699Z,76487,16000000,53490000
2026-09-15T21:46:49.699Z,28690,81230,81240
2026-09-15T21:46:49.699Z,24613,10230000,21950000
2026-09-15T21:46:49.699Z,42698,48000,839700
2026-09-15T21:46:49.699Z,31630,81700000,525800000
2026-09-15T21:46:49.699Z,20861,5263000,20100000
2026-09-15T21:46:49.699Z,34157,102500000,999500000
2026-09-15T21:46:49.699Z,37548,1,3410000000
2026-09-15T21:46:49.699Z,36708,3102000,2525000000
2026-09-15T21:46:49.699Z,28205,1147000,1499000
2026-09-15T21:46:49.699Z,91103,823600000,1708000000
2026-09-15T21:46:49.699Z,14746,4923000000,5790000000
2026-09-15T21:46:49.699Z,23819,75010000,96550000
2026-09-15T21:46:49.699Z,53187,31000000,190000000
2026-09-15T21:46:49.699Z,53375,180100,940200
2026-09-15T21:46:49.699Z,48187,4799000,19990000
2026-09-15T21:46:49.699Z,79755,191600000,356000000
2026-09-15T21:46:49.699Z,82390,10000,887600
2026-09-15T21:46:49.699Z,17850,4310000,8410000
2026-09-15T21:46:49.699Z,78367,102500000,108500000
2026-09-15T21:46:49.699Z,3129,53010000,80000000
2026-09-15T21:46:49.699Z,34609,73000000,724500000
2026-09-15T21:46:49.699Z,44185,100000,1397000
2026-09-15T21:46:49.699Z,45891,4170000,15090000
2026-09-15T21:46:49.699Z,33383,145000000,483700000
2026-09-15T21:46:49.699Z,93344,130000000,420000000
2026-09-15T21:46:49.699Z,53290,21130,64980
2026-09-15T21:46:49.699Z,48210,25950000,997900000
2026-09-15T21:46:49.699Z,1132,1000,40000
2026-09-15T21:46:49.699Z,26424,5053000,19080000
2026-09-15T21:46:49.699Z,78792,200100,998000
2026-09-15T21:46:49.699Z,518,8009000,17060000
2026-09-15T21:46:49.699Z,82348,10000,1389000
2026-09-15T21:46:49.699Z,45773,6500000,10000000
2026-09-15T21:46:49.699Z,55629,500,21990
2026-09-15T21:46:49.699Z,90734,16500000,20170000
2026-09-15T21:46:49.699Z,34655,700000000,894800000
2026-09-15T21:46:49.699Z,16664,6509,7243
2026-09-15T21:46:49.699Z,22551,28000000,35000000
2026-09-15T21:46:49.699Z,52633,14530000,579900000
2026-09-15T21:46:49.699Z,56637,1000,2000000
2026-09-15T21:46:49.699Z,73424,322300000,2500000000
2026-09-15T21:46:49.699Z,45505,0.01,449000000
2026-09-15T21:46:49.699Z,20138,81080,129100
2026-09-15T21:46:49.699Z,52631,20930000,599400000
2026-09-15T21:46:49.699Z,41211,28590000000,44990000000
2026-09-15T21:46:49.699Z,46176,9201000,10990000
2026-09-15T21:46:49.699Z,36491,70000000,490000000
2026-09-15T21:46:49.699Z,87706,45010000,449900000
2026-09-15T21:46:49.699Z,36387,161000000,995000000
2026-09-15T21:46:49.699Z,26066,0.01,3494000
2026-09-15T21:46:49.699Z,33968,32010000,76640000
2026-09-15T21:46:49.699Z,17840,601,601.1
2026-09-15T21:46:49.699Z,49743,60560,98420
2026-09-15T21:46:49.699Z,2406,110000,1600000
2026-09-15T21:46:49.699Z,82363,10000,10900000
2026-09-15T21:46:49.699Z,91281,48090000,100000000
2026-09-15T21:46:49.699Z,27525,812.4,1389
2026-09-15T21:46:49.699Z,95409,83000000,385700000
2026-09-15T21:46:49.699Z,32033,8004,174800
2026-09-15T21:46:49.699Z,46852,10000,2788000
2026-09-15T21:46:49.699Z,54445,500000,758900000
2026-09-15T21:46:49.699Z,82592,75180000,739700000
2026-09-15T21:46:49.699Z,46900,20.1,4247000
2026-09-15T21:46:49.699Z,73426,711500000,2000000000
2026-09-15T21:46:49.699Z,831,100,20000000
2026-09-15T21:46:49.699Z,48500,8005000,54730000
2026-09-15T21:46:49.699Z,44172,25000,1873000
2026-09-15T21:46:49.699Z,20727,23.84,397.9
2026-09-15T21:46:49.699Z,84970,205000000,734800000
2026-09-15T21:46:49.699Z,44914,15610000,42400000
2026-09-15T21:46:49.699Z,4223,28000000,109900000
2026-09-15T21:46:49.699Z,508,1290000,2694000
2026-09-15T21:46:49.699Z,82480,120000,1099000
2026-09-15T21:46:49.699Z,55540,1058,150000
2026-09-15T21:46:49.699Z,59844,0.01,998900000
2026-09-15T21:46:49.699Z,33066,100000,47900000
2026-09-15T21:46:49.699Z,55339,10000,44990
2026-09-15T21:46:49.699Z,78821,500700000,4770000000
2026-09-15T21:46:49.699Z,33793,45140000,145800000
2026-09-15T21:46:49.699Z,24348,1832000,2030000
2026-09-15T21:46:49.699Z,54428,180600000,1175000000
2026-09-15T21:46:49.699Z,43836,169900000,768500000
2026-09-15T21:46:49.699Z,46195,1000000,10130000
2026-09-15T21:46:49.699Z,49963,2507000000,4399000000
2026-09-15T21:46:49.699Z,45062,300000000,1245000000
2026-09-15T21:46:49.699Z,54430,28050000,280500000
2026-09-15T21:46:49.699Z,1145,1000,400000
2026-09-15T21:46:49.699Z,46194,1000000,10160000
2026-09-15T21:46:49.699Z,28511,15010000,300000000
2026-09-15T21:46:49.699Z,50156,3613000000,18250000000
2026-09-15T21:46:49.699Z,33891,,1186000
2026-09-15T21:46:49.699Z,33083,5701000000,8284000000
2026-09-15T21:46:49.699Z,24655,55500000,254000000
2026-09-15T21:46:49.699Z,48585,100000,15900000
2026-09-15T21:46:49.699Z,44147,12.35,999800
2026-09-15T21:46:49.699Z,47498,550000,55850000
2026-09-15T21:46:49.699Z,27078,1,499800
2026-09-15T21:46:49.699Z,46188,1000000,9995000
2026-09-15T21:46:49.699Z,44280,23250000,1998000000
2026-09-15T21:46:49.699Z,15915,10050,700000
2026-09-15T21:46:49.699Z,50052,91400000,197800000
2026-09-15T21:46:49.699Z,16241,3000000,8790000
2026-09-15T21:46:49.699Z,28692,36170,74990
2026-09-15T21:46:49.699Z,42622,22000000,4875000000
2026-09-15T21:46:49.699Z,33785,12690000,85540000
2026-09-15T21:46:49.699Z,56602,194400000,4500000000
2026-09-15T21:46:49.699Z,14399,,6986000000
2026-09-15T21:46:49.699Z,43816,4100000,30100000
2026-09-15T21:46:49.699Z,1148,5,400000
2026-09-15T21:46:49.699Z,20863,50000000,95900000
2026-09-15T21:46:49.699Z,42776,286000,2439000
2026-09-15T21:46:49.699Z,42161,40020000,398000000
2026-09-15T21:46:49.699Z,47304,716100,7500000
2026-09-15T21:46:49.699Z,49954,1529000000,25000000000
2026-09-15T21:46:49.699Z,42199,50000000,997400000
2026-09-15T21:46:49.699Z,1149,5,500000
2026-09-15T21:46:49.699Z,42174,0.01,2999000000
2026-09-15T21:46:49.699Z,46187,1000000,10070000
2026-09-15T21:46:49.699Z,28689,40120,100000
2026-09-15T21:46:49.699Z,88893,32030000,1087000000
2026-09-15T21:46:49.699Z,1150,1000,600000
2026-09-15T21:46:49.699Z,84961,4444000,5897000000
2026-09-15T21:46:49.699Z,56144,60020000,159200000
2026-09-15T21:46:49.699Z,15124,690000000,777400000
2026-09-15T21:46:49.699Z,34105,1009000000,9000000000
2026-09-15T21:46:49.699Z,12179,26030000,46000000
2026-09-15T21:46:49.699Z,78623,286.1,280000
2026-09-15T21:46:49.699Z,34420,201000,888800
2026-09-15T21:46:49.699Z,20837,250200,250300
2026-09-15T21:46:49.699Z,46290,75.07,50000
2026-09-15T21:46:49.699Z,63208,99500000,994800000
2026-09-15T21:46:49.699Z,83832,202100,2398000
2026-09-15T21:46:49.699Z,95473,270100000,2200000000
2026-09-15T21:46:49.699Z,11207,5115,1000000
2026-09-15T21:46:49.699Z,44143,1000,965000
2026-09-15T21:46:49.699Z,46964,191400,2198000
2026-09-15T21:46:49.699Z,31452,23000,45920000
2026-09-15T21:46:49.699Z,57391,15230000,299900000
2026-09-15T21:46:49.699Z,15116,309300,386000000
2026-09-15T21:46:49.699Z,73228,1000000,14900000
2026-09-15T21:46:49.699Z,53023,9000000,58870000000
2026-09-15T21:46:49.699Z,1547,21210,79000
2026-09-15T21:46:49.699Z,15837,26800000,147800000
2026-09-15T21:46:49.699Z,1815,179.5,140000
2026-09-15T21:46:49.699Z,78783,306600,1000000
2026-09-15T21:46:49.699Z,45819,134100,13050000
2026-09-15T21:46:49.699Z,60647,18360,1940000
2026-09-15T21:46:49.699Z,4020,8700000,11810000
2026-09-15T21:46:49.699Z,1170,82070,3294000
2026-09-15T21:46:49.699Z,15280,2625000000,3485000000
2026-09-15T21:46:49.699Z,85878,133000000,394900000
2026-09-15T21:46:49.699Z,23019,375.6,641
2026-09-15T21:46:49.699Z,47325,263300000,324800000
2026-09-15T21:46:49.699Z,34774,10000,5485000
2026-09-15T21:46:49.699Z,56198,175400000,569600000
2026-09-15T21:46:49.699Z,52228,565500,1129000
2026-09-15T21:46:49.699Z,14816,34000000,501600000
2026-09-15T21:46:49.699Z,41078,29350000,194800000
2026-09-15T21:46:49.699Z,85541,130700000,379500000
2026-09-15T21:46:49.699Z,41318,500,1619
2026-09-15T21:46:49.699Z,43883,101600000,116000000
2026-09-15T21:46:49.699Z,31458,78020,54990000
2026-09-15T21:46:49.699Z,26062,,583700
2026-09-15T21:46:49.699Z,53892,296600000,373600000
2026-09-15T21:46:49.699Z,46233,252000,1499000
2026-09-15T21:46:49.699Z,74156,603800,14690000
2026-09-15T21:46:49.699Z,14668,11390000000,13000000000
2026-09-15T21:46:49.699Z,59810,1001000,2999000000
2026-09-15T21:46:49.699Z,47870,2026,214700
2026-09-15T21:46:49.699Z,46855,1506000,1507000
2026-09-15T21:46:49.699Z,17654,3.4,1495
2026-09-15T21:46:49.699Z,30550,1523000,20000000
2026-09-15T21:46:49.699Z,41531,214100000,259700000
2026-09-15T21:46:49.699Z,21951,34730000,58660000
2026-09-15T21:46:49.699Z,14930,187100,500000000
2026-09-15T21:46:49.699Z,16269,0.01,700000
2026-09-15T21:46:49.699Z,82961,120000,387600
2026-09-15T21:46:49.699Z,30544,4234000,8000000
2026-09-15T21:46:49.699Z,892,,2100000
2026-09-15T21:46:49.699Z,30552,4251000,6989000
2026-09-15T21:46:49.699Z,20115,8200,14860
2026-09-15T21:46:49.699Z,46873,50000,4196000
2026-09-15T21:46:49.699Z,27539,1583000,4999000000
2026-09-15T21:46:49.699Z,3326,400100,4947000
2026-09-15T21:46:49.699Z,45658,,13000000
2026-09-15T21:46:49.699Z,52642,413500000,3801000000
2026-09-15T21:46:49.699Z,93993,900000000,1450000000
2026-09-15T21:46:49.699Z,59859,31670000,3999000000
2026-09-15T21:46:49.699Z,44067,240000000,290000000
2026-09-15T21:46:49.699Z,81953,55710,498000
2026-09-15T21:46:49.699Z,85088,48000,52500
2026-09-15T21:46:49.699Z,57483,77020000,85980000
2026-09-15T21:46:49.699Z,77738,1001000000,2630000000
2026-09-15T21:46:49.699Z,84334,8051000,14990000
2026-09-15T21:46:49.699Z,62677,,912750000
2026-09-15T21:46:49.699Z,46830,37000,9896000
2026-09-15T21:46:49.699Z,37896,26000,399500
2026-09-15T21:46:49.699Z,40669,405100000,900000000
2026-09-15T21:46:49.699Z,64406,20010000,4888000000
2026-09-15T21:46:49.699Z,31470,41090,10000000
2026-09-15T21:46:49.699Z,2019,,250000
2026-09-15T21:46:49.699Z,41302,1262,7811
2026-09-15T21:46:49.699Z,19113,31170000,42900000
2026-09-15T21:46:49.699Z,37892,4110,501800
2026-09-15T21:46:49.699Z,46924,57490,2477000
2026-09-15T21:46:49.699Z,57066,109100000,745000000
2026-09-15T21:46:49.699Z,22541,8002000,11900000
2026-09-15T21:46:49.699Z,43780,1292000,47000000
2026-09-15T21:46:49.699Z,83308,10000,185500
2026-09-15T21:46:49.699Z,19400,1.01,10200
2026-09-15T21:46:49.699Z,36510,120000000,1680000000
2026-09-15T21:46:49.699Z,82368,10000,45850000
2026-09-15T21:46:49.699Z,42561,15000000,35000000
2026-09-15T21:46:49.699Z,31335,5000,250000
2026-09-15T21:46:49.699Z,84076,100300,45000000
2026-09-15T21:46:49.699Z,81015,96000000,196100000
2026-09-15T21:46:49.699Z,46950,1187000,4987000
2026-09-15T21:46:49.699Z,43755,9036000,49010000
2026-09-15T21:46:49.699Z,33011,1861,24860
2026-09-15T21:46:49.699Z,53614,100100,999600000
2026-09-15T21:46:49.699Z,57334,378500000,996300000
2026-09-15T21:46:49.699Z,46951,250500,4896000
2026-09-15T21:46:49.699Z,55675,108000,986100
2026-09-15T21:46:49.699Z,54912,804000000,9008000000
2026-09-15T21:46:49.699Z,42644,45000000,8843000000
2026-09-15T21:46:49.699Z,31524,41620000,148900000
2026-09-15T21:46:49.699Z,3320,4111,87000
2026-09-15T21:46:49.699Z,31275,,246400
2026-09-15T21:46:49.699Z,4164,130000000,350000000
2026-09-15T21:46:49.699Z,41486,14440000,22240000
2026-09-15T21:46:49.699Z,36382,96100000,1001000000
2026-09-15T21:46:49.699Z,19169,80230000,143100000
2026-09-15T21:46:49.699Z,2041,61000,219900000
2026-09-15T21:46:49.699Z,44136,100,300000
2026-09-15T21:46:49.699Z,21965,20640000,58480000
2026-09-15T21:46:49.699Z,27190,163600000,200200000
2026-09-15T21:46:49.699Z,34777,112,800000
2026-09-15T21:46:49.699Z,3357,2796,54890
2026-09-15T21:46:49.699Z,91257,90650000,274900000
2026-09-15T21:46:49.699Z,41523,2426,23390
2026-09-15T21:46:49.699Z,15268,55240000,229200000
2026-09-15T21:46:49.699Z,42759,50100,1100000
2026-09-15T21:46:49.699Z,31802,1117000,1312000
2026-09-15T21:46:49.699Z,27897,15500000,770600000
2026-09-15T21:46:49.699Z,48724,1652000000,4284000000
2026-09-15T21:46:49.699Z,95525,350100000,841000000
2026-09-15T21:46:49.699Z,63780,22020,399000
2026-09-15T21:46:49.699Z,40490,35560000,329200000
2026-09-15T21:46:49.699Z,42651,38000000,2000000000
2026-09-15T21:46:49.699Z,47617,,1340000000
2026-09-15T21:46:49.699Z,14848,151800000,972800000
2026-09-15T21:46:49.699Z,36436,190100000,1640000000
2026-09-15T21:46:49.699Z,36766,10000000,899900000
2026-09-15T21:46:49.699Z,31804,,179900000
2026-09-15T21:46:49.699Z,25547,4000,22000
2026-09-15T21:46:49.699Z,84422,3165000,17960000
2026-09-15T21:46:49.699Z,41223,28560000,130900000
2026-09-15T21:46:49.699Z,40771,1001000,20190000
2026-09-15T21:46:49.699Z,94064,439300000,620000000
2026-09-15T21:46:49.699Z,31696,,300000000
2026-09-15T21:46:49.699Z,31646,253000,1249000
2026-09-15T21:46:49.699Z,85517,1526000,6498000
2026-09-15T21:46:49.699Z,81021,61320000,169000000
2026-09-15T21:46:49.699Z,32035,1060000,1253000
2026-09-15T21:46:49.699Z,33012,,781500
2026-09-15T21:46:49.699Z,55715,167500000,2596000000
2026-09-15T21:46:49.699Z,55528,1.13,44990
2026-09-15T21:46:49.699Z,14688,6252000000,8000000000
2026-09-15T21:46:49.699Z,27082,303000,638900
2026-09-15T21:46:49.699Z,43754,,14680000
2026-09-15T21:46:49.699Z,57061,103400000,2777000000
2026-09-15T21:46:49.699Z,93483,51010000,90000000
2026-09-15T21:46:49.699Z,17441,552.4,1189
2026-09-15T21:46:49.699Z,27646,20140000,44010000
2026-09-15T21:46:49.699Z,55755,41000,609000
2026-09-15T21:46:49.699Z,84942,667700000,843800000
2026-09-15T21:46:49.699Z,31968,16470000,22320000
2026-09-15T21:46:49.699Z,3278,114300,9494000
2026-09-15T21:46:49.699Z,16595,13970000,16650000
2026-09-15T21:46:49.699Z,84969,5555000,8383000000
2026-09-15T21:46:49.699Z,33775,17800000,64990000
2026-09-15T21:46:49.699Z,14772,564000000,745800000
2026-09-15T21:46:49.699Z,88788,129700000,2488000000
2026-09-15T21:46:49.699Z,16603,4890000000,5275000000
2026-09-15T21:46:49.699Z,15120,151000000,380600000
2026-09-15T21:46:49.699Z,34640,550500000,2751000000
2026-09-15T21:46:49.699Z,20207,1031000000,1293000000
2026-09-15T21:46:49.699Z,27569,20000000,30000000
2026-09-15T21:46:49.699Z,4178,1467000,6000000
2026-09-15T21:46:49.699Z,14796,14850000000,27000000000
2026-09-15T21:46:49.699Z,56196,26100000,4217000000
2026-09-15T21:46:49.699Z,45867,50980000,130900000
2026-09-15T21:46:49.699Z,11293,16220,23000
2026-09-15T21:46:49.699Z,22993,814.6,1187
2026-09-15T21:46:49.699Z,59819,277500000,3895000000
2026-09-15T21:46:49.699Z,14846,,6444000000
2026-09-15T21:46:49.699Z,23735,43770000,99970000
2026-09-15T21:46:49.699Z,92963,55060000,74760000
2026-09-15T21:46:49.699Z,49956,713100000,980000000
2026-09-15T21:46:49.699Z,17204,210700,364800
2026-09-15T21:46:49.699Z,5745,2103,7700
2026-09-15T21:46:49.699Z,14698,4662000000,8579000000
2026-09-15T21:46:49.699Z,53154,250000,13640000
2026-09-15T21:46:49.699Z,30325,9001000,15900000
2026-09-15T21:46:49.699Z,7247,655800,996600
2026-09-15T21:46:49.699Z,25932,,850000
2026-09-15T21:46:49.699Z,40308,35070000,250000000
2026-09-15T21:46:49.699Z,22242,63300000,79900000
2026-09-15T21:46:49.699Z,46932,75000,2995000
2026-09-15T21:46:49.699Z,20342,45060000,75000000
2026-09-15T21:46:49.699Z,88178,20010000,1000000000
2026-09-15T21:46:49.699Z,47624,6200000,39990000
2026-09-15T21:46:49.699Z,20527,68020000,88000000
2026-09-15T21:46:49.699Z,2735,0.02,575000000
2026-09-15T21:46:49.699Z,37230,106500000,114000000
2026-09-15T21:46:49.699Z,31189,,987300
2026-09-15T21:46:49.699Z,34097,121500000,162500000
2026-09-15T21:46:49.699Z,46249,426100000,799900000
2026-09-15T21:46:49.699Z,71732,6235000,1757000000
2026-09-15T21:46:49.699Z,31265,10000,1200000
2026-09-15T21:46:49.699Z,31289,10000,785000
2026-09-15T21:46:49.699Z,31349,10000,850000
2026-09-15T21:46:49.699Z,35434,2005,1201000
2026-09-15T21:46:49.699Z,10841,,5854720
2026-09-15T21:46:49.699Z,12095,1112000,5500000
2026-09-15T21:46:49.699Z,79721,148800,4983000
2026-09-15T21:46:49.699Z,41066,243500000,471800000
2026-09-15T21:46:49.699Z,33379,0.01,534400000
2026-09-15T21:46:49.699Z,73251,12010,100100
2026-09-15T21:46:49.699Z,32026,5000,225000
2026-09-15T21:46:49.699Z,42765,230500,2100000
2026-09-15T21:46:49.699Z,27323,8092,22970
2026-09-15T21:46:49.699Z,3332,591200,1297000
2026-09-15T21:46:49.699Z,46226,730000,9996000
2026-09-15T21:46:49.699Z,60662,100000,1200000
2026-09-15T21:46:49.699Z,33834,340000000,740000000
2026-09-15T21:46:49.699Z,33051,141000,2199000
2026-09-15T21:46:49.699Z,28416,926,19590
2026-09-15T21:46:49.699Z,27633,2689000,14970000
2026-09-15T21:46:49.699Z,88681,1000,780800
2026-09-15T21:46:49.699Z,27565,15160000,149500000
2026-09-15T21:46:49.699Z,93742,68470000,85990000
2026-09-15T21:46:49.699Z,32070,5000,225000
2026-09-15T21:46:49.699Z,76291,158700000,330400000
2026-09-15T21:46:49.699Z,7333,5039,7541
2026-09-15T21:46:49.699Z,85518,21700000,44950000
2026-09-15T21:46:49.699Z,12211,1121000,2057000
2026-09-15T21:46:49.699Z,25895,,2369000
2026-09-15T21:46:49.699Z,34690,101300000,948500000
2026-09-15T21:46:49.699Z,56925,,345000000
2026-09-15T21:46:49.699Z,32058,5000,225000
2026-09-15T21:46:49.699Z,11083,123900,800000
2026-09-15T21:46:49.699Z,834,1000,25000
2026-09-15T21:46:49.699Z,43850,,29990000
2026-09-15T21:46:49.699Z,91946,31370000,111200000
2026-09-15T21:46:49.699Z,91923,1524000,19860000
2026-09-15T21:46:49.699Z,33722,80000000,2000000000
2026-09-15T21:46:49.699Z,31299,5000,200000
2026-09-15T21:46:49.699Z,54433,30960000,53960000
2026-09-15T21:46:49.699Z,15118,120100000,499900000
2026-09-15T21:46:49.699Z,46958,5038,2800000
2026-09-15T21:46:49.699Z,32082,5000,250000
2026-09-15T21:46:49.699Z,33378,257200000,877500000
2026-09-15T21:46:49.699Z,46582,16240000000,37900000000
2026-09-15T21:46:49.699Z,47629,44030000,79990000
2026-09-15T21:46:49.699Z,56889,10010000,290100000
2026-09-15T21:46:49.699Z,12355,,10000000
2026-09-15T21:46:49.699Z,32090,5000,250000
2026-09-15T21:46:49.699Z,93015,7000000,44990000
2026-09-15T21:46:49.699Z,47541,100200000,478900000
2026-09-15T21:46:49.699Z,77164,150000000,499800000
2026-09-15T21:46:49.699Z,59820,0.01,499000000
2026-09-15T21:46:49.699Z,979,30610000,89000000
2026-09-15T21:46:49.699Z,44932,10470000,57780000
2026-09-15T21:46:49.699Z,59462,,699000000
2026-09-15T21:46:49.699Z,49709,67310,4688000
2026-09-15T21:46:49.699Z,31590,35040,33500000
2026-09-15T21:46:49.699Z,44934,13440000,89980000
2026-09-15T21:46:49.699Z,88712,4368000000,8992000000
2026-09-15T21:46:49.699Z,56861,5005,373400
2026-09-15T21:46:49.699Z,49816,0.01,2400000000
2026-09-15T21:46:49.699Z,60338,74230,33000000
2026-09-15T21:46:49.699Z,2487,400500,2068000
2026-09-15T21:46:49.699Z,20925,50.15,970
2026-09-15T21:46:49.699Z,37816,1111000,2547000
2026-09-15T21:46:49.699Z,57465,1030000,1220000
2026-09-15T21:46:49.699Z,4396,,1500000
2026-09-15T21:46:49.699Z,33823,5000,200000
2026-09-15T21:46:49.699Z,21611,25140000,31960000
2026-09-15T21:46:49.699Z,86274,0.01,109600000
2026-09-15T21:46:49.699Z,46725,93500000,2918000000
2026-09-15T21:46:49.699Z,46312,250,12000
2026-09-15T21:46:49.699Z,78791,300000,1583000
2026-09-15T21:46:49.699Z,28733,50100000,62800000
2026-09-15T21:46:49.699Z,19421,124400000,133700000
2026-09-15T21:46:49.699Z,31284,22070000,356900000
2026-09-15T21:46:49.699Z,1295,10,2375000
2026-09-15T21:46:49.699Z,14851,72000000,720000000
2026-09-15T21:46:49.699Z,46853,252700,7098000
2026-09-15T21:46:49.699Z,26078,51610,234000
2026-09-15T21:46:49.699Z,87776,10000000,29290000
2026-09-15T21:46:49.699Z,28880,1330000,6000000
2026-09-15T21:46:49.699Z,33850,80360000,138000000
2026-09-15T21:46:49.699Z,17861,2712,7941
2026-09-15T21:46:49.699Z,16631,150300,2017000
2026-09-15T21:46:49.699Z,27113,,749000
2026-09-15T21:46:49.699Z,27114,178700000,200300000
2026-09-15T21:46:49.699Z,88263,515300000,5000000000
2026-09-15T21:46:49.699Z,485,9896,13370
2026-09-15T21:46:49.699Z,13218,13020000,17310000
2026-09-15T21:46:49.699Z,10678,9796,19840
2026-09-15T21:46:49.699Z,27597,502900000,1100000000
2026-09-15T21:46:49.699Z,34686,3000000,39900000
2026-09-15T21:46:49.699Z,45855,15100000,39390000
2026-09-15T21:46:49.699Z,42178,1000000,478900000
2026-09-15T21:46:49.699Z,47254,1045,15000
2026-09-15T21:46:49.699Z,82481,60010,1813000
2026-09-15T21:46:49.699Z,28770,64060000,212000000
2026-09-15T21:46:49.699Z,27585,8150000,119000000
2026-09-15T21:46:49.699Z,91613,105000000,6399000000
2026-09-15T21:46:49.699Z,41255,851500000,1988000000
2026-09-15T21:46:49.699Z,36646,0.01,5000000000
2026-09-15T21:46:49.699Z,36288,0.01,6025000000
2026-09-15T21:46:49.699Z,56882,45000000,199900000
2026-09-15T21:46:49.699Z,45786,1167000,9283000
2026-09-15T21:46:49.699Z,56975,10.02,199900
2026-09-15T21:46:49.699Z,56980,12.17,89900
2026-09-15T21:46:49.699Z,92568,161,749
2026-09-15T21:46:49.699Z,32091,0.02,1483000
2026-09-15T21:46:49.699Z,33060,4110000,14980000
2026-09-15T21:46:49.699Z,21388,6.01,71.99
2026-09-15T21:46:49.699Z,77402,,799800000
2026-09-15T21:46:49.699Z,27373,661,1990
2026-09-15T21:46:49.699Z,93475,18440000,50000000
2026-09-15T21:46:49.699Z,3110,112400,10000000
2026-09-15T21:46:49.699Z,45964,59410000,200000000
2026-09-15T21:46:49.699Z,93717,10080,99990000
2026-09-15T21:46:49.699Z,11455,811400,2084000
2026-09-15T21:46:49.699Z,26344,,3678000
2026-09-15T21:46:49.699Z,45546,3050000000,4997000000
2026-09-15T21:46:49.699Z,43841,0.01,2978000
2026-09-15T21:46:49.699Z,60950,21000000,550000000
2026-09-15T21:46:49.699Z,81896,10180000,19000000
2026-09-15T21:46:49.699Z,49948,8004000000,359900000000
2026-09-15T21:46:49.699Z,17288,5200,11500000
2026-09-15T21:46:49.699Z,14774,570000000,790000000
2026-09-15T21:46:49.699Z,27615,119400,15990000
2026-09-15T21:46:49.699Z,43772,3001000,142100000
2026-09-15T21:46:49.699Z,33096,2171000,2898000
2026-09-15T21:46:49.699Z,33385,100000,10000000
2026-09-15T21:46:49.699Z,20761,590.8,3100
2026-09-15T21:46:49.699Z,56212,609000000,3100000000
2026-09-15T21:46:49.699Z,34809,123500000,1070000000
2026-09-15T21:46:49.699Z,59463,0.01,399000000
2026-09-15T21:46:49.699Z,62506,14730,30710
2026-09-15T21:46:49.699Z,1168,1051,2700000
2026-09-15T21:46:49.699Z,43727,50000000,14960000000
2026-09-15T21:46:49.699Z,85000,815900000,3970000000
2026-09-15T21:46:49.699Z,34032,62520000,99910000
2026-09-15T21:46:49.699Z,31976,20000000,48450000
2026-09-15T21:46:49.699Z,15691,0.02,600000
2026-09-15T21:46:49.699Z,48495,1070000,84160000
2026-09-15T21:46:49.699Z,31977,57040000,70760000
2026-09-15T21:46:49.699Z,33405,272500000,298300000
2026-09-15T21:46:49.699Z,57499,5001000,10500000
2026-09-15T21:46:49.699Z,26382,3332000,6918000
2026-09-15T21:46:49.699Z,839,,1250000
2026-09-15T21:46:49.699Z,46916,800100,6497000
2026-09-15T21:46:49.699Z,14890,726600,757100000
2026-09-15T21:46:49.699Z,18718,27470,899800
2026-09-15T21:46:49.699Z,48499,11320000,111500000
2026-09-15T21:46:49.699Z,32117,3545000,7499000
2026-09-15T21:46:49.699Z,20721,,23
2026-09-15T21:46:49.699Z,44911,228300,24900000
2026-09-15T21:46:49.699Z,30651,200000,20000000
2026-09-15T21:46:49.699Z,85015,,3189000000
2026-09-15T21:46:49.699Z,32123,14020,8449000
2026-09-15T21:46:49.699Z,88213,892000000,2600000000
2026-09-15T21:46:49.699Z,57389,57750000,576500000
2026-09-15T21:46:49.699Z,33745,35660000,80000000
2026-09-15T21:46:49.699Z,94314,,164900000
2026-09-15T21:46:49.699Z,57511,1608000,1589000000
2026-09-15T21:46:49.699Z,33755,45000000,49990000
2026-09-15T21:46:49.699Z,43725,50000000,14970000000
2026-09-15T21:46:49.699Z,1208,,30800
2026-09-15T21:46:49.699Z,3343,0.01,523200
2026-09-15T21:46:49.699Z,79762,55020000,99950000
2026-09-15T21:46:49.699Z,79757,70540000,120000000
2026-09-15T21:46:49.699Z,48501,5300000,44500000
2026-09-15T21:46:49.699Z,88655,540200,40160000
2026-09-15T21:46:49.699Z,95474,260700000,2999000000
2026-09-15T21:46:49.699Z,42185,560000000,1199000000
2026-09-15T21:46:49.699Z,46234,211700,980000
2026-09-15T21:46:49.699Z,42179,5086000,499500000
2026-09-15T21:46:49.699Z,48548,,2800000000
2026-09-15T21:46:49.699Z,85033,17100000,287100000
2026-09-15T21:46:49.699Z,91928,19120000,75000000
2026-09-15T21:46:49.699Z,42160,76260000,990000000
2026-09-15T21:46:49.699Z,3282,237600,180000000
2026-09-15T21:46:49.699Z,36401,215000000,6999000000
2026-09-15T21:46:49.699Z,75906,50100000,998000000
2026-09-15T21:46:49.699Z,42152,1000000,250000000
2026-09-15T21:46:49.699Z,18716,377.9,3400000
2026-09-15T21:46:49.699Z,15509,601000,2698000
2026-09-15T21:46:49.699Z,41473,211900000,498900000
2026-09-15T21:46:49.699Z,12207,3710000,9798000
2026-09-15T21:46:49.699Z,53195,,279100000
2026-09-15T21:46:49.699Z,3398,16000000,35900000
2026-09-15T21:46:49.699Z,34778,12000,3970000
2026-09-15T21:46:49.699Z,26082,111700,579600
2026-09-15T21:46:49.699Z,18777,65310,1480000
2026-09-15T21:46:49.699Z,89654,71170000,209000000
2026-09-15T21:46:49.699Z,54304,460000,9989000
2026-09-15T21:46:49.699Z,16237,600300,11000000
2026-09-15T21:46:49.699Z,90402,422000000,638200000
2026-09-15T21:46:49.699Z,4363,3607000000,6098000000
2026-09-15T21:46:49.699Z,33403,237100000,280000000
2026-09-15T21:46:49.699Z,21332,26,97.99
2026-09-15T21:46:49.699Z,31743,10020,780000
2026-09-15T21:46:49.699Z,31566,284000,175000000
2026-09-15T21:46:49.699Z,83314,1001,98900
2026-09-15T21:46:49.699Z,20835,150000,150100
2026-09-15T21:46:49.699Z,57787,118200000,2002000000
2026-09-15T21:46:49.699Z,27437,134000,318600
2026-09-15T21:46:49.699Z,3334,1050000,3500000
2026-09-15T21:46:49.699Z,3474,70970000,123800000
2026-09-15T21:46:49.699Z,60952,25240000,33860000
2026-09-15T21:46:49.699Z,45835,501300,2929000
2026-09-15T21:46:49.699Z,848,,16780000
2026-09-15T21:46:49.699Z,21726,113600,298000
2026-09-15T21:46:49.699Z,82346,1000,259900
2026-09-15T21:46:49.699Z,31209,5330,1964000
2026-09-15T21:46:49.699Z,46185,9709000,10150000
2026-09-15T21:46:49.699Z,13255,12350000,16770000
2026-09-15T21:46:49.699Z,31325,10000,785000
2026-09-15T21:46:49.699Z,78784,200000,1097000
2026-09-15T21:46:49.699Z,91086,60000000,250000000
2026-09-15T21:46:49.699Z,60568,500100,2994000
2026-09-15T21:46:49.699Z,59632,0.02,109000000
2026-09-15T21:46:49.699Z,60098,266100000,735000000
2026-09-15T21:46:49.699Z,15715,1009000,4798000
2026-09-15T21:46:49.699Z,15818,114700,55000000
2026-09-15T21:46:49.699Z,3546,285100000,429100000
2026-09-15T21:46:49.699Z,55698,1073,64000
2026-09-15T21:46:49.699Z,46915,750000,3700000
2026-09-15T21:46:49.699Z,23051,903.7,2473
2026-09-15T21:46:49.699Z,54536,3740000000,8499000000
2026-09-15T21:46:49.699Z,16495,15840,20000
2026-09-15T21:46:49.699Z,46575,230100000,285600000
2026-09-15T21:46:49.699Z,88683,300000,3294000
2026-09-15T21:46:49.699Z,21470,54670000,141800000
2026-09-15T21:46:49.699Z,43800,4000000,40990000
2026-09-15T21:46:49.699Z,43910,500000000,726200000
2026-09-15T21:46:49.699Z,53357,82000,99990000
2026-09-15T21:46:49.699Z,25907,24990,1500000
2026-09-15T21:46:49.699Z,53368,16410,934300
2026-09-15T21:46:49.699Z,41494,4523000000,6500000000
2026-09-15T21:46:49.699Z,15786,30760000,37900000
2026-09-15T21:46:49.699Z,22925,4569000,44700000
2026-09-15T21:46:49.699Z,59226,378400000,8895000000
2026-09-15T21:46:49.699Z,17357,4001000,7000000
2026-09-15T21:46:49.699Z,81032,335900,2999000
2026-09-15T21:46:49.699Z,88357,80010,1097000
2026-09-15T21:46:49.699Z,82040,65550000,125500000
2026-09-15T21:46:49.699Z,4388,45000000000,169400000000
2026-09-15T21:46:49.699Z,88579,20000,1384000
2026-09-15T21:46:49.699Z,17341,,7000000
2026-09-15T21:46:49.699Z,46859,17110,8000000
2026-09-15T21:46:49.699Z,55855,16600000000,69990000000
2026-09-15T21:46:49.699Z,89934,282600,1894000
2026-09-15T21:46:49.699Z,16647,5057,5488
2026-09-15T21:46:49.699Z,54562,698300,5598000
2026-09-15T21:46:49.699Z,15108,16800000000,23600000000
2026-09-15T21:46:49.699Z,31398,78100,69260000
2026-09-15T21:46:49.699Z,36298,125600000,1100000000
2026-09-15T21:46:49.699Z,60569,0.01,3499000000
2026-09-15T21:46:49.699Z,63175,18000000,194000000
2026-09-15T21:46:49.699Z,56956,704500000,4951000000
2026-09-15T21:46:49.699Z,50041,,124000000
2026-09-15T21:46:49.699Z,59228,410700000,8606000000
2026-09-15T21:46:49.699Z,37229,232500000,479000000
2026-09-15T21:46:49.699Z,31375,,60000000
2026-09-15T21:46:49.699Z,56197,1054000000,3000000000
2026-09-15T21:46:49.699Z,41460,100800000,574300000
2026-09-15T21:46:49.699Z,87179,0.02,8000000
2026-09-15T21:46:49.699Z,42769,140200,1290000
2026-09-15T21:46:49.699Z,81603,14970000,19980000
2026-09-15T21:46:49.699Z,41471,29920000,49000000
2026-09-15T21:46:49.699Z,88526,480000,2096000
2026-09-15T21:46:49.699Z,14552,160900000,298100000
2026-09-15T21:46:49.699Z,75265,22050000,100000000
2026-09-15T21:46:49.699Z,31721,1.05,49000000
2026-09-15T21:46:49.699Z,94054,107500000,129600000
2026-09-15T21:46:49.699Z,27107,50120,694700
2026-09-15T21:46:49.699Z,53053,85000,2500000
2026-09-15T21:46:49.699Z,31757,0.02,49000000
2026-09-15T21:46:49.699Z,19408,1955000,2078000
2026-09-15T21:46:49.699Z,46993,170,1392000
2026-09-15T21:46:49.699Z,54226,,443800
2026-09-15T21:46:49.699Z,46379,33010000,898500000
2026-09-15T21:46:49.699Z,31676,4048000,10570000
2026-09-15T21:46:49.699Z,88894,110000000,493500000
2026-09-15T21:46:49.699Z,55533,1.23,96600
2026-09-15T21:46:49.699Z,46970,2001,2440000
2026-09-15T21:46:49.699Z,15649,60100,158600
2026-09-15T21:46:49.699Z,15666,60000,990800
2026-09-15T21:46:49.699Z,20865,263700,1083000
2026-09-15T21:46:49.699Z,43791,624000,9500000
2026-09-15T21:46:49.699Z,85879,210000000,244900000
2026-09-15T21:46:49.699Z,17926,83400000,93930000
2026-09-15T21:46:49.699Z,12096,22100000,34000000
2026-09-15T21:46:49.699Z,87774,290000000,464800000
2026-09-15T21:46:49.699Z,36316,166600000,5025000000
2026-09-15T21:46:49.699Z,37522,9241000,2749000000
2026-09-15T21:46:49.699Z,36289,13070000,3525000000
2026-09-15T21:46:49.699Z,37492,135600000,5025000000
2026-09-15T21:46:49.699Z,46412,36150000,2525000000
2026-09-15T21:46:49.699Z,36315,225000000,5025000000
2026-09-15T21:46:49.699Z,34678,12500000,1864000000
2026-09-15T21:46:49.699Z,36293,998000,998900000
2026-09-15T21:46:49.699Z,40621,55660000,2525000000
2026-09-15T21:46:49.699Z,12297,1000000,9600000
2026-09-15T21:46:49.699Z,85519,5090000,14480000
2026-09-15T21:46:49.699Z,88790,3178000000,15930000000
2026-09-15T21:46:49.699Z,36347,600000000,1470000000
2026-09-15T21:46:49.699Z,88634,10000,6602000
2026-09-15T21:46:49.699Z,41466,91360000,121200000
2026-09-15T21:46:49.699Z,17348,,9000000
2026-09-15T21:46:49.699Z,60193,456800000,1794000000
2026-09-15T21:46:49.699Z,15164,258500,229300000
2026-09-15T21:46:49.699Z,4001,12060000,489000000
2026-09-15T21:46:49.699Z,845,75000,7191000
2026-09-15T21:46:49.699Z,969,77110000,87990000
2026-09-15T21:46:49.699Z,936,10,4793000
2026-09-15T21:46:49.699Z,33774,100000000,980000000
2026-09-15T21:46:49.699Z,48149,619500000,1480000000
2026-09-15T21:46:49.699Z,37521,605400000,4669000000
2026-09-15T21:46:49.699Z,47287,880800000,999900000
2026-09-15T21:46:49.699Z,46722,101000,1500000
2026-09-15T21:46:49.699Z,48557,,2900000000
2026-09-15T21:46:49.699Z,32863,59960,3586000
2026-09-15T21:46:49.699Z,25868,5147000000,7910000000
2026-09-15T21:46:49.699Z,36377,335100000,3344000000
2026-09-15T21:46:49.699Z,52420,3105000,24500000
2026-09-15T21:46:49.699Z,31266,,49580000
2026-09-15T21:46:49.699Z,15511,600500,1609000
2026-09-15T21:46:49.699Z,76240,135000000,1999000000
2026-09-15T21:46:49.699Z,53386,28890,28980000
2026-09-15T21:46:49.699Z,956,1506,4300000
2026-09-15T21:46:49.699Z,53308,68160000,102300000
2026-09-15T21:46:49.699Z,42573,21000000,300000000
2026-09-15T21:46:49.699Z,36639,46300000,1499000000
2026-09-15T21:46:49.699Z,33551,335400000,718300000
2026-09-15T21:46:49.699Z,56853,80460000,173500000
2026-09-15T21:46:49.699Z,40579,55660000,2525000000
2026-09-15T21:46:49.699Z,36814,87010000,2525000000
2026-09-15T21:46:49.699Z,34697,0.01,2398000000
2026-09-15T21:46:49.699Z,36649,0.01,5025000000
2026-09-15T21:46:49.699Z,40467,0.01,2500000000
2026-09-15T21:46:49.699Z,36751,6997000,2525000000
2026-09-15T21:46:49.699Z,36820,1000000,5025000000
2026-09-15T21:46:49.699Z,34611,125000000,5025000000
2026-09-15T21:46:49.699Z,40624,270000000,5025000000
2026-09-15T21:46:49.699Z,13870,1242000,2800000
2026-09-15T21:46:49.699Z,46729,,2500000000
2026-09-15T21:46:49.699Z,46404,0.01,2525000000
2026-09-15T21:46:49.699Z,46137,2003000,1399000000
2026-09-15T21:46:49.699Z,46904,200100,2000000
2026-09-15T21:46:49.699Z,46957,614700,4415000
2026-09-15T21:46:49.699Z,21718,500.3,92000
2026-09-15T21:46:49.699Z,46955,137500,1300000
2026-09-15T21:46:49.699Z,85404,60000,1083000
2026-09-15T21:46:49.699Z,61208,120900,2725000
2026-09-15T21:46:49.699Z,15078,3391000000,3650000000
2026-09-15T21:46:49.699Z,1166,,1300000
2026-09-15T21:46:49.699Z,3767,15010,5873000
2026-09-15T21:46:49.699Z,62486,2009,4000
2026-09-15T21:46:49.699Z,33024,22000000,99000000
2026-09-15T21:46:49.699Z,46984,267400,8175000
2026-09-15T21:46:49.699Z,46166,,11990000
2026-09-15T21:46:49.699Z,13265,13330000,16930000
2026-09-15T21:46:49.699Z,34635,46270000,2498000000
2026-09-15T21:46:49.699Z,23618,50310,100000
2026-09-15T21:46:49.699Z,46868,275600,2788000
2026-09-15T21:46:49.699Z,90039,60190000,170000000
2026-09-15T21:46:49.699Z,46179,0.03,10930000
2026-09-15T21:46:49.699Z,87514,2090000,5998000
2026-09-15T21:46:49.699Z,46662,722000000,10000000000
2026-09-15T21:46:49.699Z,33937,6001000,24410000
2026-09-15T21:46:49.699Z,76239,95000000,2000000000
2026-09-15T21:46:49.699Z,19694,113500000,119700000
2026-09-15T21:46:49.699Z,32982,30010,39980000
2026-09-15T21:46:49.699Z,85931,113100000,189700000
2026-09-15T21:46:49.699Z,46840,1110000,10000000
2026-09-15T21:46:49.699Z,34749,171600000,848400000
2026-09-15T21:46:49.699Z,42567,2100000,57790000
2026-09-15T21:46:49.699Z,48551,,3200000000
2026-09-15T21:46:49.699Z,15939,137200000,156000000
2026-09-15T21:46:49.699Z,46323,390000000,398000000
2026-09-15T21:46:49.699Z,88468,10000,172500
2026-09-15T21:46:49.699Z,36482,46140000,1000000000
2026-09-15T21:46:49.699Z,20704,,51002322
2026-09-15T21:46:49.699Z,85459,260100000,581800000
2026-09-15T21:46:49.699Z,50002,36290000,500000000
2026-09-15T21:46:49.699Z,59827,50000000,2120000000
2026-09-15T21:46:49.699Z,81072,,5400000
2026-09-15T21:46:49.699Z,44921,21100000,121100000
2026-09-15T21:46:49.699Z,21208,177300,1499000
2026-09-15T21:46:49.699Z,48725,1092000000,1597000000
2026-09-15T21:46:49.699Z,40478,0.02,2500000000
2026-09-15T21:46:49.699Z,36762,25060000,2525000000
2026-09-15T21:46:49.699Z,36827,,5025000000
2026-09-15T21:46:49.699Z,40498,5000000,4525000000
2026-09-15T21:46:49.699Z,36706,77510000,2525000000
2026-09-15T21:46:49.699Z,36718,1001000,2525000000
2026-09-15T21:46:49.699Z,36824,1333000,5025000000
2026-09-15T21:46:49.699Z,36654,0.01,5025000000
2026-09-15T21:46:49.699Z,37485,0.01,5025000000
2026-09-15T21:46:49.699Z,43858,290600000,393000000
2026-09-15T21:46:49.699Z,31541,,1500000
2026-09-15T21:46:49.699Z,56610,30050000,79000000
2026-09-15T21:46:49.699Z,91170,1533000000,7991000000
2026-09-15T21:46:49.699Z,2204,80000,497900
2026-09-15T21:46:49.699Z,93364,45000000,78790000
2026-09-15T21:46:49.699Z,61848,19720000000,43530000000
2026-09-15T21:46:49.699Z,83210,60000,2165000
2026-09-15T21:46:49.699Z,85013,3333000,3867000000
2026-09-15T21:46:49.699Z,84081,11150,3994000
2026-09-15T21:46:49.699Z,3596,3004,69990
2026-09-15T21:46:49.699Z,82318,108.6,187.9
2026-09-15T21:46:49.699Z,28411,12.08,33480
2026-09-15T21:46:49.699Z,46893,5003,999800
2026-09-15T21:46:49.699Z,4237,500000,14000000
2026-09-15T21:46:49.699Z,33377,1626000000,2994000000
2026-09-15T21:46:49.699Z,59829,200000,249900000
2026-09-15T21:46:49.699Z,46182,7480000,10450000
2026-09-15T21:46:49.699Z,85232,1250000,229900000
2026-09-15T21:46:49.699Z,27589,1629000,846900000
2026-09-15T21:46:49.699Z,451,1003,16000
2026-09-15T21:46:49.699Z,73248,100000,100100
2026-09-15T21:46:49.699Z,28409,133.4,1298000
2026-09-15T21:46:49.699Z,61194,10000000,696900000
2026-09-15T21:46:49.699Z,83355,60000,741000
2026-09-15T21:46:49.699Z,35965,5312000,29570000
2026-09-15T21:46:49.699Z,33291,33310000,387900000
2026-09-15T21:46:49.699Z,82310,850,1388
2026-09-15T21:46:49.699Z,83587,5512000,14000000
2026-09-15T21:46:49.699Z,25821,4000000,87640000
2026-09-15T21:46:49.699Z,46743,50200,40000000
2026-09-15T21:46:49.699Z,83258,1000,74150
2026-09-15T21:46:49.699Z,4198,25,2888000
2026-09-15T21:46:49.699Z,62453,150000000,340000000
2026-09-15T21:46:49.699Z,55583,1000,99800
2026-09-15T21:46:49.699Z,64598,110000000,1099000000
2026-09-15T21:46:49.699Z,20787,,1595
2026-09-15T21:46:49.699Z,55652,1980000,9852000
2026-09-15T21:46:49.699Z,84122,96410000,189900000
2026-09-15T21:46:49.699Z,10247,14510000,29980000
2026-09-15T21:46:49.699Z,20933,523.7,8499
2026-09-15T21:46:49.699Z,883,,500000
2026-09-15T21:46:49.699Z,53603,27000000,273000000
2026-09-15T21:46:49.699Z,46522,32140000,64870000
2026-09-15T21:46:49.699Z,17364,136200,297200
2026-09-15T21:46:49.699Z,37056,3000000000,49440000000
2026-09-15T21:46:49.699Z,15820,17500000,99800000
2026-09-15T21:46:49.699Z,46889,2.01,1382000
2026-09-15T21:46:49.699Z,81362,110000000,880000000
2026-09-15T21:46:49.699Z,36836,9022000,8724000000
2026-09-15T21:46:49.699Z,36839,0.01,2525000000
2026-09-15T21:46:49.699Z,36818,0.01,2525000000
2026-09-15T21:46:49.699Z,36835,9938000,3025000000
2026-09-15T21:46:49.699Z,46235,50000000,134800000
2026-09-15T21:46:49.699Z,37222,106200000,113000000
2026-09-15T21:46:49.699Z,88629,20000,2992000
2026-09-15T21:46:49.699Z,21868,,600000
2026-09-15T21:46:49.699Z,20016,78710,289700
2026-09-15T21:46:49.699Z,91938,235300000,366800000
2026-09-15T21:46:49.699Z,14670,19900000,86000000000
2026-09-15T21:46:49.699Z,32440,1406,6437
2026-09-15T21:46:49.699Z,22891,99320000,127900000
2026-09-15T21:46:49.699Z,79713,88000,687800
2026-09-15T21:46:49.699Z,2009,,485000000
2026-09-15T21:46:49.699Z,54742,95990000,121200000
2026-09-15T21:46:49.699Z,25921,24990,1350000
2026-09-15T21:46:49.699Z,70838,97940000,400000000
2026-09-15T21:46:49.699Z,52597,32000000,398800000
2026-09-15T21:46:49.699Z,30014,2000000,7000000
2026-09-15T21:46:49.699Z,25925,24990,1500000
2026-09-15T21:46:49.699Z,45966,25100,4596000
2026-09-15T21:46:49.699Z,32072,10000,785000
2026-09-15T21:46:49.699Z,32326,35010000,319900000
2026-09-15T21:46:49.699Z,32092,10000,1500000
2026-09-15T21:46:49.699Z,14094,80800,299700
2026-09-15T21:46:49.699Z,56192,3599000,4500000000
2026-09-15T21:46:49.699Z,32052,10000,850000
2026-09-15T21:46:49.699Z,14222,37120000,55000000
2026-09-15T21:46:49.699Z,47778,26370,165000
2026-09-15T21:46:49.699Z,46694,1122,993900
2026-09-15T21:46:49.699Z,32084,10000,785000
2026-09-15T21:46:49.699Z,41152,22440000,54600000
2026-09-15T21:46:49.699Z,20931,1002,11540
2026-09-15T21:46:49.699Z,56784,100000,1199000
2026-09-15T21:46:49.699Z,47635,3200000,26900000
2026-09-15T21:46:49.699Z,25913,24990,1500000
2026-09-15T21:46:49.699Z,52773,275700000,942500000
2026-09-15T21:46:49.699Z,19690,67980000,99940000
2026-09-15T21:46:49.699Z,60161,451500,188500000
2026-09-15T21:46:49.699Z,46327,2206000000,3195000000
2026-09-15T21:46:49.699Z,14692,500700000,947600000
2026-09-15T21:46:49.699Z,78766,50000,500000
2026-09-15T21:46:49.699Z,47630,9100000,22020000
2026-09-15T21:46:49.699Z,62390,38000,48110
2026-09-15T21:46:49.699Z,25915,25000,1500000
2026-09-15T21:46:49.699Z,48770,1.07,149500
2026-09-15T21:46:49.699Z,23916,477700000,1050000000
2026-09-15T21:46:49.699Z,33219,300000,30000000
2026-09-15T21:46:49.699Z,27120,109500,337400
2026-09-15T21:46:49.699Z,57531,30490000,449000000
2026-09-15T21:46:49.699Z,32879,5001000,13900000
2026-09-15T21:46:49.699Z,23918,494700000,18000000000
2026-09-15T21:46:49.699Z,27767,5000000,14930000
2026-09-15T21:46:49.699Z,27612,400400000,999900000
2026-09-15T21:46:49.699Z,25911,24990,2000000
2026-09-15T21:46:49.699Z,14724,55000000,80000000
2026-09-15T21:46:49.699Z,36667,750000000,9500000000
2026-09-15T21:46:49.699Z,54761,110000000,749000000
2026-09-15T21:46:49.699Z,11532,28270,34530
2026-09-15T21:46:49.699Z,46118,0.01,179900000
2026-09-15T21:46:49.699Z,28428,53.13,19970
2026-09-15T21:46:49.699Z,76285,1605000000,4596000000
2026-09-15T21:46:49.699Z,32099,10000,100000000
2026-09-15T21:46:49.699Z,33459,38220000,142200000
2026-09-15T21:46:49.699Z,25951,24990,1308000
2026-09-15T21:46:49.699Z,2054,61000,242000000
2026-09-15T21:46:49.699Z,40672,1312000,28000000
2026-09-15T21:46:49.699Z,34064,2711000000,9667000000
2026-09-15T21:46:49.699Z,90565,450700,1450000
2026-09-15T21:46:49.699Z,32255,389800000,498500000
2026-09-15T21:46:49.699Z,46378,233000000,999900000
2026-09-15T21:46:49.699Z,31488,2008000,14990000
2026-09-15T21:46:49.699Z,81073,,7000000
2026-09-15T21:46:49.699Z,17771,506200,5000000
2026-09-15T21:46:49.699Z,91930,43020000,98880000
2026-09-15T21:46:49.699Z,47625,24130000,55990000
2026-09-15T21:46:49.699Z,14118,78140000,123300000
2026-09-15T21:46:49.699Z,42183,83960000,337900000
2026-09-15T21:46:49.699Z,73912,157900000,280000000
2026-09-15T21:46:49.699Z,92002,,17980
2026-09-15T21:46:49.699Z,14942,555000000,1749000000
2026-09-15T21:46:49.699Z,91283,130700000,250000000
2026-09-15T21:46:49.699Z,11877,0.01,750000
2026-09-15T21:46:49.699Z,14844,3656000000,6315000000
2026-09-15T21:46:49.699Z,3310,503,31550
2026-09-15T21:46:49.699Z,49155,0.01,2386000000
2026-09-15T21:46:49.699Z,81353,2110000,26990000
2026-09-15T21:46:49.699Z,37156,75000000,450000000
2026-09-15T21:46:49.699Z,62053,20000,3750000
2026-09-15T21:46:49.699Z,46636,1151000000,1524000000
2026-09-15T21:46:49.699Z,53488,14020,1000000
2026-09-15T21:46:49.699Z,54768,9915000,988600000
2026-09-15T21:46:49.699Z,53513,250700,11390000
2026-09-15T21:46:49.699Z,53493,500200,2500000
2026-09-15T21:46:49.699Z,53498,506300,2799000
2026-09-15T21:46:49.699Z,91084,704000,2999000
2026-09-15T21:46:49.699Z,46962,110100,7000000
2026-09-15T21:46:49.699Z,46711,1001000000,2500000000
2026-09-15T21:46:49.699Z,43890,50000000,2197000000
2026-09-15T21:46:49.699Z,45796,11310000,45000000
2026-09-15T21:46:49.699Z,2055,61000,242000000
2026-09-15T21:46:49.699Z,48836,1066000,100100000
2026-09-15T21:46:49.699Z,84991,1067000000,3353000000
2026-09-15T21:46:49.699Z,34390,159800,1047000
2026-09-15T21:46:49.699Z,85735,321300000,900000000
2026-09-15T21:46:49.699Z,82187,900000000,1104000000
2026-09-15T21:46:49.699Z,91406,163000,899700
2026-09-15T21:46:49.699Z,45854,20000,4996000
2026-09-15T21:46:49.699Z,89687,140100,83500000
2026-09-15T21:46:49.699Z,73458,500000,1501000
2026-09-15T21:46:49.699Z,14453,,4800000000
2026-09-15T21:46:49.699Z,31287,,125000
2026-09-15T21:46:49.699Z,15831,3627000,22900000
2026-09-15T21:46:49.699Z,23079,220000,245000
2026-09-15T21:46:49.699Z,56881,10000000,69840000
2026-09-15T21:46:49.699Z,61872,27330000,35980000
2026-09-15T21:46:49.699Z,61871,6991000,22490000
2026-09-15T21:46:49.699Z,55568,,864100
2026-09-15T21:46:49.699Z,13259,15320000,16900000
2026-09-15T21:46:49.699Z,3152,,4968000
2026-09-15T21:46:49.699Z,91395,1000,1999000
2026-09-15T21:46:49.699Z,46161,,16000000
2026-09-15T21:46:49.699Z,15699,,900000
2026-09-15T21:46:49.699Z,91387,,998500
2026-09-15T21:46:49.699Z,12236,230900000,443400000
2026-09-15T21:46:49.699Z,41584,775200000,1050000000
2026-09-15T21:46:49.699Z,82589,14010000,135000000
2026-09-15T21:46:49.699Z,46135,86930000,622900000
2026-09-15T21:46:49.699Z,16060,4900000,16000000
2026-09-15T21:46:49.699Z,93346,110000000,140000000
2026-09-15T21:46:49.699Z,53207,200600,37790000
2026-09-15T21:46:49.699Z,46798,181000,5994000
2026-09-15T21:46:49.699Z,3321,604.4,60000
2026-09-15T21:46:49.699Z,31081,102400000,447400000
2026-09-15T21:46:49.699Z,20937,3013,11190
2026-09-15T21:46:49.699Z,19145,96810000,118900000
2026-09-15T21:46:49.699Z,93362,30010000,105100000
2026-09-15T21:46:49.699Z,14417,150000000,700000000
2026-09-15T21:46:49.699Z,28390,3521,996000
2026-09-15T21:46:49.699Z,62478,805.1,2903
2026-09-15T21:46:49.699Z,44949,75000000,93890000
2026-09-15T21:46:49.699Z,87512,17010000,53000000
2026-09-15T21:46:49.699Z,45494,62.08,2300
2026-09-15T21:46:49.699Z,63687,2000000,2999000000
2026-09-15T21:46:49.699Z,3333,140500,1000000
2026-09-15T21:46:49.699Z,95405,170000000,319900000
2026-09-15T21:46:49.699Z,15849,2119000,8888000
2026-09-15T21:46:49.699Z,16596,22480000,37900000
2026-09-15T21:46:49.699Z,57070,439300000,4849000000
2026-09-15T21:46:49.699Z,81118,21020000,88880000
2026-09-15T21:46:49.699Z,17423,5001,44420000
2026-09-15T21:46:49.699Z,46863,1002000,9000000
2026-09-15T21:46:49.699Z,2360,57580,70980
2026-09-15T21:46:49.699Z,94011,240200000,1380000000
2026-09-15T21:46:49.699Z,14900,233900000,285400000
2026-09-15T21:46:49.699Z,16243,4000000,12610000
2026-09-15T21:46:49.699Z,61191,38260000,199600000
2026-09-15T21:46:49.699Z,20530,65530000,164800000
2026-09-15T21:46:49.699Z,37216,109200000,116700000
2026-09-15T21:46:49.699Z,47167,1,450000000
2026-09-15T21:46:49.699Z,95418,45000000,200000000
2026-09-15T21:46:49.699Z,95403,67010000,222500000
2026-09-15T21:46:49.699Z,44139,100,899600
2026-09-15T21:46:49.699Z,83585,5086000,31780000
2026-09-15T21:46:49.699Z,53610,100100,999900000
2026-09-15T21:46:49.699Z,29000,100000,1500000
2026-09-15T21:46:49.699Z,52304,200000000,890000000
2026-09-15T21:46:49.699Z,52290,127900,1899000
2026-09-15T21:46:49.699Z,34738,134600,6999000
2026-09-15T21:46:49.699Z,25903,,2360000
2026-09-15T21:46:49.699Z,1165,,250000
2026-09-15T21:46:49.699Z,55537,50010,864100
2026-09-15T21:46:49.699Z,46959,55000,1990000
2026-09-15T21:46:49.699Z,31288,58350,169900
2026-09-15T21:46:49.699Z,28731,17720000,22300000
2026-09-15T21:46:49.699Z,29004,1024000,50000000
2026-09-15T21:46:49.699Z,84683,57670000,200000000
2026-09-15T21:46:49.699Z,3087,400000000,799900000
2026-09-15T21:46:49.699Z,29008,25190,1500000
2026-09-15T21:46:49.699Z,3221,477900000,672800000
2026-09-15T21:46:49.699Z,3150,54310000,154400000
2026-09-15T21:46:49.699Z,73250,11750,759600
2026-09-15T21:46:49.699Z,53958,1795000000,9728000000
2026-09-15T21:46:49.699Z,27621,169000,16970000
2026-09-15T21:46:49.699Z,48730,37600000,208900000
2026-09-15T21:46:49.699Z,27550,29570000,38100000
2026-09-15T21:46:49.699Z,12092,150000,2900000
2026-09-15T21:46:49.699Z,43799,30750000,89000000
2026-09-15T21:46:49.699Z,91254,46290000,52000000
2026-09-15T21:46:49.699Z,19261,9512000,17990000
2026-09-15T21:46:49.699Z,85005,,978000000
2026-09-15T21:46:49.699Z,46427,45050000,2292000000
2026-09-15T21:46:49.699Z,29014,99990,1500000
2026-09-15T21:46:49.699Z,44903,12000000,60000000
2026-09-15T21:46:49.699Z,45997,50030000,3999000000
2026-09-15T21:46:49.699Z,3145,35440000,106300000
2026-09-15T21:46:49.699Z,3136,5217000,7470000
2026-09-15T21:46:49.699Z,87786,1503000000,11000000000
2026-09-15T21:46:49.699Z,28791,65840000,92000000
2026-09-15T21:46:49.699Z,55817,1051000,493000000
2026-09-15T21:46:49.699Z,20817,6620,95000
2026-09-15T21:46:49.699Z,76286,901000000,5199000000
2026-09-15T21:46:49.699Z,55676,69.05,398700
2026-09-15T21:46:49.699Z,16059,4510000,29750000
2026-09-15T21:46:49.699Z,91942,17710000,50000000
2026-09-15T21:46:49.699Z,88892,298900000,745000000
2026-09-15T21:46:49.699Z,46116,55360000,799900000
2026-09-15T21:46:49.699Z,53371,30530,1477000
2026-09-15T21:46:49.699Z,36486,41030000,648500000
2026-09-15T21:46:49.699Z,48205,110000000,1499000000
2026-09-15T21:46:49.699Z,43697,122600000,364000000
2026-09-15T21:46:49.699Z,82965,20000,776000
2026-09-15T21:46:49.699Z,55862,10420,2999000
2026-09-15T21:46:49.699Z,17332,,7000000
2026-09-15T21:46:49.699Z,33717,16110000,80000000
2026-09-15T21:46:49.699Z,50066,4849000000,8035000000
2026-09-15T21:46:49.699Z,1284,1010,16000
2026-09-15T21:46:49.699Z,46709,100000,9999000000
2026-09-15T21:46:49.699Z,88228,75410000,597100000
2026-09-15T21:46:49.699Z,62634,112100000,150200000
2026-09-15T21:46:49.699Z,47529,203400000,5990000000
2026-09-15T21:46:49.699Z,48487,2018000,26500000
2026-09-15T21:46:49.699Z,87798,69100000,97490000
2026-09-15T21:46:49.699Z,59336,100000,125000000
2026-09-15T21:46:49.699Z,81064,2500,19660
2026-09-15T21:46:49.699Z,34672,15080000,72230000
2026-09-15T21:46:49.699Z,46147,1000000,200000000
2026-09-15T21:46:49.699Z,53961,210000000,1440000000
2026-09-15T21:46:49.699Z,12213,100300,754800
2026-09-15T21:46:49.699Z,13992,8211000,12090000
2026-09-15T21:46:49.699Z,54299,5011000,69990000
2026-09-15T21:46:49.699Z,56976,1210,146700
2026-09-15T21:46:49.699Z,56983,15.45,19970
2026-09-15T21:46:49.699Z,45520,9301000,45000000
2026-09-15T21:46:49.699Z,53509,1012000,42240000
2026-09-15T21:46:49.699Z,93347,2300000,30010000
2026-09-15T21:46:49.699Z,37232,80010000,121000000
2026-09-15T21:46:49.699Z,46903,27120,29500000
2026-09-15T21:46:49.699Z,17338,,9000000
2026-09-15T21:46:49.699Z,85440,175400,7269000
2026-09-15T21:46:49.699Z,995,702000000,1317000000
2026-09-15T21:46:49.699Z,81014,23200000,297700000
2026-09-15T21:46:49.699Z,1945,1049000,8900000
2026-09-15T21:46:49.699Z,45558,1006000,999000000
2026-09-15T21:46:49.699Z,971,55210000,129000000
2026-09-15T21:46:49.699Z,11277,26500,198800
2026-09-15T21:46:49.699Z,31624,25300,245000000
2026-09-15T21:46:49.699Z,844,,3135000
2026-09-15T21:46:49.699Z,49926,92710000,668800000
2026-09-15T21:46:49.699Z,43717,50000000,19970000000
2026-09-15T21:46:49.699Z,73452,1733000000,5000000000
2026-09-15T21:46:49.699Z,59240,500000000,5000000000
2026-09-15T21:46:49.699Z,79614,2014000000,3199000000
2026-09-15T21:46:49.699Z,47536,100000000,5000000000
2026-09-15T21:46:49.699Z,54222,760600000,1997000000
2026-09-15T21:46:49.699Z,43708,50000000,19970000000
2026-09-15T21:46:49.699Z,23807,5047000,49900000
2026-09-15T21:46:49.699Z,3303,502.4,115000
2026-09-15T21:46:49.699Z,3415,63020000,120000000
2026-09-15T21:46:49.699Z,33031,210100,500000
2026-09-15T21:46:49.699Z,41114,59200000,115000000
2026-09-15T21:46:49.699Z,60303,27750,298800
2026-09-15T21:46:49.699Z,56952,118000000,1148000000
2026-09-15T21:46:49.699Z,23146,200.2,56500
2026-09-15T21:46:49.699Z,4316,10530,12000000
2026-09-15T21:46:49.699Z,23060,25010000,293900000
2026-09-15T21:46:49.699Z,20851,10250,370000
2026-09-15T21:46:49.699Z,1162,10000,740000
2026-09-15T21:46:49.699Z,71729,485100000,4800000000
2026-09-15T21:46:49.699Z,23723,1120,42200
2026-09-15T21:46:49.699Z,42888,500000,11990000
2026-09-15T21:46:49.699Z,41407,18100000,37500000
2026-09-15T21:46:49.699Z,41193,1712000000,2385000000
2026-09-15T21:46:49.699Z,43719,125000000,19700000000
2026-09-15T21:46:49.699Z,27445,383,1355
2026-09-15T21:46:49.699Z,37172,125000000,19970000000
2026-09-15T21:46:49.699Z,48519,19640000,285000000
2026-09-15T21:46:49.699Z,46493,1572000000,3497000000
2026-09-15T21:46:49.699Z,33592,0.02,34900000
2026-09-15T21:46:49.699Z,54828,25170000,32000000
2026-09-15T21:46:49.699Z,61535,81420000,900000000
2026-09-15T21:46:49.699Z,82389,10000,2046000
2026-09-15T21:46:49.699Z,5365,6718,6719
2026-09-15T21:46:49.699Z,37490,170000000,1700000000
2026-09-15T21:46:49.699Z,20175,11550,7462000
2026-09-15T21:46:49.699Z,60761,38000000,124200000
2026-09-15T21:46:49.699Z,49153,,6800000000
2026-09-15T21:46:49.699Z,26890,7447000,9766000
2026-09-15T21:46:49.699Z,822,10,598500
2026-09-15T21:46:49.699Z,37171,50000000,19970000000
2026-09-15T21:46:49.699Z,42558,24000000,69990000
2026-09-15T21:46:49.699Z,53666,167900000,389800000
2026-09-15T21:46:49.699Z,48514,,145000000
2026-09-15T21:46:49.699Z,55560,1000,129900
2026-09-15T21:46:49.699Z,827,,2313000
2026-09-15T21:46:49.699Z,36834,26220000,197400000
2026-09-15T21:46:49.699Z,35685,101200,1048000
2026-09-15T21:46:49.699Z,85403,340100,4993000
2026-09-15T21:46:49.699Z,52883,101100,599000000
2026-09-15T21:46:49.699Z,59867,6499000,1199000000
2026-09-15T21:46:49.699Z,45509,100000000,749800000
2026-09-15T21:46:49.699Z,824,,1262000
2026-09-15T21:46:49.699Z,17546,201800,238300000
2026-09-15T21:46:49.699Z,17340,,7000000
2026-09-15T21:46:49.699Z,48508,50000000,279000000
2026-09-15T21:46:49.699Z,12220,,40000000
2026-09-15T21:46:49.699Z,53316,1447000000,4613000000
2026-09-15T21:46:49.699Z,31623,10000,1000000
2026-09-15T21:46:49.699Z,41412,,60000000
2026-09-15T21:46:49.699Z,21538,44500000,73720000
2026-09-15T21:46:49.699Z,82354,20000,1574000
2026-09-15T21:46:49.699Z,17329,,6000000
2026-09-15T21:46:49.699Z,48507,10010000,171800000
2026-09-15T21:46:49.699Z,843,,2628000
2026-09-15T21:46:49.699Z,48504,1010000,90000000
2026-09-15T21:46:49.699Z,15102,3526000000,4899000000
2026-09-15T21:46:49.699Z,88646,10000,1806000
2026-09-15T21:46:49.699Z,60225,103300000,799800000
2026-09-15T21:46:49.699Z,77725,300500000,548200000
2026-09-15T21:46:49.699Z,40674,,46000000
2026-09-15T21:46:49.699Z,24624,15240000,21700000
2026-09-15T21:46:49.699Z,59466,,1700000000
2026-09-15T21:46:49.699Z,82584,21380000,206200000
2026-09-15T21:46:49.699Z,29100,0.01,15000000
2026-09-15T21:46:49.699Z,12305,5026,140000
2026-09-15T21:46:49.699Z,45869,500500,2398000
2026-09-15T21:46:49.699Z,70849,2011000000,6690000000
2026-09-15T21:46:49.699Z,59218,5001000,1990000000
2026-09-15T21:46:49.699Z,72554,11330000,719000000
2026-09-15T21:46:49.699Z,54764,21000000,409900000
2026-09-15T21:46:49.699Z,90126,1553000000,2299000000
2026-09-15T21:46:49.699Z,45887,501400,1479000
2026-09-15T21:46:49.699Z,56226,18470000000,36000000000
2026-09-15T21:46:49.699Z,49823,8073000,5181000000
2026-09-15T21:46:49.699Z,42794,6600000,13000000
2026-09-15T21:46:49.699Z,33756,20000000,57670000
2026-09-15T21:46:49.699Z,44257,20890000,2900000000
2026-09-15T21:46:49.699Z,46196,1000000,10410000
2026-09-15T21:46:49.699Z,58867,122,1000000
2026-09-15T21:46:49.699Z,10188,10270,3599000
2026-09-15T21:46:49.699Z,87207,1000000,8797000
2026-09-15T21:46:49.699Z,14766,16200000000,39720000000
2026-09-15T21:46:49.699Z,46198,1000000,8999000
2026-09-15T21:46:49.699Z,3403,252500,999900
2026-09-15T21:46:49.699Z,3354,2226000,3499000
2026-09-15T21:46:49.699Z,91164,505000000,3500000000
2026-09-15T21:46:49.699Z,54781,5461,6949
2026-09-15T21:46:49.699Z,41205,6803000000,8635000000
2026-09-15T21:46:49.699Z,55682,4003,112000
2026-09-15T21:46:49.699Z,47063,2000000,4695000
2026-09-15T21:46:49.699Z,92785,10000000,355600000
2026-09-15T21:46:49.699Z,56908,375100,490000000
2026-09-15T21:46:49.699Z,24484,601000000,1250000000
2026-09-15T21:46:49.699Z,23560,1403000,14560000
2026-09-15T21:46:49.699Z,20737,,1746
2026-09-15T21:46:49.699Z,33054,411000,2000000
2026-09-15T21:46:49.699Z,34657,66140000,893000000
2026-09-15T21:46:49.699Z,46921,90490,6739000
2026-09-15T21:46:49.699Z,48227,7179000,199700000
2026-09-15T21:46:49.699Z,45782,511300,4500000
2026-09-15T21:46:49.699Z,15026,36200000,325000000
2026-09-15T21:46:49.699Z,45878,25150,1899000
2026-09-15T21:46:49.699Z,56616,13530000,284800000
2026-09-15T21:46:49.699Z,47839,183800000,271600000
2026-09-15T21:46:49.699Z,14914,2551000,4000000000
2026-09-15T21:46:49.699Z,46742,20000000,11900000000
2026-09-15T21:46:49.699Z,49987,10000,3849000
2026-09-15T21:46:49.699Z,42652,50000000,378700000
2026-09-15T21:46:49.699Z,45512,6181,11870
2026-09-15T21:46:49.699Z,77171,50050000,96000000
2026-09-15T21:46:49.699Z,54360,300000000,445500000
2026-09-15T21:46:49.699Z,72869,113600000,123900000
2026-09-15T21:46:49.699Z,45883,107000,590000
2026-09-15T21:46:49.699Z,57593,6000000,256900000
2026-09-15T21:46:49.699Z,43503,518500,592800000
2026-09-15T21:46:49.699Z,55719,1000000000,5000000000
2026-09-15T21:46:49.699Z,43867,358800000,384000000
2026-09-15T21:46:49.699Z,55303,1045,150000
2026-09-15T21:46:49.699Z,14751,700000000,881100000
2026-09-15T21:46:49.699Z,24567,100400000,144000000
2026-09-15T21:46:49.699Z,11620,5003,144900
2026-09-15T21:46:49.699Z,92565,62.13,304
2026-09-15T21:46:49.699Z,80811,160000000,348800000
2026-09-15T21:46:49.699Z,76178,5014000,198800000
2026-09-15T21:46:49.699Z,56592,15780000,865400000
2026-09-15T21:46:49.699Z,59856,250000000,2757000000
2026-09-15T21:46:49.699Z,52900,120000,3499000000
2026-09-15T21:46:49.699Z,49641,926000,2250000
2026-09-15T21:46:49.699Z,49647,10000,50000000
2026-09-15T21:46:49.699Z,72555,110000000,975000000
2026-09-15T21:46:49.699Z,54555,5000000,40980000
2026-09-15T21:46:49.699Z,34533,201600,1045000
2026-09-15T21:46:49.699Z,76208,1.1,50000
2026-09-15T21:46:49.699Z,33832,2408000,5000000
2026-09-15T21:46:49.699Z,529,3045,30980
2026-09-15T21:46:49.699Z,43766,8300000,28000000
2026-09-15T21:46:49.699Z,9141,36200,48740
2026-09-15T21:46:49.699Z,2921,1073000,1426000
2026-09-15T21:46:49.699Z,34759,480300000,2290000000
2026-09-15T21:46:49.699Z,44218,25180000,270000000
2026-09-15T21:46:49.699Z,18933,55030000,86560000
2026-09-15T21:46:49.699Z,84996,,4727000000
2026-09-15T21:46:49.699Z,14980,758800000,1436000000
2026-09-15T21:46:49.699Z,54407,60700000,189000000
2026-09-15T21:46:49.699Z,21266,5703000,19900000
2026-09-15T21:46:49.699Z,54429,80500000,800100000
2026-09-15T21:46:49.699Z,25345,726000,2000000
2026-09-15T21:46:49.699Z,34612,55010000,717400000
2026-09-15T21:46:49.699Z,46168,0.03,11000000
2026-09-15T21:46:49.699Z,64400,6202000,391200000
2026-09-15T21:46:49.699Z,46997,3113,2490000
2026-09-15T21:46:49.699Z,28430,900,1450
2026-09-15T21:46:49.699Z,55663,30000,3449000
2026-09-15T21:46:49.699Z,41104,101800000,349900000
2026-09-15T21:46:49.699Z,46152,6000000,13000000
2026-09-15T21:46:49.699Z,92797,10000000,777800000
2026-09-15T21:46:49.699Z,1186,5000,106000
2026-09-15T21:46:49.699Z,1115,20010,200000
2026-09-15T21:46:49.699Z,46284,817.8,1499
2026-09-15T21:46:49.699Z,92391,23510,50000
2026-09-15T21:46:49.699Z,55310,110100,3999000
2026-09-15T21:46:49.699Z,56927,0.01,269900000
2026-09-15T21:46:49.699Z,45797,19060000,40000000
2026-09-15T21:46:49.699Z,40514,2000000,1299000000
2026-09-15T21:46:49.699Z,56926,0.01,364900000
2026-09-15T21:46:49.699Z,15040,169900000,660900000
2026-09-15T21:46:49.699Z,56919,0.01,364900000
2026-09-15T21:46:49.699Z,14405,2199000,2399000000
2026-09-15T21:46:49.699Z,56909,7900000,497900000
2026-09-15T21:46:49.699Z,45562,0.01,750000000
2026-09-15T21:46:49.699Z,53612,0.01,349000000
2026-09-15T21:46:49.699Z,17355,,6800000
2026-09-15T21:46:49.699Z,46245,122400000,992000000
2026-09-15T21:46:49.699Z,17347,,6900000
2026-09-15T21:46:49.699Z,70840,1009000000,4700000000
2026-09-15T21:46:49.699Z,45931,301100,4999000
2026-09-15T21:46:49.699Z,46492,324100000,499000000
2026-09-15T21:46:49.699Z,48142,1000000,50000000
2026-09-15T21:46:49.699Z,43670,1101000000,2250000000
2026-09-15T21:46:49.699Z,60380,310000,1950000
2026-09-15T21:46:49.699Z,17346,,6000000
2026-09-15T21:46:49.699Z,41683,48740000,348800000
2026-09-15T21:46:49.699Z,78690,50260000,620000000
2026-09-15T21:46:49.699Z,58818,40000000,1600000000
2026-09-15T21:46:49.699Z,17333,,6000000
2026-09-15T21:46:49.699Z,55578,12510,130000
2026-09-15T21:46:49.699Z,46120,148500000,1700000000
2026-09-15T21:46:49.699Z,46163,,19000000
2026-09-15T21:46:49.699Z,52398,22000000,160000000
2026-09-15T21:46:49.699Z,49923,79430000,394500000
2026-09-15T21:46:49.699Z,34670,1104000000,199400000000
2026-09-15T21:46:49.699Z,3955,456000,1116000
2026-09-15T21:46:49.699Z,42707,100000,1010000
2026-09-15T21:46:49.699Z,4119,140400000,234900000
2026-09-15T21:46:49.699Z,15090,3050000000,3559000000
2026-09-15T21:46:49.699Z,84136,63540000,187800000
2026-09-15T21:46:49.699Z,31320,250100,448900000
2026-09-15T21:46:49.699Z,970,65210000,89990000
2026-09-15T21:46:49.699Z,47639,614800000,2100000000
2026-09-15T21:46:49.699Z,84495,1529000,285400000
2026-09-15T21:46:49.699Z,31396,491700,646500
2026-09-15T21:46:49.699Z,43734,946700000,1875000000
2026-09-15T21:46:49.699Z,44103,,7000000
2026-09-15T21:46:49.699Z,46242,13000000,64990000
2026-09-15T21:46:49.699Z,54741,75480000,135100000
2026-09-15T21:46:49.699Z,76211,,3001
2026-09-15T21:46:49.699Z,83469,2254000,2297000
2026-09-15T21:46:49.699Z,24695,1074000000,1719000000
2026-09-15T21:46:49.699Z,20755,41.4,986.4
2026-09-15T21:46:49.699Z,48233,3211000,104900000
2026-09-15T21:46:49.699Z,34711,50000000,433600000
2026-09-15T21:46:49.699Z,82062,4235000,9400000
2026-09-15T21:46:49.699Z,20773,,4200
2026-09-15T21:46:49.699Z,48729,42210000,99000000
2026-09-15T21:46:49.699Z,12344,40720,90000
2026-09-15T21:46:49.699Z,48558,,382900000
2026-09-15T21:46:49.699Z,20599,24380000,28090000
2026-09-15T21:46:49.699Z,17649,262100,13000000
2026-09-15T21:46:49.699Z,58881,300000,4987000
2026-09-15T21:46:49.699Z,19698,110000000,121400000
2026-09-15T21:46:49.699Z,41668,,69000000
2026-09-15T21:46:49.699Z,36325,,333000000
2026-09-15T21:46:49.699Z,34741,12660000,30000000
2026-09-15T21:46:49.699Z,91412,1120000,18990000
2026-09-15T21:46:49.699Z,40515,0.01,999900000
2026-09-15T21:46:49.699Z,48224,2500000,134700000
2026-09-15T21:46:49.699Z,62549,659.5,1500
2026-09-15T21:46:49.699Z,44944,2048000,14900000
2026-09-15T21:46:49.699Z,46561,18490000,1849000000
2026-09-15T21:46:49.699Z,55032,35500000,44940000
2026-09-15T21:46:49.699Z,42793,1993000,5799000
2026-09-15T21:46:49.699Z,42190,221700000,1999000000
2026-09-15T21:46:49.699Z,57318,34620000,48000000
2026-09-15T21:46:49.699Z,48515,1.05,214200000
2026-09-15T21:46:49.699Z,84938,11120000,45000000
2026-09-15T21:46:49.699Z,53136,40400000,167400000
2026-09-15T21:46:49.699Z,40501,,499900000
2026-09-15T21:46:49.699Z,92971,10000,8999000
2026-09-15T21:46:49.699Z,3199,1480000,5467000
2026-09-15T21:46:49.699Z,34673,10000000,11990000000
2026-09-15T21:46:49.699Z,20777,750,5085
2026-09-15T21:46:49.699Z,53625,30320000,224900000
2026-09-15T21:46:49.699Z,40502,9302000,499900000
2026-09-15T21:46:49.699Z,87775,155000000,249000000
2026-09-15T21:46:49.699Z,31332,114400000,429200000
2026-09-15T21:46:49.699Z,45012,1004000000,9990000000
2026-09-15T21:46:49.699Z,52589,100900000,200000000
2026-09-15T21:46:49.699Z,16009,93300000,128600000
2026-09-15T21:46:49.699Z,33042,130100,1992000
2026-09-15T21:46:49.699Z,33023,1800000,4000000
2026-09-15T21:46:49.699Z,48581,525800000,7500000000
2026-09-15T21:46:49.699Z,52789,161000000,178000000
2026-09-15T21:46:49.699Z,84106,765000000,2965000000
2026-09-15T21:46:49.699Z,84100,706600000,1955000000
2026-09-15T21:46:49.699Z,19691,110000000,124800000
2026-09-15T21:46:49.699Z,84128,140100000,280000000
2026-09-15T21:46:49.699Z,14664,3094000000,4995000000
2026-09-15T21:46:49.699Z,46423,64650000,8083000000
2026-09-15T21:46:49.699Z,41461,470000000,500000000
2026-09-15T21:46:49.699Z,40309,55680000,994200000
2026-09-15T21:46:49.699Z,85523,,36640000000
2026-09-15T21:46:49.699Z,684,111000,2150000
2026-09-15T21:46:49.699Z,11130,100,199700
2026-09-15T21:46:49.699Z,15054,45750000,189400000
2026-09-15T21:46:49.699Z,92586,76000000,181000000
2026-09-15T21:46:49.699Z,17337,,8000000
2026-09-15T21:46:49.699Z,7541,4033,19990
2026-09-15T21:46:49.699Z,31672,1500000,22000000
2026-09-15T21:46:49.699Z,25548,124800,130100000
2026-09-15T21:46:49.699Z,82206,511.6,4512
2026-09-15T21:46:49.699Z,14391,80000000,249100000
2026-09-15T21:46:49.699Z,48580,12070000,2495000000
2026-09-15T21:46:49.699Z,34630,24990000,98400000
2026-09-15T21:46:49.699Z,34072,230400000,540000000
2026-09-15T21:46:49.699Z,77405,,699700000
2026-09-15T21:46:49.699Z,15180,,178500000
2026-09-15T21:46:49.699Z,88714,1707000000,3238000000
2026-09-15T21:46:49.699Z,48591,720000,9990000
2026-09-15T21:46:49.699Z,59823,0.01,799000000
2026-09-15T21:46:49.699Z,48381,3099000000,7399000000
2026-09-15T21:46:49.699Z,45902,51000000,130800000
2026-09-15T21:46:49.699Z,53962,2025000000,3299000000
2026-09-15T21:46:49.699Z,35690,36900000,177900000
2026-09-15T21:46:49.699Z,95266,35320000,989900000
2026-09-15T21:46:49.699Z,64589,1000000,208000000
2026-09-15T21:46:49.699Z,21222,142000,3394000
2026-09-15T21:46:49.699Z,28398,333.3,297000
2026-09-15T21:46:49.699Z,55673,50030,231000
2026-09-15T21:46:49.699Z,47213,0.01,280000000
2026-09-15T21:46:49.699Z,41514,3590000,1000000000
2026-09-15T21:46:49.699Z,4234,10,4480000
2026-09-15T21:46:49.699Z,22543,9999,261900
2026-09-15T21:46:49.699Z,47222,0.01,200000000
2026-09-15T21:46:49.699Z,19461,12710000,1000000000
2026-09-15T21:46:49.699Z,47216,,280000000
2026-09-15T21:46:49.699Z,837,,1149000
2026-09-15T21:46:49.699Z,40479,0.01,2298000000
2026-09-15T21:46:49.699Z,63174,10000,169800000
2026-09-15T21:46:49.699Z,63638,21220000,679800000
2026-09-15T21:46:49.699Z,88531,20000,178200
2026-09-15T21:46:49.699Z,33800,470800000,879900000
2026-09-15T21:46:49.699Z,36830,,4999000000
2026-09-15T21:46:49.699Z,24636,90970000,124700000
2026-09-15T21:46:49.699Z,37163,946400000,1850000000
2026-09-15T21:46:49.699Z,4008,70450000,499900000
2026-09-15T21:46:49.699Z,36956,32140000,188500000
2026-09-15T21:46:49.699Z,59821,,693000000
2026-09-15T21:46:49.699Z,4004,400600000,998500000
2026-09-15T21:46:49.699Z,14808,4409000000,5000000000
2026-09-15T21:46:49.699Z,33056,100000,4980000
2026-09-15T21:46:49.699Z,461,17770,1038000
2026-09-15T21:46:49.699Z,77739,50000000,549200000
2026-09-15T21:46:49.699Z,46045,1111,1200000000
2026-09-15T21:46:49.699Z,34702,119000,10900000
2026-09-15T21:46:49.699Z,63124,48110000,110000000
2026-09-15T21:46:49.699Z,74522,10.78,21.88
2026-09-15T21:46:49.699Z,95268,155600000,445000000
2026-09-15T21:46:49.699Z,4367,600000000,1800000000
2026-09-15T21:46:49.699Z,4216,100500000,1776000000
2026-09-15T21:46:49.699Z,11889,5000,984800
2026-09-15T21:46:49.699Z,91391,1800000,5950000
2026-09-15T21:46:49.699Z,11887,10010,985700
2026-09-15T21:46:49.699Z,92631,474500000,741000000
2026-09-15T21:46:49.699Z,11616,,88000
2026-09-15T21:46:49.699Z,52735,25430000,47000000
2026-09-15T21:46:49.699Z,42615,26580000,1965000000
2026-09-15T21:46:49.699Z,46282,436.3,2100
2026-09-15T21:46:49.699Z,15032,130000000,400000000
2026-09-15T21:46:49.699Z,62643,912100,7497000
2026-09-15T21:46:49.699Z,21939,401.1,519.7
2026-09-15T21:46:49.699Z,52323,2075000000,6708000000
2026-09-15T21:46:49.699Z,20947,8.02,12.03
2026-09-15T21:46:49.699Z,17253,155000000,436500000
2026-09-15T21:46:49.699Z,42165,485000000,1099000000
2026-09-15T21:46:49.699Z,53191,,3999000000
2026-09-15T21:46:49.699Z,28739,80830000,113800000
2026-09-15T21:46:49.699Z,19721,600100000,2104000000
2026-09-15T21:46:49.699Z,997,1021000000,1653000000
2026-09-15T21:46:49.699Z,996,133700,1331000000
2026-09-15T21:46:49.699Z,49148,56010000,1700000000
2026-09-15T21:46:49.699Z,87779,92010000,277900000
2026-09-15T21:46:49.699Z,47168,140000000,972900000
2026-09-15T21:46:49.699Z,82381,240100,3347000
2026-09-15T21:46:49.699Z,56293,25400000,225400000
2026-09-15T21:46:49.699Z,4068,3600000000,9500000000
2026-09-15T21:46:49.699Z,20889,134000,7101000
2026-09-15T21:46:49.699Z,985,1100000,5986000
2026-09-15T21:46:49.699Z,59199,215200000,876400000
2026-09-15T21:46:49.699Z,37866,51.02,139900
2026-09-15T21:46:49.699Z,34559,2800000,554900000
2026-09-15T21:46:49.699Z,52306,4756,14800
2026-09-15T21:46:49.699Z,34557,1689000,554900000
2026-09-15T21:46:49.699Z,47305,441500,30280000
2026-09-15T21:46:49.699Z,48861,11000000,1737000000
2026-09-15T21:46:49.699Z,59833,1579000,1700000000
2026-09-15T21:46:49.699Z,27455,65160,129000
2026-09-15T21:46:49.699Z,42552,21000000,179700000
2026-09-15T21:46:49.699Z,77869,90010000,900000000
2026-09-15T21:46:49.699Z,3814,34.84,36
2026-09-15T21:46:49.699Z,21603,6576000,12900000
2026-09-15T21:46:49.699Z,31248,58000,26800000
2026-09-15T21:46:49.699Z,13230,9165000,18190000
2026-09-15T21:46:49.699Z,14836,760000000,1370000000
2026-09-15T21:46:49.699Z,52399,30000000,240000000
2026-09-15T21:46:49.699Z,57810,530200000,1347000000
2026-09-15T21:46:49.699Z,456,5068,113700
2026-09-15T21:46:49.699Z,78366,467600000,510000000
2026-09-15T21:46:49.699Z,23912,750100000,1325000000
2026-09-15T21:46:49.699Z,92788,10000000,1556000000
2026-09-15T21:46:49.699Z,62488,2428,8000
2026-09-15T21:46:49.699Z,43832,310000,99550000
2026-09-15T21:46:49.699Z,45492,536.3,1100
2026-09-15T21:46:49.699Z,14970,99990000,258400000
2026-09-15T21:46:49.699Z,15298,18070000000,23990000000
2026-09-15T21:46:49.699Z,77708,500000,896300
2026-09-15T21:46:49.699Z,42550,161000000,459800000
2026-09-15T21:46:49.699Z,87354,505000,2277000
2026-09-15T21:46:49.699Z,23035,600.2,915
2026-09-15T21:46:49.699Z,57814,204600000,2499000000
2026-09-15T21:46:49.699Z,19697,110500000,123800000
2026-09-15T21:46:49.699Z,45795,4400000,21630000
2026-09-15T21:46:49.699Z,15082,622100000,1990000000
2026-09-15T21:46:49.699Z,36433,3003000,27890000
2026-09-15T21:46:49.699Z,3338,4050000,8500000
2026-09-15T21:46:49.699Z,31106,5000,130800
2026-09-15T21:46:49.699Z,58874,353600,1669000
2026-09-15T21:46:49.699Z,54225,150000,2000000
2026-09-15T21:46:49.699Z,41590,99990,5000000
2026-09-15T21:46:49.699Z,47799,47800,194900
2026-09-15T21:46:49.699Z,62039,8.35,9800
2026-09-15T21:46:49.699Z,24572,3024000,11900000
2026-09-15T21:46:49.699Z,1141,5,175000
2026-09-15T21:46:49.699Z,14798,14850000000,29000000000
2026-09-15T21:46:49.699Z,60573,45000000,89850000
2026-09-15T21:46:49.699Z,14449,1998000,2499000000
2026-09-15T21:46:49.699Z,48756,200000000,375000000
2026-09-15T21:46:49.699Z,45571,7290000,998900000
2026-09-15T21:46:49.699Z,47504,21360000,57960000
2026-09-15T21:46:49.699Z,53178,0.01,475000000
2026-09-15T21:46:49.699Z,14956,136300,499000000
2026-09-15T21:46:49.699Z,31424,10000,496000
2026-09-15T21:46:49.699Z,40741,,5000000
2026-09-15T21:46:49.699Z,31229,,1500000
2026-09-15T21:46:49.699Z,12442,21460,445000
2026-09-15T21:46:49.699Z,24551,,321000000
2026-09-15T21:46:49.699Z,60264,30090000,99990000
2026-09-15T21:46:49.699Z,28807,989100000,1350000000
2026-09-15T21:46:49.699Z,56618,97660000,280000000
2026-09-15T21:46:49.699Z,31338,,40000000
2026-09-15T21:46:49.699Z,31337,10000,999800
2026-09-15T21:46:49.699Z,46051,,373000000
2026-09-15T21:46:49.699Z,85691,4400000,80000000
2026-09-15T21:46:49.699Z,11279,945100,1386000
2026-09-15T21:46:49.699Z,14916,153700000,182800000
2026-09-15T21:46:49.699Z,62485,2077,5000
2026-09-15T21:46:49.699Z,31660,18200,14300000
2026-09-15T21:46:49.699Z,14508,1801000000,3496000000
2026-09-15T21:46:49.699Z,15112,438700,449000000
2026-09-15T21:46:49.699Z,11630,5000,400000
2026-09-15T21:46:49.699Z,79745,21930,12300000
2026-09-15T21:46:49.699Z,34754,1,24290000
2026-09-15T21:46:49.699Z,85647,,550000000
2026-09-15T21:46:49.699Z,11629,5000,310700
2026-09-15T21:46:49.699Z,45019,13980000,549900000
2026-09-15T21:46:49.699Z,28389,5392,8500000
2026-09-15T21:46:49.699Z,22761,20260000,39000000
2026-09-15T21:46:49.699Z,87707,60300000,388600000
2026-09-15T21:46:49.699Z,31781,0.02,59860000
2026-09-15T21:46:49.699Z,34658,1443000000,3973000000
2026-09-15T21:46:49.699Z,40473,0.01,2499000000
2026-09-15T21:46:49.699Z,31218,0.02,59800000
2026-09-15T21:46:49.699Z,82352,10000,1343000
2026-09-15T21:46:49.699Z,88648,1000,5024000
2026-09-15T21:46:49.699Z,90636,1600000,10990000
2026-09-15T21:46:49.699Z,88637,12090000,84370000
2026-09-15T21:46:49.699Z,88523,10000,141600
2026-09-15T21:46:49.699Z,31255,0.02,58000000
2026-09-15T21:46:49.699Z,25562,5000,261200
2026-09-15T21:46:49.699Z,45960,1000000,3893000
2026-09-15T21:46:49.699Z,31291,0.03,58000000
2026-09-15T21:46:49.699Z,15841,172700,67990000
2026-09-15T21:46:49.699Z,31387,0.02,58000000
2026-09-15T21:46:49.699Z,31122,,58000000
2026-09-15T21:46:49.699Z,15264,,480000000
2026-09-15T21:46:49.699Z,33928,149600000,248400000
2026-09-15T21:46:49.699Z,14830,124000000,2423000000
2026-09-15T21:46:49.699Z,79610,95170000,169900000
2026-09-15T21:46:49.699Z,54916,630600000,1940000000
2026-09-15T21:46:49.699Z,3606,4202,74970
2026-09-15T21:46:49.699Z,47619,13260000,1796000000
2026-09-15T21:46:49.699Z,46164,,16000000
2026-09-15T21:46:49.699Z,34688,500000,38990000
2026-09-15T21:46:49.699Z,12807,230.4,267.9
2026-09-15T21:46:49.699Z,58820,81480000,1600000000
2026-09-15T21:46:49.699Z,52298,251400000,361500000
2026-09-15T21:46:49.699Z,15134,800700000,1206000000
2026-09-15T21:46:49.699Z,58827,100000000,1400000000
2026-09-15T21:46:49.699Z,58817,20010000,2500000000
2026-09-15T21:46:49.699Z,50046,160000000,930000000
2026-09-15T21:46:49.699Z,46162,,15860000
2026-09-15T21:46:49.699Z,42715,2777,2789000
2026-09-15T21:46:49.699Z,48384,3819000000,19980000000
2026-09-15T21:46:49.699Z,41081,16150000,68150000
2026-09-15T21:46:49.699Z,21374,1003,4717
2026-09-15T21:46:49.699Z,73878,4200000,13890000
2026-09-15T21:46:49.699Z,48212,86360000,999900000
2026-09-15T21:46:49.699Z,48579,20100000,3500000000
2026-09-15T21:46:49.699Z,12196,87120,523700
2026-09-15T21:46:49.699Z,13819,760100,4499000
2026-09-15T21:46:49.699Z,92801,10000000,1495000000
2026-09-15T21:46:49.699Z,55667,1000,133000
2026-09-15T21:46:49.699Z,36769,104600000,2500000000
2026-09-15T21:46:49.699Z,36290,46250000,5000000000
2026-09-15T21:46:49.699Z,34750,1000,5000000000
2026-09-15T21:46:49.699Z,36755,24660000,5000000000
2026-09-15T21:46:49.699Z,40499,2000000,2293000000
2026-09-15T21:46:49.699Z,36781,5000000,5025000000
2026-09-15T21:46:49.699Z,36763,0.01,5000000000
2026-09-15T21:46:49.699Z,40595,6778000,3739000000
2026-09-15T21:46:49.699Z,34617,100000000,598700000
2026-09-15T21:46:49.699Z,46395,46760000,5000000000
2026-09-15T21:46:49.699Z,46324,1038000000,2822000000
2026-09-15T21:46:49.699Z,39584,63600000,648600000
2026-09-15T21:46:49.699Z,62054,151400,1248000
2026-09-15T21:46:49.699Z,33215,3218000,49900000
2026-09-15T21:46:49.699Z,2184,1007000,1949000
2026-09-15T21:46:49.699Z,46165,,19000000
2026-09-15T21:46:49.699Z,41592,500000,5000000
2026-09-15T21:46:49.699Z,62226,1096000000,2636000000
2026-09-15T21:46:49.699Z,27177,16510000,23900000
2026-09-15T21:46:49.699Z,84986,447200000,493000000
2026-09-15T21:46:49.699Z,46865,2117000,20460000
2026-09-15T21:46:49.699Z,52874,123500,728100000
2026-09-15T21:46:49.699Z,20203,1279000,325700000
2026-09-15T21:46:49.699Z,88718,2611000000,3200000000
2026-09-15T21:46:49.699Z,62490,608.3,1489
2026-09-15T21:46:49.699Z,33097,1908000,2900000
2026-09-15T21:46:49.699Z,77886,7133000,40000000
2026-09-15T21:46:49.699Z,23594,509.1,680000
2026-09-15T21:46:49.699Z,88105,6,272
2026-09-15T21:46:49.699Z,3352,1001,523200
2026-09-15T21:46:49.699Z,36783,128000000,5000000000
2026-09-15T21:46:49.699Z,36765,0.01,5000000000
2026-09-15T21:46:49.699Z,34731,110200,500000000
2026-09-15T21:46:49.699Z,34621,260000000,5000000000
2026-09-15T21:46:49.699Z,40504,220000000,498800000
2026-09-15T21:46:49.699Z,36291,0.01,5025000000
2026-09-15T21:46:49.699Z,34751,0.01,5000000000
2026-09-15T21:46:49.699Z,36756,142300000,2500000000
2026-09-15T21:46:49.699Z,40615,,5025000000
2026-09-15T21:46:49.699Z,88654,10010,3878000
2026-09-15T21:46:49.699Z,47344,16060000,49350000
2026-09-15T21:46:49.699Z,52723,314300,4279000
2026-09-15T21:46:49.699Z,11634,5000,500000
2026-09-15T21:46:49.699Z,457,48170,178500
2026-09-15T21:46:49.699Z,30471,,10540000
2026-09-15T21:46:49.699Z,40474,0.01,5000000000
2026-09-15T21:46:49.699Z,36758,125100000,5000000000
2026-09-15T21:46:49.699Z,40619,350000000,7474000000
2026-09-15T21:46:49.699Z,36296,45550000,5025000000
2026-09-15T21:46:49.699Z,14730,1751000000,3388000000
2026-09-15T21:46:49.699Z,32941,2413000000,4987000000
2026-09-15T21:46:49.699Z,24606,75000000,144600000
2026-09-15T21:46:49.699Z,19761,651200,1047000
2026-09-15T21:46:49.699Z,46160,,19000000
2026-09-15T21:46:49.699Z,57507,30010000,50000000
2026-09-15T21:46:49.699Z,57490,,11990000
2026-09-15T21:46:49.699Z,91248,145700000,297000000
2026-09-15T21:46:49.699Z,13227,12520,11940000
2026-09-15T21:46:49.699Z,25540,52580000,74900000
2026-09-15T21:46:49.699Z,945,1551000,3800000
2026-09-15T21:46:49.699Z,56928,10000000,466900000
2026-09-15T21:46:49.699Z,26348,8.01,5350000
2026-09-15T21:46:49.699Z,32951,2151000000,4995000000
2026-09-15T21:46:49.699Z,13959,52960000,60890000
2026-09-15T21:46:49.699Z,47645,19900000,9999000000
2026-09-15T21:46:49.699Z,3441,200700,699900
2026-09-15T21:46:49.699Z,93237,4405000,29890000
2026-09-15T21:46:49.699Z,36301,,1000000000
2026-09-15T21:46:49.699Z,74524,10,21
2026-09-15T21:46:49.699Z,4235,75000,10000000
2026-09-15T21:46:49.699Z,34772,10000,7480000
2026-09-15T21:46:49.699Z,63711,,62000000
2026-09-15T21:46:49.699Z,78406,1971000000,8000000000
2026-09-15T21:46:49.699Z,11370,1722000,2209000
2026-09-15T21:46:49.699Z,54900,185200000,523100000
2026-09-15T21:46:49.699Z,3406,278100,1000000
2026-09-15T21:46:49.699Z,33010,,579200
2026-09-15T21:46:49.699Z,59181,122000,563300
2026-09-15T21:46:49.699Z,79760,500000000,884800000
2026-09-15T21:46:49.699Z,48850,,1178000000
2026-09-15T21:46:49.699Z,53016,9300000,27400000
2026-09-15T21:46:49.699Z,83661,,15430000000
2026-09-15T21:46:49.699Z,24312,420000000,589000000
2026-09-15T21:46:49.699Z,37165,50000000,19970000000
2026-09-15T21:46:49.699Z,24684,5100000,22980000
2026-09-15T21:46:49.699Z,36502,39000000,1280000000
2026-09-15T21:46:49.699Z,501,10040,60790
2026-09-15T21:46:49.699Z,53619,14900000,468000000
2026-09-15T21:46:49.699Z,34353,3300000,45000000
2026-09-15T21:46:49.699Z,61213,154000,348900
2026-09-15T21:46:49.699Z,57508,30020000,50000000
2026-09-15T21:46:49.699Z,14864,295000000,1300000000
2026-09-15T21:46:49.699Z,24764,25350000,37700000
2026-09-15T21:46:49.699Z,41467,302100000,693800000
2026-09-15T21:46:49.699Z,42621,103700000,824600000
2026-09-15T21:46:49.699Z,45911,4966000,20030000
2026-09-15T21:46:49.699Z,33008,,1568000
2026-09-15T21:46:49.699Z,31602,29300,43930000
2026-09-15T21:46:49.699Z,87520,421100000,2190000000
2026-09-15T21:46:49.699Z,36313,0.01,5000000000
2026-09-15T21:46:49.699Z,53018,1001000000,14760000000
2026-09-15T21:46:49.699Z,92968,81260000,171100000
2026-09-15T21:46:49.699Z,37164,250000000,2997000000
2026-09-15T21:46:49.699Z,78816,1112000000,2772000000
2026-09-15T21:46:49.699Z,70855,1799000000,5393000000
2026-09-15T21:46:49.699Z,15670,916500,1950000
2026-09-15T21:46:49.699Z,88685,200000,800000
2026-09-15T21:46:49.699Z,4137,901000,11560000
2026-09-15T21:46:49.699Z,73425,6901000000,12430000000
2026-09-15T21:46:49.699Z,17656,56.2,1875
2026-09-15T21:46:49.699Z,31135,401400,3624000
2026-09-15T21:46:49.699Z,12557,33520,46960
2026-09-15T21:46:49.699Z,10630,5001,3000000
2026-09-15T21:46:49.699Z,27106,2002,646900
2026-09-15T21:46:49.699Z,60912,505100,14000000
2026-09-15T21:46:49.699Z,42565,11000000,169800000
2026-09-15T21:46:49.699Z,2529,16180,26680
2026-09-15T21:46:49.699Z,3577,10000,734900
2026-09-15T21:46:49.699Z,76248,601000000,3109000000
2026-09-15T21:46:49.699Z,20030,1106000,1799000
2026-09-15T21:46:49.699Z,46380,225100000,6994000000
2026-09-15T21:46:49.699Z,41157,1103000,170200000
2026-09-15T21:46:49.699Z,972,70640000,87990000
2026-09-15T21:46:49.699Z,60223,500100,5000000
2026-09-15T21:46:49.699Z,36489,21000000,598000000
2026-09-15T21:46:49.699Z,881,,400000
2026-09-15T21:46:49.699Z,47633,12000000,46270000
2026-09-15T21:46:49.699Z,86121,3005000,39950000
2026-09-15T21:46:49.699Z,45856,69190000,113300000
2026-09-15T21:46:49.699Z,46210,11760000,21500000
2026-09-15T21:46:49.699Z,42169,25070000,890000000
2026-09-15T21:46:49.699Z,53143,65000000,320000000
2026-09-15T21:46:49.699Z,21346,50.23,800
2026-09-15T21:46:49.699Z,32083,100000,1296000
2026-09-15T21:46:49.699Z,53496,50250,1249000000
2026-09-15T21:46:49.699Z,946,1201000,6295000
2026-09-15T21:46:49.699Z,3559,380000000,440400000
2026-09-15T21:46:49.699Z,45668,1055000000,2745000000
2026-09-15T21:46:49.699Z,58819,,1400000000
2026-09-15T21:46:49.699Z,31975,16000000,22280000
2026-09-15T21:46:49.699Z,37547,1000000,14480000
2026-09-15T21:46:49.699Z,36499,36100000,824500000
2026-09-15T21:46:49.699Z,14580,12860000,599000000
2026-09-15T21:46:49.699Z,33329,25200000000,34980000000
2026-09-15T21:46:49.699Z,31708,1189000,79990000
2026-09-15T21:46:49.699Z,45498,601.5,199900
2026-09-15T21:46:49.699Z,3349,1001,999600
2026-09-15T21:46:49.699Z,41210,30100000000,35990000000
2026-09-15T21:46:49.699Z,88626,10100,146800
2026-09-15T21:46:49.699Z,31157,17100,26810000
2026-09-15T21:46:49.699Z,70854,810100000,2500000000
2026-09-15T21:46:49.699Z,49649,0.01,1944000
2026-09-15T21:46:49.699Z,41225,,48370000
2026-09-15T21:46:49.699Z,46431,19600000,1960000000
2026-09-15T21:46:49.699Z,93002,1400000,48790000
2026-09-15T21:46:49.699Z,56905,,635000000
2026-09-15T21:46:49.699Z,41517,804,15960
2026-09-15T21:46:49.699Z,16599,848700000,1589000000
2026-09-15T21:46:49.699Z,42886,500000,14000000
2026-09-15T21:46:49.699Z,88639,4600000,24970000
2026-09-15T21:46:49.699Z,53490,354100,14990000
2026-09-15T21:46:49.699Z,56936,0.01,1189000000
2026-09-15T21:46:49.699Z,45768,10010,499900
2026-09-15T21:46:49.699Z,93610,75020000,140000000
2026-09-15T21:46:49.699Z,41596,199900,5000000
2026-09-15T21:46:49.699Z,17689,1000000,32980000
2026-09-15T21:46:49.699Z,84687,10000000,98610000
2026-09-15T21:46:49.699Z,14884,399600000,496000000
2026-09-15T21:46:49.699Z,693,561200000,1113000000
2026-09-15T21:46:49.699Z,974,70030000,89000000
2026-09-15T21:46:49.699Z,36483,47100000,577600000
2026-09-15T21:46:49.699Z,93736,127200000,338900000
2026-09-15T21:46:49.699Z,56915,111100,387900000
2026-09-15T21:46:49.699Z,32873,5158000,9666000
2026-09-15T21:46:49.699Z,84681,813800000,1000000000
2026-09-15T21:46:49.699Z,40695,10040000000,69840000000
2026-09-15T21:46:49.699Z,55654,1005,98770
2026-09-15T21:46:49.699Z,64412,200000000,1998000000
2026-09-15T21:46:49.699Z,41406,5020000,38000000
2026-09-15T21:46:49.699Z,61202,50060,299700
2026-09-15T21:46:49.699Z,15640,1157,1900000
2026-09-15T21:46:49.699Z,63748,389100000,2500000000
2026-09-15T21:46:49.699Z,64408,325300000,3209000000
2026-09-15T21:46:49.699Z,27551,200000,49490000
2026-09-15T21:46:49.699Z,48723,1250000000,1880000000
2026-09-15T21:46:49.699Z,14810,4800000000,5897000000
2026-09-15T21:46:49.699Z,37553,4298000,92910000
2026-09-15T21:46:49.699Z,47069,40210000,100000000
2026-09-15T21:46:49.699Z,46177,,11000000
2026-09-15T21:46:49.699Z,26252,100.3,68000
2026-09-15T21:46:49.699Z,47219,,280000000
2026-09-15T21:46:49.699Z,41593,500000,5000000
2026-09-15T21:46:49.699Z,14800,2552000000,3038000000
2026-09-15T21:46:49.699Z,17206,500.1,5690
2026-09-15T21:46:49.699Z,34031,191400000,219900000
2026-09-15T21:46:49.699Z,94315,,189000000
2026-09-15T21:46:49.699Z,41594,199900,5000000
2026-09-15T21:46:49.699Z,43857,679300000,1489000000
2026-09-15T21:46:49.699Z,71724,37080000,358700000
2026-09-15T21:46:49.699Z,45014,3368000,978600000
2026-09-15T21:46:49.699Z,36914,5110000,77990000
2026-09-15T21:46:49.699Z,56933,30000000,244000000
2026-09-15T21:46:49.699Z,41595,199900,5000000
2026-09-15T21:46:49.699Z,53309,,79760000
2026-09-15T21:46:49.699Z,3350,501,178900
2026-09-15T21:46:49.699Z,27547,5150000,43350000
2026-09-15T21:46:49.699Z,92019,,9500000
2026-09-15T21:46:49.699Z,46947,138.5,2994000
2026-09-15T21:46:49.699Z,45559,2001000,464000000
2026-09-15T21:46:49.699Z,54383,565600000,900000000
2026-09-15T21:46:49.699Z,835,5001,70100
2026-09-15T21:46:49.699Z,90896,9303,5000000
2026-09-15T21:46:49.699Z,26113,24990,1348000
2026-09-15T21:46:49.699Z,46549,2000000,29730000
2026-09-15T21:46:49.699Z,63781,5.31,174900
2026-09-15T21:46:49.699Z,21294,1937000,34800000
2026-09-15T21:46:49.699Z,41156,24100000,178000000
2026-09-15T21:46:49.699Z,31684,69010,48140000
2026-09-15T21:46:49.699Z,15163,851800000,5300000000
2026-09-15T21:46:49.699Z,41446,,300000000
2026-09-15T21:46:49.699Z,41449,,300000000
2026-09-15T21:46:49.699Z,91166,263600000,395300000
2026-09-15T21:46:49.699Z,90476,,60000000
2026-09-15T21:46:49.699Z,81050,16600000,31900000
2026-09-15T21:46:49.699Z,49928,311500000,624900000
2026-09-15T21:46:49.699Z,41583,460100000,1000000000
2026-09-15T21:46:49.699Z,4212,2510000,75750000
2026-09-15T21:46:49.699Z,48553,,1819000000
2026-09-15T21:46:49.699Z,59824,0.01,6498000000
2026-09-15T21:46:49.699Z,33716,200100000,713500000
2026-09-15T21:46:49.699Z,31230,26300,14000000
2026-09-15T21:46:49.699Z,41591,500000,5000000
2026-09-15T21:46:49.699Z,64401,200000000,387900000
2026-09-15T21:46:49.699Z,12366,125100,125200
2026-09-15T21:46:49.699Z,27580,0.01,15000000
2026-09-15T21:46:49.699Z,46155,8000000,29200000
2026-09-15T21:46:49.699Z,89118,201100000,355000000
2026-09-15T21:46:49.699Z,47176,287300000,1199000000
2026-09-15T21:46:49.699Z,41597,199900,5000000
2026-09-15T21:46:49.699Z,46208,16150000,20980000
2026-09-15T21:46:49.699Z,21547,1510000,22970000
2026-09-15T21:46:49.699Z,21334,66.48,850
2026-09-15T21:46:49.699Z,31819,,750000
2026-09-15T21:46:49.699Z,41599,1312000,9200000
2026-09-15T21:46:49.699Z,53508,3999000,24890000
2026-09-15T21:46:49.699Z,16180,1583,49870
2026-09-15T21:46:49.699Z,23729,12000,35980
2026-09-15T21:46:49.699Z,33181,10170,1000000
2026-09-15T21:46:49.699Z,55324,0.01,90000
2026-09-15T21:46:49.699Z,1296,157000,192400
2026-09-15T21:46:49.699Z,90634,280100,39130000
2026-09-15T21:46:49.699Z,15980,22170,55000000
2026-09-15T21:46:49.699Z,59339,97740000,387100000
2026-09-15T21:46:49.699Z,46292,50.03,250000
2026-09-15T21:46:49.699Z,85011,1400000000,2791000000
2026-09-15T21:46:49.699Z,33951,131300000,159800000
2026-09-15T21:46:49.699Z,8815,21190,199900
2026-09-15T21:46:49.699Z,57057,50070000,1000000000
2026-09-15T21:46:49.699Z,45912,202700,11870000
2026-09-15T21:46:49.699Z,77404,,500000000
2026-09-15T21:46:49.699Z,22623,225000000,700000000
2026-09-15T21:46:49.699Z,27110,5999000,15000000
2026-09-15T21:46:49.699Z,46149,130000,44460000
2026-09-15T21:46:49.699Z,53226,2997000000,8973000000
2026-09-15T21:46:49.699Z,26107,125000,1308000
2026-09-15T21:46:49.699Z,70848,530100000,2775000000
2026-09-15T21:46:49.699Z,42553,51000000,599800000
2026-09-15T21:46:49.699Z,46089,0.01,277000000
2026-09-15T21:46:49.699Z,87953,89640000,194900000
2026-09-15T21:46:49.699Z,11695,14110,16590
2026-09-15T21:46:49.699Z,3396,620800,2095000
2026-09-15T21:46:49.699Z,21244,1910000,7620000
2026-09-15T21:46:49.699Z,46983,301000,5995000
2026-09-15T21:46:49.699Z,46787,10130,7332000
2026-09-15T21:46:49.699Z,46804,800000,4996000
2026-09-15T21:46:49.699Z,14457,18400000,14690000000
2026-09-15T21:46:49.699Z,34696,2144000,769200000
2026-09-15T21:46:49.699Z,33769,360000000,4448000000
2026-09-15T21:46:49.699Z,40601,0.01,719900000
2026-09-15T21:46:49.699Z,46434,2750000,5000000000
2026-09-15T21:46:49.699Z,34671,0.01,7525000000
2026-09-15T21:46:49.699Z,40609,50010000,4998000000
2026-09-15T21:46:49.699Z,46101,451200,449000000
2026-09-15T21:46:49.699Z,44259,42010000,420000000
2026-09-15T21:46:49.699Z,28688,81200,119600
2026-09-15T21:46:49.699Z,92388,300000000,9255000000
2026-09-15T21:46:49.699Z,44212,101,101.1
2026-09-15T21:46:49.699Z,12994,7421000,449200000
2026-09-15T21:46:49.699Z,52858,3.99,1199000000
2026-09-15T21:46:49.699Z,15753,37000000,47500000
2026-09-15T21:46:49.699Z,46825,700000,5000000
2026-09-15T21:46:49.699Z,28073,8009000,10860000
2026-09-15T21:46:49.699Z,52295,10010000,19020000
2026-09-15T21:46:49.699Z,85007,,3000000000
2026-09-15T21:46:49.699Z,86104,26260000,64440000
2026-09-15T21:46:49.699Z,47106,364200000,938300000
2026-09-15T21:46:49.699Z,31434,200000,27990000
2026-09-15T21:46:49.699Z,59808,110,4500000000
2026-09-15T21:46:49.699Z,20915,11.27,79.89
2026-09-15T21:46:49.699Z,53626,303300000,883700000
2026-09-15T21:46:49.699Z,47175,153200000,1998000000
2026-09-15T21:46:49.699Z,47174,,999800000
2026-09-15T21:46:49.699Z,43768,19130000,29130000
2026-09-15T21:46:49.699Z,63784,257900,499900
2026-09-15T21:46:49.699Z,28817,5000000,650100000
2026-09-15T21:46:49.699Z,57781,21000000,289900000
2026-09-15T21:46:49.699Z,15869,10180000,199800000
2026-09-15T21:46:49.699Z,28818,5100000,319100000
2026-09-15T21:46:49.699Z,23025,2098,2399
2026-09-15T21:46:49.699Z,89701,420000000,774000000
2026-09-15T21:46:49.699Z,46737,52000000,1000000000
2026-09-15T21:46:49.699Z,1355,411700,558300
2026-09-15T21:46:49.699Z,80812,131000000,509900000
2026-09-15T21:46:49.699Z,48494,50000,100000000
2026-09-15T21:46:49.699Z,84971,790000000,3500000000
2026-09-15T21:46:49.699Z,52400,1111,480000000
2026-09-15T21:46:49.699Z,52396,212000000,480000000
2026-09-15T21:46:49.699Z,90410,14100000,29660000
2026-09-15T21:46:49.699Z,48488,35880000,60000000
2026-09-15T21:46:49.699Z,52394,51800000,160000000
2026-09-15T21:46:49.699Z,57779,6600000,450000000
2026-09-15T21:46:49.699Z,14748,84350000,255600000
2026-09-15T21:46:49.699Z,52407,1398000,240000000
2026-09-15T21:46:49.699Z,21668,5000000,18000000
2026-09-15T21:46:49.699Z,55816,111000000,2112000000
2026-09-15T21:46:49.699Z,21260,26580,689000
2026-09-15T21:46:49.699Z,33550,610000000,1991000000
2026-09-15T21:46:49.699Z,31633,5000,130700
2026-09-15T21:46:49.699Z,15619,8871,129900
2026-09-15T21:46:49.699Z,53172,,1399000000
2026-09-15T21:46:49.699Z,62451,135000000,170000000
2026-09-15T21:46:49.699Z,46577,141500000,419900000
2026-09-15T21:46:49.699Z,15068,3002000,450000000
2026-09-15T21:46:49.699Z,4368,330000000,710100000
2026-09-15T21:46:49.699Z,33305,35100000,103800000
2026-09-15T21:46:49.699Z,57071,1107000000,14360000000
2026-09-15T21:46:49.699Z,23836,201600,5989000
2026-09-15T21:46:49.699Z,14646,16420000000,29740000000
2026-09-15T21:46:49.699Z,59340,90980000,649900000
2026-09-15T21:46:49.699Z,14780,3177000000,3999000000
2026-09-15T21:46:49.699Z,62052,140300,13860000
2026-09-15T21:46:49.699Z,59231,323800000,2790000000
2026-09-15T21:46:49.699Z,47638,13100000,83990000
2026-09-15T21:46:49.699Z,15194,153200000,295900000
2026-09-15T21:46:49.699Z,31693,5000,130800
2026-09-15T21:46:49.699Z,34091,170300000,287800000
2026-09-15T21:46:49.699Z,18712,,779200
2026-09-15T21:46:49.699Z,62498,1653,2600
2026-09-15T21:46:49.699Z,93839,150000000,299800000
2026-09-15T21:46:49.699Z,55610,10040,420000
2026-09-15T21:46:49.699Z,15304,487100,389900000
2026-09-15T21:46:49.699Z,19420,94570000,98300000
2026-09-15T21:46:49.699Z,25275,40360,74910
2026-09-15T21:46:49.699Z,92392,7534000,8692000
2026-09-15T21:46:49.699Z,84966,2510000000,5500000000
2026-09-15T21:46:49.699Z,60210,36230000,218800000
2026-09-15T21:46:49.699Z,52898,0.01,1992000000
2026-09-15T21:46:49.699Z,36511,24480000,423800000
2026-09-15T21:46:49.699Z,14814,10680000000,11000000000
2026-09-15T21:46:49.699Z,50142,0.01,152200000
2026-09-15T21:46:49.699Z,82384,10000,6689000
2026-09-15T21:46:49.699Z,15020,9873000,300000000
2026-09-15T21:46:49.699Z,57076,440000,2998000
2026-09-15T21:46:49.699Z,30327,7000000,16900000
2026-09-15T21:46:49.699Z,71727,250100000,1500000000
2026-09-15T21:46:49.699Z,84080,77000000,858100000
2026-09-15T21:46:49.699Z,53963,850000000,2300000000
2026-09-15T21:46:49.699Z,93356,48010000,89480000
2026-09-15T21:46:49.699Z,63203,10750000,300000000
2026-09-15T21:46:49.699Z,37146,179200000,396000000
2026-09-15T21:46:49.699Z,15188,21520000,499900000
2026-09-15T21:46:49.699Z,11873,10010,978800
2026-09-15T21:46:49.699Z,15182,,377000000
2026-09-15T21:46:49.699Z,15260,8000000,238000000
2026-09-15T21:46:49.699Z,1264,1585,15460
2026-09-15T21:46:49.699Z,42732,35010000,318900000
2026-09-15T21:46:49.699Z,58955,,400940
2026-09-15T21:46:49.699Z,42744,1801000,219900000
2026-09-15T21:46:49.699Z,43516,4564000,1394000000
2026-09-15T21:46:49.699Z,53171,0.01,989000000
2026-09-15T21:46:49.699Z,47177,164600000,898200000
2026-09-15T21:46:49.699Z,3246,539900000,650600000
2026-09-15T21:46:49.699Z,27224,125500,15150000
2026-09-15T21:46:49.699Z,16278,2885000,3153000
2026-09-15T21:46:49.699Z,1401,5654000,13660000
2026-09-15T21:46:49.699Z,84964,1999000,9999000000
2026-09-15T21:46:49.699Z,41680,45630000,348400000
2026-09-15T21:46:49.699Z,84126,71020000,187800000
2026-09-15T21:46:49.699Z,46316,3085,999800
2026-09-15T21:46:49.699Z,56913,49000000,497000000
2026-09-15T21:46:49.699Z,45504,130.1,15140
2026-09-15T21:46:49.699Z,23474,1.05,7000000
2026-09-15T21:46:49.699Z,47178,198000000,1276000000
2026-09-15T21:46:49.699Z,84682,556000000,4000000000
2026-09-15T21:46:49.699Z,31553,,749900
2026-09-15T21:46:49.699Z,46719,600700000,9196000000
2026-09-15T21:46:49.699Z,27363,41600,98270
2026-09-15T21:46:49.699Z,82208,575.6,1501
2026-09-15T21:46:49.699Z,47320,27600000,140600000
2026-09-15T21:46:49.699Z,31182,,58000000
2026-09-15T21:46:49.699Z,31745,0.02,49990000
2026-09-15T21:46:49.699Z,14435,8320000,2496000000
2026-09-15T21:46:49.699Z,88660,20000,9999000
2026-09-15T21:46:49.699Z,15835,514800,24490000
2026-09-15T21:46:49.699Z,31733,0.02,49900000
2026-09-15T21:46:49.699Z,33065,7410000,19000000
2026-09-15T21:46:49.699Z,48734,103100,7500000000
2026-09-15T21:46:49.699Z,91121,630000000,4800000000
2026-09-15T21:46:49.699Z,31805,0.02,59840000
2026-09-15T21:46:49.699Z,23674,600000000,825400000
2026-09-15T21:46:49.699Z,90745,10000000,150000000
2026-09-15T21:46:49.699Z,27121,105700000,120300000
2026-09-15T21:46:49.699Z,46906,25000,1762000
2026-09-15T21:46:49.699Z,83246,10000,153000
2026-09-15T21:46:49.699Z,20008,15.2,1497
2026-09-15T21:46:49.699Z,32042,5000,175000
2026-09-15T21:46:49.699Z,29099,55050,1496000
2026-09-15T21:46:49.699Z,31530,141700,113700000
2026-09-15T21:46:49.699Z,41213,8727000,27990000
2026-09-15T21:46:49.699Z,41608,10,50950000
2026-09-15T21:46:49.699Z,4150,12150000,121200000
2026-09-15T21:46:49.699Z,70850,1098000000,2015000000
2026-09-15T21:46:49.699Z,24595,774,2390
2026-09-15T21:46:49.699Z,37149,991200000,1850000000
2026-09-15T21:46:49.699Z,4305,283600000,658900000
2026-09-15T21:46:49.699Z,4191,266400000,643100000
2026-09-15T21:46:49.699Z,34045,572800000,985000000
2026-09-15T21:46:49.699Z,46130,50000000,574800000
2026-09-15T21:46:49.699Z,34666,710000000,10000000000
2026-09-15T21:46:49.699Z,34729,130000000,1260000000
2026-09-15T21:46:49.699Z,50151,,998100000
2026-09-15T21:46:49.699Z,91097,86100000,420000000
2026-09-15T21:46:49.699Z,55588,100,119000
2026-09-15T21:46:49.699Z,46726,1201000000,8977000000
2026-09-15T21:46:49.699Z,63686,13000,496900000
2026-09-15T21:46:49.699Z,25343,155000,887900
2026-09-15T21:46:49.699Z,31352,,3488000
2026-09-15T21:46:49.699Z,43663,,398000000
2026-09-15T21:46:49.699Z,4192,5500000,48510000
2026-09-15T21:46:49.699Z,17648,1382,2430
2026-09-15T21:46:49.699Z,22552,9039,801000
2026-09-15T21:46:49.699Z,24701,90100000,629500000
2026-09-15T21:46:49.699Z,53015,3003000,3294000000
2026-09-15T21:46:49.699Z,17652,2.4,598.6
2026-09-15T21:46:49.699Z,15903,57220000,124300000
2026-09-15T21:46:49.699Z,14656,1901000000,2499000000
2026-09-15T21:46:49.699Z,46180,0.03,10070000
2026-09-15T21:46:49.699Z,36500,2330000,400000000
2026-09-15T21:46:49.699Z,4195,5620000,49990000
2026-09-15T21:46:49.699Z,28544,1201000,130000000
2026-09-15T21:46:49.699Z,56607,25000000,275000000
2026-09-15T21:46:49.699Z,15306,627000000,765000000
2026-09-15T21:46:49.699Z,50039,16250,1960000
2026-09-15T21:46:49.699Z,17662,31,995
2026-09-15T21:46:49.699Z,56710,480600,829500
2026-09-15T21:46:49.699Z,31587,4999,130800
2026-09-15T21:46:49.699Z,59335,,1495000000
2026-09-15T21:46:49.699Z,3427,21530,133100
2026-09-15T21:46:49.699Z,43662,36250000,186200000
2026-09-15T21:46:49.699Z,84985,565100000,628600000
2026-09-15T21:46:49.699Z,14852,772600000,1000000000
2026-09-15T21:46:49.699Z,52845,0.01,1000000000
2026-09-15T21:46:49.699Z,46797,25100,4193000
2026-09-15T21:46:49.699Z,53611,1004000,1900000000
2026-09-15T21:46:49.699Z,76953,210000000,1000000000
2026-09-15T21:46:49.699Z,41639,2001000,39000000
2026-09-15T21:46:49.699Z,1563,10110,111800
2026-09-15T21:46:49.699Z,47043,10000,3997000
2026-09-15T21:46:49.699Z,14636,29980000,280000000
2026-09-15T21:46:49.699Z,37517,,2498000000
2026-09-15T21:46:49.699Z,37516,1000000,5000000000
2026-09-15T21:46:49.699Z,45666,27040000,149900000
2026-09-15T21:46:49.699Z,82178,570600000,1500000000
2026-09-15T21:46:49.699Z,54165,2000000,45000000
2026-09-15T21:46:49.699Z,53637,1001000,999000000
2026-09-15T21:46:49.699Z,53636,1111000,999000000
2026-09-15T21:46:49.699Z,32868,,193900
2026-09-15T21:46:49.699Z,53635,5109000,799000000
2026-09-15T21:46:49.699Z,37519,44750000,659800000
2026-09-15T21:46:49.699Z,56611,16110000,195000000
2026-09-15T21:46:49.699Z,46285,761.5,2677
2026-09-15T21:46:49.699Z,88674,4601000,379300000
2026-09-15T21:46:49.699Z,52846,0.01,1000000000
2026-09-15T21:46:49.699Z,82497,198200000,369000000
2026-09-15T21:46:49.699Z,75289,3900,6139
2026-09-15T21:46:49.699Z,28391,5051,4874000
2026-09-15T21:46:49.699Z,47376,155000000,500000000
2026-09-15T21:46:49.699Z,25241,40090,200000
2026-09-15T21:46:49.699Z,57811,434200000,1249000000
2026-09-15T21:46:49.699Z,91953,5555000,10020000
2026-09-15T21:46:49.699Z,90403,325000000,998000000
2026-09-15T21:46:49.699Z,42616,2963000,2965000000
2026-09-15T21:46:49.699Z,84115,142000000,600000000
2026-09-15T21:46:49.699Z,52896,100100,649900000
2026-09-15T21:46:49.699Z,42148,0.01,249700000
2026-09-15T21:46:49.699Z,61188,143600000,558300000
2026-09-15T21:46:49.699Z,54539,9778000000,20000000000
2026-09-15T21:46:49.699Z,54715,34380000,109000000
2026-09-15T21:46:49.699Z,46491,1407000000,2623000000
2026-09-15T21:46:49.699Z,52641,60070000,2400000000
2026-09-15T21:46:49.699Z,53017,49680000,4884000000
2026-09-15T21:46:49.699Z,55355,1027,50000
2026-09-15T21:46:49.699Z,33784,727700,11960000
2026-09-15T21:46:49.699Z,85482,2060000,34890000
2026-09-15T21:46:49.699Z,57393,11000000,449900000
2026-09-15T21:46:49.699Z,58810,75000000,6000000000
2026-09-15T21:46:49.699Z,838,100000,1194000
2026-09-15T21:46:49.699Z,59817,5100000,500000000
2026-09-15T21:46:49.699Z,36770,2106000,79260000
2026-09-15T21:46:49.699Z,52432,210500000,1176000000
2026-09-15T21:46:49.699Z,48546,,1800000000
2026-09-15T21:46:49.699Z,52886,600000,999000000
2026-09-15T21:46:49.699Z,79612,400000000,506600000
2026-09-15T21:46:49.699Z,27919,237000,217100000
2026-09-15T21:46:49.699Z,84414,169300,890000
2026-09-15T21:46:49.699Z,23758,1,1177000000
2026-09-15T21:46:49.699Z,17359,,9000000
2026-09-15T21:46:49.699Z,87704,50010000,499900000
2026-09-15T21:46:49.699Z,87705,30010000,458800000
2026-09-15T21:46:49.699Z,85646,4030000,18480000
2026-09-15T21:46:49.699Z,34361,160000000,12000000000
2026-09-15T21:46:49.699Z,42730,84000,21980000
2026-09-15T21:46:49.699Z,64269,9000000,210000000
2026-09-15T21:46:49.699Z,14601,117800000,999500000
2026-09-15T21:46:49.699Z,56954,22830000,349300000
2026-09-15T21:46:49.699Z,45840,1010000,9907000
2026-09-15T21:46:49.699Z,33303,,11840000
2026-09-15T21:46:49.699Z,56865,374500,4190000
2026-09-15T21:46:49.699Z,33313,35580000,497900000
2026-09-15T21:46:49.699Z,21202,75500,1698000
2026-09-15T21:46:49.699Z,89115,2600000,14500000
2026-09-15T21:46:49.699Z,27643,4504000,14490000
2026-09-15T21:46:49.699Z,4048,579100000,1300000000
2026-09-15T21:46:49.699Z,58809,120000000,6000000000
2026-09-15T21:46:49.699Z,59858,5022000,2345000000
2026-09-15T21:46:49.699Z,41221,8000000,15700000
2026-09-15T21:46:49.699Z,52555,91550000,1500000000
2026-09-15T21:46:49.699Z,41286,2212,10000
2026-09-15T21:46:49.699Z,90120,4200000,9881000
2026-09-15T21:46:49.699Z,55592,117500,970000
2026-09-15T21:46:49.699Z,46820,66670,1749000
2026-09-15T21:46:49.699Z,55932,9296000,9725000
2026-09-15T21:46:49.699Z,40590,4739000,4696000000
2026-09-15T21:46:49.699Z,87709,60420000,338200000
2026-09-15T21:46:49.699Z,88553,1000,195000
2026-09-15T21:46:49.699Z,64573,306300000,1379000000
2026-09-15T21:46:49.699Z,85741,210900000,2499000000
2026-09-15T21:46:49.699Z,3161,5336000,70000000
2026-09-15T21:46:49.699Z,53020,6313000,6399000000
2026-09-15T21:46:49.699Z,53009,150200000,2650000000
2026-09-15T21:46:49.699Z,53019,0.02,2998000000
2026-09-15T21:46:49.699Z,34047,55010000,4503000000
2026-09-15T21:46:49.699Z,26392,450000,14510000
2026-09-15T21:46:49.699Z,53008,520400000,7932000000
2026-09-15T21:46:49.699Z,14475,12090000,21490000000
2026-09-15T21:46:49.699Z,43713,50000000,19970000000
2026-09-15T21:46:49.699Z,60567,8000000,5000000000
2026-09-15T21:46:49.699Z,90140,1300000000,4896000000
2026-09-15T21:46:49.699Z,17426,2202,8000
2026-09-15T21:46:49.699Z,34808,170000000,1685000000
2026-09-15T21:46:49.699Z,56938,0.01,4732000000
2026-09-15T21:46:49.699Z,64398,6005000,249900000
2026-09-15T21:46:49.699Z,26087,24990,1500000
2026-09-15T21:46:49.699Z,93699,,400000000
2026-09-15T21:46:49.699Z,62229,5501000000,8000000000
2026-09-15T21:46:49.699Z,31647,10000,785000
2026-09-15T21:46:49.699Z,43674,1571000000,10000000000
2026-09-15T21:46:49.699Z,20184,855300000,2025000000
2026-09-15T21:46:49.699Z,46280,611,1150
2026-09-15T21:46:49.699Z,52863,2000000,990000000
2026-09-15T21:46:49.699Z,43673,9210000,9000000000
2026-09-15T21:46:49.699Z,86271,350000000,400000000
2026-09-15T21:46:49.699Z,48584,1235,21380000
2026-09-15T21:46:49.699Z,76246,70000000,4445000000
2026-09-15T21:46:49.699Z,50053,331700000,1748000000
2026-09-15T21:46:49.699Z,43671,1101000000,2440000000
2026-09-15T21:46:49.699Z,85739,210000000,1107000000
2026-09-15T21:46:49.699Z,46172,0.03,10100000
2026-09-15T21:46:49.699Z,81043,61010000,130000000
2026-09-15T21:46:49.699Z,54158,2500000000,12900000000
2026-09-15T21:46:49.699Z,91618,130100000,190000000
2026-09-15T21:46:49.699Z,36957,100000000,187800000
2026-09-15T21:46:49.699Z,58813,,4000000000
2026-09-15T21:46:49.699Z,46175,0.03,10220000
2026-09-15T21:46:49.699Z,90046,,534300
2026-09-15T21:46:49.699Z,43668,555100000,6350000000
2026-09-15T21:46:49.699Z,59818,80010000,1200000000
2026-09-15T21:46:49.699Z,59851,,750000000
2026-09-15T21:46:49.699Z,43872,276400000,425000000
2026-09-15T21:46:49.699Z,59811,11,400000000
2026-09-15T21:46:49.699Z,31542,2154000,122800000
2026-09-15T21:46:49.699Z,21240,2501000,7045000
2026-09-15T21:46:49.699Z,31705,5000,130800
2026-09-15T21:46:49.699Z,49961,2368000000,4488000000
2026-09-15T21:46:49.699Z,19922,89620,3776000
2026-09-15T21:46:49.699Z,93754,1810000000,40000000000
2026-09-15T21:46:49.699Z,12202,1804000,3289000
2026-09-15T21:46:49.699Z,17743,,193800
2026-09-15T21:46:49.699Z,21959,59160000,99890000
2026-09-15T21:46:49.699Z,47135,13140000,50380000
2026-09-15T21:46:49.699Z,78409,0.01,124800000
2026-09-15T21:46:49.699Z,82387,1000,93530000
2026-09-15T21:46:49.699Z,95404,17000000,45000000
2026-09-15T21:46:49.699Z,42180,333000000,2999000000
2026-09-15T21:46:49.699Z,34307,25000,1500000
2026-09-15T21:46:49.699Z,82311,988,1492
2026-09-15T21:46:49.699Z,3226,54930000,75010000
2026-09-15T21:46:49.699Z,19663,1505,134200
2026-09-15T21:46:49.699Z,11579,4102000,5800000
2026-09-15T21:46:49.699Z,94146,111200000,225000000
2026-09-15T21:46:49.699Z,92400,100100000,122000000
2026-09-15T21:46:49.699Z,43847,10000,18870000
2026-09-15T21:46:49.699Z,62584,8700,12370
2026-09-15T21:46:49.699Z,80022,256.3,16200
2026-09-15T21:46:49.699Z,49811,34110000,240000000
2026-09-15T21:46:49.699Z,31120,,800000
2026-09-15T21:46:49.699Z,4075,2980000000,10000000000
2026-09-15T21:46:49.699Z,47126,7780000,29020000
2026-09-15T21:46:49.699Z,14188,193700000,221000000
2026-09-15T21:46:49.699Z,52752,,899000000
2026-09-15T21:46:49.699Z,52405,130100000,320000000
2026-09-15T21:46:49.699Z,52879,214700,233300000
2026-09-15T21:46:49.699Z,88635,6200000,15000000
2026-09-15T21:46:49.699Z,93983,1001000000,2949000000
2026-09-15T21:46:49.699Z,95533,3300000,15000000
2026-09-15T21:46:49.699Z,17250,185000000,375000000
2026-09-15T21:46:49.699Z,41457,371400000,600000000
2026-09-15T21:46:49.699Z,32943,225000000,415000000
2026-09-15T21:46:49.699Z,52740,,1875000000
2026-09-15T21:46:49.699Z,41103,51290000,423000000
2026-09-15T21:46:49.699Z,36480,38210000,446000000
2026-09-15T21:46:49.699Z,21947,29310000,45400000
2026-09-15T21:46:49.699Z,15136,822900000,1665000000
2026-09-15T21:46:49.699Z,14469,4210000,7398000000
2026-09-15T21:46:49.699Z,14794,4622000000,7000000000
2026-09-15T21:46:49.699Z,49681,112300,1200000
2026-09-15T21:46:49.699Z,3113,34950000,97900000
2026-09-15T21:46:49.699Z,28424,90.14,9000
2026-09-15T21:46:49.699Z,54806,1.19,4099000
2026-09-15T21:46:49.699Z,76210,,1195000
2026-09-15T21:46:49.699Z,48565,,6994000000
2026-09-15T21:46:49.699Z,3417,1002,59980
2026-09-15T21:46:49.699Z,40497,35400000,318900000
2026-09-15T21:46:49.699Z,30537,,5400000
2026-09-15T21:46:49.699Z,44887,80000000,420000000
2026-09-15T21:46:49.699Z,23720,125000,1000000
2026-09-15T21:46:49.699Z,83241,15000,425000
2026-09-15T21:46:49.699Z,11443,800900,14250000
2026-09-15T21:46:49.699Z,58785,75000000,8000000000
2026-09-15T21:46:49.699Z,31109,37000,160000000
2026-09-15T21:46:49.699Z,33297,10100,47000000
2026-09-15T21:46:49.699Z,92977,2500000,7500000
2026-09-15T21:46:49.699Z,15200,1031000,357800000
2026-09-15T21:46:49.699Z,14878,1374000,500000000
2026-09-15T21:46:49.699Z,59855,0.01,699000000
2026-09-15T21:46:49.699Z,59847,,1999000000
2026-09-15T21:46:49.699Z,52882,3591000,359000000
2026-09-15T21:46:49.699Z,82492,135300000,695500000
2026-09-15T21:46:49.699Z,28563,96600000,200000000
2026-09-15T21:46:49.699Z,26073,,1306000
2026-09-15T21:46:49.699Z,3361,1878,179000
2026-09-15T21:46:49.699Z,79717,401000,12370000
2026-09-15T21:46:49.699Z,41271,5508,8268
2026-09-15T21:46:49.699Z,887,,400000
2026-09-15T21:46:49.699Z,61221,106600,9299000
2026-09-15T21:46:49.699Z,31132,9999,1000000
2026-09-15T21:46:49.699Z,27769,3001000,24000000
2026-09-15T21:46:49.699Z,24563,40100000,278000000
2026-09-15T21:46:49.699Z,60957,154200000,1500000000
2026-09-15T21:46:49.699Z,61234,,12030000
2026-09-15T21:46:49.699Z,885,1721,1900000
2026-09-15T21:46:49.699Z,61229,521500,9521000
2026-09-15T21:46:49.699Z,880,1000,500000
2026-09-15T21:46:49.699Z,37621,1.05,17340000
2026-09-15T21:46:49.699Z,46486,350100000,399700000
2026-09-15T21:46:49.699Z,26101,,1350000
2026-09-15T21:46:49.699Z,4170,14320000,233800000
2026-09-15T21:46:49.699Z,59229,408700000,3285000000
2026-09-15T21:46:49.699Z,56916,20400,17480000
2026-09-15T21:46:49.699Z,31156,9999,1000000
2026-09-15T21:46:49.699Z,1986,3047,39800
2026-09-15T21:46:49.699Z,884,10,500000
2026-09-15T21:46:49.699Z,2530,50000,2500000
2026-09-15T21:46:49.699Z,32422,61000,788800000
2026-09-15T21:46:49.699Z,53538,15140000,35160000
2026-09-15T21:46:49.699Z,14447,35000,41980000000
2026-09-15T21:46:49.699Z,53132,5095000,160000000
2026-09-15T21:46:49.699Z,3133,3089000,6362000
2026-09-15T21:46:49.699Z,48512,15000000,234900000
2026-09-15T21:46:49.699Z,15802,64070000,144600000
2026-09-15T21:46:49.699Z,52767,225000000,699600000
2026-09-15T21:46:49.699Z,34156,,788800000
2026-09-15T21:46:49.699Z,80382,5435000,16900000
2026-09-15T21:46:49.699Z,47117,9274000,47410000
2026-09-15T21:46:49.699Z,33016,5010000,295000000
2026-09-15T21:46:49.699Z,85877,20000,798400
2026-09-15T21:46:49.699Z,26067,24990,1308000
2026-09-15T21:46:49.699Z,31657,5000,130800
2026-09-15T21:46:49.699Z,21204,203400,498000
2026-09-15T21:46:49.699Z,72552,82010000,1969000000
2026-09-15T21:46:49.699Z,85009,363000000,1199000000
2026-09-15T21:46:49.699Z,32060,10000,785000
2026-09-15T21:46:49.699Z,31147,0.01,898600
2026-09-15T21:46:49.699Z,21284,6757000,35730000
2026-09-15T21:46:49.699Z,17756,,2740000000
2026-09-15T21:46:49.699Z,29637,51680000,78780000
2026-09-15T21:46:49.699Z,45858,1225000,26890000
2026-09-15T21:46:49.699Z,20524,20000000,84990000
2026-09-15T21:46:49.699Z,17302,201000,4850000
2026-09-15T21:46:49.699Z,16047,386500,50000000
2026-09-15T21:46:49.699Z,21010,509600000,1313000000
2026-09-15T21:46:49.699Z,25267,5090000,19500000
2026-09-15T21:46:49.699Z,25332,185500,284700
2026-09-15T21:46:49.699Z,3039,605000,469000000
2026-09-15T21:46:49.699Z,48746,791000000,934000000
2026-09-15T21:46:49.699Z,59848,,4999000000
2026-09-15T21:46:49.699Z,46854,10000,999800
2026-09-15T21:46:49.699Z,11585,336,14000
2026-09-15T21:46:49.699Z,88209,46210000,129600000
2026-09-15T21:46:49.699Z,55031,24510000,33500000
2026-09-15T21:46:49.699Z,40338,10930,748000
2026-09-15T21:46:49.699Z,3254,3563000,138800000
2026-09-15T21:46:49.699Z,7833,338800,500000
2026-09-15T21:46:49.699Z,88486,20000,106900
2026-09-15T21:46:49.699Z,55034,18420000,25300000
2026-09-15T21:46:49.699Z,48563,470000000,1519000000
2026-09-15T21:46:49.699Z,45013,,698000000
2026-09-15T21:46:49.699Z,81119,130800000,2169000000
2026-09-15T21:46:49.699Z,54440,15940000,25000000
2026-09-15T21:46:49.699Z,48549,120000000,1800000000
2026-09-15T21:46:49.699Z,47643,5950000,9999000000
2026-09-15T21:46:49.699Z,17869,12000,29500
2026-09-15T21:46:49.699Z,45060,360000000,1351000000
2026-09-15T21:46:49.699Z,12098,18000000,27900000
2026-09-15T21:46:49.699Z,79759,71000000,196400000
2026-09-15T21:46:49.699Z,21816,985200000,1561000000
2026-09-15T21:46:49.699Z,62481,506.4,2500
2026-09-15T21:46:49.699Z,83275,10000,147900
2026-09-15T21:46:49.699Z,28667,60000000,69990000
2026-09-15T21:46:49.699Z,15840,22500000,149900000
2026-09-15T21:46:49.699Z,90728,16000000,21370000
2026-09-15T21:46:49.699Z,70853,1227000000,3273000000
2026-09-15T21:46:49.699Z,19719,33010000,38000000
2026-09-15T21:46:49.699Z,56886,,399900000
2026-09-15T21:46:49.699Z,93467,55010000,150000000
2026-09-15T21:46:49.699Z,46928,100000,2498000
2026-09-15T21:46:49.699Z,83253,10000,468000
2026-09-15T21:46:49.699Z,21268,1016000,10000000
2026-09-15T21:46:49.699Z,28816,5100000,450100000
2026-09-15T21:46:49.699Z,59860,0.01,499000000
2026-09-15T21:46:49.699Z,62644,20030,1398000
2026-09-15T21:46:49.699Z,45901,100700,4080000
2026-09-15T21:46:49.699Z,54804,20180,5100000
2026-09-15T21:46:49.699Z,41051,240300000,538900000
2026-09-15T21:46:49.699Z,47259,2500,1900000
2026-09-15T21:46:49.699Z,28815,5000000,122000000
2026-09-15T21:46:49.699Z,34039,24530000,974100000
2026-09-15T21:46:49.699Z,45548,500000000,34950000000
2026-09-15T21:46:49.699Z,17298,100000,45000000
2026-09-15T21:46:49.699Z,16188,87300,15000000
2026-09-15T21:46:49.699Z,31780,,9899000
2026-09-15T21:46:49.699Z,43787,1500000,60000000
2026-09-15T21:46:49.699Z,59472,,401000000
2026-09-15T21:46:49.699Z,11803,5002,600000
2026-09-15T21:46:49.699Z,34210,15320000,20000000000
2026-09-15T21:46:49.699Z,46845,0.01,1500000
2026-09-15T21:46:49.699Z,11891,5000,744700
2026-09-15T21:46:49.699Z,31712,2344000,5490000
2026-09-15T21:46:49.699Z,48228,10880000,82470000
2026-09-15T21:46:49.699Z,16221,14780000,34990000
2026-09-15T21:46:49.699Z,62510,8276,10130
2026-09-15T21:46:49.699Z,46669,1100000000,4490000000
2026-09-15T21:46:49.699Z,27619,119400,9419000
2026-09-15T21:46:49.699Z,45023,1000000,3000000000
2026-09-15T21:46:49.699Z,85002,455900000,1098000000
2026-09-15T21:46:49.699Z,47062,1800000,28970000
2026-09-15T21:46:49.699Z,41165,,86000000
2026-09-15T21:46:49.699Z,41171,,96000000
2026-09-15T21:46:49.699Z,27921,253500,210000000
2026-09-15T21:46:49.699Z,42173,0.01,350000000
2026-09-15T21:46:49.699Z,2750,150000,500000000
2026-09-15T21:46:49.699Z,95480,1550000000,2899000000
2026-09-15T21:46:49.699Z,78818,60000000,598400000
2026-09-15T21:46:49.699Z,2752,30000000,100000000
2026-09-15T21:46:49.699Z,2755,150000,50000000
2026-09-15T21:46:49.699Z,47680,1456000000,3200000000
2026-09-15T21:46:49.699Z,3227,29990000,300000000
2026-09-15T21:46:49.699Z,46142,15320000,474900000
2026-09-15T21:46:49.699Z,50152,0.01,1150000000
2026-09-15T21:46:49.699Z,2757,150000,50000000
2026-09-15T21:46:49.699Z,33033,130000,3699000
2026-09-15T21:46:49.699Z,50158,2714000000,12280000000
2026-09-15T21:46:49.699Z,34653,304400000,55040000000
2026-09-15T21:46:49.699Z,53617,2513000,496600000
2026-09-15T21:46:49.699Z,41256,,99690000
2026-09-15T21:46:49.699Z,27925,50000000,171800000
2026-09-15T21:46:49.699Z,53514,8001000,74930000
2026-09-15T21:46:49.699Z,81619,50000000,494600000
2026-09-15T21:46:49.699Z,15667,,3900000
2026-09-15T21:46:49.699Z,2736,150000,50000000
2026-09-15T21:46:49.699Z,2739,43570000,50000000
2026-09-15T21:46:49.699Z,15861,1279000,150000000
2026-09-15T21:46:49.699Z,49156,310000000,4254000000
2026-09-15T21:46:49.699Z,2740,150000,50000000
2026-09-15T21:46:49.699Z,92786,10000000,753900000
2026-09-15T21:46:49.699Z,92787,10000000,1556000000
2026-09-15T21:46:49.699Z,2741,,50000000
2026-09-15T21:46:49.699Z,42198,300000000,2897000000
2026-09-15T21:46:49.699Z,41072,,116000000
2026-09-15T21:46:49.699Z,31621,5000,130800
2026-09-15T21:46:49.699Z,62513,4813,5565
2026-09-15T21:46:49.699Z,33773,5211000,98970000
2026-09-15T21:46:49.699Z,55347,101,58900
2026-09-15T21:46:49.699Z,2759,150000,50000000
2026-09-15T21:46:49.699Z,53537,1020000,119800000
2026-09-15T21:46:49.699Z,27100,139500,699000
2026-09-15T21:46:49.699Z,31038,,62900000
2026-09-15T21:46:49.699Z,33721,265600000,2655000000
2026-09-15T21:46:49.699Z,34687,55010000,2255000000
2026-09-15T21:46:49.699Z,33179,9999,949900
2026-09-15T21:46:49.699Z,2763,1.05,50000000
2026-09-15T21:46:49.699Z,31659,10000,1500000
2026-09-15T21:46:49.699Z,40753,,9900000
2026-09-15T21:46:49.699Z,40742,,9900000
2026-09-15T21:46:49.699Z,22536,503.1,949800
2026-09-15T21:46:49.699Z,45862,1479000,72300000
2026-09-15T21:46:49.699Z,20953,30.86,1231
2026-09-15T21:46:49.699Z,46907,308100,1972000
2026-09-15T21:46:49.699Z,34599,3200000,47990000
2026-09-15T21:46:49.699Z,88227,59010000,577900000
2026-09-15T21:46:49.699Z,43517,10000000,1400000000
2026-09-15T21:46:49.699Z,47172,2005000,999500000
2026-09-15T21:46:49.699Z,2775,154000,250000000
2026-09-15T21:46:49.699Z,2040,65010000,112800000
2026-09-15T21:46:49.699Z,2777,150000,500000000
2026-09-15T21:46:49.699Z,11619,5000,500000
2026-09-15T21:46:49.699Z,2778,150600,250000000
2026-09-15T21:46:49.699Z,42798,570100,2493000
2026-09-15T21:46:49.699Z,2779,150000,125000000
2026-09-15T21:46:49.699Z,2780,150000,500000000
2026-09-15T21:46:49.699Z,2783,150000,500000000
2026-09-15T21:46:49.699Z,2784,320000,250000000
2026-09-15T21:46:49.699Z,62045,6.42,225000
2026-09-15T21:46:49.699Z,46174,,11000000
2026-09-15T21:46:49.699Z,17331,,8000000
2026-09-15T21:46:49.699Z,2804,0.02,75000000
2026-09-15T21:46:49.699Z,93913,80000000,150000000
2026-09-15T21:46:49.699Z,2805,150000,100000000
2026-09-15T21:46:49.699Z,2806,1.05,50000000
2026-09-15T21:46:49.699Z,2808,,50000000
2026-09-15T21:46:49.699Z,2810,150300,50000000
2026-09-15T21:46:49.699Z,2813,,25000000
2026-09-15T21:46:49.699Z,46191,1000000,10900000
2026-09-15T21:46:49.699Z,2814,150000,50000000
2026-09-15T21:46:49.699Z,46197,1000000,10000000
2026-09-15T21:46:49.699Z,2815,,25000000
2026-09-15T21:46:49.699Z,2816,150000,25000000
2026-09-15T21:46:49.699Z,56914,224000000,458900000
2026-09-15T21:46:49.699Z,58883,3046000,130000000
2026-09-15T21:46:49.699Z,2819,150000,25000000
2026-09-15T21:46:49.699Z,55559,20000,203900
2026-09-15T21:46:49.699Z,2822,150000,100000000
2026-09-15T21:46:49.699Z,79006,265100000,638200000
2026-09-15T21:46:49.699Z,2823,150000,50000000
2026-09-15T21:46:49.699Z,56921,0.01,214900000
2026-09-15T21:46:49.699Z,2824,150000,50000000
2026-09-15T21:46:49.699Z,2825,,25000000
2026-09-15T21:46:49.699Z,33795,24100000,449700000
2026-09-15T21:46:49.699Z,2826,1.05,25000000
2026-09-15T21:46:49.699Z,71721,25320000,1260000000
2026-09-15T21:46:49.699Z,42887,500000,10900000
2026-09-15T21:46:49.699Z,2827,,50000000
2026-09-15T21:46:49.699Z,54811,1,250000000
2026-09-15T21:46:49.699Z,25283,134100,999900
2026-09-15T21:46:49.699Z,42874,2000000,10800000
2026-09-15T21:46:49.699Z,2828,,50000000
2026-09-15T21:46:49.699Z,54552,5202000,250000000
2026-09-15T21:46:49.699Z,2829,0.02,100000000
2026-09-15T21:46:49.699Z,89699,355000000,459000000
2026-09-15T21:46:49.699Z,2830,0.02,100000000
2026-09-15T21:46:49.699Z,84339,200500,1480000
2026-09-15T21:46:49.699Z,14385,32030000,36990000000
2026-09-15T21:46:49.699Z,80940,511000000,2096000000
2026-09-15T21:46:49.699Z,2792,,50000000
2026-09-15T21:46:49.699Z,17977,0.01,218900
2026-09-15T21:46:49.699Z,3132,554900000,644700000
2026-09-15T21:46:49.699Z,2794,,50000000
2026-09-15T21:46:49.699Z,42678,1080000000,7980000000
2026-09-15T21:46:49.699Z,2796,,50000000
2026-09-15T21:46:49.699Z,43866,995600000,1565000000
2026-09-15T21:46:49.699Z,2798,,50000000
2026-09-15T21:46:49.699Z,57055,49520000,5799000000
2026-09-15T21:46:49.699Z,27591,520800000,900000000
2026-09-15T21:46:49.699Z,2799,150000,50000000
2026-09-15T21:46:49.699Z,58799,249500000,9000000000
2026-09-15T21:46:49.699Z,49651,900700,400000000
2026-09-15T21:46:49.699Z,62396,42170,65000
2026-09-15T21:46:49.699Z,21948,1.01,200000000
2026-09-15T21:46:49.699Z,30532,,5230000
2026-09-15T21:46:49.699Z,73423,5512000000,7799000000
2026-09-15T21:46:49.699Z,49673,116700,747900
2026-09-15T21:46:49.699Z,59473,24610000,649300000
2026-09-15T21:46:49.699Z,21950,1.01,200000000
2026-09-15T21:46:49.699Z,21952,210200,200000000
2026-09-15T21:46:49.699Z,52698,3555000000,8755000000
2026-09-15T21:46:49.699Z,3103,48960000,200000000
2026-09-15T21:46:49.699Z,21954,1.01,200000000
2026-09-15T21:46:49.699Z,88469,100000,2083000
2026-09-15T21:46:49.699Z,15000,519900,492600000
2026-09-15T21:46:49.699Z,34560,2850000,633500000
2026-09-15T21:46:49.699Z,21958,150100000,200000000
2026-09-15T21:46:49.699Z,23714,100,2200000
2026-09-15T21:46:49.699Z,21960,200200,200000000
2026-09-15T21:46:49.699Z,48750,110000000,2800000000
2026-09-15T21:46:49.699Z,59171,1.01,300000000
2026-09-15T21:46:49.699Z,9790,1557000,58270000
2026-09-15T21:46:49.699Z,21962,150200000,200000000
2026-09-15T21:46:49.699Z,21964,200200,200000000
2026-09-15T21:46:49.699Z,40666,42310000,78400000
2026-09-15T21:46:49.699Z,56885,100000000,289900000
2026-09-15T21:46:49.699Z,21966,1.01,200000000
2026-09-15T21:46:49.699Z,21968,1.01,200000000
2026-09-15T21:46:49.699Z,41049,70420000,689000000
2026-09-15T21:46:49.699Z,21970,,200000000
2026-09-15T21:46:49.699Z,89609,27710000,59830000
2026-09-15T21:46:49.699Z,93074,105800000,265500000
2026-09-15T21:46:49.699Z,24697,272500000,618900000
2026-09-15T21:46:49.699Z,24703,551000000,598900000
2026-09-15T21:46:49.699Z,27618,2120000,27980000
2026-09-15T21:46:49.699Z,33301,124200000,498900000
2026-09-15T21:46:49.699Z,27613,119400,21900000
2026-09-15T21:46:49.699Z,88644,21000,93150000
2026-09-15T21:46:49.699Z,33018,3310000,14190000
2026-09-15T21:46:49.699Z,17299,4610000,342500000
2026-09-15T21:46:49.699Z,56614,57010000,750000000
2026-09-15T21:46:49.699Z,36386,67510000,900000000
2026-09-15T21:46:49.699Z,92792,10000000,640000000
2026-09-15T21:46:49.699Z,3607,170000,200000
2026-09-15T21:46:49.699Z,28402,50.01,3300000
2026-09-15T21:46:49.699Z,41043,215400000,405400000
2026-09-15T21:46:49.699Z,37166,2076000000,2897000000
2026-09-15T21:46:49.699Z,82455,160000,4959000
2026-09-15T21:46:49.699Z,92791,10000000,250000000
2026-09-15T21:46:49.699Z,78848,15220000,45000000
2026-09-15T21:46:49.699Z,41053,202000000,799000000
2026-09-15T21:46:49.699Z,34769,150000,10000000
2026-09-15T21:46:49.699Z,92795,10000000,1380000000
2026-09-15T21:46:49.699Z,48731,27080000,299900000
2026-09-15T21:46:49.699Z,86273,100000,107800000
2026-09-15T21:46:49.699Z,92796,10000000,1380000000
2026-09-15T21:46:49.699Z,47012,22400,1798000
2026-09-15T21:46:49.699Z,14755,4304000000,8000000000
2026-09-15T21:46:49.699Z,34770,101000,10000000
2026-09-15T21:46:49.699Z,53430,900800000,9990000000
2026-09-15T21:46:49.699Z,36498,40230000,1790000000
2026-09-15T21:46:49.699Z,28412,98120,3239000
2026-09-15T21:46:49.699Z,45881,164600,2407000
2026-09-15T21:46:49.699Z,90406,2422000000,2915000000
2026-09-15T21:46:49.699Z,14742,69070000,187900000
2026-09-15T21:46:49.699Z,3188,53680000,119700000
2026-09-15T21:46:49.699Z,14856,105900000,316000000
2026-09-15T21:46:49.699Z,17437,3201,4499
2026-09-15T21:46:49.699Z,12534,16050,2000000
2026-09-15T21:46:49.699Z,75275,19.85,25.75
2026-09-15T21:46:49.699Z,19978,20,1879
2026-09-15T21:46:49.699Z,17229,15050,15000000
2026-09-15T21:46:49.699Z,49819,502700000,7394000000
2026-09-15T21:46:49.699Z,75277,18.11,27.75
2026-09-15T21:46:49.699Z,37895,10000,357000
2026-09-15T21:46:49.699Z,48136,5211000,80000000
2026-09-15T21:46:49.699Z,17817,32520,15000000
2026-09-15T21:46:49.699Z,41143,,103600000
2026-09-15T21:46:49.699Z,41132,,81990000
2026-09-15T21:46:49.699Z,44255,,2000000000
2026-09-15T21:46:49.699Z,41086,,85000000
2026-09-15T21:46:49.699Z,15104,6621000000,8498000000
2026-09-15T21:46:49.699Z,20957,20.24,5900
2026-09-15T21:46:49.699Z,15084,,2587000000
2026-09-15T21:46:49.699Z,42191,2502000,990000000
2026-09-15T21:46:49.699Z,86150,10060000,3850000000
2026-09-15T21:46:49.699Z,57812,300700000,1950000000
2026-09-15T21:46:49.699Z,53163,0.01,1285000000
2026-09-15T21:46:49.699Z,43877,946400000,1899000000
2026-09-15T21:46:49.699Z,42163,100000,990000000
2026-09-15T21:46:49.699Z,28784,53960000,88400000
2026-09-15T21:46:49.699Z,46317,5592,34000000
2026-09-15T21:46:49.699Z,16869,5200000,84300000
2026-09-15T21:46:49.699Z,62496,1374,2500
2026-09-15T21:46:49.699Z,42181,155200000,1990000000
2026-09-15T21:46:49.699Z,56194,1225000,2000000000
2026-09-15T21:46:49.699Z,14682,2596000000,3650000000
2026-09-15T21:46:49.699Z,33049,100000,2599000
2026-09-15T21:46:49.699Z,33036,100000,2000000
2026-09-15T21:46:49.699Z,46806,7017000,18900000
2026-09-15T21:46:49.699Z,33045,250100,3586000
2026-09-15T21:46:49.699Z,26390,2494,13640000
2026-09-15T21:46:49.699Z,52431,209900000,2498000000
2026-09-15T21:46:49.699Z,18657,1050000,9999000
2026-09-15T21:46:49.699Z,4241,32090000,359300000
2026-09-15T21:46:49.699Z,18679,5004,20000000
2026-09-15T21:46:49.699Z,52774,27160000,3000000000
2026-09-15T21:46:49.699Z,46695,1899,490000
2026-09-15T21:46:49.699Z,27610,110100000,3000000000
2026-09-15T21:46:49.699Z,11872,10020,699600
2026-09-15T21:46:49.699Z,3425,22.07,100000
2026-09-15T21:46:49.699Z,53183,1110000,1000000000
2026-09-15T21:46:49.699Z,25305,72380000,295000000
2026-09-15T21:46:49.699Z,3409,3205,800000
2026-09-15T21:46:49.699Z,15621,2606,50000
2026-09-15T21:46:49.699Z,44256,0.01,3000000000
2026-09-15T21:46:49.699Z,4097,1737000000,94400000000
2026-09-15T21:46:49.699Z,52629,11520000,1199000000
2026-09-15T21:46:49.699Z,57514,1587000,1589000000
2026-09-15T21:46:49.699Z,14184,26000000,33140000
2026-09-15T21:46:49.699Z,19418,56900000,60970000
2026-09-15T21:46:49.699Z,41537,50000000,290000000
2026-09-15T21:46:49.699Z,14854,2801000000,5675000000
2026-09-15T21:46:49.699Z,14855,2667000000,5155000000
2026-09-15T21:46:49.699Z,33107,260000000,696800000
2026-09-15T21:46:49.699Z,40469,0.01,999600000
2026-09-15T21:46:49.699Z,40319,0.01,5000000000
2026-09-15T21:46:49.699Z,40617,0.01,2877000000
2026-09-15T21:46:49.699Z,46410,,5000000000
2026-09-15T21:46:49.699Z,36785,204300000,5000000000
2026-09-15T21:46:49.699Z,46113,22960000,622200000
2026-09-15T21:46:49.699Z,40600,0.01,4672000000
2026-09-15T21:46:49.699Z,40603,13280000,6247000000
2026-09-15T21:46:49.699Z,46411,0.01,5000000000
2026-09-15T21:46:49.699Z,62495,818.2,2988
2026-09-15T21:46:49.699Z,52782,570000000,5700000000
2026-09-15T21:46:49.699Z,52779,96240000,5000000000
2026-09-15T21:46:49.699Z,12109,100100,5373000
2026-09-15T21:46:49.699Z,1010,,280000
2026-09-15T21:46:49.699Z,34173,125000000,1500000000
2026-09-15T21:46:49.699Z,31359,,1249000
2026-09-15T21:46:49.699Z,46248,30810000,192600000
2026-09-15T21:46:49.699Z,55714,4699000,4000000000
2026-09-15T21:46:49.699Z,33585,13000,48980000
2026-09-15T21:46:49.699Z,819,1000,20000
2026-09-15T21:46:49.699Z,46199,1000000,9749000
2026-09-15T21:46:49.699Z,43486,4900000,1900000000
2026-09-15T21:46:49.699Z,33610,0.01,50000000
2026-09-15T21:46:49.699Z,48754,2000000,178000000
2026-09-15T21:46:49.699Z,56190,9999000,3000000000
2026-09-15T21:46:49.699Z,33804,650000000,21000000000
2026-09-15T21:46:49.699Z,33803,961400000,19000000000
2026-09-15T21:46:49.699Z,43698,45000000,174800000
2026-09-15T21:46:49.699Z,54442,8005000,84600000
2026-09-15T21:46:49.699Z,56089,6003000,499500000
2026-09-15T21:46:49.699Z,60105,50030000,899800000
2026-09-15T21:46:49.699Z,41448,,449900000
2026-09-15T21:46:49.699Z,48201,36010000,644900000
2026-09-15T21:46:49.699Z,31224,289100,21010000
2026-09-15T21:46:49.699Z,56887,56170000,500000000
2026-09-15T21:46:49.699Z,37818,8734000000,13790000000
2026-09-15T21:46:49.699Z,48211,5000000,1249000000
2026-09-15T21:46:49.699Z,52859,100100,1500000000
2026-09-15T21:46:49.699Z,43884,715000000,1297000000
2026-09-15T21:46:49.699Z,43886,583600000,1297000000
2026-09-15T21:46:49.699Z,84163,460000,2498000
2026-09-15T21:46:49.699Z,20871,8010000,13000000
2026-09-15T21:46:49.699Z,31025,4000000,99000000
2026-09-15T21:46:49.699Z,45965,208400,9965000
2026-09-15T21:46:49.699Z,85242,,288500000
2026-09-15T21:46:49.699Z,52786,62070000,110700000
2026-09-15T21:46:49.699Z,32858,10000,200000
2026-09-15T21:46:49.699Z,34773,10000,6980000
2026-09-15T21:46:49.699Z,21206,2121,1450000
2026-09-15T21:46:49.699Z,43692,25140000,39790000
2026-09-15T21:46:49.699Z,34775,10000,9000000
2026-09-15T21:46:49.699Z,31139,27690000,84900000
2026-09-15T21:46:49.699Z,57534,26260000,148000000
2026-09-15T21:46:49.699Z,52560,176400000,3978000000
2026-09-15T21:46:49.699Z,14441,,8571000000
2026-09-15T21:46:49.699Z,12478,5873,799500
2026-09-15T21:46:49.699Z,34364,880000000,1602000000
2026-09-15T21:46:49.699Z,84674,1144000000,9999000000
2026-09-15T21:46:49.699Z,11238,9999,850000
2026-09-15T21:46:49.699Z,55513,2605000,6395000
2026-09-15T21:46:49.699Z,62470,505.5,999
2026-09-15T21:46:49.699Z,24653,91700000,389000000
2026-09-15T21:46:49.699Z,27782,,1099000000
2026-09-15T21:46:49.699Z,33043,130000,2996000
2026-09-15T21:46:49.699Z,53615,0.02,449000000
2026-09-15T21:46:49.699Z,47295,883000000,1500000000
2026-09-15T21:46:49.699Z,46311,147.1,3000
2026-09-15T21:46:49.699Z,45979,5722000,34990000
2026-09-15T21:46:49.699Z,53011,33010000,68900000
2026-09-15T21:46:49.699Z,32867,,999900
2026-09-15T21:46:49.699Z,32859,12500,499900
2026-09-15T21:46:49.699Z,16692,5000000,20000000
2026-09-15T21:46:49.699Z,33799,102,344400000
2026-09-15T21:46:49.699Z,47294,26530000,2799000000
2026-09-15T21:46:49.699Z,93143,15010000,367400000
2026-09-15T21:46:49.699Z,32860,,500000
2026-09-15T21:46:49.699Z,91085,,15980000
2026-09-15T21:46:49.699Z,9129,18000,55560
2026-09-15T21:46:49.699Z,46665,160000000,2980000000
2026-09-15T21:46:49.699Z,34174,48190000,79890000
2026-09-15T21:46:49.699Z,54926,145800,15860000
2026-09-15T21:46:49.699Z,44910,15250,4790000
2026-09-15T21:46:49.699Z,3236,5048000,6288000
2026-09-15T21:46:49.699Z,34435,200000,30000000
2026-09-15T21:46:49.699Z,30477,,13000000
2026-09-15T21:46:49.699Z,47047,20000,90000000
2026-09-15T21:46:49.699Z,22178,5000,348000
2026-09-15T21:46:49.699Z,11228,9999,999000
2026-09-15T21:46:49.699Z,29995,,13000000
2026-09-15T21:46:49.699Z,4315,,13000000
2026-09-15T21:46:49.699Z,27675,5001000,1875000000
2026-09-15T21:46:49.699Z,40488,77550000,1496000000
2026-09-15T21:46:49.699Z,28656,59260000,75000000
2026-09-15T21:46:49.699Z,45838,1027000,14990000
2026-09-15T21:46:49.699Z,29997,,13000000
2026-09-15T21:46:49.699Z,42564,710000000,2600000000
2026-09-15T21:46:49.699Z,59835,1,3220000000
2026-09-15T21:46:49.699Z,32877,3275000,8795138
2026-09-15T21:46:49.699Z,85715,,6000000
2026-09-15T21:46:49.699Z,85720,,7000000
2026-09-15T21:46:49.699Z,40755,,9900000
2026-09-15T21:46:49.699Z,60296,355200,2895000
2026-09-15T21:46:49.699Z,53951,1211000000,5485000000
2026-09-15T21:46:49.699Z,64405,100000000,1129000000
2026-09-15T21:46:49.699Z,42789,9002000,16000000
2026-09-15T21:46:49.699Z,63773,1003,999800
2026-09-15T21:46:49.699Z,15258,4086000000,5999000000
2026-09-15T21:46:49.699Z,2030,,499900000
2026-09-15T21:46:49.699Z,48748,85000000,978200000
2026-09-15T21:46:49.699Z,56912,1000000,850000000
2026-09-15T21:46:49.699Z,63776,26380,2897000
2026-09-15T21:46:49.699Z,48592,101000,39000000
2026-09-15T21:46:49.699Z,31536,44090000,239900000
2026-09-15T21:46:49.699Z,45992,1001000,178800000
2026-09-15T21:46:49.699Z,85472,45060000,45070000
2026-09-15T21:46:49.699Z,85667,1945000,20000000
2026-09-15T21:46:49.699Z,36723,33000000,174900000
2026-09-15T21:46:49.699Z,41241,402500000,950000000
2026-09-15T21:46:49.699Z,998,507100000,1040000000
2026-09-15T21:46:49.699Z,46190,1000000,10050000
2026-09-15T21:46:49.699Z,575,504800,1192000
2026-09-15T21:46:49.699Z,64590,850000000,8499000000
2026-09-15T21:46:49.699Z,36514,1100000000,10250000000
2026-09-15T21:46:49.699Z,24549,,317000000
2026-09-15T21:46:49.699Z,48839,1406000,494500000
2026-09-15T21:46:49.699Z,43659,,400000000
2026-09-15T21:46:49.699Z,30389,61200000,140000000
2026-09-15T21:46:49.699Z,4147,992900,2890000
2026-09-15T21:46:49.699Z,45541,3259000,1000000000
2026-09-15T21:46:49.699Z,45542,1001000,1000000000
2026-09-15T21:46:49.699Z,43928,3267000,1000000000
2026-09-15T21:46:49.699Z,40684,,29000000
2026-09-15T21:46:49.699Z,41698,,69000000
2026-09-15T21:46:49.699Z,79613,460000000,2999000000
2026-09-15T21:46:49.699Z,81071,,5234000
2026-09-15T21:46:49.699Z,56895,100100,500000000
2026-09-15T21:46:49.699Z,62497,2428,7400
2026-09-15T21:46:49.699Z,31476,,12790000
2026-09-15T21:46:49.699Z,24242,401300,999000
2026-09-15T21:46:49.699Z,14484,453600000,976000000
2026-09-15T21:46:49.699Z,19725,1386000000,2001000000
2026-09-15T21:46:49.699Z,90659,,142000000
2026-09-15T21:46:49.699Z,14459,11510000000,45070000000
2026-09-15T21:46:49.699Z,37169,25010000,19970000000
2026-09-15T21:46:49.699Z,59868,9998000,999000000
2026-09-15T21:46:49.699Z,3341,1404,523800
2026-09-15T21:46:49.699Z,26258,141.2,195000
2026-09-15T21:46:49.699Z,43711,50000000,19970000000
2026-09-15T21:46:49.699Z,29087,52050,550000
2026-09-15T21:46:49.699Z,55756,800100,10000000
2026-09-15T21:46:49.699Z,48521,36990000,6594000000
2026-09-15T21:46:49.699Z,54809,1,26980000
2026-09-15T21:46:49.699Z,54810,1,29990000
2026-09-15T21:46:49.699Z,46203,1000000,9749000
2026-09-15T21:46:49.699Z,11870,4999,998600
2026-09-15T21:46:49.699Z,57513,16000000,1589000000
2026-09-15T21:46:49.699Z,11890,5000,993700
2026-09-15T21:46:49.699Z,31645,5000,130700
2026-09-15T21:46:49.699Z,27065,,61000000
2026-09-15T21:46:49.699Z,33903,30000000,62990000
2026-09-15T21:46:49.699Z,15064,141900000,285100000
2026-09-15T21:46:49.699Z,15072,502300,500000000
2026-09-15T21:46:49.699Z,15096,2113000000,3195000000
2026-09-15T21:46:49.699Z,44216,30000000,100000000
2026-09-15T21:46:49.699Z,42726,1011,1045000
2026-09-15T21:46:49.699Z,84429,45360,390000
2026-09-15T21:46:49.699Z,836,5000,94500
2026-09-15T21:46:49.699Z,31134,,58000000
2026-09-15T21:46:49.699Z,34719,23500,4418000
2026-09-15T21:46:49.699Z,20973,13.77,6999
2026-09-15T21:46:49.699Z,43730,50000000,14960000000
2026-09-15T21:46:49.699Z,46978,56430,14070000
2026-09-15T21:46:49.699Z,41085,,41960000
2026-09-15T21:46:49.699Z,45852,5017000,17000000
2026-09-15T21:46:49.699Z,14387,611500,330600000
2026-09-15T21:46:49.699Z,52321,1655000000,5998000000
2026-09-15T21:46:49.699Z,55858,13690000000,60910000000
2026-09-15T21:46:49.699Z,47110,100,500000000
2026-09-15T21:46:49.699Z,43926,3257000,1000000000
2026-09-15T21:46:49.699Z,3555,10000,1047000
2026-09-15T21:46:49.699Z,21818,3332000000,5999000000
2026-09-15T21:46:49.699Z,46215,,19900000
2026-09-15T21:46:49.699Z,40607,5222000,305000000
2026-09-15T21:46:49.699Z,48588,1,850000
2026-09-15T21:46:49.699Z,17291,10010000,20000000
2026-09-15T21:46:49.699Z,16005,65030000,130900000
2026-09-15T21:46:49.699Z,28394,4517,490000
2026-09-15T21:46:49.699Z,48382,65000000,1066000000
2026-09-15T21:46:49.699Z,17663,,6500000
2026-09-15T21:46:49.699Z,43696,129400000,375000000
2026-09-15T21:46:49.699Z,16232,370100000,566800000
2026-09-15T21:46:49.699Z,24691,1002000000,1859000000
2026-09-15T21:46:49.699Z,46641,125000000,7986000000
2026-09-15T21:46:49.699Z,84972,507500000,690000000
2026-09-15T21:46:49.699Z,41697,,70000000
2026-09-15T21:46:49.699Z,999,1002000000,1742000000
2026-09-15T21:46:49.699Z,40593,1505000,1000000000
2026-09-15T21:46:49.699Z,54826,56630000,68780000
2026-09-15T21:46:49.699Z,31278,,33980000
2026-09-15T21:46:49.699Z,84691,836300000,1398000000
2026-09-15T21:46:49.699Z,77170,110000000,449800000
2026-09-15T21:46:49.699Z,27674,10000000,80000000
2026-09-15T21:46:49.699Z,34348,1200000000,8200000000
2026-09-15T21:46:49.699Z,53421,24000000,2395000000
2026-09-15T21:46:49.699Z,53959,410000000,1200000000
2026-09-15T21:46:49.699Z,832,100,13490000
2026-09-15T21:46:49.699Z,27533,800900000,1989000000
2026-09-15T21:46:49.699Z,52754,,2495000000
2026-09-15T21:46:49.699Z,15062,623700000,2599000000
2026-09-15T21:46:49.699Z,26372,3500000,7697000
2026-09-15T21:46:49.699Z,85876,13000000,14410000
2026-09-15T21:46:49.699Z,37894,10000,899900
2026-09-15T21:46:49.699Z,89705,20000000,307000000
2026-09-15T21:46:49.699Z,48180,10000000,4799000000
2026-09-15T21:46:49.699Z,71730,,297900000
2026-09-15T21:46:49.699Z,93775,,499800
2026-09-15T21:46:49.699Z,23660,3000,1000000
2026-09-15T21:46:49.699Z,47766,41250,495000
2026-09-15T21:46:49.699Z,78408,470600000,1950000000
2026-09-15T21:46:49.699Z,62512,13580,35650
2026-09-15T21:46:49.699Z,59225,33670000,2185000000
2026-09-15T21:46:49.699Z,17643,5850000,9440000
2026-09-15T21:46:49.699Z,85724,,35000000
2026-09-15T21:46:49.699Z,81054,104100000,2090000000
2026-09-15T21:46:49.699Z,14546,1916000000,4199000000
2026-09-15T21:46:49.699Z,46667,38880000,4290000000
2026-09-15T21:46:49.699Z,93590,75200000,364200000
2026-09-15T21:46:49.699Z,48232,7399000,69900000
2026-09-15T21:46:49.699Z,12057,5000,400000
2026-09-15T21:46:49.699Z,43546,,9000000
2026-09-15T21:46:49.699Z,1245,5000,325000
2026-09-15T21:46:49.699Z,50035,110000000,750000000
2026-09-15T21:46:49.699Z,11621,1000,200000
2026-09-15T21:46:49.699Z,59465,0.01,750000000
2026-09-15T21:46:49.699Z,54439,6015000,50980000
2026-09-15T21:46:49.699Z,33221,400000,70000000
2026-09-15T21:46:49.699Z,1223,1941,2299
2026-09-15T21:46:49.699Z,47298,129000000,153200000
2026-09-15T21:46:49.699Z,1292,1000,6197000
2026-09-15T21:46:49.699Z,2162,50000,4380000
2026-09-15T21:46:49.699Z,59815,12000000,390900000
2026-09-15T21:46:49.699Z,85483,10,10000000000
2026-09-15T21:46:49.699Z,4365,200000000,3000000000
2026-09-15T21:46:49.699Z,27595,199800000,888200000
2026-09-15T21:46:49.699Z,34814,70010000,9500000000
2026-09-15T21:46:49.699Z,62476,405.9,1500
2026-09-15T21:46:49.699Z,48503,,100000000
2026-09-15T21:46:49.699Z,56934,4900000,49000000
2026-09-15T21:46:49.699Z,79763,171100000,599900000
2026-09-15T21:46:49.699Z,15290,6473000000,8128000000
2026-09-15T21:46:49.699Z,17293,200000,3098000
2026-09-15T21:46:49.699Z,41601,100,29990000
2026-09-15T21:46:49.699Z,37615,17650000,21500000
2026-09-15T21:46:49.699Z,2007,61520000,89900000
2026-09-15T21:46:49.699Z,56628,8141,13000
2026-09-15T21:46:49.699Z,80943,7102000000,27000000000
2026-09-15T21:46:49.699Z,45842,226300,7839000
2026-09-15T21:46:49.699Z,31729,,2249000
2026-09-15T21:46:49.699Z,57416,2503000,295000000
2026-09-15T21:46:49.699Z,23528,50060,2250000
2026-09-15T21:46:49.699Z,15224,249000,199000000
2026-09-15T21:46:49.699Z,31548,79550000,600000000
2026-09-15T21:46:49.699Z,23564,1061000,19000000
2026-09-15T21:46:49.699Z,44902,135500,6965000
2026-09-15T21:46:49.699Z,48082,205300000,438000000
2026-09-15T21:46:49.699Z,33731,151100000,458700000
2026-09-15T21:46:49.699Z,76282,310100000,2000000000
2026-09-15T21:46:49.699Z,26111,25000,1500000
2026-09-15T21:46:49.699Z,31601,10000,1250000
2026-09-15T21:46:49.699Z,79615,973500000,7500000000
2026-09-15T21:46:49.699Z,34355,650000000,2490000000
2026-09-15T21:46:49.699Z,11296,10000,1000000
2026-09-15T21:46:49.699Z,90121,162300000,999900000
2026-09-15T21:46:49.699Z,93661,85000000,559600000
2026-09-15T21:46:49.699Z,79617,831200000,3899000000
2026-09-15T21:46:49.699Z,11258,9999,1250000
2026-09-15T21:46:49.699Z,48564,2040000000,7842000000
2026-09-15T21:46:49.699Z,59332,59380000,2593000000
2026-09-15T21:46:49.699Z,41243,,35490000
2026-09-15T21:46:49.699Z,53150,0.01,998900000
2026-09-15T21:46:49.699Z,40736,530800,959400000
2026-09-15T21:46:49.699Z,54904,150000000,3750000000
2026-09-15T21:46:49.699Z,76155,100900,14100000
2026-09-15T21:46:49.699Z,15140,1051000000,4599000000
2026-09-15T21:46:49.699Z,31178,5001,225000
2026-09-15T21:46:49.699Z,63697,7984000,1898000000
2026-09-15T21:46:49.699Z,85740,55240000,116300000
2026-09-15T21:46:49.699Z,17440,526.7,794
2026-09-15T21:46:49.699Z,52695,,31372640
2026-09-15T21:46:49.699Z,53628,0.01,1296000000
2026-09-15T21:46:49.699Z,59330,29350000,1669000000
2026-09-15T21:46:49.699Z,15236,,500000000
2026-09-15T21:46:49.699Z,21360,1.28,119.9
2026-09-15T21:46:49.699Z,45897,10040000,29980000
2026-09-15T21:46:49.699Z,15196,,450000000
2026-09-15T21:46:49.699Z,1177,500200,4300000
2026-09-15T21:46:49.699Z,3197,50000000,93750000
2026-09-15T21:46:49.699Z,28388,10530,382400
2026-09-15T21:46:49.699Z,92790,10000000,1300000000
2026-09-15T21:46:49.699Z,93479,26010000,70000000
2026-09-15T21:46:49.699Z,46497,250000000,36490000000
2026-09-15T21:46:49.699Z,88206,10020,120000
2026-09-15T21:46:49.699Z,88204,1006,120000
2026-09-15T21:46:49.699Z,32854,,3900000
2026-09-15T21:46:49.699Z,25719,66110,194900
2026-09-15T21:46:49.699Z,31483,0.02,61990000
2026-09-15T21:46:49.699Z,12055,100000,8270000
2026-09-15T21:46:49.699Z,81383,350000,485000
2026-09-15T21:46:49.699Z,59333,80760000,2393000000
2026-09-15T21:46:49.699Z,21610,18200000,21350000
2026-09-15T21:46:49.699Z,34176,50000000,250000000
2026-09-15T21:46:49.699Z,54787,21000000,248000000
2026-09-15T21:46:49.699Z,78915,10000000,142300000
2026-09-15T21:46:49.699Z,56867,6049,1000000
2026-09-15T21:46:49.699Z,93589,115600000,398200000
2026-09-15T21:46:49.699Z,46200,1000000,10000000
2026-09-15T21:46:49.699Z,92988,5215000,23660000
2026-09-15T21:46:49.699Z,27934,,30840000
2026-09-15T21:46:49.699Z,45738,7211000,48140000
2026-09-15T21:46:49.699Z,94053,170000000,1688000000
2026-09-15T21:46:49.699Z,21030,914900,914500000
2026-09-15T21:46:49.699Z,52855,100500,1499000000
2026-09-15T21:46:49.699Z,43665,,401000000
2026-09-15T21:46:49.699Z,91924,51030000,111100000
2026-09-15T21:46:49.699Z,26071,24990,1500000
2026-09-15T21:46:49.699Z,92793,10100000,1556000000
2026-09-15T21:46:49.699Z,92794,10010000,1556000000
2026-09-15T21:46:49.699Z,75272,26900000,1300000000
2026-09-15T21:46:49.699Z,41451,,400000000
2026-09-15T21:46:49.699Z,26039,,5000000
2026-09-15T21:46:49.699Z,27598,367000000,576000000
2026-09-15T21:46:49.699Z,26047,,5000000
2026-09-15T21:46:49.699Z,26049,,5000000
2026-09-15T21:46:49.699Z,1159,,9990000
2026-09-15T21:46:49.699Z,31661,0.02,59730000
2026-09-15T21:46:49.699Z,80024,1.17,1497
2026-09-15T21:46:49.699Z,15016,101000000,775600000
2026-09-15T21:46:49.699Z,14603,5694000000,13060000000
2026-09-15T21:46:49.699Z,74144,500000,13750000
2026-09-15T21:46:49.699Z,28793,236400000,409900000
2026-09-15T21:46:49.699Z,83225,40000,97120000
2026-09-15T21:46:49.699Z,37489,100,3000000000
2026-09-15T21:46:49.699Z,3729,501.5,264900
2026-09-15T21:46:49.699Z,70851,1704000000,5700000000
2026-09-15T21:46:49.699Z,12218,150000,949900
2026-09-15T21:46:49.699Z,44165,100000,800000
2026-09-15T21:46:49.699Z,55746,1,49900000
2026-09-15T21:46:49.699Z,45986,1100000,4492000
2026-09-15T21:46:49.699Z,56273,4351000,18000000
2026-09-15T21:46:49.699Z,93611,70400000,175000000
2026-09-15T21:46:49.699Z,44935,5048000,35940000
2026-09-15T21:46:49.699Z,2057,612500,595000000
2026-09-15T21:46:49.699Z,60949,22000000,890000000
2026-09-15T21:46:49.699Z,1154,,31400
2026-09-15T21:46:49.699Z,11564,50000,2500000
2026-09-15T21:46:49.699Z,11298,50000,2000000
2026-09-15T21:46:49.699Z,37274,125000000,19970000000
2026-09-15T21:46:49.699Z,48817,2136000000,22870000000
2026-09-15T21:46:49.699Z,33714,12110000,89990000
2026-09-15T21:46:49.699Z,36767,67100000,1265000000
2026-09-15T21:46:49.699Z,1809,150000,300000
2026-09-15T21:46:49.699Z,890,,1290000
2026-09-15T21:46:49.699Z,40612,71000,700000000
2026-09-15T21:46:49.699Z,47445,35520000,85000000
2026-09-15T21:46:49.699Z,41183,,126000000
2026-09-15T21:46:49.699Z,41177,,126000000
2026-09-15T21:46:49.699Z,43935,7449000000,17000000000
2026-09-15T21:46:49.699Z,17432,4966,9000
2026-09-15T21:46:49.699Z,1157,,100000
2026-09-15T21:46:49.699Z,54800,10060000,319900000
2026-09-15T21:46:49.699Z,52893,71400000,1000000000
2026-09-15T21:46:49.699Z,31339,0.02,56000000
2026-09-15T21:46:49.699Z,31315,0.02,58000000
2026-09-15T21:46:49.699Z,31555,,58000000
2026-09-15T21:46:49.699Z,33278,,56000000
2026-09-15T21:46:49.699Z,31543,,57000000
2026-09-15T21:46:49.699Z,1160,4999,100000
2026-09-15T21:46:49.699Z,978,57990000,89900000
2026-09-15T21:46:49.699Z,59222,3851000,12000000000
2026-09-15T21:46:49.699Z,63209,35000000,555500000
2026-09-15T21:46:49.699Z,88895,500000000,2999000000
2026-09-15T21:46:49.699Z,88896,1268000000,1640000000
2026-09-15T21:46:49.699Z,43545,1122,1999000
2026-09-15T21:46:49.699Z,37868,5002000,1500000000
2026-09-15T21:46:49.699Z,27548,200000,24000000
2026-09-15T21:46:49.699Z,43548,,2000000
2026-09-15T21:46:49.699Z,43661,,300000000
2026-09-15T21:46:49.699Z,3992,2825000,990000000
2026-09-15T21:46:49.699Z,90741,1337000,6200000
2026-09-15T21:46:49.699Z,46044,2004000000,26960000000
2026-09-15T21:46:49.699Z,46126,4350000,999900000
2026-09-15T21:46:49.699Z,54177,2605000000,3897000000
2026-09-15T21:46:49.699Z,57778,30110000,547800000
2026-09-15T21:46:49.699Z,46489,1601000000,3497000000
2026-09-15T21:46:49.699Z,31464,18110,18980000
2026-09-15T21:46:49.699Z,32089,,297800
2026-09-15T21:46:49.699Z,14886,50010000,338100000
2026-09-15T21:46:49.699Z,36408,210300000,1660000000
2026-09-15T21:46:49.699Z,17351,1,7000000
2026-09-15T21:46:49.699Z,42876,500,10830000
2026-09-15T21:46:49.699Z,54370,45420000,85000000
2026-09-15T21:46:49.699Z,26079,24990,1500000
2026-09-15T21:46:49.699Z,17221,10070,499100
2026-09-15T21:46:49.699Z,42889,296500,294000000
2026-09-15T21:46:49.699Z,53957,2927000,2440000000
2026-09-15T21:46:49.699Z,49333,10000000,400000000
2026-09-15T21:46:49.699Z,59875,44010000,2980000000
2026-09-15T21:46:49.699Z,47534,500000,849500000
2026-09-15T21:46:49.699Z,45552,6026000000,35000000000
2026-09-15T21:46:49.699Z,31695,9999,785000
2026-09-15T21:46:49.699Z,57510,30010000,43000000
2026-09-15T21:46:49.699Z,48834,3117000,406000000
2026-09-15T21:46:49.699Z,93354,195000000,349000000
2026-09-15T21:46:49.699Z,11628,5003,209300
2026-09-15T21:46:49.699Z,14654,157400000,140000000000
2026-09-15T21:46:49.699Z,57019,851500,50000000
2026-09-15T21:46:49.699Z,44120,309000,19880000
2026-09-15T21:46:49.699Z,71728,200000000,3500000000
2026-09-15T21:46:49.699Z,53193,167000000,1111000000
2026-09-15T21:46:49.699Z,14379,5100000000,6500000000
2026-09-15T21:46:49.699Z,37863,751000000,974500000
2026-09-15T21:46:49.699Z,46663,1100000000,9000000000
2026-09-15T21:46:49.699Z,54542,407300000,1120000000
2026-09-15T21:46:49.699Z,14506,14850000000,23150000000
2026-09-15T21:46:49.699Z,43891,100100000,125000000
2026-09-15T21:46:49.699Z,27542,182400,19640000
2026-09-15T21:46:49.699Z,1265,4999,51760
2026-09-15T21:46:49.699Z,21200,62010,1976000
2026-09-15T21:46:49.699Z,54902,242600000,1053000000
2026-09-15T21:46:49.699Z,33064,41030000,350000000
2026-09-15T21:46:49.699Z,31118,5000,250000
2026-09-15T21:46:49.699Z,34699,0.01,820200000
2026-09-15T21:46:49.699Z,57180,0.01,15740000000
2026-09-15T21:46:49.699Z,41092,,36980000
2026-09-15T21:46:49.699Z,41258,,169900000
2026-09-15T21:46:49.699Z,36311,310000000,5000000000
2026-09-15T21:46:49.699Z,36287,5033000,5025000000
2026-09-15T21:46:49.699Z,36657,0.01,5025000000
2026-09-15T21:46:49.699Z,60226,61620000,650000000
2026-09-15T21:46:49.699Z,14882,491700,545000000
2026-09-15T21:46:49.699Z,49720,31470000,150800000
2026-09-15T21:46:49.699Z,41064,22290000,123100000
2026-09-15T21:46:49.699Z,49423,3333,5750000000
2026-09-15T21:46:49.699Z,63691,43990000,1378000000
2026-09-15T21:46:49.699Z,31471,0.02,63000000
2026-09-15T21:46:49.699Z,52442,280100000,1880000000
2026-09-15T21:46:49.699Z,17683,1000000,11000000
2026-09-15T21:46:49.699Z,31002,,63000000
2026-09-15T21:46:49.699Z,42877,1004000,10000000
2026-09-15T21:46:49.699Z,56734,150000000,550328800
2026-09-15T21:46:49.699Z,41622,,65000000
2026-09-15T21:46:49.699Z,31447,0.02,63000000
2026-09-15T21:46:49.699Z,62483,1439,2099
2026-09-15T21:46:49.699Z,62503,5078,6910
2026-09-15T21:46:49.699Z,62484,1602,2910
2026-09-15T21:46:49.699Z,26059,24990,1308000
2026-09-15T21:46:49.699Z,40720,100,95000000
2026-09-15T21:46:49.699Z,22853,397300000,23000000000
2026-09-15T21:46:49.699Z,48831,10010000,379800000
2026-09-15T21:46:49.699Z,36522,1716000000,200000000000
2026-09-15T21:46:49.699Z,41392,,65000000
2026-09-15T21:46:49.699Z,34656,4164000000,200000000000
2026-09-15T21:46:49.699Z,94148,17230000,399000000
2026-09-15T21:46:49.699Z,1552,,1603000
2026-09-15T21:46:49.699Z,1564,,1707000
2026-09-15T21:46:49.699Z,81614,9119000,150000000
2026-09-15T21:46:49.699Z,84678,2625000000,9800000000
2026-09-15T21:46:49.699Z,41628,,30000000
2026-09-15T21:46:49.699Z,3954,,2951000
2026-09-15T21:46:49.699Z,3948,,2845000
2026-09-15T21:46:49.699Z,3938,,2635000
2026-09-15T21:46:49.699Z,11859,5000,742000
2026-09-15T21:46:49.699Z,17669,20000,20000000
2026-09-15T21:46:49.699Z,17673,11250,9000000
2026-09-15T21:46:49.699Z,823,,1200000
2026-09-15T21:46:49.699Z,33035,90000,1999000
2026-09-15T21:46:49.699Z,17679,,12000000
2026-09-15T21:46:49.699Z,11358,1000,1129000
2026-09-15T21:46:49.699Z,12226,355500,1882000
2026-09-15T21:46:49.699Z,1275,10,2500000
2026-09-15T21:46:49.699Z,31423,0.02,63000000
2026-09-15T21:46:49.699Z,31435,0.02,63000000
2026-09-15T21:46:49.699Z,31459,0.02,63000000
2026-09-15T21:46:49.699Z,31014,,62010000
2026-09-15T21:46:49.699Z,31076,,62990000
2026-09-15T21:46:49.699Z,31088,0.02,63000000
2026-09-15T21:46:49.699Z,41633,,130000000
2026-09-15T21:46:49.699Z,3942,,2740000
2026-09-15T21:46:49.699Z,24555,,320000000
2026-09-15T21:46:49.699Z,16234,316100000,594500000
2026-09-15T21:46:49.699Z,46642,125000000,28950000000
2026-09-15T21:46:49.699Z,840,,1682000
2026-09-15T21:46:49.699Z,11268,10060,1500000
2026-09-15T21:46:49.699Z,89558,,500000
2026-09-15T21:46:49.699Z,89606,,5000000
2026-09-15T21:46:49.699Z,17671,20000,14000000
2026-09-15T21:46:49.699Z,46674,360400000,3333000000
2026-09-15T21:46:49.699Z,17675,20000,16000000
2026-09-15T21:46:49.699Z,20451,1312000,73000000
2026-09-15T21:46:49.699Z,36829,,5025000000
2026-09-15T21:46:49.699Z,23722,,2300000
2026-09-15T21:46:49.699Z,93776,,20270000
2026-09-15T21:46:49.699Z,52869,,388700000
2026-09-15T21:46:49.699Z,58902,250100,3997000
2026-09-15T21:46:49.699Z,37233,230100000,397000000
2026-09-15T21:46:49.699Z,80015,1231,298700
2026-09-15T21:46:49.699Z,57390,110000000,2500000000
2026-09-15T21:46:49.699Z,17326,,7000000
2026-09-15T21:46:49.699Z,83591,4020000,90000000
2026-09-15T21:46:49.699Z,565,4100,64860
2026-09-15T21:46:49.699Z,95478,504900000,2950000000
2026-09-15T21:46:49.699Z,34693,22610000,399000000
2026-09-15T21:46:49.699Z,28431,16.06,1800
2026-09-15T21:46:49.699Z,12824,277900,325000
2026-09-15T21:46:49.699Z,52722,,599000000
2026-09-15T21:46:49.699Z,60219,130000,1399000
2026-09-15T21:46:49.699Z,15056,,636800000
2026-09-15T21:46:49.699Z,25957,,1495000
2026-09-15T21:46:49.699Z,25949,1000,1350000
2026-09-15T21:46:49.699Z,13000,58010000,120000000
2026-09-15T21:46:49.699Z,28418,100400,699600
2026-09-15T21:46:49.699Z,34736,22200000,149000000
2026-09-15T21:46:49.699Z,46139,4023000,1589000000
2026-09-15T21:46:49.699Z,25953,24990,1500000
2026-09-15T21:46:49.699Z,1334,50000,150000
2026-09-15T21:46:49.699Z,31373,10000,1250000
2026-09-15T21:46:49.699Z,59334,54740000,2497000000
2026-09-15T21:46:49.699Z,54766,0.01,390000000
2026-09-15T21:46:49.699Z,31190,5000,130800
2026-09-15T21:46:49.699Z,46691,300600,549900
2026-09-15T21:46:49.699Z,92027,,1997000
2026-09-15T21:46:49.699Z,92576,49000000,212200000
2026-09-15T21:46:49.699Z,34267,4999,250000
2026-09-15T21:46:49.699Z,3997,17000000,1700000000
2026-09-15T21:46:49.699Z,31130,5000,130800
2026-09-15T21:46:49.699Z,15845,3084000,36800000
2026-09-15T21:46:49.699Z,41159,21320000,100000000
2026-09-15T21:46:49.699Z,36794,55100000,941900000
2026-09-15T21:46:49.699Z,31160,5000,129000
2026-09-15T21:46:49.699Z,40616,75000000,10000000000
2026-09-15T21:46:49.699Z,64097,130100000,9980000000
2026-09-15T21:46:49.699Z,64096,900100000,2225000000
2026-09-15T21:46:49.699Z,48202,79950000,1199000000
2026-09-15T21:46:49.699Z,43723,50000000,14970000000
2026-09-15T21:46:49.699Z,47655,11680000,15000000000
2026-09-15T21:46:49.699Z,1106,5000,500000
2026-09-15T21:46:49.699Z,14818,222100000,550000000
2026-09-15T21:46:49.699Z,34269,9999,1000000
2026-09-15T21:46:49.699Z,22991,176,338.9
2026-09-15T21:46:49.699Z,78887,100000,22890000
2026-09-15T21:46:49.699Z,36902,6053000,37000000000
2026-09-15T21:46:49.699Z,46144,6000000,1499000000
2026-09-15T21:46:49.699Z,31589,100000,825000
2026-09-15T21:46:49.699Z,52868,470400,468800000
2026-09-15T21:46:49.699Z,15148,3346000000,6100000000
2026-09-15T21:46:49.699Z,93481,71010000,157600000
2026-09-15T21:46:49.699Z,33290,,49900000
2026-09-15T21:46:49.699Z,33220,300000,50000000
2026-09-15T21:46:49.699Z,41687,8400000,800000000
2026-09-15T21:46:49.699Z,41609,10,63000000
2026-09-15T21:46:49.699Z,33988,1500000,35000000
2026-09-15T21:46:49.699Z,14652,245400000,62890000000
2026-09-15T21:46:49.699Z,31303,0.02,58000000
2026-09-15T21:46:49.699Z,47054,4100000,5900000
2026-09-15T21:46:49.699Z,53184,,2198000000
2026-09-15T21:46:49.699Z,31719,25100,1000000
2026-09-15T21:46:49.699Z,54905,,2190000000
2026-09-15T21:46:49.699Z,34070,1500000000,3938000000
2026-09-15T21:46:49.699Z,41413,35030000,59000000
2026-09-15T21:46:49.699Z,52570,1044000,299900000
2026-09-15T21:46:49.699Z,59864,0.01,2747000000
2026-09-15T21:46:49.699Z,34051,700700000,1853000000
2026-09-15T21:46:49.699Z,54799,4733000,129800000
2026-09-15T21:46:49.699Z,2294,50000,1000000
2026-09-15T21:46:49.699Z,31194,,58010000
2026-09-15T21:46:49.699Z,60260,13540000,179900000
2026-09-15T21:46:49.699Z,52580,70000000,600000000
2026-09-15T21:46:49.699Z,54798,11000000,319000000
2026-09-15T21:46:49.699Z,76236,500000000,2190000000
2026-09-15T21:46:49.699Z,36660,5122000,300000000
2026-09-15T21:46:49.699Z,24396,25190,1465000
2026-09-15T21:46:49.699Z,62505,9151,16630
2026-09-15T21:46:49.699Z,25909,24990,1500000
2026-09-15T21:46:49.699Z,902,,2780000
2026-09-15T21:46:49.699Z,30467,,13000000
2026-09-15T21:46:49.699Z,77867,33000000,328800000
2026-09-15T21:46:49.699Z,48242,10000,600000000
2026-09-15T21:46:49.699Z,25919,24990,1479000
2026-09-15T21:46:49.699Z,32028,5000,1000000
2026-09-15T21:46:49.699Z,32044,10250,1000000
2026-09-15T21:46:49.699Z,88048,26880000,26890000000
2026-09-15T21:46:49.699Z,42712,1153000,990000000
2026-09-15T21:46:49.699Z,46314,7797,321600
2026-09-15T21:46:49.699Z,26027,24990,1496000
2026-09-15T21:46:49.699Z,56902,0.01,1190000000
2026-09-15T21:46:49.699Z,26085,24990,1500000
2026-09-15T21:46:49.699Z,31801,5000,224700
2026-09-15T21:46:49.699Z,26021,24990,1500000
2026-09-15T21:46:49.699Z,56929,0.01,550000000
2026-09-15T21:46:49.699Z,52878,101100,449900000
2026-09-15T21:46:49.699Z,36509,140000000,3960000000
2026-09-15T21:46:49.699Z,48550,,595100000
2026-09-15T21:46:49.699Z,48547,,685100000
2026-09-15T21:46:49.699Z,85035,3814000000,6385000000
2026-09-15T21:46:49.699Z,43703,17000000,22000000
2026-09-15T21:46:49.699Z,4018,150000000,298100000
2026-09-15T21:46:49.699Z,52850,353200,353100000
2026-09-15T21:46:49.699Z,33578,,300000000
2026-09-15T21:46:49.699Z,54906,15010000,1599000000
2026-09-15T21:46:49.699Z,55330,160500,1986000
2026-09-15T21:46:49.699Z,14597,530500000,1399000000
2026-09-15T21:46:49.699Z,22808,50000,300000
2026-09-15T21:46:49.699Z,14618,2513000,2100000000
2026-09-15T21:46:49.699Z,52563,98520000,2998000000
2026-09-15T21:46:49.699Z,40484,26500000,2800000000
2026-09-15T21:46:49.699Z,34681,5209000,150000000
2026-09-15T21:46:49.699Z,25739,306.7,518900
2026-09-15T21:46:49.699Z,27624,13000000,20010000
2026-09-15T21:46:49.699Z,11278,50510,3500000
2026-09-15T21:46:49.699Z,34600,20000000,2900000000
2026-09-15T21:46:49.699Z,20941,570,8999
2026-09-15T21:46:49.699Z,52871,100100,1891000000
2026-09-15T21:46:49.699Z,52569,80000000,299900000
2026-09-15T21:46:49.699Z,54739,61780000,93000000
2026-09-15T21:46:49.699Z,52575,45000000,449900000
2026-09-15T21:46:49.699Z,93349,1200000,120000000
2026-09-15T21:46:49.699Z,11304,1755000,4000000
2026-09-15T21:46:49.699Z,14974,69700,1000000000
2026-09-15T21:46:49.699Z,11300,2275000,4185000
2026-09-15T21:46:49.699Z,52586,70000000,700000000
2026-09-15T21:46:49.699Z,35797,100000,1500000
2026-09-15T21:46:49.699Z,52585,20740000,998300000
2026-09-15T21:46:49.699Z,52584,100000000,1000000000
2026-09-15T21:46:49.699Z,52574,44000000,394900000
2026-09-15T21:46:49.699Z,15161,349000,996600000
2026-09-15T21:46:49.699Z,32783,5,120000
2026-09-15T21:46:49.699Z,48243,6001000,649000000
2026-09-15T21:46:49.699Z,52852,251100,1500000000
2026-09-15T21:46:49.699Z,29077,58340,1397000
2026-09-15T21:46:49.699Z,76244,60000000,1250000000
2026-09-15T21:46:49.699Z,62669,,121000000
2026-09-15T21:46:49.699Z,62671,1,300000000
2026-09-15T21:46:49.699Z,62672,,600000000
2026-09-15T21:46:49.699Z,62674,1,600000000
2026-09-15T21:46:49.699Z,62676,1,456000000
2026-09-15T21:46:49.699Z,62678,1,608500000
2026-09-15T21:46:49.699Z,62679,1312000,1217000000
2026-09-15T21:46:49.699Z,62652,,60000000
2026-09-15T21:46:49.699Z,88666,560100,11000000
2026-09-15T21:46:49.699Z,90141,910000000,5488000000
2026-09-15T21:46:49.699Z,12201,159200,999900
2026-09-15T21:46:49.699Z,3410,150000,1698000
2026-09-15T21:46:49.699Z,64407,185500000,1848000000
2026-09-15T21:46:49.699Z,49820,7100000,2438000000
2026-09-15T21:46:49.699Z,48759,2000000,310000000
2026-09-15T21:46:49.699Z,49818,10000,1628000000
2026-09-15T21:46:49.699Z,64409,196700000,1852000000
2026-09-15T21:46:49.699Z,12258,25000,2067000
2026-09-15T21:46:49.699Z,31144,9999,1000000
2026-09-15T21:46:49.699Z,48523,400000000,7389000000
2026-09-15T21:46:49.699Z,50034,20000000,999000000
2026-09-15T21:46:49.699Z,59422,5898000,2500000000
2026-09-15T21:46:49.699Z,48524,2604000000,9799000000
2026-09-15T21:46:49.699Z,35772,50010,144000
2026-09-15T21:46:49.699Z,35791,,99000
2026-09-15T21:46:49.699Z,34615,21200000,300000000
2026-09-15T21:46:49.699Z,36398,204000000,1965000000
2026-09-15T21:46:49.699Z,94156,186600000,319600000
2026-09-15T21:46:49.699Z,37221,223700000,420000000
2026-09-15T21:46:49.699Z,28403,1058,90000
2026-09-15T21:46:49.699Z,28421,11,4000
2026-09-15T21:46:49.699Z,28419,22280,1650000
2026-09-15T21:46:49.699Z,11306,200400,3500000
2026-09-15T21:46:49.699Z,40496,130500000,3198000000
2026-09-15T21:46:49.699Z,48593,251000,2269000
2026-09-15T21:46:49.699Z,84993,102400000,1844000000
2026-09-15T21:46:49.699Z,85721,,4899000
2026-09-15T21:46:49.699Z,40477,125000000,2500000000
2026-09-15T21:46:49.699Z,41067,54120000,480000000
2026-09-15T21:46:49.699Z,35796,120100,1500000
2026-09-15T21:46:49.699Z,46209,11060000,20650000
2026-09-15T21:46:49.699Z,46274,4100000000,18490000000
2026-09-15T21:46:49.699Z,11247,5003,113700
2026-09-15T21:46:49.699Z,42187,3200000,997400000
2026-09-15T21:46:49.699Z,56606,55010000,409000000
2026-09-15T21:46:49.699Z,15110,16190000000,23990000000
2026-09-15T21:46:49.699Z,70841,1162000000,5300000000
2026-09-15T21:46:49.699Z,12300,1,34900000
2026-09-15T21:46:49.699Z,22766,1250000,11200000
2026-09-15T21:46:49.699Z,77403,,799800000
2026-09-15T21:46:49.699Z,58870,52000,990000
2026-09-15T21:46:49.699Z,15002,425000,430200000
2026-09-15T21:46:49.699Z,93000,5200000,169900000
2026-09-15T21:46:49.699Z,28425,2000,5000
2026-09-15T21:46:49.699Z,31753,5000,130800
2026-09-15T21:46:49.699Z,4065,261000000,690000000
2026-09-15T21:46:49.699Z,46495,1521000000,3497000000
2026-09-15T21:46:49.699Z,20891,7000000,12800000
2026-09-15T21:46:49.699Z,54554,5000000,49000000
2026-09-15T21:46:49.699Z,14568,1019000,300000000
2026-09-15T21:46:49.699Z,92800,11000000,2556000000
2026-09-15T21:46:49.699Z,15030,1620000000,5499000000
2026-09-15T21:46:49.699Z,92798,76000000,1556000000
2026-09-15T21:46:49.699Z,40491,0.01,2111000000
2026-09-15T21:46:49.699Z,2505,401100,789900
2026-09-15T21:46:49.699Z,32861,,1098000
2026-09-15T21:46:49.699Z,46318,5119,27990
2026-09-15T21:46:49.699Z,47527,119900000,1160000000
2026-09-15T21:46:49.699Z,57502,6001000,10900000
2026-09-15T21:46:49.699Z,57500,1000000,10900000
2026-09-15T21:46:49.699Z,52851,100400,299900000
2026-09-15T21:46:49.699Z,15862,17380000,150000000
2026-09-15T21:46:49.699Z,4366,361000000,499900000
2026-09-15T21:46:49.699Z,14932,313900000,350000000
2026-09-15T21:46:49.699Z,31251,,500000
2026-09-15T21:46:49.699Z,37853,10,9500000
2026-09-15T21:46:49.699Z,59866,1066000,5000000000
2026-09-15T21:46:49.699Z,94013,503200000,3000000000
2026-09-15T21:46:49.699Z,33050,240300,15000000
2026-09-15T21:46:49.699Z,31599,5000,225000
2026-09-15T21:46:49.699Z,49959,4000000000,269900000000
2026-09-15T21:46:49.699Z,59816,5200000,698300000
2026-09-15T21:46:49.699Z,34650,90500000,390900000
2026-09-15T21:46:49.699Z,27766,6000000,39900000
2026-09-15T21:46:49.699Z,93013,3203000,89000000
2026-09-15T21:46:49.699Z,53613,100100,1199000000
2026-09-15T21:46:49.699Z,1173,77060,1325000
2026-09-15T21:46:49.699Z,14522,1605000000,4499000000
2026-09-15T21:46:49.699Z,52437,111000000,734000000
2026-09-15T21:46:49.699Z,37219,232500000,499700000
2026-09-15T21:46:49.699Z,15106,6536000000,9537000000
2026-09-15T21:46:49.699Z,24570,,40000000
2026-09-15T21:46:49.699Z,31558,,2000000
2026-09-15T21:46:49.699Z,40510,0.01,999900000
2026-09-15T21:46:49.699Z,41420,105200,49990000
2026-09-15T21:46:49.699Z,92667,146700000,238700000
2026-09-15T21:46:49.699Z,63696,66520000,2900000000
2026-09-15T21:46:49.699Z,36759,25750000,2525000000
2026-09-15T21:46:49.699Z,43835,148900000,1450000000
2026-09-15T21:46:49.699Z,32864,,4986000
2026-09-15T21:46:49.699Z,30652,1681000,2300000
2026-09-15T21:46:49.699Z,32036,10000,850000
2026-09-15T21:46:49.699Z,34659,1890000,68960000
2026-09-15T21:46:49.699Z,34683,1000000,999000000
2026-09-15T21:46:49.699Z,48654,168100000,9500000000
2026-09-15T21:46:49.699Z,59831,,2800000000
2026-09-15T21:46:49.699Z,14952,511400,495000000
2026-09-15T21:46:49.699Z,17324,,7000000
2026-09-15T21:46:49.699Z,52872,100100,1347000000
2026-09-15T21:46:49.699Z,48833,500400,379900000
2026-09-15T21:46:49.699Z,56193,28890000,2499000000
2026-09-15T21:46:49.699Z,73451,36880000,2450000000
2026-09-15T21:46:49.699Z,59331,101800000,2184000000
2026-09-15T21:46:49.699Z,48838,2781000,763200000
2026-09-15T21:46:49.699Z,4009,273400000,95000000000
2026-09-15T21:46:49.699Z,44901,1228000,11500000
2026-09-15T21:46:49.699Z,17349,4001000,9000000
2026-09-15T21:46:49.699Z,45511,7522,39990
2026-09-15T21:46:49.699Z,17334,,9000000
2026-09-15T21:46:49.699Z,31803,10000,1250000
2026-09-15T21:46:49.699Z,53649,100100,1180000000
2026-09-15T21:46:49.699Z,17651,,6000000
2026-09-15T21:46:49.699Z,53595,0.01,399000000
2026-09-15T21:46:49.699Z,11880,0.01,999900
2026-09-15T21:46:49.699Z,33380,6073000000,35000000000
2026-09-15T21:46:49.699Z,42617,25040000,4999000000
2026-09-15T21:46:49.699Z,15092,6322000000,10000000000
2026-09-15T21:46:49.699Z,14828,1186000000,2503000000
2026-09-15T21:46:49.699Z,56749,,2344000
2026-09-15T21:46:49.699Z,3307,1636000,3300000
2026-09-15T21:46:49.699Z,11734,6001,2000000
2026-09-15T21:46:49.699Z,52579,70000000,700000000
2026-09-15T21:46:49.699Z,46419,,3500000000
2026-09-15T21:46:49.699Z,34725,136200000,2885000000
2026-09-15T21:46:49.699Z,85742,1110000000,2389000000
2026-09-15T21:46:49.699Z,43785,15250000,140000000
2026-09-15T21:46:49.699Z,36673,1100000,4499000000
2026-09-15T21:46:49.699Z,48198,210000000,998400000
2026-09-15T21:46:49.699Z,73454,3301000000,5285000000
2026-09-15T21:46:49.699Z,37514,66460000,4998000000
2026-09-15T21:46:49.699Z,46406,0.01,3500000000
2026-09-15T21:46:49.699Z,59470,,348900000
2026-09-15T21:46:49.699Z,54544,3151000000,11250000000
2026-09-15T21:46:49.699Z,52861,0.01,499900000
2026-09-15T21:46:49.699Z,37167,50000000,19970000000
2026-09-15T21:46:49.699Z,52862,10000000,348700000
2026-09-15T21:46:49.699Z,81070,,6000000
2026-09-15T21:46:49.699Z,3400,20500000,113600000
2026-09-15T21:46:49.699Z,81077,,6000000
2026-09-15T21:46:49.699Z,20923,2.4,990
2026-09-15T21:46:49.699Z,57501,1000000,10480000
2026-09-15T21:46:49.699Z,53949,389600,692700000
2026-09-15T21:46:49.699Z,53007,1111000,5000000000
2026-09-15T21:46:49.699Z,47163,0.01,599900000
2026-09-15T21:46:49.699Z,31732,,3498000
2026-09-15T21:46:49.699Z,47162,70000000,696900000
2026-09-15T21:46:49.699Z,41101,22420000,149700000
2026-09-15T21:46:49.699Z,47166,0.01,699900000
2026-09-15T21:46:49.699Z,47164,10,499900000
2026-09-15T21:46:49.699Z,36495,1509000000,12000000000
2026-09-15T21:46:49.699Z,37809,400000000,1561000000
2026-09-15T21:46:49.699Z,33595,13000,48000000
2026-09-15T21:46:49.699Z,16605,7012000000,13890000000
2026-09-15T21:46:49.699Z,17695,1000000,45000000
2026-09-15T21:46:49.699Z,94012,242700000,2000000000
2026-09-15T21:46:49.699Z,82588,35280000,400000000
2026-09-15T21:46:49.699Z,88261,2000000000,8880000000
2026-09-15T21:46:49.699Z,82590,28020000,277600000
2026-09-15T21:46:49.699Z,22983,324.7,867
2026-09-15T21:46:49.699Z,45806,337400,6950000
2026-09-15T21:46:49.699Z,40754,38370000,87630000
2026-09-15T21:46:49.699Z,15028,2657000000,3704000000
2026-09-15T21:46:49.699Z,55856,3714000000,320400000000
2026-09-15T21:46:49.699Z,82398,20000,1981000
2026-09-15T21:46:49.699Z,76207,10230,100000
2026-09-15T21:46:49.699Z,41142,145000000,900000000
2026-09-15T21:46:49.699Z,30465,,13000000
2026-09-15T21:46:49.699Z,22619,4438000,14420000
2026-09-15T21:46:49.699Z,30003,,13000000
2026-09-15T21:46:49.699Z,30475,,13000000
2026-09-15T21:46:49.699Z,34397,,13000000
2026-09-15T21:46:49.699Z,30479,,13000000
2026-09-15T21:46:49.699Z,30009,,13000000
2026-09-15T21:46:49.699Z,2781,150000,250000000
2026-09-15T21:46:49.699Z,17354,,5600000
2026-09-15T21:46:49.699Z,48830,6019000,409600000
2026-09-15T21:46:49.699Z,1128,5000,750000
2026-09-15T21:46:49.699Z,73249,11960,1166000
2026-09-15T21:46:49.699Z,57387,3584000,233500000
2026-09-15T21:46:49.699Z,14610,10710000,1490000000
2026-09-15T21:46:49.699Z,88233,1208000,1190000000
2026-09-15T21:46:49.699Z,4067,84920000,7994000000
2026-09-15T21:46:49.699Z,90744,1200000,40000000
2026-09-15T21:46:49.699Z,34797,53000000,311700000
2026-09-15T21:46:49.699Z,15004,387200,340100000
2026-09-15T21:46:49.699Z,90742,,14000000
2026-09-15T21:46:49.699Z,3551,100.1,45000
2026-09-15T21:46:49.699Z,60367,,7000000
2026-09-15T21:46:49.699Z,36809,0.01,1000000000
2026-09-15T21:46:49.699Z,62028,750000,10000000
2026-09-15T21:46:49.699Z,53620,500800,459000000
2026-09-15T21:46:49.699Z,60369,1140000,8950000
2026-09-15T21:46:49.699Z,3229,26260000,134700000
2026-09-15T21:46:49.699Z,2782,150000,125000000
2026-09-15T21:46:49.699Z,37513,,1110000000
2026-09-15T21:46:49.699Z,53607,550200,265000000
2026-09-15T21:46:49.699Z,37234,80130000,123900000
2026-09-15T21:46:49.699Z,33590,,190000000
2026-09-15T21:46:49.699Z,85729,,4800000
2026-09-15T21:46:49.699Z,46892,317500,3000000
2026-09-15T21:46:49.699Z,2538,50000,300000
2026-09-15T21:46:49.699Z,46192,1000000,10200000
2026-09-15T21:46:49.699Z,56270,406000000,1468000000
2026-09-15T21:46:49.699Z,52433,219500000,3490000000
2026-09-15T21:46:49.699Z,36485,8800000,686100000
2026-09-15T21:46:49.699Z,22715,1000000,1200000000
2026-09-15T21:46:49.699Z,46040,,750000000
2026-09-15T21:46:49.699Z,82500,84670000,424900000
2026-09-15T21:46:49.699Z,1558,5000,1200000
2026-09-15T21:46:49.699Z,3643,1.3,119.6
2026-09-15T21:46:49.699Z,78820,38800000,388500000
2026-09-15T21:46:49.699Z,1105,69550,250000
2026-09-15T21:46:49.699Z,49922,,250000000
2026-09-15T21:46:49.699Z,18025,125700,522000
2026-09-15T21:46:49.699Z,17865,1620,4000
2026-09-15T21:46:49.699Z,37161,983100000,1875000000
2026-09-15T21:46:49.699Z,821,100,200000
2026-09-15T21:46:49.699Z,1072,,200000
2026-09-15T21:46:49.699Z,52781,995000000,9908000000
2026-09-15T21:46:49.699Z,36844,0.01,5025000000
2026-09-15T21:46:49.699Z,36795,6833000,5000000000
2026-09-15T21:46:49.699Z,36842,0.01,5000000000
2026-09-15T21:46:49.699Z,63685,20640000,2495000000
2026-09-15T21:46:49.699Z,76176,1001000,249000000
2026-09-15T21:46:49.699Z,31308,40190000,299900000
2026-09-15T21:46:49.699Z,36355,5015000,97750000
2026-09-15T21:46:49.699Z,34159,155400000,950000000
2026-09-15T21:46:49.699Z,75267,351200000,9900000000
2026-09-15T21:46:49.699Z,30994,,62000000
2026-09-15T21:46:49.699Z,47510,120000000,999900000
2026-09-15T21:46:49.699Z,59406,330100,10000000
2026-09-15T21:46:49.699Z,4232,90000000,1191000000
2026-09-15T21:46:49.699Z,17328,,7000000
2026-09-15T21:46:49.699Z,29090,,15000000
2026-09-15T21:46:49.699Z,17323,,7000000
2026-09-15T21:46:49.699Z,37160,280200000,399700000
2026-09-15T21:46:49.699Z,17339,,7000000
2026-09-15T21:46:49.699Z,46170,,10450000
2026-09-15T21:46:49.699Z,53428,264800000,3210000000
2026-09-15T21:46:49.699Z,46214,10020000,21990000
2026-09-15T21:46:49.699Z,37529,540400000,5122000000
2026-09-15T21:46:49.699Z,41369,40010000,380000000
2026-09-15T21:46:49.699Z,26090,,495700
2026-09-15T21:46:49.699Z,81975,81.05,399
2026-09-15T21:46:49.699Z,3447,6507000,8500000
2026-09-15T21:46:49.699Z,23914,1921000000,25010000000
2026-09-15T21:46:49.699Z,59474,1000000,7498000000
2026-09-15T21:46:49.699Z,76242,355000000,3493000000
2026-09-15T21:46:49.699Z,83643,350000000,2995000000
2026-09-15T21:46:49.699Z,52707,2042000,79000000
2026-09-15T21:46:49.699Z,33150,150000,300000000
2026-09-15T21:46:49.699Z,11798,5000,498800
2026-09-15T21:46:49.699Z,82360,60010,1923000
2026-09-15T21:46:49.699Z,41355,35010000,380000000
2026-09-15T21:46:49.699Z,52352,53100000,480000000
2026-09-15T21:46:49.699Z,73398,1005000,15000000
2026-09-15T21:46:49.699Z,13778,25720000,83870000
2026-09-15T21:46:49.699Z,2604,1000,18000
2026-09-15T21:46:49.699Z,60377,25000,313900
2026-09-15T21:46:49.699Z,3389,10700,313900
2026-09-15T21:46:49.699Z,60755,46000000,799000000
2026-09-15T21:46:49.699Z,27780,801500000,2000000000
2026-09-15T21:46:49.699Z,24562,20000000,95000000
2026-09-15T21:46:49.699Z,41382,40010000,273900000
2026-09-15T21:46:49.699Z,59338,3605000,5250000000
2026-09-15T21:46:49.699Z,60577,20480000,539000000
2026-09-15T21:46:49.699Z,76241,531400000,3242000000
2026-09-15T21:46:49.699Z,86275,2001000,54900000
2026-09-15T21:46:49.699Z,34350,1400000000,8491000000
2026-09-15T21:46:49.699Z,15274,3503000000,4500000000
2026-09-15T21:46:49.699Z,23728,155000,1000000
2026-09-15T21:46:49.699Z,79742,34100000,299000000
2026-09-15T21:46:49.699Z,19759,81090,523200
2026-09-15T21:46:49.699Z,19767,10110,418600
2026-09-15T21:46:49.699Z,3325,125100,523200
2026-09-15T21:46:49.699Z,87236,15920000,3403000000
2026-09-15T21:46:49.699Z,58822,342600000,501500000
2026-09-15T21:46:49.699Z,52425,205100000,798800000
2026-09-15T21:46:49.699Z,31669,5000,130800
2026-09-15T21:46:49.699Z,56147,55000000,3600000000
2026-09-15T21:46:49.699Z,3419,502.7,166700
2026-09-15T21:46:49.699Z,93655,125000000,3000000000
2026-09-15T21:46:49.699Z,45577,0.01,1198000000
2026-09-15T21:46:49.699Z,16220,60700000,89990000
2026-09-15T21:46:49.699Z,95476,1256000000,6650000000
2026-09-15T21:46:49.699Z,63750,705000000,9998000000
2026-09-15T21:46:49.699Z,89696,215000000,333000000
2026-09-15T21:46:49.699Z,27538,800600000,1536000000
2026-09-15T21:46:49.699Z,62452,7555000,85000000
2026-09-15T21:46:49.699Z,48186,600100000,16000000000
2026-09-15T21:46:49.699Z,31765,4999,130800
2026-09-15T21:46:49.699Z,74426,,1001
2026-09-15T21:46:49.699Z,52557,5168000,1899000000
2026-09-15T21:46:49.699Z,43547,1.05,9000000
2026-09-15T21:46:49.699Z,41126,1229000,111300000
2026-09-15T21:46:49.699Z,788,0.03,3199000
2026-09-15T21:46:49.699Z,688,758400000,1135000000
2026-09-15T21:46:49.699Z,17306,5004,18970000
2026-09-15T21:46:49.699Z,62375,610900000,6788000000
2026-09-15T21:46:49.699Z,48655,206100000,24500000000
2026-09-15T21:46:49.699Z,11614,4999,319900
2026-09-15T21:46:49.699Z,52697,1305000000,5056000000
2026-09-15T21:46:49.699Z,70839,799000000,2659000000
2026-09-15T21:46:49.699Z,91773,184500,250000
2026-09-15T21:46:49.699Z,47654,345000000,15000000000
2026-09-15T21:46:49.699Z,47652,21670,15000000000
2026-09-15T21:46:49.699Z,3344,,6800000000
2026-09-15T21:46:49.699Z,91399,100.1,99990
2026-09-15T21:46:49.699Z,47653,140000000,15000000000
2026-09-15T21:46:49.699Z,17485,25280000,75000000
2026-09-15T21:46:49.699Z,59832,,500000000
2026-09-15T21:46:49.699Z,31817,4999,130800
2026-09-15T21:46:49.699Z,41520,200,8500
2026-09-15T21:46:49.699Z,15214,1365000,130000000
2026-09-15T21:46:49.699Z,89268,1000000000,9000000000
2026-09-15T21:46:49.699Z,33726,100000000,2527000000
2026-09-15T21:46:49.699Z,62493,5019,9997
2026-09-15T21:46:49.699Z,17344,,9000000
2026-09-15T21:46:49.699Z,63056,300100000,9859000000
2026-09-15T21:46:49.699Z,14992,895500000,1300000000
2026-09-15T21:46:49.699Z,33271,35010,119900
2026-09-15T21:46:49.699Z,27592,150400000,689700000
2026-09-15T21:46:49.699Z,25344,300600,999700
2026-09-15T21:46:49.699Z,43902,,250000
2026-09-15T21:46:49.699Z,53623,15010000,495000000
2026-09-15T21:46:49.699Z,17352,,7000000
2026-09-15T21:46:49.699Z,17356,,5900000
2026-09-15T21:46:49.699Z,85714,,5001000
2026-09-15T21:46:49.699Z,12302,911000,2940000
2026-09-15T21:46:49.699Z,85757,2.01,8000000
2026-09-15T21:46:49.699Z,31154,5012,130800
2026-09-15T21:46:49.699Z,73271,,19870000
2026-09-15T21:46:49.699Z,48204,85000000,1299000000
2026-09-15T21:46:49.699Z,47057,,100000000
2026-09-15T21:46:49.699Z,43804,20000000,150000000
2026-09-15T21:46:49.699Z,78410,47120000,1500000000
2026-09-15T21:46:49.699Z,49814,32610000,149400000
2026-09-15T21:46:49.699Z,33401,50000,50000000
2026-09-15T21:46:49.699Z,33449,,749970
2026-09-15T21:46:49.699Z,27628,6582000,50000000
2026-09-15T21:46:49.699Z,36792,104800000,1870000000
2026-09-15T21:46:49.699Z,61222,,10220000
2026-09-15T21:46:49.699Z,31611,10060,979900
2026-09-15T21:46:49.699Z,2031,,142000000
2026-09-15T21:46:49.699Z,4307,500000000,615000000
2026-09-15T21:46:49.699Z,14938,300100000,609800000
2026-09-15T21:46:49.699Z,64571,166800000,1467000000
2026-09-15T21:46:49.699Z,28392,622.1,10000000
2026-09-15T21:46:49.699Z,27532,1637000000,3350000000
2026-09-15T21:46:49.699Z,89636,,13000000
2026-09-15T21:46:49.699Z,30424,399.1,189900000
2026-09-15T21:46:49.699Z,33457,963100000,1629000000
2026-09-15T21:46:49.699Z,14750,256000,317800000
2026-09-15T21:46:49.699Z,30420,1,209900
2026-09-15T21:46:49.699Z,14934,100000000,499900000
2026-09-15T21:46:49.699Z,41645,,50000000
2026-09-15T21:46:49.699Z,894,,3000000
2026-09-15T21:46:49.699Z,95417,61000000,300000000
2026-09-15T21:46:49.699Z,15240,44930000,138800000
2026-09-15T21:46:49.699Z,59238,0.01,3500000000
2026-09-15T21:46:49.699Z,61233,,10030000
2026-09-15T21:46:49.699Z,42679,134000000,1340000000
2026-09-15T21:46:49.699Z,53135,1355000,320000000
2026-09-15T21:46:49.699Z,34691,36350000,976400000
2026-09-15T21:46:49.699Z,95475,1221000000,8000000000
2026-09-15T21:46:49.699Z,46270,980700,96160000
2026-09-15T21:46:49.699Z,46671,70010000,2000000000
2026-09-15T21:46:49.699Z,63684,25450000,1000000000
2026-09-15T21:46:49.699Z,31741,4999,130800
2026-09-15T21:46:49.699Z,21038,223200000,1062000000
2026-09-15T21:46:49.699Z,54789,5000000,2800000000
2026-09-15T21:46:49.699Z,33381,2002000000,58900000000
2026-09-15T21:46:49.699Z,17428,2001,7496
2026-09-15T21:46:49.699Z,48208,,3498000000
2026-09-15T21:46:49.699Z,83594,45000000,90000000
2026-09-15T21:46:49.699Z,41150,28380000,200000000
2026-09-15T21:46:49.699Z,27917,226200,214300000
2026-09-15T21:46:49.699Z,57429,41020000,160000000
2026-09-15T21:46:49.699Z,26043,24990,1350000
2026-09-15T21:46:49.699Z,83230,10000,94340000
2026-09-15T21:46:49.699Z,63747,2250000000,3441000000
2026-09-15T21:46:49.699Z,41244,,42000000
2026-09-15T21:46:49.699Z,83333,20000,5000000
2026-09-15T21:46:49.699Z,59852,0.01,842000000
2026-09-15T21:46:49.699Z,61193,10000000,1860000000
2026-09-15T21:46:49.699Z,40588,1200000,4990000000
2026-09-15T21:46:49.699Z,37268,50000000,19970000000
2026-09-15T21:46:49.699Z,37272,50000000,19970000000
2026-09-15T21:46:49.699Z,17336,,9000000
2026-09-15T21:46:49.699Z,87208,2000000,16950000
2026-09-15T21:46:49.699Z,46359,,7618000
2026-09-15T21:46:49.699Z,83464,132000000,280000000
2026-09-15T21:46:49.699Z,37153,981200000,1850000000
2026-09-15T21:46:49.699Z,31707,9999,785000
2026-09-15T21:46:49.699Z,36651,45010000,437400000
2026-09-15T21:46:49.699Z,41686,235100000,2775000000
2026-09-15T21:46:49.699Z,14599,4034000000,6709000000
2026-09-15T21:46:49.699Z,26057,24990,1308000
2026-09-15T21:46:49.699Z,17512,1000000,155000000
2026-09-15T21:46:49.699Z,52572,65000000,499900000
2026-09-15T21:46:49.699Z,1193,56330,14900000
2026-09-15T21:46:49.699Z,52438,141800000,1499000000
2026-09-15T21:46:49.699Z,32939,1320000000,1738000000
2026-09-15T21:46:49.699Z,85463,72000000,20000000000
2026-09-15T21:46:49.699Z,76956,1300000000,8000000000
2026-09-15T21:46:49.699Z,4028,11990000,36000000
2026-09-15T21:46:49.699Z,46484,305000000,397000000
2026-09-15T21:46:49.699Z,92663,50010000,166300000
2026-09-15T21:46:49.699Z,36854,11270000000,24390000000
2026-09-15T21:46:49.699Z,34714,135600000,1955000000
2026-09-15T21:46:49.699Z,46041,,3000000000
2026-09-15T21:46:49.699Z,90277,0.03,60000000
2026-09-15T21:46:49.699Z,46218,0.03,22000000
2026-09-15T21:46:49.699Z,16262,192000,250000
2026-09-15T21:46:49.699Z,1305,5000,125000
2026-09-15T21:46:49.699Z,1178,5000,198900
2026-09-15T21:46:49.699Z,41203,5375000000,6200000000
2026-09-15T21:46:49.699Z,26089,,1950000
2026-09-15T21:46:49.699Z,59752,33870,200000
2026-09-15T21:46:49.699Z,59237,12350,299900000
2026-09-15T21:46:49.699Z,64392,0.01,799900000
2026-09-15T21:46:49.699Z,30650,1606000,3000000
2026-09-15T21:46:49.699Z,17483,4006000,19130000
2026-09-15T21:46:49.699Z,15353,1,2000000
2026-09-15T21:46:49.699Z,59469,0.02,999000000
2026-09-15T21:46:49.699Z,80002,0.01,3000000
2026-09-15T21:46:49.699Z,46140,11000000,399000000
2026-09-15T21:46:49.699Z,32855,,9000000
2026-09-15T21:46:49.699Z,34629,9506000,135000000
2026-09-15T21:46:49.699Z,32839,,7000000
2026-09-15T21:46:49.699Z,15146,2529000000,4799000000
2026-09-15T21:46:49.699Z,3156,451200,485200000
2026-09-15T21:46:49.699Z,17335,,9000000
2026-09-15T21:46:49.699Z,46173,,10990000
2026-09-15T21:46:49.699Z,36323,1150000,1400000000
2026-09-15T21:46:49.699Z,57161,15200000,900200000
2026-09-15T21:46:49.699Z,92784,6009000,2223000000
2026-09-15T21:46:49.699Z,17327,,5900000
2026-09-15T21:46:49.699Z,92783,,2556000000
2026-09-15T21:46:49.699Z,92779,10000000,555600000
2026-09-15T21:46:49.699Z,24268,6226000,9500000
2026-09-15T21:46:49.699Z,92781,10000000,2223000000
2026-09-15T21:46:49.699Z,28526,200000,5000000
2026-09-15T21:46:49.699Z,59311,1174000,4900000000
2026-09-15T21:46:49.699Z,15664,2000000,2399000
2026-09-15T21:46:49.699Z,14467,30330000,31990000000
2026-09-15T21:46:49.699Z,36705,145100000,2100000000
2026-09-15T21:46:49.699Z,1114,1000,180000
2026-09-15T21:46:49.699Z,46178,0.03,10950000
2026-09-15T21:46:49.699Z,47209,5,230000000
2026-09-15T21:46:49.699Z,16622,4031000,7000000
2026-09-15T21:46:49.699Z,11280,251300,7800000
2026-09-15T21:46:49.699Z,53169,5000000,3000000000
2026-09-15T21:46:49.699Z,28396,9201,849800
2026-09-15T21:46:49.699Z,52867,100100,449900000
2026-09-15T21:46:49.699Z,59843,0.01,3843000000
2026-09-15T21:46:49.699Z,47211,5,280000000
2026-09-15T21:46:49.699Z,11885,0.01,750000
2026-09-15T21:46:49.699Z,49925,1227000,300000000
2026-09-15T21:46:49.699Z,33467,2651000,4000000
2026-09-15T21:46:49.699Z,3184,2003000,3500000
2026-09-15T21:46:49.699Z,20315,1761000,3000000
2026-09-15T21:46:49.699Z,2546,50000,375000
2026-09-15T21:46:49.699Z,46715,112000,5000000000
2026-09-15T21:46:49.699Z,34744,35600000,500000000
2026-09-15T21:46:49.699Z,40307,80000000,1500000000
2026-09-15T21:46:49.699Z,32923,5365000000,9999000000
2026-09-15T21:46:49.699Z,61200,100400,899800
2026-09-15T21:46:49.699Z,87517,300100000,649000000
2026-09-15T21:46:49.699Z,14948,40000000000,199900000000
2026-09-15T21:46:49.699Z,21296,1146000,7998000
2026-09-15T21:46:49.699Z,91162,1210000000,19400000000
2026-09-15T21:46:49.699Z,48214,,14400000000
2026-09-15T21:46:49.699Z,93110,,100
2026-09-15T21:46:49.699Z,43758,57290000,250200000
2026-09-15T21:46:49.699Z,62582,8433,11210
2026-09-15T21:46:49.699Z,82396,80010,4499000
2026-09-15T21:46:49.699Z,62511,9759,12200
2026-09-15T21:46:49.699Z,56911,0.01,379000000
2026-09-15T21:46:49.699Z,80017,,7900
2026-09-15T21:46:49.699Z,43515,1408000,9850000000
2026-09-15T21:46:49.699Z,55544,5000,694900
2026-09-15T21:46:49.699Z,94106,1001000,1211000000
2026-09-15T21:46:49.699Z,17433,4427,5429
2026-09-15T21:46:49.699Z,53012,16900000,9998000000
2026-09-15T21:46:49.699Z,55723,29990000,3000000000
2026-09-15T21:46:49.699Z,60451,1525000000,8000000000
2026-09-15T21:46:49.699Z,33487,100000000,6798000000
2026-09-15T21:46:49.699Z,23724,5,475000
2026-09-15T21:46:49.699Z,14858,,600100000
2026-09-15T21:46:49.699Z,48560,85010000,484900000
2026-09-15T21:46:49.699Z,14804,2656000000,4499000000
2026-09-15T21:46:49.699Z,57818,100200000,999800000
2026-09-15T21:46:49.699Z,60754,,4028000000
2026-09-15T21:46:49.699Z,57816,66010000,640000000
2026-09-15T21:46:49.699Z,33309,34520000,500000000
2026-09-15T21:46:49.699Z,57707,3254000000,13960000000
2026-09-15T21:46:49.699Z,57496,6043000,13000000
2026-09-15T21:46:49.699Z,57503,0.01,13000000
2026-09-15T21:46:49.699Z,888,100,1000000
2026-09-15T21:46:49.699Z,41194,2215000000,3999000000
2026-09-15T21:46:49.699Z,28518,129500000,312000000
2026-09-15T21:46:49.699Z,48229,15900000,59230000
2026-09-15T21:46:49.699Z,43715,50000000,19970000000
2026-09-15T21:46:49.699Z,15637,,24850000
2026-09-15T21:46:49.699Z,60196,250000000,2500000000
2026-09-15T21:46:49.699Z,41089,,99000000
2026-09-15T21:46:49.699Z,41133,,91000000
2026-09-15T21:46:49.699Z,61869,96550000,179000000
2026-09-15T21:46:49.699Z,15262,35750000,175000000
2026-09-15T21:46:49.699Z,57517,7502000,750000000
2026-09-15T21:46:49.699Z,52598,207400000,6496000000
2026-09-15T21:46:49.699Z,57525,150200,1500000000
2026-09-15T21:46:49.699Z,92789,101000000,1556000000
2026-09-15T21:46:49.699Z,61230,,11430000
2026-09-15T21:46:49.699Z,11881,0.01,650000
2026-09-15T21:46:49.699Z,41108,,111000000
2026-09-15T21:46:49.699Z,14524,572000000,625400000
2026-09-15T21:46:49.699Z,11584,150,84990
2026-09-15T21:46:49.699Z,33000,,311600
2026-09-15T21:46:49.699Z,34694,60000000,945000000
2026-09-15T21:46:49.699Z,41452,,401000000
2026-09-15T21:46:49.699Z,57310,1200000,63990000
2026-09-15T21:46:49.699Z,48528,,2655000000
2026-09-15T21:46:49.699Z,37181,25000000,269600000000
2026-09-15T21:46:49.699Z,37087,0.02,220000000
2026-09-15T21:46:49.699Z,59842,0.03,4499000000
2026-09-15T21:46:49.699Z,85461,109000000,15000000000
2026-09-15T21:46:49.699Z,60374,,20990000
2026-09-15T21:46:49.699Z,57341,3001000,998700000
2026-09-15T21:46:49.699Z,26023,25000,1499000
2026-09-15T21:46:49.699Z,31635,10020,1250000
2026-09-15T21:46:49.699Z,90661,350000000,888800000
2026-09-15T21:46:49.699Z,37893,4500,869900
2026-09-15T21:46:49.699Z,48215,600900000,6000000000
2026-09-15T21:46:49.699Z,15623,16000,500000
2026-09-15T21:46:49.699Z,17657,15200,8400000
2026-09-15T21:46:49.699Z,43721,125000000,19970000000
2026-09-15T21:46:49.699Z,31567,,59860000
2026-09-15T21:46:49.699Z,52435,72900000,668200000
2026-09-15T21:46:49.699Z,33517,100100,1900000
2026-09-15T21:46:49.699Z,83579,12810000,45000000
2026-09-15T21:46:49.699Z,85712,,100000000
2026-09-15T21:46:49.699Z,42157,1,799000000
2026-09-15T21:46:49.699Z,42150,0.01,699000000
2026-09-15T21:46:49.699Z,42156,250000000,699000000
2026-09-15T21:46:49.699Z,94312,75000,60000000
2026-09-15T21:46:49.699Z,85487,,8000000000
2026-09-15T21:46:49.699Z,41458,263700000,410000000
2026-09-15T21:46:49.699Z,59813,40600000,666000000
2026-09-15T21:46:49.699Z,45572,7969000,2500000000
2026-09-15T21:46:49.699Z,2761,150000,50000000
2026-09-15T21:46:49.699Z,45659,,13000000
2026-09-15T21:46:49.699Z,81074,,7000000
2026-09-15T21:46:49.699Z,12270,2500000,6992000
2026-09-15T21:46:49.699Z,59854,0.01,2500000000
2026-09-15T21:46:49.699Z,45,1.65,49900
2026-09-15T21:46:49.699Z,45575,2083000,300000000
2026-09-15T21:46:49.699Z,46153,5000000,19000000
2026-09-15T21:46:49.699Z,62041,405.6,9970000
2026-09-15T21:46:49.699Z,45561,0.01,750000000
2026-09-15T21:46:49.699Z,41421,170000000,1765000000
2026-09-15T21:46:49.699Z,842,,2320000
2026-09-15T21:46:49.699Z,61218,,9611000
2026-09-15T21:46:49.699Z,2803,0.02,75000000
2026-09-15T21:46:49.699Z,46485,1521000000,3497000000
2026-09-15T21:46:49.699Z,40719,36440,46000000
2026-09-15T21:46:49.699Z,76281,913500000,6001000000
2026-09-15T21:46:49.699Z,36662,1065000,6000000000
2026-09-15T21:46:49.699Z,54217,1439000,3000000000
2026-09-15T21:46:49.699Z,41371,40010000,350000000
2026-09-15T21:46:49.699Z,17325,,7000000
2026-09-15T21:46:49.699Z,33715,330100000,715700000
2026-09-15T21:46:49.699Z,59812,180700000,450000000
2026-09-15T21:46:49.699Z,17300,5000,10000000
2026-09-15T21:46:49.699Z,88266,12180000,14000000000
2026-09-15T21:46:49.699Z,41373,40010000,380000000
2026-09-15T21:46:49.699Z,34357,24650000,88990000
2026-09-15T21:46:49.699Z,41376,40010000,280000000
2026-09-15T21:46:49.699Z,41365,35010000,380000000
2026-09-15T21:46:49.699Z,32345,35010000,380000000
2026-09-15T21:46:49.699Z,47045,,6950000
2026-09-15T21:46:49.699Z,93723,10040,250000000
2026-09-15T21:46:49.699Z,42878,500400,10000000
2026-09-15T21:46:49.699Z,31791,10000,1500000
2026-09-15T21:46:49.699Z,42879,500400,10000000
2026-09-15T21:46:49.699Z,42883,500000,10000000
2026-09-15T21:46:49.699Z,42884,250000,10000000
2026-09-15T21:46:49.699Z,15088,2310000000,6999000000
2026-09-15T21:46:49.699Z,42885,500000,10000000
2026-09-15T21:46:49.699Z,88262,2075000,2988000000
2026-09-15T21:46:49.699Z,62474,288.3,799.9
2026-09-15T21:46:49.699Z,994,10,1075000000
2026-09-15T21:46:49.699Z,2774,150000,500000000
2026-09-15T21:46:49.699Z,17429,2059,20000
2026-09-15T21:46:49.699Z,93785,4000000000,35000000000
2026-09-15T21:46:49.699Z,53646,5525000,494600000
2026-09-15T21:46:49.699Z,47208,0.01,280000000
2026-09-15T21:46:49.699Z,17492,78480000,220000000
2026-09-15T21:46:49.699Z,85726,,29870000
2026-09-15T21:46:49.699Z,26031,24990,2000000
2026-09-15T21:46:49.699Z,87266,55.11,9500000
2026-09-15T21:46:49.699Z,18640,1212,120000
2026-09-15T21:46:49.699Z,59235,,2600000000
2026-09-15T21:46:49.699Z,57536,52220000,247900000
2026-09-15T21:46:49.699Z,62468,255.4,1450
2026-09-15T21:46:49.699Z,30545,3843000,10000000
2026-09-15T21:46:49.699Z,2776,150800,125000000
2026-09-15T21:46:49.699Z,30324,9001000,19000000
2026-09-15T21:46:49.699Z,17978,1,250100
2026-09-15T21:46:49.699Z,45556,3831000,6000000000
2026-09-15T21:46:49.699Z,1155,,20930
2026-09-15T21:46:49.699Z,2833,200000000,973600000
2026-09-15T21:46:49.699Z,57181,8700000,8000000000
2026-09-15T21:46:49.699Z,26077,24990,1500000
2026-09-15T21:46:49.699Z,62504,8076,12710
2026-09-15T21:46:49.699Z,2787,150000,100000000
2026-09-15T21:46:49.699Z,71723,1004000000,1692000000
2026-09-15T21:46:49.699Z,91116,695000000,4900000000
2026-09-15T21:46:49.699Z,57498,,13000000
2026-09-15T21:46:49.699Z,60370,,10790000
2026-09-15T21:46:49.699Z,54221,100800000,849800000
2026-09-15T21:46:49.699Z,90055,,9990000
2026-09-15T21:46:49.699Z,90056,,9990000
2026-09-15T21:46:49.699Z,46361,,8010000
2026-09-15T21:46:49.699Z,60364,,2990000
2026-09-15T21:46:49.699Z,57506,,13000000
2026-09-15T21:46:49.699Z,90892,500000000,1156000000
2026-09-15T21:46:49.699Z,90893,520000000,1149000000
2026-09-15T21:46:49.699Z,46357,,7214000
2026-09-15T21:46:49.699Z,61225,,9017000
2026-09-15T21:46:49.699Z,54909,1200000,1200000000
2026-09-15T21:46:49.699Z,3664,,4266000
2026-09-15T21:46:49.699Z,27905,,4137000
2026-09-15T21:46:49.699Z,27931,,3103000
2026-09-15T21:46:49.699Z,60349,,7200000
2026-09-15T21:46:49.699Z,41388,,65000000
2026-09-15T21:46:49.699Z,41391,,65000000
2026-09-15T21:46:49.699Z,46686,22.74,24
2026-09-15T21:46:49.699Z,42625,147600000,6660000000
2026-09-15T21:46:49.699Z,91392,150000,
2026-09-15T21:46:49.699Z,41450,,400000000
2026-09-15T21:46:49.699Z,22779,,2344000
2026-09-15T21:46:49.699Z,46273,1100000000,23990000000
2026-09-15T21:46:49.699Z,40673,,50000000
2026-09-15T21:46:49.699Z,41627,,15000000
2026-09-15T21:46:49.699Z,41629,,30000000
2026-09-15T21:46:49.699Z,43911,17090000,38000000
2026-09-15T21:46:49.699Z,40721,10,95000000
2026-09-15T21:46:49.699Z,46319,685,49990
2026-09-15T21:46:49.699Z,17353,,7000000
2026-09-15T21:46:49.699Z,46277,1108000000,4800000000
2026-09-15T21:46:49.699Z,81075,,7000000
2026-09-15T21:46:49.699Z,31115,50920000,321900000
2026-09-15T21:46:49.699Z,12266,,1349000
2026-09-15T21:46:49.699Z,45496,195.2,
2026-09-15T21:46:49.699Z,15941,11480,
2026-09-15T21:46:49.699Z,94005,5000000,
2026-09-15T21:46:49.699Z,48171,1000000,
2026-09-15T21:46:49.699Z,48193,12020000,
2026-09-15T21:46:49.699Z,88077,750100,
2026-09-15T21:46:49.699Z,35834,16000000000,
2026-09-15T21:46:49.699Z,78857,31720000,
2026-09-15T21:46:49.699Z,41151,4437000,
2026-09-15T21:46:49.699Z,92825,8150000,
2026-09-15T21:46:49.699Z,52765,40130000,
2026-09-15T21:46:49.699Z,46309,230.7,
2026-09-15T21:46:49.699Z,48530,1001000,
2026-09-15T21:46:49.699Z,46307,420.1,
2026-09-15T21:46:49.699Z,56630,7750,
2026-09-15T21:46:49.699Z,40489,55110000,
2026-09-15T21:46:49.699Z,93073,1291000000,
2026-09-15T21:46:49.699Z,62491,664.7,
2026-09-15T21:46:49.699Z,23718,125000,
2026-09-15T21:46:49.699Z,15874,15050,
2026-09-15T21:46:49.699Z,21900,10040,
2026-09-15T21:46:49.699Z,15870,2506000,
2026-09-15T21:46:49.699Z,15867,5720000,
2026-09-15T21:46:49.699Z,15866,200000,
2026-09-15T21:46:49.699Z,87801,6041000,
2026-09-15T21:46:49.699Z,53180,4000000,
2026-09-15T21:46:49.699Z,87982,16500000,
2026-09-15T21:46:49.699Z,60157,17600000,
2026-09-15T21:46:49.699Z,15961,132800000,
2026-09-15T21:46:49.699Z,56626,5054,
2026-09-15T21:46:49.699Z,81977,95.04,
2026-09-15T21:46:49.699Z,46748,1000000000,
2026-09-15T21:46:49.699Z,33675,250200000,
2026-09-15T21:46:49.699Z,55857,2575000000,
2026-09-15T21:46:49.699Z,60345,580000,
2026-09-15T21:46:49.699Z,46401,26360000,
2026-09-15T21:46:49.699Z,25271,250000,
2026-09-15T21:46:49.699Z,36822,103100000,
2026-09-15T21:46:49.699Z,36782,146200000,
2026-09-15T21:46:49.699Z,2836,203000000,
2026-09-15T21:46:49.699Z,33761,111,
2026-09-15T21:46:49.699Z,36823,87510000,
2026-09-15T21:46:49.699Z,74316,350200000,
2026-09-15T21:46:49.699Z,94095,25140000,
2026-09-15T21:46:49.699Z,32788,200200000,
2026-09-15T21:46:49.699Z,77726,2000000,
2026-09-15T21:46:49.699Z,74141,20000000000,
2026-09-15T21:46:49.699Z,11940,159500000,
2026-09-15T21:46:49.699Z,32209,225200000,
2026-09-15T21:46:49.699Z,78414,1807000,
2026-09-15T21:46:49.699Z,2834,201800000,
2026-09-15T21:46:49.699Z,3518,405300000,
2026-09-15T21:46:49.699Z,62856,1001000000,
2026-09-15T21:46:49.699Z,53599,100,
2026-09-15T21:46:49.699Z,11936,220200000,
2026-09-15T21:46:49.699Z,11938,280200000,
2026-09-15T21:46:49.699Z,56265,3774000000,
2026-09-15T21:46:49.699Z,32790,263700000,
2026-09-15T21:46:49.699Z,35781,252500000,
2026-09-15T21:46:49.699Z,19760,503.1,
2026-09-15T21:46:49.699Z,46141,116800,
2026-09-15T21:46:49.699Z,35779,223000000,
2026-09-15T21:46:49.699Z,53433,101000000,
2026-09-15T21:46:49.699Z,73793,2235000000,
2026-09-15T21:46:49.699Z,33925,80070000,
2026-09-15T21:46:49.699Z,60764,446800000,
2026-09-15T21:46:49.699Z,13202,220200000,
2026-09-15T21:46:49.699Z,48635,372300000,
2026-09-15T21:46:49.699Z,62500,1606,
2026-09-15T21:46:49.699Z,17849,1630000,
2026-09-15T21:46:49.699Z,36399,78000000,
2026-09-15T21:46:49.699Z,77172,310000000,
2026-09-15T21:46:49.699Z,33699,6066,
2026-09-15T21:46:49.699Z,49157,161900000,
2026-09-15T21:46:49.699Z,46420,10000000,
2026-09-15T21:46:49.699Z,47613,1200000,
2026-09-15T21:46:49.699Z,45530,411300000,
2026-09-15T21:46:49.699Z,36775,1329000,
2026-09-15T21:46:49.699Z,36831,250000,
2026-09-15T21:46:49.699Z,17524,10000000,
2026-09-15T21:46:49.699Z,34648,130100000,
2026-09-15T21:46:49.699Z,36343,150100000,
2026-09-15T21:46:49.699Z,36335,150000000,
2026-09-15T21:46:49.699Z,3309,90190,
2026-09-15T21:46:49.699Z,36655,10000000,
2026-09-15T21:46:49.699Z,36749,25010000,
2026-09-15T21:46:49.699Z,49946,15000000000,
2026-09-15T21:46:49.699Z,52848,100200,
2026-09-15T21:46:49.699Z,57108,1501000,
2026-09-15T21:46:49.699Z,15302,253800000,
2026-09-15T21:46:49.699Z,91623,18470000,
2026-09-15T21:46:49.699Z,36338,1846000,
2026-09-15T21:46:49.699Z,85236,2500000,
2026-09-15T21:46:49.699Z,42245,260200000,
2026-09-15T21:46:49.699Z,45531,751200000,
2026-09-15T21:46:49.699Z,33673,200800000,
2026-09-15T21:46:49.699Z,62494,6028,
2026-09-15T21:46:49.699Z,25340,1702,
2026-09-15T21:46:49.699Z,77166,101000000,
2026-09-15T21:46:49.699Z,56612,400000000,
2026-09-15T21:46:49.699Z,9706,2809000,
2026-09-15T21:46:49.699Z,18845,7889000,
2026-09-15T21:46:49.699Z,36434,1000000,
2026-09-15T21:46:49.699Z,86227,500300,
2026-09-15T21:46:49.699Z,49684,800000000,
2026-09-15T21:46:49.699Z,46754,5750000,
2026-09-15T21:46:49.699Z,81618,20110000,
2026-09-15T21:46:49.699Z,81080,441800000,
2026-09-15T21:46:49.699Z,57776,27980000,
2026-09-15T21:46:49.699Z,56931,1030000,
2026-09-15T21:46:49.699Z,89945,30200000,
2026-09-15T21:46:49.699Z,36752,70030000,
2026-09-15T21:46:49.699Z,15416,22000000,
2026-09-15T21:46:49.699Z,60756,21400000,
2026-09-15T21:46:49.699Z,16591,30150000,
2026-09-15T21:46:49.699Z,56629,7300,
2026-09-15T21:46:49.699Z,36393,500000000,
2026-09-15T21:46:49.699Z,46685,30.21,
2026-09-15T21:46:49.699Z,33277,9004,
2026-09-15T21:46:49.699Z,15216,255200,
2026-09-15T21:46:49.699Z,14592,1000000,
2026-09-15T21:46:49.699Z,46400,3500000,
2026-09-15T21:46:49.699Z,45503,720,
2026-09-15T21:46:49.699Z,41512,124800,
2026-09-15T21:46:49.699Z,84998,421000000,
2026-09-15T21:46:49.699Z,96607,30010000,
2026-09-15T21:46:49.699Z,14872,10040000,
2026-09-15T21:46:49.699Z,17240,25000000,
2026-09-15T21:46:49.699Z,70836,1003000,
2026-09-15T21:46:49.699Z,91614,135000000,
2026-09-15T21:46:49.699Z,14218,2565000,
2026-09-15T21:46:49.699Z,60571,34190000,
2026-09-15T21:46:49.699Z,37581,5101000,
2026-09-15T21:46:49.699Z,46687,17.93,
2026-09-15T21:46:49.699Z,88029,1525000,
2026-09-15T21:46:49.699Z,14792,5760000000,
2026-09-15T21:46:49.699Z,25339,0.02,
2026-09-15T21:46:49.699Z,16598,1669000,
2026-09-15T21:46:49.699Z,45500,818.2,
2026-09-15T21:46:49.699Z,20494,12030,
2026-09-15T21:46:49.699Z,37869,3130000000,
2026-09-15T21:46:49.699Z,37967,5147000000,
2026-09-15T21:46:49.699Z,37965,502900000,
2026-09-15T21:46:49.699Z,37966,502900000,
2026-09-15T21:46:49.699Z,36735,70000000,
2026-09-15T21:46:49.699Z,36739,104000000,
2026-09-15T21:46:49.699Z,47615,1,
2026-09-15T21:46:49.699Z,59822,13500000,
2026-09-15T21:46:49.699Z,76243,60000000,
2026-09-15T21:46:49.699Z,15873,1663000,
2026-09-15T21:46:49.699Z,56715,1001000,
2026-09-15T21:46:49.699Z,36455,56000000,
2026-09-15T21:46:49.699Z,27309,5000000,
2026-09-15T21:46:49.699Z,28534,50600000,255000000
2026-09-15T21:46:49.699Z,2785,184400,125000000
2026-09-15T21:46:49.699Z,64413,180000000,1762000000
2026-09-15T21:46:49.699Z,96658,1001000,
2026-09-15T21:46:49.699Z,55321,263500,
2026-09-15T21:46:49.699Z,41587,1004000,
2026-09-15T21:46:49.699Z,73225,103000,
2026-09-15T21:46:49.699Z,96609,1001000,
2026-09-15T21:46:49.699Z,82017,450,
2026-09-15T21:46:49.699Z,43702,31050,
2026-09-15T21:46:49.699Z,28352,4499000000,
2026-09-15T21:46:49.699Z,14924,2210000,
2026-09-15T21:46:49.699Z,15833,298700,
2026-09-15T21:46:49.699Z,22903,100000,
2026-09-15T21:46:49.699Z,14940,601100000,
2026-09-15T21:46:49.699Z,76235,65000000,
2026-09-15T21:46:49.699Z,49936,360000000,
2026-09-15T21:46:49.699Z,11988,10,
2026-09-15T21:46:49.699Z,11986,10,
2026-09-15T21:46:49.699Z,11990,10,
2026-09-15T21:46:49.699Z,11979,10,
2026-09-15T21:46:49.699Z,52897,40010000,
2026-09-15T21:46:49.699Z,16058,200000,
2026-09-15T21:46:49.699Z,689,150000,
2026-09-15T21:46:49.699Z,14224,114800,
2026-09-15T21:46:49.699Z,15857,200000,
2026-09-15T21:46:49.699Z,16594,772600,
2026-09-15T21:46:49.699Z,15853,100000,
2026-09-15T21:46:49.699Z,58815,150000000,
2026-09-15T21:46:49.699Z,46424,1038000,
2026-09-15T21:46:49.699Z,91169,706100000,
2026-09-15T21:46:49.699Z,3430,104900,
2026-09-15T21:46:49.699Z,46403,2536000,
2026-09-15T21:46:49.699Z,15645,2505000,
2026-09-15T21:46:49.699Z,15858,200000,
2026-09-15T21:46:49.699Z,46580,23080000,
2026-09-15T21:46:49.699Z,60947,12800000,
2026-09-15T21:46:49.699Z,27606,501000000,
2026-09-15T21:46:49.699Z,47165,25010000,
2026-09-15T21:46:49.699Z,26842,220200000,
2026-09-15T21:46:49.699Z,49675,10000000,
2026-09-15T21:46:49.699Z,64595,207000000,
2026-09-15T21:46:49.699Z,52876,7001000,
2026-09-15T21:46:49.699Z,31202,100000,
2026-09-15T21:46:49.699Z,96690,1001000,
2026-09-15T21:46:49.699Z,57333,3140000,
2026-09-15T21:46:49.699Z,22043,2701000,
2026-09-15T21:46:49.699Z,96672,1001000,
2026-09-15T21:46:49.699Z,52637,14250000,
2026-09-15T21:46:49.699Z,22760,1495000000,
2026-09-15T21:46:49.699Z,34020,5001000,
2026-09-15T21:46:49.699Z,46437,55710000,
2026-09-15T21:46:49.699Z,34021,165100000,
2026-09-15T21:46:49.699Z,34022,15010000,
2026-09-15T21:46:49.699Z,42231,100000000,
2026-09-15T21:46:49.699Z,46390,60000000,
2026-09-15T21:46:49.699Z,34023,15010000,
2026-09-15T21:46:49.699Z,96660,1001000,
2026-09-15T21:46:49.699Z,58825,3006000,
2026-09-15T21:46:49.699Z,96662,1001000,
2026-09-15T21:46:49.699Z,78741,10000000000,
2026-09-15T21:46:49.699Z,14212,3554000,
2026-09-15T21:46:49.699Z,42676,480000000,
2026-09-15T21:46:49.699Z,91617,50000000,
2026-09-15T21:46:49.699Z,89219,205400,
2026-09-15T21:46:49.699Z,41077,1105000,
2026-09-15T21:46:49.699Z,52907,3301000000,
2026-09-15T21:46:49.699Z,32797,20000,
2026-09-15T21:46:49.699Z,41127,1003000,
2026-09-15T21:46:49.699Z,41076,194200,
2026-09-15T21:46:49.699Z,37301,1108000,
2026-09-15T21:46:49.699Z,95396,3030000,
2026-09-15T21:46:49.699Z,41139,1140000,
2026-09-15T21:46:49.699Z,41141,1105000,
2026-09-15T21:46:49.699Z,94149,1000000000,
2026-09-15T21:46:49.699Z,32825,5504,
2026-09-15T21:46:49.699Z,14650,1197000000,
2026-09-15T21:46:49.699Z,34689,14460000,
2026-09-15T21:46:49.699Z,57157,10000000,
2026-09-15T21:46:49.699Z,15052,122100,
2026-09-15T21:46:49.699Z,93236,112200,
2026-09-15T21:46:49.699Z,96652,1001000,
2026-09-15T21:46:49.699Z,93241,500100,
2026-09-15T21:46:49.699Z,34172,400000000,
2026-09-15T21:46:49.699Z,96617,1001000,
2026-09-15T21:46:49.699Z,46661,400000000,
2026-09-15T21:46:49.699Z,84989,273000000,
2026-09-15T21:46:49.699Z,15022,98000000,
2026-09-15T21:46:49.699Z,37346,2711000,
2026-09-15T21:46:49.699Z,96799,50000000,
2026-09-15T21:46:49.699Z,28540,128400,
2026-09-15T21:46:49.699Z,28524,124900,
2026-09-15T21:46:49.699Z,28552,129300,
2026-09-15T21:46:49.699Z,28538,128400,
2026-09-15T21:46:49.699Z,28565,379000,
2026-09-15T21:46:49.699Z,28547,125200,
2026-09-15T21:46:49.699Z,28536,124800,
2026-09-15T21:46:49.699Z,11485,1.01,
2026-09-15T21:46:49.699Z,28550,124900,
2026-09-15T21:46:49.699Z,15246,6228000,
2026-09-15T21:46:49.699Z,34674,225000000,
2026-09-15T21:46:49.699Z,15859,152500,
2026-09-15T21:46:49.699Z,58801,92780000,
2026-09-15T21:46:49.699Z,28557,124800,
2026-09-15T21:46:49.699Z,28559,124800,
2026-09-15T21:46:49.699Z,28542,124800,
2026-09-15T21:46:49.699Z,60452,1820000000,
2026-09-15T21:46:49.699Z,28516,124900,
2026-09-15T21:46:49.699Z,37182,101000000,
2026-09-15T21:46:49.699Z,60958,94950000,
2026-09-15T21:46:49.699Z,40321,88110000,
2026-09-15T21:46:49.699Z,49149,237200000,
2026-09-15T21:46:49.699Z,24659,1706000,
2026-09-15T21:46:49.699Z,3731,110200,
2026-09-15T21:46:49.699Z,635,5003000000,
2026-09-15T21:46:49.699Z,42648,330100000,
2026-09-15T21:46:49.699Z,60194,400000000,
2026-09-15T21:46:49.699Z,14626,120,
2026-09-15T21:46:49.699Z,40511,1000000,
2026-09-15T21:46:49.699Z,46297,2477,
2026-09-15T21:46:49.699Z,15943,114800,
2026-09-15T21:46:49.699Z,36840,60010000,
2026-09-15T21:46:49.699Z,60954,300000000,
2026-09-15T21:46:49.699Z,95542,2285000,
2026-09-15T21:46:49.699Z,57394,2146000,
2026-09-15T21:46:49.699Z,91127,635000000,
2026-09-15T21:46:49.699Z,41080,2128000,
2026-09-15T21:46:49.699Z,15641,1.04,
2026-09-15T21:46:49.699Z,60363,2124,
2026-09-15T21:46:49.699Z,83584,2376000,
2026-09-15T21:46:49.699Z,74531,1902,
2026-09-15T21:46:49.699Z,42241,51390000,
2026-09-15T21:46:49.699Z,37799,500200,
2026-09-15T21:46:49.699Z,78576,11000000000,
2026-09-15T21:46:49.699Z,15927,229800,
2026-09-15T21:46:49.699Z,60341,102200,
2026-09-15T21:46:49.699Z,14564,2101000,
2026-09-15T21:46:49.699Z,42126,50110000,
2026-09-15T21:46:49.699Z,33796,15000000,
2026-09-15T21:46:49.699Z,34649,55420000,
2026-09-15T21:46:49.699Z,60378,510000,
2026-09-15T21:46:49.699Z,56225,9109000000,
2026-09-15T21:46:49.699Z,91619,3333,
2026-09-15T21:46:49.699Z,63211,2199000,
2026-09-15T21:46:49.699Z,94132,42500000,
2026-09-15T21:46:49.699Z,53186,1000000,
2026-09-15T21:46:49.699Z,63212,6084000,
2026-09-15T21:46:49.699Z,14473,252000000,
2026-09-15T21:46:49.699Z,16051,13440000,
2026-09-15T21:46:49.699Z,46503,0.02,
2026-09-15T21:46:49.699Z,17259,500000,
2026-09-15T21:46:49.699Z,27557,11680000,
2026-09-15T21:46:49.699Z,581,5500,
2026-09-15T21:46:49.699Z,15933,2500000,
2026-09-15T21:46:49.699Z,36722,2109000,
2026-09-15T21:46:49.699Z,23913,812300000,
2026-09-15T21:46:49.699Z,52444,305100000,
2026-09-15T21:46:49.699Z,49424,334800000,
2026-09-15T21:46:49.699Z,17490,155500,
2026-09-15T21:46:49.699Z,14763,1306000000,
2026-09-15T21:46:49.699Z,93016,5200000,
2026-09-15T21:46:49.699Z,52638,5050000,
2026-09-15T21:46:49.699Z,28400,2329,
2026-09-15T21:46:49.699Z,91571,150000000,
2026-09-15T21:46:49.699Z,28561,571900,
2026-09-15T21:46:49.699Z,91611,150000000,
2026-09-15T21:46:49.699Z,94090,1001000,
2026-09-15T21:46:49.699Z,94092,1001000,
2026-09-15T21:46:49.699Z,94091,25140000,
2026-09-15T21:46:49.699Z,94093,25150000,
2026-09-15T21:46:49.699Z,49427,21180000,
2026-09-15T21:46:49.699Z,96643,1010,
2026-09-15T21:46:49.699Z,94096,1001000,
2026-09-15T21:46:49.699Z,94098,1001000,
2026-09-15T21:46:49.699Z,94097,25140000,
2026-09-15T21:46:49.699Z,31326,19010,
2026-09-15T21:46:49.699Z,94100,1001000,
2026-09-15T21:46:49.699Z,94099,76180000,
2026-09-15T21:46:49.699Z,94102,1001000,
2026-09-15T21:46:49.699Z,94103,25200000,
2026-09-15T21:46:49.699Z,94105,35210000,
2026-09-15T21:46:49.699Z,83923,950000,
2026-09-15T21:46:49.699Z,83922,950000,
2026-09-15T21:46:49.699Z,53198,327700000,
2026-09-15T21:46:49.699Z,91629,150000000,
2026-09-15T21:46:49.699Z,62547,823.8,
2026-09-15T21:46:49.699Z,36443,10000000,
2026-09-15T21:46:49.699Z,94136,38710000,
2026-09-15T21:46:49.699Z,17522,1000000,
2026-09-15T21:46:49.699Z,62489,635.5,
2026-09-15T21:46:49.699Z,95415,2020000,
2026-09-15T21:46:49.699Z,63774,10.05,
2026-09-15T21:46:49.699Z,36746,2000000,
2026-09-15T21:46:49.699Z,53201,1000000,
2026-09-15T21:46:49.699Z,46753,1000000,
2026-09-15T21:46:49.699Z,93737,2120000000,
2026-09-15T21:46:49.699Z,48207,1000000,
2026-09-15T21:46:49.699Z,53206,10000000,
2026-09-15T21:46:49.699Z,33672,25,
2026-09-15T21:46:49.699Z,23524,25,
2026-09-15T21:46:49.699Z,76952,505000000,
2026-09-15T21:46:49.699Z,37526,52200000,
2026-09-15T21:46:49.699Z,11567,968700000,
2026-09-15T21:46:49.699Z,44024,0.02,
2026-09-15T21:46:49.699Z,23915,2171000000,
2026-09-15T21:46:49.699Z,91140,1115000,
2026-09-15T21:46:49.699Z,22852,740900000,
2026-09-15T21:46:49.699Z,31193,24180,
2026-09-15T21:46:49.699Z,24483,1937000000,
2026-09-15T21:46:49.699Z,36789,138300000,
2026-09-15T21:46:49.699Z,42680,360000000,
2026-09-15T21:46:49.699Z,42672,330000000,
2026-09-15T21:46:49.699Z,17227,51100,
2026-09-15T21:46:49.699Z,42673,210000000,
2026-09-15T21:46:49.699Z,94145,286700000,
2026-09-15T21:46:49.699Z,42682,210000000,
2026-09-15T21:46:49.699Z,36674,36150000,
2026-09-15T21:46:49.699Z,94121,50870000,
2026-09-15T21:46:49.699Z,42674,185000000,
2026-09-15T21:46:49.699Z,94126,50980000,
2026-09-15T21:46:49.699Z,42675,190000000,
2026-09-15T21:46:49.699Z,94128,26200000,
2026-09-15T21:46:49.699Z,33289,39100,
2026-09-15T21:46:49.699Z,33293,38000,
2026-09-15T21:46:49.699Z,33311,59000,
2026-09-15T21:46:49.699Z,93343,760000,
2026-09-15T21:46:49.699Z,54545,8033000000,
2026-09-15T21:46:49.699Z,94088,1005000,
2026-09-15T21:46:49.699Z,94087,25140000,
2026-09-15T21:46:49.699Z,37534,170600000,
2026-09-15T21:46:49.699Z,94107,450000000,
2026-09-15T21:46:49.699Z,4074,15000000,
2026-09-15T21:46:49.699Z,85651,67990000,
2026-09-15T21:46:49.699Z,17257,2450000,
2026-09-15T21:46:49.699Z,36713,824900,
2026-09-15T21:46:49.699Z,91119,645000000,
2026-09-15T21:46:49.699Z,87121,1000000000,
2026-09-15T21:46:49.699Z,14908,67180,
2026-09-15T21:46:49.699Z,94143,551500000,
2026-09-15T21:46:49.699Z,84112,1500000,
2026-09-15T21:46:49.699Z,4050,100000000,
2026-09-15T21:46:49.699Z,82583,18430000,
2026-09-15T21:46:49.699Z,30655,756000,
2026-09-15T21:46:49.699Z,88376,40000000,
2026-09-15T21:46:49.699Z,58791,10000,
2026-09-15T21:46:49.699Z,91640,3500000,
2026-09-15T21:46:49.699Z,90321,100200,
2026-09-15T21:46:49.699Z,93256,1060000,
2026-09-15T21:46:49.699Z,52596,33160000,
2026-09-15T21:46:49.699Z,36745,1000000,
2026-09-15T21:46:49.699Z,28528,123100,
2026-09-15T21:46:49.699Z,45506,363.9,
2026-09-15T21:46:49.699Z,46741,500000000,
2026-09-15T21:46:49.699Z,50083,10140000,
2026-09-15T21:46:49.699Z,48206,3000000,
2026-09-15T21:46:49.699Z,16181,2153,
2026-09-15T21:46:49.699Z,74526,6390,
2026-09-15T21:46:49.699Z,74527,6590,
2026-09-15T21:46:49.699Z,42738,1000000,
2026-09-15T21:46:49.699Z,82016,400,
2026-09-15T21:46:49.699Z,33705,25,
2026-09-15T21:46:49.699Z,23710,5000,
2026-09-15T21:46:49.699Z,33707,25,
2026-09-15T21:46:49.699Z,23712,10,
2026-09-15T21:46:49.699Z,64588,555000000,
2026-09-15T21:46:49.699Z,22564,117500,
2026-09-15T21:46:49.699Z,62487,1517,
2026-09-15T21:46:49.699Z,32826,7583,
2026-09-15T21:46:49.699Z,37852,10000,
2026-09-15T21:46:49.699Z,37055,3034000,
2026-09-15T21:46:49.699Z,37057,20170000,
2026-09-15T21:46:49.699Z,21326,4.54,
2026-09-15T21:46:49.699Z,46710,375000000,
2026-09-15T21:46:49.699Z,22887,5000,
2026-09-15T21:46:49.699Z,37496,183000000,
2026-09-15T21:46:49.699Z,58812,100000000,
2026-09-15T21:46:49.699Z,58811,50030000,
2026-09-15T21:46:49.699Z,40310,10010000,
2026-09-15T21:46:49.699Z,94138,321000000,
2026-09-15T21:46:49.699Z,87795,38160000,
2026-09-15T21:46:49.699Z,57809,400400000,
2026-09-15T21:46:49.699Z,14850,102700000,
2026-09-15T21:46:49.699Z,94141,400600000,
2026-09-15T21:46:49.699Z,11942,159400000,
2026-09-15T21:46:49.699Z,50143,1000000,
2026-09-15T21:46:49.699Z,63135,3079000000,
2026-09-15T21:46:49.699Z,14950,48000000000,
2026-09-15T21:46:49.699Z,47337,1020000,
2026-09-15T21:46:49.699Z,76373,99.99,
2026-09-15T21:46:49.699Z,93701,137400000,
2026-09-15T21:46:49.699Z,53665,151600000,
2026-09-15T21:46:49.699Z,14888,1504000,
2026-09-15T21:46:49.699Z,76249,85000000,
2026-09-15T21:46:49.699Z,82579,12320000,
2026-09-15T21:46:49.699Z,76247,85000000,
2026-09-15T21:46:49.699Z,60156,106100000,
2026-09-15T21:46:49.699Z,60158,6261000,
2026-09-15T21:46:49.699Z,76245,500000000,
2026-09-15T21:46:49.699Z,48189,3499000,
2026-09-15T21:46:49.699Z,22565,1045000,
2026-09-15T21:46:49.699Z,33758,111,
2026-09-15T21:46:49.699Z,36734,1000000,
2026-09-15T21:46:49.699Z,81625,502300,
2026-09-15T21:46:49.699Z,83583,7057000,
2026-09-15T21:46:49.699Z,44016,0.02,
2026-09-15T21:46:49.699Z,81620,1729000,
2026-09-15T21:46:49.699Z,40610,1000000,
2026-09-15T21:46:49.699Z,81622,1853000,
2026-09-15T21:46:49.699Z,88076,788000,
2026-09-15T21:46:49.699Z,96633,1010,
2026-09-15T21:46:49.699Z,88075,750100,
2026-09-15T21:46:49.699Z,91125,270000000,
2026-09-15T21:46:49.699Z,88078,750100,
2026-09-15T21:46:49.699Z,93997,201000000,
2026-09-15T21:46:49.699Z,88036,2455000,
2026-09-15T21:46:49.699Z,46703,12.12,
2026-09-15T21:46:49.699Z,88020,658500,
2026-09-15T21:46:49.699Z,3516,220200000,
2026-09-15T21:46:49.699Z,88378,22600000,
2026-09-15T21:46:49.699Z,91149,335000000,
2026-09-15T21:46:49.699Z,59871,9998000,
2026-09-15T21:46:49.699Z,60765,220600000,
2026-09-15T21:46:49.699Z,36815,1500000,
2026-09-15T21:46:49.699Z,76237,85000000,
2026-09-15T21:46:49.699Z,73401,1005000,
2026-09-15T21:46:49.699Z,91141,400100000,
2026-09-15T21:46:49.699Z,90664,262000000,
2026-09-15T21:46:49.699Z,31422,100000,
2026-09-15T21:46:49.699Z,37022,7016000,
2026-09-15T21:46:49.699Z,36364,2879000,
2026-09-15T21:46:49.699Z,47253,7506000,
2026-09-15T21:46:49.699Z,47154,191100000,
2026-09-15T21:46:49.699Z,35913,756700,
2026-09-15T21:46:49.699Z,48491,10050000,
2026-09-15T21:46:49.699Z,58941,25010000,
2026-09-15T21:46:49.699Z,91195,20000000,
2026-09-15T21:46:49.699Z,19401,16470,
2026-09-15T21:46:49.699Z,55718,100,
2026-09-15T21:46:49.699Z,34358,1500000000,
2026-09-15T21:46:49.699Z,36456,2101000,
2026-09-15T21:46:49.699Z,94134,36340000,
2026-09-15T21:46:49.699Z,32823,1568,
2026-09-15T21:46:49.699Z,85492,9899000,
2026-09-15T21:46:49.699Z,15981,1000000,
2026-09-15T21:46:49.699Z,34652,5000000000,
2026-09-15T21:46:49.699Z,46151,25110000,
2026-09-15T21:46:49.699Z,11069,0.01,
2026-09-15T21:46:49.699Z,29083,50060,
2026-09-15T21:46:49.699Z,96795,50000000,
2026-09-15T21:46:49.699Z,16713,0.01,
2026-09-15T21:46:49.699Z,15244,40000000,
2026-09-15T21:46:49.699Z,96635,1010,
2026-09-15T21:46:49.699Z,96639,1010,
2026-09-15T21:46:49.699Z,96681,1010,
2026-09-15T21:46:49.699Z,11855,0.02,
2026-09-15T21:46:49.699Z,29105,50050,
2026-09-15T21:46:49.699Z,96631,1010,
2026-09-15T21:46:49.699Z,96608,1010,
2026-09-15T21:46:49.699Z,56266,2645000000,
2026-09-15T21:46:49.699Z,96659,1010,
2026-09-15T21:46:49.699Z,62482,2002,
2026-09-15T21:46:49.699Z,96616,1010,
2026-09-15T21:46:49.699Z,96687,1001,
2026-09-15T21:46:49.699Z,57784,53220000,
2026-09-15T21:46:49.699Z,90662,144900000,
2026-09-15T21:46:49.699Z,57785,58890000,
2026-09-15T21:46:49.699Z,96683,1010,
2026-09-15T21:46:49.699Z,57783,106100000,
2026-09-15T21:46:49.699Z,96685,1010,
2026-09-15T21:46:49.699Z,46315,2350,
2026-09-15T21:46:49.699Z,96651,1010,
2026-09-15T21:46:49.699Z,96629,1010,
2026-09-15T21:46:49.699Z,96647,1010,
2026-09-15T21:46:49.699Z,36915,16950000,
2026-09-15T21:46:49.699Z,96691,1010,
2026-09-15T21:46:49.699Z,36916,4199000,
2026-09-15T21:46:49.699Z,96695,1010,
2026-09-15T21:46:49.699Z,36388,26500000,
2026-09-15T21:46:49.699Z,96645,1010,
2026-09-15T21:46:49.699Z,59869,5899000,
2026-09-15T21:46:49.699Z,47526,1006000,
2026-09-15T21:46:49.699Z,96802,100100,
2026-09-15T21:46:49.699Z,96657,1010,
2026-09-15T21:46:49.699Z,74528,271.4,
2026-09-15T21:46:49.699Z,94130,44190000,
2026-09-15T21:46:49.699Z,34706,50000000,
2026-09-15T21:46:49.699Z,31145,129400,
2026-09-15T21:46:49.699Z,62515,8572,
2026-09-15T21:46:49.699Z,53420,1305000,
2026-09-15T21:46:49.699Z,26398,15000000,
2026-09-15T21:46:49.699Z,44090,0.02,
2026-09-15T21:46:49.699Z,26261,108700,
2026-09-15T21:46:49.699Z,32871,1000000,
2026-09-15T21:46:49.699Z,87618,80420000,
2026-09-15T21:46:49.699Z,34169,550000000,
2026-09-15T21:46:49.699Z,43813,18760000,
2026-09-15T21:46:49.699Z,15875,980200,
2026-09-15T21:46:49.699Z,53621,100100,
2026-09-15T21:46:49.699Z,32075,9266000,
2026-09-15T21:46:49.699Z,19463,2500000,
2026-09-15T21:46:49.699Z,34552,1000000,
2026-09-15T21:46:49.699Z,34542,1000000,
2026-09-15T21:46:49.699Z,46682,277.8,
2026-09-15T21:46:49.699Z,34543,1000000,
2026-09-15T21:46:49.699Z,96800,21000,
2026-09-15T21:46:49.699Z,96798,100200,
2026-09-15T21:46:49.699Z,96797,50000000,
2026-09-15T21:46:49.699Z,49421,5000000,
2026-09-15T21:46:49.699Z,96796,1001,
2026-09-15T21:46:49.699Z,36949,1184000,
2026-09-15T21:46:49.699Z,34546,1000000,
2026-09-15T21:46:49.699Z,96801,50000000,
2026-09-15T21:46:49.699Z,34547,1000000,
2026-09-15T21:46:49.699Z,82585,15370000,
2026-09-15T21:46:49.699Z,96792,100100,
2026-09-15T21:46:49.699Z,96791,50000000,
2026-09-15T21:46:49.699Z,15794,1644000,
2026-09-15T21:46:49.699Z,48177,1000000,
2026-09-15T21:46:49.699Z,96770,1001,
2026-09-15T21:46:49.699Z,96769,50000000,
2026-09-15T21:46:49.699Z,96772,100100,
2026-09-15T21:46:49.699Z,96794,100100,
2026-09-15T21:46:49.699Z,48188,1500000,
2026-09-15T21:46:49.699Z,11569,55200,
2026-09-15T21:46:49.699Z,58942,50590000,
2026-09-15T21:46:49.699Z,96793,50000000,
2026-09-15T21:46:49.699Z,58947,50000000,
2026-09-15T21:46:49.699Z,52881,6003000,
2026-09-15T21:46:49.699Z,96811,100200,
2026-09-15T21:46:49.699Z,58952,50000000,
2026-09-15T21:46:49.699Z,96809,50000000,
2026-09-15T21:46:49.699Z,17303,10000,
2026-09-15T21:46:49.699Z,96808,100200,
2026-09-15T21:46:49.699Z,11572,25470,
2026-09-15T21:46:49.699Z,96807,50000000,
2026-09-15T21:46:49.699Z,96814,100100,
2026-09-15T21:46:49.699Z,96806,100100,
2026-09-15T21:46:49.699Z,36960,7277000,
2026-09-15T21:46:49.699Z,96804,50000000,
2026-09-15T21:46:49.699Z,43925,4018000,
2026-09-15T21:46:49.699Z,36731,75160000,
2026-09-15T21:46:49.699Z,6047,31000,
2026-09-15T21:46:49.699Z,60514,40000000,
2026-09-15T21:46:49.699Z,28545,1225000,
2026-09-15T21:46:49.699Z,47482,510000000,
2026-09-15T21:46:49.699Z,46688,6522,
2026-09-15T21:46:49.699Z,91197,170500000,
2026-09-15T21:46:49.699Z,91196,60060000,
2026-09-15T21:46:49.699Z,91199,70140000,
2026-09-15T21:46:49.699Z,91198,250100000,
2026-09-15T21:46:49.699Z,96771,50000000,
2026-09-15T21:46:49.699Z,43932,2001000,
2026-09-15T21:46:49.699Z,28819,250000000,
2026-09-15T21:46:49.699Z,52894,100100,
2026-09-15T21:46:49.699Z,3387,350,
2026-09-15T21:46:49.699Z,83245,1000,
2026-09-15T21:46:49.699Z,49974,150000000,
2026-09-15T21:46:49.699Z,58934,3336000,
2026-09-15T21:46:49.699Z,94147,500000000,
2026-09-15T21:46:49.699Z,32818,88150,
2026-09-15T21:46:49.699Z,74535,4800,
2026-09-15T21:46:49.699Z,74534,4500,
2026-09-15T21:46:49.699Z,75280,240.5,
2026-09-15T21:46:49.699Z,96813,50000000,
2026-09-15T21:46:49.699Z,4021,105000000,
2026-09-15T21:46:49.699Z,36773,105100000,
2026-09-15T21:46:49.699Z,14572,120000,
2026-09-15T21:46:49.699Z,87601,30000000,
2026-09-15T21:46:49.699Z,21434,50000,
2026-09-15T21:46:49.699Z,15046,4327000000,
2026-09-15T21:46:49.699Z,44892,82230,
2026-09-15T21:46:49.699Z,64592,5137000,
2026-09-15T21:46:49.699Z,84134,1279000,
2026-09-15T21:46:49.699Z,95410,14000000,
2026-09-15T21:46:49.699Z,62044,751.1,
2026-09-15T21:46:49.699Z,52892,11800000,
2026-09-15T21:46:49.699Z,17249,315000000,
2026-09-15T21:46:49.699Z,49953,1024000000,
2026-09-15T21:46:49.699Z,49952,56170000,
2026-09-15T21:46:49.699Z,44070,8879000,
2026-09-15T21:46:49.699Z,44072,9181000,
2026-09-15T21:46:49.699Z,49947,6028000000,
2026-09-15T21:46:49.699Z,49960,585400000,
2026-09-15T21:46:49.699Z,44071,3368000,
2026-09-15T21:46:49.699Z,46658,100100000,
2026-09-15T21:46:49.699Z,74530,1570,
2026-09-15T21:46:49.699Z,19722,2261000000,
2026-09-15T21:46:49.699Z,63749,4615000000,
2026-09-15T21:46:49.699Z,21300,1650000,
2026-09-15T21:46:49.699Z,53424,150000000,
2026-09-15T21:46:49.699Z,47684,10100000,
2026-09-15T21:46:49.699Z,37491,127100000,
2026-09-15T21:46:49.699Z,96046,75000000,
2026-09-15T21:46:49.699Z,45518,580200000,
2026-09-15T21:46:49.699Z,17466,5905,
2026-09-15T21:46:49.699Z,64569,80020000,
2026-09-15T21:46:49.699Z,44200,1042000,
2026-09-15T21:46:49.699Z,46306,645.1,
2026-09-15T21:46:49.699Z,23774,2078000000,
2026-09-15T21:46:49.699Z,47289,2061000,
2026-09-15T21:46:49.699Z,36966,637500000,
2026-09-15T21:46:49.699Z,36967,1860000000,
2026-09-15T21:46:49.699Z,36968,729000000,
2026-09-15T21:46:49.699Z,36972,29220000,
2026-09-15T21:46:49.699Z,36973,6573000000,
2026-09-15T21:46:49.699Z,54917,1505000,
2026-09-15T21:46:49.699Z,46298,810,
2026-09-15T21:46:49.699Z,36961,17410000,
2026-09-15T21:46:49.699Z,53616,100100,
2026-09-15T21:46:49.699Z,37538,16130000,
2026-09-15T21:46:49.699Z,28532,148900,
2026-09-15T21:46:49.699Z,87392,120000000,
2026-09-15T21:46:49.699Z,87391,120000000,
2026-09-15T21:46:49.699Z,87389,120000000,
2026-09-15T21:46:49.699Z,32957,5555000000,
2026-09-15T21:46:49.699Z,87393,120000000,
2026-09-15T21:46:49.699Z,87374,120000000,
2026-09-15T21:46:49.699Z,88571,1000000,
2026-09-15T21:46:49.699Z,87390,120000000,
2026-09-15T21:46:49.699Z,85554,122200000,
2026-09-15T21:46:49.699Z,76203,1000000,
2026-09-15T21:46:49.699Z,83226,10000,
2026-09-15T21:46:49.699Z,48733,51610000,
2026-09-15T21:46:49.699Z,48732,1171000,
2026-09-15T21:46:49.699Z,48728,4972000,
2026-09-15T21:46:49.699Z,46288,25.12,
2026-09-15T21:46:49.699Z,15266,1418000000,
2026-09-15T21:46:49.699Z,43933,2002000,
2026-09-15T21:46:49.699Z,87608,35000000,
2026-09-15T21:46:49.699Z,14445,8033000,
2026-09-15T21:46:49.699Z,96623,1001000,
2026-09-15T21:46:49.699Z,96693,1010,
2026-09-15T21:46:49.699Z,96644,1001000,
2026-09-15T21:46:49.699Z,36497,850000000,
2026-09-15T21:46:49.699Z,4052,1,
2026-09-15T21:46:49.699Z,4043,1,
2026-09-15T21:46:49.699Z,4037,1,
2026-09-15T21:46:49.699Z,80018,4008,
2026-09-15T21:46:49.699Z,36971,811900000,
2026-09-15T21:46:49.699Z,96680,1001000,
2026-09-15T21:46:49.699Z,77288,562000000,
2026-09-15T21:46:49.699Z,28426,44.52,
2026-09-15T21:46:49.699Z,3316,35000,
2026-09-15T21:46:49.699Z,96661,1010,
2026-09-15T21:46:49.699Z,96663,1010,
2026-09-15T21:46:49.699Z,96665,1010,
2026-09-15T21:46:49.699Z,96768,1010,
2026-09-15T21:46:49.699Z,59873,20810000,
2026-09-15T21:46:49.699Z,96667,1010,
2026-09-15T21:46:49.699Z,96689,1010,
2026-09-15T21:46:49.699Z,96632,10010,
2026-09-15T21:46:49.699Z,96614,1010,
2026-09-15T21:46:49.699Z,52899,26000000,
2026-09-15T21:46:49.699Z,59870,10100000,
2026-09-15T21:46:49.699Z,96618,1010,
2026-09-15T21:46:49.699Z,59872,20000000,
2026-09-15T21:46:49.699Z,96669,1010,
2026-09-15T21:46:49.699Z,54220,2000000,
2026-09-15T21:46:49.699Z,59874,20000000,
2026-09-15T21:46:49.699Z,96671,1010,
2026-09-15T21:46:49.699Z,96619,1001000,
2026-09-15T21:46:49.699Z,96622,1010,
2026-09-15T21:46:49.699Z,96621,10010,
2026-09-15T21:46:49.699Z,96624,1010,
2026-09-15T21:46:49.699Z,96627,1010,
2026-09-15T21:46:49.699Z,96637,1001,
2026-09-15T21:46:49.699Z,96649,1010,
2026-09-15T21:46:49.699Z,31242,35100,
2026-09-15T21:46:49.699Z,96655,1010,
2026-09-15T21:46:49.699Z,96654,10010,
2026-09-15T21:46:49.699Z,15638,2500000,
2026-09-15T21:46:49.699Z,3397,160000,
2026-09-15T21:46:49.699Z,53600,100100,
2026-09-15T21:46:49.699Z,37525,190000000,
2026-09-15T21:46:49.699Z,78862,26230000,
2026-09-15T21:46:49.699Z,45495,51.11,
2026-09-15T21:46:49.699Z,15222,5000000,
2026-09-15T21:46:49.699Z,28879,701100,
2026-09-15T21:46:49.699Z,48226,4500000,
2026-09-15T21:46:49.699Z,34053,400400000,
2026-09-15T21:46:49.699Z,43837,0.01,
2026-09-15T21:46:49.699Z,90663,80230000,
2026-09-15T21:46:49.699Z,53055,25000000,
2026-09-15T21:46:49.699Z,62469,109.9,
2026-09-15T21:46:49.699Z,48816,1500000000,
2026-09-15T21:46:49.699Z,15746,86140000,
2026-09-15T21:46:49.699Z,53057,10000000,
2026-09-15T21:46:49.699Z,34099,20000000,
2026-09-15T21:46:49.699Z,62477,1151,
2026-09-15T21:46:49.699Z,46407,30000000,
2026-09-15T21:46:49.699Z,53058,15000000,
2026-09-15T21:46:49.699Z,46756,150000000,
2026-09-15T21:46:49.699Z,90137,15000000,
2026-09-15T21:46:49.699Z,36677,254700000,
2026-09-15T21:46:49.699Z,57777,82010000,
2026-09-15T21:46:49.699Z,32828,40160,
2026-09-15T21:46:49.699Z,31512,23110000,
2026-09-15T21:46:49.699Z,63138,3226000000,
2026-09-15T21:46:49.699Z,93725,702900000,
2026-09-15T21:46:49.699Z,32792,11420000,
2026-09-15T21:46:49.699Z,62479,427.9,
2026-09-15T21:46:49.699Z,49150,360300000,
2026-09-15T21:46:49.699Z,50045,2000000,
2026-09-15T21:46:49.699Z,52768,8812000,
2026-09-15T21:46:49.699Z,81903,200.5,
2026-09-15T21:46:49.699Z,50048,2000000,
2026-09-15T21:46:49.699Z,52771,250600000,
2026-09-15T21:46:49.699Z,82164,587.5,
2026-09-15T21:46:49.699Z,52778,6589000,
2026-09-15T21:46:49.699Z,37554,10000000,
2026-09-15T21:46:49.699Z,20867,35020,
2026-09-15T21:46:49.699Z,62057,2592000,
2026-09-15T21:46:49.699Z,52775,2264000,
2026-09-15T21:46:49.699Z,56191,4499000,
2026-09-15T21:46:49.699Z,62509,11360,
2026-09-15T21:46:49.699Z,47646,5559000,
2026-09-15T21:46:49.699Z,15751,91830000,
2026-09-15T21:46:49.699Z,53900,222300000,
2026-09-15T21:46:49.699Z,91167,6500000,
2026-09-15T21:46:49.699Z,50147,90080000,
2026-09-15T21:46:49.699Z,48533,12000000,
2026-09-15T21:46:49.699Z,31158,20000000,
2026-09-15T21:46:49.699Z,48532,10000000,
2026-09-15T21:46:49.699Z,48531,80000000,
2026-09-15T21:46:49.699Z,11133,49990,
2026-09-15T21:46:49.699Z,54216,11230000,
2026-09-15T21:46:49.699Z,48375,2000000,
2026-09-15T21:46:49.699Z,48376,2000000,
2026-09-15T21:46:49.699Z,48379,12000000,
2026-09-15T21:46:49.699Z,48374,2000000,
2026-09-15T21:46:49.699Z,48378,500000,
2026-09-15T21:46:49.699Z,92824,10260000,
2026-09-15T21:46:49.699Z,48536,12000000,
2026-09-15T21:46:49.699Z,48535,2000000,
2026-09-15T21:46:49.699Z,23757,2036000000,
2026-09-15T21:46:49.699Z,33067,32220000,
2026-09-15T21:46:49.699Z,37497,51030000,
2026-09-15T21:46:49.699Z,87273,4047000,
2026-09-15T21:46:49.699Z,50085,1225000000,
2026-09-15T21:46:49.699Z,37498,0.01,
2026-09-15T21:46:49.699Z,17667,2003000,
2026-09-15T21:46:49.699Z,40594,249900000,
2026-09-15T21:46:49.699Z,50077,21990000,
2026-09-15T21:46:49.699Z,36647,0.01,
2026-09-15T21:46:49.699Z,55722,1400000000,
2026-09-15T21:46:49.699Z,34707,140000000,
2026-09-15T21:46:49.699Z,1172,80020,
2026-09-15T21:46:49.699Z,48158,69420000,
2026-09-15T21:46:49.699Z,48472,1,
2026-09-15T21:46:49.699Z,41580,2620000000,
2026-09-15T21:46:49.699Z,36653,100000000,
2026-09-15T21:46:49.699Z,34094,810000000,
2026-09-15T21:46:49.699Z,33777,100,
2026-09-15T21:46:49.699Z,78740,2146000,
2026-09-15T21:46:49.699Z,36402,2813000,
2026-09-15T21:46:49.699Z,4203,1,
2026-09-15T21:46:49.699Z,34043,1000,
2026-09-15T21:46:49.699Z,4229,1,
2026-09-15T21:46:49.699Z,4217,1,
2026-09-15T21:46:49.699Z,4218,1,
2026-09-15T21:46:49.699Z,4219,1,
2026-09-15T21:46:49.699Z,4226,1,
2026-09-15T21:46:49.699Z,4220,1,
2026-09-15T21:46:49.699Z,2296,10000,
2026-09-15T21:46:49.699Z,4227,1,
2026-09-15T21:46:49.699Z,4224,1,
2026-09-15T21:46:49.699Z,4222,1,
2026-09-15T21:46:49.699Z,4230,1,
2026-09-15T21:46:49.699Z,4202,1,
2026-09-15T21:46:49.699Z,4208,1,
2026-09-15T21:46:49.699Z,4209,1,
2026-09-15T21:46:49.699Z,4207,1,
2026-09-15T21:46:49.699Z,49678,10,
2026-09-15T21:46:49.699Z,4161,1,
2026-09-15T21:46:49.699Z,4160,1,
2026-09-15T21:46:49.699Z,36812,0.01,
2026-09-15T21:46:49.699Z,48527,0.01,
2026-09-15T21:46:49.699Z,52755,80100000,
2026-09-15T21:46:49.699Z,33750,1,
2026-09-15T21:46:49.699Z,33749,1,
2026-09-15T21:46:49.699Z,47961,180000000,
2026-09-15T21:46:49.699Z,33748,1,
2026-09-15T21:46:49.699Z,33747,1,
2026-09-15T21:46:49.699Z,33751,1,
2026-09-15T21:46:49.699Z,4181,10,
2026-09-15T21:46:49.699Z,4069,100000000,
2026-09-15T21:46:49.699Z,4184,10,
2026-09-15T21:46:49.699Z,4111,1,
2026-09-15T21:46:49.699Z,4109,1,
2026-09-15T21:46:49.699Z,4189,10,
2026-09-15T21:46:49.699Z,4107,1,
2026-09-15T21:46:49.699Z,46432,4818000,
2026-09-15T21:46:49.699Z,4183,10,
2026-09-15T21:46:49.699Z,4076,1,
2026-09-15T21:46:49.699Z,4185,10,
2026-09-15T21:46:49.699Z,58949,1,
2026-09-15T21:46:49.699Z,58948,1,
2026-09-15T21:46:49.699Z,4186,10,
2026-09-15T21:46:49.699Z,4187,10,
2026-09-15T21:46:49.699Z,4190,10,
2026-09-15T21:46:49.699Z,46727,1257000,
2026-09-15T21:46:49.699Z,27582,7550000,
2026-09-15T21:46:49.699Z,1218,0.01,
2026-09-15T21:46:49.699Z,37562,1,
2026-09-15T21:46:49.699Z,55763,0.01,
2026-09-15T21:46:49.699Z,37555,11400000,
2026-09-15T21:46:49.699Z,23513,0.01,
2026-09-15T21:46:49.699Z,23726,0.01,
2026-09-15T21:46:49.699Z,23507,5,
2026-09-15T21:46:49.699Z,50030,2000000,
2026-09-15T21:46:49.699Z,23730,5,
2026-09-15T21:46:49.699Z,23732,0.01,
2026-09-15T21:46:49.699Z,81900,263.1,
2026-09-15T21:46:49.699Z,40481,37500,
2026-09-15T21:46:49.699Z,46436,45940000,
2026-09-15T21:46:49.699Z,36776,16010000,
2026-09-15T21:46:49.699Z,46413,46000000,
2026-09-15T21:46:49.699Z,57109,100,
2026-09-15T21:46:49.699Z,47241,0.01,
2026-09-15T21:46:49.699Z,48745,0.01,
2026-09-15T21:46:49.699Z,60769,50000000,
2026-09-15T21:46:49.699Z,53602,0.01,
2026-09-15T21:46:49.699Z,82018,503.4,
2026-09-15T21:46:49.699Z,40585,25570000,
2026-09-15T21:46:49.699Z,92822,37680000,
2026-09-15T21:46:49.699Z,52712,10000000,
2026-09-15T21:46:49.699Z,88012,600600,
2026-09-15T21:46:49.699Z,88231,1210000,
2026-09-15T21:46:49.699Z,47179,18560000,
2026-09-15T21:46:49.699Z,88014,600300,
2026-09-15T21:46:49.699Z,88232,1006000,
2026-09-15T21:46:49.699Z,81086,591600000,
2026-09-15T21:46:49.699Z,82506,21590000,
2026-09-15T21:46:49.699Z,82505,15680000,
2026-09-15T21:46:49.699Z,82504,294000,
2026-09-15T21:46:49.699Z,82503,21360000,
2026-09-15T21:46:49.699Z,18055,130600,
2026-09-15T21:46:49.699Z,82502,15220000,
2026-09-15T21:46:49.699Z,36727,178500000,
2026-09-15T21:46:49.699Z,82501,294100,
2026-09-15T21:46:49.699Z,40581,55660000,
2026-09-15T21:46:49.699Z,36757,300000000,
2026-09-15T21:46:49.699Z,82600,374900,
2026-09-15T21:46:49.699Z,82601,600500,
2026-09-15T21:46:49.699Z,87738,1632000,
2026-09-15T21:46:49.699Z,82594,377700,
2026-09-15T21:46:49.699Z,82595,599800,
2026-09-15T21:46:49.699Z,82602,379400,
2026-09-15T21:46:49.699Z,82603,598800,
2026-09-15T21:46:49.699Z,87737,1250000,
2026-09-15T21:46:49.699Z,82599,607200,
2026-09-15T21:46:49.699Z,82604,375600,
2026-09-15T21:46:49.699Z,82605,604100,
2026-09-15T21:46:49.699Z,87736,1274000,
2026-09-15T21:46:49.699Z,32822,3214,
2026-09-15T21:46:49.699Z,82606,39800000,
2026-09-15T21:46:49.699Z,82607,6549000,
2026-09-15T21:46:49.699Z,87735,1840000,
2026-09-15T21:46:49.699Z,82596,1276000,
2026-09-15T21:46:49.699Z,82597,1246000,
2026-09-15T21:46:49.699Z,87740,1252000,
2026-09-15T21:46:49.699Z,84111,235900000,
2026-09-15T21:46:49.699Z,46651,547100,
2026-09-15T21:46:49.699Z,46649,528400,
2026-09-15T21:46:49.699Z,46501,533000,
2026-09-15T21:46:49.699Z,37435,2715000,
2026-09-15T21:46:49.699Z,37437,2725000,
2026-09-15T21:46:49.699Z,34025,81330000,
2026-09-15T21:46:49.699Z,37431,2716000,
2026-09-15T21:46:49.699Z,40471,16460000,
2026-09-15T21:46:49.699Z,40606,54720000,
2026-09-15T21:46:49.699Z,37023,1711000,
2026-09-15T21:46:49.699Z,79176,0.01,
2026-09-15T21:46:49.699Z,22457,10100000,
2026-09-15T21:46:49.699Z,90180,155500,
2026-09-15T21:46:49.699Z,43927,3268000,
2026-09-15T21:46:49.699Z,43929,12340000,
2026-09-15T21:46:49.699Z,46525,0.01,
2026-09-15T21:46:49.699Z,14976,144400000,
2026-09-15T21:46:49.699Z,37034,3157000,
2026-09-15T21:46:49.699Z,37032,208200,
2026-09-15T21:46:49.699Z,15008,137500000,
2026-09-15T21:46:49.699Z,37030,24230000,
2026-09-15T21:46:49.699Z,37008,1001000,
2026-09-15T21:46:49.699Z,37047,406900,
2026-09-15T21:46:49.699Z,37048,406100,
2026-09-15T21:46:49.699Z,82581,12520000,
2026-09-15T21:46:49.699Z,55720,150000,
2026-09-15T21:46:49.699Z,40333,19820000,
2026-09-15T21:46:49.699Z,53341,30000000,
2026-09-15T21:46:49.699Z,53604,0.01,
2026-09-15T21:46:49.699Z,37493,0.01,
2026-09-15T21:46:49.699Z,36363,20610000,
2026-09-15T21:46:49.699Z,36304,10,
2026-09-15T21:46:49.699Z,11631,5003,
2026-09-15T21:46:49.699Z,60948,22000000,
2026-09-15T21:46:49.699Z,36642,0.01,
2026-09-15T21:46:49.699Z,46738,32960000,
2026-09-15T21:46:49.699Z,81901,216.5,
2026-09-15T21:46:49.699Z,92179,409900,
2026-09-15T21:46:49.699Z,46532,1500000,
2026-09-15T21:46:49.699Z,36381,80000000,
2026-09-15T21:46:49.699Z,91172,111100,
2026-09-15T21:46:49.699Z,4151,1,
2026-09-15T21:46:49.699Z,4152,1,
2026-09-15T21:46:49.699Z,3975,1,
2026-09-15T21:46:49.699Z,49975,16100000,
2026-09-15T21:46:49.699Z,49981,200000,
2026-09-15T21:46:49.699Z,46766,200000,
2026-09-15T21:46:49.699Z,42242,55730000,
2026-09-15T21:46:49.699Z,52857,0.01,
2026-09-15T21:46:49.699Z,34651,227500000,
2026-09-15T21:46:49.699Z,41681,27090000,
2026-09-15T21:46:49.699Z,85229,5028000000,
2026-09-15T21:46:49.699Z,37577,6300000,
2026-09-15T21:46:49.699Z,63712,5000000,
2026-09-15T21:46:49.699Z,14944,14460000000,
2026-09-15T21:46:49.699Z,37556,11000,
2026-09-15T21:46:49.699Z,37585,1005000,
2026-09-15T21:46:49.699Z,37592,11,
2026-09-15T21:46:49.699Z,15094,6530000000,
2026-09-15T21:46:49.699Z,55827,100800,
2026-09-15T21:46:49.699Z,40487,44410000,
2026-09-15T21:46:49.699Z,45554,18810000,
2026-09-15T21:46:49.699Z,87360,400000000,
2026-09-15T21:46:49.699Z,36507,335000000,
2026-09-15T21:46:49.699Z,54161,5000000,
2026-09-15T21:46:49.699Z,53605,100100,
2026-09-15T21:46:49.699Z,42124,44990000,
2026-09-15T21:46:49.699Z,77281,29920000,
2026-09-15T21:46:49.699Z,37494,57370000,
2026-09-15T21:46:49.699Z,73792,3356000000,
2026-09-15T21:46:49.699Z,37520,1958000,
2026-09-15T21:46:49.699Z,96684,50000000,
2026-09-15T21:46:49.699Z,96686,50000000,
2026-09-15T21:46:49.699Z,28399,282.2,
2026-09-15T21:46:49.699Z,81976,91.02,
2026-09-15T21:46:49.699Z,59857,1567000,
2026-09-15T21:46:49.699Z,50078,724200000,
2026-09-15T21:46:49.699Z,53200,2450000,
2026-09-15T21:46:49.699Z,4132,100000000,
2026-09-15T21:46:49.699Z,34554,1000000,
2026-09-15T21:46:49.699Z,73402,1522000,
2026-09-15T21:46:49.699Z,42243,50400000,
2026-09-15T21:46:49.699Z,96692,1001000,
2026-09-15T21:46:49.699Z,14912,100500,
2026-09-15T21:46:49.699Z,59836,1801000,
2026-09-15T21:46:49.699Z,61656,100100,
2026-09-15T21:46:49.699Z,46308,211.4,
2026-09-15T21:46:49.699Z,36348,500000000,
2026-09-15T21:46:49.699Z,36366,3223000,
2026-09-15T21:46:49.699Z,36346,11110000,
2026-09-15T21:46:49.699Z,36341,1326000,
2026-09-15T21:46:49.699Z,36357,1,
2026-09-15T21:46:49.699Z,36361,500000000,
2026-09-15T21:46:49.699Z,40331,1127000,
2026-09-15T21:46:49.699Z,36340,2128000,
2026-09-15T21:46:49.699Z,36339,450000000,
2026-09-15T21:46:49.699Z,36354,50610000,
2026-09-15T21:46:49.699Z,36362,1372000,
2026-09-15T21:46:49.699Z,36342,400000000,
2026-09-15T21:46:49.699Z,36356,23250000,
2026-09-15T21:46:49.699Z,40332,290000000,
2026-09-15T21:46:49.699Z,36449,11340000,
2026-09-15T21:46:49.699Z,48854,8025000,
2026-09-15T21:46:49.699Z,36430,1.01,
2026-09-15T21:46:49.699Z,36458,7000000,
2026-09-15T21:46:49.699Z,36428,1000000,
2026-09-15T21:46:49.699Z,36454,1,
2026-09-15T21:46:49.699Z,36447,3000000,
2026-09-15T21:46:49.699Z,36432,1000000,
2026-09-15T21:46:49.699Z,28415,714.3,
2026-09-15T21:46:49.699Z,36426,1000000,
2026-09-15T21:46:49.699Z,36427,10000000,
2026-09-15T21:46:49.699Z,25235,1.16,
2026-09-15T21:46:49.699Z,16185,2130,
2026-09-15T21:46:49.699Z,16184,1990,
2026-09-15T21:46:49.699Z,46202,1000000,
2026-09-15T21:46:49.699Z,4116,7001000,
2026-09-15T21:46:49.699Z,23911,2220000,
2026-09-15T21:46:49.699Z,41588,1000000,
2026-09-15T21:46:49.699Z,41586,10000,
2026-09-15T21:46:49.699Z,28408,3.62,
2026-09-15T21:46:49.699Z,28407,69.03,
2026-09-15T21:46:49.699Z,37310,2720000,
2026-09-15T21:46:49.699Z,55724,169000000,
2026-09-15T21:46:49.699Z,37343,2714000,
2026-09-15T21:46:49.699Z,37376,2744000,
2026-09-15T21:46:49.699Z,96142,10010000,
2026-09-15T21:46:49.699Z,77283,648400000,
2026-09-15T21:46:49.699Z,77284,511000000,
2026-09-15T21:46:49.699Z,19726,2081000000,
2026-09-15T21:46:49.699Z,73790,2001000000,
2026-09-15T21:46:49.699Z,46693,718.1,
2026-09-15T21:46:49.699Z,86276,6666000,
2026-09-15T21:46:49.699Z,17510,114800,
2026-09-15T21:46:49.699Z,34661,225600000,
2026-09-15T21:46:49.699Z,33730,100000000,
2026-09-15T21:46:49.699Z,48175,50000000,
2026-09-15T21:46:49.699Z,58788,79000000,
2026-09-15T21:46:49.699Z,37605,2261000000,
2026-09-15T21:46:49.699Z,23919,727200000,
2026-09-15T21:46:49.699Z,48852,35240000,
2026-09-15T21:46:49.699Z,36515,210000000,
2026-09-15T21:46:49.699Z,89784,2125000,
2026-09-15T21:46:49.699Z,48851,12290000,
2026-09-15T21:46:49.699Z,671,871000000,
2026-09-15T21:46:49.699Z,32207,221000000,
2026-09-15T21:46:49.699Z,46399,2000000,
2026-09-15T21:46:49.699Z,14606,20000000,
2026-09-15T21:46:49.699Z,42125,24270000,
2026-09-15T21:46:49.699Z,45513,5179,
2026-09-15T21:46:49.699Z,40324,400000000,
2026-09-15T21:46:49.699Z,36484,33000000,
2026-09-15T21:46:49.699Z,37487,65510000,
2026-09-15T21:46:49.699Z,90282,0.03,
2026-09-15T21:46:49.699Z,90278,0.03,
2026-09-15T21:46:49.699Z,75281,250.5,
2026-09-15T21:46:49.699Z,31217,29600,
2026-09-15T21:46:49.699Z,46701,3.33,
2026-09-15T21:46:49.699Z,46700,0.1,
2026-09-15T21:46:49.699Z,74521,17.5,
2026-09-15T21:46:49.699Z,46702,3.01,
2026-09-15T21:46:49.699Z,43931,2001000,
2026-09-15T21:46:49.699Z,46699,177.6,
2026-09-15T21:46:49.699Z,4105,350100000,
2026-09-15T21:46:49.699Z,58786,49010000,
2026-09-15T21:46:49.699Z,3764,1865000,
2026-09-15T21:46:49.699Z,56264,21770000000,
2026-09-15T21:46:49.699Z,31428,19020,
2026-09-15T21:46:49.699Z,90746,80000000,
2026-09-15T21:46:49.699Z,43831,10030000,
2026-09-15T21:46:49.699Z,52790,191700000,
2026-09-15T21:46:49.699Z,58943,12000000,
2026-09-15T21:46:49.699Z,94094,1001000,
2026-09-15T21:46:49.699Z,45677,32450000,
2026-09-15T21:46:49.699Z,45647,4999000,
2026-09-15T21:46:49.699Z,48951,1,
2026-09-15T21:46:49.699Z,48954,1,
2026-09-15T21:46:49.699Z,50042,1,
2026-09-15T21:46:49.699Z,19724,2006000000,
2026-09-15T21:46:49.699Z,73787,3121000000,
2026-09-15T21:46:49.699Z,85025,233100000,
2026-09-15T21:46:49.699Z,19720,2053000000,
2026-09-15T21:46:49.699Z,87381,1630000,
2026-09-15T21:46:49.699Z,45061,25510000,
2026-09-15T21:46:49.699Z,90320,10010000,
2026-09-15T21:46:49.699Z,14556,50000000,
2026-09-15T21:46:49.699Z,37604,3446000000,
2026-09-15T21:46:49.699Z,45645,4820000,
2026-09-15T21:46:49.699Z,37607,2566000000,
2026-09-15T21:46:49.699Z,17168,2015000,
2026-09-15T21:46:49.699Z,45649,51370000,
2026-09-15T21:46:49.699Z,23773,1819000,
2026-09-15T21:46:49.699Z,3514,276400000,
2026-09-15T21:46:49.699Z,36725,1511000,
2026-09-15T21:46:49.699Z,36742,26000000,
2026-09-15T21:46:49.699Z,91633,100900,
2026-09-15T21:46:49.699Z,36314,111,
2026-09-15T21:46:49.699Z,54553,2004000,
2026-09-15T21:46:49.699Z,4117,13020000,
2026-09-15T21:46:49.699Z,4118,5009000,
2026-09-15T21:46:49.699Z,43511,10000000,
2026-09-15T21:46:49.699Z,37606,2661000000,
2026-09-15T21:46:49.699Z,4121,5010000,
2026-09-15T21:46:49.699Z,91630,1024000,
2026-09-15T21:46:49.699Z,53633,111,
2026-09-15T21:46:49.699Z,4123,13030000,
2026-09-15T21:46:49.699Z,94006,10000000,
2026-09-15T21:46:49.699Z,47530,30000000,
2026-09-15T21:46:49.699Z,4110,1,
2026-09-15T21:46:49.699Z,28404,1.08,
2026-09-15T21:46:49.699Z,46668,325100000,
2026-09-15T21:46:49.699Z,36353,109100000,
2026-09-15T21:46:49.699Z,4139,175400000,
2026-09-15T21:46:49.699Z,28395,1162,
2026-09-15T21:46:49.699Z,23917,703700000,
2026-09-15T21:46:49.699Z,46117,50000000,
2026-09-15T21:46:49.699Z,14622,1161000,
2026-09-15T21:46:49.699Z,17305,4118000,
2026-09-15T21:46:49.699Z,84101,65640000,
2026-09-15T21:46:49.699Z,91634,17000000,
2026-09-15T21:46:49.699Z,14990,64070000,
2026-09-15T21:46:49.699Z,15856,100000,
2026-09-15T21:46:49.699Z,36344,101900000,
2026-09-15T21:46:49.699Z,48159,5001000,
2026-09-15T21:46:49.699Z,32824,3807,
2026-09-15T21:46:49.699Z,32820,50000,
2026-09-15T21:46:49.699Z,44214,110000,
2026-09-15T21:46:49.699Z,47611,2,
2026-09-15T21:46:49.699Z,34558,2739000,
2026-09-15T21:46:49.699Z,41102,5309000,
2026-09-15T21:46:49.699Z,46704,201500,
2026-09-15T21:46:49.699Z,50069,105000000,
2026-09-15T21:46:49.699Z,82207,550,
2026-09-15T21:46:49.699Z,16186,2886,
2026-09-15T21:46:49.699Z,62857,1111,
2026-09-15T21:46:49.699Z,36404,4000000000,
2026-09-15T21:46:49.699Z,54908,15000000,
2026-09-15T21:46:49.699Z,53188,3100000,
2026-09-15T21:46:49.699Z,80992,200000,
2026-09-15T21:46:49.699Z,87926,2000000,
2026-09-15T21:46:49.699Z,47535,3002000,
2026-09-15T21:46:49.699Z,87901,200000,
2026-09-15T21:46:49.699Z,17225,4500000,
2026-09-15T21:46:49.699Z,87263,999800,
2026-09-15T21:46:49.699Z,48194,2083000,
2026-09-15T21:46:49.699Z,59839,100000000,
2026-09-15T21:46:49.699Z,87925,200000,
2026-09-15T21:46:49.699Z,43523,1000000,
2026-09-15T21:46:49.699Z,47301,1000000,
2026-09-15T21:46:49.699Z,33488,1570000000,
2026-09-15T21:46:49.699Z,33059,500000,
2026-09-15T21:46:49.699Z,19658,50000,
2026-09-15T21:46:49.699Z,30222,50000,
2026-09-15T21:46:49.699Z,30221,50000,
2026-09-15T21:46:49.699Z,56267,62200000,
2026-09-15T21:46:49.699Z,56090,7000000,
2026-09-15T21:46:49.699Z,60343,3212,
2026-09-15T21:46:49.699Z,37486,26210000,
2026-09-15T21:46:49.699Z,40330,46160000,
2026-09-15T21:46:49.699Z,87258,10,
2026-09-15T21:46:49.699Z,43930,2001000,
2026-09-15T21:46:49.699Z,91636,104700000,
2026-09-15T21:46:49.699Z,46772,0.01,
2026-09-15T21:46:49.699Z,46771,80000000,
2026-09-15T21:46:49.699Z,60771,1,
2026-09-15T21:46:49.699Z,36633,56300000,
2026-09-15T21:46:49.699Z,36717,1000000,
2026-09-15T21:46:49.699Z,41682,135100000,
2026-09-15T21:46:49.699Z,46739,100000000,
2026-09-15T21:46:49.699Z,52889,101200,
2026-09-15T21:46:49.699Z,96670,1001000,
2026-09-15T21:46:49.699Z,88568,45000000,
2026-09-15T21:46:49.699Z,91631,75000000,
2026-09-15T21:46:49.699Z,36322,87510000,
2026-09-15T21:46:49.699Z,36740,30100000,
2026-09-15T21:46:49.699Z,37507,1000000,
2026-09-15T21:46:49.699Z,52769,13200000,
2026-09-15T21:46:49.699Z,43520,132000,
2026-09-15T21:46:49.699Z,46132,145400000,
2026-09-15T21:46:49.699Z,53642,10080,
2026-09-15T21:46:49.699Z,27594,250300000,
2026-09-15T21:46:49.699Z,29063,61120,
2026-09-15T21:46:49.699Z,43485,2000000,
2026-09-15T21:46:49.699Z,29660,5216,
2026-09-15T21:46:49.699Z,36508,80000000,
2026-09-15T21:46:49.699Z,43679,200000,
2026-09-15T21:46:49.699Z,32821,1520,
2026-09-15T21:46:49.699Z,58826,31000000,
2026-09-15T21:46:49.699Z,63205,340200000,
2026-09-15T21:46:49.699Z,88034,13510000,
2026-09-15T21:46:49.699Z,34664,0.01,
2026-09-15T21:46:49.699Z,36636,46000000,
2026-09-15T21:46:49.699Z,40582,33140000,
2026-09-15T21:46:49.699Z,92385,100000000,
2026-09-15T21:46:49.699Z,46291,6000,
2026-09-15T21:46:49.699Z,53160,100,
2026-09-15T21:46:49.699Z,61185,58030000,
2026-09-15T21:46:49.699Z,46293,2.37,
2026-09-15T21:46:49.699Z,52758,1000000,
2026-09-15T21:46:49.699Z,4196,0.01,
2026-09-15T21:46:49.699Z,57592,22710000,
2026-09-15T21:46:49.699Z,11011,174900000,
2026-09-15T21:46:49.699Z,48853,1303000,
2026-09-15T21:46:49.699Z,26840,239700000,
2026-09-15T21:46:49.699Z,11876,0.01,
2026-09-15T21:46:49.699Z,11878,100000,
2026-09-15T21:46:49.699Z,11879,0.01,
2026-09-15T21:46:49.699Z,11886,100000,
2026-09-15T21:46:49.699Z,11857,0.01,
2026-09-15T21:46:49.699Z,11884,0.01,
2026-09-15T21:46:49.699Z,36797,231600000,
2026-09-15T21:46:49.699Z,20809,100000,
2026-09-15T21:46:49.699Z,20811,100000,
2026-09-15T21:46:49.699Z,20813,100000,
2026-09-15T21:46:49.699Z,20815,100000,
2026-09-15T21:46:49.699Z,28330,100000,
2026-09-15T21:46:49.699Z,28338,100000,
2026-09-15T21:46:49.699Z,15100,3470000000,
2026-09-15T21:46:49.699Z,21920,100000,
2026-09-15T21:46:49.699Z,21933,100000,
2026-09-15T21:46:49.699Z,21941,100000,
2026-09-15T21:46:49.699Z,15018,2500000,
2026-09-15T21:46:49.699Z,14860,50340000,
2026-09-15T21:46:49.699Z,46673,530000000,
2026-09-15T21:46:49.699Z,56625,5146,
2026-09-15T21:46:49.699Z,40656,25500000,
2026-09-15T21:46:49.699Z,14716,20010000,
2026-09-15T21:46:49.699Z,37582,1000000,
2026-09-15T21:46:49.699Z,46681,750.3,
2026-09-15T21:46:49.699Z,80010,95190,
2026-09-15T21:46:49.699Z,49429,1701000,
2026-09-15T21:46:49.699Z,14761,5030000,
2026-09-15T21:46:49.699Z,62056,17500,
2026-09-15T21:46:49.699Z,2375,150,
2026-09-15T21:46:49.699Z,2376,150,
2026-09-15T21:46:49.699Z,2371,150,
2026-09-15T21:46:49.699Z,2368,150,
2026-09-15T21:46:49.699Z,2373,150,
2026-09-15T21:46:49.699Z,2369,150,
2026-09-15T21:46:49.699Z,2377,150,
2026-09-15T21:46:49.699Z,91635,22010000,
2026-09-15T21:46:49.699Z,42229,5000000,
2026-09-15T21:46:49.699Z,15190,80000,
2026-09-15T21:46:49.699Z,20803,100000,
2026-09-15T21:46:49.699Z,14896,90000,
2026-09-15T21:46:49.699Z,20805,100000,
2026-09-15T21:46:49.699Z,22634,2500000,
2026-09-15T21:46:49.699Z,20807,100000,
2026-09-15T21:46:49.699Z,55725,1,
2026-09-15T21:46:49.699Z,44068,4004000,
2026-09-15T21:46:49.699Z,44069,1170000,
2026-09-15T21:46:49.699Z,61126,1002000,
2026-09-15T21:46:49.699Z,36634,0.01,
2026-09-15T21:46:49.699Z,11562,2000000,
2026-09-15T21:46:49.699Z,15668,55820,
2026-09-15T21:46:49.699Z,36786,440000000,
2026-09-15T21:46:49.699Z,41685,157800000,
2026-09-15T21:46:49.699Z,52887,4982000,
2026-09-15T21:46:49.699Z,47224,0.02,
2026-09-15T21:46:49.699Z,37551,23850,
2026-09-15T21:46:49.699Z,64411,86650000,
2026-09-15T21:46:49.699Z,36349,200000000,
2026-09-15T21:46:49.699Z,4039,1,
2026-09-15T21:46:49.699Z,53204,20040000,
2026-09-15T21:46:49.699Z,61125,36400000,
2026-09-15T21:46:49.699Z,16268,266200,
2026-09-15T21:46:49.699Z,47528,2111,
2026-09-15T21:46:49.699Z,3597,75500,
2026-09-15T21:46:49.699Z,46294,20,
2026-09-15T21:46:49.699Z,36977,1106000000,
2026-09-15T21:46:49.699Z,36978,1718000000,
2026-09-15T21:46:49.699Z,62750,26000000,
2026-09-15T21:46:49.699Z,33989,140000000,
2026-09-15T21:46:49.699Z,34052,100000000,
2026-09-15T21:46:49.699Z,46547,176600000,
2026-09-15T21:46:49.699Z,34055,100000000,
2026-09-15T21:46:49.699Z,88375,11110,
2026-09-15T21:46:49.699Z,52777,5202000,
2026-09-15T21:46:49.699Z,90274,0.01,
2026-09-15T21:46:49.699Z,90279,0.01,
2026-09-15T21:46:49.699Z,74532,2512,
2026-09-15T21:46:49.699Z,47236,0.02,
2026-09-15T21:46:49.699Z,17870,16000,
2026-09-15T21:46:49.699Z,47235,0.02,
2026-09-15T21:46:49.699Z,46302,750.8,
2026-09-15T21:46:49.699Z,45497,0.01,
2026-09-15T21:46:49.699Z,46295,0.01,
2026-09-15T21:46:49.699Z,17976,1,
2026-09-15T21:46:49.699Z,91620,25000000,
2026-09-15T21:46:49.699Z,41468,676800000,
2026-09-15T21:46:49.699Z,57807,100500000,
2026-09-15T21:46:49.699Z,28401,178.2,
2026-09-15T21:46:49.699Z,46643,1.05,
2026-09-15T21:46:49.699Z,64909,1000000,
2026-09-15T21:46:49.699Z,21316,5000000,
2026-09-15T21:46:49.699Z,21308,5000000,
2026-09-15T21:46:49.699Z,21306,5000000,
2026-09-15T21:46:49.699Z,21318,5000000,
2026-09-15T21:46:49.699Z,21304,5000000,
2026-09-15T21:46:49.699Z,21310,5000000,
2026-09-15T21:46:49.699Z,21312,5000000,
2026-09-15T21:46:49.699Z,21314,5000000,
2026-09-15T21:46:49.699Z,20909,5000000,
2026-09-15T21:46:49.699Z,46305,151,
2026-09-15T21:46:49.699Z,20901,5000000,
2026-09-15T21:46:49.699Z,20899,5000000,
2026-09-15T21:46:49.699Z,20911,5000000,
2026-09-15T21:46:49.699Z,20897,5000000,
2026-09-15T21:46:49.699Z,20903,5000000,
2026-09-15T21:46:49.699Z,20905,5000000,
2026-09-15T21:46:49.699Z,20907,5000000,
2026-09-15T21:46:49.699Z,36733,117600000,
2026-09-15T21:46:49.699Z,48554,14410000,
2026-09-15T21:46:49.699Z,85062,3643000000,
2026-09-15T21:46:49.699Z,53630,2014000,
2026-09-15T21:46:49.699Z,49422,85340000,
2026-09-15T21:46:49.699Z,91173,111100,
2026-09-15T21:46:49.699Z,91171,111100,
2026-09-15T21:46:49.699Z,56199,5090000,
2026-09-15T21:46:49.699Z,28556,125100,
2026-09-15T21:46:49.699Z,14928,75000,
2026-09-15T21:46:49.699Z,91163,132100000,
2026-09-15T21:46:49.699Z,33807,2460000,
2026-09-15T21:46:49.699Z,53205,5000000,
2026-09-15T21:46:49.699Z,4127,550000000,
2026-09-15T21:46:49.699Z,42671,610000000,
2026-09-15T21:46:49.699Z,91168,200000,
2026-09-15T21:46:49.699Z,55717,11100000,
2026-09-15T21:46:49.699Z,60365,652500,
2026-09-15T21:46:49.699Z,92823,8150000,
2026-09-15T21:46:49.699Z,15979,5000,
2026-09-15T21:46:49.699Z,22566,232700,
2026-09-15T21:46:49.699Z,46428,5000000,
2026-09-15T21:46:49.699Z,46377,344800000,
2026-09-15T21:46:49.699Z,36337,500000000,
2026-09-15T21:46:49.699Z,34636,5000000,
2026-09-15T21:46:49.699Z,62036,5.02,
2026-09-15T21:46:49.699Z,62043,353.3,
2026-09-15T21:46:49.699Z,52895,100100,
2026-09-15T21:46:49.699Z,52853,160000,
2026-09-15T21:46:49.699Z,62034,262.8,
2026-09-15T21:46:49.699Z,62040,220.2,
2026-09-15T21:46:49.699Z,52873,100100,
2026-09-15T21:46:49.699Z,52902,10500000,
2026-09-15T21:46:49.699Z,48844,3000000,
2026-09-15T21:46:49.699Z,52891,4006000,
2026-09-15T21:46:49.699Z,45584,1.01,
2026-09-15T21:46:49.699Z,52901,100100,
2026-09-15T21:46:49.699Z,36429,1500000,
2026-09-15T21:46:49.699Z,49825,25000000,
2026-09-15T21:46:49.699Z,53653,100100,
2026-09-15T21:46:49.699Z,36736,116400000,
2026-09-15T21:46:49.699Z,63688,0.01,
2026-09-15T21:46:49.699Z,36796,137600000,
2026-09-15T21:46:49.699Z,96694,1001000,
2026-09-15T21:46:49.699Z,28655,20000000,
2026-09-15T21:46:49.699Z,96626,1001000,
2026-09-15T21:46:49.699Z,96628,1001000,
2026-09-15T21:46:49.699Z,96636,1001000,
2026-09-15T21:46:49.699Z,94089,25140000,
2026-09-15T21:46:49.699Z,96638,1001000,
2026-09-15T21:46:49.699Z,96642,1001000,
2026-09-15T21:46:49.699Z,96646,1001000,
2026-09-15T21:46:49.699Z,96650,1001000,
2026-09-15T21:46:49.699Z,52885,100100,
2026-09-15T21:46:49.699Z,96664,1001000,
2026-09-15T21:46:49.699Z,96666,1001000,
2026-09-15T21:46:49.699Z,96682,1001000,
2026-09-15T21:46:49.699Z,96688,1001000,
2026-09-15T21:46:49.699Z,52880,100100,
2026-09-15T21:46:49.699Z,28514,95140000,
2026-09-15T21:46:49.699Z,96611,1001000,
2026-09-15T21:46:49.699Z,96613,1001000,
2026-09-15T21:46:49.699Z,96615,1001000,
2026-09-15T21:46:49.699Z,52849,100100,
2026-09-15T21:46:49.699Z,96630,1001000,
2026-09-15T21:46:49.699Z,96634,1001000,
2026-09-15T21:46:49.699Z,96648,1001000,
2026-09-15T21:46:49.699Z,37528,0.01,
2026-09-15T21:46:49.699Z,36772,1000,
2026-09-15T21:46:49.699Z,96656,1001000,
2026-09-15T21:46:49.699Z,85723,60000000,
2026-09-15T21:46:49.699Z,96668,1001000,
2026-09-15T21:46:49.699Z,96767,1001000,
2026-09-15T21:46:49.699Z,47642,12100000,
2026-09-15T21:46:49.699Z,87217,150000,
2026-09-15T21:46:49.699Z,17467,5099,
2026-09-15T21:46:49.699Z,53651,99990,
2026-09-15T21:46:49.699Z,46299,3238,
2026-09-15T21:46:49.699Z,31793,25000000,
2026-09-15T21:46:49.699Z,36352,7801000,
2026-09-15T21:46:49.699Z,46664,1000000000,
2026-09-15T21:46:49.699Z,36405,0.01,
2026-09-15T21:46:49.699Z,31755,2885,
2026-09-15T21:46:49.699Z,48095,9999000,
2026-09-15T21:46:49.699Z,15772,11310,
2026-09-15T21:46:49.699Z,50076,0.01,
2026-09-15T21:46:49.699Z,14630,34000000,
2026-09-15T21:46:49.699Z,71734,511800000,
2026-09-15T21:46:49.699Z,36375,0.01,
2026-09-15T21:46:49.699Z,46551,0.01,
2026-09-15T21:46:49.699Z,90275,0.03,
2026-09-15T21:46:49.699Z,70837,1100000,
2026-09-15T21:46:49.699Z,34742,30000000,
2026-09-15T21:46:49.699Z,54918,75010000,
2026-09-15T21:46:49.699Z,63704,5000000,
2026-09-15T21:46:49.699Z,63713,5000000,
2026-09-15T21:46:49.699Z,30553,3026000,
2026-09-15T21:46:49.699Z,63707,5000000,
2026-09-15T21:46:49.699Z,63708,5000000,
2026-09-15T21:46:49.699Z,63710,5000000,
2026-09-15T21:46:49.699Z,46409,0.01,
2026-09-15T21:46:49.699Z,63210,2001000,
2026-09-15T21:46:49.699Z,88205,10050,
2026-09-15T21:46:49.699Z,88202,1002,
2026-09-15T21:46:49.699Z,53435,1000000,
2026-09-15T21:46:49.699Z,14870,5706000000,
2026-09-15T21:46:49.699Z,52245,500100,
2026-09-15T21:46:49.699Z,77949,11,
2026-09-15T21:46:49.699Z,87606,50030,
2026-09-15T21:46:49.699Z,77948,2.01,
2026-09-15T21:46:49.699Z,47522,1,
2026-09-15T21:46:49.699Z,87268,100,
2026-09-15T21:46:49.699Z,40320,57250000,
2026-09-15T21:46:49.699Z,86413,1010000,
2026-09-15T21:46:49.699Z,14918,136100000,
2026-09-15T21:46:49.699Z,87226,1.26,
2026-09-15T21:46:49.699Z,87269,10,
2026-09-15T21:46:49.699Z,893,13900,
2026-09-15T21:46:49.699Z,40492,0.01,
2026-09-15T21:46:49.699Z,4245,20000000000,
2026-09-15T21:46:49.699Z,11199,150000,
2026-09-15T21:46:49.699Z,11185,150000,
2026-09-15T21:46:49.699Z,11187,150000,
2026-09-15T21:46:49.699Z,50047,2000000,
2026-09-15T21:46:49.699Z,22465,150000,
2026-09-15T21:46:49.699Z,11193,150000,
2026-09-15T21:46:49.699Z,53627,100100,
2026-09-15T21:46:49.699Z,59840,5000000,
2026-09-15T21:46:49.699Z,53426,10000000,
2026-09-15T21:46:49.699Z,43808,65130000,
2026-09-15T21:46:49.699Z,47247,0.02,
2026-09-15T21:46:49.699Z,60106,60000000,
2026-09-15T21:46:49.699Z,89807,4411000000,
2026-09-15T21:46:49.699Z,56597,25000,
2026-09-15T21:46:49.699Z,57817,56010000,
2026-09-15T21:46:49.699Z,4140,1010000000,
2026-09-15T21:46:49.699Z,36403,550000000,
2026-09-15T21:46:49.699Z,43532,1004000,
2026-09-15T21:46:49.699Z,36368,35960000,
2026-09-15T21:46:49.699Z,36641,160000000,
2026-09-15T21:46:49.699Z,49670,157300000,
2026-09-15T21:46:49.699Z,92664,592000000,
2026-09-15T21:46:49.699Z,83644,4980000,
2026-09-15T21:46:49.699Z,14866,646700000,
2026-09-15T21:46:49.699Z,46018,0.01,
2026-09-15T21:46:49.699Z,85759,2.01,
2026-09-15T21:46:49.699Z,36656,0.01,
2026-09-15T21:46:49.699Z,36384,0.01,
2026-09-15T21:46:49.699Z,56898,575900,
2026-09-15T21:46:49.699Z,36309,0.01,
2026-09-15T21:46:49.699Z,15250,2713000000,
2026-09-15T21:46:49.699Z,47159,3736000,
2026-09-15T21:46:49.699Z,46301,620,
2026-09-15T21:46:49.699Z,47210,5,
2026-09-15T21:46:49.699Z,46724,3333000,
2026-09-15T21:46:49.699Z,37500,68730000,
2026-09-15T21:46:49.699Z,81616,640100,
2026-09-15T21:46:49.699Z,53618,100100,
2026-09-15T21:46:49.699Z,56884,10000000,
2026-09-15T21:46:49.699Z,59219,30150000,
2026-09-15T21:46:49.699Z,4035,57070000,
2026-09-15T21:46:49.699Z,36672,255100000,
2026-09-15T21:46:49.699Z,17236,0.01,
2026-09-15T21:46:49.699Z,57308,60040000,
2026-09-15T21:46:49.699Z,22568,512500,
2026-09-15T21:46:49.699Z,42246,220100000,
2026-09-15T21:46:49.699Z,33397,304100000,
2026-09-15T21:46:49.699Z,34632,2234000000,
2026-09-15T21:46:49.699Z,36376,55810000,
2026-09-15T21:46:49.699Z,82449,147400,
2026-09-15T21:46:49.699Z,22567,551100,
2026-09-15T21:46:49.699Z,17248,25000000,
2026-09-15T21:46:49.699Z,41502,1495000000,
2026-09-15T21:46:49.699Z,48529,1200000,
2026-09-15T21:46:49.699Z,34418,800000,
2026-09-15T21:46:49.699Z,81366,40000,
2026-09-15T21:46:49.699Z,55713,3333000,
2026-09-15T21:46:49.699Z,17642,4505000,
2026-09-15T21:46:49.699Z,46535,100000000,
2026-09-15T21:46:49.699Z,36652,0.01,
2026-09-15T21:46:49.699Z,52404,390000000,
2026-09-15T21:46:49.699Z,47291,56920000,
2026-09-15T21:46:49.699Z,45678,1000000,
2026-09-15T21:46:49.699Z,48636,440200000,
2026-09-15T21:46:49.699Z,92573,4000000,
2026-09-15T21:46:49.699Z,32829,2250,
2026-09-15T21:46:49.699Z,33395,300200000,
2026-09-15T21:46:49.699Z,29663,4610,
2026-09-15T21:46:49.699Z,29659,3755,
2026-09-15T21:46:49.699Z,29661,6582,
2026-09-15T21:46:49.699Z,29662,7345,
2026-09-15T21:46:49.699Z,33339,3955,
2026-09-15T21:46:49.699Z,32827,8096,
2026-09-15T21:46:49.699Z,36406,95010000,
2026-09-15T21:46:49.699Z,17630,5000000,
2026-09-15T21:46:49.699Z,41666,4901000,
2026-09-15T21:46:49.699Z,48377,2000000,
2026-09-15T21:46:49.699Z,36825,101,
2026-09-15T21:46:49.699Z,95481,51040000,
2026-09-15T21:46:49.699Z,48534,500000,
2026-09-15T21:46:49.699Z,52706,130000,
2026-09-15T21:46:49.699Z,49426,1000000000,
2026-09-15T21:46:49.699Z,36788,199000000,
2026-09-15T21:46:49.699Z,14892,86530000,
2026-09-15T21:46:49.699Z,44111,9032000,
2026-09-15T21:46:49.699Z,62710,1104000000,
2026-09-15T21:46:49.699Z,46556,500000000,
2026-09-15T21:46:49.699Z,52403,0.01,
2026-09-15T21:46:49.699Z,52429,425000000,
2026-09-15T21:46:49.699Z,36379,130000000,
2026-09-15T21:46:49.699Z,45679,1000000,
2026-09-15T21:46:49.699Z,46602,1000000,
2026-09-15T21:46:49.699Z,46603,1000000,
2026-09-15T21:46:49.699Z,46601,1000000,
2026-09-15T21:46:49.699Z,33768,574300000,
2026-09-15T21:46:49.699Z,17755,0.01,
2026-09-15T21:46:49.699Z,87267,2015,
2026-09-15T21:46:49.699Z,27544,118900,
2026-09-15T21:46:49.699Z,33742,5000000000,
2026-09-15T21:46:49.699Z,76292,3261000000,
2026-09-15T21:46:49.699Z,82019,450.1,
2026-09-15T21:46:49.699Z,52392,70000000,
2026-09-15T21:46:49.699Z,15832,1716000,
2026-09-15T21:46:49.699Z,48846,0.01,
2026-09-15T21:46:49.699Z,36648,50000,
2026-09-15T21:46:49.699Z,47640,9990000,
2026-09-15T21:46:49.699Z,36774,31410000,
2026-09-15T21:46:49.699Z,59220,1015000,
2026-09-15T21:46:49.699Z,81367,220,
2026-09-15T21:46:49.699Z,81978,99.66,
2026-09-15T21:46:49.699Z,15959,1500000,
2026-09-15T21:46:49.699Z,15044,4421000000,
2026-09-15T21:46:49.699Z,27604,160100000,
2026-09-15T21:46:49.699Z,82163,500.8,
2026-09-15T21:46:49.699Z,47616,1817000,
2026-09-15T21:46:49.699Z,43640,200000,
2026-09-15T21:46:49.699Z,48163,200000000,
2026-09-15T21:46:49.699Z,91147,125000000,
2026-09-15T21:46:49.699Z,14700,27220000,
2026-09-15T21:46:49.699Z,43839,2900000,
2026-09-15T21:46:49.699Z,94101,80520000,
2026-09-15T21:46:49.699Z,87702,4575000,
2026-09-15T21:46:49.699Z,93784,1000,
2026-09-15T21:46:49.699Z,14926,368000,
2026-09-15T21:46:49.699Z,42677,180000000,
2026-09-15T21:46:49.699Z,52762,11,
2026-09-15T21:46:49.699Z,96321,10000000,
2026-09-15T21:46:49.699Z,17237,25000000,
2026-09-15T21:46:49.699Z,36367,400000000,
2026-09-15T21:46:49.699Z,85485,3000000,
2026-09-15T21:46:49.699Z,57106,10000000,
2026-09-15T21:46:49.699Z,36663,55110000,
2026-09-15T21:46:49.699Z,17271,150000000,
2026-09-15T21:46:49.699Z,1212,225000,
2026-09-15T21:46:49.699Z,14634,1.67,
2026-09-15T21:46:49.699Z,48860,2100000,
2026-09-15T21:46:49.699Z,34614,1000000,
2026-09-15T21:46:49.699Z,91625,1511000,
2026-09-15T21:46:49.699Z,41130,371500000,
2026-09-15T21:46:49.699Z,52731,10000000,
2026-09-15T21:46:49.699Z,59426,1000000,
2026-09-15T21:46:49.699Z,46389,60000000,
2026-09-15T21:46:49.699Z,87802,86630000,
2026-09-15T21:46:49.699Z,34639,500000000,
2026-09-15T21:46:49.699Z,27576,7404000,
2026-09-15T21:46:49.699Z,34029,1000,
2026-09-15T21:46:49.699Z,14198,2512000,
2026-09-15T21:46:49.699Z,33464,12480,
2026-09-15T21:46:49.699Z,4221,1,
2026-09-15T21:46:49.699Z,11883,0.01,
2026-09-15T21:46:49.699Z,46696,0.08,
2026-09-15T21:46:49.699Z,26063,24990,
2026-09-15T21:46:49.699Z,31180,9999,
2026-09-15T21:46:49.699Z,91638,1500000,
2026-09-15T21:46:49.699Z,53644,1131000,
2026-09-15T21:46:49.699Z,48753,1000000,
2026-09-15T21:46:49.699Z,53640,100100,
2026-09-15T21:46:49.699Z,84121,1500000,
2026-09-15T21:46:49.699Z,53643,2.01,
2026-09-15T21:46:49.699Z,84123,1500000,
2026-09-15T21:46:49.699Z,47537,29850000,
2026-09-15T21:46:49.699Z,53641,105100,
2026-09-15T21:46:49.699Z,89635,5003000,
2026-09-15T21:46:49.699Z,84125,25000,
2026-09-15T21:46:49.699Z,49431,2004000000,
2026-09-15T21:46:49.699Z,89634,5003000,
2026-09-15T21:46:49.699Z,42710,10,
2026-09-15T21:46:49.699Z,53606,1014000,
2026-09-15T21:46:49.699Z,53608,100100,
2026-09-15T21:46:49.699Z,53622,100100,
2026-09-15T21:46:49.699Z,53629,100100,
2026-09-15T21:46:49.699Z,40604,5000000,
2026-09-15T21:46:49.699Z,43678,200000,
2026-09-15T21:46:49.699Z,4159,1,
2026-09-15T21:46:49.699Z,26017,24990,
2026-09-15T21:46:49.699Z,4163,1,
2026-09-15T21:46:49.699Z,63206,6399000,
2026-09-15T21:46:49.699Z,40602,75640000,
2026-09-15T21:46:49.699Z,40605,1100,
2026-09-15T21:46:49.699Z,63202,5211000,
2026-09-15T21:46:49.699Z,40596,55660000,
2026-09-15T21:46:49.699Z,40586,48390000,
2026-09-15T21:46:49.699Z,43811,11080000,
2026-09-15T21:46:49.699Z,61121,10020000,
2026-09-15T21:46:49.699Z,40599,101000,
2026-09-15T21:46:49.699Z,4114,1,
2026-09-15T21:46:49.699Z,34211,76000000,
2026-09-15T21:46:49.699Z,58793,100000000,
2026-09-15T21:46:49.699Z,82165,512.4,
2026-09-15T21:46:49.699Z,57107,1000000,
2026-09-15T21:46:49.699Z,58946,1,
2026-09-15T21:46:49.699Z,53634,100100,
2026-09-15T21:46:49.699Z,52753,9850000,
2026-09-15T21:46:49.699Z,53597,100100,
2026-09-15T21:46:49.699Z,48757,300000,
2026-09-15T21:46:49.699Z,48642,1000000,
2026-09-15T21:46:49.699Z,31314,37000,
2026-09-15T21:46:49.699Z,53647,20110,
2026-09-15T21:46:49.699Z,1099,100000,
2026-09-15T21:46:49.699Z,59314,25450000,
2026-09-15T21:46:49.699Z,57414,9500000,
2026-09-15T21:46:49.699Z,44272,22230,
2026-09-15T21:46:49.699Z,34158,146800000,
2026-09-15T21:46:49.699Z,37833,24990,
2026-09-15T21:46:49.699Z,37834,24990,
2026-09-15T21:46:49.699Z,37835,24990,
2026-09-15T21:46:49.699Z,37836,24990,
2026-09-15T21:46:49.699Z,31296,26000,
2026-09-15T21:46:49.699Z,44112,180000,
2026-09-15T21:46:49.699Z,52553,36750000,
2026-09-15T21:46:49.699Z,54919,1000000,
2026-09-15T21:46:49.699Z,54913,30000000,
2026-09-15T21:46:49.699Z,23706,0.01,
2026-09-15T21:46:49.699Z,4197,1,
2026-09-15T21:46:49.699Z,14614,200600,
2026-09-15T21:46:49.699Z,48752,1000000,
2026-09-15T21:46:49.699Z,52854,0.01,
2026-09-15T21:46:49.699Z,57808,275300000,
2026-09-15T21:46:49.699Z,47644,9001000,
2026-09-15T21:46:49.699Z,48843,0.01,
2026-09-15T21:46:49.699Z,54218,1485000000,
2026-09-15T21:46:49.699Z,36644,0.01,
2026-09-15T21:46:49.699Z,53601,0.01,
2026-09-15T21:46:49.699Z,96047,105000000,
2026-09-15T21:46:49.699Z,96048,80000000,
2026-09-15T21:46:49.699Z,889,100,
2026-09-15T21:46:49.699Z,96317,100,
2026-09-15T21:46:49.699Z,52720,0.01,
2026-09-15T21:46:49.699Z,34005,105000000,
2026-09-15T21:46:49.699Z,17508,1,
2026-09-15T21:46:49.699Z,45501,1957,
2026-09-15T21:46:49.699Z,31506,100300,
2026-09-15T21:46:49.699Z,36668,40010000,
2026-09-15T21:46:49.699Z,37495,1006000,
2026-09-15T21:46:49.699Z,47524,1000,
2026-09-15T21:46:49.699Z,46579,1000000,
2026-09-15T21:46:49.699Z,84132,1000000,
2026-09-15T21:46:49.699Z,52726,1111,
2026-09-15T21:46:49.699Z,46552,1111,
2026-09-15T21:46:49.699Z,36389,150000000,
2026-09-15T21:46:49.699Z,91616,220200000,
2026-09-15T21:46:49.699Z,46398,0.01,
2026-09-15T21:46:49.699Z,91637,265200000,
2026-09-15T21:46:49.699Z,52744,2000000,
2026-09-15T21:46:49.699Z,36777,57510000,
2026-09-15T21:46:49.699Z,59421,6062000,
2026-09-15T21:46:49.699Z,47698,11500000,
2026-09-15T21:46:49.699Z,52552,40010000,
2026-09-15T21:46:49.699Z,48183,12000000,
2026-09-15T21:46:49.699Z,62855,49900000,
2026-09-15T21:46:49.699Z,63204,18780000,
2026-09-15T21:46:49.699Z,92160,24000,
2026-09-15T21:46:49.699Z,92159,26500,
2026-09-15T21:46:49.699Z,14920,1102000,
2026-09-15T21:46:49.699Z,14757,50000,
2026-09-15T21:46:49.699Z,16183,1888,
2026-09-15T21:46:49.699Z,36791,37950000,
2026-09-15T21:46:49.699Z,25280,500000,
2026-09-15T21:46:49.699Z,56223,12380000000,
2026-09-15T21:46:49.699Z,52751,100000,
2026-09-15T21:46:49.699Z,91622,17400000,
2026-09-15T21:46:49.699Z,74115,301900000,
2026-09-15T21:46:49.699Z,88230,1010000,
2026-09-15T21:46:49.699Z,42147,250000,
2026-09-15T21:46:49.699Z,57162,1000000,
2026-09-15T21:46:49.699Z,42649,198000000,
2026-09-15T21:46:49.699Z,46384,0.01,
2026-09-15T21:46:49.699Z,52738,1000000,
2026-09-15T21:46:49.699Z,34743,0.01,
2026-09-15T21:46:49.699Z,46386,0.01,
2026-09-15T21:46:49.699Z,46387,0.01,
2026-09-15T21:46:49.699Z,52763,1,
2026-09-15T21:46:49.699Z,19470,49000000,
2026-09-15T21:46:49.699Z,40468,0.01,
2026-09-15T21:46:49.699Z,15220,149600,
2026-09-15T21:46:49.699Z,40470,0.01,
2026-09-15T21:46:49.699Z,48161,10350000,
2026-09-15T21:46:49.699Z,37499,0.01,
2026-09-15T21:46:49.699Z,17304,5000,
2026-09-15T21:46:49.699Z,43512,636300,
2026-09-15T21:46:49.699Z,4173,1,
2026-09-15T21:46:49.699Z,33771,1,
2026-09-15T21:46:49.699Z,4174,1,
2026-09-15T21:46:49.699Z,4175,1,
2026-09-15T21:46:49.699Z,4176,1,
2026-09-15T21:46:49.699Z,4177,1,
2026-09-15T21:46:49.699Z,4179,1,
2026-09-15T21:46:49.699Z,14904,11510000,
2026-09-15T21:46:49.699Z,37796,500000,
2026-09-15T21:46:49.699Z,4193,1,
2026-09-15T21:46:49.699Z,4199,1,
2026-09-15T21:46:49.699Z,84107,4799000,
2026-09-15T21:46:49.699Z,33724,1,
2026-09-15T21:46:49.699Z,33723,1,
2026-09-15T21:46:49.699Z,4120,1,
2026-09-15T21:46:49.699Z,33719,1,
2026-09-15T21:46:49.699Z,4133,1,
2026-09-15T21:46:49.699Z,37524,0.01,
2026-09-15T21:46:49.699Z,46435,0.01,
2026-09-15T21:46:49.699Z,36320,137600000,
2026-09-15T21:46:49.699Z,40509,106100000,
2026-09-15T21:46:49.699Z,89808,442800000,
2026-09-15T21:46:49.699Z,46698,9.07,
2026-09-15T21:46:49.699Z,46697,2.08,
2026-09-15T21:46:49.699Z,46019,1001000,
2026-09-15T21:46:49.699Z,17847,1500000,
2026-09-15T21:46:49.699Z,40472,27570000,
2026-09-15T21:46:49.699Z,4102,100000000,
2026-09-15T21:46:49.699Z,87741,1273000,
2026-09-15T21:46:49.699Z,79998,80010,
2026-09-15T21:46:49.699Z,47614,2012000,
2026-09-15T21:46:49.699Z,79999,80010,
2026-09-15T21:46:49.699Z,57163,29840000,
2026-09-15T21:46:49.699Z,85980,300000000,
2026-09-15T21:46:49.699Z,87739,1259000,
2026-09-15T21:46:49.699Z,47612,1000000,
2026-09-15T21:46:49.699Z,84104,106100000,
2026-09-15T21:46:49.699Z,84110,198200000,
2026-09-15T21:46:49.699Z,40325,138100000,
2026-09-15T21:46:49.699Z,21007,1.01,
2026-09-15T21:46:49.699Z,21005,10,
2026-09-15T21:46:49.699Z,21003,10,
2026-09-15T21:46:49.699Z,21001,10,
2026-09-15T21:46:49.699Z,46755,201100000,
2026-09-15T21:46:49.699Z,20997,10,
2026-09-15T21:46:49.699Z,14790,2018000000,
2026-09-15T21:46:49.699Z,34054,300400000,
2026-09-15T21:46:49.699Z,36780,65010000,
2026-09-15T21:46:49.699Z,36390,320000000,
2026-09-15T21:46:49.699Z,46714,8818000,
2026-09-15T21:46:49.699Z,46518,553500,
2026-09-15T21:46:49.699Z,3290,127100,
2026-09-15T21:46:49.699Z,59214,5759000,
2026-09-15T21:46:49.699Z,20801,100000,
2026-09-15T21:46:49.699Z,21908,1.01,
2026-09-15T21:46:49.699Z,93992,700000000,
2026-09-15T21:46:49.699Z,20995,1.01,
2026-09-15T21:46:49.699Z,14584,1.01,
2026-09-15T21:46:49.699Z,44204,56000000,
2026-09-15T21:46:49.699Z,53427,2950000,
2026-09-15T21:46:49.699Z,55726,9870000,
2026-09-15T21:46:49.699Z,36496,0.01,
2026-09-15T21:46:49.699Z,14906,1.67,
2026-09-15T21:46:49.699Z,29664,3611,
2026-09-15T21:46:49.699Z,56224,6000000000,
2026-09-15T21:46:49.699Z,33338,5202,
2026-09-15T21:46:49.699Z,19462,69450,
2026-09-15T21:46:49.699Z,48179,60000000,
2026-09-15T21:46:49.699Z,84217,20000000,
2026-09-15T21:46:49.699Z,34555,1420,
2026-09-15T21:46:49.699Z,34548,1420,
2026-09-15T21:46:49.699Z,34549,1420,
2026-09-15T21:46:49.699Z,34540,1550,
2026-09-15T21:46:49.699Z,34541,1550,
2026-09-15T21:46:49.699Z,34553,1550,
2026-09-15T21:46:49.699Z,34544,1550,
2026-09-15T21:46:49.699Z,34545,1550,
2026-09-15T21:46:49.699Z,17260,120000000,
2026-09-15T21:46:49.699Z,46716,853400000,
2026-09-15T21:46:49.699Z,31214,125000,
2026-09-15T21:46:49.699Z,46388,6019000,
2026-09-15T21:46:49.699Z,52757,5000000,
2026-09-15T21:46:49.699Z,31697,0.02,
2026-09-15T21:46:49.699Z,46705,500.1,
2026-09-15T21:46:49.699Z,49100,5002000,
2026-09-15T21:46:49.699Z,35912,1253000,
2026-09-15T21:46:49.699Z,13288,10,
2026-09-15T21:46:49.699Z,61124,10000000,
2026-09-15T21:46:49.699Z,37887,51010,
2026-09-15T21:46:49.699Z,72258,100000,
2026-09-15T21:46:49.699Z,17502,1,
2026-09-15T21:46:49.699Z,52419,32610000,
2026-09-15T21:46:49.699Z,46303,532.9,
2026-09-15T21:46:49.699Z,3903,2500000,
2026-09-15T21:46:49.699Z,37567,1.01,
2026-09-15T21:46:49.699Z,46418,45550000,
2026-09-15T21:46:49.699Z,33307,19020,
2026-09-15T21:46:49.699Z,27574,5380000,
2026-09-15T21:46:49.699Z,20877,5004000,
2026-09-15T21:46:49.699Z,27583,1000000,
2026-09-15T21:46:49.699Z,59865,1252000,
2026-09-15T21:46:49.699Z,56716,1500,
2026-09-15T21:46:49.699Z,96653,1010,
2026-09-15T21:46:49.699Z,37541,0.01,
2026-09-15T21:46:49.699Z,37028,0.02,
2026-09-15T21:46:49.699Z,37081,0.02,
2026-09-15T21:46:49.699Z,47109,0.02,
2026-09-15T21:46:49.699Z,47113,0.02,
2026-09-15T21:46:49.699Z,47107,0.02,
2026-09-15T21:46:49.699Z,47112,100,
2026-09-15T21:46:49.699Z,47111,0.02,
2026-09-15T21:46:49.699Z,47114,0.02,
2026-09-15T21:46:49.699Z,37083,0.02,
2026-09-15T21:46:49.699Z,37066,100,
2026-09-15T21:46:49.699Z,46578,0.02,
2026-09-15T21:46:49.699Z,37041,100,
2026-09-15T21:46:49.699Z,59863,0.01,
2026-09-15T21:46:49.699Z,47361,0.02,
2026-09-15T21:46:49.699Z,37029,0.02,
2026-09-15T21:46:49.699Z,70799,5280000,
2026-09-15T21:46:49.699Z,47357,0.02,
2026-09-15T21:46:49.699Z,47354,0.02,
2026-09-15T21:46:49.699Z,37043,0.02,
2026-09-15T21:46:49.699Z,46576,0.02,
2026-09-15T21:46:49.699Z,47158,658300000,
2026-09-15T21:46:49.699Z,80023,1589,
2026-09-15T21:46:49.699Z,80012,365.5,
2026-09-15T21:46:49.699Z,4125,5000000,
2026-09-15T21:46:49.699Z,4182,1012000,
2026-09-15T21:46:49.699Z,77055,90080000,
2026-09-15T21:46:49.699Z,46304,0.01,
2026-09-15T21:46:49.699Z,52739,1010000,
2026-09-15T21:46:49.699Z,17852,2450000,
2026-09-15T21:46:49.699Z,40475,85010000,
2026-09-15T21:46:49.699Z,46416,1000000,
2026-09-15T21:46:49.699Z,15034,31710000,
2026-09-15T21:46:49.699Z,17866,1721,
2026-09-15T21:46:49.699Z,46438,35150000,
2026-09-15T21:46:49.699Z,36369,35850000,
2026-09-15T21:46:49.699Z,47618,1111,
2026-09-15T21:46:49.699Z,46647,0.02,
2026-09-15T21:46:49.699Z,46505,0.02,
2026-09-15T21:46:49.699Z,46645,0.02,
2026-09-15T21:46:49.699Z,61654,100000,
2026-09-15T21:46:49.699Z,46510,0.02,
2026-09-15T21:46:49.699Z,46512,0.02,
2026-09-15T21:46:49.699Z,46506,0.02,
2026-09-15T21:46:49.699Z,46508,0.02,
2026-09-15T21:46:49.699Z,46514,0.02,
2026-09-15T21:46:49.699Z,46516,0.02,
2026-09-15T21:46:49.699Z,44058,0.02,
2026-09-15T21:46:49.699Z,44060,0.02,
2026-09-15T21:46:49.699Z,44048,0.02,
2026-09-15T21:46:49.699Z,44046,0.02,
2026-09-15T21:46:49.699Z,44054,0.02,
2026-09-15T21:46:49.699Z,44056,0.02,
2026-09-15T21:46:49.699Z,44050,0.02,
2026-09-15T21:46:49.699Z,44052,0.02,
2026-09-15T21:46:49.699Z,44004,0.02,
2026-09-15T21:46:49.699Z,44002,0.02,
2026-09-15T21:46:49.699Z,44012,0.02,
2026-09-15T21:46:49.699Z,44010,0.02,
2026-09-15T21:46:49.699Z,44062,0.02,
2026-09-15T21:46:49.699Z,44064,0.02,
2026-09-15T21:46:49.699Z,44014,0.02,
2026-09-15T21:46:49.699Z,44020,0.02,
2026-09-15T21:46:49.699Z,44018,0.02,
2026-09-15T21:46:49.699Z,44022,0.02,
2026-09-15T21:46:49.699Z,44044,0.02,
2026-09-15T21:46:49.699Z,44042,0.02,
2026-09-15T21:46:49.699Z,44008,0.02,
2026-09-15T21:46:49.699Z,36743,1510000,
2026-09-15T21:46:49.699Z,44006,0.02,
2026-09-15T21:46:49.699Z,44028,0.02,
2026-09-15T21:46:49.699Z,44026,0.02,
2026-09-15T21:46:49.699Z,44032,0.02,
2026-09-15T21:46:49.699Z,44030,0.02,
2026-09-15T21:46:49.699Z,44036,0.02,
2026-09-15T21:46:49.699Z,44034,0.02,
2026-09-15T21:46:49.699Z,44040,0.02,
2026-09-15T21:46:49.699Z,44038,0.02,
2026-09-15T21:46:49.699Z,44096,0.02,
2026-09-15T21:46:49.699Z,44094,0.02,
2026-09-15T21:46:49.699Z,44092,0.02,
2026-09-15T21:46:49.699Z,37334,0.02,
2026-09-15T21:46:49.699Z,44088,0.02,
2026-09-15T21:46:49.699Z,44086,0.02,
2026-09-15T21:46:49.699Z,44084,0.02,
2026-09-15T21:46:49.699Z,44082,0.02,
2026-09-15T21:46:49.699Z,44080,0.02,
2026-09-15T21:46:49.699Z,37330,0.02,
2026-09-15T21:46:49.699Z,44078,0.02,
2026-09-15T21:46:49.699Z,37309,0.02,
2026-09-15T21:46:49.699Z,44076,0.02,
2026-09-15T21:46:49.699Z,22547,2000000,
2026-09-15T21:46:49.699Z,44074,0.02,
2026-09-15T21:46:49.699Z,37332,0.02,
2026-09-15T21:46:49.699Z,37338,0.02,
2026-09-15T21:46:49.699Z,49425,888,
2026-09-15T21:46:49.699Z,882,1313,
2026-09-15T21:46:49.699Z,21432,50000,
2026-09-15T21:46:49.699Z,21436,50000,
2026-09-15T21:46:49.699Z,21438,50000,
2026-09-15T21:46:49.699Z,21440,50000,
2026-09-15T21:46:49.699Z,21442,50000,
2026-09-15T21:46:49.699Z,21444,50000,
2026-09-15T21:46:49.699Z,21446,50000,
2026-09-15T21:46:49.699Z,62038,414.2,
2026-09-15T21:46:49.699Z,62035,435.7,
2026-09-15T21:46:49.699Z,28522,189600,
2026-09-15T21:46:49.699Z,52715,0.01,
2026-09-15T21:46:49.699Z,95482,10180000,
2026-09-15T21:46:49.699Z,34044,3800000,
2026-09-15T21:46:49.699Z,34030,3800000,
2026-09-15T21:46:49.699Z,44271,800,
2026-09-15T21:46:49.699Z,79175,0.01,
2026-09-15T21:46:49.699Z,49971,0.01,
2026-09-15T21:46:49.699Z,34417,55100,
2026-09-15T21:46:49.699Z,4126,301000000,
2026-09-15T21:46:49.699Z,36719,1000000,
2026-09-15T21:46:49.699Z,59212,8080000,
2026-09-15T21:46:49.699Z,59241,10000000,
2026-09-15T21:46:49.699Z,34036,3800000,
2026-09-15T21:46:49.699Z,52783,101000000,
2026-09-15T21:46:49.699Z,34037,3800000,
2026-09-15T21:46:49.699Z,49430,466300000,
2026-09-15T21:46:49.699Z,59425,1300,
2026-09-15T21:46:49.699Z,82166,574.5,
2026-09-15T21:46:49.699Z,58792,55000000,
2026-09-15T21:46:49.699Z,37020,60140,
2026-09-15T21:46:49.699Z,37045,60140,
2026-09-15T21:46:49.699Z,9750,120600,
2026-09-15T21:46:49.699Z,81370,220,
2026-09-15T21:46:49.699Z,86180,0.02,
2026-09-15T21:46:49.699Z,53056,2108,
2026-09-15T21:46:49.699Z,41513,122500,
2026-09-15T21:46:49.699Z,43483,10000000,
2026-09-15T21:46:49.699Z,49973,0.01,
2026-09-15T21:46:49.699Z,92669,1191,
2026-09-15T21:46:49.699Z,62858,12000000,
2026-09-15T21:46:49.699Z,56207,3221000000,
2026-09-15T21:46:49.699Z,34026,3800000,
2026-09-15T21:46:49.699Z,34040,3800000,
2026-09-15T21:46:49.699Z,34027,3800000,
2026-09-15T21:46:49.699Z,34041,3800000,
2026-09-15T21:46:49.699Z,33757,111,
2026-09-15T21:46:49.699Z,34034,3800000,
2026-09-15T21:46:49.699Z,34019,100000000,
2026-09-15T21:46:49.699Z,80000,0.01,
2026-09-15T21:46:49.699Z,61655,0.01,
2026-09-15T21:46:49.699Z,62055,0.01,
2026-09-15T21:46:49.699Z,79997,0.01,
2026-09-15T21:46:49.699Z,79996,15020,
2026-09-15T21:46:49.699Z,46744,1000000,
2026-09-15T21:46:49.699Z,36312,42,
2026-09-15T21:46:49.699Z,47230,0.02,
2026-09-15T21:46:49.699Z,47226,0.02,
2026-09-15T21:46:49.699Z,47245,0.02,
2026-09-15T21:46:49.699Z,47233,0.02,
2026-09-15T21:46:49.699Z,47234,0.02,
2026-09-15T21:46:49.699Z,47243,0.02,
2026-09-15T21:46:49.699Z,37859,200.4,
2026-09-15T21:46:49.699Z,1026,10,
2026-09-15T21:46:49.699Z,41600,100,
2026-09-15T21:46:49.699Z,46746,12240000,
2026-09-15T21:46:49.699Z,57182,11000000,
2026-09-15T21:46:49.699Z,94104,1001000,
2026-09-15T21:46:49.699Z,82598,377800,
2026-09-15T21:46:49.699Z,53609,500000,
2026-09-15T21:46:49.699Z,59216,6998000,
2026-09-15T21:46:49.699Z,59210,7249000,
2026-09-15T21:46:49.699Z,59215,8359000,
2026-09-15T21:46:49.699Z,59211,6329000,
2026-09-15T21:46:49.699Z,59423,9410000,
2026-09-15T21:46:49.699Z,37484,37670000,
2026-09-15T21:46:49.699Z,57183,1000,
2026-09-15T21:46:49.699Z,59213,7099000,
2026-09-15T21:46:49.699Z,70798,6342000,
2026-09-15T21:46:49.699Z,37179,101500000,
2026-09-15T21:46:49.699Z,37858,0.05,
2026-09-15T21:46:49.699Z,43705,121000000,
2026-09-15T21:46:49.699Z,33767,25000000,
2026-09-15T21:46:49.699Z,15639,1500000,
2026-09-15T21:46:49.699Z,37273,111100000,
2026-09-15T21:46:49.699Z,46443,119000000,
2026-09-15T21:46:49.699Z,57159,10000000,
2026-09-15T21:46:49.699Z,43908,0.02,
2026-09-15T21:46:49.699Z,31231,0.02,
2026-09-15T21:46:49.699Z,52558,36920000,
2026-09-15T21:46:49.699Z,31206,0.02,
2026-09-15T21:46:49.699Z,31243,0.02,
2026-09-15T21:46:49.699Z,31591,0.02,
2026-09-15T21:46:49.699Z,31603,0.02,
2026-09-15T21:46:49.699Z,31613,0.02,
2026-09-15T21:46:49.699Z,31625,0.02,
2026-09-15T21:46:49.699Z,31637,0.02,
2026-09-15T21:46:49.699Z,31649,0.02,
2026-09-15T21:46:49.699Z,33753,1,
2026-09-15T21:46:49.699Z,31769,0.02,
2026-09-15T21:46:49.699Z,31821,0.02,
2026-09-15T21:46:49.699Z,35914,1269000,
2026-09-15T21:46:49.699Z,36676,55020000,
2026-09-15T21:46:49.699Z,11568,2080000000,
2026-09-15T21:46:49.699Z,1002,526700000,
2026-09-15T21:46:49.699Z,37080,100,
2026-09-15T21:46:49.699Z,50070,1001000,
2026-09-15T21:46:49.699Z,4115,1,
2026-09-15T21:46:49.699Z,81922,0.02,
2026-09-15T21:46:49.699Z,36760,2239000,
2026-09-15T21:46:49.699Z,36761,5278000,
2026-09-15T21:46:49.699Z,36790,9998000,
2026-09-15T21:46:49.699Z,36793,45670000,
2026-09-15T21:46:49.699Z,4108,1,
2026-09-15T21:46:49.699Z,42230,200000,
2026-09-15T21:46:49.699Z,59428,1014000,
2026-09-15T21:46:49.699Z,46300,1657,
2026-09-15T21:46:49.699Z,17269,2500000,
2026-09-15T21:46:49.699Z,14898,6.7,
2026-09-15T21:46:49.699Z,15050,1000000,
2026-09-15T21:46:49.699Z,48174,0.01,
2026-09-15T21:46:49.699Z,53177,0.01,
2026-09-15T21:46:49.699Z,57160,21030000,
2026-09-15T21:46:49.699Z,53638,1000000,
2026-09-15T21:46:49.699Z,85027,800000000,
2026-09-15T21:46:49.699Z,43522,9822000,
2026-09-15T21:46:49.699Z,63699,1000000,
2026-09-15T21:46:49.699Z,37060,0.02,
2026-09-15T21:46:49.699Z,48192,1000000,
