timestamp,type_id,best_buy,best_sell
2026-09-18T00:10:18.017Z,25614,85000,87000
2026-09-18T00:10:18.017Z,52224,3624000,4283000
2026-09-18T00:10:18.017Z,58945,22660000,27700000
2026-09-18T00:10:18.017Z,12038,16600000,16950000
2026-09-18T00:10:18.017Z,12058,1877000,2011000
2026-09-18T00:10:18.017Z,17243,1601,14000
2026-09-18T00:10:18.017Z,62521,20.57,22
2026-09-18T00:10:18.017Z,3651,9,124.5
2026-09-18T00:10:18.017Z,16242,988500,1152000
2026-09-18T00:10:18.017Z,603,102000,102100
2026-09-18T00:10:18.017Z,14033,259500,750300
2026-09-18T00:10:18.017Z,53230,44170000,142600000
2026-09-18T00:10:18.017Z,52921,168500000,220000000
2026-09-18T00:10:18.017Z,17178,4110000,5990000
2026-09-18T00:10:18.017Z,40362,10220000,19290000
2026-09-18T00:10:18.017Z,2389,557.4,564.9
2026-09-18T00:10:18.017Z,17408,1028000,4644000
2026-09-18T00:10:18.017Z,91972,7443000,9985000
2026-09-18T00:10:18.017Z,47730,6007000,6617000
2026-09-18T00:10:18.017Z,3159,538900000,838800000
2026-09-18T00:10:18.017Z,1403,12580,12590
2026-09-18T00:10:18.017Z,3831,443100,464000
2026-09-18T00:10:18.017Z,3888,790300,844200
2026-09-18T00:10:18.017Z,32014,190900,199800
2026-09-18T00:10:18.017Z,40519,460600000,469500000
2026-09-18T00:10:18.017Z,223,9.01,13.35
2026-09-18T00:10:18.017Z,43898,,5004000
2026-09-18T00:10:18.017Z,16652,47810,50830
2026-09-18T00:10:18.017Z,22428,760000000,797700000
2026-09-18T00:10:18.017Z,87572,1368000000,1927000000
2026-09-18T00:10:18.017Z,2396,322.3,337.7
2026-09-18T00:10:18.017Z,85086,406400000,419700000
2026-09-18T00:10:18.017Z,22466,235200000,257000000
2026-09-18T00:10:18.017Z,14090,69530,202000
2026-09-18T00:10:18.017Z,16303,61470,92070
2026-09-18T00:10:18.017Z,60281,201900,222300
2026-09-18T00:10:18.017Z,37,158.2,166.9
2026-09-18T00:10:18.017Z,85515,8425000,15950000
2026-09-18T00:10:18.017Z,2466,285700,302500
2026-09-18T00:10:18.017Z,15904,85810000,151400000
2026-09-18T00:10:18.017Z,17520,63400000,76420000
2026-09-18T00:10:18.017Z,18668,74910000,83400000
2026-09-18T00:10:18.017Z,597,318300,435100
2026-09-18T00:10:18.017Z,49774,25350000,30470000
2026-09-18T00:10:18.017Z,92384,139700000,377900000
2026-09-18T00:10:18.017Z,57459,201300,415000
2026-09-18T00:10:18.017Z,20725,1.41,19.99
2026-09-18T00:10:18.017Z,41294,3031,7333
2026-09-18T00:10:18.017Z,41517,804,15930
2026-09-18T00:10:18.017Z,16375,295300,314000
2026-09-18T00:10:18.017Z,44930,9007000,33960000
2026-09-18T00:10:18.017Z,35661,540500,566000
2026-09-18T00:10:18.017Z,31894,2528000,2984000
2026-09-18T00:10:18.017Z,11557,31340,33680
2026-09-18T00:10:18.017Z,85688,85010000,196000000
2026-09-18T00:10:18.017Z,22122,171700000,198000000
2026-09-18T00:10:18.017Z,60294,354400,422800
2026-09-18T00:10:18.017Z,18676,83550000,91380000
2026-09-18T00:10:18.017Z,46369,95380,203600
2026-09-18T00:10:18.017Z,4348,624600000,659700000
2026-09-18T00:10:18.017Z,3272,233600,30010000
2026-09-18T00:10:18.017Z,1877,680200,737100
2026-09-18T00:10:18.017Z,83299,10000,100000
2026-09-18T00:10:18.017Z,47145,5648000,9299000
2026-09-18T00:10:18.017Z,47366,57530000,120200000
2026-09-18T00:10:18.017Z,97199,17220000,49780000
2026-09-18T00:10:18.017Z,31932,29300000,32240000
2026-09-18T00:10:18.017Z,16644,8113,8235
2026-09-18T00:10:18.017Z,19015,20550000,22630000
2026-09-18T00:10:18.017Z,81083,43530000,47590000
2026-09-18T00:10:18.017Z,19196,287400000,497700000
2026-09-18T00:10:18.017Z,18686,31720000,47850000
2026-09-18T00:10:18.017Z,21081,3305,52750
2026-09-18T00:10:18.017Z,14168,65840000,71590000
2026-09-18T00:10:18.017Z,14172,8557000,13640000
2026-09-18T00:10:18.017Z,41505,66000000,149900000
2026-09-18T00:10:18.017Z,37629,138300000,266600000
2026-09-18T00:10:18.017Z,42834,129,473.6
2026-09-18T00:10:18.017Z,2327,14640,15540
2026-09-18T00:10:18.017Z,49728,5235000,5442000
2026-09-18T00:10:18.017Z,52683,125200,244800000
2026-09-18T00:10:18.017Z,47784,210500,339900
2026-09-18T00:10:18.017Z,639,140000000,150700000
2026-09-18T00:10:18.017Z,47765,14370,23140
2026-09-18T00:10:18.017Z,29047,51000,392700
2026-09-18T00:10:18.017Z,13969,188800000,197400000
2026-09-18T00:10:18.017Z,14003,10720000,12300000
2026-09-18T00:10:18.017Z,56069,6704000,9805000
2026-09-18T00:10:18.017Z,58864,118000,9457000
2026-09-18T00:10:18.017Z,21484,39120000,47360000
2026-09-18T00:10:18.017Z,19051,27450000,30340000
2026-09-18T00:10:18.017Z,55541,3000,88000
2026-09-18T00:10:18.017Z,29101,61420,884200
2026-09-18T00:10:18.017Z,33985,68840000,79000000
2026-09-18T00:10:18.017Z,29990,220800000,235200000
2026-09-18T00:10:18.017Z,2367,115700,121800
2026-09-18T00:10:18.017Z,192,75.63,93
2026-09-18T00:10:18.017Z,47904,49800,57930
2026-09-18T00:10:18.017Z,27383,121.6,220
2026-09-18T00:10:18.017Z,638,140300000,153400000
2026-09-18T00:10:18.017Z,6073,17320,18970
2026-09-18T00:10:18.017Z,57128,815000000,1193000000
2026-09-18T00:10:18.017Z,31962,16360000,21600000
2026-09-18T00:10:18.017Z,18895,188000000,287300000
2026-09-18T00:10:18.017Z,16521,3234,5972
2026-09-18T00:10:18.017Z,20601,790100,2250000
2026-09-18T00:10:18.017Z,2333,400700,643900
2026-09-18T00:10:18.017Z,83709,237000,261300
2026-09-18T00:10:18.017Z,20414,92190,97990
2026-09-18T00:10:18.017Z,4405,828600,869000
2026-09-18T00:10:18.017Z,16663,6024,6417
2026-09-18T00:10:18.017Z,52236,192200000,308000000
2026-09-18T00:10:18.017Z,47631,4101000,34800000
2026-09-18T00:10:18.017Z,7447,416900,477500
2026-09-18T00:10:18.017Z,88001,2800000000,5178000000
2026-09-18T00:10:18.017Z,18853,2738000,7497000
2026-09-18T00:10:18.017Z,53291,147200000,189900000
2026-09-18T00:10:18.017Z,14250,56500000,63670000
2026-09-18T00:10:18.017Z,17868,96.27,96.28
2026-09-18T00:10:18.017Z,45814,100,900000
2026-09-18T00:10:18.017Z,62530,31.57,35.87
2026-09-18T00:10:18.017Z,55831,566100,639800
2026-09-18T00:10:18.017Z,28796,80310000,98180000
2026-09-18T00:10:18.017Z,28606,900600000,1147000000
2026-09-18T00:10:18.017Z,18811,1077000,2300000
2026-09-18T00:10:18.017Z,19045,405600000,431700000
2026-09-18T00:10:18.017Z,34100,1100000,3495000
2026-09-18T00:10:18.017Z,31928,10890000,12870000
2026-09-18T00:10:18.017Z,5599,23730,36830
2026-09-18T00:10:18.017Z,19198,487000000,515200000
2026-09-18T00:10:18.017Z,45485,60060000,322500000
2026-09-18T00:10:18.017Z,47807,14830000,15990000
2026-09-18T00:10:18.017Z,28659,911400000,974500000
2026-09-18T00:10:18.017Z,31372,824000,884100
2026-09-18T00:10:18.017Z,7789,320200,430000
2026-09-18T00:10:18.017Z,25611,105500,114200
2026-09-18T00:10:18.017Z,33734,0.01,350000000
2026-09-18T00:10:18.017Z,203,157.2,157.3
2026-09-18T00:10:18.017Z,22177,35000,40000
2026-09-18T00:10:18.017Z,31045,,377300
2026-09-18T00:10:18.017Z,16678,210,214
2026-09-18T00:10:18.017Z,1405,277400,306400
2026-09-18T00:10:18.017Z,62518,11.32,12.04
2026-09-18T00:10:18.017Z,9491,443700,528100
2026-09-18T00:10:18.017Z,21723,105000,992200
2026-09-18T00:10:18.017Z,30999,1123000,1552000
2026-09-18T00:10:18.017Z,54733,1022000000,1142000000
2026-09-18T00:10:18.017Z,649,2143000,2494000
2026-09-18T00:10:18.017Z,56068,6829000,7898000
2026-09-18T00:10:18.017Z,16274,687,705
2026-09-18T00:10:18.017Z,25597,497.4,662.6
2026-09-18T00:10:18.017Z,47810,456500,762100
2026-09-18T00:10:18.017Z,28209,1382000,1469000
2026-09-18T00:10:18.017Z,26929,50000,68990
2026-09-18T00:10:18.017Z,11387,14190000,14790000
2026-09-18T00:10:18.017Z,47821,12750,149400
2026-09-18T00:10:18.017Z,27916,1201000,1546000
2026-09-18T00:10:18.017Z,53709,405100000,435000000
2026-09-18T00:10:18.017Z,47920,252300,8500000
2026-09-18T00:10:18.017Z,28362,8105,8498
2026-09-18T00:10:18.017Z,47923,57920000,60990000
2026-09-18T00:10:18.017Z,25591,65100,68060
2026-09-18T00:10:18.017Z,16633,369.5,378.5
2026-09-18T00:10:18.017Z,60285,107500,173700
2026-09-18T00:10:18.017Z,17317,49120,56110
2026-09-18T00:10:18.017Z,36336,256800,939900
2026-09-18T00:10:18.017Z,33361,13040,13400
2026-09-18T00:10:18.017Z,24507,341.4,427.8
2026-09-18T00:10:18.017Z,23156,9008000,15910000
2026-09-18T00:10:18.017Z,6441,4900,5499
2026-09-18T00:10:18.017Z,8135,1011,29460
2026-09-18T00:10:18.017Z,34483,78590000,84490000
2026-09-18T00:10:18.017Z,29005,11910,19670
2026-09-18T00:10:18.017Z,62461,152,949
2026-09-18T00:10:18.017Z,76158,279200,9999000
2026-09-18T00:10:18.017Z,8177,1103,1880
2026-09-18T00:10:18.017Z,37612,49970000,57950000
2026-09-18T00:10:18.017Z,16238,524600,574600
2026-09-18T00:10:18.017Z,33842,88040000,95990000
2026-09-18T00:10:18.017Z,31009,210400,295700
2026-09-18T00:10:18.017Z,44102,2990000,4775000
2026-09-18T00:10:18.017Z,56709,121600,238600
2026-09-18T00:10:18.017Z,15967,204100,4976000
2026-09-18T00:10:18.017Z,94160,11610000,12310000
2026-09-18T00:10:18.017Z,31183,959000,998600
2026-09-18T00:10:18.017Z,16635,232.5,254.4
2026-09-18T00:10:18.017Z,34260,99240,332300
2026-09-18T00:10:18.017Z,1824,38,54
2026-09-18T00:10:18.017Z,94142,42000,98810
2026-09-18T00:10:18.017Z,60311,1404000,1694000
2026-09-18T00:10:18.017Z,25599,462.7,529.9
2026-09-18T00:10:18.017Z,31334,121.2,132000
2026-09-18T00:10:18.017Z,12003,118100000,129300000
2026-09-18T00:10:18.017Z,58877,290000,1900000
2026-09-18T00:10:18.017Z,17793,6600000,8446000
2026-09-18T00:10:18.017Z,19047,11100000,22790000
2026-09-18T00:10:18.017Z,25908,1519000,6071000
2026-09-18T00:10:18.017Z,14297,3389000,3889000
2026-09-18T00:10:18.017Z,8521,382800,439300
2026-09-18T00:10:18.017Z,47628,93180000,145700000
2026-09-18T00:10:18.017Z,28694,88600,93660
2026-09-18T00:10:18.017Z,17177,3300000,5489000
2026-09-18T00:10:18.017Z,16497,352000,438800
2026-09-18T00:10:18.017Z,60473,31240000,33790000
2026-09-18T00:10:18.017Z,23140,11220,281400
2026-09-18T00:10:18.017Z,89697,40000,11570000
2026-09-18T00:10:18.017Z,14144,49620000,53920000
2026-09-18T00:10:18.017Z,37864,441200000,972400000
2026-09-18T00:10:18.017Z,57447,878100,998700
2026-09-18T00:10:18.017Z,4054,111800000,283800000
2026-09-18T00:10:18.017Z,3416,200.7,18980
2026-09-18T00:10:18.017Z,41304,81.2,254.3
2026-09-18T00:10:18.017Z,57453,892,939
2026-09-18T00:10:18.017Z,45574,60600000,125000000
2026-09-18T00:10:18.017Z,31680,15020,88330
2026-09-18T00:10:18.017Z,16657,4944,5615
2026-09-18T00:10:18.017Z,18875,58550000,62390000
2026-09-18T00:10:18.017Z,25606,9900,10000
2026-09-18T00:10:18.017Z,55627,300100,3790000
2026-09-18T00:10:18.017Z,35662,511200,559800
2026-09-18T00:10:18.017Z,11327,529100,586800
2026-09-18T00:10:18.017Z,15593,100100,100400
2026-09-18T00:10:18.017Z,2889,474700,527200
2026-09-18T00:10:18.017Z,14299,3515000,3830000
2026-09-18T00:10:18.017Z,31282,12200000,13970000
2026-09-18T00:10:18.017Z,55660,69.73,800000
2026-09-18T00:10:18.017Z,3528,43210,83400
2026-09-18T00:10:18.017Z,11554,48030,48080
2026-09-18T00:10:18.017Z,11343,6138,13700
2026-09-18T00:10:18.017Z,3434,606,5000
2026-09-18T00:10:18.017Z,34349,331000,2900000
2026-09-18T00:10:18.017Z,28203,464700,594300
2026-09-18T00:10:18.017Z,47297,23340000,29180000
2026-09-18T00:10:18.017Z,54914,217700000,898900000
2026-09-18T00:10:18.017Z,12084,8404000,9523000
2026-09-18T00:10:18.017Z,46246,72410000,144000000
2026-09-18T00:10:18.017Z,88133,2251000,3346000
2026-09-18T00:10:18.017Z,25621,64720,71980
2026-09-18T00:10:18.017Z,53853,60010000,60990000
2026-09-18T00:10:18.017Z,3898,25820000,27700000
2026-09-18T00:10:18.017Z,582,135000,149900
2026-09-18T00:10:18.017Z,97198,500600000,1932000000
2026-09-18T00:10:18.017Z,12543,45560,164900
2026-09-18T00:10:18.017Z,31252,5011,188900
2026-09-18T00:10:18.017Z,31738,11180000,73110000
2026-09-18T00:10:18.017Z,33539,402300,458200
2026-09-18T00:10:18.017Z,88676,120000,3427000
2026-09-18T00:10:18.017Z,12528,66330,129900
2026-09-18T00:10:18.017Z,18714,27190,1141000
2026-09-18T00:10:18.017Z,37503,1265000,23000000
2026-09-18T00:10:18.017Z,42718,1000,198300
2026-09-18T00:10:18.017Z,35660,7375,10270
2026-09-18T00:10:18.017Z,20306,86.1,86.99
2026-09-18T00:10:18.017Z,1266,125900,306300
2026-09-18T00:10:18.017Z,20187,1436000000,1548000000
2026-09-18T00:10:18.017Z,25624,1610000,1690000
2026-09-18T00:10:18.017Z,6965,58000,60060
2026-09-18T00:10:18.017Z,96334,85000000,146400000
2026-09-18T00:10:18.017Z,23155,842300,2149000
2026-09-18T00:10:18.017Z,4833,5145,11870
2026-09-18T00:10:18.017Z,21021,11330000,12290000
2026-09-18T00:10:18.017Z,31712,2346000,5465000
2026-09-18T00:10:18.017Z,18825,17040000,35360000
2026-09-18T00:10:18.017Z,23154,10520000,11260000
2026-09-18T00:10:18.017Z,19744,1594000,2229000
2026-09-18T00:10:18.017Z,2867,1826000,1886000
2026-09-18T00:10:18.017Z,34294,21380000,23450000
2026-09-18T00:10:18.017Z,263,68.1,184.2
2026-09-18T00:10:18.017Z,89943,140000,487000
2026-09-18T00:10:18.017Z,31724,2309000,2672000
2026-09-18T00:10:18.017Z,62403,5660,6590
2026-09-18T00:10:18.017Z,19187,62410000,68950000
2026-09-18T00:10:18.017Z,18865,58000000,61940000
2026-09-18T00:10:18.017Z,14104,35120000,45340000
2026-09-18T00:10:18.017Z,15790,24380000,26190000
2026-09-18T00:10:18.017Z,3422,151.7,79000
2026-09-18T00:10:18.017Z,15804,94370000,106400000
2026-09-18T00:10:18.017Z,3033,635300,714700
2026-09-18T00:10:18.017Z,31874,1548000,1673000
2026-09-18T00:10:18.017Z,21013,12670000,13750000
2026-09-18T00:10:18.017Z,41181,54970000,170000000
2026-09-18T00:10:18.017Z,12259,3404000,3732000
2026-09-18T00:10:18.017Z,11993,136500000,145000000
2026-09-18T00:10:18.017Z,13943,128400000,142800000
2026-09-18T00:10:18.017Z,47889,2266000,2597000
2026-09-18T00:10:18.017Z,7829,300700,330000
2026-09-18T00:10:18.017Z,11963,138400000,139900000
2026-09-18T00:10:18.017Z,13891,6128000,22480000
2026-09-18T00:10:18.017Z,54291,115200,177200
2026-09-18T00:10:18.017Z,4200,21850000,85290000
2026-09-18T00:10:18.017Z,31137,1502000,4849000
2026-09-18T00:10:18.017Z,92039,4004000,4499000
2026-09-18T00:10:18.017Z,12765,212.9,295.6
2026-09-18T00:10:18.017Z,53907,55810000,83000000
2026-09-18T00:10:18.017Z,90522,332900,484800
2026-09-18T00:10:18.017Z,25918,4022000,5000000
2026-09-18T00:10:18.017Z,14174,11920000,12730000
2026-09-18T00:10:18.017Z,41054,712500,774100
2026-09-18T00:10:18.017Z,16499,330200,445200
2026-09-18T00:10:18.017Z,28792,164100000,230900000
2026-09-18T00:10:18.017Z,47888,36010,43810
2026-09-18T00:10:18.017Z,10212,16350000,17840000
2026-09-18T00:10:18.017Z,18877,32070000,48950000
2026-09-18T00:10:18.017Z,18789,177700000,199500000
2026-09-18T00:10:18.017Z,15729,43840000,48440000
2026-09-18T00:10:18.017Z,49731,1227000,1300000
2026-09-18T00:10:18.017Z,27071,300600,638200
2026-09-18T00:10:18.017Z,8419,18670,28020
2026-09-18T00:10:18.017Z,57442,70720000,76750000
2026-09-18T00:10:18.017Z,14059,1503000,3016000
2026-09-18T00:10:18.017Z,56077,769400,955500
2026-09-18T00:10:18.017Z,57451,17270000,18670000
2026-09-18T00:10:18.017Z,31228,43040,99900
2026-09-18T00:10:18.017Z,84165,580000,1089000
2026-09-18T00:10:18.017Z,47255,9266,9267
2026-09-18T00:10:18.017Z,10225,16820000,18900000
2026-09-18T00:10:18.017Z,41481,371300,896500
2026-09-18T00:10:18.017Z,9670,12000,12010
2026-09-18T00:10:18.017Z,84170,520000,696500
2026-09-18T00:10:18.017Z,31546,7517000,31750000
2026-09-18T00:10:18.017Z,37294,160100000,182800000
2026-09-18T00:10:18.017Z,31534,13650000,18270000
2026-09-18T00:10:18.017Z,72869,116100000,131500000
2026-09-18T00:10:18.017Z,85233,1004000,7999000
2026-09-18T00:10:18.017Z,12822,177800,206200
2026-09-18T00:10:18.017Z,13952,6396000,12490000
2026-09-18T00:10:18.017Z,31011,1171000,1288000
2026-09-18T00:10:18.017Z,19111,27170000,34500000
2026-09-18T00:10:18.017Z,11463,57.06,1440
2026-09-18T00:10:18.017Z,11739,700.2,245000
2026-09-18T00:10:18.017Z,54786,7300,8791
2026-09-18T00:10:18.017Z,5839,1567000,1693000
2026-09-18T00:10:18.017Z,24519,1409,1499
2026-09-18T00:10:18.017Z,35658,43950,49800
2026-09-18T00:10:18.017Z,28435,362300,463000
2026-09-18T00:10:18.017Z,12068,2910000,3261000
2026-09-18T00:10:18.017Z,17887,589.7,613.6
2026-09-18T00:10:18.017Z,21815,2327000,2592000
2026-09-18T00:10:18.017Z,75278,19.71,26.35
2026-09-18T00:10:18.017Z,32309,386500000,414800000
2026-09-18T00:10:18.017Z,41579,5300000,9000000
2026-09-18T00:10:18.017Z,25608,340900,359000
2026-09-18T00:10:18.017Z,40557,9640000,10930000
2026-09-18T00:10:18.017Z,31944,30010000,32940000
2026-09-18T00:10:18.017Z,3683,435.1,435.2
2026-09-18T00:10:18.017Z,31730,28350,63970
2026-09-18T00:10:18.017Z,88572,121000,250000
2026-09-18T00:10:18.017Z,33852,72080000,80300000
2026-09-18T00:10:18.017Z,15631,1192000,1275000
2026-09-18T00:10:18.017Z,85938,300000,2300000
2026-09-18T00:10:18.017Z,12017,219700000,234700000
2026-09-18T00:10:18.017Z,41217,41740000,47770000
2026-09-18T00:10:18.017Z,57444,82500000,85730000
2026-09-18T00:10:18.017Z,14270,49870000,54470000
2026-09-18T00:10:18.017Z,81066,7219,7375
2026-09-18T00:10:18.017Z,19284,36530000,43970000
2026-09-18T00:10:18.017Z,85748,244300,189000000
2026-09-18T00:10:18.017Z,18772,10110,2206000
2026-09-18T00:10:18.017Z,3244,953500,1055000
2026-09-18T00:10:18.017Z,29616,8009,13040
2026-09-18T00:10:18.017Z,219,6.95,11.8
2026-09-18T00:10:18.017Z,2969,1346000,1492000
2026-09-18T00:10:18.017Z,9608,4200,6419
2026-09-18T00:10:18.017Z,55830,800.5,1000
2026-09-18T00:10:18.017Z,77427,120000,299800
2026-09-18T00:10:18.017Z,86262,67550000,116000000
2026-09-18T00:10:18.017Z,20185,1424000000,1571000000
2026-09-18T00:10:18.017Z,57016,,11000000
2026-09-18T00:10:18.017Z,37304,159200000,179600000
2026-09-18T00:10:18.017Z,30466,384100,593500
2026-09-18T00:10:18.017Z,18760,71000,247500
2026-09-18T00:10:18.017Z,257,19500,21000
2026-09-18T00:10:18.017Z,19175,86740000,100200000
2026-09-18T00:10:18.017Z,32872,949600,1150000
2026-09-18T00:10:18.017Z,3162,315500,418100
2026-09-18T00:10:18.017Z,26412,65510000,67880000
2026-09-18T00:10:18.017Z,13926,45260000,48000000
2026-09-18T00:10:18.017Z,31904,8605000,12510000
2026-09-18T00:10:18.017Z,39,1042,1073
2026-09-18T00:10:18.017Z,16662,6112,14230
2026-09-18T00:10:18.017Z,21922,663.2,750
2026-09-18T00:10:18.017Z,17726,394200000,432900000
2026-09-18T00:10:18.017Z,25604,19840,21400
2026-09-18T00:10:18.017Z,30258,4582,8854
2026-09-18T00:10:18.017Z,47809,9010,134700
2026-09-18T00:10:18.017Z,93071,256200000,746400000
2026-09-18T00:10:18.017Z,14128,6014000,6539000
2026-09-18T00:10:18.017Z,16533,172600,255900
2026-09-18T00:10:18.017Z,52225,26350000,28610000
2026-09-18T00:10:18.017Z,57474,82150000,99740000
2026-09-18T00:10:18.017Z,63863,23000,4923000
2026-09-18T00:10:18.017Z,86260,40010000,54000000
2026-09-18T00:10:18.017Z,42703,11,999600
2026-09-18T00:10:18.017Z,31674,978400,1609000
2026-09-18T00:10:18.017Z,25592,12870,12880
2026-09-18T00:10:18.017Z,20417,85100,96530
2026-09-18T00:10:18.017Z,18861,37900000,45560000
2026-09-18T00:10:18.017Z,12787,153.3,186.6
2026-09-18T00:10:18.017Z,31924,1688000,2261000
2026-09-18T00:10:18.017Z,91128,40000,98990
2026-09-18T00:10:18.017Z,11399,16710,17140
2026-09-18T00:10:18.017Z,88540,220000,1400000
2026-09-18T00:10:18.017Z,17932,54100000,59190000
2026-09-18T00:10:18.017Z,30311,75110,87860
2026-09-18T00:10:18.017Z,89265,120000,999000
2026-09-18T00:10:18.017Z,47774,255200,484700
2026-09-18T00:10:18.017Z,25538,8704000,10890000
2026-09-18T00:10:18.017Z,52244,447600000,616300000
2026-09-18T00:10:18.017Z,2399,818.6,874
2026-09-18T00:10:18.017Z,23132,55300000,62270000
2026-09-18T00:10:18.017Z,17678,518.5,1505
2026-09-18T00:10:18.017Z,1822,31,42
2026-09-18T00:10:18.017Z,9660,20000,28000
2026-09-18T00:10:18.017Z,31280,2957000,3155000
2026-09-18T00:10:18.017Z,6923,49920,49930
2026-09-18T00:10:18.017Z,1537,2651000,6559000
2026-09-18T00:10:18.017Z,41220,56200000,60870000
2026-09-18T00:10:18.017Z,6721,37000,137000
2026-09-18T00:10:18.017Z,24533,424.3,450
2026-09-18T00:10:18.017Z,47843,51900000,79890000
2026-09-18T00:10:18.017Z,31900,37870000,40690000
2026-09-18T00:10:18.017Z,62516,10.06,11.29
2026-09-18T00:10:18.017Z,24488,29.21,69
2026-09-18T00:10:18.017Z,12005,129000000,133100000
2026-09-18T00:10:18.017Z,2929,3701000,4025000
2026-09-18T00:10:18.017Z,17982,1251000,6976000
2026-09-18T00:10:18.017Z,62553,2015,2226
2026-09-18T00:10:18.017Z,12614,35,39.65
2026-09-18T00:10:18.017Z,2398,372.6,390
2026-09-18T00:10:18.017Z,47811,82440,164900
2026-09-18T00:10:18.017Z,3242,57260,80000
2026-09-18T00:10:18.017Z,21888,44140000,47840000
2026-09-18T00:10:18.017Z,28661,837500000,879000000
2026-09-18T00:10:18.017Z,2349,87810,104000
2026-09-18T00:10:18.017Z,30251,217700,229300
2026-09-18T00:10:18.017Z,54394,341800000,375400000
2026-09-18T00:10:18.017Z,18839,7978000,8698000
2026-09-18T00:10:18.017Z,84419,2006,24690
2026-09-18T00:10:18.017Z,464,1211000,2491000
2026-09-18T00:10:18.017Z,25609,1532000,1718000
2026-09-18T00:10:18.017Z,16229,48790000,58700000
2026-09-18T00:10:18.017Z,3542,292600000,317200000
2026-09-18T00:10:18.017Z,17928,88880000,95290000
2026-09-18T00:10:18.017Z,28999,3002,16830
2026-09-18T00:10:18.017Z,16365,340600,361500
2026-09-18T00:10:18.017Z,44157,153100,2100000
2026-09-18T00:10:18.017Z,22977,403.3,612.7
2026-09-18T00:10:18.017Z,59198,101000,319900
2026-09-18T00:10:18.017Z,22544,179200000,192000000
2026-09-18T00:10:18.017Z,602,446100,517500
2026-09-18T00:10:18.017Z,92453,197100000,280000000
2026-09-18T00:10:18.017Z,30310,38500,39940
2026-09-18T00:10:18.017Z,37626,87300000,119400000
2026-09-18T00:10:18.017Z,55832,67700,143900
2026-09-18T00:10:18.017Z,92997,3605000,17600000
2026-09-18T00:10:18.017Z,37797,500100,5249000
2026-09-18T00:10:18.017Z,10246,9070,11530
2026-09-18T00:10:18.017Z,32305,330000000,419800000
2026-09-18T00:10:18.017Z,43919,275500000,425000000
2026-09-18T00:10:18.017Z,11235,13010,700000
2026-09-18T00:10:18.017Z,2281,1612000,1823000
2026-09-18T00:10:18.017Z,4312,17380,17990
2026-09-18T00:10:18.017Z,56074,134200,181000
2026-09-18T00:10:18.017Z,40561,18320000,25470000
2026-09-18T00:10:18.017Z,41510,5202000,2058000000
2026-09-18T00:10:18.017Z,4247,18220,18710
2026-09-18T00:10:18.017Z,47802,26890000,38930000
2026-09-18T00:10:18.017Z,54396,615900000,732600000
2026-09-18T00:10:18.017Z,25617,211200,228000
2026-09-18T00:10:18.017Z,57476,108300,98140000
2026-09-18T00:10:18.017Z,33522,25650000,30520000
2026-09-18T00:10:18.017Z,6963,70000,87970
2026-09-18T00:10:18.017Z,8133,5531,5532
2026-09-18T00:10:18.017Z,62554,1804,2201
2026-09-18T00:10:18.017Z,23055,4226000,5540000
2026-09-18T00:10:18.017Z,20503,280500000,300000000
2026-09-18T00:10:18.017Z,46992,3116000,9997000
2026-09-18T00:10:18.017Z,84083,4103000,48000000
2026-09-18T00:10:18.017Z,42214,541300000,606000000
2026-09-18T00:10:18.017Z,31662,500000,4272000
2026-09-18T00:10:18.017Z,4399,3288000,4629000
2026-09-18T00:10:18.017Z,47323,148400000,238700000
2026-09-18T00:10:18.017Z,31378,11390000,11820000
2026-09-18T00:10:18.017Z,8433,1877000,2071000
2026-09-18T00:10:18.017Z,14136,21450000,22940000
2026-09-18T00:10:18.017Z,2288,1.09,1.11
2026-09-18T00:10:18.017Z,47770,141100,168000
2026-09-18T00:10:18.017Z,18692,40270000,44930000
2026-09-18T00:10:18.017Z,52252,640400000,699000000
2026-09-18T00:10:18.017Z,36437,3000000,13990000
2026-09-18T00:10:18.017Z,27423,1397,1478
2026-09-18T00:10:18.017Z,54392,248400000,273200000
2026-09-18T00:10:18.017Z,17231,25000,25010
2026-09-18T00:10:18.017Z,4529,2418,5988
2026-09-18T00:10:18.017Z,41492,73200000,77420000
2026-09-18T00:10:18.017Z,95556,325200000,468300000
2026-09-18T00:10:18.017Z,91958,4283000,7998000
2026-09-18T00:10:18.017Z,27501,1226,1687
2026-09-18T00:10:18.017Z,236,58,78.97
2026-09-18T00:10:18.017Z,23152,19190000,22900000
2026-09-18T00:10:18.017Z,31959,125800000,171200000
2026-09-18T00:10:18.017Z,222,17.75,19.45
2026-09-18T00:10:18.017Z,230,72.53,82.85
2026-09-18T00:10:18.017Z,34728,1200000,2291000
2026-09-18T00:10:18.017Z,20507,182300000,194900000
2026-09-18T00:10:18.017Z,47902,9360000,10390000
2026-09-18T00:10:18.017Z,83263,10000,98010
2026-09-18T00:10:18.017Z,32874,850000,930000
2026-09-18T00:10:18.017Z,30372,8178,8988
2026-09-18T00:10:18.017Z,3841,857300,890700
2026-09-18T00:10:18.017Z,47906,7450000,8400000
2026-09-18T00:10:18.017Z,28670,1606000,1937000
2026-09-18T00:10:18.017Z,85664,275200000,391900000
2026-09-18T00:10:18.017Z,57488,717000000,736900000
2026-09-18T00:10:18.017Z,83303,10000,375900
2026-09-18T00:10:18.017Z,18819,520500000,622000000
2026-09-18T00:10:18.017Z,12200,10120000,17800000
2026-09-18T00:10:18.017Z,12771,99.17,147.5
2026-09-18T00:10:18.017Z,21638,756100,789900
2026-09-18T00:10:18.017Z,13225,70910,260800
2026-09-18T00:10:18.017Z,19053,24860000,29820000
2026-09-18T00:10:18.017Z,91922,1066000,1630000
2026-09-18T00:10:18.017Z,14061,5710000,6968000
2026-09-18T00:10:18.017Z,5945,537200,565900
2026-09-18T00:10:18.017Z,33138,793700,1781000
2026-09-18T00:10:18.017Z,27429,1460,1555
2026-09-18T00:10:18.017Z,19806,738100,896200
2026-09-18T00:10:18.017Z,94144,100000,383100
2026-09-18T00:10:18.017Z,27471,2200,2586
2026-09-18T00:10:18.017Z,24641,14650000,16960000
2026-09-18T00:10:18.017Z,13263,12860000,14650000
2026-09-18T00:10:18.017Z,19349,59540000,68000000
2026-09-18T00:10:18.017Z,14706,665100000,1322000000
2026-09-18T00:10:18.017Z,22229,5230000,5312000
2026-09-18T00:10:18.017Z,40552,11080000,14800000
2026-09-18T00:10:18.017Z,3725,9866,10810
2026-09-18T00:10:18.017Z,30562,132100,132400
2026-09-18T00:10:18.017Z,16680,830,854.7
2026-09-18T00:10:18.017Z,47825,65740,102800
2026-09-18T00:10:18.017Z,28733,50100000,62500000
2026-09-18T00:10:18.017Z,6176,1400,2598
2026-09-18T00:10:18.017Z,18935,80220000,94880000
2026-09-18T00:10:18.017Z,2488,296300,319500
2026-09-18T00:10:18.017Z,30488,396000,424000
2026-09-18T00:10:18.017Z,55760,776600,854500
2026-09-18T00:10:18.017Z,27127,444400,703900
2026-09-18T00:10:18.017Z,3265,5436000,6297000
2026-09-18T00:10:18.017Z,57443,11510000,12000000
2026-09-18T00:10:18.017Z,24486,46.82,79.99
2026-09-18T00:10:18.017Z,34593,20150000,24930000
2026-09-18T00:10:18.017Z,47911,1709000,1999000
2026-09-18T00:10:18.017Z,25266,2103000,2786000
2026-09-18T00:10:18.017Z,3090,4188000,5317000
2026-09-18T00:10:18.017Z,8863,181100,259800
2026-09-18T00:10:18.017Z,6001,23120,27520
2026-09-18T00:10:18.017Z,27409,730.5,900
2026-09-18T00:10:18.017Z,27427,281.4,556.1
2026-09-18T00:10:18.017Z,15770,38380000,41160000
2026-09-18T00:10:18.017Z,30834,772800,824000
2026-09-18T00:10:18.017Z,31055,1324000,1405000
2026-09-18T00:10:18.017Z,31015,4784000,5134000
2026-09-18T00:10:18.017Z,33892,1237000,2886000
2026-09-18T00:10:18.017Z,31376,3166000,3494000
2026-09-18T00:10:18.017Z,31432,0.01,357700
2026-09-18T00:10:18.017Z,31486,1525000,1878000
2026-09-18T00:10:18.017Z,31478,126.1,98900
2026-09-18T00:10:18.017Z,27441,927.2,1018
2026-09-18T00:10:18.017Z,207,65.18,73.99
2026-09-18T00:10:18.017Z,31117,51100,61000
2026-09-18T00:10:18.017Z,31790,1162000,1203000
2026-09-18T00:10:18.017Z,33180,68280,68290
2026-09-18T00:10:18.017Z,9568,5501,13970
2026-09-18T00:10:18.017Z,19225,2459000,5498000
2026-09-18T00:10:18.017Z,15955,117800000,125100000
2026-09-18T00:10:18.017Z,1565,304100,549300
2026-09-18T00:10:18.017Z,48112,32160,35100
2026-09-18T00:10:18.017Z,45605,35980000,41420000
2026-09-18T00:10:18.017Z,18989,39870000,45140000
2026-09-18T00:10:18.017Z,20010,2115,91000
2026-09-18T00:10:18.017Z,27359,1944,2036
2026-09-18T00:10:18.017Z,28710,903300000,946000000
2026-09-18T00:10:18.017Z,62400,8871,9672
2026-09-18T00:10:18.017Z,35925,50300000,59340000
2026-09-18T00:10:18.017Z,21037,7312000,8129000
2026-09-18T00:10:18.017Z,28672,2452000,2620000
2026-09-18T00:10:18.017Z,18841,736200,1375000
2026-09-18T00:10:18.017Z,3385,102.5,3969
2026-09-18T00:10:18.017Z,18955,58830000,80890000
2026-09-18T00:10:18.017Z,17480,34030000,38620000
2026-09-18T00:10:18.017Z,57121,259000000,337300000
2026-09-18T00:10:18.017Z,92993,8700000,24100000
2026-09-18T00:10:18.017Z,48420,38360,50000
2026-09-18T00:10:18.017Z,89688,10010,800000
2026-09-18T00:10:18.017Z,224,13.09,19.13
2026-09-18T00:10:18.017Z,16537,12140000,14370000
2026-09-18T00:10:18.017Z,40567,1905000,29410000
2026-09-18T00:10:18.017Z,10208,16150000,17870000
2026-09-18T00:10:18.017Z,85004,,892700000
2026-09-18T00:10:18.017Z,27573,61480000,139200000
2026-09-18T00:10:18.017Z,40520,715800000,728200000
2026-09-18T00:10:18.017Z,2897,1216000,1353000
2026-09-18T00:10:18.017Z,28793,238300000,403000000
2026-09-18T00:10:18.017Z,91410,38000000,49970000
2026-09-18T00:10:18.017Z,19339,80010000,88890000
2026-09-18T00:10:18.017Z,3224,527500000,610300000
2026-09-18T00:10:18.017Z,3104,110000,900000
2026-09-18T00:10:18.017Z,50148,184600000,1000000000
2026-09-18T00:10:18.017Z,19927,13080,13090
2026-09-18T00:10:18.017Z,45839,982000,9996000
2026-09-18T00:10:18.017Z,3305,2223,99000
2026-09-18T00:10:18.017Z,20161,802000000,885900000
2026-09-18T00:10:18.017Z,17736,940000000,957800000
2026-09-18T00:10:18.017Z,55551,0.01,98600
2026-09-18T00:10:18.017Z,20415,85800,94650
2026-09-18T00:10:18.017Z,83271,20000,79560
2026-09-18T00:10:18.017Z,15466,3450000,3646000
2026-09-18T00:10:18.017Z,19011,17800000,25250000
2026-09-18T00:10:18.017Z,85539,277200000,538900000
2026-09-18T00:10:18.017Z,11539,36650,42100
2026-09-18T00:10:18.017Z,18793,78340,130700
2026-09-18T00:10:18.017Z,54437,1951000,41650000
2026-09-18T00:10:18.017Z,54400,186300000,203600000
2026-09-18T00:10:18.017Z,2977,622900,645000
2026-09-18T00:10:18.017Z,89953,20000,250800
2026-09-18T00:10:18.017Z,81350,97.72,120.6
2026-09-18T00:10:18.017Z,20741,4044,4676
2026-09-18T00:10:18.017Z,7327,60010,114800
2026-09-18T00:10:18.017Z,18873,74310000,82570000
2026-09-18T00:10:18.017Z,5867,559.4,695.3
2026-09-18T00:10:18.017Z,2364,792400,847500
2026-09-18T00:10:18.017Z,25613,395400,400000
2026-09-18T00:10:18.017Z,47771,6671000,9976000
2026-09-18T00:10:18.017Z,11219,266700,593000
2026-09-18T00:10:18.017Z,14260,45910000,49470000
2026-09-18T00:10:18.017Z,3536,270000000,317900000
2026-09-18T00:10:18.017Z,9646,21070,25000
2026-09-18T00:10:18.017Z,33157,105500000,112900000
2026-09-18T00:10:18.017Z,84405,1293,1428
2026-09-18T00:10:18.017Z,16275,4616,4790
2026-09-18T00:10:18.017Z,19215,10310000,11000000
2026-09-18T00:10:18.017Z,27652,6000000,44290000
2026-09-18T00:10:18.017Z,11370,1813000,1980000
2026-09-18T00:10:18.017Z,62561,5465,6178
2026-09-18T00:10:18.017Z,22464,39850000,40800000
2026-09-18T00:10:18.017Z,3180,512700000,591400000
2026-09-18T00:10:18.017Z,17201,1970,9998
2026-09-18T00:10:18.017Z,23817,41380000,59500000
2026-09-18T00:10:18.017Z,3586,3110,22660
2026-09-18T00:10:18.017Z,6325,2042,10710
2026-09-18T00:10:18.017Z,48656,1499000,279000000
2026-09-18T00:10:18.017Z,89328,15550000,18520000
2026-09-18T00:10:18.017Z,15898,14540000,21070000
2026-09-18T00:10:18.017Z,81143,2041,2181
2026-09-18T00:10:18.017Z,47763,500,2350
2026-09-18T00:10:18.017Z,46004,142200,161700
2026-09-18T00:10:18.017Z,2621,445.1,513.7
2026-09-18T00:10:18.017Z,3082,1154000,1155000
2026-09-18T00:10:18.017Z,55025,60260000,84800000
2026-09-18T00:10:18.017Z,41507,132000000,139100000
2026-09-18T00:10:18.017Z,22456,36300000,39960000
2026-09-18T00:10:18.017Z,14758,,1446000000
2026-09-18T00:10:18.017Z,15154,2127000000,4000000000
2026-09-18T00:10:18.017Z,18939,168900000,178900000
2026-09-18T00:10:18.017Z,81826,614300000,639700000
2026-09-18T00:10:18.017Z,23081,155200,231300
2026-09-18T00:10:18.017Z,19699,19800000,23390000
2026-09-18T00:10:18.017Z,57023,1006000,7989000
2026-09-18T00:10:18.017Z,2317,9045,9297
2026-09-18T00:10:18.017Z,11561,184200,416500
2026-09-18T00:10:18.017Z,87521,38810000,109700000
2026-09-18T00:10:18.017Z,41219,31580000,43990000
2026-09-18T00:10:18.017Z,27559,55550000,294900000
2026-09-18T00:10:18.017Z,3239,545500000,618500000
2026-09-18T00:10:18.017Z,18710,180800000,202300000
2026-09-18T00:10:18.017Z,17245,7000,79000
2026-09-18T00:10:18.017Z,2559,810100,999000
2026-09-18T00:10:18.017Z,19282,101900000,118500000
2026-09-18T00:10:18.017Z,182,9.22,11.6
2026-09-18T00:10:18.017Z,11987,120000000,127900000
2026-09-18T00:10:18.017Z,11736,7000,18110
2026-09-18T00:10:18.017Z,15592,804000,844000
2026-09-18T00:10:18.017Z,27147,8065000,18210000
2026-09-18T00:10:18.017Z,9582,1301,3936
2026-09-18T00:10:18.017Z,85464,2123000,3199000
2026-09-18T00:10:18.017Z,85468,4185000,5449000
2026-09-18T00:10:18.017Z,30744,175000,190100
2026-09-18T00:10:18.017Z,26392,450000,13800000
2026-09-18T00:10:18.017Z,3084,554800000,602200000
2026-09-18T00:10:18.017Z,19207,142500000,156500000
2026-09-18T00:10:18.017Z,31594,19180000,22020000
2026-09-18T00:10:18.017Z,3276,501600000,686500000
2026-09-18T00:10:18.017Z,19554,225700000,328900000
2026-09-18T00:10:18.017Z,77887,28000000,87770000
2026-09-18T00:10:18.017Z,95300,16000000,31790000
2026-09-18T00:10:18.017Z,27335,3819,8984
2026-09-18T00:10:18.017Z,3653,69180,228500
2026-09-18T00:10:18.017Z,10250,626500,699800
2026-09-18T00:10:18.017Z,54769,18620,31590
2026-09-18T00:10:18.017Z,10209,90480000,97700000
2026-09-18T00:10:18.017Z,6160,2501,6486
2026-09-18T00:10:18.017Z,2392,647.2,676.9
2026-09-18T00:10:18.017Z,16656,2026,2222
2026-09-18T00:10:18.017Z,93357,40000,79980
2026-09-18T00:10:18.017Z,91927,3740000,9650000
2026-09-18T00:10:18.017Z,11552,34810,43640
2026-09-18T00:10:18.017Z,26253,150,169800
2026-09-18T00:10:18.017Z,3092,540700000,623800000
2026-09-18T00:10:18.017Z,3356,62.19,3488
2026-09-18T00:10:18.017Z,21791,750.4,5949
2026-09-18T00:10:18.017Z,88657,8200000,14000000
2026-09-18T00:10:18.017Z,2464,4350,5880
2026-09-18T00:10:18.017Z,48416,43540,143300
2026-09-18T00:10:18.017Z,29344,35630000,39500000
2026-09-18T00:10:18.017Z,262,120200,126000
2026-09-18T00:10:18.017Z,83384,140000,1488000
2026-09-18T00:10:18.017Z,31244,879200,1024000
2026-09-18T00:10:18.017Z,81144,5037,5558
2026-09-18T00:10:18.017Z,8535,35120,70000
2026-09-18T00:10:18.017Z,14190,212200000,230000000
2026-09-18T00:10:18.017Z,19191,435500000,450700000
2026-09-18T00:10:18.017Z,14228,6102000,14830000
2026-09-18T00:10:18.017Z,25709,19100,19110
2026-09-18T00:10:18.017Z,14415,200000000,400000000
2026-09-18T00:10:18.017Z,9622,22510,28000
2026-09-18T00:10:18.017Z,2872,1971000,2012000
2026-09-18T00:10:18.017Z,10880,45400,54850
2026-09-18T00:10:18.017Z,10868,8961,8962
2026-09-18T00:10:18.017Z,25590,78620,82490
2026-09-18T00:10:18.017Z,14072,45980000,50380000
2026-09-18T00:10:18.017Z,16236,1046000,1201000
2026-09-18T00:10:18.017Z,19272,2324000,5288000
2026-09-18T00:10:18.017Z,9830,11190,11900
2026-09-18T00:10:18.017Z,19117,51300000,104800000
2026-09-18T00:10:18.017Z,57450,98380000,113800000
2026-09-18T00:10:18.017Z,47892,23430,35360
2026-09-18T00:10:18.017Z,40360,2410000,7149000
2026-09-18T00:10:18.017Z,85391,40230,54950
2026-09-18T00:10:18.017Z,47905,1681000,1892000
2026-09-18T00:10:18.017Z,60462,300000,399800
2026-09-18T00:10:18.017Z,62454,874.7,1090
2026-09-18T00:10:18.017Z,47783,958100,1401000
2026-09-18T00:10:18.017Z,3779,840.2,879.9
2026-09-18T00:10:18.017Z,47791,18090000,21950000
2026-09-18T00:10:18.017Z,18698,390000000,418600000
2026-09-18T00:10:18.017Z,16634,180.5,196.7
2026-09-18T00:10:18.017Z,83467,2197000,2290000
2026-09-18T00:10:18.017Z,50067,9576000000,15890000000
2026-09-18T00:10:18.017Z,45874,,1496000
2026-09-18T00:10:18.017Z,85148,80000,1988000
2026-09-18T00:10:18.017Z,43551,1764000,2050000
2026-09-18T00:10:18.017Z,14116,54280000,58890000
2026-09-18T00:10:18.017Z,92954,18630,24920
2026-09-18T00:10:18.017Z,18973,57110000,70000000
2026-09-18T00:10:18.017Z,3178,543000,575100
2026-09-18T00:10:18.017Z,45884,150200,2495000
2026-09-18T00:10:18.017Z,91133,680000,1349000
2026-09-18T00:10:18.017Z,30252,9301,9999
2026-09-18T00:10:18.017Z,53854,57080000,79920000
2026-09-18T00:10:18.017Z,28780,72310000,84780000
2026-09-18T00:10:18.017Z,23073,11510,290000
2026-09-18T00:10:18.017Z,5051,80230,117400
2026-09-18T00:10:18.017Z,14152,4499000,5788000
2026-09-18T00:10:18.017Z,47780,69920,199700
2026-09-18T00:10:18.017Z,90417,1000000,2263000
2026-09-18T00:10:18.017Z,16696,1227000,3504000
2026-09-18T00:10:18.017Z,3359,1600,100000
2026-09-18T00:10:18.017Z,7783,353400,440500
2026-09-18T00:10:18.017Z,60198,15000000,24010000
2026-09-18T00:10:18.017Z,45999,8434000,9984000
2026-09-18T00:10:18.017Z,4358,58790,88000
2026-09-18T00:10:18.017Z,25625,840800,868900
2026-09-18T00:10:18.017Z,85549,780400000,880300000
2026-09-18T00:10:18.017Z,54227,10000,2694000
2026-09-18T00:10:18.017Z,47805,505600,798100
2026-09-18T00:10:18.017Z,91952,11770000,15800000
2026-09-18T00:10:18.017Z,47799,50150,190700
2026-09-18T00:10:18.017Z,90592,801200,1263000
2026-09-18T00:10:18.017Z,90528,2555000,3981000
2026-09-18T00:10:18.017Z,9842,12010,13140
2026-09-18T00:10:18.017Z,88678,7600000,24000000
2026-09-18T00:10:18.017Z,25530,57880000,89970000
2026-09-18T00:10:18.017Z,17407,200800,7083000
2026-09-18T00:10:18.017Z,21196,1102,9999
2026-09-18T00:10:18.017Z,33330,5209,6446
2026-09-18T00:10:18.017Z,85495,,190900000
2026-09-18T00:10:18.017Z,45875,7136,848500
2026-09-18T00:10:18.017Z,27167,13440000,21560000
2026-09-18T00:10:18.017Z,47914,15320000,20360000
2026-09-18T00:10:18.017Z,60199,20000000,38020000
2026-09-18T00:10:18.017Z,21198,8732,50000
2026-09-18T00:10:18.017Z,47751,18020000,19790000
2026-09-18T00:10:18.017Z,586,412900,540000
2026-09-18T00:10:18.017Z,5439,4105,13190
2026-09-18T00:10:18.017Z,85676,3800000,20000000
2026-09-18T00:10:18.017Z,33470,254700000,279800000
2026-09-18T00:10:18.017Z,5755,186100,219500
2026-09-18T00:10:18.017Z,60240,60810,1499000
2026-09-18T00:10:18.017Z,18682,60060000,76000000
2026-09-18T00:10:18.017Z,31878,2359000,2748000
2026-09-18T00:10:18.017Z,7169,435200,522900
2026-09-18T00:10:18.017Z,33101,1303000,1483000
2026-09-18T00:10:18.017Z,1224,23.25,28
2026-09-18T00:10:18.017Z,45742,24080000,228800000
2026-09-18T00:10:18.017Z,13320,16210,93420
2026-09-18T00:10:18.017Z,20637,73030000,88090000
2026-09-18T00:10:18.017Z,31238,33900,64890
2026-09-18T00:10:18.017Z,79720,680400,1000000
2026-09-18T00:10:18.017Z,2571,1060000,1309000
2026-09-18T00:10:18.017Z,31868,2719000,3987000
2026-09-18T00:10:18.017Z,15671,68910,719800
2026-09-18T00:10:18.017Z,20917,11.19,51.95
2026-09-18T00:10:18.017Z,49435,3804000,7998000
2026-09-18T00:10:18.017Z,2346,79010,87260
2026-09-18T00:10:18.017Z,57123,174800000,211900000
2026-09-18T00:10:18.017Z,56289,1000,68930
2026-09-18T00:10:18.017Z,41489,11090,12070
2026-09-18T00:10:18.017Z,56080,184700,284200
2026-09-18T00:10:18.017Z,44164,400000,1449000
2026-09-18T00:10:18.017Z,32307,381000000,400000000
2026-09-18T00:10:18.017Z,13774,190400,847400
2026-09-18T00:10:18.017Z,34634,124000,220000000
2026-09-18T00:10:18.017Z,13929,60000000,66370000
2026-09-18T00:10:18.017Z,49727,1288000,1580000
2026-09-18T00:10:18.017Z,27252,104600000,119600000
2026-09-18T00:10:18.017Z,31201,50230,88890
2026-09-18T00:10:18.017Z,3687,395.6,743
2026-09-18T00:10:18.017Z,35,16.96,17.59
2026-09-18T00:10:18.017Z,21606,4631000000,5290000000
2026-09-18T00:10:18.017Z,31570,7475000,18580000
2026-09-18T00:10:18.017Z,520,40200,56640
2026-09-18T00:10:18.017Z,31884,2056000,2234000
2026-09-18T00:10:18.017Z,30259,17320,22670
2026-09-18T00:10:18.017Z,17703,8501000,9344000
2026-09-18T00:10:18.017Z,18883,800900000,865800000
2026-09-18T00:10:18.017Z,2603,1910,1911
2026-09-18T00:10:18.017Z,15780,8048000,12160000
2026-09-18T00:10:18.017Z,16671,71.74,77.48
2026-09-18T00:10:18.017Z,16641,6090,6283
2026-09-18T00:10:18.017Z,28334,603.7,665
2026-09-18T00:10:18.017Z,83231,40000,1444000
2026-09-18T00:10:18.017Z,36512,11600000,194600000
2026-09-18T00:10:18.017Z,31213,19580,50000
2026-09-18T00:10:18.017Z,30373,7032,7397
2026-09-18T00:10:18.017Z,10166,10200000,11770000
2026-09-18T00:10:18.017Z,91097,86100000,419900000
2026-09-18T00:10:18.017Z,30013,4307,7900
2026-09-18T00:10:18.017Z,34276,9971000,10360000
2026-09-18T00:10:18.017Z,18708,197800000,219000000
2026-09-18T00:10:18.017Z,56075,222600,525500
2026-09-18T00:10:18.017Z,90316,110000000,140000000
2026-09-18T00:10:18.017Z,57468,154800,353000
2026-09-18T00:10:18.017Z,3777,2081,2600
2026-09-18T00:10:18.017Z,27401,952.1,1043
2026-09-18T00:10:18.017Z,15931,116000000,123500000
2026-09-18T00:10:18.017Z,25595,1901,2099
2026-09-18T00:10:18.017Z,19695,90620000,95000000
2026-09-18T00:10:18.017Z,30375,10890,10920
2026-09-18T00:10:18.017Z,41215,16050000,20990000
2026-09-18T00:10:18.017Z,20416,93510,99950
2026-09-18T00:10:18.017Z,25593,4448,5199
2026-09-18T00:10:18.017Z,17217,18200000,20360000
2026-09-18T00:10:18.017Z,20575,4103000,5640000
2026-09-18T00:10:18.017Z,19269,1395000,2684000
2026-09-18T00:10:18.017Z,23015,2023,2235
2026-09-18T00:10:18.017Z,30376,19510,21250
2026-09-18T00:10:18.017Z,17922,213000000,231000000
2026-09-18T00:10:18.017Z,92965,252300000,359800000
2026-09-18T00:10:18.017Z,62633,70260000,83500000
2026-09-18T00:10:18.017Z,91142,641700,2998000
2026-09-18T00:10:18.017Z,90317,45120000,110000000
2026-09-18T00:10:18.017Z,16008,15100000,16190000
2026-09-18T00:10:18.017Z,25612,616000,619700
2026-09-18T00:10:18.017Z,16679,641,695.8
2026-09-18T00:10:18.017Z,264,67,740
2026-09-18T00:10:18.017Z,34562,50360000,62980000
2026-09-18T00:10:18.017Z,15477,5349000,6020000
2026-09-18T00:10:18.017Z,40556,9362000,11700000
2026-09-18T00:10:18.017Z,73880,3001000,15500000
2026-09-18T00:10:18.017Z,56634,11000,480000
2026-09-18T00:10:18.017Z,2589,141300000,164700000
2026-09-18T00:10:18.017Z,58896,102500,999000
2026-09-18T00:10:18.017Z,62532,90.26,102.9
2026-09-18T00:10:18.017Z,12076,3853000,4347000
2026-09-18T00:10:18.017Z,53706,210000000,222200000
2026-09-18T00:10:18.017Z,31796,16110000,16590000
2026-09-18T00:10:18.017Z,47787,4006000,4793000
2026-09-18T00:10:18.017Z,63868,127800,900000
2026-09-18T00:10:18.017Z,31616,8537000,13680000
2026-09-18T00:10:18.017Z,26420,62820000,77940000
2026-09-18T00:10:18.017Z,81040,734300000,1458000000
2026-09-18T00:10:18.017Z,18943,63130000,66750000
2026-09-18T00:10:18.017Z,5137,3154,5391
2026-09-18T00:10:18.017Z,46120,149000000,1700000000
2026-09-18T00:10:18.017Z,22452,38400000,55170000
2026-09-18T00:10:18.017Z,15510,29710,34480
2026-09-18T00:10:18.017Z,33828,2590000,7593000
2026-09-18T00:10:18.017Z,16373,285400,315200
2026-09-18T00:10:18.017Z,15594,3848000,4039000
2026-09-18T00:10:18.017Z,28665,901700000,944000000
2026-09-18T00:10:18.017Z,47046,0.01,21880000
2026-09-18T00:10:18.017Z,2446,1301000,1420000
2026-09-18T00:10:18.017Z,17200,51230,408500
2026-09-18T00:10:18.017Z,81948,68320000,74890000
2026-09-18T00:10:18.017Z,31177,40290,56570
2026-09-18T00:10:18.017Z,62528,30.52,32.49
2026-09-18T00:10:18.017Z,11192,17230000,18460000
2026-09-18T00:10:18.017Z,11379,19980000,21070000
2026-09-18T00:10:18.017Z,95727,131000000,319100000
2026-09-18T00:10:18.017Z,16383,252700,262000
2026-09-18T00:10:18.017Z,31922,1531000,1925000
2026-09-18T00:10:18.017Z,86149,7014000,13910000
2026-09-18T00:10:18.017Z,84173,5001000,5688000
2026-09-18T00:10:18.017Z,10631,298000,319400
2026-09-18T00:10:18.017Z,185,21.65,27.74
2026-09-18T00:10:18.017Z,42831,125.7,289.7
2026-09-18T00:10:18.017Z,31111,2774000,3046000
2026-09-18T00:10:18.017Z,45787,350000,3074000
2026-09-18T00:10:18.017Z,45825,22110,1989000
2026-09-18T00:10:18.017Z,18779,63110000,111700000
2026-09-18T00:10:18.017Z,15158,9280000000,17980000000
2026-09-18T00:10:18.017Z,56269,1000,73990
2026-09-18T00:10:18.017Z,41195,5000000000,5870000000
2026-09-18T00:10:18.017Z,1447,372200,417000
2026-09-18T00:10:18.017Z,28280,4201000,4697000
2026-09-18T00:10:18.017Z,22548,185200000,197000000
2026-09-18T00:10:18.017Z,33332,11540,13400
2026-09-18T00:10:18.017Z,76290,513900000,895500000
2026-09-18T00:10:18.017Z,13216,15170000,16760000
2026-09-18T00:10:18.017Z,48219,1375000,2242000
2026-09-18T00:10:18.017Z,35656,15810,22200
2026-09-18T00:10:18.017Z,9493,437100,528500
2026-09-18T00:10:18.017Z,31963,5128000,21620000
2026-09-18T00:10:18.017Z,20351,1654000,1814000
2026-09-18T00:10:18.017Z,53362,26310,1014000
2026-09-18T00:10:18.017Z,34362,313500,7685000
2026-09-18T00:10:18.017Z,21935,898.3,1098
2026-09-18T00:10:18.017Z,89670,315000000,852900000
2026-09-18T00:10:18.017Z,74145,89670,4472000
2026-09-18T00:10:18.017Z,36908,21320000,23240000
2026-09-18T00:10:18.017Z,17676,502,1649
2026-09-18T00:10:18.017Z,8517,4608000,5179000
2026-09-18T00:10:18.017Z,2050,335700000,407900000
2026-09-18T00:10:18.017Z,16433,6100,17630
2026-09-18T00:10:18.017Z,16513,18000,19280
2026-09-18T00:10:18.017Z,12304,4127000,6734000
2026-09-18T00:10:18.017Z,63051,14580000,29510000
2026-09-18T00:10:18.017Z,57113,88510000,138900000
2026-09-18T00:10:18.017Z,26448,65590000,75550000
2026-09-18T00:10:18.017Z,31067,33080000,40950000
2026-09-18T00:10:18.017Z,94010,1150000000,1347000000
2026-09-18T00:10:18.017Z,37483,37610000,39160000
2026-09-18T00:10:18.017Z,24427,793600,975000
2026-09-18T00:10:18.017Z,92033,6357000,7435000
2026-09-18T00:10:18.017Z,28434,233700,242900
2026-09-18T00:10:18.017Z,46370,333300,1336000
2026-09-18T00:10:18.017Z,49725,7039000,7613000
2026-09-18T00:10:18.017Z,206,45.02,66.99
2026-09-18T00:10:18.017Z,25602,7168,7416
2026-09-18T00:10:18.017Z,54375,25310000,40680000
2026-09-18T00:10:18.017Z,2563,906300,1494000
2026-09-18T00:10:18.017Z,27419,976.5,1059
2026-09-18T00:10:18.017Z,17893,503900,524900
2026-09-18T00:10:18.017Z,47137,24150000,49920000
2026-09-18T00:10:18.017Z,35835,756000000,839900000
2026-09-18T00:10:18.017Z,9495,469600,528600
2026-09-18T00:10:18.017Z,92461,351000,419800
2026-09-18T00:10:18.017Z,16643,5978,6273
2026-09-18T00:10:18.017Z,91936,2344000,3190000
2026-09-18T00:10:18.017Z,210,11.76,15.41
2026-09-18T00:10:18.017Z,31057,4467000,4674000
2026-09-18T00:10:18.017Z,91960,10430000,18090000
2026-09-18T00:10:18.017Z,54993,82850000,142400000
2026-09-18T00:10:18.017Z,47908,772400,772500
2026-09-18T00:10:18.017Z,64190,200100,1196000
2026-09-18T00:10:18.017Z,13980,1678000,1947000
2026-09-18T00:10:18.017Z,12052,254400,368400
2026-09-18T00:10:18.017Z,62640,202700,1063000
2026-09-18T00:10:18.017Z,1319,275500,303300
2026-09-18T00:10:18.017Z,32925,16370000000,18900000000
2026-09-18T00:10:18.017Z,47831,5095000,6703000
2026-09-18T00:10:18.017Z,21720,8566000,10110000
2026-09-18T00:10:18.017Z,15674,20100,35200
2026-09-18T00:10:18.017Z,29988,215400000,224100000
2026-09-18T00:10:18.017Z,4025,11030,11040
2026-09-18T00:10:18.017Z,21238,370000,2700000
2026-09-18T00:10:18.017Z,57452,11850000,12000000
2026-09-18T00:10:18.017Z,17688,515500,1997000
2026-09-18T00:10:18.017Z,20823,100000,489400
2026-09-18T00:10:18.017Z,20885,18110,475000
2026-09-18T00:10:18.017Z,16683,25050,26250
2026-09-18T00:10:18.017Z,81349,19.55,40.56
2026-09-18T00:10:18.017Z,94008,1502000000,1770000000
2026-09-18T00:10:18.017Z,55561,7583,98600
2026-09-18T00:10:18.017Z,92585,120000,187900
2026-09-18T00:10:18.017Z,19295,65560000,70480000
2026-09-18T00:10:18.017Z,8297,1020,21500
2026-09-18T00:10:18.017Z,18803,2701000,3998000
2026-09-18T00:10:18.017Z,32101,6781000,14780000
2026-09-18T00:10:18.017Z,42832,409.6,500.6
2026-09-18T00:10:18.017Z,11640,384600,502500
2026-09-18T00:10:18.017Z,27405,960.2,1038
2026-09-18T00:10:18.017Z,54309,8900000,29990000
2026-09-18T00:10:18.017Z,13960,52360000,62970000
2026-09-18T00:10:18.017Z,27075,450000,678700
2026-09-18T00:10:18.017Z,42787,1020000,21980000
2026-09-18T00:10:18.017Z,47123,20110000,38100000
2026-09-18T00:10:18.017Z,57730,2705000,10950000
2026-09-18T00:10:18.017Z,9848,79920,81690
2026-09-18T00:10:18.017Z,60676,20240,800000
2026-09-18T00:10:18.017Z,27365,32280,34500
2026-09-18T00:10:18.017Z,82460,20160,951900
2026-09-18T00:10:18.017Z,13968,1000000,1662000
2026-09-18T00:10:18.017Z,95228,110000000,172900000
2026-09-18T00:10:18.017Z,24523,1565,1620
2026-09-18T00:10:18.017Z,484,754.3,12420
2026-09-18T00:10:18.017Z,57388,3206000,96250000
2026-09-18T00:10:18.017Z,90501,206900,458500
2026-09-18T00:10:18.017Z,25598,2786,2996
2026-09-18T00:10:18.017Z,2868,2190000,2341000
2026-09-18T00:10:18.017Z,85758,35050,49500
2026-09-18T00:10:18.017Z,27379,50.01,178
2026-09-18T00:10:18.017Z,84520,6800,149800
2026-09-18T00:10:18.017Z,62379,50540,54990
2026-09-18T00:10:18.017Z,18871,28000000,30140000
2026-09-18T00:10:18.017Z,32103,5001000,27280000
2026-09-18T00:10:18.017Z,15608,1250,2000
2026-09-18T00:10:18.017Z,31460,706800,1169000
2026-09-18T00:10:18.017Z,27447,913.9,999
2026-09-18T00:10:18.017Z,28215,1207000,1341000
2026-09-18T00:10:18.017Z,46871,605300,9997000
2026-09-18T00:10:18.017Z,30614,17630000,21840000
2026-09-18T00:10:18.017Z,19363,4265000,5870000
2026-09-18T00:10:18.017Z,3143,551800000,620000000
2026-09-18T00:10:18.017Z,1820,82,101.7
2026-09-18T00:10:18.017Z,30746,1398000,1434000
2026-09-18T00:10:18.017Z,92037,507700,2993000
2026-09-18T00:10:18.017Z,94155,61030000,109900000
2026-09-18T00:10:18.017Z,15675,39340000,42680000
2026-09-18T00:10:18.017Z,19739,2202000,2291000
2026-09-18T00:10:18.017Z,5973,302700,381900
2026-09-18T00:10:18.017Z,32811,1838000000,2399000000
2026-09-18T00:10:18.017Z,58897,25000,1385000
2026-09-18T00:10:18.017Z,37546,606200,977600
2026-09-18T00:10:18.017Z,22,3692,5299
2026-09-18T00:10:18.017Z,6003,3951,7457
2026-09-18T00:10:18.017Z,3775,12930,13370
2026-09-18T00:10:18.017Z,25603,3248,3577
2026-09-18T00:10:18.017Z,33472,854000000,899600000
2026-09-18T00:10:18.017Z,55672,5000,59000
2026-09-18T00:10:18.017Z,63054,68240000,169600000
2026-09-18T00:10:18.017Z,2516,4.6,12.95
2026-09-18T00:10:18.017Z,26378,,3049000
2026-09-18T00:10:18.017Z,15902,3560000,6797000
2026-09-18T00:10:18.017Z,16638,621.4,693.8
2026-09-18T00:10:18.017Z,32342,14480000,17610000
2026-09-18T00:10:18.017Z,4225,20140000,24990000
2026-09-18T00:10:18.017Z,30753,25180000,29460000
2026-09-18T00:10:18.017Z,4306,54630000,68970000
2026-09-18T00:10:18.017Z,47926,901.9,998.5
2026-09-18T00:10:18.017Z,29620,,11460
2026-09-18T00:10:18.017Z,22975,168.3,514
2026-09-18T00:10:18.017Z,42529,346300,493800
2026-09-18T00:10:18.017Z,3166,41420000,70000000
2026-09-18T00:10:18.017Z,32340,9151000,17410000
2026-09-18T00:10:18.017Z,20183,1780000,1390000000
2026-09-18T00:10:18.017Z,62631,60210000,75840000
2026-09-18T00:10:18.017Z,62559,3926,4497
2026-09-18T00:10:18.017Z,15614,142000,152200
2026-09-18T00:10:18.017Z,14001,10060000,10870000
2026-09-18T00:10:18.017Z,31161,1170000,1236000
2026-09-18T00:10:18.017Z,31872,1135000,1210000
2026-09-18T00:10:18.017Z,91283,138200000,246900000
2026-09-18T00:10:18.017Z,89511,85660000,329300000
2026-09-18T00:10:18.017Z,63241,3683,898100
2026-09-18T00:10:18.017Z,34702,119000,10890000
2026-09-18T00:10:18.017Z,87526,1546000000,1998000000
2026-09-18T00:10:18.017Z,90419,109400000,243500000
2026-09-18T00:10:18.017Z,90411,56350000,64930000
2026-09-18T00:10:18.017Z,75910,260500000,777800000
2026-09-18T00:10:18.017Z,4239,1550,3386000
2026-09-18T00:10:18.017Z,12836,74060,79800
2026-09-18T00:10:18.017Z,33475,8009000,8495000
2026-09-18T00:10:18.017Z,14134,21760000,22830000
2026-09-18T00:10:18.017Z,519,757900,831900
2026-09-18T00:10:18.017Z,20501,110300000,118900000
2026-09-18T00:10:18.017Z,15612,25920,44990
2026-09-18T00:10:18.017Z,11961,130500000,143900000
2026-09-18T00:10:18.017Z,22468,250000000,273000000
2026-09-18T00:10:18.017Z,12209,6020000,9999000
2026-09-18T00:10:18.017Z,23049,1118,2671
2026-09-18T00:10:18.017Z,89954,60000,118000
2026-09-18T00:10:18.017Z,28668,24020,25620
2026-09-18T00:10:18.017Z,53361,766700,3456000
2026-09-18T00:10:18.017Z,60908,266800,3996000
2026-09-18T00:10:18.017Z,47893,161500,190000
2026-09-18T00:10:18.017Z,45851,17010000,44580000
2026-09-18T00:10:18.017Z,94129,10000,154100
2026-09-18T00:10:18.017Z,12620,9.82,9.83
2026-09-18T00:10:18.017Z,62231,2577000000,3420000000
2026-09-18T00:10:18.017Z,1830,155.2,174.5
2026-09-18T00:10:18.017Z,19540,88430000,109700000
2026-09-18T00:10:18.017Z,85396,48000,55920
2026-09-18T00:10:18.017Z,22125,32230000,35950000
2026-09-18T00:10:18.017Z,89698,490000000,649000000
2026-09-18T00:10:18.017Z,37846,6830,11980
2026-09-18T00:10:18.017Z,2873,256800,298100
2026-09-18T00:10:18.017Z,82490,100000,1056000
2026-09-18T00:10:18.017Z,53536,20540000,146900000
2026-09-18T00:10:18.017Z,47890,9384000,9985000
2026-09-18T00:10:18.017Z,19197,535400000,596200000
2026-09-18T00:10:18.017Z,14518,1500000,705000000
2026-09-18T00:10:18.017Z,75279,261.3,329.7
2026-09-18T00:10:18.017Z,12791,140,161.1
2026-09-18T00:10:18.017Z,33199,508700,930300
2026-09-18T00:10:18.017Z,33448,55600,126400
2026-09-18T00:10:18.017Z,41182,191500000,525800000
2026-09-18T00:10:18.017Z,47271,403100000,434000000
2026-09-18T00:10:18.017Z,18945,208800000,238800000
2026-09-18T00:10:18.017Z,20412,91330,97300
2026-09-18T00:10:18.017Z,62398,7600,8699
2026-09-18T00:10:18.017Z,19329,186700000,215200000
2026-09-18T00:10:18.017Z,82484,40000,777800
2026-09-18T00:10:18.017Z,2420,4005000,4178000
2026-09-18T00:10:18.017Z,36909,19540000,22240000
2026-09-18T00:10:18.017Z,14112,22500000,35260000
2026-09-18T00:10:18.017Z,9772,488000,507600
2026-09-18T00:10:18.017Z,31974,10000000,17770000
2026-09-18T00:10:18.017Z,91920,1470000,3797000
2026-09-18T00:10:18.017Z,28752,134500000,142800000
2026-09-18T00:10:18.017Z,90601,20000,74990
2026-09-18T00:10:18.017Z,40,2166,2218
2026-09-18T00:10:18.017Z,30028,39390,47400
2026-09-18T00:10:18.017Z,17924,84160000,96790000
2026-09-18T00:10:18.017Z,60276,27070,57890
2026-09-18T00:10:18.017Z,19213,96100,148800
2026-09-18T00:10:18.017Z,90475,44330000,51000000
2026-09-18T00:10:18.017Z,13815,14040000,19460000
2026-09-18T00:10:18.017Z,9289,180000,232000
2026-09-18T00:10:18.017Z,15723,182100,1179000
2026-09-18T00:10:18.017Z,49741,58310000,61970000
2026-09-18T00:10:18.017Z,1147,5,300000
2026-09-18T00:10:18.017Z,46788,73750,1200000
2026-09-18T00:10:18.017Z,20785,131,1444
2026-09-18T00:10:18.017Z,1944,1053000,2450000
2026-09-18T00:10:18.017Z,2410,1094000,1121000
2026-09-18T00:10:18.017Z,45998,5910000,6384000
2026-09-18T00:10:18.017Z,26374,47070000,54130000
2026-09-18T00:10:18.017Z,19698,110100000,120500000
2026-09-18T00:10:18.017Z,1952,812700,973600
2026-09-18T00:10:18.017Z,46521,5104000,44900000
2026-09-18T00:10:18.017Z,241,505,1298
2026-09-18T00:10:18.017Z,40564,14140000,19490000
2026-09-18T00:10:18.017Z,16002,187600,187700
2026-09-18T00:10:18.017Z,18991,153000000,174200000
2026-09-18T00:10:18.017Z,84086,73640000,126200000
2026-09-18T00:10:18.017Z,60291,121600,199000
2026-09-18T00:10:18.017Z,16447,13960,50000
2026-09-18T00:10:18.017Z,86119,18000000,22010000
2026-09-18T00:10:18.017Z,6635,120200,187600
2026-09-18T00:10:18.017Z,54295,23000,27510
2026-09-18T00:10:18.017Z,16481,3000,61470
2026-09-18T00:10:18.017Z,3540,1757000,1954000
2026-09-18T00:10:18.017Z,25715,958800,1098000
2026-09-18T00:10:18.017Z,448,1174000,1224000
2026-09-18T00:10:18.017Z,54446,10780000,473600000
2026-09-18T00:10:18.017Z,21096,2234000,2575000
2026-09-18T00:10:18.017Z,57075,90000,600000
2026-09-18T00:10:18.017Z,53365,979300,3681000
2026-09-18T00:10:18.017Z,62520,20.11,21
2026-09-18T00:10:18.017Z,23527,394000,414700
2026-09-18T00:10:18.017Z,18987,29840000,33230000
2026-09-18T00:10:18.017Z,8113,15000,18460
2026-09-18T00:10:18.017Z,6296,2664,8136
2026-09-18T00:10:18.017Z,15479,1222000,1345000
2026-09-18T00:10:18.017Z,1153,27070,1000000
2026-09-18T00:10:18.017Z,3820,1010,1991
2026-09-18T00:10:18.017Z,40690,234300000,289900000
2026-09-18T00:10:18.017Z,20064,91800000,118900000
2026-09-18T00:10:18.017Z,21570,655100,1368000
2026-09-18T00:10:18.017Z,15252,2103000,404000000
2026-09-18T00:10:18.017Z,94154,20110000,54350000
2026-09-18T00:10:18.017Z,93832,2501000,2804000
2026-09-18T00:10:18.017Z,18979,201800000,259900000
2026-09-18T00:10:18.017Z,27258,111200000,125700000
2026-09-18T00:10:18.017Z,48576,13810000,18000000
2026-09-18T00:10:18.017Z,2395,798.3,843.2
2026-09-18T00:10:18.017Z,656,2082000,2337000
2026-09-18T00:10:18.017Z,19921,158.5,5000
2026-09-18T00:10:18.017Z,32055,5605,7870000
2026-09-18T00:10:18.017Z,15604,1103000,1215000
2026-09-18T00:10:18.017Z,40350,590600,54900000
2026-09-18T00:10:18.017Z,14296,3505000,3841000
2026-09-18T00:10:18.017Z,19301,32330000,35790000
2026-09-18T00:10:18.017Z,42880,8000000,17850000
2026-09-18T00:10:18.017Z,16673,47.8,50.98
2026-09-18T00:10:18.017Z,55594,0.01,32970
2026-09-18T00:10:18.017Z,21374,1003,4715
2026-09-18T00:10:18.017Z,45903,5032000,10000000
2026-09-18T00:10:18.017Z,48434,1725000,2168000
2026-09-18T00:10:18.017Z,47036,5831000,9990000
2026-09-18T00:10:18.017Z,29043,50200,915100
2026-09-18T00:10:18.017Z,12538,18630,51300
2026-09-18T00:10:18.017Z,54775,25100,27390
2026-09-18T00:10:18.017Z,15150,11050000000,15480000000
2026-09-18T00:10:18.017Z,40664,591700000,699700000
2026-09-18T00:10:18.017Z,17895,3893000,3999000
2026-09-18T00:10:18.017Z,57487,179800000,209200000
2026-09-18T00:10:18.017Z,22895,7991000,12970000
2026-09-18T00:10:18.017Z,21924,429.1,468.8
2026-09-18T00:10:18.017Z,31888,1070000,1251000
2026-09-18T00:10:18.017Z,17207,31310000,35790000
2026-09-18T00:10:18.017Z,60208,41260000,130000000
2026-09-18T00:10:18.017Z,18823,50000000,59570000
2026-09-18T00:10:18.017Z,34828,61040000,63860000
2026-09-18T00:10:18.017Z,33529,2254000000,2892000000
2026-09-18T00:10:18.017Z,15766,31570000,34140000
2026-09-18T00:10:18.017Z,26108,18030,1378000
2026-09-18T00:10:18.017Z,95640,720.1,7000
2026-09-18T00:10:18.017Z,19200,134000000,152100000
2026-09-18T00:10:18.017Z,30271,8300,9694
2026-09-18T00:10:18.017Z,3074,581400,583800
2026-09-18T00:10:18.017Z,31532,2375000,3011000
2026-09-18T00:10:18.017Z,13831,119100,999000
2026-09-18T00:10:18.017Z,3645,455,456.1
2026-09-18T00:10:18.017Z,10680,406800,447700
2026-09-18T00:10:18.017Z,2870,1083000,1114000
2026-09-18T00:10:18.017Z,35794,11480,19150
2026-09-18T00:10:18.017Z,12267,2335000,2573000
2026-09-18T00:10:18.017Z,19325,32460000,35470000
2026-09-18T00:10:18.017Z,2404,777800,799200
2026-09-18T00:10:18.017Z,19223,54710000,58980000
2026-09-18T00:10:18.017Z,55761,3510000,3746000
2026-09-18T00:10:18.017Z,16668,25920,27440
2026-09-18T00:10:18.017Z,12013,198500000,209900000
2026-09-18T00:10:18.017Z,4871,24510,34760
2026-09-18T00:10:18.017Z,13939,68670000,77600000
2026-09-18T00:10:18.017Z,41055,671000,754000
2026-09-18T00:10:18.017Z,9333,345000,340800
2026-09-18T00:10:18.017Z,2352,73810,88990
2026-09-18T00:10:18.017Z,47919,61120000,64700000
2026-09-18T00:10:18.017Z,13937,104300000,114500000
2026-09-18T00:10:18.017Z,7413,70310,70320
2026-09-18T00:10:18.017Z,8583,10820,47710
2026-09-18T00:10:18.017Z,17452,154.1,184.9
2026-09-18T00:10:18.017Z,6485,1247,2805
2026-09-18T00:10:18.017Z,5321,3571,3572
2026-09-18T00:10:18.017Z,228,14.02,45
2026-09-18T00:10:18.017Z,92464,313400,417400
2026-09-18T00:10:18.017Z,5631,2523,13960
2026-09-18T00:10:18.017Z,16423,55240,75340
2026-09-18T00:10:18.017Z,6005,2612,4161
2026-09-18T00:10:18.017Z,15230,,439000000
2026-09-18T00:10:18.017Z,3709,420,420.1
2026-09-18T00:10:18.017Z,56142,24500000,25880000
2026-09-18T00:10:18.017Z,18903,52010000,61410000
2026-09-18T00:10:18.017Z,90651,240100,9979000
2026-09-18T00:10:18.017Z,4403,1517000,1648000
2026-09-18T00:10:18.017Z,53985,2423000,9709000
2026-09-18T00:10:18.017Z,45890,330000,3997000
2026-09-18T00:10:18.017Z,33336,17100,18590
2026-09-18T00:10:18.017Z,61201,100100,273600
2026-09-18T00:10:18.017Z,42749,36020,1000000
2026-09-18T00:10:18.017Z,25270,5000000,17710000
2026-09-18T00:10:18.017Z,10694,150100,249500
2026-09-18T00:10:18.017Z,45743,200000,3289000
2026-09-18T00:10:18.017Z,4435,5054,7168
2026-09-18T00:10:18.017Z,45482,,23240000
2026-09-18T00:10:18.017Z,19317,99480000,135400000
2026-09-18T00:10:18.017Z,90489,1201,1202
2026-09-18T00:10:18.017Z,33561,167200000,184500000
2026-09-18T00:10:18.017Z,83232,20000,215600
2026-09-18T00:10:18.017Z,60475,3258000,3855000
2026-09-18T00:10:18.017Z,23053,1453,1645
2026-09-18T00:10:18.017Z,3828,9811,10450
2026-09-18T00:10:18.017Z,3691,8501,9060
2026-09-18T00:10:18.017Z,95297,45010000,111000000
2026-09-18T00:10:18.017Z,3186,4584000,4900000
2026-09-18T00:10:18.017Z,46914,1973000,14980000
2026-09-18T00:10:18.017Z,24443,720700,890000
2026-09-18T00:10:18.017Z,2254,52100,95990
2026-09-18T00:10:18.017Z,58881,300000,4500000
2026-09-18T00:10:18.017Z,57465,887200,1156000
2026-09-18T00:10:18.017Z,30303,1489,1622
2026-09-18T00:10:18.017Z,5743,1868,99390
2026-09-18T00:10:18.017Z,57463,929400,1175000
2026-09-18T00:10:18.017Z,21350,180.9,1120
2026-09-18T00:10:18.017Z,21356,3.5,45.98
2026-09-18T00:10:18.017Z,3705,59.04,59.05
2026-09-18T00:10:18.017Z,31390,3031000,5048000
2026-09-18T00:10:18.017Z,40526,2850000,47370000
2026-09-18T00:10:18.017Z,593,300300,349000
2026-09-18T00:10:18.017Z,77168,185000000,198900000
2026-09-18T00:10:18.017Z,31876,2011000,2085000
2026-09-18T00:10:18.017Z,35789,5808000,6790000
2026-09-18T00:10:18.017Z,60468,1492000,2087000
2026-09-18T00:10:18.017Z,19023,75100000,82630000
2026-09-18T00:10:18.017Z,23025,2139,2494
2026-09-18T00:10:18.017Z,15661,1036000,1078000
2026-09-18T00:10:18.017Z,10228,14060000,16280000
2026-09-18T00:10:18.017Z,19266,60840000,67500000
2026-09-18T00:10:18.017Z,33140,25370000,30980000
2026-09-18T00:10:18.017Z,41456,296600000,351800000
2026-09-18T00:10:18.017Z,47915,35030000,39690000
2026-09-18T00:10:18.017Z,12011,100900000,107800000
2026-09-18T00:10:18.017Z,1226,230.5,744.9
2026-09-18T00:10:18.017Z,23151,1626,69700
2026-09-18T00:10:18.017Z,22778,80670,88390
2026-09-18T00:10:18.017Z,37566,7408000,91980000
2026-09-18T00:10:18.017Z,12199,2326000,2496000
2026-09-18T00:10:18.017Z,11134,7128,14960
2026-09-18T00:10:18.017Z,3839,51480,83000
2026-09-18T00:10:18.017Z,32787,39290,44950
2026-09-18T00:10:18.017Z,16055,200300,80000000
2026-09-18T00:10:18.017Z,85153,1605000,2699000
2026-09-18T00:10:18.017Z,2869,970300,1035000
2026-09-18T00:10:18.017Z,29266,666000,835800
2026-09-18T00:10:18.017Z,96330,11040000,16940000
2026-09-18T00:10:18.017Z,895,26180,1390000
2026-09-18T00:10:18.017Z,47286,1790000000,2399000000
2026-09-18T00:10:18.017Z,11691,17440,18770
2026-09-18T00:10:18.017Z,55532,1.01,7000
2026-09-18T00:10:18.017Z,62399,4350,4599
2026-09-18T00:10:18.017Z,91949,1814000,2199000
2026-09-18T00:10:18.017Z,55640,1000,2000
2026-09-18T00:10:18.017Z,37625,56280000,64860000
2026-09-18T00:10:18.017Z,33826,25500000,31030000
2026-09-18T00:10:18.017Z,2454,3534,4200
2026-09-18T00:10:18.017Z,53704,121000000,126800000
2026-09-18T00:10:18.017Z,27169,15010000,24760000
2026-09-18T00:10:18.017Z,41032,3750,4662
2026-09-18T00:10:18.017Z,16670,76.03,82.98
2026-09-18T00:10:18.017Z,19179,146200000,154000000
2026-09-18T00:10:18.017Z,17203,132100,649800
2026-09-18T00:10:18.017Z,87524,37300000,100000000
2026-09-18T00:10:18.017Z,14074,18300000,19940000
2026-09-18T00:10:18.017Z,32254,286200000,305600000
2026-09-18T00:10:18.017Z,8759,756800,2988000
2026-09-18T00:10:18.017Z,17436,3141,3142
2026-09-18T00:10:18.017Z,18843,1473000,4731000
2026-09-18T00:10:18.017Z,3544,267900000,397900000
2026-09-18T00:10:18.017Z,377,3960,9900
2026-09-18T00:10:18.017Z,62522,20,22.5
2026-09-18T00:10:18.017Z,18855,,8693000
2026-09-18T00:10:18.017Z,15308,325100,225000000
2026-09-18T00:10:18.017Z,50130,1001,299800
2026-09-18T00:10:18.017Z,24417,864200,946000
2026-09-18T00:10:18.017Z,6865,30020,244600
2026-09-18T00:10:18.017Z,18813,3510000,8773000
2026-09-18T00:10:18.017Z,30474,46310,181300
2026-09-18T00:10:18.017Z,62467,2814,2974
2026-09-18T00:10:18.017Z,23707,5002,6686
2026-09-18T00:10:18.017Z,20563,376900000,420000000
2026-09-18T00:10:18.017Z,47917,23330000,30560000
2026-09-18T00:10:18.017Z,20199,5526000,6851000
2026-09-18T00:10:18.017Z,47133,14080000,29760000
2026-09-18T00:10:18.017Z,34035,22550000,38520000
2026-09-18T00:10:18.017Z,10688,4240,8496
2026-09-18T00:10:18.017Z,49736,500000,4110000
2026-09-18T00:10:18.017Z,31556,0.02,3683000
2026-09-18T00:10:18.017Z,7087,421400,493800
2026-09-18T00:10:18.017Z,34481,45910000,46950000
2026-09-18T00:10:18.017Z,14419,,1495000000
2026-09-18T00:10:18.017Z,47875,93510000,110000000
2026-09-18T00:10:18.017Z,19115,47080000,60000000
2026-09-18T00:10:18.017Z,92038,1172000,2168000
2026-09-18T00:10:18.017Z,81951,873800000,1000000000
2026-09-18T00:10:18.017Z,15768,94720000,106000000
2026-09-18T00:10:18.017Z,9840,12670,13500
2026-09-18T00:10:18.017Z,2393,432.3,432.4
2026-09-18T00:10:18.017Z,84015,20010,88880
2026-09-18T00:10:18.017Z,47741,12790000,14210000
2026-09-18T00:10:18.017Z,22919,14290000,38400000
2026-09-18T00:10:18.017Z,47929,624,798.8
2026-09-18T00:10:18.017Z,3293,10000,35710
2026-09-18T00:10:18.017Z,23896,75780000,106700000
2026-09-18T00:10:18.017Z,16681,3673,3760
2026-09-18T00:10:18.017Z,13919,45930000,52240000
2026-09-18T00:10:18.017Z,9832,10860,11100
2026-09-18T00:10:18.017Z,14471,13350000,11990000000
2026-09-18T00:10:18.017Z,31392,38100,54190000
2026-09-18T00:10:18.017Z,30305,10630,11340
2026-09-18T00:10:18.017Z,20847,2701000,3120000
2026-09-18T00:10:18.017Z,15813,35700000,45470000
2026-09-18T00:10:18.017Z,44154,33000,1470000
2026-09-18T00:10:18.017Z,3561,354500000,433200000
2026-09-18T00:10:18.017Z,31402,2293000,2795000
2026-09-18T00:10:18.017Z,2397,694.6,728.9
2026-09-18T00:10:18.017Z,27179,148000000,167000000
2026-09-18T00:10:18.017Z,31792,27830000,31840000
2026-09-18T00:10:18.017Z,22953,17290000,30000000
2026-09-18T00:10:18.017Z,44933,12870000,70400000
2026-09-18T00:10:18.017Z,28695,40210,56000
2026-09-18T00:10:18.017Z,37565,9020,26990000
2026-09-18T00:10:18.017Z,14210,56590000,60880000
2026-09-18T00:10:18.017Z,34207,3550000,3746000
2026-09-18T00:10:18.017Z,31442,19690,117600
2026-09-18T00:10:18.017Z,16062,63030000,66740000
2026-09-18T00:10:18.017Z,22109,67430000,73940000
2026-09-18T00:10:18.017Z,22112,221000000,233900000
2026-09-18T00:10:18.017Z,13284,412700,674800
2026-09-18T00:10:18.017Z,88527,1000,97980
2026-09-18T00:10:18.017Z,3209,82620000,118300000
2026-09-18T00:10:18.017Z,85470,5729000,10000000
2026-09-18T00:10:18.017Z,19323,134100000,169000000
2026-09-18T00:10:18.017Z,89947,80000,199800
2026-09-18T00:10:18.017Z,11393,22450000,23200000
2026-09-18T00:10:18.017Z,11467,80.11,593
2026-09-18T00:10:18.017Z,42830,302.8,340
2026-09-18T00:10:18.017Z,52254,407300000,472200000
2026-09-18T00:10:18.017Z,27349,155.1,477
2026-09-18T00:10:18.017Z,19285,1800000,2446000
2026-09-18T00:10:18.017Z,15739,21940000,22730000
2026-09-18T00:10:18.017Z,47819,5203000,7879000
2026-09-18T00:10:18.017Z,35657,142100,149400
2026-09-18T00:10:18.017Z,30308,12220,12900
2026-09-18T00:10:18.017Z,14234,13230000,15600000
2026-09-18T00:10:18.017Z,20110,1600000,1793000
2026-09-18T00:10:18.017Z,41196,52480000,56830000
2026-09-18T00:10:18.017Z,54750,770000000,828500000
2026-09-18T00:10:18.017Z,5533,42680,67130
2026-09-18T00:10:18.017Z,6863,902100,1038000
2026-09-18T00:10:18.017Z,24545,32010000,35940000
2026-09-18T00:10:18.017Z,6759,1005,109800
2026-09-18T00:10:18.017Z,47132,10240000,20050000
2026-09-18T00:10:18.017Z,92466,1500000,2649000
2026-09-18T00:10:18.017Z,92036,906000,1685000
2026-09-18T00:10:18.017Z,92040,1815000,2279000
2026-09-18T00:10:18.017Z,92041,1128000,2196000
2026-09-18T00:10:18.017Z,34412,22040000,29850000
2026-09-18T00:10:18.017Z,227,26.92,53
2026-09-18T00:10:18.017Z,9838,10530,11450
2026-09-18T00:10:18.017Z,31187,35470000,53430000
2026-09-18T00:10:18.017Z,25589,594.9,835
2026-09-18T00:10:18.017Z,15458,1600000,2324000
2026-09-18T00:10:18.017Z,62563,5939,6795
2026-09-18T00:10:18.017Z,4112,20500000,74100000
2026-09-18T00:10:18.017Z,47146,6028000,11750000
2026-09-18T00:10:18.017Z,14262,136500000,148500000
2026-09-18T00:10:18.017Z,28576,503000,567500
2026-09-18T00:10:18.017Z,56134,8103,8104
2026-09-18T00:10:18.017Z,12015,135100000,146100000
2026-09-18T00:10:18.017Z,47826,26300000,29210000
2026-09-18T00:10:18.017Z,82960,60010,16540000
2026-09-18T00:10:18.017Z,29107,200000,639700
2026-09-18T00:10:18.017Z,3756,42040000,45740000
2026-09-18T00:10:18.017Z,12529,27380000,32680000
2026-09-18T00:10:18.017Z,45615,35010000,36820000
2026-09-18T00:10:18.017Z,61182,15860000,495000000
2026-09-18T00:10:18.017Z,26028,2653000,6276000
2026-09-18T00:10:18.017Z,19241,101000,787200
2026-09-18T00:10:18.017Z,5281,2078,8799
2026-09-18T00:10:18.017Z,16636,334.9,361.2
2026-09-18T00:10:18.017Z,57112,52320000,100000000
2026-09-18T00:10:18.017Z,12214,1004000,2286000
2026-09-18T00:10:18.017Z,14527,2763000000,9401000000
2026-09-18T00:10:18.017Z,23177,5711000,8445000
2026-09-18T00:10:18.017Z,82386,10000,6997000
2026-09-18T00:10:18.017Z,90733,342.2,379.2
2026-09-18T00:10:18.017Z,78407,131500000,445000000
2026-09-18T00:10:18.017Z,20424,25290,27490
2026-09-18T00:10:18.017Z,574,1720000,1757000
2026-09-18T00:10:18.017Z,16507,91720,221400
2026-09-18T00:10:18.017Z,7085,320000,320100
2026-09-18T00:10:18.017Z,7125,466000,290500
2026-09-18T00:10:18.017Z,85936,140100,7898000
2026-09-18T00:10:18.017Z,13209,41050000,47970000
2026-09-18T00:10:18.017Z,16441,14590,44090
2026-09-18T00:10:18.017Z,1333,109,27490
2026-09-18T00:10:18.017Z,21559,2280000,2987000
2026-09-18T00:10:18.017Z,255,54000,56000
2026-09-18T00:10:18.017Z,4613,18020,49800
2026-09-18T00:10:18.017Z,25601,3767,4098
2026-09-18T00:10:18.017Z,4027,43090,56850
2026-09-18T00:10:18.017Z,2108,38260,68110
2026-09-18T00:10:18.017Z,37459,11740000,16000000
2026-09-18T00:10:18.017Z,86264,50340000,68200000
2026-09-18T00:10:18.017Z,21724,25030,720900
2026-09-18T00:10:18.017Z,20420,88460,97840
2026-09-18T00:10:18.017Z,53152,301600,947100
2026-09-18T00:10:18.017Z,33900,46370000,48160000
2026-09-18T00:10:18.017Z,17728,374400000,400400000
2026-09-18T00:10:18.017Z,49933,,717900000
2026-09-18T00:10:18.017Z,13278,350.2,500000
2026-09-18T00:10:18.017Z,3093,5359000,6483000
2026-09-18T00:10:18.017Z,2876,1983000,2093000
2026-09-18T00:10:18.017Z,47841,20140000,48980000
2026-09-18T00:10:18.017Z,36,49.48,51
2026-09-18T00:10:18.017Z,31328,2951000,3374000
2026-09-18T00:10:18.017Z,21476,68920000,119500000
2026-09-18T00:10:18.017Z,42722,100,666500
2026-09-18T00:10:18.017Z,96331,13430000,27980000
2026-09-18T00:10:18.017Z,13992,8318000,11450000
2026-09-18T00:10:18.017Z,42838,165.2,476
2026-09-18T00:10:18.017Z,29011,12010,12980
2026-09-18T00:10:18.017Z,8427,68670,98800
2026-09-18T00:10:18.017Z,13990,903700,7829000
2026-09-18T00:10:18.017Z,29053,457700,535000
2026-09-18T00:10:18.017Z,31628,17820000,18250000
2026-09-18T00:10:18.017Z,19422,3123000,3299000
2026-09-18T00:10:18.017Z,19410,9205000,9572000
2026-09-18T00:10:18.017Z,19409,5854000,6104000
2026-09-18T00:10:18.017Z,2953,3068000,4288000
2026-09-18T00:10:18.017Z,3504,1365000,1511000
2026-09-18T00:10:18.017Z,19255,60020000,75900000
2026-09-18T00:10:18.017Z,3095,555700000,593400000
2026-09-18T00:10:18.017Z,37848,11220,11720
2026-09-18T00:10:18.017Z,15865,16180000,24870000
2026-09-18T00:10:18.017Z,2328,6804,7000
2026-09-18T00:10:18.017Z,87235,6005000,18570000
2026-09-18T00:10:18.017Z,41469,43130000,52270000
2026-09-18T00:10:18.017Z,11693,17600,19770
2026-09-18T00:10:18.017Z,1436,505300,627700
2026-09-18T00:10:18.017Z,92463,3024000,3275000
2026-09-18T00:10:18.017Z,17619,7206000,7808000
2026-09-18T00:10:18.017Z,14298,3522000,4312000
2026-09-18T00:10:18.017Z,225,26.09,32.49
2026-09-18T00:10:18.017Z,31358,649000,752000
2026-09-18T00:10:18.017Z,43894,82700,174600
2026-09-18T00:10:18.017Z,13974,6401000,8332000
2026-09-18T00:10:18.017Z,19081,4350000,6268000
2026-09-18T00:10:18.017Z,85392,10300,103900
2026-09-18T00:10:18.017Z,19534,13460000,16000000
2026-09-18T00:10:18.017Z,85394,14500,15510
2026-09-18T00:10:18.017Z,14295,3500000,3664000
2026-09-18T00:10:18.017Z,27233,0.01,727400
2026-09-18T00:10:18.017Z,2463,8112,8439
2026-09-18T00:10:18.017Z,46124,7000000,357400000
2026-09-18T00:10:18.017Z,62583,6407,9981
2026-09-18T00:10:18.017Z,26380,4842000,7788000
2026-09-18T00:10:18.017Z,48113,37530000,41380000
2026-09-18T00:10:18.017Z,18889,83600000,101200000
2026-09-18T00:10:18.017Z,92467,330400,419900
2026-09-18T00:10:18.017Z,48509,428100,273900000
2026-09-18T00:10:18.017Z,14236,55210000,62870000
2026-09-18T00:10:18.017Z,25610,2400000,2439000
2026-09-18T00:10:18.017Z,54360,300000000,445200000
2026-09-18T00:10:18.017Z,13954,41780000,50250000
2026-09-18T00:10:18.017Z,42211,129200000,147900000
2026-09-18T00:10:18.017Z,22291,693000,749600
2026-09-18T00:10:18.017Z,34677,57000,16890000
2026-09-18T00:10:18.017Z,56855,3020000,5677000
2026-09-18T00:10:18.017Z,62635,91860000,131700000
2026-09-18T00:10:18.017Z,83221,0.01,39790
2026-09-18T00:10:18.017Z,31979,90070000,184800000
2026-09-18T00:10:18.017Z,648,806500,1034000
2026-09-18T00:10:18.017Z,41320,1191,2180
2026-09-18T00:10:18.017Z,56140,42630000,47430000
2026-09-18T00:10:18.017Z,87784,80000,94780
2026-09-18T00:10:18.017Z,12235,132100000,461400000
2026-09-18T00:10:18.017Z,18827,61500000,73690000
2026-09-18T00:10:18.017Z,18999,28000000,35450000
2026-09-18T00:10:18.017Z,482,655000,736400
2026-09-18T00:10:18.017Z,4033,37670000,63090000
2026-09-18T00:10:18.017Z,30269,8616,11790
2026-09-18T00:10:18.017Z,41528,63720000,74980000
2026-09-18T00:10:18.017Z,45635,141500000,148900000
2026-09-18T00:10:18.017Z,23148,62020,62030
2026-09-18T00:10:18.017Z,12618,21.07,24.51
2026-09-18T00:10:18.017Z,28846,6101000000,6692000000
2026-09-18T00:10:18.017Z,37302,187000000,198900000
2026-09-18T00:10:18.017Z,48386,2352000,6571000
2026-09-18T00:10:18.017Z,34089,305300,2950000
2026-09-18T00:10:18.017Z,7293,5200,37690
2026-09-18T00:10:18.017Z,96335,146500000,172900000
2026-09-18T00:10:18.017Z,45020,161000000,350500000
2026-09-18T00:10:18.017Z,570,97750,155100
2026-09-18T00:10:18.017Z,13957,76130000,87080000
2026-09-18T00:10:18.017Z,17894,750400,844300
2026-09-18T00:10:18.017Z,44947,24040000,53150000
2026-09-18T00:10:18.017Z,25594,80000,81500
2026-09-18T00:10:18.017Z,89610,101200,1998000
2026-09-18T00:10:18.017Z,33571,248,544.9
2026-09-18T00:10:18.017Z,19049,19000000,48090000
2026-09-18T00:10:18.017Z,17181,2357000,5181000
2026-09-18T00:10:18.017Z,60297,152900,288900
2026-09-18T00:10:18.017Z,34606,1324000,21500000
2026-09-18T00:10:18.017Z,13941,117600000,123400000
2026-09-18T00:10:18.017Z,85552,650000000,1243000000
2026-09-18T00:10:18.017Z,57125,312500000,387900000
2026-09-18T00:10:18.017Z,12743,81420000,96710000
2026-09-18T00:10:18.017Z,32047,15880000,16690000
2026-09-18T00:10:18.017Z,48195,46010000,748000000
2026-09-18T00:10:18.017Z,19283,9781000,10970000
2026-09-18T00:10:18.017Z,18941,65170000,73930000
2026-09-18T00:10:18.017Z,16655,3224,4130
2026-09-18T00:10:18.017Z,18768,68150000,78550000
2026-09-18T00:10:18.017Z,13285,181300,328200
2026-09-18T00:10:18.017Z,48121,95000,96750
2026-09-18T00:10:18.017Z,16359,191100,215000
2026-09-18T00:10:18.017Z,23101,355000,457900
2026-09-18T00:10:18.017Z,11957,115600000,134200000
2026-09-18T00:10:18.017Z,54753,852600000,988200000
2026-09-18T00:10:18.017Z,92382,583800000,950000000
2026-09-18T00:10:18.017Z,14204,112000000,128300000
2026-09-18T00:10:18.017Z,55545,33150,1149000
2026-09-18T00:10:18.017Z,2875,1182000,1276000
2026-09-18T00:10:18.017Z,19019,96940000,117000000
2026-09-18T00:10:18.017Z,47830,26060000,27670000
2026-09-18T00:10:18.017Z,47448,311100000,368500000
2026-09-18T00:10:18.017Z,44270,625,698
2026-09-18T00:10:18.017Z,33700,26420000,30000000
2026-09-18T00:10:18.017Z,11965,140200000,151400000
2026-09-18T00:10:18.017Z,2032,463300,518600
2026-09-18T00:10:18.017Z,18951,53350000,73330000
2026-09-18T00:10:18.017Z,34496,3024000,3998000
2026-09-18T00:10:18.017Z,86153,157900000,252900000
2026-09-18T00:10:18.017Z,21418,25.05,1993
2026-09-18T00:10:18.017Z,20509,1315000000,1450000000
2026-09-18T00:10:18.017Z,41267,99250,112000
2026-09-18T00:10:18.017Z,14120,89370000,95370000
2026-09-18T00:10:18.017Z,31726,24180000,30900000
2026-09-18T00:10:18.017Z,36911,37140000,57470000
2026-09-18T00:10:18.017Z,45954,500600,999700
2026-09-18T00:10:18.017Z,37847,9498,12520
2026-09-18T00:10:18.017Z,47139,8809000,10700000
2026-09-18T00:10:18.017Z,17812,7406000,8090000
2026-09-18T00:10:18.017Z,11577,3251000,3555000
2026-09-18T00:10:18.017Z,2881,253900,304700
2026-09-18T00:10:18.017Z,34203,678400,711500
2026-09-18T00:10:18.017Z,24312,420000000,588000000
2026-09-18T00:10:18.017Z,21394,320.9,3391
2026-09-18T00:10:18.017Z,15992,19190,32430
2026-09-18T00:10:18.017Z,90523,14210000,17520000
2026-09-18T00:10:18.017Z,56935,,1100000000
2026-09-18T00:10:18.017Z,13920,61320000,67480000
2026-09-18T00:10:18.017Z,3146,1704000,1852000
2026-09-18T00:10:18.017Z,17634,35600000,36900000
2026-09-18T00:10:18.017Z,84102,306800000,1615000000
2026-09-18T00:10:18.017Z,31584,82220000,299900000
2026-09-18T00:10:18.017Z,35949,35080000,39690000
2026-09-18T00:10:18.017Z,33732,70210000,349900000
2026-09-18T00:10:18.017Z,15905,15750000,34930000
2026-09-18T00:10:18.017Z,21931,421,497
2026-09-18T00:10:18.017Z,88645,8600000,92990000
2026-09-18T00:10:18.017Z,26396,33760000,77410000
2026-09-18T00:10:18.017Z,31059,11020000,12190000
2026-09-18T00:10:18.017Z,28754,171000000,180000000
2026-09-18T00:10:18.017Z,30747,4648000,4830000
2026-09-18T00:10:18.017Z,42695,528.2,647.7
2026-09-18T00:10:18.017Z,49729,20270000,23540000
2026-09-18T00:10:18.017Z,3475,571000000,617400000
2026-09-18T00:10:18.017Z,47028,37240000,40480000
2026-09-18T00:10:18.017Z,36451,28000000,276500000
2026-09-18T00:10:18.017Z,16523,2266,3997
2026-09-18T00:10:18.017Z,23731,7117,9000
2026-09-18T00:10:18.017Z,75907,410000000,1597000000
2026-09-18T00:10:18.017Z,47752,4421000,5321000
2026-09-18T00:10:18.017Z,15881,22320000,28180000
2026-09-18T00:10:18.017Z,17722,242200000,273400000
2026-09-18T00:10:18.017Z,33520,294500,2356000
2026-09-18T00:10:18.017Z,47270,63060000,67790000
2026-09-18T00:10:18.017Z,19219,6384000,6779000
2026-09-18T00:10:18.017Z,42756,307.6,9200000
2026-09-18T00:10:18.017Z,19043,322700000,358000000
2026-09-18T00:10:18.017Z,28363,240700,260500
2026-09-18T00:10:18.017Z,28427,50,2400
2026-09-18T00:10:18.017Z,30024,3912,4390
2026-09-18T00:10:18.017Z,527,754000,818300
2026-09-18T00:10:18.017Z,31125,3065000,3491000
2026-09-18T00:10:18.017Z,1232,4000,4001
2026-09-18T00:10:18.017Z,11365,17140000,19100000
2026-09-18T00:10:18.017Z,17740,764200000,895100000
2026-09-18T00:10:18.017Z,37482,42300000,51700000
2026-09-18T00:10:18.017Z,622,10230000,11180000
2026-09-18T00:10:18.017Z,585,315400,489800
2026-09-18T00:10:18.017Z,11999,141500000,151300000
2026-09-18T00:10:18.017Z,17478,36150000,41270000
2026-09-18T00:10:18.017Z,11176,15540000,16930000
2026-09-18T00:10:18.017Z,11488,112500,976600
2026-09-18T00:10:18.017Z,62556,3505,3903
2026-09-18T00:10:18.017Z,20347,371800,454100
2026-09-18T00:10:18.017Z,22137,408900000,437400000
2026-09-18T00:10:18.017Z,8027,617700,718900
2026-09-18T00:10:18.017Z,60283,374000,419400
2026-09-18T00:10:18.017Z,82438,10020,1265000
2026-09-18T00:10:18.017Z,84109,335300000,2840000000
2026-09-18T00:10:18.017Z,17216,502.5,4000
2026-09-18T00:10:18.017Z,62535,129.3,129.5
2026-09-18T00:10:18.017Z,20955,1256,20000
2026-09-18T00:10:18.017Z,62527,28.03,35.5
2026-09-18T00:10:18.017Z,49710,25120000,27510000
2026-09-18T00:10:18.017Z,33563,123600000,137500000
2026-09-18T00:10:18.017Z,4310,65150000,71620000
2026-09-18T00:10:18.017Z,25600,40980,42000
2026-09-18T00:10:18.017Z,25924,,4558000
2026-09-18T00:10:18.017Z,58898,25000,697900
2026-09-18T00:10:18.017Z,18706,105800000,118900000
2026-09-18T00:10:18.017Z,18981,17330000,27440000
2026-09-18T00:10:18.017Z,31508,10.01,3650000
2026-09-18T00:10:18.017Z,75277,18.31,23.5
2026-09-18T00:10:18.017Z,56139,54300000,59800000
2026-09-18T00:10:18.017Z,34206,301000,310000
2026-09-18T00:10:18.017Z,35833,8458000000,9337000000
2026-09-18T00:10:18.017Z,47030,33180000,68620000
2026-09-18T00:10:18.017Z,44,13490,13970
2026-09-18T00:10:18.017Z,31544,2131000,2855000
2026-09-18T00:10:18.017Z,3240,4531000,5886000
2026-09-18T00:10:18.017Z,56636,8110,39890
2026-09-18T00:10:18.017Z,63144,20000,2000000
2026-09-18T00:10:18.017Z,45661,1636,1978
2026-09-18T00:10:18.017Z,30021,595,711.7
2026-09-18T00:10:18.017Z,84742,500000000,926000000
2026-09-18T00:10:18.017Z,7001,24000,54000
2026-09-18T00:10:18.017Z,27369,36350,56000
2026-09-18T00:10:18.017Z,14067,20390000,23180000
2026-09-18T00:10:18.017Z,19553,182600000,191500000
2026-09-18T00:10:18.017Z,41309,390.7,88990
2026-09-18T00:10:18.017Z,2811,1404,1636
2026-09-18T00:10:18.017Z,19042,258300000,322000000
2026-09-18T00:10:18.017Z,33513,409000000,451100000
2026-09-18T00:10:18.017Z,87324,56710000,69000000
2026-09-18T00:10:18.017Z,60677,67800,836000
2026-09-18T00:10:18.017Z,57457,3474,3547
2026-09-18T00:10:18.017Z,19037,256900000,327700000
2026-09-18T00:10:18.017Z,20423,87990,94900
2026-09-18T00:10:18.017Z,41534,527500000,573600000
2026-09-18T00:10:18.017Z,90591,4213,15070
2026-09-18T00:10:18.017Z,91943,26410000,40000000
2026-09-18T00:10:18.017Z,21890,42570000,46000000
2026-09-18T00:10:18.017Z,54773,33000,40350
2026-09-18T00:10:18.017Z,43756,83030000,100000000
2026-09-18T00:10:18.017Z,4346,852100000,949000000
2026-09-18T00:10:18.017Z,37293,384400000,918600000
2026-09-18T00:10:18.017Z,15742,57560000,88900000
2026-09-18T00:10:18.017Z,34732,1326000,15000000
2026-09-18T00:10:18.017Z,33450,1915000,2216000
2026-09-18T00:10:18.017Z,47748,875100,1219000
2026-09-18T00:10:18.017Z,14154,4074000,4496000
2026-09-18T00:10:18.017Z,22559,42520000,46330000
2026-09-18T00:10:18.017Z,82471,10000,449500
2026-09-18T00:10:18.017Z,34290,3147000,3383000
2026-09-18T00:10:18.017Z,91971,46210000,60670000
2026-09-18T00:10:18.017Z,399,7517,7518
2026-09-18T00:10:18.017Z,81348,7.15,31.39
2026-09-18T00:10:18.017Z,41129,25160000,99890000
2026-09-18T00:10:18.017Z,82470,20000,599000
2026-09-18T00:10:18.017Z,82435,10000,394900
2026-09-18T00:10:18.017Z,11648,1770000,2390000
2026-09-18T00:10:18.017Z,17551,151,359900
2026-09-18T00:10:18.017Z,599,161200,260000
2026-09-18T00:10:18.017Z,94125,20000,99230
2026-09-18T00:10:18.017Z,22460,36520000,39260000
2026-09-18T00:10:18.017Z,57117,86210000,115100000
2026-09-18T00:10:18.017Z,14023,10000,40000
2026-09-18T00:10:18.017Z,9556,2102,7878
2026-09-18T00:10:18.017Z,30486,460800,469800
2026-09-18T00:10:18.017Z,56923,1000000,4500000
2026-09-18T00:10:18.017Z,41200,222100000,234900000
2026-09-18T00:10:18.017Z,25620,17060,18450
2026-09-18T00:10:18.017Z,24521,1296,1404
2026-09-18T00:10:18.017Z,4383,2580000,2550000
2026-09-18T00:10:18.017Z,3689,9983,10290
2026-09-18T00:10:18.017Z,1254,428.8,12410
2026-09-18T00:10:18.017Z,27117,500,726000
2026-09-18T00:10:18.017Z,50133,10.02,599600
2026-09-18T00:10:18.017Z,85145,92000,599300
2026-09-18T00:10:18.017Z,45616,30850000,32970000
2026-09-18T00:10:18.017Z,27187,23340000,26900000
2026-09-18T00:10:18.017Z,11182,15340000,16680000
2026-09-18T00:10:18.017Z,16659,821.1,997.4
2026-09-18T00:10:18.017Z,18937,151900000,175500000
2026-09-18T00:10:18.017Z,28270,434000,448000
2026-09-18T00:10:18.017Z,17482,3023000,3189000
2026-09-18T00:10:18.017Z,83330,10000,149100
2026-09-18T00:10:18.017Z,60287,77800,247100
2026-09-18T00:10:18.017Z,33468,84590000,88590000
2026-09-18T00:10:18.017Z,45626,32950000,35900000
2026-09-18T00:10:18.017Z,19288,13510000,14120000
2026-09-18T00:10:18.017Z,47899,9107000,11680000
2026-09-18T00:10:18.017Z,47897,200000,264800
2026-09-18T00:10:18.017Z,19551,134800000,147800000
2026-09-18T00:10:18.017Z,13956,86360000,119600000
2026-09-18T00:10:18.017Z,627,9214000,11360000
2026-09-18T00:10:18.017Z,31812,15330000,16360000
2026-09-18T00:10:18.017Z,2401,752.2,791
2026-09-18T00:10:18.017Z,62014,40000,519900
2026-09-18T00:10:18.017Z,2456,291100,311600
2026-09-18T00:10:18.017Z,32341,35010000,350000000
2026-09-18T00:10:18.017Z,45623,32580000,35370000
2026-09-18T00:10:18.017Z,87840,625000,1199000
2026-09-18T00:10:18.017Z,85782,1200000,4588000
2026-09-18T00:10:18.017Z,83270,60000,316700
2026-09-18T00:10:18.017Z,19009,48520000,54930000
2026-09-18T00:10:18.017Z,37874,50110,800000
2026-09-18T00:10:18.017Z,15656,90420,113900
2026-09-18T00:10:18.017Z,47903,17840000,19160000
2026-09-18T00:10:18.017Z,28750,135900000,156900000
2026-09-18T00:10:18.017Z,85498,2341000,8990000
2026-09-18T00:10:18.017Z,7747,137100,237000
2026-09-18T00:10:18.017Z,48582,57500000,61840000
2026-09-18T00:10:18.017Z,90418,238100000,399500000
2026-09-18T00:10:18.017Z,90491,8284000,9907000
2026-09-18T00:10:18.017Z,47814,4801000,7975000
2026-09-18T00:10:18.017Z,47772,1578000,1883000
2026-09-18T00:10:18.017Z,32782,1.32,12.84
2026-09-18T00:10:18.017Z,12608,53.24,64.99
2026-09-18T00:10:18.017Z,90459,879200,1089000
2026-09-18T00:10:18.017Z,49724,1870000,2033000
2026-09-18T00:10:18.017Z,47815,329500,985800
2026-09-18T00:10:18.017Z,3703,335,2936
2026-09-18T00:10:18.017Z,47816,437200,713000
2026-09-18T00:10:18.017Z,7831,309700,346600
2026-09-18T00:10:18.017Z,45613,32470000,35960000
2026-09-18T00:10:18.017Z,34430,534500,3987000
2026-09-18T00:10:18.017Z,74149,1002000,14990000
2026-09-18T00:10:18.017Z,83343,100300,2553000
2026-09-18T00:10:18.017Z,16233,46860000,51400000
2026-09-18T00:10:18.017Z,3119,551200000,603800000
2026-09-18T00:10:18.017Z,3140,516900000,609200000
2026-09-18T00:10:18.017Z,14202,8102000,10990000
2026-09-18T00:10:18.017Z,83387,40000,1269000
2026-09-18T00:10:18.017Z,13003,1254000,1327000
2026-09-18T00:10:18.017Z,78790,100000,740000
2026-09-18T00:10:18.017Z,16660,917.3,995
2026-09-18T00:10:18.017Z,28674,2326000,2634000
2026-09-18T00:10:18.017Z,85668,270500000,333000000
2026-09-18T00:10:18.017Z,28646,6285000,6841000
2026-09-18T00:10:18.017Z,60951,42110000,98990000
2026-09-18T00:10:18.017Z,54308,2258000,20000000
2026-09-18T00:10:18.017Z,9413,23110,59100
2026-09-18T00:10:18.017Z,55984,2700000,142800000
2026-09-18T00:10:18.017Z,26428,5015000,12510000
2026-09-18T00:10:18.017Z,22446,264900000,285700000
2026-09-18T00:10:18.017Z,37456,7001000,8427000
2026-09-18T00:10:18.017Z,13261,192900,17130000
2026-09-18T00:10:18.017Z,41332,1229000,1469000
2026-09-18T00:10:18.017Z,34202,1880000,1950000
2026-09-18T00:10:18.017Z,29059,450300,1634000
2026-09-18T00:10:18.017Z,41275,5185,8916
2026-09-18T00:10:18.017Z,62546,667.4,1386
2026-09-18T00:10:18.017Z,41491,42500000,57720000
2026-09-18T00:10:18.017Z,19351,186900000,277400000
2026-09-18T00:10:18.017Z,3205,4035000,4800000
2026-09-18T00:10:18.017Z,85508,1313000,3000000
2026-09-18T00:10:18.017Z,380,180900,228000
2026-09-18T00:10:18.017Z,29015,9039,13170
2026-09-18T00:10:18.017Z,9834,78270,80990
2026-09-18T00:10:18.017Z,56748,90020,115000
2026-09-18T00:10:18.017Z,17681,1000000,37800000
2026-09-18T00:10:18.017Z,37624,62390000,67810000
2026-09-18T00:10:18.017Z,48114,36320000,37880000
2026-09-18T00:10:18.017Z,18957,13570000,35000000
2026-09-18T00:10:18.017Z,57464,1205000,1335000
2026-09-18T00:10:18.017Z,31930,28290000,29720000
2026-09-18T00:10:18.017Z,77400,56140000,170700000
2026-09-18T00:10:18.017Z,17685,1000000,21800000
2026-09-18T00:10:18.017Z,2400,432.3,448
2026-09-18T00:10:18.017Z,20171,88390,92000
2026-09-18T00:10:18.017Z,4347,1187000000,1342000000
2026-09-18T00:10:18.017Z,18961,68070000,88340000
2026-09-18T00:10:18.017Z,87833,60000,460100
2026-09-18T00:10:18.017Z,57478,45760,46980
2026-09-18T00:10:18.017Z,47729,60210,116600
2026-09-18T00:10:18.017Z,90611,157900,944500
2026-09-18T00:10:18.017Z,60474,3201000,3594000
2026-09-18T00:10:18.017Z,27920,1333000,1649000
2026-09-18T00:10:18.017Z,12803,191.5,236.5
2026-09-18T00:10:18.017Z,19017,68180000,75890000
2026-09-18T00:10:18.017Z,184,12.04,24.94
2026-09-18T00:10:18.017Z,5757,180100,210400
2026-09-18T00:10:18.017Z,18953,28910000,38420000
2026-09-18T00:10:18.017Z,96332,8102000,22970000
2026-09-18T00:10:18.017Z,56131,95560,99670
2026-09-18T00:10:18.017Z,53857,116100000,183000000
2026-09-18T00:10:18.017Z,12801,92.02,113
2026-09-18T00:10:18.017Z,8817,3003,9930
2026-09-18T00:10:18.017Z,53035,11730000,48900000
2026-09-18T00:10:18.017Z,85393,40550,52940
2026-09-18T00:10:18.017Z,15965,77160000,85820000
2026-09-18T00:10:18.017Z,16231,50410000,57000000
2026-09-18T00:10:18.017Z,3386,275,13000
2026-09-18T00:10:18.017Z,89607,1066000000,1950000000
2026-09-18T00:10:18.017Z,9944,31200,55960
2026-09-18T00:10:18.017Z,93361,20000,73990
2026-09-18T00:10:18.017Z,77178,34700000,73000000
2026-09-18T00:10:18.017Z,15630,71840,94500
2026-09-18T00:10:18.017Z,1198,65140,88980
2026-09-18T00:10:18.017Z,11259,261600,3483000
2026-09-18T00:10:18.017Z,85509,,22940000
2026-09-18T00:10:18.017Z,54322,11080,1209000
2026-09-18T00:10:18.017Z,45950,189000,6997000
2026-09-18T00:10:18.017Z,30370,4427,4793
2026-09-18T00:10:18.017Z,27245,112400000,118600000
2026-09-18T00:10:18.017Z,48522,3110000000,6699000000
2026-09-18T00:10:18.017Z,3618,107800000,134100000
2026-09-18T00:10:18.017Z,2329,11730,11960
2026-09-18T00:10:18.017Z,91976,14300000,20090000
2026-09-18T00:10:18.017Z,89608,31350,783000
2026-09-18T00:10:18.017Z,78910,3487000,11420000
2026-09-18T00:10:18.017Z,16003,80310000,118700000
2026-09-18T00:10:18.017Z,33393,372000000,400000000
2026-09-18T00:10:18.017Z,57475,93370000,99490000
2026-09-18T00:10:18.017Z,22534,20680000,22550000
2026-09-18T00:10:18.017Z,52636,151100000,699900000
2026-09-18T00:10:18.017Z,33076,10960,17970
2026-09-18T00:10:18.017Z,30309,31700,35050
2026-09-18T00:10:18.017Z,23793,21320000,35770000
2026-09-18T00:10:18.017Z,19321,150200000,175000000
2026-09-18T00:10:18.017Z,24525,1303,1448
2026-09-18T00:10:18.017Z,26310,49570000,56970000
2026-09-18T00:10:18.017Z,1553,179000,541900
2026-09-18T00:10:18.017Z,26004,102000,6463000
2026-09-18T00:10:18.017Z,14258,99620000,123900000
2026-09-18T00:10:18.017Z,28795,580200000,783000000
2026-09-18T00:10:18.017Z,50003,91250000,895000000
2026-09-18T00:10:18.017Z,24529,1185,1366
2026-09-18T00:10:18.017Z,47900,32040,42890
2026-09-18T00:10:18.017Z,20032,1816000,2355000
2026-09-18T00:10:18.017Z,17888,577,611.1
2026-09-18T00:10:18.017Z,1826,185,204
2026-09-18T00:10:18.017Z,267,200,214.9
2026-09-18T00:10:18.017Z,7173,330000,469000
2026-09-18T00:10:18.017Z,13986,2001000,2625000
2026-09-18T00:10:18.017Z,27188,24010000,28000000
2026-09-18T00:10:18.017Z,24535,503.6,584.4
2026-09-18T00:10:18.017Z,9668,470200,497600
2026-09-18T00:10:18.017Z,17212,10240000,13000000
2026-09-18T00:10:18.017Z,8105,545700,593700
2026-09-18T00:10:18.017Z,16048,54240000,87540000
2026-09-18T00:10:18.017Z,12536,874000,874100
2026-09-18T00:10:18.017Z,14065,11800000,13110000
2026-09-18T00:10:18.017Z,11317,309100,343000
2026-09-18T00:10:18.017Z,62536,176.2,177.9
2026-09-18T00:10:18.017Z,2390,546.5,546.7
2026-09-18T00:10:18.017Z,19035,87570000,177000000
2026-09-18T00:10:18.017Z,47037,18090000,23160000
2026-09-18T00:10:18.017Z,9327,364600,750700
2026-09-18T00:10:18.017Z,47932,600.4,877.8
2026-09-18T00:10:18.017Z,60464,9950000,10280000
2026-09-18T00:10:18.017Z,31890,1500000,1634000
2026-09-18T00:10:18.017Z,31051,4586000,4970000
2026-09-18T00:10:18.017Z,43759,41000000,65710000
2026-09-18T00:10:18.017Z,8335,600,8909
2026-09-18T00:10:18.017Z,19119,49610000,54300000
2026-09-18T00:10:18.017Z,35790,1080000,1180000
2026-09-18T00:10:18.017Z,20631,26490000,33970000
2026-09-18T00:10:18.017Z,48436,270900,898000
2026-09-18T00:10:18.017Z,54294,3500,5097
2026-09-18T00:10:18.017Z,1855,672600,913200
2026-09-18T00:10:18.017Z,95412,10000,69990
2026-09-18T00:10:18.017Z,4294,93310000,103000000
2026-09-18T00:10:18.017Z,10165,1500000,3407000
2026-09-18T00:10:18.017Z,14220,27660000,29660000
2026-09-18T00:10:18.017Z,1549,1502,250000
2026-09-18T00:10:18.017Z,41056,725400,750000
2026-09-18T00:10:18.017Z,17244,420900,549700
2026-09-18T00:10:18.017Z,19361,,12690000
2026-09-18T00:10:18.017Z,40349,47760000,51720000
2026-09-18T00:10:18.017Z,41500,327000000,384600000
2026-09-18T00:10:18.017Z,33178,70530,70540
2026-09-18T00:10:18.017Z,62517,11.5,12.1
2026-09-18T00:10:18.017Z,3693,12000,12370
2026-09-18T00:10:18.017Z,57052,2000000,3910000
2026-09-18T00:10:18.017Z,15673,1560000,1628000
2026-09-18T00:10:18.017Z,14266,50690000,50890000
2026-09-18T00:10:18.017Z,24550,393900000,647400000
2026-09-18T00:10:18.017Z,42522,90500000,108000000
2026-09-18T00:10:18.017Z,6173,1090,11990
2026-09-18T00:10:18.017Z,16646,3038,3291
2026-09-18T00:10:18.017Z,4248,5737000,7658000
2026-09-18T00:10:18.017Z,52772,500000,42200000
2026-09-18T00:10:18.017Z,27317,8150,18160
2026-09-18T00:10:18.017Z,46001,111300,125400
2026-09-18T00:10:18.017Z,87787,240000,600000
2026-09-18T00:10:18.017Z,23043,1138,1427
2026-09-18T00:10:18.017Z,2048,343600,354800
2026-09-18T00:10:18.017Z,19944,15120,65210
2026-09-18T00:10:18.017Z,91940,50990000,74430000
2026-09-18T00:10:18.017Z,49770,11000000,12450000
2026-09-18T00:10:18.017Z,34487,100100000,140400000
2026-09-18T00:10:18.017Z,31688,4027000,7080000
2026-09-18T00:10:18.017Z,34489,269500000,296600000
2026-09-18T00:10:18.017Z,48438,220700000,246400000
2026-09-18T00:10:18.017Z,23844,1460000,4900000
2026-09-18T00:10:18.017Z,8903,90460,194900
2026-09-18T00:10:18.017Z,18869,33500000,41780000
2026-09-18T00:10:18.017Z,13782,31920000,53840000
2026-09-18T00:10:18.017Z,31798,332700000,375200000
2026-09-18T00:10:18.017Z,85034,1.01,258900000
2026-09-18T00:10:18.017Z,4349,363700000,395400000
2026-09-18T00:10:18.017Z,47762,9460,15850
2026-09-18T00:10:18.017Z,33816,70000000,74680000
2026-09-18T00:10:18.017Z,47330,192400,213600000
2026-09-18T00:10:18.017Z,15929,117300000,189000000
2026-09-18T00:10:18.017Z,23069,40000000,79900000
2026-09-18T00:10:18.017Z,5340,7114,8800
2026-09-18T00:10:18.017Z,46683,175,208.6
2026-09-18T00:10:18.017Z,89267,320000,577700
2026-09-18T00:10:18.017Z,19276,1673000,3809000
2026-09-18T00:10:18.017Z,5697,158700,216100
2026-09-18T00:10:18.017Z,18805,202600,496200
2026-09-18T00:10:18.017Z,37850,1914000,2255000
2026-09-18T00:10:18.017Z,4393,37210,64820
2026-09-18T00:10:18.017Z,15480,3296000,4171000
2026-09-18T00:10:18.017Z,522,15050000,25500000
2026-09-18T00:10:18.017Z,22571,145200000,162400000
2026-09-18T00:10:18.017Z,16650,50510,54690
2026-09-18T00:10:18.017Z,87525,10040000,600000000
2026-09-18T00:10:18.017Z,54974,30010000,60000000
2026-09-18T00:10:18.017Z,31322,128200,248600
2026-09-18T00:10:18.017Z,10838,40000,125000
2026-09-18T00:10:18.017Z,46006,15110000,16680000
2026-09-18T00:10:18.017Z,13978,2411000,2499000
2026-09-18T00:10:18.017Z,40662,104000000,115000000
2026-09-18T00:10:18.017Z,62402,10370,11190
2026-09-18T00:10:18.017Z,21086,390200,745000
2026-09-18T00:10:18.017Z,37481,38330000,44870000
2026-09-18T00:10:18.017Z,19998,1.02,141
2026-09-18T00:10:18.017Z,25561,5014,22950
2026-09-18T00:10:18.017Z,19038,239000000,277000000
2026-09-18T00:10:18.017Z,91204,2500000,17250000
2026-09-18T00:10:18.017Z,13964,8406000,12750000
2026-09-18T00:10:18.017Z,31131,100000,1718000
2026-09-18T00:10:18.017Z,19700,77060000,101600000
2026-09-18T00:10:18.017Z,3202,1000000,3199000
2026-09-18T00:10:18.017Z,64196,68050000,316900000
2026-09-18T00:10:18.017Z,41518,510.2,14890
2026-09-18T00:10:18.017Z,5723,124700,217900
2026-09-18T00:10:18.017Z,13970,2835000,3714000
2026-09-18T00:10:18.017Z,34280,3353000,3750000
2026-09-18T00:10:18.017Z,15602,604600,660000
2026-09-18T00:10:18.017Z,55637,101.5,101.6
2026-09-18T00:10:18.017Z,4246,16670,17230
2026-09-18T00:10:18.017Z,46381,5826000,6690000
2026-09-18T00:10:18.017Z,20419,90770,92630
2026-09-18T00:10:18.017Z,24644,221500,17480000
2026-09-18T00:10:18.017Z,41062,101600000,125300000
2026-09-18T00:10:18.017Z,92514,265700000,285900000
2026-09-18T00:10:18.017Z,8867,4207,17940
2026-09-18T00:10:18.017Z,1401,8654000,13600000
2026-09-18T00:10:18.017Z,24688,130500000,142000000
2026-09-18T00:10:18.017Z,650,1569000,1750000
2026-09-18T00:10:18.017Z,19003,51180000,59400000
2026-09-18T00:10:18.017Z,73466,11020000,69990000
2026-09-18T00:10:18.017Z,26912,1232000,1460000
2026-09-18T00:10:18.017Z,53461,700.1,998
2026-09-18T00:10:18.017Z,75282,230.2,389
2026-09-18T00:10:18.017Z,13817,17740000,27090000
2026-09-18T00:10:18.017Z,84937,214400000,272500000
2026-09-18T00:10:18.017Z,17448,269.9,498
2026-09-18T00:10:18.017Z,13947,10700000,11640000
2026-09-18T00:10:18.017Z,20443,190100000,259900000
2026-09-18T00:10:18.017Z,11245,23310,149000
2026-09-18T00:10:18.017Z,29007,1206,19940
2026-09-18T00:10:18.017Z,91100,66910000,214000000
2026-09-18T00:10:18.017Z,19286,3330000,3812000
2026-09-18T00:10:18.017Z,22108,25900000,30750000
2026-09-18T00:10:18.017Z,10190,767100,823700
2026-09-18T00:10:18.017Z,63112,14600000,111300000
2026-09-18T00:10:18.017Z,63114,15410000,99250000
2026-09-18T00:10:18.017Z,56278,1000,79990
2026-09-18T00:10:18.017Z,91151,120000000,229000000
2026-09-18T00:10:18.017Z,19109,15040000,18850000
2026-09-18T00:10:18.017Z,41525,58830000,71230000
2026-09-18T00:10:18.017Z,19021,212000000,232900000
2026-09-18T00:10:18.017Z,53901,326100000,433200000
2026-09-18T00:10:18.017Z,17621,3261000,7491000
2026-09-18T00:10:18.017Z,31800,130400,275600
2026-09-18T00:10:18.017Z,27391,303,446.6
2026-09-18T00:10:18.017Z,90563,40000,5490000
2026-09-18T00:10:18.017Z,26060,100500,4790000
2026-09-18T00:10:18.017Z,21721,3675000,4470000
2026-09-18T00:10:18.017Z,78622,65010000,70970000
2026-09-18T00:10:18.017Z,2303,948700,1137000
2026-09-18T00:10:18.017Z,84968,3797000000,5296000000
2026-09-18T00:10:18.017Z,594,91120,114900
2026-09-18T00:10:18.017Z,57471,21560000,22750000
2026-09-18T00:10:18.017Z,94036,,43870000
2026-09-18T00:10:18.017Z,7449,482700,529800
2026-09-18T00:10:18.017Z,41533,266000000,288300000
2026-09-18T00:10:18.017Z,22879,17880000,44900000
2026-09-18T00:10:18.017Z,87900,211000,998800
2026-09-18T00:10:18.017Z,9213,51100,59500
2026-09-18T00:10:18.017Z,41214,27160000,29040000
2026-09-18T00:10:18.017Z,13999,13520000,16940000
2026-09-18T00:10:18.017Z,26759,2500,2252000
2026-09-18T00:10:18.017Z,4292,100400000,105100000
2026-09-18T00:10:18.017Z,20613,8109000,10860000
2026-09-18T00:10:18.017Z,92587,100000,189900
2026-09-18T00:10:18.017Z,7367,81550,179200
2026-09-18T00:10:18.017Z,12753,147800000,159400000
2026-09-18T00:10:18.017Z,58966,1247000,1450000
2026-09-18T00:10:18.017Z,95275,605600000,849600000
2026-09-18T00:10:18.017Z,89616,110500000,160300000
2026-09-18T00:10:18.017Z,18891,68790000,99320000
2026-09-18T00:10:18.017Z,15705,11650000,13920000
2026-09-18T00:10:18.017Z,53983,8533000,9822000
2026-09-18T00:10:18.017Z,47739,4002000,5602000
2026-09-18T00:10:18.017Z,21376,2801,4596
2026-09-18T00:10:18.017Z,14047,9917000,11600000
2026-09-18T00:10:18.017Z,18887,51770000,103900000
2026-09-18T00:10:18.017Z,3358,1000,126000
2026-09-18T00:10:18.017Z,82482,20010,983700
2026-09-18T00:10:18.017Z,31538,222100,335600
2026-09-18T00:10:18.017Z,43818,31050000,86840000
2026-09-18T00:10:18.017Z,90458,110.4,105000
2026-09-18T00:10:18.017Z,92964,7011000,19380000
2026-09-18T00:10:18.017Z,3355,34.11,2400
2026-09-18T00:10:18.017Z,16489,15140,22760
2026-09-18T00:10:18.017Z,82466,100000,593900
2026-09-18T00:10:18.017Z,88481,10010,914400
2026-09-18T00:10:18.017Z,218,8.08,8.09
2026-09-18T00:10:18.017Z,27176,14320000,25450000
2026-09-18T00:10:18.017Z,12049,65280,398000
2026-09-18T00:10:18.017Z,5493,46840,59790
2026-09-18T00:10:18.017Z,88679,60000,191900
2026-09-18T00:10:18.017Z,33527,283700000,319400000
2026-09-18T00:10:18.017Z,189,32.15,34
2026-09-18T00:10:18.017Z,14276,70330,70340
2026-09-18T00:10:18.017Z,266,3.56,5.38
2026-09-18T00:10:18.017Z,82302,240.2,320
2026-09-18T00:10:18.017Z,16305,6010,15880
2026-09-18T00:10:18.017Z,216,6.1,7.49
2026-09-18T00:10:18.017Z,6673,1032,8797
2026-09-18T00:10:18.017Z,93712,4002000,132400000
2026-09-18T00:10:18.017Z,12546,339900,458000
2026-09-18T00:10:18.017Z,44183,25000,1000000
2026-09-18T00:10:18.017Z,28810,218700000,241000000
2026-09-18T00:10:18.017Z,47918,31490000,33740000
2026-09-18T00:10:18.017Z,193,107.5,111.9
2026-09-18T00:10:18.017Z,92969,63040000,69990000
2026-09-18T00:10:18.017Z,21493,18390000,21970000
2026-09-18T00:10:18.017Z,85964,14990000,79980000
2026-09-18T00:10:18.017Z,33681,197700000,198400000
2026-09-18T00:10:18.017Z,55325,0.02,98570
2026-09-18T00:10:18.017Z,25619,1767000,1886000
2026-09-18T00:10:18.017Z,87507,2672000,6937000
2026-09-18T00:10:18.017Z,20,502,539.1
2026-09-18T00:10:18.017Z,16057,50010000,121400000
2026-09-18T00:10:18.017Z,88622,20000,400000
2026-09-18T00:10:18.017Z,33790,37310000,64100000
2026-09-18T00:10:18.017Z,19311,66320000,77800000
2026-09-18T00:10:18.017Z,33780,3065000,19890000
2026-09-18T00:10:18.017Z,29079,1300000,1449000
2026-09-18T00:10:18.017Z,53060,5030000,85530000
2026-09-18T00:10:18.017Z,18923,57690000,66710000
2026-09-18T00:10:18.017Z,18947,248100000,269000000
2026-09-18T00:10:18.017Z,11325,550100,583600
2026-09-18T00:10:18.017Z,13927,9007000,11100000
2026-09-18T00:10:18.017Z,10204,1256000,1811000
2026-09-18T00:10:18.017Z,30618,226600,227400
2026-09-18T00:10:18.017Z,45591,35570000,39170000
2026-09-18T00:10:18.017Z,19181,99370000,117300000
2026-09-18T00:10:18.017Z,54779,40920,49540
2026-09-18T00:10:18.017Z,31079,13180000,14500000
2026-09-18T00:10:18.017Z,28336,452.8,510.9
2026-09-18T00:10:18.017Z,14045,31270000,40370000
2026-09-18T00:10:18.017Z,46003,14070000,16280000
2026-09-18T00:10:18.017Z,21904,628.3,720
2026-09-18T00:10:18.017Z,31782,400000,1064000
2026-09-18T00:10:18.017Z,11129,1.02,14350
2026-09-18T00:10:18.017Z,60916,117100,3455000
2026-09-18T00:10:18.017Z,45737,6086000,166600000
2026-09-18T00:10:18.017Z,45741,20710000,44160000
2026-09-18T00:10:18.017Z,64203,10110000,136900000
2026-09-18T00:10:18.017Z,15632,8608000,8901000
2026-09-18T00:10:18.017Z,53977,52570,64480
2026-09-18T00:10:18.017Z,41212,13070000,15110000
2026-09-18T00:10:18.017Z,24492,72,78.95
2026-09-18T00:10:18.017Z,28578,499500,553100
2026-09-18T00:10:18.017Z,25618,4812,5100
2026-09-18T00:10:18.017Z,19685,111900000,118500000
2026-09-18T00:10:18.017Z,12745,129500000,140600000
2026-09-18T00:10:18.017Z,26224,2546000,8293000
2026-09-18T00:10:18.017Z,53382,127300,18000000
2026-09-18T00:10:18.017Z,11540,36200,37500
2026-09-18T00:10:18.017Z,41059,91170000,102000000
2026-09-18T00:10:18.017Z,40661,42000000,46900000
2026-09-18T00:10:18.017Z,12773,105.4,123.6
2026-09-18T00:10:18.017Z,28201,400100,466400
2026-09-18T00:10:18.017Z,2185,756500,808300
2026-09-18T00:10:18.017Z,12261,205000,882000
2026-09-18T00:10:18.017Z,7489,7665,23920
2026-09-18T00:10:18.017Z,3169,72330000,92000000
2026-09-18T00:10:18.017Z,8905,6000,13430
2026-09-18T00:10:18.017Z,34726,5400000,6888000
2026-09-18T00:10:18.017Z,88681,1000,773000
2026-09-18T00:10:18.017Z,41250,85570000,107700000
2026-09-18T00:10:18.017Z,54376,91170000,179100000
2026-09-18T00:10:18.017Z,14100,39200000,44690000
2026-09-18T00:10:18.017Z,85738,100800000,150000000
2026-09-18T00:10:18.017Z,46684,100.2,141
2026-09-18T00:10:18.017Z,19556,971200000,1188000000
2026-09-18T00:10:18.017Z,19205,148200000,162900000
2026-09-18T00:10:18.017Z,62555,1952,2179
2026-09-18T00:10:18.017Z,19686,110000000,118900000
2026-09-18T00:10:18.017Z,12828,261100,347000
2026-09-18T00:10:18.017Z,28848,6922000000,7033000000
2026-09-18T00:10:18.017Z,45620,32930000,36070000
2026-09-18T00:10:18.017Z,88661,9988000,46960000
2026-09-18T00:10:18.017Z,92581,580000,2500000
2026-09-18T00:10:18.017Z,17235,7855,47010
2026-09-18T00:10:18.017Z,55326,10,500
2026-09-18T00:10:18.017Z,49711,130100000,144300000
2026-09-18T00:10:18.017Z,49771,4413000,6499000
2026-09-18T00:10:18.017Z,85675,1550000,15930000
2026-09-18T00:10:18.017Z,85698,311200000,598800000
2026-09-18T00:10:18.017Z,33943,149200000,180100000
2026-09-18T00:10:18.017Z,15164,258500,227900000
2026-09-18T00:10:18.017Z,15764,88860000,96780000
2026-09-18T00:10:18.017Z,88716,97720000,127300000
2026-09-18T00:10:18.017Z,33283,71930000,471700000
2026-09-18T00:10:18.017Z,17238,75090,170000
2026-09-18T00:10:18.017Z,62567,2821,3821
2026-09-18T00:10:18.017Z,13998,89260000,105800000
2026-09-18T00:10:18.017Z,61189,95030000,148800000
2026-09-18T00:10:18.017Z,23902,27480000,62440000
2026-09-18T00:10:18.017Z,47907,23760000,26090000
2026-09-18T00:10:18.017Z,17559,49090000,52990000
2026-09-18T00:10:18.017Z,1335,170100,216500
2026-09-18T00:10:18.017Z,34628,48800000,224700000
2026-09-18T00:10:18.017Z,85662,291100000,400000000
2026-09-18T00:10:18.017Z,18829,106500000,121500000
2026-09-18T00:10:18.017Z,73399,6002000,8900000
2026-09-18T00:10:18.017Z,49733,13580000,16970000
2026-09-18T00:10:18.017Z,22448,257800000,279300000
2026-09-18T00:10:18.017Z,93667,2050000,64470000
2026-09-18T00:10:18.017Z,85653,37610000,44330000
2026-09-18T00:10:18.017Z,19135,9240000,13000000
2026-09-18T00:10:18.017Z,85640,120900,1821000
2026-09-18T00:10:18.017Z,87325,22740000,34000000
2026-09-18T00:10:18.017Z,93270,405300000,1143000000
2026-09-18T00:10:18.017Z,55576,1079,5000
2026-09-18T00:10:18.017Z,88606,160000,863200
2026-09-18T00:10:18.017Z,81051,52250,80960
2026-09-18T00:10:18.017Z,89240,2927000,3380000
2026-09-18T00:10:18.017Z,19684,10390000,17500000
2026-09-18T00:10:18.017Z,21906,451.5,542.5
2026-09-18T00:10:18.017Z,644,139300000,149900000
2026-09-18T00:10:18.017Z,2006,9924000,10590000
2026-09-18T00:10:18.017Z,45892,500000,999700
2026-09-18T00:10:18.017Z,20281,53010,522349680
2026-09-18T00:10:18.017Z,17871,11190000,14530000
2026-09-18T00:10:18.017Z,17301,6002,5000000
2026-09-18T00:10:18.017Z,60566,1501000,6000000
2026-09-18T00:10:18.017Z,25605,25010,26600
2026-09-18T00:10:18.017Z,90596,180000,4927000
2026-09-18T00:10:18.017Z,83229,10000,625000
2026-09-18T00:10:18.017Z,4124,279800000,1866000000
2026-09-18T00:10:18.017Z,83472,3008000,3249000
2026-09-18T00:10:18.017Z,2937,830500,1099000
2026-09-18T00:10:18.017Z,31600,686400,1226000
2026-09-18T00:10:18.017Z,23003,451.3,1383
2026-09-18T00:10:18.017Z,640,109100000,117800000
2026-09-18T00:10:18.017Z,31774,10540000,17420000
2026-09-18T00:10:18.017Z,3142,75320000,98990000
2026-09-18T00:10:18.017Z,1832,135,158
2026-09-18T00:10:18.017Z,46927,118200,3493000
2026-09-18T00:10:18.017Z,5215,1019,8000
2026-09-18T00:10:18.017Z,3281,15760,13790000
2026-09-18T00:10:18.017Z,17732,313900000,340600000
2026-09-18T00:10:18.017Z,34049,10000000,77760000
2026-09-18T00:10:18.017Z,44922,8003000,350000000
2026-09-18T00:10:18.017Z,2629,362.1,394.9
2026-09-18T00:10:18.017Z,49790,66010000,76780000
2026-09-18T00:10:18.017Z,55329,20.03,20.04
2026-09-18T00:10:18.017Z,30832,833100,899000
2026-09-18T00:10:18.017Z,91970,9617000,14600000
2026-09-18T00:10:18.017Z,21378,2618,4668
2026-09-18T00:10:18.017Z,34177,3120000,26930000
2026-09-18T00:10:18.017Z,91131,26000000,34570000
2026-09-18T00:10:18.017Z,47756,8037000,9056000
2026-09-18T00:10:18.017Z,31702,99000,46480000
2026-09-18T00:10:18.017Z,60660,100000,777000
2026-09-18T00:10:18.017Z,190,23,58.32
2026-09-18T00:10:18.017Z,33856,4004000,5800000
2026-09-18T00:10:18.017Z,7997,14010,41980
2026-09-18T00:10:18.017Z,33229,117000,3900000
2026-09-18T00:10:18.017Z,90722,5010000,19970000
2026-09-18T00:10:18.017Z,40523,3478000,43380000
2026-09-18T00:10:18.017Z,31692,201,22600
2026-09-18T00:10:18.017Z,3887,2064,42970
2026-09-18T00:10:18.017Z,77963,130000000,446800000
2026-09-18T00:10:18.017Z,2073,2.04,3.23
2026-09-18T00:10:18.017Z,59221,416700000,3155000000
2026-09-18T00:10:18.017Z,13827,42320000,53890000
2026-09-18T00:10:18.017Z,3337,5558000,7990000
2026-09-18T00:10:18.017Z,60288,217300,289400
2026-09-18T00:10:18.017Z,61864,3333000,16580000
2026-09-18T00:10:18.017Z,95674,2530000,3000000
2026-09-18T00:10:18.017Z,29622,8651,14680
2026-09-18T00:10:18.017Z,11556,32000,35630
2026-09-18T00:10:18.017Z,4395,231500,259900
2026-09-18T00:10:18.017Z,40691,493600000,627000000
2026-09-18T00:10:18.017Z,15935,1500000,3300000
2026-09-18T00:10:18.017Z,16054,43150000,78900000
2026-09-18T00:10:18.017Z,2321,13470,15950
2026-09-18T00:10:18.017Z,57060,600400,4000000
2026-09-18T00:10:18.017Z,45792,101000,10110000
2026-09-18T00:10:18.017Z,60762,189800000,338000000
2026-09-18T00:10:18.017Z,23703,,2294000
2026-09-18T00:10:18.017Z,55359,132000,234400
2026-09-18T00:10:18.017Z,83465,111800000,137500000
2026-09-18T00:10:18.017Z,26302,65220000,71410000
2026-09-18T00:10:18.017Z,28276,3608000,3799000
2026-09-18T00:10:18.017Z,54434,50340000,64000000
2026-09-18T00:10:18.017Z,31788,207500,237100
2026-09-18T00:10:18.017Z,56072,155100,193700
2026-09-18T00:10:18.017Z,2310,1.05,1.75
2026-09-18T00:10:18.017Z,31364,3201000,3378000
2026-09-18T00:10:18.017Z,7287,151000,162600
2026-09-18T00:10:18.017Z,79716,12930000,21850000
2026-09-18T00:10:18.017Z,27313,18.12,63.6
2026-09-18T00:10:18.017Z,60476,363500000,399800000
2026-09-18T00:10:18.017Z,87522,55690000,77580000
2026-09-18T00:10:18.017Z,1306,260300,282200
2026-09-18T00:10:18.017Z,90315,130500000,144900000
2026-09-18T00:10:18.017Z,84422,3524000,9976000
2026-09-18T00:10:18.017Z,31119,190400,199900
2026-09-18T00:10:18.017Z,84406,698.3,19990
2026-09-18T00:10:18.017Z,92375,172100,347400
2026-09-18T00:10:18.017Z,42905,1402000,5087000
2026-09-18T00:10:18.017Z,47742,2310000,2597000
2026-09-18T00:10:18.017Z,85516,650000000,899500000
2026-09-18T00:10:18.017Z,20062,103700000,109800000
2026-09-18T00:10:18.017Z,62675,0.01,1217000000
2026-09-18T00:10:18.017Z,2272,3.15,3.46
2026-09-18T00:10:18.017Z,46837,5000,1099000
2026-09-18T00:10:18.017Z,17841,7116000,8134000
2026-09-18T00:10:18.017Z,14108,44340000,49000000
2026-09-18T00:10:18.017Z,47818,85200000,102300000
2026-09-18T00:10:18.017Z,53714,852400000,1025000000
2026-09-18T00:10:18.017Z,3568,379800,464500
2026-09-18T00:10:18.017Z,47776,1042000,1380000
2026-09-18T00:10:18.017Z,47788,284400,429900
2026-09-18T00:10:18.017Z,11309,146100,168900
2026-09-18T00:10:18.017Z,41034,42180,70790
2026-09-18T00:10:18.017Z,21370,3168,4410
2026-09-18T00:10:18.017Z,21896,665.9,763.9
2026-09-18T00:10:18.017Z,27339,1969,2211
2026-09-18T00:10:18.017Z,24499,62.01,67.99
2026-09-18T00:10:18.017Z,18959,106100000,126800000
2026-09-18T00:10:18.017Z,56846,36000000,48950000
2026-09-18T00:10:18.017Z,21280,1859000,8500000
2026-09-18T00:10:18.017Z,24698,43120000,46800000
2026-09-18T00:10:18.017Z,18809,151900000,169100000
2026-09-18T00:10:18.017Z,94009,1511000000,1819000000
2026-09-18T00:10:18.017Z,25894,6722000,7242000
2026-09-18T00:10:18.017Z,4166,5893000,10930000
2026-09-18T00:10:18.017Z,88596,801000,11710000
2026-09-18T00:10:18.017Z,4240,181900000,499700000
2026-09-18T00:10:18.017Z,15751,91930000,150000000
2026-09-18T00:10:18.017Z,20739,2133,3390
2026-09-18T00:10:18.017Z,45553,477000,432400000
2026-09-18T00:10:18.017Z,27184,135500000,162600000
2026-09-18T00:10:18.017Z,60366,,5000000
2026-09-18T00:10:18.017Z,23093,313200,388800
2026-09-18T00:10:18.017Z,31022,,550000
2026-09-18T00:10:18.017Z,9836,10030,11080
2026-09-18T00:10:18.017Z,83284,40000,97410
2026-09-18T00:10:18.017Z,18845,7948000,10750000
2026-09-18T00:10:18.017Z,42596,24000000,85760000
2026-09-18T00:10:18.017Z,22111,39730000,44860000
2026-09-18T00:10:18.017Z,31064,,650000
2026-09-18T00:10:18.017Z,6637,34000,50100
2026-09-18T00:10:18.017Z,19345,90350000,95760000
2026-09-18T00:10:18.017Z,56609,600400,1800000
2026-09-18T00:10:18.017Z,90134,0.01,1598000
2026-09-18T00:10:18.017Z,17205,1199000,1630000
2026-09-18T00:10:18.017Z,16467,150200,183900
2026-09-18T00:10:18.017Z,30988,,650000
2026-09-18T00:10:18.017Z,45752,50130,899600
2026-09-18T00:10:18.017Z,18881,872900000,969000000
2026-09-18T00:10:18.017Z,3893,30520000,34890000
2026-09-18T00:10:18.017Z,36821,,383100000
2026-09-18T00:10:18.017Z,13972,3711000,3961000
2026-09-18T00:10:18.017Z,3941,169300,213800
2026-09-18T00:10:18.017Z,9950,2300000,2480000
2026-09-18T00:10:18.017Z,36833,0.01,25000000000
2026-09-18T00:10:18.017Z,36826,0.01,5000000000
2026-09-18T00:10:18.017Z,36830,0.01,4999000000
2026-09-18T00:10:18.017Z,19,7964,14000
2026-09-18T00:10:18.017Z,37810,7308000,14000000
2026-09-18T00:10:18.017Z,28304,4610000,5099000
2026-09-18T00:10:18.017Z,7785,240600,370500
2026-09-18T00:10:18.017Z,47313,13630000,76990000
2026-09-18T00:10:18.017Z,52219,308.2,2793
2026-09-18T00:10:18.017Z,32993,2625,3789
2026-09-18T00:10:18.017Z,44263,721.8,1990
2026-09-18T00:10:18.017Z,56944,35250,100000
2026-09-18T00:10:18.017Z,33949,177100000,199300000
2026-09-18T00:10:18.017Z,3017,256600,595800
2026-09-18T00:10:18.017Z,85932,90800000,379500000
2026-09-18T00:10:18.017Z,96333,41030000,53960000
2026-09-18T00:10:18.017Z,13923,5701000,6970000
2026-09-18T00:10:18.017Z,9852,54.97,99
2026-09-18T00:10:18.017Z,3149,4845000,5665000
2026-09-18T00:10:18.017Z,79732,125500,2299000
2026-09-18T00:10:18.017Z,54369,22000000,44870000
2026-09-18T00:10:18.017Z,5955,142200,149700
2026-09-18T00:10:18.017Z,21731,32740,199900
2026-09-18T00:10:18.017Z,58904,47700000,53340000
2026-09-18T00:10:18.017Z,54970,9290,15360
2026-09-18T00:10:18.017Z,5933,16600,61800
2026-09-18T00:10:18.017Z,88717,36550000,58900000
2026-09-18T00:10:18.017Z,47874,743100,2878000
2026-09-18T00:10:18.017Z,5971,16670,21000
2026-09-18T00:10:18.017Z,54971,7113,7795
2026-09-18T00:10:18.017Z,53712,421100000,454900000
2026-09-18T00:10:18.017Z,60241,507000,5711000
2026-09-18T00:10:18.017Z,18608,1024000,1233000
2026-09-18T00:10:18.017Z,47317,10000000,48200000
2026-09-18T00:10:18.017Z,3057,4364000,5225000
2026-09-18T00:10:18.017Z,21078,10010,55020
2026-09-18T00:10:18.017Z,31167,12850000,13180000
2026-09-18T00:10:18.017Z,15683,99670000,116100000
2026-09-18T00:10:18.017Z,60757,50210000,99970000
2026-09-18T00:10:18.017Z,28693,39500,472000
2026-09-18T00:10:18.017Z,18913,125800000,151700000
2026-09-18T00:10:18.017Z,24596,29,27490
2026-09-18T00:10:18.017Z,91242,64880000,124800000
2026-09-18T00:10:18.017Z,28776,21000000,97310000
2026-09-18T00:10:18.017Z,96329,6004000,8369000
2026-09-18T00:10:18.017Z,90322,15590000,34950000
2026-09-18T00:10:18.017Z,42839,300.3,448.8
2026-09-18T00:10:18.017Z,3256,4796000,6421000
2026-09-18T00:10:18.017Z,17843,36360000,39870000
2026-09-18T00:10:18.017Z,62558,3134,4247
2026-09-18T00:10:18.017Z,33454,10000000000,11900000000
2026-09-18T00:10:18.017Z,199,100.1,125
2026-09-18T00:10:18.017Z,62557,3513,3997
2026-09-18T00:10:18.017Z,221,16.81,16.82
2026-09-18T00:10:18.017Z,17464,20.58,22.75
2026-09-18T00:10:18.017Z,642,141200000,152600000
2026-09-18T00:10:18.017Z,16672,82.77,89.93
2026-09-18T00:10:18.017Z,31370,155300,174500
2026-09-18T00:10:18.017Z,31159,213500,235800
2026-09-18T00:10:18.017Z,38,653.2,668.8
2026-09-18T00:10:18.017Z,79723,1389000,12900000
2026-09-18T00:10:18.017Z,43519,56000000,116500000
2026-09-18T00:10:18.017Z,25616,1016,1021
2026-09-18T00:10:18.017Z,79186,30070000,36060000
2026-09-18T00:10:18.017Z,41459,300700000,333600000
2026-09-18T00:10:18.017Z,11458,111.3,639.9
2026-09-18T00:10:18.017Z,37292,190200000,202700000
2026-09-18T00:10:18.017Z,14770,253200000,359600000
2026-09-18T00:10:18.017Z,1814,11,14
2026-09-18T00:10:18.017Z,89689,13100000,16900000
2026-09-18T00:10:18.017Z,19147,20580000,21600000
2026-09-18T00:10:18.017Z,55603,20000,189800
2026-09-18T00:10:18.017Z,42201,85330000,95000000
2026-09-18T00:10:18.017Z,21819,8117000000,9999000000
2026-09-18T00:10:18.017Z,11971,133100000,145700000
2026-09-18T00:10:18.017Z,28288,17330000,19980000
2026-09-18T00:10:18.017Z,18795,71460,140100
2026-09-18T00:10:18.017Z,16640,591.3,632.8
2026-09-18T00:10:18.017Z,4258,952900,1090000
2026-09-18T00:10:18.017Z,11202,9926000,11710000
2026-09-18T00:10:18.017Z,93998,25040000,48700000
2026-09-18T00:10:18.017Z,92397,113000000,124500000
2026-09-18T00:10:18.017Z,16639,471.2,483.6
2026-09-18T00:10:18.017Z,96328,1001000,1425000
2026-09-18T00:10:18.017Z,45827,172500,999000
2026-09-18T00:10:18.017Z,45939,127700,2000000
2026-09-18T00:10:18.017Z,31752,16690,29480
2026-09-18T00:10:18.017Z,91570,7155000,18900000
2026-09-18T00:10:18.017Z,31746,1210000,1298000
2026-09-18T00:10:18.017Z,24654,25920000,159500000
2026-09-18T00:10:18.017Z,8225,7136,9733
2026-09-18T00:10:18.017Z,19151,75110000,90000000
2026-09-18T00:10:18.017Z,62541,350,420
2026-09-18T00:10:18.017Z,31758,1299000,1329000
2026-09-18T00:10:18.017Z,85397,22030,25160
2026-09-18T00:10:18.017Z,18797,6098000,9588000
2026-09-18T00:10:18.017Z,83249,1100,48000
2026-09-18T00:10:18.017Z,93841,117000000,150000000
2026-09-18T00:10:18.017Z,35891,100200000,169400000
2026-09-18T00:10:18.017Z,31864,1115000,1190000
2026-09-18T00:10:18.017Z,37867,120500000,869700000
2026-09-18T00:10:18.017Z,23115,632200,932700
2026-09-18T00:10:18.017Z,19107,8365000,9996000
2026-09-18T00:10:18.017Z,21226,5359,98000
2026-09-18T00:10:18.017Z,394,161800,183500
2026-09-18T00:10:18.017Z,31500,100000,23000000
2026-09-18T00:10:18.017Z,11132,12040,15390
2026-09-18T00:10:18.017Z,34166,4000000,36550000
2026-09-18T00:10:18.017Z,57207,59770000,69640000
2026-09-18T00:10:18.017Z,42833,551.1,633.8
2026-09-18T00:10:18.017Z,16682,6394,6537
2026-09-18T00:10:18.017Z,634,8457000,10390000
2026-09-18T00:10:18.017Z,30586,3747000,4000000
2026-09-18T00:10:18.017Z,33400,7126000,7677000
2026-09-18T00:10:18.017Z,27435,973.3,1080
2026-09-18T00:10:18.017Z,33053,141100,4000000
2026-09-18T00:10:18.017Z,14150,17340000,29890000
2026-09-18T00:10:18.017Z,83373,80010,340900
2026-09-18T00:10:18.017Z,28699,83070,90030
2026-09-18T00:10:18.017Z,77401,64080000,205500000
2026-09-18T00:10:18.017Z,62560,5058,5697
2026-09-18T00:10:18.017Z,23134,26000000,28200000
2026-09-18T00:10:18.017Z,91285,33770000,47900000
2026-09-18T00:10:18.017Z,62525,25.26,29.98
2026-09-18T00:10:18.017Z,19347,119000000,134300000
2026-09-18T00:10:18.017Z,12747,149000000,159000000
2026-09-18T00:10:18.017Z,27622,113600,8209000
2026-09-18T00:10:18.017Z,31061,304100000,342500000
2026-09-18T00:10:18.017Z,87791,33100000,41660000
2026-09-18T00:10:18.017Z,60289,584000,700400
2026-09-18T00:10:18.017Z,19335,254700000,283800000
2026-09-18T00:10:18.017Z,60575,8231000,9000000
2026-09-18T00:10:18.017Z,21584,239700,614900
2026-09-18T00:10:18.017Z,2109,901700,987700
2026-09-18T00:10:18.017Z,27918,976600,1689000
2026-09-18T00:10:18.017Z,53301,5276,11960
2026-09-18T00:10:18.017Z,82451,120000,500000
2026-09-18T00:10:18.017Z,25920,2517000,5000000
2026-09-18T00:10:18.017Z,48433,215500,397000
2026-09-18T00:10:18.017Z,31302,214300,34680000
2026-09-18T00:10:18.017Z,54827,16970000,24620000
2026-09-18T00:10:18.017Z,88573,2201000,6357000
2026-09-18T00:10:18.017Z,11995,201300000,225700000
2026-09-18T00:10:18.017Z,17185,4536000,6997000
2026-09-18T00:10:18.017Z,21041,9829000,10730000
2026-09-18T00:10:18.017Z,78411,2104000,102200000
2026-09-18T00:10:18.017Z,40476,254100,2081000
2026-09-18T00:10:18.017Z,2531,576100,838900
2026-09-18T00:10:18.017Z,91857,15090000,18240000
2026-09-18T00:10:18.017Z,91132,2300000,4000000
2026-09-18T00:10:18.017Z,2309,3.14,3.15
2026-09-18T00:10:18.017Z,62625,13710000,15900000
2026-09-18T00:10:18.017Z,4051,16270,17490
2026-09-18T00:10:18.017Z,7369,45090,66580
2026-09-18T00:10:18.017Z,9367,432800,590000
2026-09-18T00:10:18.017Z,5011,3740,12090
2026-09-18T00:10:18.017Z,49927,38170000,369300000
2026-09-18T00:10:18.017Z,60295,965200,1033000
2026-09-18T00:10:18.017Z,19268,21330000,23450000
2026-09-18T00:10:18.017Z,37631,289000000,311000000
2026-09-18T00:10:18.017Z,26252,120,21970
2026-09-18T00:10:18.017Z,3116,549000000,592700000
2026-09-18T00:10:18.017Z,91256,230100000,349900000
2026-09-18T00:10:18.017Z,42530,235000,407900
2026-09-18T00:10:18.017Z,92591,60000,170800
2026-09-18T00:10:18.017Z,31640,9710000,14780000
2026-09-18T00:10:18.017Z,1179,5000,480000
2026-09-18T00:10:18.017Z,34771,10110,3500000
2026-09-18T00:10:18.017Z,53715,342400000,359700000
2026-09-18T00:10:18.017Z,32880,192300,226000
2026-09-18T00:10:18.017Z,15907,84940000,95400000
2026-09-18T00:10:18.017Z,54364,174500000,231800000
2026-09-18T00:10:18.017Z,45490,755,1580
2026-09-18T00:10:18.017Z,33890,331700,394300
2026-09-18T00:10:18.017Z,54363,1590000,128400000
2026-09-18T00:10:18.017Z,24509,402.4,436
2026-09-18T00:10:18.017Z,3550,388300000,476000000
2026-09-18T00:10:18.017Z,37549,412900,8825000
2026-09-18T00:10:18.017Z,47829,225400,987500
2026-09-18T00:10:18.017Z,17294,502100,1400000
2026-09-18T00:10:18.017Z,14070,51520000,54750000
2026-09-18T00:10:18.017Z,31736,2121000,2698000
2026-09-18T00:10:18.017Z,23124,300600,594500
2026-09-18T00:10:18.017Z,36445,554400,3600000000
2026-09-18T00:10:18.017Z,6631,900.7,5901
2026-09-18T00:10:18.017Z,16654,3615,4165
2026-09-18T00:10:18.017Z,33063,3250000,4793000
2026-09-18T00:10:18.017Z,17718,188700000,222700000
2026-09-18T00:10:18.017Z,33528,203600000,229800000
2026-09-18T00:10:18.017Z,24569,25020000,41770000
2026-09-18T00:10:18.017Z,20506,16930000,32980000
2026-09-18T00:10:18.017Z,48421,139200,390000
2026-09-18T00:10:18.017Z,53425,42230000,147600000
2026-09-18T00:10:18.017Z,19229,26250000,27300000
2026-09-18T00:10:18.017Z,34102,341300000,648800000
2026-09-18T00:10:18.017Z,56850,591500000,650000000
2026-09-18T00:10:18.017Z,15830,6036000,178900000
2026-09-18T00:10:18.017Z,20703,77620000,89490000
2026-09-18T00:10:18.017Z,15725,1074000,3847000
2026-09-18T00:10:18.017Z,76175,15080000,100400000
2026-09-18T00:10:18.017Z,81008,13690000,14610000
2026-09-18T00:10:18.017Z,45976,4100000,18990000
2026-09-18T00:10:18.017Z,31203,,254000
2026-09-18T00:10:18.017Z,47182,20000,389800
2026-09-18T00:10:18.017Z,31880,1097000,1201000
2026-09-18T00:10:18.017Z,28565,379000,350000000
2026-09-18T00:10:18.017Z,88594,100000,1909000
2026-09-18T00:10:18.017Z,24438,701900,774900
2026-09-18T00:10:18.017Z,3250,3001,5511000
2026-09-18T00:10:18.017Z,29001,8001,12880
2026-09-18T00:10:18.017Z,23059,53460,4926000
2026-09-18T00:10:18.017Z,84166,2808000,9984000
2026-09-18T00:10:18.017Z,54399,139900000,157600000
2026-09-18T00:10:18.017Z,30632,4767000,5419000
2026-09-18T00:10:18.017Z,91964,1550000,2498000
2026-09-18T00:10:18.017Z,40345,13600000,17470000
2026-09-18T00:10:18.017Z,34264,2391000,2713000
2026-09-18T00:10:18.017Z,31175,152100000,297100000
2026-09-18T00:10:18.017Z,83298,10000,392800
2026-09-18T00:10:18.017Z,60314,4970000,5574000
2026-09-18T00:10:18.017Z,29045,724100,1998000
2026-09-18T00:10:18.017Z,21894,1115,1244
2026-09-18T00:10:18.017Z,46240,2118000,18680000
2026-09-18T00:10:18.017Z,208,63,74.62
2026-09-18T00:10:18.017Z,27148,111600000,119700000
2026-09-18T00:10:18.017Z,90469,86530000,109900000
2026-09-18T00:10:18.017Z,84740,210000000,359000000
2026-09-18T00:10:18.017Z,42571,41000000,239600000
2026-09-18T00:10:18.017Z,9957,14380000,16490000
2026-09-18T00:10:18.017Z,23133,47700,218600
2026-09-18T00:10:18.017Z,37849,2327000,2989000
2026-09-18T00:10:18.017Z,20829,303100,1599000
2026-09-18T00:10:18.017Z,47318,8000000,27690000
2026-09-18T00:10:18.017Z,42566,21100000,99890000
2026-09-18T00:10:18.017Z,45734,5800000,21260000
2026-09-18T00:10:18.017Z,16651,57560,59890
2026-09-18T00:10:18.017Z,27089,42410,600000
2026-09-18T00:10:18.017Z,41058,51220000,56410000
2026-09-18T00:10:18.017Z,2312,13520,13620
2026-09-18T00:10:18.017Z,17215,82780,492700
2026-09-18T00:10:18.017Z,624,9919000,11800000
2026-09-18T00:10:18.017Z,2512,6.27,8.41
2026-09-18T00:10:18.017Z,42588,1000000,1150000000
2026-09-18T00:10:18.017Z,12789,70.09,79
2026-09-18T00:10:18.017Z,45880,112400,1884000
2026-09-18T00:10:18.017Z,31902,29050000,34240000
2026-09-18T00:10:18.017Z,56287,1292000000,2500000000
2026-09-18T00:10:18.017Z,52242,1540000000,1741000000
2026-09-18T00:10:18.017Z,47532,8019000,28860000
2026-09-18T00:10:18.017Z,1192,526500,1200000
2026-09-18T00:10:18.017Z,34722,1200000,7978000
2026-09-18T00:10:18.017Z,24571,5005000,16600000
2026-09-18T00:10:18.017Z,27319,11.98,18.96
2026-09-18T00:10:18.017Z,82465,10000,376900
2026-09-18T00:10:18.017Z,54731,113500000,166100000
2026-09-18T00:10:18.017Z,31964,17530000,55900000
2026-09-18T00:10:18.017Z,9762,482600,506500
2026-09-18T00:10:18.017Z,45886,71500,1996000
2026-09-18T00:10:18.017Z,97200,100000000,778500000
2026-09-18T00:10:18.017Z,90608,201000000,232900000
2026-09-18T00:10:18.017Z,41499,93750000,113500000
2026-09-18T00:10:18.017Z,26376,62040000,89480000
2026-09-18T00:10:18.017Z,10244,12090000,18740000
2026-09-18T00:10:18.017Z,82376,1600000,23620000
2026-09-18T00:10:18.017Z,60309,190000,518900
2026-09-18T00:10:18.017Z,19055,36190000,42160000
2026-09-18T00:10:18.017Z,18863,40830000,46630000
2026-09-18T00:10:18.017Z,20929,2145,8497
2026-09-18T00:10:18.017Z,13001,1336000,1640000
2026-09-18T00:10:18.017Z,46918,41100,11930000
2026-09-18T00:10:18.017Z,25890,3743000,5892000
2026-09-18T00:10:18.017Z,27108,112600,16990000
2026-09-18T00:10:18.017Z,10156,19350000,21550000
2026-09-18T00:10:18.017Z,11453,11480000,13790000
2026-09-18T00:10:18.017Z,46002,2610000,2907000
2026-09-18T00:10:18.017Z,24560,5403000,13160000
2026-09-18T00:10:18.017Z,18672,10010,348000000
2026-09-18T00:10:18.017Z,55320,5169,840000
2026-09-18T00:10:18.017Z,15895,70580000,75590000
2026-09-18T00:10:18.017Z,42563,11000000,56990000
2026-09-18T00:10:18.017Z,16124,594000,1175000
2026-09-18T00:10:18.017Z,54777,30000,34700
2026-09-18T00:10:18.017Z,20573,4114000,7395000
2026-09-18T00:10:18.017Z,84348,401600,2790000
2026-09-18T00:10:18.017Z,27672,3796000,4679000
2026-09-18T00:10:18.017Z,17190,302000,1109000
2026-09-18T00:10:18.017Z,91146,20000,250100
2026-09-18T00:10:18.017Z,46241,8734000,17800000
2026-09-18T00:10:18.017Z,10155,4262000,4700000
2026-09-18T00:10:18.017Z,13967,80210,178900
2026-09-18T00:10:18.017Z,41251,82250000,93500000
2026-09-18T00:10:18.017Z,33559,135100000,153500000
2026-09-18T00:10:18.017Z,84680,6498000,530000000
2026-09-18T00:10:18.017Z,82489,80100,1961000
2026-09-18T00:10:18.017Z,31998,45130,53930
2026-09-18T00:10:18.017Z,36431,5001000,43900000
2026-09-18T00:10:18.017Z,16125,1611000,3507000
2026-09-18T00:10:18.017Z,19247,12560000,16640000
2026-09-18T00:10:18.017Z,52282,781000,9999000
2026-09-18T00:10:18.017Z,17765,141700,398800
2026-09-18T00:10:18.017Z,19221,4891000,5699000
2026-09-18T00:10:18.017Z,28809,87040000,98810000
2026-09-18T00:10:18.017Z,23091,173000,499000
2026-09-18T00:10:18.017Z,47352,20890000,24680000
2026-09-18T00:10:18.017Z,16525,3650,13400
2026-09-18T00:10:18.017Z,2344,60420,64960
2026-09-18T00:10:18.017Z,4787,17530,22950
2026-09-18T00:10:18.017Z,3673,56.17,90
2026-09-18T00:10:18.017Z,82463,40000,449400
2026-09-18T00:10:18.017Z,57455,871.2,909.9
2026-09-18T00:10:18.017Z,246,4200,7976
2026-09-18T00:10:18.017Z,3182,83520000,99940000
2026-09-18T00:10:18.017Z,42164,,899000000
2026-09-18T00:10:18.017Z,3324,1262,170000
2026-09-18T00:10:18.017Z,34604,70000000,142200000
2026-09-18T00:10:18.017Z,21555,200100,1990000
2026-09-18T00:10:18.017Z,3319,501.1,85000
2026-09-18T00:10:18.017Z,2553,662000,753200
2026-09-18T00:10:18.017Z,12532,9000000,9796000
2026-09-18T00:10:18.017Z,18911,53570000,81000000
2026-09-18T00:10:18.017Z,52313,32000,35140
2026-09-18T00:10:18.017Z,84403,1002,1003
2026-09-18T00:10:18.017Z,14244,92250000,116400000
2026-09-18T00:10:18.017Z,3336,6692000,7900000
2026-09-18T00:10:18.017Z,13257,2085000,3200000
2026-09-18T00:10:18.017Z,3329,10.03,10000
2026-09-18T00:10:18.017Z,45744,11030000,25890000
2026-09-18T00:10:18.017Z,21918,1061,1160
2026-09-18T00:10:18.017Z,20505,513700000,610000000
2026-09-18T00:10:18.017Z,24639,100200000,117600000
2026-09-18T00:10:18.017Z,31714,47220000,68920000
2026-09-18T00:10:18.017Z,11460,127.5,479.9
2026-09-18T00:10:18.017Z,32876,803500,930700
2026-09-18T00:10:18.017Z,95654,113200000,269300000
2026-09-18T00:10:18.017Z,14041,11010000,11930000
2026-09-18T00:10:18.017Z,84399,2806,3805
2026-09-18T00:10:18.017Z,31019,209900000,295700000
2026-09-18T00:10:18.017Z,12612,24.04,37.47
2026-09-18T00:10:18.017Z,10858,782900,876600
2026-09-18T00:10:18.017Z,31430,510,51660
2026-09-18T00:10:18.017Z,21019,10810000,11740000
2026-09-18T00:10:18.017Z,23105,690400,818000
2026-09-18T00:10:18.017Z,43703,17000000,22000000
2026-09-18T00:10:18.017Z,31490,27230,96630
2026-09-18T00:10:18.017Z,15963,200900000,228900000
2026-09-18T00:10:18.017Z,47143,9354000,18140000
2026-09-18T00:10:18.017Z,14248,111100000,120400000
2026-09-18T00:10:18.017Z,33844,124200000,137900000
2026-09-18T00:10:18.017Z,17233,35000,35010
2026-09-18T00:10:18.017Z,31514,2505,393000
2026-09-18T00:10:18.017Z,88381,80000,148000
2026-09-18T00:10:18.017Z,453,26000,44990
2026-09-18T00:10:18.017Z,3958,4200000,375000000
2026-09-18T00:10:18.017Z,85779,400000,1173000
2026-09-18T00:10:18.017Z,14114,14580000,23310000
2026-09-18T00:10:18.017Z,57461,413200,494600
2026-09-18T00:10:18.017Z,31574,33380,215600
2026-09-18T00:10:18.017Z,46938,0.01,1995000
2026-09-18T00:10:18.017Z,11257,24140,92990
2026-09-18T00:10:18.017Z,56881,10000000,69830000
2026-09-18T00:10:18.017Z,19278,29040000,33070000
2026-09-18T00:10:18.017Z,55607,2.03,200000
2026-09-18T00:10:18.017Z,22933,30770000,86620000
2026-09-18T00:10:18.017Z,85734,40020000,50000000
2026-09-18T00:10:18.017Z,85737,61660000,130000000
2026-09-18T00:10:18.017Z,46222,237600,2900000
2026-09-18T00:10:18.017Z,47764,500,5300
2026-09-18T00:10:18.017Z,4573,2023,22590
2026-09-18T00:10:18.017Z,27936,3100000,11740000
2026-09-18T00:10:18.017Z,42717,10010,4000000
2026-09-18T00:10:18.017Z,13876,257200,3995000
2026-09-18T00:10:18.017Z,49713,603700000,687100000
2026-09-18T00:10:18.017Z,12709,42940,66770
2026-09-18T00:10:18.017Z,47845,22330000,34960000
2026-09-18T00:10:18.017Z,52307,132400,1300000
2026-09-18T00:10:18.017Z,31910,13030000,14470000
2026-09-18T00:10:18.017Z,3225,1174000,6000000
2026-09-18T00:10:18.017Z,17487,20630000,23370000
2026-09-18T00:10:18.017Z,21398,10340,17670
2026-09-18T00:10:18.017Z,41316,1171,1542
2026-09-18T00:10:18.017Z,84497,290000,24960000
2026-09-18T00:10:18.017Z,46891,301800,1514000
2026-09-18T00:10:18.017Z,19046,392500000,449200000
2026-09-18T00:10:18.017Z,48493,1013000,277600000
2026-09-18T00:10:18.017Z,13885,100000,4270000
2026-09-18T00:10:18.017Z,47362,134800000,192800000
2026-09-18T00:10:18.017Z,62225,5200000000,8492000000
2026-09-18T00:10:18.017Z,16272,111.7,114.1
2026-09-18T00:10:18.017Z,54534,114600000,161000000
2026-09-18T00:10:18.017Z,96042,4000000,8374000
2026-09-18T00:10:18.017Z,40750,58100,41750000
2026-09-18T00:10:18.017Z,47913,9173000,16000000
2026-09-18T00:10:18.017Z,34126,225300000,244900000
2026-09-18T00:10:18.017Z,41038,143400000,160100000
2026-09-18T00:10:18.017Z,28278,268200,349800
2026-09-18T00:10:18.017Z,90307,19030,20360
2026-09-18T00:10:18.017Z,52997,36310000,44800000
2026-09-18T00:10:18.017Z,31826,346900000,399400000
2026-09-18T00:10:18.017Z,17241,7109,7110
2026-09-18T00:10:18.017Z,90484,100.1,699
2026-09-18T00:10:18.017Z,24658,1326000,12990000
2026-09-18T00:10:18.017Z,47319,15480000,147800000
2026-09-18T00:10:18.017Z,31492,56010,465300
2026-09-18T00:10:18.017Z,17367,164200,266400
2026-09-18T00:10:18.017Z,11544,5924,6449
2026-09-18T00:10:18.017Z,24663,102100000,107500000
2026-09-18T00:10:18.017Z,191,13.3,96.17
2026-09-18T00:10:18.017Z,13922,95790000,119400000
2026-09-18T00:10:18.017Z,20189,1410000000,1495000000
2026-09-18T00:10:18.017Z,52309,38150,41810
2026-09-18T00:10:18.017Z,15681,113900000,122300000
2026-09-18T00:10:18.017Z,20623,813500,2930000
2026-09-18T00:10:18.017Z,44151,15100,994800
2026-09-18T00:10:18.017Z,87777,11030000,19500000
2026-09-18T00:10:18.017Z,28361,1050,1399
2026-09-18T00:10:18.017Z,44893,328400,10320000
2026-09-18T00:10:18.017Z,85316,427000,427100
2026-09-18T00:10:18.017Z,92541,1178000000,1393000000
2026-09-18T00:10:18.017Z,37594,12400000,146600000
2026-09-18T00:10:18.017Z,27181,138900000,170000000
2026-09-18T00:10:18.017Z,41575,335900000,499000000
2026-09-18T00:10:18.017Z,92550,20000000,187100000
2026-09-18T00:10:18.017Z,33081,4010000000,7536000000
2026-09-18T00:10:18.017Z,11457,207.5,692
2026-09-18T00:10:18.017Z,45663,136200,169100
2026-09-18T00:10:18.017Z,26020,2519000,6500000
2026-09-18T00:10:18.017Z,21011,7635000,10230000
2026-09-18T00:10:18.017Z,57127,641000000,747100000
2026-09-18T00:10:18.017Z,19688,107800000,118800000
2026-09-18T00:10:18.017Z,36446,10000000,164200000
2026-09-18T00:10:18.017Z,45628,30160000,35190000
2026-09-18T00:10:18.017Z,20569,16060000,18000000
2026-09-18T00:10:18.017Z,6809,797600,2114000
2026-09-18T00:10:18.017Z,55653,60010,2000000
2026-09-18T00:10:18.017Z,8263,24740,47370
2026-09-18T00:10:18.017Z,62385,92610,95100
2026-09-18T00:10:18.017Z,20413,93130,101100
2026-09-18T00:10:18.017Z,27562,12500000,74780000
2026-09-18T00:10:18.017Z,62533,83.36,101.9
2026-09-18T00:10:18.017Z,75284,2036,4300
2026-09-18T00:10:18.017Z,3192,550400000,649500000
2026-09-18T00:10:18.017Z,23023,598.5,783.6
2026-09-18T00:10:18.017Z,31892,1816000,1999000
2026-09-18T00:10:18.017Z,71726,50000000,742700000
2026-09-18T00:10:18.017Z,10221,16000000,18120000
2026-09-18T00:10:18.017Z,10226,90510000,97140000
2026-09-18T00:10:18.017Z,31906,7314000,8663000
2026-09-18T00:10:18.017Z,31918,14780000,17000000
2026-09-18T00:10:18.017Z,52694,3984000,4230000
2026-09-18T00:10:18.017Z,33846,82520000,88380000
2026-09-18T00:10:18.017Z,1987,569900,774400
2026-09-18T00:10:18.017Z,12271,4062000,4395000
2026-09-18T00:10:18.017Z,14170,67120000,73880000
2026-09-18T00:10:18.017Z,33141,38250000,40300000
2026-09-18T00:10:18.017Z,13935,106000000,113900000
2026-09-18T00:10:18.017Z,25974,,1755000
2026-09-18T00:10:18.017Z,40348,31730000,36640000
2026-09-18T00:10:18.017Z,26370,122000000,147900000
2026-09-18T00:10:18.017Z,19031,64460000,71880000
2026-09-18T00:10:18.017Z,49796,317600,10200000
2026-09-18T00:10:18.017Z,24283,57470000,66690000
2026-09-18T00:10:18.017Z,15901,126500000,261800000
2026-09-18T00:10:18.017Z,1964,835000,1011000
2026-09-18T00:10:18.017Z,45629,34460000,34470000
2026-09-18T00:10:18.017Z,15761,28620000,37940000
2026-09-18T00:10:18.017Z,31978,15000000,29990000
2026-09-18T00:10:18.017Z,21424,500.1,8895
2026-09-18T00:10:18.017Z,12565,80250,86560
2026-09-18T00:10:18.017Z,5405,14320,14410
2026-09-18T00:10:18.017Z,40734,110000000,129800000
2026-09-18T00:10:18.017Z,47035,7300000,9615000
2026-09-18T00:10:18.017Z,60315,138200000,150900000
2026-09-18T00:10:18.017Z,11578,4803000,5042000
2026-09-18T00:10:18.017Z,37480,39330000,43490000
2026-09-18T00:10:18.017Z,52226,231600000,314800000
2026-09-18T00:10:18.017Z,45834,3000000,5996000
2026-09-18T00:10:18.017Z,3578,1471000,1670000
2026-09-18T00:10:18.017Z,47059,9000000,40000000
2026-09-18T00:10:18.017Z,15953,57820000,111500000
2026-09-18T00:10:18.017Z,23838,2520000,11500000
2026-09-18T00:10:18.017Z,16648,7754,7886
2026-09-18T00:10:18.017Z,21088,1650000,5993000
2026-09-18T00:10:18.017Z,58889,2024,989000
2026-09-18T00:10:18.017Z,1810,9,12
2026-09-18T00:10:18.017Z,5141,338.9,7700
2026-09-18T00:10:18.017Z,52920,306000000,348000000
2026-09-18T00:10:18.017Z,18694,593900000,739700000
2026-09-18T00:10:18.017Z,19923,10120,10130
2026-09-18T00:10:18.017Z,25545,,38900
2026-09-18T00:10:18.017Z,41198,3964000,4884000
2026-09-18T00:10:18.017Z,15457,93170,838000
2026-09-18T00:10:18.017Z,77964,71000000,279900000
2026-09-18T00:10:18.017Z,35922,36450000,42090000
2026-09-18T00:10:18.017Z,85401,5500,8981
2026-09-18T00:10:18.017Z,30371,3836,4542
2026-09-18T00:10:18.017Z,47746,239700,322900
2026-09-18T00:10:18.017Z,2319,10160,10170
2026-09-18T00:10:18.017Z,32853,600300000,988500000
2026-09-18T00:10:18.017Z,4019,29470000,85180000
2026-09-18T00:10:18.017Z,33792,3011000,18790000
2026-09-18T00:10:18.017Z,27413,980,1027
2026-09-18T00:10:18.017Z,85469,757300000,1300000000
2026-09-18T00:10:18.017Z,42207,108000000,116200000
2026-09-18T00:10:18.017Z,83281,1000,211800
2026-09-18T00:10:18.017Z,21569,31010000,33990000
2026-09-18T00:10:18.017Z,79951,77310000,110000000
2026-09-18T00:10:18.017Z,4188,121000,26480000
2026-09-18T00:10:18.017Z,45589,35420000,38960000
2026-09-18T00:10:18.017Z,84342,500200,3498000
2026-09-18T00:10:18.017Z,37479,584700,716100
2026-09-18T00:10:18.017Z,31814,23080000,446800000
2026-09-18T00:10:18.017Z,3573,273800000,359100000
2026-09-18T00:10:18.017Z,31952,25570000,29230000
2026-09-18T00:10:18.017Z,13252,2662000,2982000
2026-09-18T00:10:18.017Z,47299,1379000,1462000
2026-09-18T00:10:18.017Z,40756,40100000,53950000
2026-09-18T00:10:18.017Z,7453,446400,536700
2026-09-18T00:10:18.017Z,43869,276300000,370000000
2026-09-18T00:10:18.017Z,27545,10370000,39470000
2026-09-18T00:10:18.017Z,46976,2811000,9000000
2026-09-18T00:10:18.017Z,7249,1861,9989
2026-09-18T00:10:18.017Z,34595,90160000,140000000
2026-09-18T00:10:18.017Z,15949,15400000,24910000
2026-09-18T00:10:18.017Z,41506,87560000,112000000
2026-09-18T00:10:18.017Z,3141,5000000,7418000
2026-09-18T00:10:18.017Z,16329,4241,4249
2026-09-18T00:10:18.017Z,85460,16010000,42990000
2026-09-18T00:10:18.017Z,47754,1760000,2021000
2026-09-18T00:10:18.017Z,3432,12320,135000
2026-09-18T00:10:18.017Z,45594,30460000,35410000
2026-09-18T00:10:18.017Z,62463,1263,1316
2026-09-18T00:10:18.017Z,4042,9551000,13320000
2026-09-18T00:10:18.017Z,33000,,310000
2026-09-18T00:10:18.017Z,9249,45360,100200
2026-09-18T00:10:18.017Z,30540,1383000,5230000
2026-09-18T00:10:18.017Z,52302,111300000,240000000
2026-09-18T00:10:18.017Z,33974,200200000,335800000
2026-09-18T00:10:18.017Z,33583,20630000,65380000
2026-09-18T00:10:18.017Z,34363,6000000,52910000
2026-09-18T00:10:18.017Z,4136,300000,9980000
2026-09-18T00:10:18.017Z,57080,1100000,6472000
2026-09-18T00:10:18.017Z,20308,61.92,71.43
2026-09-18T00:10:18.017Z,52311,400100,487200
2026-09-18T00:10:18.017Z,31053,2520000,16630000
2026-09-18T00:10:18.017Z,19239,700,745900
2026-09-18T00:10:18.017Z,45602,31650000,36810000
2026-09-18T00:10:18.017Z,48383,70870000,138100000
2026-09-18T00:10:18.017Z,88601,20000,93100
2026-09-18T00:10:18.017Z,47750,815100,1099000
2026-09-18T00:10:18.017Z,32033,8005,172500
2026-09-18T00:10:18.017Z,40752,44220000,67080000
2026-09-18T00:10:18.017Z,27182,427.4,346200
2026-09-18T00:10:18.017Z,82467,80000,8619000
2026-09-18T00:10:18.017Z,62015,101100,1785000
2026-09-18T00:10:18.017Z,61211,767300,991900
2026-09-18T00:10:18.017Z,42209,343300000,398500000
2026-09-18T00:10:18.017Z,33474,1128000,1295000
2026-09-18T00:10:18.017Z,87788,840000,2799000
2026-09-18T00:10:18.017Z,41527,249500000,359900000
2026-09-18T00:10:18.017Z,3478,555900000,620900000
2026-09-18T00:10:18.017Z,42837,204.2,434
2026-09-18T00:10:18.017Z,86113,131900,1993000
2026-09-18T00:10:18.017Z,81046,158800000,164000000
2026-09-18T00:10:18.017Z,45611,32590000,36070000
2026-09-18T00:10:18.017Z,48437,44010000,47900000
2026-09-18T00:10:18.017Z,49099,6861000,8536000
2026-09-18T00:10:18.017Z,29057,51030,319900
2026-09-18T00:10:18.017Z,6671,2541,55540
2026-09-18T00:10:18.017Z,14502,853500000,1709000000
2026-09-18T00:10:18.017Z,28375,19460000,33980000
2026-09-18T00:10:18.017Z,40732,31180000,75140000
2026-09-18T00:10:18.017Z,34080,91280000,155800000
2026-09-18T00:10:18.017Z,10842,2092000,2223000
2026-09-18T00:10:18.017Z,15792,99400000,113400000
2026-09-18T00:10:18.017Z,62032,820.8,18000
2026-09-18T00:10:18.017Z,36448,3200000,30000000
2026-09-18T00:10:18.017Z,25615,45150,49990
2026-09-18T00:10:18.017Z,11646,1587000,1758000
2026-09-18T00:10:18.017Z,652,1366000,1800000
2026-09-18T00:10:18.017Z,43773,26510000,86120000
2026-09-18T00:10:18.017Z,47342,80250000,116700000
2026-09-18T00:10:18.017Z,36813,,1198000000
2026-09-18T00:10:18.017Z,36754,2000000,29430000
2026-09-18T00:10:18.017Z,40626,,5998000000
2026-09-18T00:10:18.017Z,94153,252500000,279800000
2026-09-18T00:10:18.017Z,605,387600,387700
2026-09-18T00:10:18.017Z,40493,,1500000000
2026-09-18T00:10:18.017Z,34607,6864000,130000000
2026-09-18T00:10:18.017Z,3106,561900,879700
2026-09-18T00:10:18.017Z,27114,177500000,196800000
2026-09-18T00:10:18.017Z,89485,36000000,40000000
2026-09-18T00:10:18.017Z,47767,1510000,2287000
2026-09-18T00:10:18.017Z,81013,9103000,23800000
2026-09-18T00:10:18.017Z,76167,3025000,78800000
2026-09-18T00:10:18.017Z,6569,272.2,1847
2026-09-18T00:10:18.017Z,47891,20790000,24270000
2026-09-18T00:10:18.017Z,4256,2626000,3598000
2026-09-18T00:10:18.017Z,76170,1000000,10870000
2026-09-18T00:10:18.017Z,30554,3600000,5299000
2026-09-18T00:10:18.017Z,31155,755700,1032000
2026-09-18T00:10:18.017Z,15947,181600000,257700000
2026-09-18T00:10:18.017Z,3234,65270000,94170000
2026-09-18T00:10:18.017Z,13821,405000,2690000
2026-09-18T00:10:18.017Z,93655,125000000,2990000000
2026-09-18T00:10:18.017Z,45805,1005000,1383000
2026-09-18T00:10:18.017Z,60924,20000000,42460000
2026-09-18T00:10:18.017Z,621,9008000,9990000
2026-09-18T00:10:18.017Z,28748,112900000,139600000
2026-09-18T00:10:18.017Z,54377,363600000,714900000
2026-09-18T00:10:18.017Z,90642,3200000,19000000
2026-09-18T00:10:18.017Z,90640,80000,5999000
2026-09-18T00:10:18.017Z,18857,15090000,27770000
2026-09-18T00:10:18.017Z,32414,21660000,23270000
2026-09-18T00:10:18.017Z,47129,14540000,92880000
2026-09-18T00:10:18.017Z,42696,102.6,469.9
2026-09-18T00:10:18.017Z,21474,53520000,89100000
2026-09-18T00:10:18.017Z,54535,656100000,3000000000
2026-09-18T00:10:18.017Z,11545,5500,6471
2026-09-18T00:10:18.017Z,20307,40,59.99
2026-09-18T00:10:18.017Z,34421,1000,797700
2026-09-18T00:10:18.017Z,15693,13910000,14050000
2026-09-18T00:10:18.017Z,1074,4000,479600
2026-09-18T00:10:18.017Z,28328,123,369.7
2026-09-18T00:10:18.017Z,41482,1976000,2590000
2026-09-18T00:10:18.017Z,34278,3305000,4445000
2026-09-18T00:10:18.017Z,31896,488200,488300
2026-09-18T00:10:18.017Z,588,4000,8999
2026-09-18T00:10:18.017Z,2403,8501000,10970000
2026-09-18T00:10:18.017Z,43862,276400000,375000000
2026-09-18T00:10:18.017Z,45810,152200,3997000
2026-09-18T00:10:18.017Z,19281,45320000,50920000
2026-09-18T00:10:18.017Z,47786,134500,200000
2026-09-18T00:10:18.017Z,34204,913500,1000000
2026-09-18T00:10:18.017Z,78369,411000000,499000000
2026-09-18T00:10:18.017Z,33391,100000,4900000
2026-09-18T00:10:18.017Z,57482,73530000,92780000
2026-09-18T00:10:18.017Z,33039,130100,5940000
2026-09-18T00:10:18.017Z,61217,1264000,8800000
2026-09-18T00:10:18.017Z,49812,1008000,139700000
2026-09-18T00:10:18.017Z,3041,631300,697600
2026-09-18T00:10:18.017Z,27361,720,754.5
2026-09-18T00:10:18.017Z,601,110.7,2497
2026-09-18T00:10:18.017Z,33232,100000,25000000
2026-09-18T00:10:18.017Z,33388,100000,3900000
2026-09-18T00:10:18.017Z,33386,100000,4900000
2026-09-18T00:10:18.017Z,33392,100000,3900000
2026-09-18T00:10:18.017Z,33224,100000,3900000
2026-09-18T00:10:18.017Z,33228,100100,4900000
2026-09-18T00:10:18.017Z,33373,250100,4900000
2026-09-18T00:10:18.017Z,33390,550100,3900000
2026-09-18T00:10:18.017Z,33225,350100,4900000
2026-09-18T00:10:18.017Z,33227,200100,4900000
2026-09-18T00:10:18.017Z,33226,210100,15080000
2026-09-18T00:10:18.017Z,33230,100000,15000000
2026-09-18T00:10:18.017Z,33387,510100,4900000
2026-09-18T00:10:18.017Z,13867,5151000,11160000
2026-09-18T00:10:18.017Z,15810,115500000,123500000
2026-09-18T00:10:18.017Z,41202,388900000,480300000
2026-09-18T00:10:18.017Z,57114,200300000,301500000
2026-09-18T00:10:18.017Z,23166,104.6,104.7
2026-09-18T00:10:18.017Z,23051,904.8,2469
2026-09-18T00:10:18.017Z,7247,655700,899600
2026-09-18T00:10:18.017Z,20421,90330,93340
2026-09-18T00:10:18.017Z,81949,1999000,38650000
2026-09-18T00:10:18.017Z,14158,17600000,23780000
2026-09-18T00:10:18.017Z,901,5008,2248000
2026-09-18T00:10:18.017Z,41477,532000,600800
2026-09-18T00:10:18.017Z,41291,2.19,5468
2026-09-18T00:10:18.017Z,18756,551700,1475000
2026-09-18T00:10:18.017Z,19693,109800000,112000000
2026-09-18T00:10:18.017Z,25976,,2389000
2026-09-18T00:10:18.017Z,29248,430100,525000
2026-09-18T00:10:18.017Z,55641,100.2,89000
2026-09-18T00:10:18.017Z,16248,110800000,119100000
2026-09-18T00:10:18.017Z,60244,54410000,59990000
2026-09-18T00:10:18.017Z,77114,51000000,54080000
2026-09-18T00:10:18.017Z,15879,5867000,8380000
2026-09-18T00:10:18.017Z,89668,8700000,48680000
2026-09-18T00:10:18.017Z,23019,375.8,640.1
2026-09-18T00:10:18.017Z,55692,1172,50000
2026-09-18T00:10:18.017Z,3482,550000000,619000000
2026-09-18T00:10:18.017Z,47272,15710000,18840000
2026-09-18T00:10:18.017Z,17918,709900000,757800000
2026-09-18T00:10:18.017Z,13976,7282000,9254000
2026-09-18T00:10:18.017Z,11303,46570,235900
2026-09-18T00:10:18.017Z,44139,100,899500
2026-09-18T00:10:18.017Z,13219,10930000,17150000
2026-09-18T00:10:18.017Z,23147,14000,61950
2026-09-18T00:10:18.017Z,96327,16440000,22570000
2026-09-18T00:10:18.017Z,85400,19910,23200
2026-09-18T00:10:18.017Z,23824,40150000,58780000
2026-09-18T00:10:18.017Z,62046,1013000,3999000
2026-09-18T00:10:18.017Z,20589,299000,4886000
2026-09-18T00:10:18.017Z,35700,53670000,349300000
2026-09-18T00:10:18.017Z,46005,2754000,2943000
2026-09-18T00:10:18.017Z,24539,603.4,661.9
2026-09-18T00:10:18.017Z,88537,20000,676400
2026-09-18T00:10:18.017Z,73795,17240000,18980000
2026-09-18T00:10:18.017Z,2078,189300000,225000000
2026-09-18T00:10:18.017Z,33950,364500000,449300000
2026-09-18T00:10:18.017Z,46181,,10440000
2026-09-18T00:10:18.017Z,60925,11290000,96850000
2026-09-18T00:10:18.017Z,15134,800700000,1192000000
2026-09-18T00:10:18.017Z,31017,8078000,9142000
2026-09-18T00:10:18.017Z,95501,2005000,5800000
2026-09-18T00:10:18.017Z,3120,3263000,6408000
2026-09-18T00:10:18.017Z,596,2200,31890
2026-09-18T00:10:18.017Z,43795,0.01,27770000
2026-09-18T00:10:18.017Z,33403,237100000,279900000
2026-09-18T00:10:18.017Z,3576,34660,126000
2026-09-18T00:10:18.017Z,31626,3113000,3801000
2026-09-18T00:10:18.017Z,17175,2605000,5900000
2026-09-18T00:10:18.017Z,45608,34740000,37630000
2026-09-18T00:10:18.017Z,93999,1050000000,1261000000
2026-09-18T00:10:18.017Z,3125,7000000,8198000
2026-09-18T00:10:18.017Z,20371,177500000,277000000
2026-09-18T00:10:18.017Z,52312,565000,615200
2026-09-18T00:10:18.017Z,31620,,329100
2026-09-18T00:10:18.017Z,45630,31050000,34780000
2026-09-18T00:10:18.017Z,56708,99,158.9
2026-09-18T00:10:18.017Z,56848,18170000,32850000
2026-09-18T00:10:18.017Z,20213,3661000,4900000
2026-09-18T00:10:18.017Z,13994,3902000,4157000
2026-09-18T00:10:18.017Z,1256,384900,432100
2026-09-18T00:10:18.017Z,31107,724000,1003000
2026-09-18T00:10:18.017Z,35038,1003,19730
2026-09-18T00:10:18.017Z,5719,201200,236100
2026-09-18T00:10:18.017Z,28211,1303000,1424000
2026-09-18T00:10:18.017Z,92383,29070000,339100000
2026-09-18T00:10:18.017Z,3275,71350000,97740000
2026-09-18T00:10:18.017Z,52562,7240000,48990000
2026-09-18T00:10:18.017Z,53713,611500000,649800000
2026-09-18T00:10:18.017Z,89614,136.2,494.9
2026-09-18T00:10:18.017Z,47136,26450000,39990000
2026-09-18T00:10:18.017Z,53021,8150000,22500000
2026-09-18T00:10:18.017Z,7585,39040,322900
2026-09-18T00:10:18.017Z,3249,382900000,645500000
2026-09-18T00:10:18.017Z,60750,20000,62500
2026-09-18T00:10:18.017Z,14166,57800000,66750000
2026-09-18T00:10:18.017Z,48146,127200000,213800000
2026-09-18T00:10:18.017Z,34024,45210000,98400000
2026-09-18T00:10:18.017Z,657,2008000,2207000
2026-09-18T00:10:18.017Z,73227,2005000,8000000
2026-09-18T00:10:18.017Z,92566,151.1,160
2026-09-18T00:10:18.017Z,24702,48100000,50000000
2026-09-18T00:10:18.017Z,36732,0.01,599900000
2026-09-18T00:10:18.017Z,41099,16010000,200000000
2026-09-18T00:10:18.017Z,22130,301700000,356700000
2026-09-18T00:10:18.017Z,13260,14550000,16770000
2026-09-18T00:10:18.017Z,27080,102600,600000
2026-09-18T00:10:18.017Z,34816,,1985000000
2026-09-18T00:10:18.017Z,643,130200000,142900000
2026-09-18T00:10:18.017Z,1276,14600,188700
2026-09-18T00:10:18.017Z,215,4.01,5.8
2026-09-18T00:10:18.017Z,87602,52110,5000000
2026-09-18T00:10:18.017Z,78886,1005000,98790000
2026-09-18T00:10:18.017Z,49146,107000000,399000000
2026-09-18T00:10:18.017Z,48894,196700000,348100000
2026-09-18T00:10:18.017Z,90813,504700,4987000
2026-09-18T00:10:18.017Z,60306,706900,989200
2026-09-18T00:10:18.017Z,21330,7.71,189
2026-09-18T00:10:18.017Z,34132,225600000,264800000
2026-09-18T00:10:18.017Z,41218,25830000,26900000
2026-09-18T00:10:18.017Z,28197,1445000,2619000
2026-09-18T00:10:18.017Z,9846,107900,120700
2026-09-18T00:10:18.017Z,21348,103.3,687
2026-09-18T00:10:18.017Z,40462,12550,5807000
2026-09-18T00:10:18.017Z,29089,406500,591300
2026-09-18T00:10:18.017Z,34704,111300,1998000
2026-09-18T00:10:18.017Z,34062,227700000,724100000
2026-09-18T00:10:18.017Z,84135,172800000,275000000
2026-09-18T00:10:18.017Z,3695,6082,7597
2026-09-18T00:10:18.017Z,62568,4264,4683
2026-09-18T00:10:18.017Z,82304,560.2,785
2026-09-18T00:10:18.017Z,55539,10000,99000
2026-09-18T00:10:18.017Z,18762,116900,640800
2026-09-18T00:10:18.017Z,26430,10470000,17170000
2026-09-18T00:10:18.017Z,19337,37350000,45990000
2026-09-18T00:10:18.017Z,14268,150600000,162900000
2026-09-18T00:10:18.017Z,17715,201200000,208600000
2026-09-18T00:10:18.017Z,5399,2035,11880
2026-09-18T00:10:18.017Z,88526,480000,2114000
2026-09-18T00:10:18.017Z,7827,241100,368800
2026-09-18T00:10:18.017Z,20767,73250,121100
2026-09-18T00:10:18.017Z,9947,1844000,2088000
2026-09-18T00:10:18.017Z,45785,502800,3839000
2026-09-18T00:10:18.017Z,31967,114500000,124900000
2026-09-18T00:10:18.017Z,25268,40130,69580
2026-09-18T00:10:18.017Z,57484,4567000,6948000
2026-09-18T00:10:18.017Z,92968,102600000,171100000
2026-09-18T00:10:18.017Z,95716,22110000,74840000
2026-09-18T00:10:18.017Z,9211,45000,52000
2026-09-18T00:10:18.017Z,2508,275,321
2026-09-18T00:10:18.017Z,27551,200000,49480000
2026-09-18T00:10:18.017Z,45812,61080,2212000
2026-09-18T00:10:18.017Z,60667,98300,911900
2026-09-18T00:10:18.017Z,57481,4988000,5879000
2026-09-18T00:10:18.017Z,49772,4313000,7200000
2026-09-18T00:10:18.017Z,33176,56310,56320
2026-09-18T00:10:18.017Z,55332,1.23,14000
2026-09-18T00:10:18.017Z,49719,,1263000
2026-09-18T00:10:18.017Z,55686,5003,177000
2026-09-18T00:10:18.017Z,47466,207100000,224400000
2026-09-18T00:10:18.017Z,83304,40000,99500
2026-09-18T00:10:18.017Z,87796,180000,398700
2026-09-18T00:10:18.017Z,37298,185000000,214200000
2026-09-18T00:10:18.017Z,10217,91000000,97450000
2026-09-18T00:10:18.017Z,3982,50970,3200000
2026-09-18T00:10:18.017Z,17167,606000,2885000
2026-09-18T00:10:18.017Z,47649,610000,3979000
2026-09-18T00:10:18.017Z,15891,114200000,123300000
2026-09-18T00:10:18.017Z,18821,16470000,29600000
2026-09-18T00:10:18.017Z,40583,10000,15000000
2026-09-18T00:10:18.017Z,53372,118200,1399000
2026-09-18T00:10:18.017Z,25563,993800,1617000
2026-09-18T00:10:18.017Z,89156,22000000,39420000
2026-09-18T00:10:18.017Z,3380,20,33000
2026-09-18T00:10:18.017Z,11585,336,9000
2026-09-18T00:10:18.017Z,18835,826500,1992000
2026-09-18T00:10:18.017Z,56845,12470000,24920000
2026-09-18T00:10:18.017Z,13254,14820000,18700000
2026-09-18T00:10:18.017Z,14230,35140000,44480000
2026-09-18T00:10:18.017Z,95672,3212000,4000000
2026-09-18T00:10:18.017Z,9453,12760,64730
2026-09-18T00:10:18.017Z,17202,101.6,7000
2026-09-18T00:10:18.017Z,8023,2604,9740
2026-09-18T00:10:18.017Z,7289,3001,17990
2026-09-18T00:10:18.017Z,33441,19210,23200
2026-09-18T00:10:18.017Z,14278,165100,365700
2026-09-18T00:10:18.017Z,52231,44010000,62860000
2026-09-18T00:10:18.017Z,18847,10610000,13300000
2026-09-18T00:10:18.017Z,3532,147100000,279900000
2026-09-18T00:10:18.017Z,33618,22950000,24990000
2026-09-18T00:10:18.017Z,17194,26720,441400
2026-09-18T00:10:18.017Z,49991,751,874.9
2026-09-18T00:10:18.017Z,32120,1912000,9899000
2026-09-18T00:10:18.017Z,12275,,499200
2026-09-18T00:10:18.017Z,88647,180000,14950000
2026-09-18T00:10:18.017Z,83357,20010,896700
2026-09-18T00:10:18.017Z,41415,120100000,128000000
2026-09-18T00:10:18.017Z,19044,437900000,523800000
2026-09-18T00:10:18.017Z,55525,5000,98610
2026-09-18T00:10:18.017Z,57460,505600,513900
2026-09-18T00:10:18.017Z,95720,418600000,727400000
2026-09-18T00:10:18.017Z,91282,31030000,50330000
2026-09-18T00:10:18.017Z,49737,17320000,18950000
2026-09-18T00:10:18.017Z,11285,3211,3870
2026-09-18T00:10:18.017Z,14013,4118,49570
2026-09-18T00:10:18.017Z,13995,461000,844400
2026-09-18T00:10:18.017Z,47257,282400,333300
2026-09-18T00:10:18.017Z,56639,3600,47980
2026-09-18T00:10:18.017Z,33555,87340000,117000000
2026-09-18T00:10:18.017Z,14127,26000000,26000000
2026-09-18T00:10:18.017Z,48387,6110000,14850000
2026-09-18T00:10:18.017Z,17210,2003000,4132000
2026-09-18T00:10:18.017Z,43555,1780000,2007000
2026-09-18T00:10:18.017Z,18849,361300000,401400000
2026-09-18T00:10:18.017Z,486,6052,29950
2026-09-18T00:10:18.017Z,37820,18950000,23820000
2026-09-18T00:10:18.017Z,85089,163500,170000
2026-09-18T00:10:18.017Z,21538,44640000,69980000
2026-09-18T00:10:18.017Z,47779,464500,1300000
2026-09-18T00:10:18.017Z,21857,164.1,480
2026-09-18T00:10:18.017Z,56141,24530000,26840000
2026-09-18T00:10:18.017Z,3455,12.01,43990
2026-09-18T00:10:18.017Z,33981,9005000,11000000
2026-09-18T00:10:18.017Z,11311,110000,145000
2026-09-18T00:10:18.017Z,41208,9745000000,11500000000
2026-09-18T00:10:18.017Z,20921,45.69,118
2026-09-18T00:10:18.017Z,45753,19010,220100
2026-09-18T00:10:18.017Z,499,1596,18880
2026-09-18T00:10:18.017Z,12785,80,82
2026-09-18T00:10:18.017Z,53494,65010,499800
2026-09-18T00:10:18.017Z,3100,372900000,580500000
2026-09-18T00:10:18.017Z,45566,,179000000
2026-09-18T00:10:18.017Z,14246,36340000,39000000
2026-09-18T00:10:18.017Z,9942,7402000,7998000
2026-09-18T00:10:18.017Z,33151,117100000,124300000
2026-09-18T00:10:18.017Z,17528,76920000,109900000
2026-09-18T00:10:18.017Z,23562,1077000,19000000
2026-09-18T00:10:18.017Z,76487,16000000,53420000
2026-09-18T00:10:18.017Z,91921,1695000,2493000
2026-09-18T00:10:18.017Z,34723,4405,620000
2026-09-18T00:10:18.017Z,82389,10100,2046000
2026-09-18T00:10:18.017Z,23785,50610000,89410000
2026-09-18T00:10:18.017Z,19171,78530000,93400000
2026-09-18T00:10:18.017Z,3130,1166000,1287000
2026-09-18T00:10:18.017Z,55575,,12810
2026-09-18T00:10:18.017Z,93359,20010,119700
2026-09-18T00:10:18.017Z,88525,40000,297800
2026-09-18T00:10:18.017Z,78819,60360000,398000000
2026-09-18T00:10:18.017Z,16527,408000,528500
2026-09-18T00:10:18.017Z,14088,77150,77160
2026-09-18T00:10:18.017Z,44888,100000,27300000
2026-09-18T00:10:18.017Z,45766,150100,1502000
2026-09-18T00:10:18.017Z,54752,613100000,1137000000
2026-09-18T00:10:18.017Z,54310,20000000,83700000
2026-09-18T00:10:18.017Z,81018,11510000,32860000
2026-09-18T00:10:18.017Z,24305,5209000,5887000
2026-09-18T00:10:18.017Z,31294,152200,5188000
2026-09-18T00:10:18.017Z,23799,1028000,30000000
2026-09-18T00:10:18.017Z,91947,1969000,2700000
2026-09-18T00:10:18.017Z,3198,496700000,599200000
2026-09-18T00:10:18.017Z,85673,420800000,526100000
2026-09-18T00:10:18.017Z,3717,157.4,200
2026-09-18T00:10:18.017Z,14084,160000,342800
2026-09-18T00:10:18.017Z,47138,8701000,11990000
2026-09-18T00:10:18.017Z,10998,12960,21720
2026-09-18T00:10:18.017Z,15854,2695000,38900000
2026-09-18T00:10:18.017Z,28300,12430000,13290000
2026-09-18T00:10:18.017Z,44182,11000,2261000
2026-09-18T00:10:18.017Z,91923,2627000,19590000
2026-09-18T00:10:18.017Z,2175,869900,880000
2026-09-18T00:10:18.017Z,41174,351800000,482000000
2026-09-18T00:10:18.017Z,43732,310100000,390000000
2026-09-18T00:10:18.017Z,21496,23540000,80000000
2026-09-18T00:10:18.017Z,54292,20160,24770
2026-09-18T00:10:18.017Z,2871,1486000,1500000
2026-09-18T00:10:18.017Z,94065,150100000,194400000
2026-09-18T00:10:18.017Z,18907,84420000,103500000
2026-09-18T00:10:18.017Z,91962,2067000,2700000
2026-09-18T00:10:18.017Z,45782,511300,15110000
2026-09-18T00:10:18.017Z,26914,2009000,2280000
2026-09-18T00:10:18.017Z,48489,0.01,42990000
2026-09-18T00:10:18.017Z,34124,9791000,12530000
2026-09-18T00:10:18.017Z,16665,8301,8798
2026-09-18T00:10:18.017Z,50004,4000000,1559000000
2026-09-18T00:10:18.017Z,78817,219000,219900000
2026-09-18T00:10:18.017Z,55693,,21070
2026-09-18T00:10:18.017Z,33153,113200000,130100000
2026-09-18T00:10:18.017Z,17263,5111,4000000
2026-09-18T00:10:18.017Z,56076,770900,1198000
2026-09-18T00:10:18.017Z,3233,326600000,668900000
2026-09-18T00:10:18.017Z,47931,1174,1479
2026-09-18T00:10:18.017Z,23559,26040,259400
2026-09-18T00:10:18.017Z,22535,149100000,164200000
2026-09-18T00:10:18.017Z,30378,54800,58430
2026-09-18T00:10:18.017Z,93840,94310000,138000000
2026-09-18T00:10:18.017Z,7619,216800,848000
2026-09-18T00:10:18.017Z,31069,3146000,4676000
2026-09-18T00:10:18.017Z,82317,81.51,159
2026-09-18T00:10:18.017Z,269,11,21.98
2026-09-18T00:10:18.017Z,21084,10000,59900
2026-09-18T00:10:18.017Z,2613,55,55.17
2026-09-18T00:10:18.017Z,21212,16830,498500
2026-09-18T00:10:18.017Z,48432,69520,135400
2026-09-18T00:10:18.017Z,60159,7930000,29850000
2026-09-18T00:10:18.017Z,82316,106.8,137
2026-09-18T00:10:18.017Z,62552,2024,2150
2026-09-18T00:10:18.017Z,1231,914.9,1045
2026-09-18T00:10:18.017Z,15478,15310000,17600000
2026-09-18T00:10:18.017Z,15709,11000000,13800000
2026-09-18T00:10:18.017Z,87509,4192000,12900000
2026-09-18T00:10:18.017Z,3426,502.9,18730
2026-09-18T00:10:18.017Z,15605,3668000,4571000
2026-09-18T00:10:18.017Z,13287,352200,787900
2026-09-18T00:10:18.017Z,17859,2100,4875
2026-09-18T00:10:18.017Z,31029,7320000,9261000
2026-09-18T00:10:18.017Z,24546,0.01,3141342800
2026-09-18T00:10:18.017Z,47005,23550000,31980000
2026-09-18T00:10:18.017Z,47837,30010000,59740000
2026-09-18T00:10:18.017Z,54395,427800000,466000000
2026-09-18T00:10:18.017Z,11746,309.7,1498
2026-09-18T00:10:18.017Z,54378,390600000,474800000
2026-09-18T00:10:18.017Z,14140,27400000,29400000
2026-09-18T00:10:18.017Z,62632,27360000,34230000
2026-09-18T00:10:18.017Z,18921,66030000,74610000
2026-09-18T00:10:18.017Z,47348,24500000,29320000
2026-09-18T00:10:18.017Z,42685,12900000,13750000
2026-09-18T00:10:18.017Z,9451,115000,225100
2026-09-18T00:10:18.017Z,84087,72000000,93800000
2026-09-18T00:10:18.017Z,22107,20550000,22570000
2026-09-18T00:10:18.017Z,14768,259700000,482300000
2026-09-18T00:10:18.017Z,45633,32630000,35390000
2026-09-18T00:10:18.017Z,44912,130500,24900000
2026-09-18T00:10:18.017Z,44925,3650000,16480000
2026-09-18T00:10:18.017Z,34623,1200000,13490000
2026-09-18T00:10:18.017Z,18909,51330000,68870000
2026-09-18T00:10:18.017Z,19065,80440,4100000
2026-09-18T00:10:18.017Z,50033,22950000,219700000
2026-09-18T00:10:18.017Z,37881,600000,3777000
2026-09-18T00:10:18.017Z,28813,757100000,843600000
2026-09-18T00:10:18.017Z,45769,,950000
2026-09-18T00:10:18.017Z,63253,127300000,289500000
2026-09-18T00:10:18.017Z,62464,1221,1495
2026-09-18T00:10:18.017Z,23811,47760000,72430000
2026-09-18T00:10:18.017Z,84085,25450000,109000000
2026-09-18T00:10:18.017Z,74523,11.3,19.9
2026-09-18T00:10:18.017Z,47700,86460000,108200000
2026-09-18T00:10:18.017Z,19027,213500000,238000000
2026-09-18T00:10:18.017Z,90414,225000000,439100000
2026-09-18T00:10:18.017Z,23702,5000,59410
2026-09-18T00:10:18.017Z,21790,201.3,179000
2026-09-18T00:10:18.017Z,56617,5127000,10690000
2026-09-18T00:10:18.017Z,23170,20070,280000
2026-09-18T00:10:18.017Z,16004,112000000,118200000
2026-09-18T00:10:18.017Z,91618,130100000,189900000
2026-09-18T00:10:18.017Z,44161,500000,1448000
2026-09-18T00:10:18.017Z,37627,246900000,270000000
2026-09-18T00:10:18.017Z,13249,15190000,16730000
2026-09-18T00:10:18.017Z,31153,212300,238700
2026-09-18T00:10:18.017Z,63856,30250,899900
2026-09-18T00:10:18.017Z,62562,5566,6595
2026-09-18T00:10:18.017Z,14178,25200000,28400000
2026-09-18T00:10:18.017Z,31408,1359000,1735000
2026-09-18T00:10:18.017Z,27924,962200,1385000
2026-09-18T00:10:18.017Z,11451,157900,1000000
2026-09-18T00:10:18.017Z,3566,2141,6999
2026-09-18T00:10:18.017Z,7451,460500,546200
2026-09-18T00:10:18.017Z,591,215300,245200
2026-09-18T00:10:18.017Z,85447,11270000,21000000
2026-09-18T00:10:18.017Z,18807,4045000,8541000
2026-09-18T00:10:18.017Z,72904,7205000,8489000
2026-09-18T00:10:18.017Z,14960,157300000,444600000
2026-09-18T00:10:18.017Z,23037,480.2,536.4
2026-09-18T00:10:18.017Z,46911,156300,1950000
2026-09-18T00:10:18.017Z,46750,367800,920000
2026-09-18T00:10:18.017Z,21,504.5,880
2026-09-18T00:10:18.017Z,47896,7521,17000
2026-09-18T00:10:18.017Z,46998,232200,5750000
2026-09-18T00:10:18.017Z,16065,22550000,28500000
2026-09-18T00:10:18.017Z,27634,2300000,23980000
2026-09-18T00:10:18.017Z,59405,908400,3897000
2026-09-18T00:10:18.017Z,49978,321500,15820000
2026-09-18T00:10:18.017Z,3267,537800000,640400000
2026-09-18T00:10:18.017Z,93908,91280000,145800000
2026-09-18T00:10:18.017Z,55556,1000,259900
2026-09-18T00:10:18.017Z,45523,1000000,4437000
2026-09-18T00:10:18.017Z,15844,1374000,3972000
2026-09-18T00:10:18.017Z,7329,5084,10410
2026-09-18T00:10:18.017Z,7745,221000,249000
2026-09-18T00:10:18.017Z,45856,40500000,108300000
2026-09-18T00:10:18.017Z,62397,4136,4560
2026-09-18T00:10:18.017Z,95726,250600000,389900000
2026-09-18T00:10:18.017Z,91934,1539000,2874000
2026-09-18T00:10:18.017Z,84340,19510000,24930000
2026-09-18T00:10:18.017Z,52296,606900,5884000
2026-09-18T00:10:18.017Z,16064,94050000,106100000
2026-09-18T00:10:18.017Z,43777,481200,1081000
2026-09-18T00:10:18.017Z,96041,1250000000,1659000000
2026-09-18T00:10:18.017Z,11688,17300,18840
2026-09-18T00:10:18.017Z,24638,93590000,118200000
2026-09-18T00:10:18.017Z,54558,31140000,169700000
2026-09-18T00:10:18.017Z,83382,680000,16380000
2026-09-18T00:10:18.017Z,59407,901000,1899000
2026-09-18T00:10:18.017Z,573,1572000,2270000
2026-09-18T00:10:18.017Z,90643,40000,749700
2026-09-18T00:10:18.017Z,32311,384400000,397600000
2026-09-18T00:10:18.017Z,37816,1100000,2540000
2026-09-18T00:10:18.017Z,47250,13090000,278600000
2026-09-18T00:10:18.017Z,22474,256600000,268600000
2026-09-18T00:10:18.017Z,55639,25.01,8000
2026-09-18T00:10:18.017Z,55657,10090,101200
2026-09-18T00:10:18.017Z,3094,84260000,96350000
2026-09-18T00:10:18.017Z,11541,35130,36270
2026-09-18T00:10:18.017Z,2444,98290,124000
2026-09-18T00:10:18.017Z,62384,81280,82480
2026-09-18T00:10:18.017Z,85747,18300000,19790000
2026-09-18T00:10:18.017Z,3128,4001000,6173000
2026-09-18T00:10:18.017Z,24692,147500000,158900000
2026-09-18T00:10:18.017Z,27554,13150000,37150000
2026-09-18T00:10:18.017Z,87776,10000000,29280000
2026-09-18T00:10:18.017Z,63789,44360000,110000000
2026-09-18T00:10:18.017Z,27194,172600000,198900000
2026-09-18T00:10:18.017Z,15278,1750000000,1897000000
2026-09-18T00:10:18.017Z,31163,26810000,29000000
2026-09-18T00:10:18.017Z,54975,38500000,44480000
2026-09-18T00:10:18.017Z,31870,2151000,2358000
2026-09-18T00:10:18.017Z,31866,1634000,1912000
2026-09-18T00:10:18.017Z,9828,729.4,769
2026-09-18T00:10:18.017Z,82383,10000,988500
2026-09-18T00:10:18.017Z,15824,602900,1997000
2026-09-18T00:10:18.017Z,9943,7314000,8209000
2026-09-18T00:10:18.017Z,96044,,96720000
2026-09-18T00:10:18.017Z,63779,5.02,99900
2026-09-18T00:10:18.017Z,3986,45100,4100000
2026-09-18T00:10:18.017Z,24471,48.12,59.99
2026-09-18T00:10:18.017Z,55606,0.01,96410
2026-09-18T00:10:18.017Z,33093,1300,47990
2026-09-18T00:10:18.017Z,45985,165100,3986000
2026-09-18T00:10:18.017Z,33962,82020000,104000000
2026-09-18T00:10:18.017Z,42208,175600000,196600000
2026-09-18T00:10:18.017Z,4141,11000000,24360000
2026-09-18T00:10:18.017Z,33557,125000000,147500000
2026-09-18T00:10:18.017Z,15913,26860,511900
2026-09-18T00:10:18.017Z,16367,331900,361000
2026-09-18T00:10:18.017Z,2297,719100,799000
2026-09-18T00:10:18.017Z,60105,50030000,899600000
2026-09-18T00:10:18.017Z,3300,3590,21700
2026-09-18T00:10:18.017Z,91939,9386000,12860000
2026-09-18T00:10:18.017Z,15508,4001,32900
2026-09-18T00:10:18.017Z,47141,7332000,18490000
2026-09-18T00:10:18.017Z,14421,10660000,116300000
2026-09-18T00:10:18.017Z,46243,43000000,69800000
2026-09-18T00:10:18.017Z,52286,4025000,19900000
2026-09-18T00:10:18.017Z,79950,25460000,130000000
2026-09-18T00:10:18.017Z,13982,12600000,16870000
2026-09-18T00:10:18.017Z,18684,148800000,163900000
2026-09-18T00:10:18.017Z,41,27.26,28
2026-09-18T00:10:18.017Z,34179,52100000,70630000
2026-09-18T00:10:18.017Z,90490,41560,332000
2026-09-18T00:10:18.017Z,62526,27.65,30
2026-09-18T00:10:18.017Z,91287,255400000,310000000
2026-09-18T00:10:18.017Z,53130,,240000000
2026-09-18T00:10:18.017Z,45916,4604000,29100000
2026-09-18T00:10:18.017Z,4058,36560000,96890000
2026-09-18T00:10:18.017Z,47934,3117,3487
2026-09-18T00:10:18.017Z,1353,15270,26280
2026-09-18T00:10:18.017Z,54307,4640000,14950000
2026-09-18T00:10:18.017Z,87573,959000000,1350000000
2026-09-18T00:10:18.017Z,3138,1421000,1559000
2026-09-18T00:10:18.017Z,899,62610,1680000
2026-09-18T00:10:18.017Z,12814,134400,154400
2026-09-18T00:10:18.017Z,23815,16260000,67890000
2026-09-18T00:10:18.017Z,28811,394400000,431000000
2026-09-18T00:10:18.017Z,21730,2106,20160
2026-09-18T00:10:18.017Z,15816,776400,3000000
2026-09-18T00:10:18.017Z,79952,79250000,149900000
2026-09-18T00:10:18.017Z,3818,550,9100
2026-09-18T00:10:18.017Z,213,14,14.73
2026-09-18T00:10:18.017Z,20759,349,1740
2026-09-18T00:10:18.017Z,23821,9293000,41800000
2026-09-18T00:10:18.017Z,55547,13470,134700
2026-09-18T00:10:18.017Z,33952,335000000,359600000
2026-09-18T00:10:18.017Z,93070,55190000,299000000
2026-09-18T00:10:18.017Z,4308,63690000,69420000
2026-09-18T00:10:18.017Z,17866,1721,2115
2026-09-18T00:10:18.017Z,18899,52250000,83990000
2026-09-18T00:10:18.017Z,40351,125800000,135600000
2026-09-18T00:10:18.017Z,55317,,98610
2026-09-18T00:10:18.017Z,592,127700,300000
2026-09-18T00:10:18.017Z,60279,54060,84910
2026-09-18T00:10:18.017Z,3357,2806,47900
2026-09-18T00:10:18.017Z,80011,,7369
2026-09-18T00:10:18.017Z,80013,150.4,460
2026-09-18T00:10:18.017Z,80016,5.02,1573
2026-09-18T00:10:18.017Z,80019,1.01,2889
2026-09-18T00:10:18.017Z,59196,50390,1942000
2026-09-18T00:10:18.017Z,3721,4000,37790
2026-09-18T00:10:18.017Z,18867,56010000,59980000
2026-09-18T00:10:18.017Z,20629,7607000,13020000
2026-09-18T00:10:18.017Z,7743,105400,249900
2026-09-18T00:10:18.017Z,54397,841400000,1104000000
2026-09-18T00:10:18.017Z,16067,81680000,106700000
2026-09-18T00:10:18.017Z,42550,141100000,161000000
2026-09-18T00:10:18.017Z,12237,21290000,27930000
2026-09-18T00:10:18.017Z,3512,994000,1273000
2026-09-18T00:10:18.017Z,30836,817900,901700
2026-09-18T00:10:18.017Z,17500,50790000,56240000
2026-09-18T00:10:18.017Z,18680,30120000,43920000
2026-09-18T00:10:18.017Z,22937,15070000,38400000
2026-09-18T00:10:18.017Z,63058,262600000,446600000
2026-09-18T00:10:18.017Z,3117,5523000,7900000
2026-09-18T00:10:18.017Z,19313,15350000,33930000
2026-09-18T00:10:18.017Z,79873,211000000,548700000
2026-09-18T00:10:18.017Z,85399,7502,8777
2026-09-18T00:10:18.017Z,33298,34080000,376200000
2026-09-18T00:10:18.017Z,2913,1563000,1607000
2026-09-18T00:10:18.017Z,92966,67200000,109000000
2026-09-18T00:10:18.017Z,13243,13600000,16840000
2026-09-18T00:10:18.017Z,55355,1027,166100
2026-09-18T00:10:18.017Z,92584,84000000,150000000
2026-09-18T00:10:18.017Z,31436,52180,458800
2026-09-18T00:10:18.017Z,15900,106600,84400000
2026-09-18T00:10:18.017Z,31772,903300,1867000
2026-09-18T00:10:18.017Z,32878,907200,1054000
2026-09-18T00:10:18.017Z,12625,31.05,50.86
2026-09-18T00:10:18.017Z,879,10,350000
2026-09-18T00:10:18.017Z,52273,,99980
2026-09-18T00:10:18.017Z,44163,100,800000
2026-09-18T00:10:18.017Z,60759,99990000,133700000
2026-09-18T00:10:18.017Z,13883,300000,1300000
2026-09-18T00:10:18.017Z,27371,600.7,768.8
2026-09-18T00:10:18.017Z,47641,13570000,19980000000
2026-09-18T00:10:18.017Z,35944,69350000,130000000
2026-09-18T00:10:18.017Z,46961,1530000,14890000
2026-09-18T00:10:18.017Z,27066,209000000,459700000
2026-09-18T00:10:18.017Z,3065,5024000,5856000
2026-09-18T00:10:18.017Z,14254,108100000,113400000
2026-09-18T00:10:18.017Z,63861,20000,1126000
2026-09-18T00:10:18.017Z,27250,111300000,120600000
2026-09-18T00:10:18.017Z,37603,114000000,353800000
2026-09-18T00:10:18.017Z,19548,102900000,120000000
2026-09-18T00:10:18.017Z,29984,214700000,230100000
2026-09-18T00:10:18.017Z,11442,9766000,13000000
2026-09-18T00:10:18.017Z,258,28000,28900
2026-09-18T00:10:18.017Z,17648,1393,2426
2026-09-18T00:10:18.017Z,17192,500.2,5892
2026-09-18T00:10:18.017Z,47822,3448000,4247000
2026-09-18T00:10:18.017Z,15218,534900000,799800000
2026-09-18T00:10:18.017Z,31608,170400,290400
2026-09-18T00:10:18.017Z,11289,5524,7093
2026-09-18T00:10:18.017Z,12263,5532000,6371000
2026-09-18T00:10:18.017Z,27855,2191000,14990000
2026-09-18T00:10:18.017Z,4345,454600000,491700000
2026-09-18T00:10:18.017Z,47073,78900000,118800000
2026-09-18T00:10:18.017Z,42788,15030000,34700000
2026-09-18T00:10:18.017Z,14264,83030000,99470000
2026-09-18T00:10:18.017Z,625,8116000,9449000
2026-09-18T00:10:18.017Z,61873,10000000,32000000
2026-09-18T00:10:18.017Z,91615,292600000,388900000
2026-09-18T00:10:18.017Z,47258,21430000,23770000
2026-09-18T00:10:18.017Z,45607,33710000,37140000
2026-09-18T00:10:18.017Z,20445,,46600000
2026-09-18T00:10:18.017Z,20587,,814900
2026-09-18T00:10:18.017Z,47975,48070,52880
2026-09-18T00:10:18.017Z,20875,6003000,20000000
2026-09-18T00:10:18.017Z,48417,206600,590100
2026-09-18T00:10:18.017Z,76174,100000,127900000
2026-09-18T00:10:18.017Z,14550,7711000000,9000000000
2026-09-18T00:10:18.017Z,54973,18000000,26500000
2026-09-18T00:10:18.017Z,46717,1600000,11500000
2026-09-18T00:10:18.017Z,62392,110300,148200
2026-09-18T00:10:18.017Z,47032,43100000,65450000
2026-09-18T00:10:18.017Z,93662,165000000,1004000000
2026-09-18T00:10:18.017Z,19079,701400,2672000
2026-09-18T00:10:18.017Z,85690,5008000,9990000
2026-09-18T00:10:18.017Z,45801,7527000,173700000
2026-09-18T00:10:18.017Z,45604,32750000,36630000
2026-09-18T00:10:18.017Z,27174,150900000,164500000
2026-09-18T00:10:18.017Z,94063,268800000,308900000
2026-09-18T00:10:18.017Z,47797,12710,90700
2026-09-18T00:10:18.017Z,27421,40290,79900
2026-09-18T00:10:18.017Z,60242,1175000,4250000
2026-09-18T00:10:18.017Z,41493,105200000,115000000
2026-09-18T00:10:18.017Z,11465,239.2,431.9
2026-09-18T00:10:18.017Z,85939,980700,11550000
2026-09-18T00:10:18.017Z,19185,296800000,344200000
2026-09-18T00:10:18.017Z,47806,95470000,105700000
2026-09-18T00:10:18.017Z,45771,100.1,600000
2026-09-18T00:10:18.017Z,34282,12830000,14050000
2026-09-18T00:10:18.017Z,1202,1308,7153
2026-09-18T00:10:18.017Z,31332,116200000,429200000
2026-09-18T00:10:18.017Z,27640,6003000,36800000
2026-09-18T00:10:18.017Z,45757,505000,1000000
2026-09-18T00:10:18.017Z,60565,3103000,21980000
2026-09-18T00:10:18.017Z,58819,0.01,1400000000
2026-09-18T00:10:18.017Z,14076,83110,83120
2026-09-18T00:10:18.017Z,4231,39350000,44990000
2026-09-18T00:10:18.017Z,79741,24360000,39970000
2026-09-18T00:10:18.017Z,52439,40370000,2690000000
2026-09-18T00:10:18.017Z,14078,52120,243700
2026-09-18T00:10:18.017Z,73462,500000,1998000
2026-09-18T00:10:18.017Z,48543,262500000,489800000
2026-09-18T00:10:18.017Z,57454,121200,137800
2026-09-18T00:10:18.017Z,76177,1005000,137900000
2026-09-18T00:10:18.017Z,46818,1222000,8696000
2026-09-18T00:10:18.017Z,46827,505000,2997000
2026-09-18T00:10:18.017Z,46967,60100,6383000
2026-09-18T00:10:18.017Z,46926,523200,5006000
2026-09-18T00:10:18.017Z,46849,535200,15460000
2026-09-18T00:10:18.017Z,46862,1104000,12800000
2026-09-18T00:10:18.017Z,28274,230600,330000
2026-09-18T00:10:18.017Z,15915,10000,690000
2026-09-18T00:10:18.017Z,40697,63700000,149000000
2026-09-18T00:10:18.017Z,44210,50000,13490000
2026-09-18T00:10:18.017Z,27239,145900000,167500000
2026-09-18T00:10:18.017Z,20779,14460,29300
2026-09-18T00:10:18.017Z,45768,10010,400000
2026-09-18T00:10:18.017Z,90404,1105000000,1798000000
2026-09-18T00:10:18.017Z,22969,246.1,369
2026-09-18T00:10:18.017Z,57317,37500000,45900000
2026-09-18T00:10:18.017Z,11269,684000,742500
2026-09-18T00:10:18.017Z,19141,27610000,33060000
2026-09-18T00:10:18.017Z,7579,377000,539600
2026-09-18T00:10:18.017Z,31013,17000000,30990000
2026-09-18T00:10:18.017Z,26418,54790000,66470000
2026-09-18T00:10:18.017Z,14694,964900000,1880000000
2026-09-18T00:10:18.017Z,9417,232000,429500
2026-09-18T00:10:18.017Z,13879,8176000,23070000
2026-09-18T00:10:18.017Z,87238,756300000,2949000000
2026-09-18T00:10:18.017Z,13244,15250000,16620000
2026-09-18T00:10:18.017Z,22542,16750,29620
2026-09-18T00:10:18.017Z,3665,1027000,1998000
2026-09-18T00:10:18.017Z,15863,2704000,11400000
2026-09-18T00:10:18.017Z,34709,123600,116400000
2026-09-18T00:10:18.017Z,61199,860300,1065000
2026-09-18T00:10:18.017Z,23791,4002,12000
2026-09-18T00:10:18.017Z,34631,125700,19000000
2026-09-18T00:10:18.017Z,1197,2504,6990
2026-09-18T00:10:18.017Z,37523,,2350000000
2026-09-18T00:10:18.017Z,45848,147500,3441000
2026-09-18T00:10:18.017Z,28364,7760,8398
2026-09-18T00:10:18.017Z,25588,2784,2785
2026-09-18T00:10:18.017Z,84997,,626900000
2026-09-18T00:10:18.017Z,52274,11560,126700
2026-09-18T00:10:18.017Z,17553,1118,990000
2026-09-18T00:10:18.017Z,43681,266200000,298700000
2026-09-18T00:10:18.017Z,46115,,530700000
2026-09-18T00:10:18.017Z,61190,68220000,650300000
2026-09-18T00:10:18.017Z,91083,272,4369000
2026-09-18T00:10:18.017Z,61209,104600,709400
2026-09-18T00:10:18.017Z,4302,62370000,70560000
2026-09-18T00:10:18.017Z,22806,109100,149000
2026-09-18T00:10:18.017Z,22809,50000,149000
2026-09-18T00:10:18.017Z,45748,4104000,4990000
2026-09-18T00:10:18.017Z,3412,225,499000
2026-09-18T00:10:18.017Z,30653,1101000,2450000
2026-09-18T00:10:18.017Z,1172,80020,4000000
2026-09-18T00:10:18.017Z,17683,1000000,10990000
2026-09-18T00:10:18.017Z,15294,3623000000,4200000000
2026-09-18T00:10:18.017Z,83338,10000,97990
2026-09-18T00:10:18.017Z,40698,77010000,140200000
2026-09-18T00:10:18.017Z,55334,69.08,80000
2026-09-18T00:10:18.017Z,32436,847.9,4706
2026-09-18T00:10:18.017Z,33936,6002000,22840000
2026-09-18T00:10:18.017Z,45847,1103000,9961000
2026-09-18T00:10:18.017Z,20913,10.2,40.57
2026-09-18T00:10:18.017Z,83062,20000,96980
2026-09-18T00:10:18.017Z,55691,100,187000
2026-09-18T00:10:18.017Z,37880,151000,5000000
2026-09-18T00:10:18.017Z,19206,181200000,233000000
2026-09-18T00:10:18.017Z,22120,22630000,36490000
2026-09-18T00:10:18.017Z,48418,841500,2690000
2026-09-18T00:10:18.017Z,55311,1100,421000
2026-09-18T00:10:18.017Z,85542,390800,4189000
2026-09-18T00:10:18.017Z,55557,69.7,80000
2026-09-18T00:10:18.017Z,27260,23980000,27420000
2026-09-18T00:10:18.017Z,56920,,265100000
2026-09-18T00:10:18.017Z,41153,22350000,70360000
2026-09-18T00:10:18.017Z,79737,1103000,10000000
2026-09-18T00:10:18.017Z,31982,3207,26600
2026-09-18T00:10:18.017Z,48429,336700,884800
2026-09-18T00:10:18.017Z,36450,5802000,42920000
2026-09-18T00:10:18.017Z,47251,60330000,169900000
2026-09-18T00:10:18.017Z,42702,501000,2242000
2026-09-18T00:10:18.017Z,87239,255200000,689900000
2026-09-18T00:10:18.017Z,45609,33490000,38280000
2026-09-18T00:10:18.017Z,2183,18120,22360
2026-09-18T00:10:18.017Z,34735,998800,17960000
2026-09-18T00:10:18.017Z,25275,40890,74620
2026-09-18T00:10:18.017Z,82068,8101000,89390000
2026-09-18T00:10:18.017Z,578,147800,171500
2026-09-18T00:10:18.017Z,74116,116000000,475800000
2026-09-18T00:10:18.017Z,55615,2001,109800
2026-09-18T00:10:18.017Z,90660,,198000000
2026-09-18T00:10:18.017Z,47632,31030000,120000000
2026-09-18T00:10:18.017Z,53208,10010000,25120000
2026-09-18T00:10:18.017Z,7535,8405,104600
2026-09-18T00:10:18.017Z,2205,311300,343000
2026-09-18T00:10:18.017Z,18897,60160000,88980000
2026-09-18T00:10:18.017Z,49935,130100000,744900000
2026-09-18T00:10:18.017Z,15812,6071000,8890000
2026-09-18T00:10:18.017Z,33177,9999,700000
2026-09-18T00:10:18.017Z,19025,116000000,127300000
2026-09-18T00:10:18.017Z,15889,38140000,43190000
2026-09-18T00:10:18.017Z,91928,19210000,79990000
2026-09-18T00:10:18.017Z,19537,80000000,111200000
2026-09-18T00:10:18.017Z,37306,157300000,174300000
2026-09-18T00:10:18.017Z,90122,182200000,379500000
2026-09-18T00:10:18.017Z,63195,10650,11630
2026-09-18T00:10:18.017Z,43849,47030000,61930000
2026-09-18T00:10:18.017Z,4138,120000,6113000
2026-09-18T00:10:18.017Z,5179,100600,379700
2026-09-18T00:10:18.017Z,41521,1317,48490
2026-09-18T00:10:18.017Z,83293,1000,74950
2026-09-18T00:10:18.017Z,83352,20060,1043000
2026-09-18T00:10:18.017Z,41270,3618,10810
2026-09-18T00:10:18.017Z,46352,509400,7000000
2026-09-18T00:10:18.017Z,33830,2138000,4900000
2026-09-18T00:10:18.017Z,79714,2500000,9082000
2026-09-18T00:10:18.017Z,19177,119000000,154300000
2026-09-18T00:10:18.017Z,54748,189200000,198800000
2026-09-18T00:10:18.017Z,85001,9000000,11680000000
2026-09-18T00:10:18.017Z,41047,60050000,421700000
2026-09-18T00:10:18.017Z,1229,1404,2000
2026-09-18T00:10:18.017Z,36912,21460000,33950000
2026-09-18T00:10:18.017Z,53897,126900000,157000000
2026-09-18T00:10:18.017Z,91977,53110000,82550000
2026-09-18T00:10:18.017Z,42777,1210000,8895000
2026-09-18T00:10:18.017Z,41252,73020000,90150000
2026-09-18T00:10:18.017Z,56132,106900,146500
2026-09-18T00:10:18.017Z,15887,38510000,43200000
2026-09-18T00:10:18.017Z,28676,1738000,1921000
2026-09-18T00:10:18.017Z,440,2556000,2733000
2026-09-18T00:10:18.017Z,33028,9000000,37000000
2026-09-18T00:10:18.017Z,27858,11510000,29250000
2026-09-18T00:10:18.017Z,3247,1503000,5583000
2026-09-18T00:10:18.017Z,48896,370600000,515200000
2026-09-18T00:10:18.017Z,62523,26.34,32.86
2026-09-18T00:10:18.017Z,91959,5371000,44800000
2026-09-18T00:10:18.017Z,40357,122300000,138900000
2026-09-18T00:10:18.017Z,34,3.78,4
2026-09-18T00:10:18.017Z,19137,17000000,21290000
2026-09-18T00:10:18.017Z,18702,74600000,96550000
2026-09-18T00:10:18.017Z,14086,82360,297100
2026-09-18T00:10:18.017Z,15174,136000,136800000
2026-09-18T00:10:18.017Z,3829,21690,34760
2026-09-18T00:10:18.017Z,52423,160400000,328900000
2026-09-18T00:10:18.017Z,53711,290500000,308000000
2026-09-18T00:10:18.017Z,46375,33700000,36940000
2026-09-18T00:10:18.017Z,81011,355300000,522100000
2026-09-18T00:10:18.017Z,60368,,7500000
2026-09-18T00:10:18.017Z,95813,26000000,88940000
2026-09-18T00:10:18.017Z,12761,270.1,302.9
2026-09-18T00:10:18.017Z,40326,180400,876600
2026-09-18T00:10:18.017Z,34042,21580000,48130000
2026-09-18T00:10:18.017Z,44166,1.01,498900
2026-09-18T00:10:18.017Z,19341,115600000,127300000
2026-09-18T00:10:18.017Z,23418,63790000,71390000
2026-09-18T00:10:18.017Z,34164,2261000,17160000
2026-09-18T00:10:18.017Z,61226,,9000000
2026-09-18T00:10:18.017Z,63775,10090,4889000
2026-09-18T00:10:18.017Z,37824,90090,177700
2026-09-18T00:10:18.017Z,4016,240000000,335000000
2026-09-18T00:10:18.017Z,18929,60420000,75900000
2026-09-18T00:10:18.017Z,254,8051,19090
2026-09-18T00:10:18.017Z,12054,506200,1498000
2026-09-18T00:10:18.017Z,53229,100500,3025000
2026-09-18T00:10:18.017Z,49980,300000,1999000
2026-09-18T00:10:18.017Z,55338,69.71,70000
2026-09-18T00:10:18.017Z,3315,350000,1570000
2026-09-18T00:10:18.017Z,92580,66060000,240000000
2026-09-18T00:10:18.017Z,34048,45570000,54040000
2026-09-18T00:10:18.017Z,91973,36550000,74430000
2026-09-18T00:10:18.017Z,53199,0.01,3900000000
2026-09-18T00:10:18.017Z,16505,93240,131000
2026-09-18T00:10:18.017Z,81358,41000000,180000000
2026-09-18T00:10:18.017Z,85390,21000,23230
2026-09-18T00:10:18.017Z,61214,223500,978400
2026-09-18T00:10:18.017Z,47122,25580000,74640000
2026-09-18T00:10:18.017Z,15300,179200000,299600000
2026-09-18T00:10:18.017Z,60099,361100000,1000000000
2026-09-18T00:10:18.017Z,91974,7864000,9757000
2026-09-18T00:10:18.017Z,3563,250000000,299900000
2026-09-18T00:10:18.017Z,57493,1,21000000
2026-09-18T00:10:18.017Z,454,18300,56050
2026-09-18T00:10:18.017Z,28756,30420000,32290000
2026-09-18T00:10:18.017Z,63165,271.6,494.8
2026-09-18T00:10:18.017Z,91944,1442000,7999000
2026-09-18T00:10:18.017Z,44900,5112000,17990000
2026-09-18T00:10:18.017Z,86112,4531000,45590000
2026-09-18T00:10:18.017Z,13222,14060000,16870000
2026-09-18T00:10:18.017Z,44907,1730000,17000000
2026-09-18T00:10:18.017Z,12816,228000,241300
2026-09-18T00:10:18.017Z,88124,254200000,323700000
2026-09-18T00:10:18.017Z,46538,0.01,7000000000
2026-09-18T00:10:18.017Z,8815,21200,240300
2026-09-18T00:10:18.017Z,27236,850600,6920000
2026-09-18T00:10:18.017Z,19251,20700000,49940000
2026-09-18T00:10:18.017Z,15814,210000,24990000
2026-09-18T00:10:18.017Z,46185,9709000,10140000
2026-09-18T00:10:18.017Z,3476,3917000,8885000
2026-09-18T00:10:18.017Z,212,17.94,17.95
2026-09-18T00:10:18.017Z,54788,1200000,139900000
2026-09-18T00:10:18.017Z,12019,154500000,167100000
2026-09-18T00:10:18.017Z,85307,725900,4950000
2026-09-18T00:10:18.017Z,33955,49850000,57560000
2026-09-18T00:10:18.017Z,14504,3431000000,5496000000
2026-09-18T00:10:18.017Z,82963,100000,299700
2026-09-18T00:10:18.017Z,47316,3169000,22960000
2026-09-18T00:10:18.017Z,55931,10,9730
2026-09-18T00:10:18.017Z,31618,257500000,621800000
2026-09-18T00:10:18.017Z,82441,61010,3993000
2026-09-18T00:10:18.017Z,15144,2107000000,2700000000
2026-09-18T00:10:18.017Z,55695,500,199900
2026-09-18T00:10:18.017Z,27118,111200000,118600000
2026-09-18T00:10:18.017Z,21074,3008000,4000000
2026-09-18T00:10:18.017Z,11461,357,899.9
2026-09-18T00:10:18.017Z,27122,109300000,118800000
2026-09-18T00:10:18.017Z,78775,125000,2090000
2026-09-18T00:10:18.017Z,5759,172300,217700
2026-09-18T00:10:18.017Z,23121,1802,9000
2026-09-18T00:10:18.017Z,30633,117200,218900
2026-09-18T00:10:18.017Z,57501,1000000,10470000
2026-09-18T00:10:18.017Z,16213,331200000,412800000
2026-09-18T00:10:18.017Z,47549,249200,6977000
2026-09-18T00:10:18.017Z,19687,109600000,119100000
2026-09-18T00:10:18.017Z,3292,63350000,98420000
2026-09-18T00:10:18.017Z,46149,130000,44450000
2026-09-18T00:10:18.017Z,3520,1611000,1819000
2026-09-18T00:10:18.017Z,12735,96270000,106200000
2026-09-18T00:10:18.017Z,1541,519500,591300
2026-09-18T00:10:18.017Z,21216,121300,4000000
2026-09-18T00:10:18.017Z,21324,10,147000
2026-09-18T00:10:18.017Z,28213,1693000,1987000
2026-09-18T00:10:18.017Z,61877,28710000,139900000
2026-09-18T00:10:18.017Z,18893,82860000,167700000
2026-09-18T00:10:18.017Z,27567,22000000,42790000
2026-09-18T00:10:18.017Z,2817,92,123
2026-09-18T00:10:18.017Z,11989,119800000,129600000
2026-09-18T00:10:18.017Z,89703,180000000,439900000
2026-09-18T00:10:18.017Z,83239,80000,148100
2026-09-18T00:10:18.017Z,34317,58710000,72890000
2026-09-18T00:10:18.017Z,13226,4501000,17970000
2026-09-18T00:10:18.017Z,50144,101400000,351100000
2026-09-18T00:10:18.017Z,12733,102500000,106400000
2026-09-18T00:10:18.017Z,54560,,285000000
2026-09-18T00:10:18.017Z,3214,551000000,627800000
2026-09-18T00:10:18.017Z,3895,16110000,20920000
2026-09-18T00:10:18.017Z,32262,203900000,241900000
2026-09-18T00:10:18.017Z,29085,118100,738700
2026-09-18T00:10:18.017Z,3943,530100,1009000
2026-09-18T00:10:18.017Z,459,103800,439000
2026-09-18T00:10:18.017Z,31021,150000,287700
2026-09-18T00:10:18.017Z,37452,55540000,59000000
2026-09-18T00:10:18.017Z,19039,266900000,275000000
2026-09-18T00:10:18.017Z,13773,67930,4921000
2026-09-18T00:10:18.017Z,2360,57670,67980
2026-09-18T00:10:18.017Z,31636,20000000,26000000
2026-09-18T00:10:18.017Z,46376,37310000,120000000
2026-09-18T00:10:18.017Z,31886,2543000,2880000
2026-09-18T00:10:18.017Z,33404,223500000,295100000
2026-09-18T00:10:18.017Z,76484,3673000,13330000
2026-09-18T00:10:18.017Z,76486,1510000,3334000
2026-09-18T00:10:18.017Z,14668,7390000000,13000000000
2026-09-18T00:10:18.017Z,40636,128200000,164100000
2026-09-18T00:10:18.017Z,83337,20000,143500
2026-09-18T00:10:18.017Z,83272,1000,282300
2026-09-18T00:10:18.017Z,14146,47640000,58380000
2026-09-18T00:10:18.017Z,48082,205300000,437900000
2026-09-18T00:10:18.017Z,63029,1100000,7749000
2026-09-18T00:10:18.017Z,46785,50.44,6597000
2026-09-18T00:10:18.017Z,19227,28030000,29990000
2026-09-18T00:10:18.017Z,14242,103900000,119000000
2026-09-18T00:10:18.017Z,33389,100000,3900000
2026-09-18T00:10:18.017Z,23805,180900000,200000000
2026-09-18T00:10:18.017Z,33374,100000,4900000
2026-09-18T00:10:18.017Z,2082,166600000,177700000
2026-09-18T00:10:18.017Z,16667,25640,30360
2026-09-18T00:10:18.017Z,42210,91340000,110200000
2026-09-18T00:10:18.017Z,27770,3001000,20870000
2026-09-18T00:10:18.017Z,56982,111000,687700
2026-09-18T00:10:18.017Z,29029,52100000,128000000
2026-09-18T00:10:18.017Z,88575,40000,85000
2026-09-18T00:10:18.017Z,41488,2455000000,2970000000
2026-09-18T00:10:18.017Z,34680,155500,4219000
2026-09-18T00:10:18.017Z,94035,166500000,218500000
2026-09-18T00:10:18.017Z,62544,800.8,1090
2026-09-18T00:10:18.017Z,45793,2304000,8799000
2026-09-18T00:10:18.017Z,27177,16630000,23870000
2026-09-18T00:10:18.017Z,62580,6817,10710
2026-09-18T00:10:18.017Z,626,9802000,11570000
2026-09-18T00:10:18.017Z,26338,36680000,98980000
2026-09-18T00:10:18.017Z,55300,100,119000
2026-09-18T00:10:18.017Z,42591,3886000,388600000
2026-09-18T00:10:18.017Z,11452,9873000,13900000
2026-09-18T00:10:18.017Z,11448,8093000,13870000
2026-09-18T00:10:18.017Z,40668,45010000,166500000
2026-09-18T00:10:18.017Z,28284,21010000,22800000
2026-09-18T00:10:18.017Z,33007,56200,148300
2026-09-18T00:10:18.017Z,4004,480700000,998500000
2026-09-18T00:10:18.017Z,32780,3446000,3675000
2026-09-18T00:10:18.017Z,31220,985000,1092000
2026-09-18T00:10:18.017Z,47935,2012,2483
2026-09-18T00:10:18.017Z,88593,1001,359300
2026-09-18T00:10:18.017Z,83365,40000,248400
2026-09-18T00:10:18.017Z,92578,90000000,150000000
2026-09-18T00:10:18.017Z,42172,,1499000000
2026-09-18T00:10:18.017Z,3226,54930000,74980000
2026-09-18T00:10:18.017Z,57479,2902000,3142000
2026-09-18T00:10:18.017Z,45745,400500000,534000000
2026-09-18T00:10:18.017Z,23087,701.3,7430
2026-09-18T00:10:18.017Z,22118,16340000,199400000
2026-09-18T00:10:18.017Z,53896,83730000,119900000
2026-09-18T00:10:18.017Z,37454,6966000,8491000
2026-09-18T00:10:18.017Z,44215,600000,5996000
2026-09-18T00:10:18.017Z,54782,9397,12450
2026-09-18T00:10:18.017Z,82469,40010,4650000
2026-09-18T00:10:18.017Z,21480,,196800000
2026-09-18T00:10:18.017Z,3170,490800,578200
2026-09-18T00:10:18.017Z,30539,750000,5400000
2026-09-18T00:10:18.017Z,88461,10000,1494000
2026-09-18T00:10:18.017Z,47029,6007000,16400000
2026-09-18T00:10:18.017Z,62588,22020,26000
2026-09-18T00:10:18.017Z,62540,321.6,443.6
2026-09-18T00:10:18.017Z,93471,41000000,120000000
2026-09-18T00:10:18.017Z,93472,40000000,120000000
2026-09-18T00:10:18.017Z,41504,79570000,94000000
2026-09-18T00:10:18.017Z,19067,250100,374800
2026-09-18T00:10:18.017Z,1182,4391,13740
2026-09-18T00:10:18.017Z,57076,500000,2981000
2026-09-18T00:10:18.017Z,13240,15240000,16990000
2026-09-18T00:10:18.017Z,405,3089000,12790000
2026-09-18T00:10:18.017Z,35836,6901000000,7396000000
2026-09-18T00:10:18.017Z,1304,5085,33590
2026-09-18T00:10:18.017Z,4243,64230000,125000000
2026-09-18T00:10:18.017Z,17912,4929000,5618000
2026-09-18T00:10:18.017Z,92567,43,150
2026-09-18T00:10:18.017Z,5365,6751,12980
2026-09-18T00:10:18.017Z,3824,560,2800
2026-09-18T00:10:18.017Z,13791,120300,6249000
2026-09-18T00:10:18.017Z,83323,1001,100000
2026-09-18T00:10:18.017Z,55697,500,29000
2026-09-18T00:10:18.017Z,79744,47210000,98690000
2026-09-18T00:10:18.017Z,62011,25000,450000
2026-09-18T00:10:18.017Z,21035,11430000,12820000
2026-09-18T00:10:18.017Z,62539,,231.9
2026-09-18T00:10:18.017Z,50147,90080000,799900000
2026-09-18T00:10:18.017Z,23512,17010,61140
2026-09-18T00:10:18.017Z,15800,24130000,74900000
2026-09-18T00:10:18.017Z,45914,5072000,16890000
2026-09-18T00:10:18.017Z,1875,1327,58730
2026-09-18T00:10:18.017Z,46251,5254000,10420000
2026-09-18T00:10:18.017Z,56272,58010000,884000000
2026-09-18T00:10:18.017Z,1174,1000000,8389000
2026-09-18T00:10:18.017Z,91948,1677000,3532000
2026-09-18T00:10:18.017Z,17187,3420000,9960000
2026-09-18T00:10:18.017Z,30997,130600,399800
2026-09-18T00:10:18.017Z,30377,33570,36200
2026-09-18T00:10:18.017Z,87505,,89990000
2026-09-18T00:10:18.017Z,87839,20110,10490000
2026-09-18T00:10:18.017Z,42600,152100000,318900000
2026-09-18T00:10:18.017Z,45971,4419000,27500000
2026-09-18T00:10:18.017Z,57462,360200,409500
2026-09-18T00:10:18.017Z,79757,70540000,119000000
2026-09-18T00:10:18.017Z,53364,10070,899600
2026-09-18T00:10:18.017Z,31682,11120,321900
2026-09-18T00:10:18.017Z,88897,1986000000,3566000000
2026-09-18T00:10:18.017Z,85537,347000000,649900000
2026-09-18T00:10:18.017Z,37884,90000,4028000
2026-09-18T00:10:18.017Z,16179,262.8,250000
2026-09-18T00:10:18.017Z,4569,17480,31190
2026-09-18T00:10:18.017Z,28737,39110000,63000000
2026-09-18T00:10:18.017Z,56210,71860000,179900000
2026-09-18T00:10:18.017Z,14274,27990,62700
2026-09-18T00:10:18.017Z,3424,1500,78000
2026-09-18T00:10:18.017Z,27912,1477000,1767000
2026-09-18T00:10:18.017Z,56891,90310000,349500000
2026-09-18T00:10:18.017Z,34161,30370000,80530000
2026-09-18T00:10:18.017Z,45505,,449000000
2026-09-18T00:10:18.017Z,34776,100,3000000
2026-09-18T00:10:18.017Z,47761,68690,95750
2026-09-18T00:10:18.017Z,47072,33030000,64000000
2026-09-18T00:10:18.017Z,82181,61000000,119100000
2026-09-18T00:10:18.017Z,31750,70000,59260000
2026-09-18T00:10:18.017Z,2020,142000,168400
2026-09-18T00:10:18.017Z,59328,1241000000,1899000000
2026-09-18T00:10:18.017Z,84679,169900000,237900000
2026-09-18T00:10:18.017Z,34365,3800000,18160000
2026-09-18T00:10:18.017Z,31414,21080000,23010000
2026-09-18T00:10:18.017Z,90123,506000000,697900000
2026-09-18T00:10:18.017Z,87308,130400000,466900000
2026-09-18T00:10:18.017Z,33710,1561000,2432000
2026-09-18T00:10:18.017Z,41030,180100000,193100000
2026-09-18T00:10:18.017Z,533,22220,53480
2026-09-18T00:10:18.017Z,85736,52020000,499900000
2026-09-18T00:10:18.017Z,16264,178100,219000
2026-09-18T00:10:18.017Z,3151,81000000,591400000
2026-09-18T00:10:18.017Z,31568,2623000,3358000
2026-09-18T00:10:18.017Z,82434,40000,611500
2026-09-18T00:10:18.017Z,60217,600000,2637000
2026-09-18T00:10:18.017Z,2104,845100,980000
2026-09-18T00:10:18.017Z,31936,9939000,11790000
2026-09-18T00:10:18.017Z,3135,538800000,604400000
2026-09-18T00:10:18.017Z,31946,38590000,41650000
2026-09-18T00:10:18.017Z,93729,31140000,76930000
2026-09-18T00:10:18.017Z,55571,69.01,100000
2026-09-18T00:10:18.017Z,42653,845,845000000
2026-09-18T00:10:18.017Z,42582,288,389600000
2026-09-18T00:10:18.017Z,42548,41010000,499900000
2026-09-18T00:10:18.017Z,33794,6000000,29010000
2026-09-18T00:10:18.017Z,14728,206700000,950800000
2026-09-18T00:10:18.017Z,85021,5900000,6430000000
2026-09-18T00:10:18.017Z,3134,62430000,99440000
2026-09-18T00:10:18.017Z,57446,970300,1085000
2026-09-18T00:10:18.017Z,33155,120000000,132500000
2026-09-18T00:10:18.017Z,11279,948500,1389000
2026-09-18T00:10:18.017Z,15757,45550000,58380000
2026-09-18T00:10:18.017Z,34162,21120,758200
2026-09-18T00:10:18.017Z,7539,658.7,13220
2026-09-18T00:10:18.017Z,444,677.9,3890
2026-09-18T00:10:18.017Z,3291,1197000,7463000
2026-09-18T00:10:18.017Z,10222,87270000,97910000
2026-09-18T00:10:18.017Z,82349,1000,1190000
2026-09-18T00:10:18.017Z,19419,74360000,78800000
2026-09-18T00:10:18.017Z,9702,452500,23790000
2026-09-18T00:10:18.017Z,34601,204700,32990000
2026-09-18T00:10:18.017Z,77708,500000,500100
2026-09-18T00:10:18.017Z,46328,250000000,38130000000
2026-09-18T00:10:18.017Z,17769,32020,38540
2026-09-18T00:10:18.017Z,10216,16740000,17940000
2026-09-18T00:10:18.017Z,62221,370000000,530900000
2026-09-18T00:10:18.017Z,62542,372.2,420
2026-09-18T00:10:18.017Z,37458,10200000,13830000
2026-09-18T00:10:18.017Z,47506,504200,9400000
2026-09-18T00:10:18.017Z,84169,380100,2997000
2026-09-18T00:10:18.017Z,37615,15510000,24000000
2026-09-18T00:10:18.017Z,34662,17460000,19990000
2026-09-18T00:10:18.017Z,41576,236000000,299900000
2026-09-18T00:10:18.017Z,45975,5002000,19490000
2026-09-18T00:10:18.017Z,33720,15750000,30000000
2026-09-18T00:10:18.017Z,47104,126800000,498200000
2026-09-18T00:10:18.017Z,29097,500800,1514000
2026-09-18T00:10:18.017Z,62222,2505000000,4363000000
2026-09-18T00:10:18.017Z,85139,1000,380000
2026-09-18T00:10:18.017Z,28444,188500,196000
2026-09-18T00:10:18.017Z,14666,5144000000,10550000000
2026-09-18T00:10:18.017Z,9899,7503000,8133000
2026-09-18T00:10:18.017Z,21390,25.26,296
2026-09-18T00:10:18.017Z,81047,210900000,218000000
2026-09-18T00:10:18.017Z,87797,640000,260000000
2026-09-18T00:10:18.017Z,1228,18.75,19
2026-09-18T00:10:18.017Z,45779,1580000,5695000
2026-09-18T00:10:18.017Z,21733,3496000,4451000
2026-09-18T00:10:18.017Z,15703,11360000,19790000
2026-09-18T00:10:18.017Z,11449,9718000,13900000
2026-09-18T00:10:18.017Z,40770,167000,1999000
2026-09-18T00:10:18.017Z,3195,551000000,630800000
2026-09-18T00:10:18.017Z,49712,40430000,43900000
2026-09-18T00:10:18.017Z,85402,4081,5985
2026-09-18T00:10:18.017Z,28438,168200,179900
2026-09-18T00:10:18.017Z,84676,346800000,1949000000
2026-09-18T00:10:18.017Z,32919,3191000000,3793000000
2026-09-18T00:10:18.017Z,86156,226100000,294600000
2026-09-18T00:10:18.017Z,42906,3600000,6000000
2026-09-18T00:10:18.017Z,57073,30010,90000
2026-09-18T00:10:18.017Z,18781,1087,1437000
2026-09-18T00:10:18.017Z,95527,431300000,840700000
2026-09-18T00:10:18.017Z,20881,102800,1634000
2026-09-18T00:10:18.017Z,31448,960000,990700
2026-09-18T00:10:18.017Z,28850,6107000000,6393000000
2026-09-18T00:10:18.017Z,27377,1519,1667
2026-09-18T00:10:18.017Z,54402,275000000,310400000
2026-09-18T00:10:18.017Z,46939,,879800
2026-09-18T00:10:18.017Z,53707,285000000,297900000
2026-09-18T00:10:18.017Z,26416,51480000,69360000
2026-09-18T00:10:18.017Z,1240,369400,2635000
2026-09-18T00:10:18.017Z,55670,1000,99440
2026-09-18T00:10:18.017Z,33824,670100,747300
2026-09-18T00:10:18.017Z,58971,951100,1329000
2026-09-18T00:10:18.017Z,87703,61000,340000000
2026-09-18T00:10:18.017Z,641,146800000,153200000
2026-09-18T00:10:18.017Z,46789,,1978000
2026-09-18T00:10:18.017Z,22931,34000000,58270000
2026-09-18T00:10:18.017Z,82066,22610000,58990000
2026-09-18T00:10:18.017Z,21380,2562,4263
2026-09-18T00:10:18.017Z,27171,143300000,158000000
2026-09-18T00:10:18.017Z,85843,100000,979000
2026-09-18T00:10:18.017Z,17366,11640,28370
2026-09-18T00:10:18.017Z,42212,195500000,217100000
2026-09-18T00:10:18.017Z,33976,401800000,496800000
2026-09-18T00:10:18.017Z,85290,1608000,3299000
2026-09-18T00:10:18.017Z,14160,32610000,41850000
2026-09-18T00:10:18.017Z,52556,9899000,1461000000
2026-09-18T00:10:18.017Z,20024,2528,60000
2026-09-18T00:10:18.017Z,43878,600800000,825000000
2026-09-18T00:10:18.017Z,43833,32000000,59950000
2026-09-18T00:10:18.017Z,25868,5202000000,7899000000
2026-09-18T00:10:18.017Z,46793,519100,13650000
2026-09-18T00:10:18.017Z,48365,28130000,1289000000
2026-09-18T00:10:18.017Z,18752,50300,299800
2026-09-18T00:10:18.017Z,59367,802000,2389000
2026-09-18T00:10:18.017Z,20410,94030,99000
2026-09-18T00:10:18.017Z,41276,501.3,13190
2026-09-18T00:10:18.017Z,40458,35610,6946000
2026-09-18T00:10:18.017Z,46679,1811,1812
2026-09-18T00:10:18.017Z,41439,525300,691500000
2026-09-18T00:10:18.017Z,41065,41430000,99990000
2026-09-18T00:10:18.017Z,12484,1971000,2565000
2026-09-18T00:10:18.017Z,45978,3001000,17500000
2026-09-18T00:10:18.017Z,93738,50650000,149300000
2026-09-18T00:10:18.017Z,88459,60010,7694000
2026-09-18T00:10:18.017Z,88682,5400000,11700000
2026-09-18T00:10:18.017Z,52284,910000,11900000
2026-09-18T00:10:18.017Z,54381,40360000,199900000
2026-09-18T00:10:18.017Z,91123,950000000,5569000000
2026-09-18T00:10:18.017Z,33592,0.02,35900000
2026-09-18T00:10:18.017Z,40580,6002,62980000
2026-09-18T00:10:18.017Z,16126,920500000,1271000000
2026-09-18T00:10:18.017Z,28332,911.3,1037
2026-09-18T00:10:18.017Z,19101,38030000,43000000
2026-09-18T00:10:18.017Z,43530,2802000,8000000
2026-09-18T00:10:18.017Z,22877,86560000,118500000
2026-09-18T00:10:18.017Z,55690,,30000
2026-09-18T00:10:18.017Z,88147,183400000,211900000
2026-09-18T00:10:18.017Z,15080,627300000,1889000000
2026-09-18T00:10:18.017Z,47332,132900000,214900000
2026-09-18T00:10:18.017Z,47778,29420,118900
2026-09-18T00:10:18.017Z,55682,4003,889900
2026-09-18T00:10:18.017Z,55299,500,45000
2026-09-18T00:10:18.017Z,21027,12180000,13400000
2026-09-18T00:10:18.017Z,24541,385.4,507.4
2026-09-18T00:10:18.017Z,48578,606800000,990000000
2026-09-18T00:10:18.017Z,28530,44030000,149800000
2026-09-18T00:10:18.017Z,48893,98960000,187600000
2026-09-18T00:10:18.017Z,24513,400.2,432.9
2026-09-18T00:10:18.017Z,17838,12610000,18760000
2026-09-18T00:10:18.017Z,4313,,11000000
2026-09-18T00:10:18.017Z,77958,94000000,599900000
2026-09-18T00:10:18.017Z,27630,5001000,28830000
2026-09-18T00:10:18.017Z,77957,71000000,499900000
2026-09-18T00:10:18.017Z,89660,211700000,407800000
2026-09-18T00:10:18.017Z,77962,190000000,679900000
2026-09-18T00:10:18.017Z,42620,121100000,2000000000
2026-09-18T00:10:18.017Z,91963,1972000,2982000
2026-09-18T00:10:18.017Z,29075,57200,655300
2026-09-18T00:10:18.017Z,77959,561000000,999000000
2026-09-18T00:10:18.017Z,32119,120100,9897000
2026-09-18T00:10:18.017Z,46112,,399200000
2026-09-18T00:10:18.017Z,18975,107100000,171700000
2026-09-18T00:10:18.017Z,20504,146000000,170500000
2026-09-18T00:10:18.017Z,45904,5494000,17930000
2026-09-18T00:10:18.017Z,34168,25480000,66190000
2026-09-18T00:10:18.017Z,17867,100.5,107
2026-09-18T00:10:18.017Z,46842,20030,1436000
2026-09-18T00:10:18.017Z,87237,34030000,775000000
2026-09-18T00:10:18.017Z,27077,490300,749900
2026-09-18T00:10:18.017Z,2486,7683,8750
2026-09-18T00:10:18.017Z,54303,35040000,64090000
2026-09-18T00:10:18.017Z,52893,71610000,800000000
2026-09-18T00:10:18.017Z,55613,1000,80000
2026-09-18T00:10:18.017Z,54719,50090000,110500000
2026-09-18T00:10:18.017Z,48430,4254000,15330000
2026-09-18T00:10:18.017Z,23950,50000000,69800000
2026-09-18T00:10:18.017Z,83280,1000,71480
2026-09-18T00:10:18.017Z,24637,111400000,120900000
2026-09-18T00:10:18.017Z,41484,4014000,5350000
2026-09-18T00:10:18.017Z,82306,592.9,838
2026-09-18T00:10:18.017Z,40717,55220000,114500000
2026-09-18T00:10:18.017Z,24594,303,1397
2026-09-18T00:10:18.017Z,83312,20000,199300
2026-09-18T00:10:18.017Z,95268,155600000,320000000
2026-09-18T00:10:18.017Z,24554,424800000,569000000
2026-09-18T00:10:18.017Z,19470,49000000,149100000
2026-09-18T00:10:18.017Z,22123,48080000,68980000
2026-09-18T00:10:18.017Z,88603,20000,99890
2026-09-18T00:10:18.017Z,14512,3750000000,4500000000
2026-09-18T00:10:18.017Z,55572,153900,839900
2026-09-18T00:10:18.017Z,6675,51450,128500
2026-09-18T00:10:18.017Z,71733,,1499000000
2026-09-18T00:10:18.017Z,3236,5048000,6849000
2026-09-18T00:10:18.017Z,3127,571000000,625600000
2026-09-18T00:10:18.017Z,47131,16350000,20950000
2026-09-18T00:10:18.017Z,90521,211.3,7999
2026-09-18T00:10:18.017Z,3373,50040,1990000
2026-09-18T00:10:18.017Z,9141,36200,46740
2026-09-18T00:10:18.017Z,27085,300300,603900
2026-09-18T00:10:18.017Z,23173,6.04,1700
2026-09-18T00:10:18.017Z,48769,,5900000
2026-09-18T00:10:18.017Z,62382,79570,84390
2026-09-18T00:10:18.017Z,9127,900000,1730000
2026-09-18T00:10:18.017Z,1999,704700,794900
2026-09-18T00:10:18.017Z,43660,129800000,160000000
2026-09-18T00:10:18.017Z,30545,3848000,6699000
2026-09-18T00:10:18.017Z,28797,106700000,133900000
2026-09-18T00:10:18.017Z,48222,1072000,18450000
2026-09-18T00:10:18.017Z,21498,52000000,87980000
2026-09-18T00:10:18.017Z,55529,5.02,49500
2026-09-18T00:10:18.017Z,43848,52150000,131800000
2026-09-18T00:10:18.017Z,12269,36210,514000
2026-09-18T00:10:18.017Z,93733,81300000,103200000
2026-09-18T00:10:18.017Z,14712,81010000,400000000
2026-09-18T00:10:18.017Z,988,904300,4900000
2026-09-18T00:10:18.017Z,95458,28600000,219600000
2026-09-18T00:10:18.017Z,17771,506200,3990000
2026-09-18T00:10:18.017Z,54443,16420000,52550000
2026-09-18T00:10:18.017Z,28684,904200,1354000
2026-09-18T00:10:18.017Z,33465,2570000000,3248000000
2026-09-18T00:10:18.017Z,28744,69010000,77550000
2026-09-18T00:10:18.017Z,36397,150000000,1252000000
2026-09-18T00:10:18.017Z,91975,28820000,47800000
2026-09-18T00:10:18.017Z,15806,82230000,97700000
2026-09-18T00:10:18.017Z,46356,892300,993400
2026-09-18T00:10:18.017Z,37578,8216000,97000000
2026-09-18T00:10:18.017Z,44935,5027000,49780000
2026-09-18T00:10:18.017Z,14148,16700000,20750000
2026-09-18T00:10:18.017Z,41498,85390000,93530000
2026-09-18T00:10:18.017Z,11190,15170000,16670000
2026-09-18T00:10:18.017Z,19299,66020000,114900000
2026-09-18T00:10:18.017Z,5299,9108,28990
2026-09-18T00:10:18.017Z,20831,314400,679900
2026-09-18T00:10:18.017Z,2203,3105,3298
2026-09-18T00:10:18.017Z,21947,29350000,45370000
2026-09-18T00:10:18.017Z,19183,117900000,129300000
2026-09-18T00:10:18.017Z,15613,302000,339900
2026-09-18T00:10:18.017Z,20028,400300,2985000
2026-09-18T00:10:18.017Z,14662,30010000,30000000000
2026-09-18T00:10:18.017Z,86114,48360000,127500000
2026-09-18T00:10:18.017Z,60579,0.01,20000000000
2026-09-18T00:10:18.017Z,40347,11250000,15650000
2026-09-18T00:10:18.017Z,83470,2213000,2365000
2026-09-18T00:10:18.017Z,239,1119,1592
2026-09-18T00:10:18.017Z,48425,264200,800000
2026-09-18T00:10:18.017Z,42594,,396600000
2026-09-18T00:10:18.017Z,31048,,3000000
2026-09-18T00:10:18.017Z,15850,558400,26800000
2026-09-18T00:10:18.017Z,85499,93990000,285900000
2026-09-18T00:10:18.017Z,40665,402900,40500000
2026-09-18T00:10:18.017Z,52292,5011,499900
2026-09-18T00:10:18.017Z,43750,500200,724500
2026-09-18T00:10:18.017Z,88616,40000,433000
2026-09-18T00:10:18.017Z,45617,34000000,36320000
2026-09-18T00:10:18.017Z,43790,126900,1999000
2026-09-18T00:10:18.017Z,42581,,137700000
2026-09-18T00:10:18.017Z,53385,15000,388700
2026-09-18T00:10:18.017Z,87778,365000,499700
2026-09-18T00:10:18.017Z,37586,5280000,59980000
2026-09-18T00:10:18.017Z,4236,22780000,40000000
2026-09-18T00:10:18.017Z,44911,228300,24890000
2026-09-18T00:10:18.017Z,42585,6000000,134600000
2026-09-18T00:10:18.017Z,76283,,319600000
2026-09-18T00:10:18.017Z,37564,326500,14990000
2026-09-18T00:10:18.017Z,47505,11560000,29990000
2026-09-18T00:10:18.017Z,47298,130200000,143300000
2026-09-18T00:10:18.017Z,14465,2862000000,4590000000
2026-09-18T00:10:18.017Z,47894,1594000,1992000
2026-09-18T00:10:18.017Z,14732,,67000000
2026-09-18T00:10:18.017Z,34775,10000,7500000
2026-09-18T00:10:18.017Z,3317,15000,260200
2026-09-18T00:10:18.017Z,23803,91520000,110000000
2026-09-18T00:10:18.017Z,92282,120300000,130000000
2026-09-18T00:10:18.017Z,15282,5352000000,6122000000
2026-09-18T00:10:18.017Z,27197,24000000,26910000
2026-09-18T00:10:18.017Z,86261,55890000,78490000
2026-09-18T00:10:18.017Z,50141,38500000,59760000
2026-09-18T00:10:18.017Z,59368,23170,727700
2026-09-18T00:10:18.017Z,14343,4933000,9928000
2026-09-18T00:10:18.017Z,28440,617000,739800
2026-09-18T00:10:18.017Z,31676,4072000,10430000
2026-09-18T00:10:18.017Z,94159,30080000,87800000
2026-09-18T00:10:18.017Z,47610,1014000,4847000
2026-09-18T00:10:18.017Z,55601,10040,2770000
2026-09-18T00:10:18.017Z,42734,53100000,374000000
2026-09-18T00:10:18.017Z,73789,19130000,20630000
2026-09-18T00:10:18.017Z,85510,512600000,898800000
2026-09-18T00:10:18.017Z,21889,42330000,45040000
2026-09-18T00:10:18.017Z,81084,6396000,8620000
2026-09-18T00:10:18.017Z,46154,9000000,21800000
2026-09-18T00:10:18.017Z,88264,6172000000,9790000000
2026-09-18T00:10:18.017Z,33052,141100,2000000
2026-09-18T00:10:18.017Z,62628,34200000,37730000
2026-09-18T00:10:18.017Z,45632,32720000,36190000
2026-09-18T00:10:18.017Z,60313,3072000,3269000
2026-09-18T00:10:18.017Z,20797,40730,60500
2026-09-18T00:10:18.017Z,45515,76320000,199900000
2026-09-18T00:10:18.017Z,3453,20.02,29900
2026-09-18T00:10:18.017Z,58879,50.04,8788000
2026-09-18T00:10:18.017Z,45920,35020000,79950000
2026-09-18T00:10:18.017Z,46106,2302000,433700000
2026-09-18T00:10:18.017Z,28788,108000000,114700000
2026-09-18T00:10:18.017Z,23009,1347,1496
2026-09-18T00:10:18.017Z,57333,3140000,2499000000
2026-09-18T00:10:18.017Z,62017,157000,1888000
2026-09-18T00:10:18.017Z,44185,100000,1390000
2026-09-18T00:10:18.017Z,88607,1000,296000
2026-09-18T00:10:18.017Z,43683,20810000,38950000
2026-09-18T00:10:18.017Z,34618,0.01,799900000
2026-09-18T00:10:18.017Z,43685,,42000000
2026-09-18T00:10:18.017Z,20053,10.14,775.9
2026-09-18T00:10:18.017Z,62475,138.3,1922
2026-09-18T00:10:18.017Z,91965,2773000,3156000
2026-09-18T00:10:18.017Z,47813,73090,295500
2026-09-18T00:10:18.017Z,31908,19420000,22420000
2026-09-18T00:10:18.017Z,91932,2272000,2686000
2026-09-18T00:10:18.017Z,11464,62.11,477
2026-09-18T00:10:18.017Z,43761,1690000,30000000
2026-09-18T00:10:18.017Z,47622,13150000,57990000
2026-09-18T00:10:18.017Z,57395,90100000,771800000
2026-09-18T00:10:18.017Z,48719,15000000,38000000
2026-09-18T00:10:18.017Z,85674,34000000,498700000
2026-09-18T00:10:18.017Z,13872,12020000,18950000
2026-09-18T00:10:18.017Z,54965,1450000,3600000
2026-09-18T00:10:18.017Z,34086,3905000,77130000
2026-09-18T00:10:18.017Z,40608,7511000,650000000
2026-09-18T00:10:18.017Z,46108,,517000000
2026-09-18T00:10:18.017Z,46104,0.01,369600000
2026-09-18T00:10:18.017Z,21420,425.5,2992
2026-09-18T00:10:18.017Z,47827,3610000,4629000
2026-09-18T00:10:18.017Z,28701,91220,99390
2026-09-18T00:10:18.017Z,84128,140100000,279000000
2026-09-18T00:10:18.017Z,44915,5192000,128600000
2026-09-18T00:10:18.017Z,41479,15700000,35270000
2026-09-18T00:10:18.017Z,2268,2.42,2.51
2026-09-18T00:10:18.017Z,31622,1036000,1548000
2026-09-18T00:10:18.017Z,672,13350,14820
2026-09-18T00:10:18.017Z,46122,44100000,148900000
2026-09-18T00:10:18.017Z,41408,20000000,32880000
2026-09-18T00:10:18.017Z,21853,420.3,30000
2026-09-18T00:10:18.017Z,31484,731900,992400
2026-09-18T00:10:18.017Z,21912,452,599.5
2026-09-18T00:10:18.017Z,78623,170000,280000
2026-09-18T00:10:18.017Z,9826,253.2,253.3
2026-09-18T00:10:18.017Z,35881,611500000,699900000
2026-09-18T00:10:18.017Z,48505,2570000,256400000
2026-09-18T00:10:18.017Z,78822,90000000,544900000
2026-09-18T00:10:18.017Z,36411,1000000,6975000
2026-09-18T00:10:18.017Z,47353,51540000,103400000
2026-09-18T00:10:18.017Z,46287,250.9,11000
2026-09-18T00:10:18.017Z,18905,78300000,122200000
2026-09-18T00:10:18.017Z,27449,66980,93500
2026-09-18T00:10:18.017Z,566,46520,87940
2026-09-18T00:10:18.017Z,27240,115000,809400
2026-09-18T00:10:18.017Z,42,1022,20990
2026-09-18T00:10:18.017Z,15312,234600000,471000000
2026-09-18T00:10:18.017Z,76156,1000000,193000000
2026-09-18T00:10:18.017Z,18791,30650,90000
2026-09-18T00:10:18.017Z,93741,125900000,188400000
2026-09-18T00:10:18.017Z,93709,,119700000
2026-09-18T00:10:18.017Z,46110,,347700000
2026-09-18T00:10:18.017Z,46097,5215000,383500000
2026-09-18T00:10:18.017Z,46103,0.01,367000000
2026-09-18T00:10:18.017Z,91775,17530000,19270000
2026-09-18T00:10:18.017Z,85979,20040000000,28140000000
2026-09-18T00:10:18.017Z,44269,1070,2240
2026-09-18T00:10:18.017Z,52723,316300,4279000
2026-09-18T00:10:18.017Z,54907,0.01,1800000000
2026-09-18T00:10:18.017Z,42583,41000000,149700000
2026-09-18T00:10:18.017Z,42162,29060000,249300000
2026-09-18T00:10:18.017Z,42166,,1100000000
2026-09-18T00:10:18.017Z,46881,30850,1898000
2026-09-18T00:10:18.017Z,44901,1228000,11490000
2026-09-18T00:10:18.017Z,48566,387800000,629900000
2026-09-18T00:10:18.017Z,46886,11990,1000000
2026-09-18T00:10:18.017Z,80014,1.01,2998
2026-09-18T00:10:18.017Z,84177,180000,242000
2026-09-18T00:10:18.017Z,3423,501.3,180000
2026-09-18T00:10:18.017Z,46091,100000,348700000
2026-09-18T00:10:18.017Z,46095,1001000,399000000
2026-09-18T00:10:18.017Z,12367,131100,170000
2026-09-18T00:10:18.017Z,21059,5045,183000
2026-09-18T00:10:18.017Z,45565,,148700000
2026-09-18T00:10:18.017Z,3420,3128,250000
2026-09-18T00:10:18.017Z,88553,1000,193100
2026-09-18T00:10:18.017Z,91017,75430,1043000
2026-09-18T00:10:18.017Z,42791,420000,10600000
2026-09-18T00:10:18.017Z,11553,34690,40840
2026-09-18T00:10:18.017Z,44887,100000000,410000000
2026-09-18T00:10:18.017Z,41467,302100000,693300000
2026-09-18T00:10:18.017Z,15618,4610,100000
2026-09-18T00:10:18.017Z,91954,20570000,49490000
2026-09-18T00:10:18.017Z,4215,5005000,74990000
2026-09-18T00:10:18.017Z,28615,3901000,5600000
2026-09-18T00:10:18.017Z,46102,25250000,241000000
2026-09-18T00:10:18.017Z,90721,380000,2000000
2026-09-18T00:10:18.017Z,14498,6500000000,11980000000
2026-09-18T00:10:18.017Z,52884,35040000,1134000000
2026-09-18T00:10:18.017Z,60310,305900,896100
2026-09-18T00:10:18.017Z,209,50.07,53.99
2026-09-18T00:10:18.017Z,19555,430900000,607100000
2026-09-18T00:10:18.017Z,83288,10000,3169000
2026-09-18T00:10:18.017Z,8909,40010,81090
2026-09-18T00:10:18.017Z,33406,244300000,285900000
2026-09-18T00:10:18.017Z,81359,41000000,180000000
2026-09-18T00:10:18.017Z,79742,34550000,272500000
2026-09-18T00:10:18.017Z,34667,386300,95360000
2026-09-18T00:10:18.017Z,57119,127000000,157100000
2026-09-18T00:10:18.017Z,55628,71,90000
2026-09-18T00:10:18.017Z,54230,236400000,498000000
2026-09-18T00:10:18.017Z,41277,1354,9991
2026-09-18T00:10:18.017Z,28272,10110000,12490000
2026-09-18T00:10:18.017Z,62016,10670,103000
2026-09-18T00:10:18.017Z,26402,23510000,53410000
2026-09-18T00:10:18.017Z,48517,12010000,374400000
2026-09-18T00:10:18.017Z,85453,4620000,7990000
2026-09-18T00:10:18.017Z,27904,10560,108900
2026-09-18T00:10:18.017Z,3471,1273000,6081000
2026-09-18T00:10:18.017Z,21719,205000,1145000
2026-09-18T00:10:18.017Z,1973,17050,29990
2026-09-18T00:10:18.017Z,16051,15300000,99310000
2026-09-18T00:10:18.017Z,52435,73200000,749200000
2026-09-18T00:10:18.017Z,54760,,199900000
2026-09-18T00:10:18.017Z,28308,18540000,20990000
2026-09-18T00:10:18.017Z,3979,2305000,2981000
2026-09-18T00:10:18.017Z,41150,28330000,199200000
2026-09-18T00:10:18.017Z,77118,5001,6995
2026-09-18T00:10:18.017Z,12826,152900,186300
2026-09-18T00:10:18.017Z,53894,578300000,814900000
2026-09-18T00:10:18.017Z,53705,145000000,149800000
2026-09-18T00:10:18.017Z,95401,165100000,219500000
2026-09-18T00:10:18.017Z,29065,103600,491900
2026-09-18T00:10:18.017Z,3085,100100,4225000
2026-09-18T00:10:18.017Z,45980,10120000,191900000
2026-09-18T00:10:18.017Z,31498,400000,8992000
2026-09-18T00:10:18.017Z,53708,178500000,184900000
2026-09-18T00:10:18.017Z,62519,22.84,33.73
2026-09-18T00:10:18.017Z,4156,190000000,355000000
2026-09-18T00:10:18.017Z,42578,31000000,169700000
2026-09-18T00:10:18.017Z,15206,310500000,914900000
2026-09-18T00:10:18.017Z,23035,626.8,780
2026-09-18T00:10:18.017Z,83315,40000,171100
2026-09-18T00:10:18.017Z,52582,60000000,588600000
2026-09-18T00:10:18.017Z,33223,500100,4900000
2026-09-18T00:10:18.017Z,26080,17730,378500
2026-09-18T00:10:18.017Z,22947,12760000,58320000
2026-09-18T00:10:18.017Z,45841,1,16000000
2026-09-18T00:10:18.017Z,60923,5403000,35770000
2026-09-18T00:10:18.017Z,14880,1021000,250000000
2026-09-18T00:10:18.017Z,62549,659.5,925
2026-09-18T00:10:18.017Z,20979,12.69,1898
2026-09-18T00:10:18.017Z,21628,7400000,12000000
2026-09-18T00:10:18.017Z,15848,2815000,6487000
2026-09-18T00:10:18.017Z,11433,1653000,4483000
2026-09-18T00:10:18.017Z,34347,29970000,47840000
2026-09-18T00:10:18.017Z,54543,270000000,998900000
2026-09-18T00:10:18.017Z,21540,21170000,25020000
2026-09-18T00:10:18.017Z,45811,100000,500000
2026-09-18T00:10:18.017Z,14427,1514000000,3142000000
2026-09-18T00:10:18.017Z,3421,30120,220000
2026-09-18T00:10:18.017Z,3414,4620000,8854000
2026-09-18T00:10:18.017Z,62504,8102,11860
2026-09-18T00:10:18.017Z,55631,100,3000
2026-09-18T00:10:18.017Z,83234,10000,300000
2026-09-18T00:10:18.017Z,28808,69030000,82890000
2026-09-18T00:10:18.017Z,83290,1000,49900
2026-09-18T00:10:18.017Z,91414,1000,2599000
2026-09-18T00:10:18.017Z,53436,125700000,167800000
2026-09-18T00:10:18.017Z,32929,331200000,548000000
2026-09-18T00:10:18.017Z,47637,15100000,35500000
2026-09-18T00:10:18.017Z,3323,501,39000
2026-09-18T00:10:18.017Z,3496,793600,909000
2026-09-18T00:10:18.017Z,45853,1110000,16990000
2026-09-18T00:10:18.017Z,52310,53710,60340
2026-09-18T00:10:18.017Z,84130,103200000,193000000
2026-09-18T00:10:18.017Z,57472,18810000,22260000
2026-09-18T00:10:18.017Z,89654,71320000,209000000
2026-09-18T00:10:18.017Z,33031,210100,979800
2026-09-18T00:10:18.017Z,49986,7900,746500
2026-09-18T00:10:18.017Z,91941,4552000,15870000
2026-09-18T00:10:18.017Z,79758,171100000,442400000
2026-09-18T00:10:18.017Z,61192,90010000,237100000
2026-09-18T00:10:18.017Z,58768,33000,579500
2026-09-18T00:10:18.017Z,56277,15080000,160000000
2026-09-18T00:10:18.017Z,60921,356600,8850000
2026-09-18T00:10:18.017Z,43769,91430000,243000000
2026-09-18T00:10:18.017Z,3477,72670000,97680000
2026-09-18T00:10:18.017Z,45627,30060000,35460000
2026-09-18T00:10:18.017Z,3118,85150000,93900000
2026-09-18T00:10:18.017Z,55619,,69800
2026-09-18T00:10:18.017Z,90885,600400000,1077000000
2026-09-18T00:10:18.017Z,44892,82230,180000000
2026-09-18T00:10:18.017Z,59370,110000,379900
2026-09-18T00:10:18.017Z,31034,,650000
2026-09-18T00:10:18.017Z,31084,,1100000
2026-09-18T00:10:18.017Z,3164,341300000,550000000
2026-09-18T00:10:18.017Z,85088,45000,52000
2026-09-18T00:10:18.017Z,11566,80300,174000
2026-09-18T00:10:18.017Z,28812,127900000,148300000
2026-09-18T00:10:18.017Z,15642,2383,4800000
2026-09-18T00:10:18.017Z,42796,200000,1600000
2026-09-18T00:10:18.017Z,88203,5243,109100000
2026-09-18T00:10:18.017Z,46022,58500000,214000000
2026-09-18T00:10:18.017Z,18859,32510000,36480000
2026-09-18T00:10:18.017Z,17495,1998000,4995000
2026-09-18T00:10:18.017Z,4167,40440000,80000000
2026-09-18T00:10:18.017Z,35090,12400,199700
2026-09-18T00:10:18.017Z,3299,519400000,640800000
2026-09-18T00:10:18.017Z,31108,10000,750000
2026-09-18T00:10:18.017Z,57535,3311000,139900000
2026-09-18T00:10:18.017Z,85930,148900000,237400000
2026-09-18T00:10:18.017Z,54740,112500000,164100000
2026-09-18T00:10:18.017Z,70843,210100000,3768000000
2026-09-18T00:10:18.017Z,82475,20030,2865000
2026-09-18T00:10:18.017Z,3218,348000000,465000000
2026-09-18T00:10:18.017Z,73424,322400000,2450000000
2026-09-18T00:10:18.017Z,34097,123500000,162500000
2026-09-18T00:10:18.017Z,47311,12880000,102200000
2026-09-18T00:10:18.017Z,82479,10010,7883000
2026-09-18T00:10:18.017Z,60909,2100000,15000000
2026-09-18T00:10:18.017Z,43840,32580000,125000000
2026-09-18T00:10:18.017Z,43812,81000000,380000000
2026-09-18T00:10:18.017Z,19083,2505000,4960000
2026-09-18T00:10:18.017Z,33055,140100,1500000
2026-09-18T00:10:18.017Z,88720,370100000,440800000
2026-09-18T00:10:18.017Z,14500,1999000,1192000000
2026-09-18T00:10:18.017Z,12189,54480,549800
2026-09-18T00:10:18.017Z,22619,4627000,14130000
2026-09-18T00:10:18.017Z,3189,541300000,739800000
2026-09-18T00:10:18.017Z,47262,1427000000,2035000000
2026-09-18T00:10:18.017Z,47338,52030000,77700000
2026-09-18T00:10:18.017Z,44152,150200,3199000
2026-09-18T00:10:18.017Z,28804,330100000,394900000
2026-09-18T00:10:18.017Z,17368,2042000,2591000
2026-09-18T00:10:18.017Z,82377,180000,1631000
2026-09-18T00:10:18.017Z,33836,675900000,1299000000
2026-09-18T00:10:18.017Z,89648,18650000,20900000
2026-09-18T00:10:18.017Z,83381,20010,3450000
2026-09-18T00:10:18.017Z,33003,305700,544700
2026-09-18T00:10:18.017Z,21486,9120000,22960000
2026-09-18T00:10:18.017Z,14461,1541000,800000000
2026-09-18T00:10:18.017Z,54829,39150000,45060000
2026-09-18T00:10:18.017Z,45899,319500,3317000
2026-09-18T00:10:18.017Z,43871,1201000000,1525000000
2026-09-18T00:10:18.017Z,18969,59670000,73530000
2026-09-18T00:10:18.017Z,87520,421100000,2188000000
2026-09-18T00:10:18.017Z,33848,81820000,96760000
2026-09-18T00:10:18.017Z,14514,11740000000,12990000000
2026-09-18T00:10:18.017Z,57017,3214000,9973000
2026-09-18T00:10:18.017Z,31678,57520000,87740000
2026-09-18T00:10:18.017Z,90121,221200000,369400000
2026-09-18T00:10:18.017Z,41442,200500000,1198000000
2026-09-18T00:10:18.017Z,46245,122400000,250000000
2026-09-18T00:10:18.017Z,92991,3400000,9899000
2026-09-18T00:10:18.017Z,3086,33240000,75000000
2026-09-18T00:10:18.017Z,77960,251000000,850000000
2026-09-18T00:10:18.017Z,987,18040,14900000
2026-09-18T00:10:18.017Z,24314,496200000,583700000
2026-09-18T00:10:18.017Z,59239,0.01,3500000000
2026-09-18T00:10:18.017Z,42769,140200,1289000
2026-09-18T00:10:18.017Z,14914,2551000,3000000000
2026-09-18T00:10:18.017Z,24696,46630000,52930000
2026-09-18T00:10:18.017Z,55341,1010,98600
2026-09-18T00:10:18.017Z,23674,524800000,823000000
2026-09-18T00:10:18.017Z,53952,289600,649000000
2026-09-18T00:10:18.017Z,40319,,5000000000
2026-09-18T00:10:18.017Z,46410,0.01,5000000000
2026-09-18T00:10:18.017Z,46411,,5000000000
2026-09-18T00:10:18.017Z,41318,500,1290
2026-09-18T00:10:18.017Z,57126,410200000,577800000
2026-09-18T00:10:18.017Z,31354,3001000,10330000
2026-09-18T00:10:18.017Z,44938,11060000,26630000
2026-09-18T00:10:18.017Z,48765,1.07,148000
2026-09-18T00:10:18.017Z,54746,205700000,289000000
2026-09-18T00:10:18.017Z,3947,66540,247800
2026-09-18T00:10:18.017Z,28286,610600,990500
2026-09-18T00:10:18.017Z,14208,139600000,153100000
2026-09-18T00:10:18.017Z,13256,15060000,16710000
2026-09-18T00:10:18.017Z,46980,1802000,53990000
2026-09-18T00:10:18.017Z,3243,,1999000
2026-09-18T00:10:18.017Z,45511,7522,39980
2026-09-18T00:10:18.017Z,937,550000,7900000
2026-09-18T00:10:18.017Z,48559,0.01,790000000
2026-09-18T00:10:18.017Z,64201,1000000,124900000
2026-09-18T00:10:18.017Z,83276,1000,384600
2026-09-18T00:10:18.017Z,10213,90630000,97300000
2026-09-18T00:10:18.017Z,34688,500000,41900000
2026-09-18T00:10:18.017Z,62566,4509,5866
2026-09-18T00:10:18.017Z,35940,23580000,28160000
2026-09-18T00:10:18.017Z,56937,,1279000000
2026-09-18T00:10:18.017Z,46043,0.01,9382000000
2026-09-18T00:10:18.017Z,27191,511600,819700
2026-09-18T00:10:18.017Z,41483,9195000,46740000
2026-09-18T00:10:18.017Z,58798,8289000,5500000000
2026-09-18T00:10:18.017Z,17493,15930000,167000000
2026-09-18T00:10:18.017Z,58829,170000,298000
2026-09-18T00:10:18.017Z,42723,250800000,1494000000
2026-09-18T00:10:18.017Z,48649,13450000,248400000
2026-09-18T00:10:18.017Z,46156,6032000,36900000
2026-09-18T00:10:18.017Z,44148,5003,493000
2026-09-18T00:10:18.017Z,33046,230400,1400000
2026-09-18T00:10:18.017Z,94156,206900000,318600000
2026-09-18T00:10:18.017Z,60435,9600,977000
2026-09-18T00:10:18.017Z,46167,,10000000
2026-09-18T00:10:18.017Z,23029,693.4,999.6
2026-09-18T00:10:18.017Z,33526,237400000,298400000
2026-09-18T00:10:18.017Z,21961,26210000,73220000
2026-09-18T00:10:18.017Z,55600,500,129700
2026-09-18T00:10:18.017Z,54759,11000000,37990000
2026-09-18T00:10:18.017Z,91098,370500000,746900000
2026-09-18T00:10:18.017Z,91104,1721000000,3655000000
2026-09-18T00:10:18.017Z,12346,771300,1207000
2026-09-18T00:10:18.017Z,3571,320100000,423300000
2026-09-18T00:10:18.017Z,63782,100700,179200
2026-09-18T00:10:18.017Z,85750,56080000,136100000
2026-09-18T00:10:18.017Z,86272,100000,8998000
2026-09-18T00:10:18.017Z,40685,,74000000
2026-09-18T00:10:18.017Z,34068,80010000,750000000
2026-09-18T00:10:18.017Z,40522,4200000,71360000
2026-09-18T00:10:18.017Z,46426,170000000,3440000000
2026-09-18T00:10:18.017Z,13217,15280000,17000000
2026-09-18T00:10:18.017Z,21023,12180000,14890000
2026-09-18T00:10:18.017Z,53210,7054000,23800000
2026-09-18T00:10:18.017Z,11535,17800,18190
2026-09-18T00:10:18.017Z,84970,205000000,575000000
2026-09-18T00:10:18.017Z,52294,10000,1000000
2026-09-18T00:10:18.017Z,85448,62820,3440000
2026-09-18T00:10:18.017Z,28735,40610000,62200000
2026-09-18T00:10:18.017Z,31081,105700000,447000000
2026-09-18T00:10:18.017Z,84987,298000000,415000000
2026-09-18T00:10:18.017Z,17261,10100,800000
2026-09-18T00:10:18.017Z,45928,4249000,54990000
2026-09-18T00:10:18.017Z,2188,5211,22500
2026-09-18T00:10:18.017Z,55302,5000,109700
2026-09-18T00:10:18.017Z,41501,849200000,2192000000
2026-09-18T00:10:18.017Z,31668,15010,102000
2026-09-18T00:10:18.017Z,46563,5000000,1980000000
2026-09-18T00:10:18.017Z,56300,2851000000,4834000000
2026-09-18T00:10:18.017Z,81116,139500000,234800000
2026-09-18T00:10:18.017Z,74152,2124000,12000000
2026-09-18T00:10:18.017Z,562,3502,20200
2026-09-18T00:10:18.017Z,9251,22500,77670
2026-09-18T00:10:18.017Z,87217,150000,150100
2026-09-18T00:10:18.017Z,40554,7750000,20000000
2026-09-18T00:10:18.017Z,31192,10000,750000
2026-09-18T00:10:18.017Z,93075,160600000,262100000
2026-09-18T00:10:18.017Z,22110,117200000,127300000
2026-09-18T00:10:18.017Z,54306,36530000,49490000
2026-09-18T00:10:18.017Z,18700,71860000,125600000
2026-09-18T00:10:18.017Z,61204,252700,3465000
2026-09-18T00:10:18.017Z,31742,73040,111900
2026-09-18T00:10:18.017Z,57729,500000,2800000
2026-09-18T00:10:18.017Z,26292,51350000,62800000
2026-09-18T00:10:18.017Z,27150,98640000,121200000
2026-09-18T00:10:18.017Z,42774,200000,2990000
2026-09-18T00:10:18.017Z,900,5022,2540000
2026-09-18T00:10:18.017Z,16642,1993,2144
2026-09-18T00:10:18.017Z,83320,100000,350000
2026-09-18T00:10:18.017Z,37451,1135000,1346000
2026-09-18T00:10:18.017Z,2545,6752,45950
2026-09-18T00:10:18.017Z,4260,809800,1600000
2026-09-18T00:10:18.017Z,24515,321.4,366.8
2026-09-18T00:10:18.017Z,85784,220000,800000
2026-09-18T00:10:18.017Z,20565,21420000,31750000
2026-09-18T00:10:18.017Z,1818,66,69.49
2026-09-18T00:10:18.017Z,92555,53810000,150000000
2026-09-18T00:10:18.017Z,50043,475900000,900000000
2026-09-18T00:10:18.017Z,54742,96560000,114900000
2026-09-18T00:10:18.017Z,87709,60420000,338100000
2026-09-18T00:10:18.017Z,82965,20000,700000
2026-09-18T00:10:18.017Z,34394,1000,399000
2026-09-18T00:10:18.017Z,84163,460000,2497000
2026-09-18T00:10:18.017Z,3368,10000,55000
2026-09-18T00:10:18.017Z,93702,55000000,172000000
2026-09-18T00:10:18.017Z,45917,30100,21000000
2026-09-18T00:10:18.017Z,55622,70.01,169300
2026-09-18T00:10:18.017Z,89707,400000000,979900000
2026-09-18T00:10:18.017Z,20502,36900000,49920000
2026-09-18T00:10:18.017Z,17940,504300,1499000
2026-09-18T00:10:18.017Z,24642,50070000,108600000
2026-09-18T00:10:18.017Z,28282,420900,509600
2026-09-18T00:10:18.017Z,55328,0.03,79800
2026-09-18T00:10:18.017Z,16595,14060000,16650000
2026-09-18T00:10:18.017Z,88788,129800000,2488000000
2026-09-18T00:10:18.017Z,3439,82310,270000
2026-09-18T00:10:18.017Z,27647,6779000,24380000
2026-09-18T00:10:18.017Z,48230,1500000,3500000
2026-09-18T00:10:18.017Z,21029,6348000,6899000
2026-09-18T00:10:18.017Z,42155,322200000,990000000
2026-09-18T00:10:18.017Z,49798,457500,1454000
2026-09-18T00:10:18.017Z,56204,3715000000,4321000000
2026-09-18T00:10:18.017Z,95292,37010000,97800000
2026-09-18T00:10:18.017Z,12215,5041000,7696000
2026-09-18T00:10:18.017Z,54754,2250000000,2856000000
2026-09-18T00:10:18.017Z,43757,51130000,167200000
2026-09-18T00:10:18.017Z,85232,1250000,273100000
2026-09-18T00:10:18.017Z,48221,3857000,119500000
2026-09-18T00:10:18.017Z,46879,158000,1500000
2026-09-18T00:10:18.017Z,28786,58900000,85000000
2026-09-18T00:10:18.017Z,87771,500000,1579000
2026-09-18T00:10:18.017Z,53131,2817000,319900000
2026-09-18T00:10:18.017Z,84986,47200000,493000000
2026-09-18T00:10:18.017Z,81121,2356000,4905000
2026-09-18T00:10:18.017Z,54776,10290,16650
2026-09-18T00:10:18.017Z,55565,1000,3134000
2026-09-18T00:10:18.017Z,19550,108500000,118400000
2026-09-18T00:10:18.017Z,57120,175800000,216000000
2026-09-18T00:10:18.017Z,89934,300000,1894000
2026-09-18T00:10:18.017Z,44150,0.01,897900
2026-09-18T00:10:18.017Z,82342,80010,2467000
2026-09-18T00:10:18.017Z,16599,874300000,1579000000
2026-09-18T00:10:18.017Z,23130,868000,1100000
2026-09-18T00:10:18.017Z,4180,20730000,60510000
2026-09-18T00:10:18.017Z,57780,15000000,780000000
2026-09-18T00:10:18.017Z,3207,22400000,100500000
2026-09-18T00:10:18.017Z,10840,241200,1115000
2026-09-18T00:10:18.017Z,27906,1831000,26740000
2026-09-18T00:10:18.017Z,20312,761000,1900000
2026-09-18T00:10:18.017Z,37170,2301000000,2797000000
2026-09-18T00:10:18.017Z,43882,600700000,825000000
2026-09-18T00:10:18.017Z,10151,3700000,3990000
2026-09-18T00:10:18.017Z,15302,253800000,400000000
2026-09-18T00:10:18.017Z,77167,47010000,100000000
2026-09-18T00:10:18.017Z,91281,49060000,100000000
2026-09-18T00:10:18.017Z,84973,2160000000,3842000000
2026-09-18T00:10:18.017Z,40615,0.01,5025000000
2026-09-18T00:10:18.017Z,81119,130800000,2191000000
2026-09-18T00:10:18.017Z,62013,1121,959900
2026-09-18T00:10:18.017Z,56365,832500,11490000
2026-09-18T00:10:18.017Z,3388,100.4,275000
2026-09-18T00:10:18.017Z,33038,131100,2000000
2026-09-18T00:10:18.017Z,43,188.3,300
2026-09-18T00:10:18.017Z,9941,7200000,8279000
2026-09-18T00:10:18.017Z,84991,1082000000,3357000000
2026-09-18T00:10:18.017Z,55534,0.02,15000
2026-09-18T00:10:18.017Z,37504,,13900000000
2026-09-18T00:10:18.017Z,48424,39370,266700
2026-09-18T00:10:18.017Z,14375,2647000,800000000
2026-09-18T00:10:18.017Z,56885,100300000,288000000
2026-09-18T00:10:18.017Z,20051,1.02,267.5
2026-09-18T00:10:18.017Z,46877,1885000,9823000
2026-09-18T00:10:18.017Z,33518,1.03,174100000
2026-09-18T00:10:18.017Z,11690,19240,20080
2026-09-18T00:10:18.017Z,60164,578100000,1030000000
2026-09-18T00:10:18.017Z,3230,231700000,599900000
2026-09-18T00:10:18.017Z,91950,2581000,2998000
2026-09-18T00:10:18.017Z,78367,101900000,113100000
2026-09-18T00:10:18.017Z,27116,111800000,118800000
2026-09-18T00:10:18.017Z,87708,49000000,419000000
2026-09-18T00:10:18.017Z,22929,24490000,46780000
2026-09-18T00:10:18.017Z,91925,7123000,9000000
2026-09-18T00:10:18.017Z,46161,,15990000
2026-09-18T00:10:18.017Z,46997,3113,2450000
2026-09-18T00:10:18.017Z,31047,1577000,1756000
2026-09-18T00:10:18.017Z,45590,24820000,35460000
2026-09-18T00:10:18.017Z,14542,16700000000,19000000000
2026-09-18T00:10:18.017Z,14110,28110000,33690000
2026-09-18T00:10:18.017Z,81063,20800,27840
2026-09-18T00:10:18.017Z,26320,550600,35000000
2026-09-18T00:10:18.017Z,31882,1538000,1673000
2026-09-18T00:10:18.017Z,2195,1568000,1738000
2026-09-18T00:10:18.017Z,18722,500200,1837000
2026-09-18T00:10:18.017Z,46414,111000000,1985000000
2026-09-18T00:10:18.017Z,54743,447400000,498000000
2026-09-18T00:10:18.017Z,17791,2719,15000
2026-09-18T00:10:18.017Z,33079,4411000000,6700000000
2026-09-18T00:10:18.017Z,46138,12680000,828800000
2026-09-18T00:10:18.017Z,3308,1403000,3700000
2026-09-18T00:10:18.017Z,27249,20,47000
2026-09-18T00:10:18.017Z,46433,0.01,25000000000
2026-09-18T00:10:18.017Z,91122,36010000,65000000
2026-09-18T00:10:18.017Z,46107,5000000,408300000
2026-09-18T00:10:18.017Z,37879,10000,1787000
2026-09-18T00:10:18.017Z,90705,1007,9595
2026-09-18T00:10:18.017Z,83589,5078000,27500000
2026-09-18T00:10:18.017Z,94013,10000000,3000000000
2026-09-18T00:10:18.017Z,61872,27330000,36690000
2026-09-18T00:10:18.017Z,36438,6000000,54000000
2026-09-18T00:10:18.017Z,3287,27110000,84870000
2026-09-18T00:10:18.017Z,60229,46840,999800
2026-09-18T00:10:18.017Z,27417,353.9,677.5
2026-09-18T00:10:18.017Z,88650,100000,3416000
2026-09-18T00:10:18.017Z,84962,9292000,12300000000
2026-09-18T00:10:18.017Z,82309,807.7,1094
2026-09-18T00:10:18.017Z,91021,205,1479000
2026-09-18T00:10:18.017Z,36395,0.01,3000000000
2026-09-18T00:10:18.017Z,23021,76,374.5
2026-09-18T00:10:18.017Z,14820,856000,2737000000
2026-09-18T00:10:18.017Z,49147,783800000,1595000000
2026-09-18T00:10:18.017Z,37166,2076000000,2749000000
2026-09-18T00:10:18.017Z,27103,32100,270000
2026-09-18T00:10:18.017Z,52875,183300000,341400000
2026-09-18T00:10:18.017Z,3229,26380000,101800000
2026-09-18T00:10:18.017Z,37815,153700000,349600000
2026-09-18T00:10:18.017Z,83351,4400000,5000000
2026-09-18T00:10:18.017Z,91987,240000,1031000
2026-09-18T00:10:18.017Z,83241,15000,420800
2026-09-18T00:10:18.017Z,82398,20000,1962000
2026-09-18T00:10:18.017Z,82374,40000,94780
2026-09-18T00:10:18.017Z,53508,3999000,15000000
2026-09-18T00:10:18.017Z,56866,86500000,199000000
2026-09-18T00:10:18.017Z,12203,5001000,9999000
2026-09-18T00:10:18.017Z,47118,8340000,13980000
2026-09-18T00:10:18.017Z,88666,600000,239900000
2026-09-18T00:10:18.017Z,84115,142000000,590000000
2026-09-18T00:10:18.017Z,64377,5522000,10540000
2026-09-18T00:10:18.017Z,29613,49590000,169500000
2026-09-18T00:10:18.017Z,96040,4031000000,14990000000
2026-09-18T00:10:18.017Z,43779,6124000,9500000
2026-09-18T00:10:18.017Z,33021,425000,59200000
2026-09-18T00:10:18.017Z,24574,80030000,129800000
2026-09-18T00:10:18.017Z,33898,7614000,9930000
2026-09-18T00:10:18.017Z,32995,2501,4920
2026-09-18T00:10:18.017Z,55570,10000,120000
2026-09-18T00:10:18.017Z,14652,245400000,62900000000
2026-09-18T00:10:18.017Z,17256,6000,120000
2026-09-18T00:10:18.017Z,45893,103200,3995000
2026-09-18T00:10:18.017Z,47839,190900000,270100000
2026-09-18T00:10:18.017Z,48747,101000000,144400000
2026-09-18T00:10:18.017Z,15852,30020000,59850000
2026-09-18T00:10:18.017Z,55685,0.01,98600
2026-09-18T00:10:18.017Z,85446,284200000,632500000
2026-09-18T00:10:18.017Z,27111,160000,349900
2026-09-18T00:10:18.017Z,47630,9220000,22000000
2026-09-18T00:10:18.017Z,43758,57540000,200000000
2026-09-18T00:10:18.017Z,27099,500300,728800
2026-09-18T00:10:18.017Z,55546,15000,242100
2026-09-18T00:10:18.017Z,35074,322.6,498900
2026-09-18T00:10:18.017Z,3575,225800000,306800000
2026-09-18T00:10:18.017Z,10629,5733,7999
2026-09-18T00:10:18.017Z,93078,71280000,272800000
2026-09-18T00:10:18.017Z,91251,290400000,882000000
2026-09-18T00:10:18.017Z,43851,44880000,50040000
2026-09-18T00:10:18.017Z,523,6721,9000
2026-09-18T00:10:18.017Z,17453,148.3,199.9
2026-09-18T00:10:18.017Z,95528,810000000,1523000000
2026-09-18T00:10:18.017Z,37260,1151000000,1449000000
2026-09-18T00:10:18.017Z,34603,64300000,549900000
2026-09-18T00:10:18.017Z,45824,503800,1700000
2026-09-18T00:10:18.017Z,12559,63200,79860
2026-09-18T00:10:18.017Z,17449,276.6,475
2026-09-18T00:10:18.017Z,41249,60140000,73490000
2026-09-18T00:10:18.017Z,59179,46040,1195000
2026-09-18T00:10:18.017Z,46136,,898900000
2026-09-18T00:10:18.017Z,56853,80560000,173500000
2026-09-18T00:10:18.017Z,93726,267900000,317400000
2026-09-18T00:10:18.017Z,57056,462900,9998000
2026-09-18T00:10:18.017Z,22611,11280000,15290000
2026-09-18T00:10:18.017Z,7487,50000,118700
2026-09-18T00:10:18.017Z,62051,421000,1500000
2026-09-18T00:10:18.017Z,41465,43090000,90910000
2026-09-18T00:10:18.017Z,40356,43740000,48520000
2026-09-18T00:10:18.017Z,46137,2003000,1398000000
2026-09-18T00:10:18.017Z,4172,43250000,123600000
2026-09-18T00:10:18.017Z,13830,6104000,10960000
2026-09-18T00:10:18.017Z,46845,,1500000
2026-09-18T00:10:18.017Z,91946,36090000,129100000
2026-09-18T00:10:18.017Z,83642,322500000,381000000
2026-09-18T00:10:18.017Z,48490,,16250000
2026-09-18T00:10:18.017Z,64379,112000,16120000
2026-09-18T00:10:18.017Z,32123,14020,8448000
2026-09-18T00:10:18.017Z,57389,67000000,566100000
2026-09-18T00:10:18.017Z,84334,8531000,19980000
2026-09-18T00:10:18.017Z,91951,41820000,58800000
2026-09-18T00:10:18.017Z,48548,0.01,2800000000
2026-09-18T00:10:18.017Z,54382,92670000,348500000
2026-09-18T00:10:18.017Z,53195,279100,279100000
2026-09-18T00:10:18.017Z,34778,12000,3500000
2026-09-18T00:10:18.017Z,14703,2436000000,2888000000
2026-09-18T00:10:18.017Z,56889,10010000,290000000
2026-09-18T00:10:18.017Z,93015,7200000,44990000
2026-09-18T00:10:18.017Z,92963,55160000,72780000
2026-09-18T00:10:18.017Z,44932,10470000,56950000
2026-09-18T00:10:18.017Z,33012,,781500
2026-09-18T00:10:18.017Z,93483,53000000,90000000
2026-09-18T00:10:18.017Z,84942,743400000,843900000
2026-09-18T00:10:18.017Z,27351,1906,2179
2026-09-18T00:10:18.017Z,33775,17930000,63330000
2026-09-18T00:10:18.017Z,20207,1064000000,1217000000
2026-09-18T00:10:18.017Z,33793,66270000,144700000
2026-09-18T00:10:18.017Z,14796,10000000000,21990000000
2026-09-18T00:10:18.017Z,20977,5,374
2026-09-18T00:10:18.017Z,19145,97010000,118200000
2026-09-18T00:10:18.017Z,91103,823600000,1708000000
2026-09-18T00:10:18.017Z,23819,75010000,97660000
2026-09-18T00:10:18.017Z,79755,203500000,356000000
2026-09-18T00:10:18.017Z,17850,4311000,8310000
2026-09-18T00:10:18.017Z,3129,53010000,104900000
2026-09-18T00:10:18.017Z,18746,5841,1092000
2026-09-18T00:10:18.017Z,508,1290000,2692000
2026-09-18T00:10:18.017Z,22983,330,865.8
2026-09-18T00:10:18.017Z,23039,546.8,713
2026-09-18T00:10:18.017Z,1355,417800,555800
2026-09-18T00:10:18.017Z,47304,716100,10000000
2026-09-18T00:10:18.017Z,42174,,2999000000
2026-09-18T00:10:18.017Z,3112,4431000,6999000
2026-09-18T00:10:18.017Z,49641,926000,2479000
2026-09-18T00:10:18.017Z,12095,1112000,6000000
2026-09-18T00:10:18.017Z,3079,186500000,536200000
2026-09-18T00:10:18.017Z,20761,590.8,3380
2026-09-18T00:10:18.017Z,31976,20000000,48390000
2026-09-18T00:10:18.017Z,15691,0.02,598900
2026-09-18T00:10:18.017Z,31977,57080000,70720000
2026-09-18T00:10:18.017Z,15840,22590000,149900000
2026-09-18T00:10:18.017Z,57499,8000000,10500000
2026-09-18T00:10:18.017Z,36509,250000000,3960000000
2026-09-18T00:10:18.017Z,82364,80000,989900
2026-09-18T00:10:18.017Z,47624,6200000,42300000
2026-09-18T00:10:18.017Z,37230,106500000,113000000
2026-09-18T00:10:18.017Z,28770,64110000,212000000
2026-09-18T00:10:18.017Z,27585,8160000,118900000
2026-09-18T00:10:18.017Z,36657,,5025000000
2026-09-18T00:10:18.017Z,21282,5078000,12650000
2026-09-18T00:10:18.017Z,44995,391300000,424600000
2026-09-18T00:10:18.017Z,11455,811700,2079000
2026-09-18T00:10:18.017Z,44147,12.35,1000000
2026-09-18T00:10:18.017Z,87504,1810000000,2547000000
2026-09-18T00:10:18.017Z,44146,102.1,947800
2026-09-18T00:10:18.017Z,12710,,1300000
2026-09-18T00:10:18.017Z,6715,10020,76460
2026-09-18T00:10:18.017Z,62543,372.5,569.7
2026-09-18T00:10:18.017Z,4363,3609000000,6098000000
2026-09-18T00:10:18.017Z,21332,25.01,50
2026-09-18T00:10:18.017Z,84741,232100000,576500000
2026-09-18T00:10:18.017Z,3474,73590000,123800000
2026-09-18T00:10:18.017Z,45835,501300,1950000
2026-09-18T00:10:18.017Z,33407,33100000,38000000
2026-09-18T00:10:18.017Z,62372,255100000,915100000
2026-09-18T00:10:18.017Z,28264,16010000,19980000
2026-09-18T00:10:18.017Z,14874,1021000,60000000
2026-09-18T00:10:18.017Z,13251,13630000,16940000
2026-09-18T00:10:18.017Z,23107,679200,986900
2026-09-18T00:10:18.017Z,59814,60650000,547600000
2026-09-18T00:10:18.017Z,59366,701000,1549000
2026-09-18T00:10:18.017Z,52919,259100000,324900000
2026-09-18T00:10:18.017Z,31975,16000000,22170000
2026-09-18T00:10:18.017Z,83230,10000,93450000
2026-09-18T00:10:18.017Z,20060,105800000,120200000
2026-09-18T00:10:18.017Z,61210,170000,289900
2026-09-18T00:10:18.017Z,16263,159000,195000
2026-09-18T00:10:18.017Z,59632,0.02,108600000
2026-09-18T00:10:18.017Z,60098,280400000,735000000
2026-09-18T00:10:18.017Z,3546,285100000,428300000
2026-09-18T00:10:18.017Z,61234,,10000000
2026-09-18T00:10:18.017Z,82318,108.6,187
2026-09-18T00:10:18.017Z,55353,0.23,198100
2026-09-18T00:10:18.017Z,26066,0.01,3490000
2026-09-18T00:10:18.017Z,1190,751600,792500
2026-09-18T00:10:18.017Z,609,212200,418000
2026-09-18T00:10:18.017Z,57483,77100000,85660000
2026-09-18T00:10:18.017Z,35965,5312000,29580000
2026-09-18T00:10:18.017Z,13965,12430000,19940000
2026-09-18T00:10:18.017Z,19400,1.01,10050
2026-09-18T00:10:18.017Z,76169,1007,3200000
2026-09-18T00:10:18.017Z,42561,15000000,34900000
2026-09-18T00:10:18.017Z,93909,115000000,197200000
2026-09-18T00:10:18.017Z,46575,230800000,284600000
2026-09-18T00:10:18.017Z,3685,497.8,883.2
2026-09-18T00:10:18.017Z,82040,66100000,124500000
2026-09-18T00:10:18.017Z,3320,4111,86000
2026-09-18T00:10:18.017Z,19040,246100000,287400000
2026-09-18T00:10:18.017Z,94054,107700000,129600000
2026-09-18T00:10:18.017Z,53053,100000,999800
2026-09-18T00:10:18.017Z,14222,37500000,54940000
2026-09-18T00:10:18.017Z,54774,24180,49420
2026-09-18T00:10:18.017Z,58902,250100,3000000
2026-09-18T00:10:18.017Z,19169,81690000,140000000
2026-09-18T00:10:18.017Z,34777,112,700000
2026-09-18T00:10:18.017Z,3270,521300000,589900000
2026-09-18T00:10:18.017Z,92571,1419,1664
2026-09-18T00:10:18.017Z,34697,,2398000000
2026-09-18T00:10:18.017Z,36649,,5025000000
2026-09-18T00:10:18.017Z,46404,,2525000000
2026-09-18T00:10:18.017Z,48148,5137000000,9480000000
2026-09-18T00:10:18.017Z,46957,615400,4417000
2026-09-18T00:10:18.017Z,21718,500.3,92000
2026-09-18T00:10:18.017Z,46166,,10000000
2026-09-18T00:10:18.017Z,13265,13330000,16910000
2026-09-18T00:10:18.017Z,87514,2169000,5998000
2026-09-18T00:10:18.017Z,88530,10010,4996000
2026-09-18T00:10:18.017Z,19694,107600000,118200000
2026-09-18T00:10:18.017Z,85931,110700000,188800000
2026-09-18T00:10:18.017Z,32935,529700000,799000000
2026-09-18T00:10:18.017Z,16269,0.01,699900
2026-09-18T00:10:18.017Z,48551,0.01,3200000000
2026-09-18T00:10:18.017Z,44921,21100000,120000000
2026-09-18T00:10:18.017Z,21208,177700,1499000
2026-09-18T00:10:18.017Z,36827,0.01,5025000000
2026-09-18T00:10:18.017Z,36654,,5025000000
2026-09-18T00:10:18.017Z,43858,290600000,375000000
2026-09-18T00:10:18.017Z,46233,252000,1380000
2026-09-18T00:10:18.017Z,59810,1021000,2999000000
2026-09-18T00:10:18.017Z,36957,77660000,186100000
2026-09-18T00:10:18.017Z,41180,44030000,132200000
2026-09-18T00:10:18.017Z,41531,218700000,259700000
2026-09-18T00:10:18.017Z,21951,34840000,44810000
2026-09-18T00:10:18.017Z,45911,5204000,20200000
2026-09-18T00:10:18.017Z,892,,2100000
2026-09-18T00:10:18.017Z,16227,40430000,54980000
2026-09-18T00:10:18.017Z,52642,415400000,3801000000
2026-09-18T00:10:18.017Z,59859,31690000,3999000000
2026-09-18T00:10:18.017Z,4244,860000000,1232000000
2026-09-18T00:10:18.017Z,38660,100000,3699000
2026-09-18T00:10:18.017Z,53632,1001000,244800000
2026-09-18T00:10:18.017Z,28758,33540000,35890000
2026-09-18T00:10:18.017Z,90406,1900000000,2874000000
2026-09-18T00:10:18.017Z,78409,,120000000
2026-09-18T00:10:18.017Z,75275,19.52,24.08
2026-09-18T00:10:18.017Z,11529,9529000,14890000
2026-09-18T00:10:18.017Z,20737,,1746
2026-09-18T00:10:18.017Z,62572,9906,10810
2026-09-18T00:10:18.017Z,11443,809200,4998000
2026-09-18T00:10:18.017Z,17404,151000,2200000
2026-09-18T00:10:18.017Z,88714,1708000000,3135000000
2026-09-18T00:10:18.017Z,45840,1010000,9904000
2026-09-18T00:10:18.017Z,28423,100.2,5325
2026-09-18T00:10:18.017Z,7253,15610,118800
2026-09-18T00:10:18.017Z,60262,10010000,191400000
2026-09-18T00:10:18.017Z,91935,1578000,2498000
2026-09-18T00:10:18.017Z,59844,,1000000000
2026-09-18T00:10:18.017Z,28416,0.01,19590
2026-09-18T00:10:18.017Z,50052,91570000,197800000
2026-09-18T00:10:18.017Z,33785,13300000,85370000
2026-09-18T00:10:18.017Z,15640,1160,1900000
2026-09-18T00:10:18.017Z,23866,34250,37790000
2026-09-18T00:10:18.017Z,50066,4874000000,8035000000
2026-09-18T00:10:18.017Z,83377,40010,479200
2026-09-18T00:10:18.017Z,26424,5113000,22800000
2026-09-18T00:10:18.017Z,59335,0.01,1495000000
2026-09-18T00:10:18.017Z,62634,127000000,150200000
2026-09-18T00:10:18.017Z,32245,50720000,181100000
2026-09-18T00:10:18.017Z,34672,16340000,72300000
2026-09-18T00:10:18.017Z,83587,5521000,14000000
2026-09-18T00:10:18.017Z,83258,1000,74140
2026-09-18T00:10:18.017Z,91916,1724000,2980000
2026-09-18T00:10:18.017Z,15939,138700000,154700000
2026-09-18T00:10:18.017Z,64598,,1099000000
2026-09-18T00:10:18.017Z,55652,1980000,9797000
2026-09-18T00:10:18.017Z,85006,80000000,190500000
2026-09-18T00:10:18.017Z,3193,5243000,7322000
2026-09-18T00:10:18.017Z,87774,290000000,464700000
2026-09-18T00:10:18.017Z,20971,15.55,1098
2026-09-18T00:10:18.017Z,14492,950000000,1904000000
2026-09-18T00:10:18.017Z,58863,100300,14190000
2026-09-18T00:10:18.017Z,48557,0.01,2900000000
2026-09-18T00:10:18.017Z,53386,28890,28970000
2026-09-18T00:10:18.017Z,53308,70160000,104900000
2026-09-18T00:10:18.017Z,456,5068,113900
2026-09-18T00:10:18.017Z,63055,95000000,146200000
2026-09-18T00:10:18.017Z,48724,1652000000,4275000000
2026-09-18T00:10:18.017Z,47617,0.01,1340000000
2026-09-18T00:10:18.017Z,1285,10,2240000
2026-09-18T00:10:18.017Z,19418,56900000,60800000
2026-09-18T00:10:18.017Z,94064,528700000,649500000
2026-09-18T00:10:18.017Z,31646,254100,1242000
2026-09-18T00:10:18.017Z,85517,1527000,6472000
2026-09-18T00:10:18.017Z,23729,35000,35980
2026-09-18T00:10:18.017Z,31284,22070000,323800000
2026-09-18T00:10:18.017Z,1295,10,2355000
2026-09-18T00:10:18.017Z,49153,0.01,6800000000
2026-09-18T00:10:18.017Z,822,10,1180000
2026-09-18T00:10:18.017Z,42558,24000000,220000000
2026-09-18T00:10:18.017Z,3321,604.4,59000
2026-09-18T00:10:18.017Z,45966,25100,2996000
2026-09-18T00:10:18.017Z,63164,20010000,741300000
2026-09-18T00:10:18.017Z,31942,25260000,32800000
2026-09-18T00:10:18.017Z,4235,75000,9961000
2026-09-18T00:10:18.017Z,17546,201800,248600000
2026-09-18T00:10:18.017Z,31524,41620000,149000000
2026-09-18T00:10:18.017Z,33867,12280000,36250000
2026-09-18T00:10:18.017Z,17184,2032000,7960000
2026-09-18T00:10:18.017Z,48507,10010000,171700000
2026-09-18T00:10:18.017Z,48504,1010000,97500000
2026-09-18T00:10:18.017Z,33973,160600000,184900000
2026-09-18T00:10:18.017Z,12305,5026,140000
2026-09-18T00:10:18.017Z,3278,114300,9493000
2026-09-18T00:10:18.017Z,56592,15780000,865000000
2026-09-18T00:10:18.017Z,48515,1.05,214000000
2026-09-18T00:10:18.017Z,529,3050,30000
2026-09-18T00:10:18.017Z,20851,10260,370000
2026-09-18T00:10:18.017Z,18933,61040000,84890000
2026-09-18T00:10:18.017Z,54407,60700000,187500000
2026-09-18T00:10:18.017Z,36358,15300000,69940000
2026-09-18T00:10:18.017Z,13247,9471000,18360000
2026-09-18T00:10:18.017Z,85878,134800000,394900000
2026-09-18T00:10:18.017Z,47325,266500000,324900000
2026-09-18T00:10:18.017Z,34774,10000,4000000
2026-09-18T00:10:18.017Z,46182,7480000,10460000
2026-09-18T00:10:18.017Z,55354,1000,60000
2026-09-18T00:10:18.017Z,49926,92910000,668800000
2026-09-18T00:10:18.017Z,54222,764300000,1997000000
2026-09-18T00:10:18.017Z,33708,3556,2739000
2026-09-18T00:10:18.017Z,4316,10530,11000000
2026-09-18T00:10:18.017Z,29041,103400,707200
2026-09-18T00:10:18.017Z,47766,42290,263900
2026-09-18T00:10:18.017Z,82078,70570000,145000000
2026-09-18T00:10:18.017Z,48519,19640000,284900000
2026-09-18T00:10:18.017Z,20175,11550,7461000
2026-09-18T00:10:18.017Z,45524,222400000,335300000
2026-09-18T00:10:18.017Z,20004,207.7,699.9
2026-09-18T00:10:18.017Z,47625,25020000,55900000
2026-09-18T00:10:18.017Z,20773,103.9,4199
2026-09-18T00:10:18.017Z,28656,59270000,75000000
2026-09-18T00:10:18.017Z,24484,601000000,1249000000
2026-09-18T00:10:18.017Z,33043,131100,2000000
2026-09-18T00:10:18.017Z,45494,62.1,2300
2026-09-18T00:10:18.017Z,3191,80000000,102400000
2026-09-18T00:10:18.017Z,55578,12510,129000
2026-09-18T00:10:18.017Z,49923,80510000,394500000
2026-09-18T00:10:18.017Z,3955,465100,700000
2026-09-18T00:10:18.017Z,47747,3589000,6980000
2026-09-18T00:10:18.017Z,42707,110000,1124000
2026-09-18T00:10:18.017Z,46736,40970000,250000000
2026-09-18T00:10:18.017Z,46855,1506000,12000000
2026-09-18T00:10:18.017Z,91929,9179000,10450000
2026-09-18T00:10:18.017Z,27565,15180000,149500000
2026-09-18T00:10:18.017Z,93742,68470000,87440000
2026-09-18T00:10:18.017Z,76291,160100000,330400000
2026-09-18T00:10:18.017Z,48428,23440,136600
2026-09-18T00:10:18.017Z,56925,0.01,345000000
2026-09-18T00:10:18.017Z,11083,124200,779900
2026-09-18T00:10:18.017Z,91945,10650000,17980000
2026-09-18T00:10:18.017Z,46909,804200,4330000
2026-09-18T00:10:18.017Z,91924,51210000,110200000
2026-09-18T00:10:18.017Z,54433,28170000,55210000
2026-09-18T00:10:18.017Z,12202,1804000,3289000
2026-09-18T00:10:18.017Z,60758,41710000,83980000
2026-09-18T00:10:18.017Z,11887,10010,985600
2026-09-18T00:10:18.017Z,17253,155000000,435000000
2026-09-18T00:10:18.017Z,40515,,999900000
2026-09-18T00:10:18.017Z,48224,2500000,134600000
2026-09-18T00:10:18.017Z,55032,35500000,44940000
2026-09-18T00:10:18.017Z,45887,501400,999900
2026-09-18T00:10:18.017Z,20777,758.4,5077
2026-09-18T00:10:18.017Z,45944,111500,906000
2026-09-18T00:10:18.017Z,52589,101100000,200000000
2026-09-18T00:10:18.017Z,52789,135000000,175900000
2026-09-18T00:10:18.017Z,18718,27480,899800
2026-09-18T00:10:18.017Z,31093,33690000,393000000
2026-09-18T00:10:18.017Z,87354,525000,2466000
2026-09-18T00:10:18.017Z,15831,5000000,22900000
2026-09-18T00:10:18.017Z,79762,56830000,99940000
2026-09-18T00:10:18.017Z,93002,1600000,44980000
2026-09-18T00:10:18.017Z,36433,10010000,27790000
2026-09-18T00:10:18.017Z,46966,145100,8998000
2026-09-18T00:10:18.017Z,18662,60820000,99680000
2026-09-18T00:10:18.017Z,15292,2058000000,2305000000
2026-09-18T00:10:18.017Z,14508,1801000000,3495000000
2026-09-18T00:10:18.017Z,91961,47250000,99890000
2026-09-18T00:10:18.017Z,34685,24000000,298000000
2026-09-18T00:10:18.017Z,4103,46860000,108700000
2026-09-18T00:10:18.017Z,55568,,864000
2026-09-18T00:10:18.017Z,13259,15310000,16730000
2026-09-18T00:10:18.017Z,93362,32000000,157600000
2026-09-18T00:10:18.017Z,44949,11030000,93880000
2026-09-18T00:10:18.017Z,894,,2900000
2026-09-18T00:10:18.017Z,22761,20290000,39000000
2026-09-18T00:10:18.017Z,20775,3496,5999
2026-09-18T00:10:18.017Z,81012,349900000,686800000
2026-09-18T00:10:18.017Z,88637,12080000,84370000
2026-09-18T00:10:18.017Z,83388,80010,1309000
2026-09-18T00:10:18.017Z,20577,4034000,6294000
2026-09-18T00:10:18.017Z,90125,475600000,698900000
2026-09-18T00:10:18.017Z,47619,13310000,1796000000
2026-09-18T00:10:18.017Z,46863,1004000,8917000
2026-09-18T00:10:18.017Z,12807,230.5,269.2
2026-09-18T00:10:18.017Z,80812,131000000,529600000
2026-09-18T00:10:18.017Z,20933,523.9,8499
2026-09-18T00:10:18.017Z,4165,46550000,100100000
2026-09-18T00:10:18.017Z,36818,,2525000000
2026-09-18T00:10:18.017Z,36844,,5025000000
2026-09-18T00:10:18.017Z,17926,83500000,93990000
2026-09-18T00:10:18.017Z,35434,2005,1198000
2026-09-18T00:10:18.017Z,22891,53880000,127900000
2026-09-18T00:10:18.017Z,70838,99060000,400000000
2026-09-18T00:10:18.017Z,30014,5101,7000000
2026-09-18T00:10:18.017Z,46327,2206000000,3097000000
2026-09-18T00:10:18.017Z,14724,1243000,80000000
2026-09-18T00:10:18.017Z,32117,3545000,7499000
2026-09-18T00:10:18.017Z,13279,255600,420000
2026-09-18T00:10:18.017Z,53178,,475000000
2026-09-18T00:10:18.017Z,490,96190,119900
2026-09-18T00:10:18.017Z,14118,80430000,109900000
2026-09-18T00:10:18.017Z,42183,83960000,649000000
2026-09-18T00:10:18.017Z,49155,,2386000000
2026-09-18T00:10:18.017Z,37156,75000000,370000000
2026-09-18T00:10:18.017Z,63784,259000,499900
2026-09-18T00:10:18.017Z,34390,159800,1046000
2026-09-18T00:10:18.017Z,85735,321300000,500000000
2026-09-18T00:10:18.017Z,78366,468700000,525900000
2026-09-18T00:10:18.017Z,55347,101,58700
2026-09-18T00:10:18.017Z,34772,10000,6000000
2026-09-18T00:10:18.017Z,42621,104600000,824500000
2026-09-18T00:10:18.017Z,16647,5116,5485
2026-09-18T00:10:18.017Z,52874,123500,728000000
2026-09-18T00:10:18.017Z,36313,,5000000000
2026-09-18T00:10:18.017Z,31916,21940000,29780000
2026-09-18T00:10:18.017Z,19261,9537000,16960000
2026-09-18T00:10:18.017Z,78816,1344000000,2756000000
2026-09-18T00:10:18.017Z,15670,916800,1950000
2026-09-18T00:10:18.017Z,54900,185400000,523100000
2026-09-18T00:10:18.017Z,87705,30010000,458700000
2026-09-18T00:10:18.017Z,91942,18620000,77670000
2026-09-18T00:10:18.017Z,3150,54770000,154300000
2026-09-18T00:10:18.017Z,27550,29580000,38090000
2026-09-18T00:10:18.017Z,85005,,1107000000
2026-09-18T00:10:18.017Z,19231,131800000,149900000
2026-09-18T00:10:18.017Z,87786,1600000000,10990000000
2026-09-18T00:10:18.017Z,25548,90330000,129400000
2026-09-18T00:10:18.017Z,46025,1000000,417500000
2026-09-18T00:10:18.017Z,59823,,799000000
2026-09-18T00:10:18.017Z,10188,10270,4500000
2026-09-18T00:10:18.017Z,55673,50030,179900
2026-09-18T00:10:18.017Z,41514,3590000,299000000
2026-09-18T00:10:18.017Z,56936,,1189000000
2026-09-18T00:10:18.017Z,93610,75040000,140000000
2026-09-18T00:10:18.017Z,41210,30100000000,35480000000
2026-09-18T00:10:18.017Z,88626,40000,146800
2026-09-18T00:10:18.017Z,15849,2125000,8800000
2026-09-18T00:10:18.017Z,25811,234.2,1080000
2026-09-18T00:10:18.017Z,27917,226200,213900000
2026-09-18T00:10:18.017Z,61191,38540000,199500000
2026-09-18T00:10:18.017Z,43785,15270000,150000000
2026-09-18T00:10:18.017Z,46143,0.01,839800000
2026-09-18T00:10:18.017Z,2575,1219000,1464000
2026-09-18T00:10:18.017Z,15753,39770000,57000000
2026-09-18T00:10:18.017Z,28731,17720000,22000000
2026-09-18T00:10:18.017Z,79760,333700000,884800000
2026-09-18T00:10:18.017Z,48850,0.01,1178000000
2026-09-18T00:10:18.017Z,14138,32010000,42800000
2026-09-18T00:10:18.017Z,44929,2098000,38000000
2026-09-18T00:10:18.017Z,2529,16130,26680
2026-09-18T00:10:18.017Z,90659,,141100000
2026-09-18T00:10:18.017Z,87838,9000000,53990000
2026-09-18T00:10:18.017Z,58827,250000000,1400000000
2026-09-18T00:10:18.017Z,42562,11000000,49490000
2026-09-18T00:10:18.017Z,48579,7910000,3500000000
2026-09-18T00:10:18.017Z,12196,87120,523700
2026-09-18T00:10:18.017Z,19663,1505,130000
2026-09-18T00:10:18.017Z,55755,41000,741100
2026-09-18T00:10:18.017Z,63781,5.31,174900
2026-09-18T00:10:18.017Z,33305,35360000,103400000
2026-09-18T00:10:18.017Z,27919,237000,216200000
2026-09-18T00:10:18.017Z,14780,3271000000,3999000000
2026-09-18T00:10:18.017Z,62052,140300,9999000
2026-09-18T00:10:18.017Z,47638,3100,83000000
2026-09-18T00:10:18.017Z,24636,93460000,124800000
2026-09-18T00:10:18.017Z,28880,1330000,5900000
2026-09-18T00:10:18.017Z,57781,21000000,285000000
2026-09-18T00:10:18.017Z,22551,28000000,36000000
2026-09-18T00:10:18.017Z,52407,1416000,240000000
2026-09-18T00:10:18.017Z,12098,18490000,27800000
2026-09-18T00:10:18.017Z,90126,1567000000,2300000000
2026-09-18T00:10:18.017Z,58891,155000,1919000
2026-09-18T00:10:18.017Z,41407,18100000,37500000
2026-09-18T00:10:18.017Z,90410,14030000,29710000
2026-09-18T00:10:18.017Z,53172,0.01,1399000000
2026-09-18T00:10:18.017Z,45736,404300000,549900000
2026-09-18T00:10:18.017Z,56883,35080000,297500000
2026-09-18T00:10:18.017Z,13778,26360000,83790000
2026-09-18T00:10:18.017Z,79739,38650000,58120000
2026-09-18T00:10:18.017Z,62490,608.5,1489
2026-09-18T00:10:18.017Z,44896,1659000,8987000
2026-09-18T00:10:18.017Z,45883,107000,1936000
2026-09-18T00:10:18.017Z,46962,119000,6999000
2026-09-18T00:10:18.017Z,91248,148200000,296000000
2026-09-18T00:10:18.017Z,54781,5461,6948
2026-09-18T00:10:18.017Z,45912,202700,11860000
2026-09-18T00:10:18.017Z,881,,500000
2026-09-18T00:10:18.017Z,41680,45810000,348400000
2026-09-18T00:10:18.017Z,57334,383500000,993900000
2026-09-18T00:10:18.017Z,40601,,719900000
2026-09-18T00:10:18.017Z,34671,,7525000000
2026-09-18T00:10:18.017Z,14188,197600000,219800000
2026-09-18T00:10:18.017Z,60372,,9000000
2026-09-18T00:10:18.017Z,53171,,989000000
2026-09-18T00:10:18.017Z,84964,1999000,9899000000
2026-09-18T00:10:18.017Z,47178,201800000,1276000000
2026-09-18T00:10:18.017Z,77420,5001,8700
2026-09-18T00:10:18.017Z,47320,27600000,140400000
2026-09-18T00:10:18.017Z,27925,50000000,168800000
2026-09-18T00:10:18.017Z,34559,2800000,553700000
2026-09-18T00:10:18.017Z,52306,4760,14700
2026-09-18T00:10:18.017Z,34557,1689000,554600000
2026-09-18T00:10:18.017Z,13230,9165000,18190000
2026-09-18T00:10:18.017Z,42165,485000000,1198000000
2026-09-18T00:10:18.017Z,47176,287400000,1199000000
2026-09-18T00:10:18.017Z,54383,568300000,899900000
2026-09-18T00:10:18.017Z,48202,79950000,1150000000
2026-09-18T00:10:18.017Z,21346,50.23,600
2026-09-18T00:10:18.017Z,45797,22000000,42780000
2026-09-18T00:10:18.017Z,85519,5090000,14470000
2026-09-18T00:10:18.017Z,82459,60000,3212000
2026-09-18T00:10:18.017Z,690,1000000,4800000
2026-09-18T00:10:18.017Z,53490,354000,14990000
2026-09-18T00:10:18.017Z,56938,,4732000000
2026-09-18T00:10:18.017Z,501,10560,68890
2026-09-18T00:10:18.017Z,16006,98870000,119500000
2026-09-18T00:10:18.017Z,85739,210000000,500000000
2026-09-18T00:10:18.017Z,58813,0.01,4000000000
2026-09-18T00:10:18.017Z,43872,276400000,385000000
2026-09-18T00:10:18.017Z,47106,366500000,938300000
2026-09-18T00:10:18.017Z,33385,100000,15000000
2026-09-18T00:10:18.017Z,27547,5150000,43300000
2026-09-18T00:10:18.017Z,47069,40300000,100000000
2026-09-18T00:10:18.017Z,1296,157100,192200
2026-09-18T00:10:18.017Z,15980,22170,33000000
2026-09-18T00:10:18.017Z,12344,40760,198900
2026-09-18T00:10:18.017Z,59824,,6498000000
2026-09-18T00:10:18.017Z,945,1551000,3200000
2026-09-18T00:10:18.017Z,14800,2641000000,3038000000
2026-09-18T00:10:18.017Z,21959,59210000,99860000
2026-09-18T00:10:18.017Z,12557,33520,48120
2026-09-18T00:10:18.017Z,46214,10020000,21500000
2026-09-18T00:10:18.017Z,4170,14320000,232100000
2026-09-18T00:10:18.017Z,33054,440000,2000000
2026-09-18T00:10:18.017Z,87207,,8797000
2026-09-18T00:10:18.017Z,15802,64110000,144600000
2026-09-18T00:10:18.017Z,47117,9283000,46560000
2026-09-18T00:10:18.017Z,87323,15000000,408000000
2026-09-18T00:10:18.017Z,29637,51680000,76000000
2026-09-18T00:10:18.017Z,45858,1225000,26920000
2026-09-18T00:10:18.017Z,19922,89620,999000
2026-09-18T00:10:18.017Z,34435,200000,21990000
2026-09-18T00:10:18.017Z,89115,2600000,16950000
2026-09-18T00:10:18.017Z,15851,2419000,242000000
2026-09-18T00:10:18.017Z,55654,,98780
2026-09-18T00:10:18.017Z,32943,225000000,442000000
2026-09-18T00:10:18.017Z,33050,110100,15000000
2026-09-18T00:10:18.017Z,42173,,350000000
2026-09-18T00:10:18.017Z,34061,14910000,14890000000
2026-09-18T00:10:18.017Z,55629,500,74000
2026-09-18T00:10:18.017Z,22543,9999,262000
2026-09-18T00:10:18.017Z,50152,,1150000000
2026-09-18T00:10:18.017Z,33033,130100,2000000
2026-09-18T00:10:18.017Z,16009,94890000,128400000
2026-09-18T00:10:18.017Z,48546,0.01,1800000000
2026-09-18T00:10:18.017Z,79759,71000000,196300000
2026-09-18T00:10:18.017Z,62481,506.6,2500
2026-09-18T00:10:18.017Z,49681,112300,1200000
2026-09-18T00:10:18.017Z,3113,39130000,97900000
2026-09-18T00:10:18.017Z,89264,270000000,1114000000
2026-09-18T00:10:18.017Z,4153,20770000,57370000
2026-09-18T00:10:18.017Z,20008,15.2,1495
2026-09-18T00:10:18.017Z,63691,44280000,1378000000
2026-09-18T00:10:18.017Z,45862,1481000,72310000
2026-09-18T00:10:18.017Z,2547,512700,676300
2026-09-18T00:10:18.017Z,93589,114700000,398200000
2026-09-18T00:10:18.017Z,32951,2208000000,3395000000
2026-09-18T00:10:18.017Z,93913,80000000,150000000
2026-09-18T00:10:18.017Z,33047,142000,3400000
2026-09-18T00:10:18.017Z,53628,,1296000000
2026-09-18T00:10:18.017Z,17271,150000000,300000000
2026-09-18T00:10:18.017Z,84985,165100000,628600000
2026-09-18T00:10:18.017Z,37517,0.01,2498000000
2026-09-18T00:10:18.017Z,48201,36010000,644000000
2026-09-18T00:10:18.017Z,90637,1000,188400
2026-09-18T00:10:18.017Z,55559,20000,9856000
2026-09-18T00:10:18.017Z,46978,56470,14040000
2026-09-18T00:10:18.017Z,55301,,141100
2026-09-18T00:10:18.017Z,60952,25450000,40000000
2026-09-18T00:10:18.017Z,40486,,5000000000
2026-09-18T00:10:18.017Z,55617,110100,3760000
2026-09-18T00:10:18.017Z,50142,,152200000
2026-09-18T00:10:18.017Z,623,11020000,13730000
2026-09-18T00:10:18.017Z,11873,10010,978700
2026-09-18T00:10:18.017Z,15200,1033000,357800000
2026-09-18T00:10:18.017Z,59855,,699000000
2026-09-18T00:10:18.017Z,1563,10170,111700
2026-09-18T00:10:18.017Z,28421,11,4000
2026-09-18T00:10:18.017Z,61229,521900,9521000
2026-09-18T00:10:18.017Z,37621,1.05,17380000
2026-09-18T00:10:18.017Z,82074,5906000,42710000
2026-09-18T00:10:18.017Z,22242,63400000,83000000
2026-09-18T00:10:18.017Z,56921,,214900000
2026-09-18T00:10:18.017Z,42744,1801000,209000000
2026-09-18T00:10:18.017Z,20599,24510000,54960000
2026-09-18T00:10:18.017Z,47166,,699900000
2026-09-18T00:10:18.017Z,89699,360000000,459000000
2026-09-18T00:10:18.017Z,14824,155000000,2766000000
2026-09-18T00:10:18.017Z,59472,,397500000
2026-09-18T00:10:18.017Z,62510,8283,10130
2026-09-18T00:10:18.017Z,15020,,300000000
2026-09-18T00:10:18.017Z,14854,2810000000,5675000000
2026-09-18T00:10:18.017Z,40617,2877000,2877000000
2026-09-18T00:10:18.017Z,40600,,4672000000
2026-09-18T00:10:18.017Z,46865,2217000,20420000
2026-09-18T00:10:18.017Z,82455,160000,4955000
2026-09-18T00:10:18.017Z,41048,494000,463000000
2026-09-18T00:10:18.017Z,17229,25000,15000000
2026-09-18T00:10:18.017Z,46907,308100,1971000
2026-09-18T00:10:18.017Z,52555,91570000,1500000000
2026-09-18T00:10:18.017Z,4191,267200000,642300000
2026-09-18T00:10:18.017Z,41132,,82000000
2026-09-18T00:10:18.017Z,41086,,86000000
2026-09-18T00:10:18.017Z,52774,27180000,3000000000
2026-09-18T00:10:18.017Z,34769,160000,10000000
2026-09-18T00:10:18.017Z,34770,112000,10000000
2026-09-18T00:10:18.017Z,45881,0.01,1995000
2026-09-18T00:10:18.017Z,28667,60000000,69990000
2026-09-18T00:10:18.017Z,20957,20.25,5900
2026-09-18T00:10:18.017Z,2739,43760000,50000000
2026-09-18T00:10:18.017Z,62513,4815,5565
2026-09-18T00:10:18.017Z,45746,11020,1290000
2026-09-18T00:10:18.017Z,52786,63620000,110700000
2026-09-18T00:10:18.017Z,34773,10000,5500000
2026-09-18T00:10:18.017Z,91930,45520000,98890000
2026-09-18T00:10:18.017Z,4195,5620000,49980000
2026-09-18T00:10:18.017Z,88674,5000000,379300000
2026-09-18T00:10:18.017Z,90403,325000000,997000000
2026-09-18T00:10:18.017Z,90402,422000000,633600000
2026-09-18T00:10:18.017Z,4062,311000000,9759000000
2026-09-18T00:10:18.017Z,54715,34430000,108900000
2026-09-18T00:10:18.017Z,33799,102,343500000
2026-09-18T00:10:18.017Z,3145,35940000,106300000
2026-09-18T00:10:18.017Z,91953,6521000,15560000
2026-09-18T00:10:18.017Z,60264,31050000,127500000
2026-09-18T00:10:18.017Z,575,504800,1178000
2026-09-18T00:10:18.017Z,55612,3000,80000
2026-09-18T00:10:18.017Z,57534,26260000,147900000
2026-09-18T00:10:18.017Z,52560,177600000,3978000000
2026-09-18T00:10:18.017Z,26434,3779000,13550000
2026-09-18T00:10:18.017Z,14441,,7987000000
2026-09-18T00:10:18.017Z,34174,48700000,79780000
2026-09-18T00:10:18.017Z,42798,570100,3494000
2026-09-18T00:10:18.017Z,60210,36230000,218700000
2026-09-18T00:10:18.017Z,4315,,12000000
2026-09-18T00:10:18.017Z,41272,4707,10880
2026-09-18T00:10:18.017Z,42564,0.01,2600000000
2026-09-18T00:10:18.017Z,21360,1.28,119.8
2026-09-18T00:10:18.017Z,62470,505.5,5500
2026-09-18T00:10:18.017Z,15072,503200,500000000
2026-09-18T00:10:18.017Z,15096,2191000000,3195000000
2026-09-18T00:10:18.017Z,61230,,10000000
2026-09-18T00:10:18.017Z,40754,39210000,87630000
2026-09-18T00:10:18.017Z,45852,5018000,16990000
2026-09-18T00:10:18.017Z,56934,4900000,200000000
2026-09-18T00:10:18.017Z,46215,,20930000
2026-09-18T00:10:18.017Z,82381,240000,3347000
2026-09-18T00:10:18.017Z,17357,4001000,10000000
2026-09-18T00:10:18.017Z,84972,507500000,700000000
2026-09-18T00:10:18.017Z,45842,226300,7833000
2026-09-18T00:10:18.017Z,52754,0.01,2495000000
2026-09-18T00:10:18.017Z,49682,91390,675600
2026-09-18T00:10:18.017Z,24656,455300000,817400000
2026-09-18T00:10:18.017Z,48503,,99900000
2026-09-18T00:10:18.017Z,45554,18810000,250000000
2026-09-18T00:10:18.017Z,30389,61200000,155100000
2026-09-18T00:10:18.017Z,45977,15100000,40750000
2026-09-18T00:10:18.017Z,13959,53240000,77540000
2026-09-18T00:10:18.017Z,56089,6003000,499300000
2026-09-18T00:10:18.017Z,3577,10000,735000
2026-09-18T00:10:18.017Z,43877,946400000,1597000000
2026-09-18T00:10:18.017Z,2162,50000,4368000
2026-09-18T00:10:18.017Z,62496,1450,2500
2026-09-18T00:10:18.017Z,16591,30150000,45000000
2026-09-18T00:10:18.017Z,22043,2914000,27990000
2026-09-18T00:10:18.017Z,24701,95100000,629500000
2026-09-18T00:10:18.017Z,63770,1015,3000000
2026-09-18T00:10:18.017Z,11855,0.02,2807
2026-09-18T00:10:18.017Z,3387,351.3,87000
2026-09-18T00:10:18.017Z,59330,29570000,1669000000
2026-09-18T00:10:18.017Z,14459,24000000,42070000000
2026-09-18T00:10:18.017Z,17180,2377000,4997000
2026-09-18T00:10:18.017Z,57513,16010000,1589000000
2026-09-18T00:10:18.017Z,11890,5000,993700
2026-09-18T00:10:18.017Z,21022,,1423000000
2026-09-18T00:10:18.017Z,93479,26040000,70000000
2026-09-18T00:10:18.017Z,25719,66110,190000
2026-09-18T00:10:18.017Z,54787,,229900000
2026-09-18T00:10:18.017Z,20727,23.84,465
2026-09-18T00:10:18.017Z,17432,4966,4976
2026-09-18T00:10:18.017Z,27934,,30830000
2026-09-18T00:10:18.017Z,88896,1282000000,1640000000
2026-09-18T00:10:18.017Z,43545,1122,2000000
2026-09-18T00:10:18.017Z,59820,,499000000
2026-09-18T00:10:18.017Z,56273,4351000,17000000
2026-09-18T00:10:18.017Z,62484,1650,2900
2026-09-18T00:10:18.017Z,44165,128000,799900
2026-09-18T00:10:18.017Z,54370,45680000,85000000
2026-09-18T00:10:18.017Z,42889,296500,294100000
2026-09-18T00:10:18.017Z,45738,7120000,47990000
2026-09-18T00:10:18.017Z,83208,10000,45600000
2026-09-18T00:10:18.017Z,87179,6000000,8000000
2026-09-18T00:10:18.017Z,37863,751000000,973300000
2026-09-18T00:10:18.017Z,33714,14110000,80000000
2026-09-18T00:10:18.017Z,14445,8033000,9000000000
2026-09-18T00:10:18.017Z,88790,3182000000,15930000000
2026-09-18T00:10:18.017Z,63772,1013,388900
2026-09-18T00:10:18.017Z,57018,501800,49000000
2026-09-18T00:10:18.017Z,819,1000,21000
2026-09-18T00:10:18.017Z,898,462000,2698000
2026-09-18T00:10:18.017Z,14469,5000000,7398000000
2026-09-18T00:10:18.017Z,59860,,499000000
2026-09-18T00:10:18.017Z,48205,115000000,1450000000
2026-09-18T00:10:18.017Z,36310,,10000000000
2026-09-18T00:10:18.017Z,36829,0.01,5025000000
2026-09-18T00:10:18.017Z,47539,47220000,1593000000
2026-09-18T00:10:18.017Z,85715,,6100000
2026-09-18T00:10:18.017Z,11859,5000,741900
2026-09-18T00:10:18.017Z,17677,111400,8000000
2026-09-18T00:10:18.017Z,43673,9233000,9000000000
2026-09-18T00:10:18.017Z,57510,30010000,42000000
2026-09-18T00:10:18.017Z,62451,70000000,170000000
2026-09-18T00:10:18.017Z,85035,3817000000,6385000000
2026-09-18T00:10:18.017Z,4018,166300000,298100000
2026-09-18T00:10:18.017Z,31278,,34000000
2026-09-18T00:10:18.017Z,17865,1620,3990
2026-09-18T00:10:18.017Z,31589,10020,825000
2026-09-18T00:10:18.017Z,15148,3427000000,6269000000
2026-09-18T00:10:18.017Z,32921,3604000000,4999000000
2026-09-18T00:10:18.017Z,46179,0.03,10940000
2026-09-18T00:10:18.017Z,60260,13540000,179700000
2026-09-18T00:10:18.017Z,54798,11000000,299900000
2026-09-18T00:10:18.017Z,55330,160500,1986000
2026-09-18T00:10:18.017Z,60280,10010,109000
2026-09-18T00:10:18.017Z,52563,99400000,2998000000
2026-09-18T00:10:18.017Z,40612,171000,700000000
2026-09-18T00:10:18.017Z,25739,306.7,515000
2026-09-18T00:10:18.017Z,93609,70010000,90000000
2026-09-18T00:10:18.017Z,52585,21240000,998300000
2026-09-18T00:10:18.017Z,47655,11740000,15000000000
2026-09-18T00:10:18.017Z,14818,124200000,550000000
2026-09-18T00:10:18.017Z,84081,11150,3995000
2026-09-18T00:10:18.017Z,59864,,2747000000
2026-09-18T00:10:18.017Z,21340,,935
2026-09-18T00:10:18.017Z,54799,4733000,119900000
2026-09-18T00:10:18.017Z,53011,33180000,68900000
2026-09-18T00:10:18.017Z,50034,20000000,998000000
2026-09-18T00:10:18.017Z,47680,601200000,3224000000
2026-09-18T00:10:18.017Z,11290,1713000,5500000
2026-09-18T00:10:18.017Z,15110,16420000000,23990000000
2026-09-18T00:10:18.017Z,54902,42000000,1053000000
2026-09-18T00:10:18.017Z,62483,1439,2095
2026-09-18T00:10:18.017Z,15862,17870000,150000000
2026-09-18T00:10:18.017Z,12055,100000,8275000
2026-09-18T00:10:18.017Z,47482,510100000,5991000000
2026-09-18T00:10:18.017Z,34659,1900000,68900000
2026-09-18T00:10:18.017Z,37859,200.4,20000000
2026-09-18T00:10:18.017Z,15004,387300,320100000
2026-09-18T00:10:18.017Z,8787,127100,155000
2026-09-18T00:10:18.017Z,52437,111000000,733800000
2026-09-18T00:10:18.017Z,17323,4001000,7000000
2026-09-18T00:10:18.017Z,79740,1011,2000000
2026-09-18T00:10:18.017Z,14568,1021000,300000000
2026-09-18T00:10:18.017Z,56782,2051000,1340000000
2026-09-18T00:10:18.017Z,40491,,2111000000
2026-09-18T00:10:18.017Z,46318,5119,7020
2026-09-18T00:10:18.017Z,46406,,3500000000
2026-09-18T00:10:18.017Z,47163,,599900000
2026-09-18T00:10:18.017Z,46419,0.01,3500000000
2026-09-18T00:10:18.017Z,77403,0.01,799800000
2026-09-18T00:10:18.017Z,16221,14780000,35000000
2026-09-18T00:10:18.017Z,31115,52050000,321000000
2026-09-18T00:10:18.017Z,45806,338400,6949000
2026-09-18T00:10:18.017Z,41502,1495000000,2000000000
2026-09-18T00:10:18.017Z,31361,,1500000
2026-09-18T00:10:18.017Z,90744,8000000,40000000
2026-09-18T00:10:18.017Z,58800,345900000,1500000000
2026-09-18T00:10:18.017Z,17176,1670000,7198000
2026-09-18T00:10:18.017Z,45513,5179,6200
2026-09-18T00:10:18.017Z,64398,6005000,225000000
2026-09-18T00:10:18.017Z,36355,5015000,97740000
2026-09-18T00:10:18.017Z,61185,58040000,289000000
2026-09-18T00:10:18.017Z,54442,8005000,89980000
2026-09-18T00:10:18.017Z,31308,40190000,300000000
2026-09-18T00:10:18.017Z,83643,218700,2995000000
2026-09-18T00:10:18.017Z,34629,9506000,134900000
2026-09-18T00:10:18.017Z,64268,54450000,117300000
2026-09-18T00:10:18.017Z,19760,503.1,500000
2026-09-18T00:10:18.017Z,32797,20000,990000
2026-09-18T00:10:18.017Z,3309,90190,4900000
2026-09-18T00:10:18.017Z,31669,5000,130800
2026-09-18T00:10:18.017Z,62375,610900000,6787000000
2026-09-18T00:10:18.017Z,18025,125700,523200
2026-09-18T00:10:18.017Z,90124,226300000,1199000000
2026-09-18T00:10:18.017Z,12366,125100,179000
2026-09-18T00:10:18.017Z,52557,5169000,1899000000
2026-09-18T00:10:18.017Z,43547,1.05,8996000
2026-09-18T00:10:18.017Z,30553,3027000,6900000
2026-09-18T00:10:18.017Z,24268,6226000,9400000
2026-09-18T00:10:18.017Z,16281,,999000
2026-09-18T00:10:18.017Z,3344,295200000,6800000000
2026-09-18T00:10:18.017Z,36770,2106000,50000000
2026-09-18T00:10:18.017Z,15713,6175000,14070000
2026-09-18T00:10:18.017Z,16594,772600,2900000
2026-09-18T00:10:18.017Z,91926,22520000,48000000
2026-09-18T00:10:18.017Z,12824,290200,349900
2026-09-18T00:10:18.017Z,59238,,3500000000
2026-09-18T00:10:18.017Z,62452,7556000,85000000
2026-09-18T00:10:18.017Z,88486,20000,105900
2026-09-18T00:10:18.017Z,1223,1948,2400
2026-09-18T00:10:18.017Z,16268,266200,300000
2026-09-18T00:10:18.017Z,36645,0.01,2997000000
2026-09-18T00:10:18.017Z,46041,0.01,3000000000
2026-09-18T00:10:18.017Z,48212,86360000,980000000
2026-09-18T00:10:18.017Z,48226,1500000,29990000
2026-09-18T00:10:18.017Z,31154,5012,130800
2026-09-18T00:10:18.017Z,48204,92000000,1250000000
2026-09-18T00:10:18.017Z,48228,10880000,200000000
2026-09-18T00:10:18.017Z,46207,15000000,22000000
2026-09-18T00:10:18.017Z,27646,20140000,79990000
2026-09-18T00:10:18.017Z,53191,0.01,3999000000
2026-09-18T00:10:18.017Z,46217,15000000,23000000
2026-09-18T00:10:18.017Z,34744,35600000,100000000
2026-09-18T00:10:18.017Z,46173,,11000000
2026-09-18T00:10:18.017Z,46270,46160000,96160000
2026-09-18T00:10:18.017Z,23712,10,2000000
2026-09-18T00:10:18.017Z,60754,0.01,4028000000
2026-09-18T00:10:18.017Z,3184,2003000,3400000
2026-09-18T00:10:18.017Z,48214,0.01,14400000000
2026-09-18T00:10:18.017Z,971,55210000,128800000
2026-09-18T00:10:18.017Z,17248,25000000,50000000
2026-09-18T00:10:18.017Z,34699,,820200000
2026-09-18T00:10:18.017Z,37887,51020,5000000
2026-09-18T00:10:18.017Z,82396,80000,4499000
2026-09-18T00:10:18.017Z,33002,86670,289900
2026-09-18T00:10:18.017Z,85472,45060000,50000000
2026-09-18T00:10:18.017Z,60374,,19000000
2026-09-18T00:10:18.017Z,90056,,9000000
2026-09-18T00:10:18.017Z,60370,,9000000
2026-09-18T00:10:18.017Z,61222,,9000000
2026-09-18T00:10:18.017Z,57536,56000000,247600000
2026-09-18T00:10:18.017Z,25235,1.16,490000
2026-09-18T00:10:18.017Z,14524,9300000,625400000
2026-09-18T00:10:18.017Z,59470,0.01,348900000
2026-09-18T00:10:18.017Z,17433,4429,5429
2026-09-18T00:10:18.017Z,34533,201700,1045000
2026-09-18T00:10:18.017Z,42884,250000,10000000
2026-09-18T00:10:18.017Z,42885,500000,10000000
2026-09-18T00:10:18.017Z,88262,2675000,2988000000
2026-09-18T00:10:18.017Z,54439,6107000,78020000
2026-09-18T00:10:18.017Z,27309,5000000,13000000
2026-09-18T00:10:18.017Z,17483,4009000,19130000
2026-09-18T00:10:18.017Z,17492,79070000,220000000
2026-09-18T00:10:18.017Z,91412,2512000,18990000
2026-09-18T00:10:18.017Z,15815,20000000,
2026-09-18T00:10:18.017Z,56911,,379000000
2026-09-18T00:10:18.017Z,33675,300000000,
2026-09-18T00:10:18.017Z,55857,2578000000,
2026-09-18T00:10:18.017Z,85236,11110000,
2026-09-18T00:10:18.017Z,16185,2136,
2026-09-18T00:10:18.017Z,36390,320000000,
2026-09-18T00:10:18.017Z,60451,1666000000,8000000000
2026-09-18T00:10:18.017Z,83584,2386000,
2026-09-18T00:10:18.017Z,46153,,19000000
2026-09-18T00:10:18.017Z,37057,20180000,
2026-09-18T00:10:18.017Z,91639,1500000,
2026-09-18T00:10:18.017Z,91629,84040000,
2026-09-18T00:10:18.017Z,91619,3000000,
2026-09-18T00:10:18.017Z,94132,42530000,
2026-09-18T00:10:18.017Z,90037,3591000,
2026-09-18T00:10:18.017Z,23913,863800000,
2026-09-18T00:10:18.017Z,49424,336800000,
2026-09-18T00:10:18.017Z,58801,93440000,
2026-09-18T00:10:18.017Z,60452,1826000000,
2026-09-18T00:10:18.017Z,60958,94970000,
2026-09-18T00:10:18.017Z,3731,110100,
2026-09-18T00:10:18.017Z,28534,50640000,255000000
2026-09-18T00:10:18.017Z,74526,10000,
2026-09-18T00:10:18.017Z,74527,10000,
2026-09-18T00:10:18.017Z,22852,791700000,
2026-09-18T00:10:18.017Z,24483,1943000000,
2026-09-18T00:10:18.017Z,93000,16000000,
2026-09-18T00:10:18.017Z,56266,2647000000,
2026-09-18T00:10:18.017Z,23757,2036000000,
2026-09-18T00:10:18.017Z,19720,2232000000,
2026-09-18T00:10:18.017Z,60369,1146000,
2026-09-18T00:10:18.017Z,17466,5462,
2026-09-18T00:10:18.017Z,47154,194700000,
2026-09-18T00:10:18.017Z,28545,1227000,
2026-09-18T00:10:18.017Z,37534,170800000,
2026-09-18T00:10:18.017Z,81032,335900,
2026-09-18T00:10:18.017Z,64595,6099000,
2026-09-18T00:10:18.017Z,63749,4625000000,
2026-09-18T00:10:18.017Z,94130,44220000,
2026-09-18T00:10:18.017Z,90664,263400000,
2026-09-18T00:10:18.017Z,63135,3081000000,
2026-09-18T00:10:18.017Z,56192,3599000,
2026-09-18T00:10:18.017Z,88204,1006,
2026-09-18T00:10:18.017Z,32072,10000,
2026-09-18T00:10:18.017Z,93468,30000000,
2026-09-18T00:10:18.017Z,55721,0.03,
2026-09-18T00:10:18.017Z,34357,25400000,
2026-09-18T00:10:18.017Z,92822,47330000,
2026-09-18T00:10:18.017Z,55719,1000000000,
2026-09-18T00:10:18.017Z,42124,45400000,
2026-09-18T00:10:18.017Z,77281,30170000,
2026-09-18T00:10:18.017Z,73402,1525000,
2026-09-18T00:10:18.017Z,15008,139700000,
2026-09-18T00:10:18.017Z,52755,90100000,
2026-09-18T00:10:18.017Z,15094,6589000000,
2026-09-18T00:10:18.017Z,16184,1994,
2026-09-18T00:10:18.017Z,83583,7067000,
2026-09-18T00:10:18.017Z,78862,26230000,
2026-09-18T00:10:18.017Z,77283,677500000,
2026-09-18T00:10:18.017Z,23919,767000000,
2026-09-18T00:10:18.017Z,11567,1037000000,
2026-09-18T00:10:18.017Z,45647,18100000,
2026-09-18T00:10:18.017Z,56270,406000000,
2026-09-18T00:10:18.017Z,50069,105300000,
2026-09-18T00:10:18.017Z,16186,2890,
2026-09-18T00:10:18.017Z,37799,500100,
2026-09-18T00:10:18.017Z,3339,5133000,
2026-09-18T00:10:18.017Z,91630,3000000,
2026-09-18T00:10:18.017Z,23917,744100000,
2026-09-18T00:10:18.017Z,33517,100100,
2026-09-18T00:10:18.017Z,11288,1000000,
2026-09-18T00:10:18.017Z,46291,10000,
2026-09-18T00:10:18.017Z,52397,1490000,
2026-09-18T00:10:18.017Z,48853,1311000,
2026-09-18T00:10:18.017Z,11886,0.01,
2026-09-18T00:10:18.017Z,17174,2747000,
2026-09-18T00:10:18.017Z,56627,6500,
2026-09-18T00:10:18.017Z,78857,31730000,
2026-09-18T00:10:18.017Z,36497,850100000,
2026-09-18T00:10:18.017Z,32945,398400000,
2026-09-18T00:10:18.017Z,46547,180000000,
2026-09-18T00:10:18.017Z,48554,14480000,
2026-09-18T00:10:18.017Z,17978,1,
2026-09-18T00:10:18.017Z,11572,25460,
2026-09-18T00:10:18.017Z,60365,652800,
2026-09-18T00:10:18.017Z,92823,32220000,
2026-09-18T00:10:18.017Z,62469,110,
2026-09-18T00:10:18.017Z,88206,10020,
2026-09-18T00:10:18.017Z,893,347900,
2026-09-18T00:10:18.017Z,56597,125000,
2026-09-18T00:10:18.017Z,49422,85870000,
2026-09-18T00:10:18.017Z,91167,6522000,
2026-09-18T00:10:18.017Z,58793,250000000,
2026-09-18T00:10:18.017Z,40594,1,
2026-09-18T00:10:18.017Z,26059,24990,
2026-09-18T00:10:18.017Z,11632,4999,
2026-09-18T00:10:18.017Z,94012,242700000,
2026-09-18T00:10:18.017Z,37587,50030000,
2026-09-18T00:10:18.017Z,71734,511900000,
2026-09-18T00:10:18.017Z,16183,1892,
2026-09-18T00:10:18.017Z,44212,101,
2026-09-18T00:10:18.017Z,3277,0.01,
2026-09-18T00:10:18.017Z,55723,29990000,
2026-09-18T00:10:18.017Z,31423,0.02,
2026-09-18T00:10:18.017Z,31483,0.02,
2026-09-18T00:10:18.017Z,31214,100000,
2026-09-18T00:10:18.017Z,85651,68050000,
2026-09-18T05:47:55.252Z,62404,18830,20500
2026-09-18T05:47:55.252Z,25614,85000,85020
2026-09-18T05:47:55.252Z,27253,483800,726400
2026-09-18T05:47:55.252Z,33894,1846000,2039000
2026-09-18T05:47:55.252Z,52224,3624000,4281000
2026-09-18T05:47:55.252Z,12537,3839000,4085000
2026-09-18T05:47:55.252Z,58945,22680000,27570000
2026-09-18T05:47:55.252Z,57449,378900000,389500000
2026-09-18T05:47:55.252Z,47930,1112,1199
2026-09-18T05:47:55.252Z,55689,5122,2076000
2026-09-18T05:47:55.252Z,12038,16600000,16920000
2026-09-18T05:47:55.252Z,12058,1877000,2013000
2026-09-18T05:47:55.252Z,17243,1606,14000
2026-09-18T05:47:55.252Z,62521,20.57,22.96
2026-09-18T05:47:55.252Z,5865,257.2,257.3
2026-09-18T05:47:55.252Z,16242,988700,1154000
2026-09-18T05:47:55.252Z,603,102000,118800
2026-09-18T05:47:55.252Z,33468,84410000,88480000
2026-09-18T05:47:55.252Z,13873,19790000,22190000
2026-09-18T05:47:55.252Z,17255,428000,599000
2026-09-18T05:47:55.252Z,17178,4100000,5990000
2026-09-18T05:47:55.252Z,61533,100000,750000
2026-09-18T05:47:55.252Z,40362,10230000,19280000
2026-09-18T05:47:55.252Z,35962,1197000,12300000
2026-09-18T05:47:55.252Z,2389,558,568
2026-09-18T05:47:55.252Z,17408,1029000,4625000
2026-09-18T05:47:55.252Z,91972,7445000,9941000
2026-09-18T05:47:55.252Z,21955,27090000,110500000
2026-09-18T05:47:55.252Z,47730,6009000,6615000
2026-09-18T05:47:55.252Z,3159,538900000,838600000
2026-09-18T05:47:55.252Z,1403,12590,16000
2026-09-18T05:47:55.252Z,3831,443100,463900
2026-09-18T05:47:55.252Z,3888,790100,843900
2026-09-18T05:47:55.252Z,2363,24140,37770
2026-09-18T05:47:55.252Z,32014,190600,199800
2026-09-18T05:47:55.252Z,40519,460700000,469300000
2026-09-18T05:47:55.252Z,223,9.02,13.34
2026-09-18T05:47:55.252Z,40354,32460000,39180000
2026-09-18T05:47:55.252Z,16652,47360,50830
2026-09-18T05:47:55.252Z,22428,759600000,759900000
2026-09-18T05:47:55.252Z,20701,58030000,73780000
2026-09-18T05:47:55.252Z,2301,1268000,1383000
2026-09-18T05:47:55.252Z,3581,18140000,23130000
2026-09-18T05:47:55.252Z,2396,322.7,337.7
2026-09-18T05:47:55.252Z,85086,406400000,419500000
2026-09-18T05:47:55.252Z,22466,235200000,257100000
2026-09-18T05:47:55.252Z,58919,28760,35000
2026-09-18T05:47:55.252Z,14090,69540,201400
2026-09-18T05:47:55.252Z,16303,61440,92080
2026-09-18T05:47:55.252Z,33066,100000,47840000
2026-09-18T05:47:55.252Z,60281,201900,222200
2026-09-18T05:47:55.252Z,31085,,1830000
2026-09-18T05:47:55.252Z,37,162.1,166.7
2026-09-18T05:47:55.252Z,2366,103000,106700
2026-09-18T05:47:55.252Z,85515,8500000,15930000
2026-09-18T05:47:55.252Z,2466,285700,302300
2026-09-18T05:47:55.252Z,33702,167700000,182600000
2026-09-18T05:47:55.252Z,17520,63440000,76260000
2026-09-18T05:47:55.252Z,597,318300,435200
2026-09-18T05:47:55.252Z,49774,25350000,30450000
2026-09-18T05:47:55.252Z,57459,325200,414900
2026-09-18T05:47:55.252Z,20725,1.41,50
2026-09-18T05:47:55.252Z,31894,2327000,2974000
2026-09-18T05:47:55.252Z,18815,2790000,3859000
2026-09-18T05:47:55.252Z,8101,15000,16800
2026-09-18T05:47:55.252Z,33452,8889000,11960000
2026-09-18T05:47:55.252Z,72913,7005000,9036000
2026-09-18T05:47:55.252Z,22122,172600000,210000000
2026-09-18T05:47:55.252Z,41470,23750000,57520000
2026-09-18T05:47:55.252Z,60294,353200,422900
2026-09-18T05:47:55.252Z,18676,83540000,91310000
2026-09-18T05:47:55.252Z,4348,624600000,659800000
2026-09-18T05:47:55.252Z,27092,406100,539800
2026-09-18T05:47:55.252Z,62456,2277,2281
2026-09-18T05:47:55.252Z,1877,680100,737200
2026-09-18T05:47:55.252Z,32458,7259000,563900000
2026-09-18T05:47:55.252Z,6131,362.8,1200
2026-09-18T05:47:55.252Z,47145,5650000,9298000
2026-09-18T05:47:55.252Z,47366,57600000,120100000
2026-09-18T05:47:55.252Z,97199,18120000,49790000
2026-09-18T05:47:55.252Z,31932,29400000,32160000
2026-09-18T05:47:55.252Z,16644,8000,8234
2026-09-18T05:47:55.252Z,19015,20610000,22630000
2026-09-18T05:47:55.252Z,11537,19300,22630
2026-09-18T05:47:55.252Z,19196,287800000,497600000
2026-09-18T05:47:55.252Z,18686,31900000,47820000
2026-09-18T05:47:55.252Z,21081,3305,44990
2026-09-18T05:47:55.252Z,14168,65840000,71610000
2026-09-18T05:47:55.252Z,43896,554400,762800
2026-09-18T05:47:55.252Z,14172,8562000,13610000
2026-09-18T05:47:55.252Z,41505,66000000,149700000
2026-09-18T05:47:55.252Z,37629,138600000,266500000
2026-09-18T05:47:55.252Z,42834,129,473.3
2026-09-18T05:47:55.252Z,2327,14620,15530
2026-09-18T05:47:55.252Z,11174,13540000,14910000
2026-09-18T05:47:55.252Z,47784,210500,328800
2026-09-18T05:47:55.252Z,15826,7590000,17030000
2026-09-18T05:47:55.252Z,85521,505900000,2495000000
2026-09-18T05:47:55.252Z,639,140000000,150900000
2026-09-18T05:47:55.252Z,83473,2458000,2600000
2026-09-18T05:47:55.252Z,47765,14370,19380
2026-09-18T05:47:55.252Z,13969,188600000,197000000
2026-09-18T05:47:55.252Z,31179,200800,273400
2026-09-18T05:47:55.252Z,14003,10740000,12280000
2026-09-18T05:47:55.252Z,56069,7021000,9499000
2026-09-18T05:47:55.252Z,58864,118000,9456000
2026-09-18T05:47:55.252Z,21484,39140000,47300000
2026-09-18T05:47:55.252Z,19051,27470000,30180000
2026-09-18T05:47:55.252Z,11441,28330,789900
2026-09-18T05:47:55.252Z,29101,61420,883800
2026-09-18T05:47:55.252Z,26440,3500000,7322000
2026-09-18T05:47:55.252Z,33985,68950000,78990000
2026-09-18T05:47:55.252Z,29990,220800000,234400000
2026-09-18T05:47:55.252Z,2367,115700,121600
2026-09-18T05:47:55.252Z,192,75.63,118.7
2026-09-18T05:47:55.252Z,34575,922500,995000
2026-09-18T05:47:55.252Z,3655,1501000,2037000
2026-09-18T05:47:55.252Z,60922,1441000,9763000
2026-09-18T05:47:55.252Z,638,140300000,154800000
2026-09-18T05:47:55.252Z,62642,268000,2179000
2026-09-18T05:47:55.252Z,14240,1989000,3099000
2026-09-18T05:47:55.252Z,31962,16370000,21600000
2026-09-18T05:47:55.252Z,18895,188300000,287200000
2026-09-18T05:47:55.252Z,20601,790200,2250000
2026-09-18T05:47:55.252Z,2333,401300,643700
2026-09-18T05:47:55.252Z,85488,1014000,19000000
2026-09-18T05:47:55.252Z,73371,100000,1000000
2026-09-18T05:47:55.252Z,178,3.62,5.4
2026-09-18T05:47:55.252Z,83709,237000,260800
2026-09-18T05:47:55.252Z,55581,2000,98500
2026-09-18T05:47:55.252Z,58880,2500000,6987000
2026-09-18T05:47:55.252Z,20414,92220,97980
2026-09-18T05:47:55.252Z,4405,828700,869800
2026-09-18T05:47:55.252Z,74147,433300,5632000
2026-09-18T05:47:55.252Z,84418,40700,99840
2026-09-18T05:47:55.252Z,57445,862000,870000
2026-09-18T05:47:55.252Z,52236,192200000,308100000
2026-09-18T05:47:55.252Z,7447,416900,531800
2026-09-18T05:47:55.252Z,88001,4800000000,5177000000
2026-09-18T05:47:55.252Z,62460,737.8,799.5
2026-09-18T05:47:55.252Z,14250,56530000,63490000
2026-09-18T05:47:55.252Z,17868,96.27,120
2026-09-18T05:47:55.252Z,32325,9585000,19090000
2026-09-18T05:47:55.252Z,62530,31.57,35.83
2026-09-18T05:47:55.252Z,55831,565900,639500
2026-09-18T05:47:55.252Z,28796,80320000,95190000
2026-09-18T05:47:55.252Z,28606,950000000,1146000000
2026-09-18T05:47:55.252Z,18811,1077000,2384000
2026-09-18T05:47:55.252Z,19045,405000000,431700000
2026-09-18T05:47:55.252Z,31928,10970000,12860000
2026-09-18T05:47:55.252Z,52198,35700,64970
2026-09-18T05:47:55.252Z,31089,5149000,5426000
2026-09-18T05:47:55.252Z,19198,487000000,515000000
2026-09-18T05:47:55.252Z,47807,14820000,16240000
2026-09-18T05:47:55.252Z,14206,137900000,152100000
2026-09-18T05:47:55.252Z,31372,824200,883700
2026-09-18T05:47:55.252Z,7789,320300,430000
2026-09-18T05:47:55.252Z,25611,106400,119300
2026-09-18T05:47:55.252Z,17686,600400,1961000
2026-09-18T05:47:55.252Z,78919,1512000000,6742000000
2026-09-18T05:47:55.252Z,25623,6010,6012
2026-09-18T05:47:55.252Z,16357,207700,210000
2026-09-18T05:47:55.252Z,16678,207.7,211.8
2026-09-18T05:47:55.252Z,1405,277600,306100
2026-09-18T05:47:55.252Z,11105,178300,200600
2026-09-18T05:47:55.252Z,62518,11.46,12.99
2026-09-18T05:47:55.252Z,46809,892000,7308000
2026-09-18T05:47:55.252Z,9491,444000,538900
2026-09-18T05:47:55.252Z,14061,5710000,6966000
2026-09-18T05:47:55.252Z,21723,105000,990000
2026-09-18T05:47:55.252Z,17674,1703,2403
2026-09-18T05:47:55.252Z,30999,1123000,1547000
2026-09-18T05:47:55.252Z,47790,1210000,1271000
2026-09-18T05:47:55.252Z,7787,385000,428000
2026-09-18T05:47:55.252Z,54733,1025000000,1145000000
2026-09-18T05:47:55.252Z,28799,495000000,560800000
2026-09-18T05:47:55.252Z,649,2143000,2497000
2026-09-18T05:47:55.252Z,56068,6829000,7799000
2026-09-18T05:47:55.252Z,16274,687.3,704
2026-09-18T05:47:55.252Z,25597,497.5,497.6
2026-09-18T05:47:55.252Z,47810,456500,762000
2026-09-18T05:47:55.252Z,26929,50000,68000
2026-09-18T05:47:55.252Z,31526,154500,360000
2026-09-18T05:47:55.252Z,11387,14190000,14750000
2026-09-18T05:47:55.252Z,33359,9779,9974
2026-09-18T05:47:55.252Z,47821,12750,149300
2026-09-18T05:47:55.252Z,27916,1200000,1546000
2026-09-18T05:47:55.252Z,53709,405100000,434900000
2026-09-18T05:47:55.252Z,25591,65100,65110
2026-09-18T05:47:55.252Z,62455,1158,1277
2026-09-18T05:47:55.252Z,16633,369.6,376.7
2026-09-18T05:47:55.252Z,55620,1,12480
2026-09-18T05:47:55.252Z,17317,49240,56080
2026-09-18T05:47:55.252Z,13820,139700,899900
2026-09-18T05:47:55.252Z,249,1870,1871
2026-09-18T05:47:55.252Z,9329,283300,350100
2026-09-18T05:47:55.252Z,40584,570800,1054000
2026-09-18T05:47:55.252Z,33361,13060,13370
2026-09-18T05:47:55.252Z,24507,341.4,427.7
2026-09-18T05:47:55.252Z,41330,954800,1188000
2026-09-18T05:47:55.252Z,11178,9800000,12560000
2026-09-18T05:47:55.252Z,18660,78530000,82750000
2026-09-18T05:47:55.252Z,23156,8710000,15000000
2026-09-18T05:47:55.252Z,6441,4900,5599
2026-09-18T05:47:55.252Z,8135,1011,25000
2026-09-18T05:47:55.252Z,34483,78590000,84470000
2026-09-18T05:47:55.252Z,62461,152.5,949
2026-09-18T05:47:55.252Z,54293,21190,23000
2026-09-18T05:47:55.252Z,85776,80000,116600
2026-09-18T05:47:55.252Z,85551,29010000,37970000
2026-09-18T05:47:55.252Z,31734,200400,1015000
2026-09-18T05:47:55.252Z,76158,279400,9999000
2026-09-18T05:47:55.252Z,24547,19630000,22190000
2026-09-18T05:47:55.252Z,34590,228000000,255800000
2026-09-18T05:47:55.252Z,37612,50050000,57970000
2026-09-18T05:47:55.252Z,33842,88080000,95990000
2026-09-18T05:47:55.252Z,204,190.8,199
2026-09-18T05:47:55.252Z,44102,2996000,4776000
2026-09-18T05:47:55.252Z,63141,30240,329300
2026-09-18T05:47:55.252Z,16635,202.4,253.7
2026-09-18T05:47:55.252Z,34260,99240,332000
2026-09-18T05:47:55.252Z,1824,38,49
2026-09-18T05:47:55.252Z,57013,568900,5508000
2026-09-18T05:47:55.252Z,25599,462.7,462.9
2026-09-18T05:47:55.252Z,12003,118500000,129100000
2026-09-18T05:47:55.252Z,9808,465500,509700
2026-09-18T05:47:55.252Z,58877,290200,1900000
2026-09-18T05:47:55.252Z,25908,1519000,6070000
2026-09-18T05:47:55.252Z,14297,3389000,3886000
2026-09-18T05:47:55.252Z,31694,10820,277400
2026-09-18T05:47:55.252Z,8639,354800,408000
2026-09-18T05:47:55.252Z,629,8928000,10120000
2026-09-18T05:47:55.252Z,8521,382900,439300
2026-09-18T05:47:55.252Z,47628,93180000,145000000
2026-09-18T05:47:55.252Z,28694,88520,93660
2026-09-18T05:47:55.252Z,17177,3300000,5412000
2026-09-18T05:47:55.252Z,16497,352100,438400
2026-09-18T05:47:55.252Z,60473,31260000,33680000
2026-09-18T05:47:55.252Z,23140,11290,281400
2026-09-18T05:47:55.252Z,19277,24620000,34980000
2026-09-18T05:47:55.252Z,14144,49640000,53900000
2026-09-18T05:47:55.252Z,42906,3600000,5601000
2026-09-18T05:47:55.252Z,47933,784.6,937.7
2026-09-18T05:47:55.252Z,20533,440100000,530000000
2026-09-18T05:47:55.252Z,24517,255.4,462
2026-09-18T05:47:55.252Z,57447,878400,949000
2026-09-18T05:47:55.252Z,3416,200.8,17000
2026-09-18T05:47:55.252Z,26022,4042000,6579000
2026-09-18T05:47:55.252Z,22546,203000000,215900000
2026-09-18T05:47:55.252Z,57453,893,930
2026-09-18T05:47:55.252Z,13805,20780000,35470000
2026-09-18T05:47:55.252Z,42792,807700,22840000
2026-09-18T05:47:55.252Z,19931,7502,11500
2026-09-18T05:47:55.252Z,31680,15020,88100
2026-09-18T05:47:55.252Z,16657,4992,5448
2026-09-18T05:47:55.252Z,18875,58550000,62290000
2026-09-18T05:47:55.252Z,60672,200.1,419300
2026-09-18T05:47:55.252Z,25606,9300,9999
2026-09-18T05:47:55.252Z,59326,957000000,1532000000
2026-09-18T05:47:55.252Z,35662,511400,563900
2026-09-18T05:47:55.252Z,11327,529300,586600
2026-09-18T05:47:55.252Z,42746,16000,299000
2026-09-18T05:47:55.252Z,31300,100400,233600
2026-09-18T05:47:55.252Z,15593,100000,100400
2026-09-18T05:47:55.252Z,2889,474800,526900
2026-09-18T05:47:55.252Z,14299,3515000,3821000
2026-09-18T05:47:55.252Z,31282,12210000,13830000
2026-09-18T05:47:55.252Z,23801,41270000,70810000
2026-09-18T05:47:55.252Z,31658,12500,204100
2026-09-18T05:47:55.252Z,3528,43210,87800
2026-09-18T05:47:55.252Z,11554,47680,48060
2026-09-18T05:47:55.252Z,11343,6139,13700
2026-09-18T05:47:55.252Z,3434,606,6296
2026-09-18T05:47:55.252Z,28203,464700,594100
2026-09-18T05:47:55.252Z,4144,561100,4445000
2026-09-18T05:47:55.252Z,47297,23390000,29160000
2026-09-18T05:47:55.252Z,84398,6530,23740
2026-09-18T05:47:55.252Z,31502,13680,806000
2026-09-18T05:47:55.252Z,12084,8408000,9519000
2026-09-18T05:47:55.252Z,31027,1006000,4736000
2026-09-18T05:47:55.252Z,25621,65000,71970
2026-09-18T05:47:55.252Z,5302,12460,24210
2026-09-18T05:47:55.252Z,19253,10630000,15570000
2026-09-18T05:47:55.252Z,53853,60010000,62050000
2026-09-18T05:47:55.252Z,60953,60060000,123800000
2026-09-18T05:47:55.252Z,3898,25820000,27690000
2026-09-18T05:47:55.252Z,582,135000,140100
2026-09-18T05:47:55.252Z,97198,500600000,1919000000
2026-09-18T05:47:55.252Z,12543,45580,163000
2026-09-18T05:47:55.252Z,33539,100000,450000
2026-09-18T05:47:55.252Z,11969,139200000,143000000
2026-09-18T05:47:55.252Z,88676,120000,3426000
2026-09-18T05:47:55.252Z,12528,66370,129900
2026-09-18T05:47:55.252Z,35660,7374,10270
2026-09-18T05:47:55.252Z,20306,86.11,98
2026-09-18T05:47:55.252Z,20187,1436000000,1544000000
2026-09-18T05:47:55.252Z,25624,1616000,1650000
2026-09-18T05:47:55.252Z,31824,16500000,16720000
2026-09-18T05:47:55.252Z,96334,85000000,119900000
2026-09-18T05:47:55.252Z,23155,842400,2148000
2026-09-18T05:47:55.252Z,4833,5145,11970
2026-09-18T05:47:55.252Z,13246,7113000,9747000
2026-09-18T05:47:55.252Z,91152,40000,84490
2026-09-18T05:47:55.252Z,31712,2346000,5461000
2026-09-18T05:47:55.252Z,18825,17120000,35280000
2026-09-18T05:47:55.252Z,23154,10520000,11330000
2026-09-18T05:47:55.252Z,19744,1596000,2225000
2026-09-18T05:47:55.252Z,2867,1830000,1864000
2026-09-18T05:47:55.252Z,34294,21380000,23000000
2026-09-18T05:47:55.252Z,651,2314000,2445000
2026-09-18T05:47:55.252Z,263,68.1,184.1
2026-09-18T05:47:55.252Z,31820,27330000,29270000
2026-09-18T05:47:55.252Z,31802,1125000,1230000
2026-09-18T05:47:55.252Z,31724,2325000,2666000
2026-09-18T05:47:55.252Z,62403,5660,6589
2026-09-18T05:47:55.252Z,33975,141400000,158700000
2026-09-18T05:47:55.252Z,19187,62510000,68890000
2026-09-18T05:47:55.252Z,33919,20390000,49000000
2026-09-18T05:47:55.252Z,20763,1295,10990
2026-09-18T05:47:55.252Z,33953,19200000,25000000
2026-09-18T05:47:55.252Z,33966,2187000,4599000
2026-09-18T05:47:55.252Z,18865,58000000,61950000
2026-09-18T05:47:55.252Z,13953,24720000,28180000
2026-09-18T05:47:55.252Z,14104,35160000,45310000
2026-09-18T05:47:55.252Z,26257,2811,193200
2026-09-18T05:47:55.252Z,15790,24350000,26180000
2026-09-18T05:47:55.252Z,3033,635300,714600
2026-09-18T05:47:55.252Z,31874,1544000,1674000
2026-09-18T05:47:55.252Z,26006,4185000,7484000
2026-09-18T05:47:55.252Z,21013,12670000,13730000
2026-09-18T05:47:55.252Z,12259,3404000,3731000
2026-09-18T05:47:55.252Z,32442,,5077
2026-09-18T05:47:55.252Z,11993,127700000,145000000
2026-09-18T05:47:55.252Z,40355,44170000,50740000
2026-09-18T05:47:55.252Z,13943,129100000,142100000
2026-09-18T05:47:55.252Z,47889,2259000,2750000
2026-09-18T05:47:55.252Z,7829,300700,329900
2026-09-18T05:47:55.252Z,11963,138400000,139600000
2026-09-18T05:47:55.252Z,12265,58220,151500
2026-09-18T05:47:55.252Z,13891,6128000,22470000
2026-09-18T05:47:55.252Z,54291,116100,169800
2026-09-18T05:47:55.252Z,4200,21860000,85280000
2026-09-18T05:47:55.252Z,31137,1502000,4847000
2026-09-18T05:47:55.252Z,92039,4004000,4450000
2026-09-18T05:47:55.252Z,88123,154200000,240000000
2026-09-18T05:47:55.252Z,53907,55820000,82990000
2026-09-18T05:47:55.252Z,90522,333200,479900
2026-09-18T05:47:55.252Z,25918,4022000,6126000
2026-09-18T05:47:55.252Z,37295,125700000,183500000
2026-09-18T05:47:55.252Z,41054,701300,758700
2026-09-18T05:47:55.252Z,16535,568700,660000
2026-09-18T05:47:55.252Z,31143,,146500
2026-09-18T05:47:55.252Z,20172,72020,76490
2026-09-18T05:47:55.252Z,16499,330200,445000
2026-09-18T05:47:55.252Z,28792,164300000,230900000
2026-09-18T05:47:55.252Z,47888,36010,40000
2026-09-18T05:47:55.252Z,91567,3713000,8421000
2026-09-18T05:47:55.252Z,10212,16370000,17820000
2026-09-18T05:47:55.252Z,18877,32450000,48940000
2026-09-18T05:47:55.252Z,18789,178300000,203000000
2026-09-18T05:47:55.252Z,1185,10460,14500
2026-09-18T05:47:55.252Z,94135,10010,58000
2026-09-18T05:47:55.252Z,15729,43990000,47990000
2026-09-18T05:47:55.252Z,49731,1227000,1394000
2026-09-18T05:47:55.252Z,8419,19000,28010
2026-09-18T05:47:55.252Z,57442,70720000,76680000
2026-09-18T05:47:55.252Z,27357,,341.7
2026-09-18T05:47:55.252Z,14059,1550000,3015000
2026-09-18T05:47:55.252Z,205,175.1,178
2026-09-18T05:47:55.252Z,56077,761800,955400
2026-09-18T05:47:55.252Z,57451,17300000,18650000
2026-09-18T05:47:55.252Z,18963,91480000,162900000
2026-09-18T05:47:55.252Z,31228,43040,99890
2026-09-18T05:47:55.252Z,84165,560500,1090000
2026-09-18T05:47:55.252Z,47255,9266,34320
2026-09-18T05:47:55.252Z,10225,16820000,18870000
2026-09-18T05:47:55.252Z,9728,430100,493700
2026-09-18T05:47:55.252Z,84170,520000,520100
2026-09-18T05:47:55.252Z,18977,59130000,64400000
2026-09-18T05:47:55.252Z,31546,7519000,29950000
2026-09-18T05:47:55.252Z,79727,859100,5909000
2026-09-18T05:47:55.252Z,37294,160100000,182700000
2026-09-18T05:47:55.252Z,31534,13660000,18220000
2026-09-18T05:47:55.252Z,12820,280300,306900
2026-09-18T05:47:55.252Z,72869,116500000,130800000
2026-09-18T05:47:55.252Z,14055,214,92900
2026-09-18T05:47:55.252Z,90416,3504000,13990000
2026-09-18T05:47:55.252Z,85233,1004000,7986000
2026-09-18T05:47:55.252Z,12822,177800,206000
2026-09-18T05:47:55.252Z,13952,6401000,12250000
2026-09-18T05:47:55.252Z,31011,1172000,1286000
2026-09-18T05:47:55.252Z,91849,14160000,17760000
2026-09-18T05:47:55.252Z,19111,27200000,38930000
2026-09-18T05:47:55.252Z,11463,57.06,1439
2026-09-18T05:47:55.252Z,54786,7302,8789
2026-09-18T05:47:55.252Z,2193,62110,67800
2026-09-18T05:47:55.252Z,35658,43950,49990
2026-09-18T05:47:55.252Z,28435,363000,462800
2026-09-18T05:47:55.252Z,91114,691400,1187000
2026-09-18T05:47:55.252Z,12068,2910000,3260000
2026-09-18T05:47:55.252Z,17887,590.3,613
2026-09-18T05:47:55.252Z,21815,2402000,2403000
2026-09-18T05:47:55.252Z,32309,386500000,414700000
2026-09-18T05:47:55.252Z,25608,341300,360000
2026-09-18T05:47:55.252Z,40557,9644000,9645000
2026-09-18T05:47:55.252Z,17392,95000,101000
2026-09-18T05:47:55.252Z,31944,30020000,32890000
2026-09-18T05:47:55.252Z,13286,16500,20000
2026-09-18T05:47:55.252Z,33852,72160000,80470000
2026-09-18T05:47:55.252Z,15631,1192000,1274000
2026-09-18T05:47:55.252Z,12017,219700000,234400000
2026-09-18T05:47:55.252Z,41217,41740000,45990000
2026-09-18T05:47:55.252Z,57444,82500000,85700000
2026-09-18T05:47:55.252Z,14270,49870000,54400000
2026-09-18T05:47:55.252Z,81066,7219,7374
2026-09-18T05:47:55.252Z,33896,9582000,9990000
2026-09-18T05:47:55.252Z,19284,36610000,44110000
2026-09-18T05:47:55.252Z,245,2016,4297
2026-09-18T05:47:55.252Z,4397,790900,1178000
2026-09-18T05:47:55.252Z,7049,250000,243500
2026-09-18T05:47:55.252Z,23711,6100,12000
2026-09-18T05:47:55.252Z,56066,88240,172000
2026-09-18T05:47:55.252Z,89512,5026000,8875000
2026-09-18T05:47:55.252Z,219,7.01,11.73
2026-09-18T05:47:55.252Z,5339,1231,4227
2026-09-18T05:47:55.252Z,2969,1347000,1492000
2026-09-18T05:47:55.252Z,9608,4200,6418
2026-09-18T05:47:55.252Z,37135,5000000,11150000
2026-09-18T05:47:55.252Z,31298,25060,50770
2026-09-18T05:47:55.252Z,46864,345600,8983000
2026-09-18T05:47:55.252Z,86262,67550000,115900000
2026-09-18T05:47:55.252Z,20185,1424000000,1570000000
2026-09-18T05:47:55.252Z,18758,290400,748800
2026-09-18T05:47:55.252Z,20498,8986000,14980000
2026-09-18T05:47:55.252Z,37304,159200000,179800000
2026-09-18T05:47:55.252Z,25888,5143000,6498000
2026-09-18T05:47:55.252Z,18760,71000,448700
2026-09-18T05:47:55.252Z,27064,34650000,39840000
2026-09-18T05:47:55.252Z,32872,949600,1145000
2026-09-18T05:47:55.252Z,3162,315500,417900
2026-09-18T05:47:55.252Z,26412,65510000,67820000
2026-09-18T05:47:55.252Z,11200,13610000,14440000
2026-09-18T05:47:55.252Z,13926,43430000,48900000
2026-09-18T05:47:55.252Z,31904,8630000,12510000
2026-09-18T05:47:55.252Z,39,1049,1074
2026-09-18T05:47:55.252Z,16662,6113,14200
2026-09-18T05:47:55.252Z,48726,6000000,36440000
2026-09-18T05:47:55.252Z,17726,395100000,432700000
2026-09-18T05:47:55.252Z,25604,19830,21070
2026-09-18T05:47:55.252Z,31316,0.01,3875000
2026-09-18T05:47:55.252Z,93071,256200000,734900000
2026-09-18T05:47:55.252Z,14128,6014000,6528000
2026-09-18T05:47:55.252Z,30002,11570000,12440000
2026-09-18T05:47:55.252Z,16533,172500,256000
2026-09-18T05:47:55.252Z,52225,26350000,28460000
2026-09-18T05:47:55.252Z,5721,175000,222700
2026-09-18T05:47:55.252Z,57474,82190000,99710000
2026-09-18T05:47:55.252Z,14162,16000000,41980000
2026-09-18T05:47:55.252Z,86260,40010000,53990000
2026-09-18T05:47:55.252Z,31674,978400,1608000
2026-09-18T05:47:55.252Z,52229,1169000,2387000
2026-09-18T05:47:55.252Z,19952,12800,19010
2026-09-18T05:47:55.252Z,20417,85180,96500
2026-09-18T05:47:55.252Z,12787,153.3,186.4
2026-09-18T05:47:55.252Z,13223,4283000,4944000
2026-09-18T05:47:55.252Z,31924,1695000,2261000
2026-09-18T05:47:55.252Z,21512,45400,26000000
2026-09-18T05:47:55.252Z,90135,1446000,1712000
2026-09-18T05:47:55.252Z,11399,16820,17200
2026-09-18T05:47:55.252Z,88540,220000,1447000
2026-09-18T05:47:55.252Z,17932,54110000,59150000
2026-09-18T05:47:55.252Z,14238,99650000,105000000
2026-09-18T05:47:55.252Z,30311,78010,87840
2026-09-18T05:47:55.252Z,89265,130000,1574000
2026-09-18T05:47:55.252Z,47774,255400,484500
2026-09-18T05:47:55.252Z,25538,8707000,10880000
2026-09-18T05:47:55.252Z,31760,2769000,2825000
2026-09-18T05:47:55.252Z,52244,449100000,616000000
2026-09-18T05:47:55.252Z,28794,55170000,145900000
2026-09-18T05:47:55.252Z,2399,819.2,869.8
2026-09-18T05:47:55.252Z,23132,55320000,62260000
2026-09-18T05:47:55.252Z,1822,31,45
2026-09-18T05:47:55.252Z,60911,36760,3797000
2026-09-18T05:47:55.252Z,31280,2957000,3153000
2026-09-18T05:47:55.252Z,86108,50200,1490000
2026-09-18T05:47:55.252Z,6923,49950,200000
2026-09-18T05:47:55.252Z,41220,56000000,59610000
2026-09-18T05:47:55.252Z,6721,59900,137000
2026-09-18T05:47:55.252Z,24533,424.3,462.3
2026-09-18T05:47:55.252Z,47843,51930000,79950000
2026-09-18T05:47:55.252Z,14142,30500000,32790000
2026-09-18T05:47:55.252Z,31105,197800,259700
2026-09-18T05:47:55.252Z,31900,38520000,40990000
2026-09-18T05:47:55.252Z,83274,10000,29600
2026-09-18T05:47:55.252Z,62516,10.08,12.11
2026-09-18T05:47:55.252Z,13248,15300000,17060000
2026-09-18T05:47:55.252Z,24488,29.21,68
2026-09-18T05:47:55.252Z,12005,129000000,133000000
2026-09-18T05:47:55.252Z,31111,2774000,3045000
2026-09-18T05:47:55.252Z,3588,75130,394300
2026-09-18T05:47:55.252Z,56078,63020,88970
2026-09-18T05:47:55.252Z,84424,114200,555300
2026-09-18T05:47:55.252Z,93363,1000,53160
2026-09-18T05:47:55.252Z,25594,80000,80010
2026-09-18T05:47:55.252Z,49796,317600,10180000
2026-09-18T05:47:55.252Z,26448,65630000,75430000
2026-09-18T05:47:55.252Z,47356,20140000,25000000
2026-09-18T05:47:55.252Z,24283,57480000,66680000
2026-09-18T05:47:55.252Z,2488,296800,318300
2026-09-18T05:47:55.252Z,31538,222100,335300
2026-09-18T05:47:55.252Z,2873,256800,297900
2026-09-18T05:47:55.252Z,1964,835000,1010000
2026-09-18T05:47:55.252Z,27341,62030,189900
2026-09-18T05:47:55.252Z,31616,8561000,13680000
2026-09-18T05:47:55.252Z,14049,10910000,11740000
2026-09-18T05:47:55.252Z,19147,20620000,21910000
2026-09-18T05:47:55.252Z,31268,553800,1499000
2026-09-18T05:47:55.252Z,19262,16910000,30900000
2026-09-18T05:47:55.252Z,15596,603.5,3000
2026-09-18T05:47:55.252Z,15739,21940000,22720000
2026-09-18T05:47:55.252Z,18999,28000000,35440000
2026-09-18T05:47:55.252Z,11351,45020,64980
2026-09-18T05:47:55.252Z,46286,485.9,1000
2026-09-18T05:47:55.252Z,6677,20020,47100
2026-09-18T05:47:55.252Z,40,2161,2238
2026-09-18T05:47:55.252Z,28280,4201000,4698000
2026-09-18T05:47:55.252Z,15598,8706,8707
2026-09-18T05:47:55.252Z,9838,11050,11940
2026-09-18T05:47:55.252Z,12565,80250,86510
2026-09-18T05:47:55.252Z,18797,6115000,9574000
2026-09-18T05:47:55.252Z,33620,17100000,25000000
2026-09-18T05:47:55.252Z,6719,230100,398300
2026-09-18T05:47:55.252Z,18670,75100000,75110000
2026-09-18T05:47:55.252Z,5405,14320,22730
2026-09-18T05:47:55.252Z,25620,17120,18430
2026-09-18T05:47:55.252Z,23898,3715000,6894000
2026-09-18T05:47:55.252Z,13224,172400,450000
2026-09-18T05:47:55.252Z,8027,617600,718500
2026-09-18T05:47:55.252Z,40734,110000000,129700000
2026-09-18T05:47:55.252Z,47035,7300000,9611000
2026-09-18T05:47:55.252Z,31704,100.6,88040
2026-09-18T05:47:55.252Z,9632,255100,291100
2026-09-18T05:47:55.252Z,25612,616000,619000
2026-09-18T05:47:55.252Z,60315,138200000,147800000
2026-09-18T05:47:55.252Z,23527,394000,413700
2026-09-18T05:47:55.252Z,46381,5826000,5827000
2026-09-18T05:47:55.252Z,15806,84140000,97670000
2026-09-18T05:47:55.252Z,11578,4731000,5040000
2026-09-18T05:47:55.252Z,89941,380000,1800000
2026-09-18T05:47:55.252Z,37480,39330000,43360000
2026-09-18T05:47:55.252Z,15592,800300,920100
2026-09-18T05:47:55.252Z,23834,900100,4775000
2026-09-18T05:47:55.252Z,33589,23100000,29290000
2026-09-18T05:47:55.252Z,55359,136800,234300
2026-09-18T05:47:55.252Z,3074,581400,583300
2026-09-18T05:47:55.252Z,17619,7208000,7991000
2026-09-18T05:47:55.252Z,3578,1471000,1671000
2026-09-18T05:47:55.252Z,5321,3572,7888
2026-09-18T05:47:55.252Z,16383,252600,261900
2026-09-18T05:47:55.252Z,12013,198500000,209700000
2026-09-18T05:47:55.252Z,23473,50000,96500
2026-09-18T05:47:55.252Z,40571,22960000,27680000
2026-09-18T05:47:55.252Z,8748,8114,14850
2026-09-18T05:47:55.252Z,25593,4458,4949
2026-09-18T05:47:55.252Z,16640,591.4,632.5
2026-09-18T05:47:55.252Z,92451,208300000,224900000
2026-09-18T05:47:55.252Z,33440,24590,70450
2026-09-18T05:47:55.252Z,84173,5005000,5688000
2026-09-18T05:47:55.252Z,9580,162000,186000
2026-09-18T05:47:55.252Z,21077,15480,15670
2026-09-18T05:47:55.252Z,47890,7500000,10090000
2026-09-18T05:47:55.252Z,16118,3178,35000
2026-09-18T05:47:55.252Z,27441,927.2,1014
2026-09-18T05:47:55.252Z,41490,754600,798200
2026-09-18T05:47:55.252Z,14134,21760000,22690000
2026-09-18T05:47:55.252Z,86678,10100,969900
2026-09-18T05:47:55.252Z,29986,216800000,234200000
2026-09-18T05:47:55.252Z,16648,7755,7884
2026-09-18T05:47:55.252Z,18666,102600000,117500000
2026-09-18T05:47:55.252Z,9521,8055,8056
2026-09-18T05:47:55.252Z,19303,45030000,49040000
2026-09-18T05:47:55.252Z,22291,693000,754000
2026-09-18T05:47:55.252Z,247,6000,23990
2026-09-18T05:47:55.252Z,34089,305300,2949000
2026-09-18T05:47:55.252Z,20569,16060000,17490000
2026-09-18T05:47:55.252Z,602,446100,517600
2026-09-18T05:47:55.252Z,11987,120000000,127700000
2026-09-18T05:47:55.252Z,21088,1650000,5000000
2026-09-18T05:47:55.252Z,35659,12830,15940
2026-09-18T05:47:55.252Z,5141,340.2,7899
2026-09-18T05:47:55.252Z,47124,7373000,37890000
2026-09-18T05:47:55.252Z,47780,69960,189900
2026-09-18T05:47:55.252Z,92454,212900000,246100000
2026-09-18T05:47:55.252Z,519,758000,832700
2026-09-18T05:47:55.252Z,11538,40660,43220
2026-09-18T05:47:55.252Z,15955,117800000,125400000
2026-09-18T05:47:55.252Z,47845,22340000,34960000
2026-09-18T05:47:55.252Z,30615,7304000,7700000
2026-09-18T05:47:55.252Z,15992,19190,32420
2026-09-18T05:47:55.252Z,15594,3848000,4030000
2026-09-18T05:47:55.252Z,17889,487.6,499
2026-09-18T05:47:55.252Z,18694,594000000,739700000
2026-09-18T05:47:55.252Z,89673,114000000,164700000
2026-09-18T05:47:55.252Z,20420,88510,97800
2026-09-18T05:47:55.252Z,27081,456300,700100
2026-09-18T05:47:55.252Z,25239,311000,925000
2026-09-18T05:47:55.252Z,22544,179400000,192800000
2026-09-18T05:47:55.252Z,57024,547100,4125000
2026-09-18T05:47:55.252Z,244,724.6,724.7
2026-09-18T05:47:55.252Z,31544,2131000,2854000
2026-09-18T05:47:55.252Z,19295,65590000,70180000
2026-09-18T05:47:55.252Z,35943,16020000,18010000
2026-09-18T05:47:55.252Z,21025,16720000,17130000
2026-09-18T05:47:55.252Z,8641,350100,431000
2026-09-18T05:47:55.252Z,19980,877.1,2979
2026-09-18T05:47:55.252Z,42831,126.1,289.7
2026-09-18T05:47:55.252Z,30753,25190000,29430000
2026-09-18T05:47:55.252Z,10850,451000,467000
2026-09-18T05:47:55.252Z,21096,2234000,2572000
2026-09-18T05:47:55.252Z,18054,212000,490000
2026-09-18T05:47:55.252Z,8001,21800,23110
2026-09-18T05:47:55.252Z,93832,2501000,2803000
2026-09-18T05:47:55.252Z,43701,32600000,37140000
2026-09-18T05:47:55.252Z,41198,3964000,4881000
2026-09-18T05:47:55.252Z,42522,90520000,108000000
2026-09-18T05:47:55.252Z,521,9848000,17070000
2026-09-18T05:47:55.252Z,226,11.03,19.91
2026-09-18T05:47:55.252Z,3237,5663000,7312000
2026-09-18T05:47:55.252Z,53977,52510,64570
2026-09-18T05:47:55.252Z,1445,19280,23070
2026-09-18T05:47:55.252Z,19273,12040000,14300000
2026-09-18T05:47:55.252Z,58881,300600,4987000
2026-09-18T05:47:55.252Z,88604,60200,1394000
2026-09-18T05:47:55.252Z,25602,7170,7171
2026-09-18T05:47:55.252Z,11959,133100000,139000000
2026-09-18T05:47:55.252Z,81349,19.57,30
2026-09-18T05:47:55.252Z,30371,3858,4534
2026-09-18T05:47:55.252Z,13865,356600,1350000
2026-09-18T05:47:55.252Z,15673,1260000,1627000
2026-09-18T05:47:55.252Z,30470,9435000,9800000
2026-09-18T05:47:55.252Z,47746,240000,322700
2026-09-18T05:47:55.252Z,2329,11760,11780
2026-09-18T05:47:55.252Z,83296,10000,89800
2026-09-18T05:47:55.252Z,19984,4236,23800
2026-09-18T05:47:55.252Z,81348,7.16,20
2026-09-18T05:47:55.252Z,18672,10010,347400000
2026-09-18T05:47:55.252Z,14074,18300000,19890000
2026-09-18T05:47:55.252Z,60283,374000,419500
2026-09-18T05:47:55.252Z,19272,2324000,5287000
2026-09-18T05:47:55.252Z,17843,36360000,39850000
2026-09-18T05:47:55.252Z,594,91120,114800
2026-09-18T05:47:55.252Z,9848,79920,82100
2026-09-18T05:47:55.252Z,11259,270000,3477000
2026-09-18T05:47:55.252Z,7123,455000,429000
2026-09-18T05:47:55.252Z,22979,150.1,545.9
2026-09-18T05:47:55.252Z,4019,29480000,85170000
2026-09-18T05:47:55.252Z,25605,24800,25900
2026-09-18T05:47:55.252Z,33575,3001000,5944000
2026-09-18T05:47:55.252Z,21568,50910,241700
2026-09-18T05:47:55.252Z,3186,4582000,4902000
2026-09-18T05:47:55.252Z,17480,34070000,38570000
2026-09-18T05:47:55.252Z,37610,2783000,2878000
2026-09-18T05:47:55.252Z,27413,955.8,1028
2026-09-18T05:47:55.252Z,12034,14100000,14500000
2026-09-18T05:47:55.252Z,22121,89020000,99770000
2026-09-18T05:47:55.252Z,21595,6.01,20
2026-09-18T05:47:55.252Z,23177,5711000,8443000
2026-09-18T05:47:55.252Z,32880,192500,224900
2026-09-18T05:47:55.252Z,49740,9935000,10870000
2026-09-18T05:47:55.252Z,25619,1775000,1894000
2026-09-18T05:47:55.252Z,234,40,50.03
2026-09-18T05:47:55.252Z,82376,1601000,23620000
2026-09-18T05:47:55.252Z,85469,757300000,1250000000
2026-09-18T05:47:55.252Z,2410,1092000,1119000
2026-09-18T05:47:55.252Z,27142,111500000,118400000
2026-09-18T05:47:55.252Z,11531,32300,32500
2026-09-18T05:47:55.252Z,32307,381000000,387000000
2026-09-18T05:47:55.252Z,56201,595000000,643500000
2026-09-18T05:47:55.252Z,47494,1000000,4286000
2026-09-18T05:47:55.252Z,25707,42450,74930
2026-09-18T05:47:55.252Z,14252,99070000,106700000
2026-09-18T05:47:55.252Z,45493,261.7,1290
2026-09-18T05:47:55.252Z,42207,108100000,117100000
2026-09-18T05:47:55.252Z,21570,655200,1368000
2026-09-18T05:47:55.252Z,87837,141400,141500
2026-09-18T05:47:55.252Z,62467,2815,2900
2026-09-18T05:47:55.252Z,52413,7,750000
2026-09-18T05:47:55.252Z,24560,5404000,13160000
2026-09-18T05:47:55.252Z,5649,221.6,3990
2026-09-18T05:47:55.252Z,18843,1472000,4726000
2026-09-18T05:47:55.252Z,421,6772000,13470000
2026-09-18T05:47:55.252Z,21569,31000000,33990000
2026-09-18T05:47:55.252Z,45635,141500000,149700000
2026-09-18T05:47:55.252Z,16649,11070,11990
2026-09-18T05:47:55.252Z,12745,130000000,140600000
2026-09-18T05:47:55.252Z,49955,542300000,1397000000
2026-09-18T05:47:55.252Z,93355,120000,478600
2026-09-18T05:47:55.252Z,78781,250100,9786000
2026-09-18T05:47:55.252Z,41443,122500000,666500000
2026-09-18T05:47:55.252Z,95723,3012000,4978000
2026-09-18T05:47:55.252Z,30251,216800,234900
2026-09-18T05:47:55.252Z,48112,32050,33790
2026-09-18T05:47:55.252Z,8337,2018,12350
2026-09-18T05:47:55.252Z,41201,218100000,232900000
2026-09-18T05:47:55.252Z,4188,121000,26470000
2026-09-18T05:47:55.252Z,90491,8287000,9900000
2026-09-18T05:47:55.252Z,45589,35350000,38990000
2026-09-18T05:47:55.252Z,25609,1533000,1693000
2026-09-18T05:47:55.252Z,11196,11580000,12930000
2026-09-18T05:47:55.252Z,84342,500200,3000000
2026-09-18T05:47:55.252Z,37479,584700,716000
2026-09-18T05:47:55.252Z,57450,98530000,113400000
2026-09-18T05:47:55.252Z,251,2740,2741
2026-09-18T05:47:55.252Z,20781,23360,29900
2026-09-18T05:47:55.252Z,52309,38150,41790
2026-09-18T05:47:55.252Z,60314,4974000,5558000
2026-09-18T05:47:55.252Z,31952,25710000,29210000
2026-09-18T05:47:55.252Z,37456,7001000,8425000
2026-09-18T05:47:55.252Z,22436,729900000,762700000
2026-09-18T05:47:55.252Z,60230,170000,6468000
2026-09-18T05:47:55.252Z,13252,2669000,2982000
2026-09-18T05:47:55.252Z,52314,64210,70730
2026-09-18T05:47:55.252Z,25617,213000,227800
2026-09-18T05:47:55.252Z,47734,14100000,15140000
2026-09-18T05:47:55.252Z,47299,1379000,1457000
2026-09-18T05:47:55.252Z,47915,35050000,39620000
2026-09-18T05:47:55.252Z,57448,973400,1020000
2026-09-18T05:47:55.252Z,22175,35800,50790
2026-09-18T05:47:55.252Z,7453,446400,534500
2026-09-18T05:47:55.252Z,41031,2834,4900
2026-09-18T05:47:55.252Z,47763,500,2349
2026-09-18T05:47:55.252Z,46976,2811000,8999000
2026-09-18T05:47:55.252Z,3839,51560,82990
2026-09-18T05:47:55.252Z,23129,268700,567000
2026-09-18T05:47:55.252Z,19321,150300000,175800000
2026-09-18T05:47:55.252Z,16002,187700,249900
2026-09-18T05:47:55.252Z,47729,60210,116300
2026-09-18T05:47:55.252Z,3098,220300,399800
2026-09-18T05:47:55.252Z,36,49.5,51.13
2026-09-18T05:47:55.252Z,19257,6050000,13970000
2026-09-18T05:47:55.252Z,85545,362800000,415000000
2026-09-18T05:47:55.252Z,35899,17960000,24370000
2026-09-18T05:47:55.252Z,41032,3750,3767
2026-09-18T05:47:55.252Z,33180,68300,85980
2026-09-18T05:47:55.252Z,54401,199700000,226400000
2026-09-18T05:47:55.252Z,11134,7129,14950
2026-09-18T05:47:55.252Z,15681,114300000,120900000
2026-09-18T05:47:55.252Z,34595,90330000,140000000
2026-09-18T05:47:55.252Z,30834,660600,800000
2026-09-18T05:47:55.252Z,33199,508700,929700
2026-09-18T05:47:55.252Z,15949,15400000,24900000
2026-09-18T05:47:55.252Z,41506,87560000,111900000
2026-09-18T05:47:55.252Z,15612,25920,25930
2026-09-18T05:47:55.252Z,45662,1174,1289
2026-09-18T05:47:55.252Z,3544,267900000,397400000
2026-09-18T05:47:55.252Z,16273,95.09,99.42
2026-09-18T05:47:55.252Z,19036,236500000,262600000
2026-09-18T05:47:55.252Z,19301,32340000,35750000
2026-09-18T05:47:55.252Z,47900,32040,42770
2026-09-18T05:47:55.252Z,81040,1380000000,1464000000
2026-09-18T05:47:55.252Z,21638,756000,792000
2026-09-18T05:47:55.252Z,19978,21,1842
2026-09-18T05:47:55.252Z,47811,82440,164700
2026-09-18T05:47:55.252Z,15607,1395,4339
2026-09-18T05:47:55.252Z,47754,1761000,2016000
2026-09-18T05:47:55.252Z,28366,23010,25990
2026-09-18T05:47:55.252Z,29266,646100,835700
2026-09-18T05:47:55.252Z,13960,52360000,62960000
2026-09-18T05:47:55.252Z,13257,2085000,5039000
2026-09-18T05:47:55.252Z,12608,53.24,64.96
2026-09-18T05:47:55.252Z,31486,1525000,1875000
2026-09-18T05:47:55.252Z,90499,130.3,1478
2026-09-18T05:47:55.252Z,11341,12000,17950
2026-09-18T05:47:55.252Z,18809,152200000,168800000
2026-09-18T05:47:55.252Z,16475,200100,237600
2026-09-18T05:47:55.252Z,47738,40790000,42880000
2026-09-18T05:47:55.252Z,82488,10000,1400000
2026-09-18T05:47:55.252Z,2961,4821000,5403000
2026-09-18T05:47:55.252Z,40559,10960000,11660000
2026-09-18T05:47:55.252Z,20455,,39900000
2026-09-18T05:47:55.252Z,15661,999900,1077000
2026-09-18T05:47:55.252Z,16634,166.5,194.1
2026-09-18T05:47:55.252Z,45594,30470000,35410000
2026-09-18T05:47:55.252Z,19225,2465000,5497000
2026-09-18T05:47:55.252Z,9840,12650,13920
2026-09-18T05:47:55.252Z,82177,75610000,209800000
2026-09-18T05:47:55.252Z,47269,17960000,20390000
2026-09-18T05:47:55.252Z,62463,1266,1316
2026-09-18T05:47:55.252Z,11393,22450000,23160000
2026-09-18T05:47:55.252Z,15604,1102000,1215000
2026-09-18T05:47:55.252Z,26068,5614000,6616000
2026-09-18T05:47:55.252Z,19739,2202000,2288000
2026-09-18T05:47:55.252Z,13998,89270000,105900000
2026-09-18T05:47:55.252Z,60288,217300,289500
2026-09-18T05:47:55.252Z,21841,8506,40500
2026-09-18T05:47:55.252Z,14029,50100,121500
2026-09-18T05:47:55.252Z,16661,610.2,675
2026-09-18T05:47:55.252Z,18959,106100000,126500000
2026-09-18T05:47:55.252Z,31049,284000000,435700000
2026-09-18T05:47:55.252Z,31358,649100,751600
2026-09-18T05:47:55.252Z,12789,70.1,79
2026-09-18T05:47:55.252Z,2420,3841000,4175000
2026-09-18T05:47:55.252Z,47037,18090000,23150000
2026-09-18T05:47:55.252Z,2048,343900,354700
2026-09-18T05:47:55.252Z,9249,45360,100000
2026-09-18T05:47:55.252Z,5683,200000,216800
2026-09-18T05:47:55.252Z,30993,27170000,30110000
2026-09-18T05:47:55.252Z,15898,14560000,21030000
2026-09-18T05:47:55.252Z,18726,284100,3299000
2026-09-18T05:47:55.252Z,62406,30590,33300
2026-09-18T05:47:55.252Z,2539,471400,629900
2026-09-18T05:47:55.252Z,22126,43770000,50950000
2026-09-18T05:47:55.252Z,47901,2162000,2545000
2026-09-18T05:47:55.252Z,62631,60230000,75830000
2026-09-18T05:47:55.252Z,19317,99480000,135500000
2026-09-18T05:47:55.252Z,2811,1407,1635
2026-09-18T05:47:55.252Z,33974,200200000,335900000
2026-09-18T05:47:55.252Z,40568,24670000,31820000
2026-09-18T05:47:55.252Z,34363,6000000,52900000
2026-09-18T05:47:55.252Z,13997,189900,299600
2026-09-18T05:47:55.252Z,13856,85,95.51
2026-09-18T05:47:55.252Z,60291,121600,211000
2026-09-18T05:47:55.252Z,14234,13260000,15620000
2026-09-18T05:47:55.252Z,217,7.85,14.72
2026-09-18T05:47:55.252Z,31374,19650000,19730000
2026-09-18T05:47:55.252Z,26376,62080000,89470000
2026-09-18T05:47:55.252Z,26088,5510000,5659000
2026-09-18T05:47:55.252Z,23152,19210000,22890000
2026-09-18T05:47:55.252Z,25894,6727000,7234000
2026-09-18T05:47:55.252Z,20308,61.92,74.91
2026-09-18T05:47:55.252Z,4025,7008,14870
2026-09-18T05:47:55.252Z,52311,410100,485400
2026-09-18T05:47:55.252Z,27313,18.12,61.89
2026-09-18T05:47:55.252Z,19345,89020000,95760000
2026-09-18T05:47:55.252Z,20353,2610000,3218000
2026-09-18T05:47:55.252Z,33283,71930000,471600000
2026-09-18T05:47:55.252Z,56140,42640000,46780000
2026-09-18T05:47:55.252Z,31053,2550000,16610000
2026-09-18T05:47:55.252Z,2401,751.5,790.7
2026-09-18T05:47:55.252Z,37848,11220,11710
2026-09-18T05:47:55.252Z,19239,700,700000
2026-09-18T05:47:55.252Z,85393,40550,52950
2026-09-18T05:47:55.252Z,9135,42340,84600
2026-09-18T05:47:55.252Z,16057,50010000,121000000
2026-09-18T05:47:55.252Z,85662,291300000,445000000
2026-09-18T05:47:55.252Z,47750,815400,1000000
2026-09-18T05:47:55.252Z,47903,17840000,19500000
2026-09-18T05:47:55.252Z,9287,240900,335000
2026-09-18T05:47:55.252Z,2553,662000,753300
2026-09-18T05:47:55.252Z,47902,9360000,10360000
2026-09-18T05:47:55.252Z,31442,19690,117300
2026-09-18T05:47:55.252Z,34206,301000,308500
2026-09-18T05:47:55.252Z,10190,766900,767000
2026-09-18T05:47:55.252Z,30024,3913,4390
2026-09-18T05:47:55.252Z,3893,30520000,34800000
2026-09-18T05:47:55.252Z,27405,960.2,1039
2026-09-18T05:47:55.252Z,90608,160000000,218000000
2026-09-18T05:47:55.252Z,82467,80000,8618000
2026-09-18T05:47:55.252Z,20419,89500,98030
2026-09-18T05:47:55.252Z,21584,239700,614800
2026-09-18T05:47:55.252Z,62553,2015,2225
2026-09-18T05:47:55.252Z,54753,880000000,988200000
2026-09-18T05:47:55.252Z,52313,31000,35130
2026-09-18T05:47:55.252Z,4871,24520,34750
2026-09-18T05:47:55.252Z,42209,345100000,398800000
2026-09-18T05:47:55.252Z,13258,3590000,5359000
2026-09-18T05:47:55.252Z,34485,171200000,184600000
2026-09-18T05:47:55.252Z,20171,88400,92060
2026-09-18T05:47:55.252Z,5281,2080,8799
2026-09-18T05:47:55.252Z,33474,1130000,1294000
2026-09-18T05:47:55.252Z,82490,100000,1055000
2026-09-18T05:47:55.252Z,13225,70910,260700
2026-09-18T05:47:55.252Z,47783,958100,1556000
2026-09-18T05:47:55.252Z,21728,75800,75820
2026-09-18T05:47:55.252Z,21720,8619000,10090000
2026-09-18T05:47:55.252Z,3478,555900000,620700000
2026-09-18T05:47:55.252Z,18985,36310000,39350000
2026-09-18T05:47:55.252Z,79738,1164000,6995000
2026-09-18T05:47:55.252Z,31161,1170000,1233000
2026-09-18T05:47:55.252Z,48416,43540,143000
2026-09-18T05:47:55.252Z,14258,99660000,123700000
2026-09-18T05:47:55.252Z,38,656.2,669.3
2026-09-18T05:47:55.252Z,95398,36000,120000
2026-09-18T05:47:55.252Z,18987,29840000,33210000
2026-09-18T05:47:55.252Z,60297,152900,289000
2026-09-18T05:47:55.252Z,55526,100000,499700
2026-09-18T05:47:55.252Z,33918,8737000,23490000
2026-09-18T05:47:55.252Z,89942,1400000,2795000
2026-09-18T05:47:55.252Z,13925,35940000,40950000
2026-09-18T05:47:55.252Z,42837,204.1,415
2026-09-18T05:47:55.252Z,86113,131900,150000
2026-09-18T05:47:55.252Z,85491,76190000,194400000
2026-09-18T05:47:55.252Z,2364,792400,847300
2026-09-18T05:47:55.252Z,8335,600,8906
2026-09-18T05:47:55.252Z,88580,10000,7976000
2026-09-18T05:47:55.252Z,81046,158800000,164700000
2026-09-18T05:47:55.252Z,16671,71.82,77.44
2026-09-18T05:47:55.252Z,2872,1960000,2013000
2026-09-18T05:47:55.252Z,11186,16850000,18360000
2026-09-18T05:47:55.252Z,25565,1093,27290
2026-09-18T05:47:55.252Z,81350,97.72,97.73
2026-09-18T05:47:55.252Z,45591,35560000,39150000
2026-09-18T05:47:55.252Z,47546,201500,3000000
2026-09-18T05:47:55.252Z,17894,750500,844200
2026-09-18T05:47:55.252Z,20280,74000000,83970000
2026-09-18T05:47:55.252Z,45611,32600000,36160000
2026-09-18T05:47:55.252Z,5757,180100,221700
2026-09-18T05:47:55.252Z,85456,42990000,68000000
2026-09-18T05:47:55.252Z,42526,292600,619000
2026-09-18T05:47:55.252Z,527,754000,818100
2026-09-18T05:47:55.252Z,45612,29210000,34690000
2026-09-18T05:47:55.252Z,37611,2738000,2893000
2026-09-18T05:47:55.252Z,23162,30.49,148.9
2026-09-18T05:47:55.252Z,2559,810300,999400
2026-09-18T05:47:55.252Z,57457,3478,3545
2026-09-18T05:47:55.252Z,81067,36660,38800
2026-09-18T05:47:55.252Z,7327,60020,114600
2026-09-18T05:47:55.252Z,30486,450100,471900
2026-09-18T05:47:55.252Z,63241,3684,898100
2026-09-18T05:47:55.252Z,60472,7260000,8399000
2026-09-18T05:47:55.252Z,37302,187000000,199200000
2026-09-18T05:47:55.252Z,89327,20050,337500
2026-09-18T05:47:55.252Z,23719,8669,9640
2026-09-18T05:47:55.252Z,49736,2044000,4099000
2026-09-18T05:47:55.252Z,95412,10000,69800
2026-09-18T05:47:55.252Z,90527,6015,69450
2026-09-18T05:47:55.252Z,29079,1300000,1446000
2026-09-18T05:47:55.252Z,58882,5100000,19800000
2026-09-18T05:47:55.252Z,24443,720800,982600
2026-09-18T05:47:55.252Z,14220,27660000,29650000
2026-09-18T05:47:55.252Z,17476,35030000,37640000
2026-09-18T05:47:55.252Z,81948,68330000,74760000
2026-09-18T05:47:55.252Z,20448,59550000,73940000
2026-09-18T05:47:55.252Z,188,14.28,28.19
2026-09-18T05:47:55.252Z,5217,1173,3990
2026-09-18T05:47:55.252Z,16447,13960,61990
2026-09-18T05:47:55.252Z,197,60,65
2026-09-18T05:47:55.252Z,19223,53080000,58850000
2026-09-18T05:47:55.252Z,53060,5031000,85530000
2026-09-18T05:47:55.252Z,22559,42530000,46330000
2026-09-18T05:47:55.252Z,20452,44820000,61700000
2026-09-18T05:47:55.252Z,21928,447.5,557.6
2026-09-18T05:47:55.252Z,21322,4.52,76.78
2026-09-18T05:47:55.252Z,599,161200,275000
2026-09-18T05:47:55.252Z,18939,168900000,178000000
2026-09-18T05:47:55.252Z,18935,80300000,94850000
2026-09-18T05:47:55.252Z,18923,57690000,62860000
2026-09-18T05:47:55.252Z,18943,63130000,66700000
2026-09-18T05:47:55.252Z,47918,31500000,33770000
2026-09-18T05:47:55.252Z,3542,292700000,316100000
2026-09-18T05:47:55.252Z,11325,537000,583500
2026-09-18T05:47:55.252Z,13927,9007000,11290000
2026-09-18T05:47:55.252Z,34436,13660000,18790000
2026-09-18T05:47:55.252Z,18813,3510000,8769000
2026-09-18T05:47:55.252Z,19181,99480000,117300000
2026-09-18T05:47:55.252Z,24478,20,47.8
2026-09-18T05:47:55.252Z,23015,2023,2231
2026-09-18T05:47:55.252Z,72907,6511000,8982000
2026-09-18T05:47:55.252Z,54779,40920,49490
2026-09-18T05:47:55.252Z,23128,18850000,20140000
2026-09-18T05:47:55.252Z,55760,776600,852800
2026-09-18T05:47:55.252Z,31079,13330000,14480000
2026-09-18T05:47:55.252Z,5723,124700,217700
2026-09-18T05:47:55.252Z,16673,47.82,50.93
2026-09-18T05:47:55.252Z,57452,11980000,12250000
2026-09-18T05:47:55.252Z,8427,68670,98500
2026-09-18T05:47:55.252Z,20110,1600000,2117000
2026-09-18T05:47:55.252Z,19349,59540000,67980000
2026-09-18T05:47:55.252Z,28336,452.8,510.7
2026-09-18T05:47:55.252Z,14260,45910000,49450000
2026-09-18T05:47:55.252Z,20043,2.11,177
2026-09-18T05:47:55.252Z,19353,175600000,185900000
2026-09-18T05:47:55.252Z,3841,822500,890800
2026-09-18T05:47:55.252Z,14045,31330000,40340000
2026-09-18T05:47:55.252Z,45998,5910000,6380000
2026-09-18T05:47:55.252Z,46003,14240000,16190000
2026-09-18T05:47:55.252Z,11219,266700,593300
2026-09-18T05:47:55.252Z,21740,4824,6399
2026-09-18T05:47:55.252Z,21904,628.3,722.9
2026-09-18T05:47:55.252Z,17888,578.2,611.5
2026-09-18T05:47:55.252Z,20045,1.54,9.9
2026-09-18T05:47:55.252Z,25622,169500,178600
2026-09-18T05:47:55.252Z,62647,313900,11020000
2026-09-18T05:47:55.252Z,14262,136900000,151000000
2026-09-18T05:47:55.252Z,19081,4350000,6298000
2026-09-18T05:47:55.252Z,62402,10430,11190
2026-09-18T05:47:55.252Z,4246,16670,17480
2026-09-18T05:47:55.252Z,12563,58120,63160
2026-09-18T05:47:55.252Z,35827,1,29630000000
2026-09-18T05:47:55.252Z,57004,41380000,71940000
2026-09-18T05:47:55.252Z,60916,119200,3454000
2026-09-18T05:47:55.252Z,14176,25440000,29990000
2026-09-18T05:47:55.252Z,17491,46100000,74610000
2026-09-18T05:47:55.252Z,24694,136100000,152200000
2026-09-18T05:47:55.252Z,22464,39750000,40750000
2026-09-18T05:47:55.252Z,20741,4044,4674
2026-09-18T05:47:55.252Z,28691,75700,125000
2026-09-18T05:47:55.252Z,16449,40110,95560
2026-09-18T05:47:55.252Z,41212,13100000,15090000
2026-09-18T05:47:55.252Z,60031,1405000,5132000
2026-09-18T05:47:55.252Z,12076,3856000,4347000
2026-09-18T05:47:55.252Z,23117,628500,987600
2026-09-18T05:47:55.252Z,90592,801600,1248000
2026-09-18T05:47:55.252Z,57443,11570000,11990000
2026-09-18T05:47:55.252Z,94008,1502000000,1772000000
2026-09-18T05:47:55.252Z,24492,72,78.92
2026-09-18T05:47:55.252Z,6176,1400,3288
2026-09-18T05:47:55.252Z,28578,499500,553000
2026-09-18T05:47:55.252Z,25618,4813,5346
2026-09-18T05:47:55.252Z,87235,6005000,18530000
2026-09-18T05:47:55.252Z,90457,800,2118
2026-09-18T05:47:55.252Z,84421,2000,2001
2026-09-18T05:47:55.252Z,90523,14210000,17460000
2026-09-18T05:47:55.252Z,26224,2546000,8290000
2026-09-18T05:47:55.252Z,3102,1504000,94490000
2026-09-18T05:47:55.252Z,31041,6212000,9728000
2026-09-18T05:47:55.252Z,11540,36120,36990
2026-09-18T05:47:55.252Z,41059,91160000,101800000
2026-09-18T05:47:55.252Z,30309,31770,35040
2026-09-18T05:47:55.252Z,40661,43000000,46880000
2026-09-18T05:47:55.252Z,31328,2951000,3362000
2026-09-18T05:47:55.252Z,57740,6373000,18580000
2026-09-18T05:47:55.252Z,19282,102300000,117200000
2026-09-18T05:47:55.252Z,12274,55030,71500
2026-09-18T05:47:55.252Z,12773,90.89,122.9
2026-09-18T05:47:55.252Z,28201,400100,450000
2026-09-18T05:47:55.252Z,13957,76140000,90980000
2026-09-18T05:47:55.252Z,2185,756500,808000
2026-09-18T05:47:55.252Z,18768,68150000,78560000
2026-09-18T05:47:55.252Z,47755,71230000,79980000
2026-09-18T05:47:55.252Z,4609,20010,35020
2026-09-18T05:47:55.252Z,7489,7666,23920
2026-09-18T05:47:55.252Z,8821,21660,55180
2026-09-18T05:47:55.252Z,9413,23110,59000
2026-09-18T05:47:55.252Z,3082,1153000,1279000
2026-09-18T05:47:55.252Z,60474,3204000,3590000
2026-09-18T05:47:55.252Z,57486,76070,77840
2026-09-18T05:47:55.252Z,45871,2000,3685000
2026-09-18T05:47:55.252Z,41250,85600000,107500000
2026-09-18T05:47:55.252Z,57464,1207000,1333000
2026-09-18T05:47:55.252Z,2404,777800,799500
2026-09-18T05:47:55.252Z,34562,50510000,62980000
2026-09-18T05:47:55.252Z,14100,39230000,44700000
2026-09-18T05:47:55.252Z,22125,32230000,39360000
2026-09-18T05:47:55.252Z,31270,371600,2897000
2026-09-18T05:47:55.252Z,85738,100800000,199800000
2026-09-18T05:47:55.252Z,16683,25140,26190
2026-09-18T05:47:55.252Z,19556,971200000,1187000000
2026-09-18T05:47:55.252Z,17264,5050,11980
2026-09-18T05:47:55.252Z,19205,148100000,162800000
2026-09-18T05:47:55.252Z,62645,1024,6966000
2026-09-18T05:47:55.252Z,62555,1940,2199
2026-09-18T05:47:55.252Z,31065,1186000,1699000
2026-09-18T05:47:55.252Z,19686,110100000,118700000
2026-09-18T05:47:55.252Z,13787,881000,2489000
2026-09-18T05:47:55.252Z,20199,5527000,6851000
2026-09-18T05:47:55.252Z,12828,261100,352200
2026-09-18T05:47:55.252Z,18682,60080000,75000000
2026-09-18T05:47:55.252Z,28848,6921000000,7030000000
2026-09-18T05:47:55.252Z,45620,32930000,36040000
2026-09-18T05:47:55.252Z,88661,9986000,46960000
2026-09-18T05:47:55.252Z,19139,15420000,17780000
2026-09-18T05:47:55.252Z,55326,10,31660
2026-09-18T05:47:55.252Z,47885,320.1,379.7
2026-09-18T05:47:55.252Z,16519,20200,38990
2026-09-18T05:47:55.252Z,25812,4536000,4892000
2026-09-18T05:47:55.252Z,54771,19170,23630
2026-09-18T05:47:55.252Z,49711,130700000,149200000
2026-09-18T05:47:55.252Z,31770,0.02,3878000
2026-09-18T05:47:55.252Z,62399,4302,4600
2026-09-18T05:47:55.252Z,41534,527800000,563700000
2026-09-18T05:47:55.252Z,54436,5775000,82980000
2026-09-18T05:47:55.252Z,33921,16850000,22000000
2026-09-18T05:47:55.252Z,33938,31310000,62860000
2026-09-18T05:47:55.252Z,18979,203200000,259900000
2026-09-18T05:47:55.252Z,79722,699300,4922000
2026-09-18T05:47:55.252Z,15764,88870000,96790000
2026-09-18T05:47:55.252Z,88716,97720000,127400000
2026-09-18T05:47:55.252Z,3202,502100,3196000
2026-09-18T05:47:55.252Z,42761,102600,3849000
2026-09-18T05:47:55.252Z,19319,27520000,33950000
2026-09-18T05:47:55.252Z,62567,2821,3820
2026-09-18T05:47:55.252Z,18941,65200000,74470000
2026-09-18T05:47:55.252Z,50132,1452,7990
2026-09-18T05:47:55.252Z,81098,2005000,3481000
2026-09-18T05:47:55.252Z,27074,272000,699000
2026-09-18T05:47:55.252Z,53365,979300,3680000
2026-09-18T05:47:55.252Z,55590,255700,999900
2026-09-18T05:47:55.252Z,47907,24000000,25960000
2026-09-18T05:47:55.252Z,17559,49200000,52980000
2026-09-18T05:47:55.252Z,84009,20100,20110
2026-09-18T05:47:55.252Z,41314,2415,2545
2026-09-18T05:47:55.252Z,48426,1570000,2656000
2026-09-18T05:47:55.252Z,45586,33940000,36990000
2026-09-18T05:47:55.252Z,1335,170100,216300
2026-09-18T05:47:55.252Z,31177,40320,56600
2026-09-18T05:47:55.252Z,23709,20800,58840
2026-09-18T05:47:55.252Z,85656,95750000,118900000
2026-09-18T05:47:55.252Z,85559,46170000,54830000
2026-09-18T05:47:55.252Z,18829,106900000,122000000
2026-09-18T05:47:55.252Z,49733,13770000,16880000
2026-09-18T05:47:55.252Z,4383,2580000,2549000
2026-09-18T05:47:55.252Z,90528,2558000,3978000
2026-09-18T05:47:55.252Z,22448,257800000,279000000
2026-09-18T05:47:55.252Z,19135,9246000,13000000
2026-09-18T05:47:55.252Z,85640,120900,1600000
2026-09-18T05:47:55.252Z,49739,3138000,3355000
2026-09-18T05:47:55.252Z,47701,1965000,2195000
2026-09-18T05:47:55.252Z,87325,22740000,33990000
2026-09-18T05:47:55.252Z,85644,6003000,11500000
2026-09-18T05:47:55.252Z,93270,405400000,1142000000
2026-09-18T05:47:55.252Z,60465,705300,1084000
2026-09-18T05:47:55.252Z,90611,157900,944600
2026-09-18T05:47:55.252Z,60460,400000,546200
2026-09-18T05:47:55.252Z,60471,205400,412600
2026-09-18T05:47:55.252Z,60477,637000,2034000
2026-09-18T05:47:55.252Z,55576,1079,50000
2026-09-18T05:47:55.252Z,12200,10210000,17710000
2026-09-18T05:47:55.252Z,88606,160000,872000
2026-09-18T05:47:55.252Z,31798,332700000,374300000
2026-09-18T05:47:55.252Z,81051,52450,80960
2026-09-18T05:47:55.252Z,89240,2930000,3377000
2026-09-18T05:47:55.252Z,19684,10400000,17500000
2026-09-18T05:47:55.252Z,35774,120300,139700
2026-09-18T05:47:55.252Z,21906,451.6,543.7
2026-09-18T05:47:55.252Z,644,139300000,150100000
2026-09-18T05:47:55.252Z,46977,1896000,12990000
2026-09-18T05:47:55.252Z,91958,4285000,7996000
2026-09-18T05:47:55.252Z,19043,322700000,341500000
2026-09-18T05:47:55.252Z,30305,10630,11320
2026-09-18T05:47:55.252Z,53983,8535000,9820000
2026-09-18T05:47:55.252Z,53854,57090000,79920000
2026-09-18T05:47:55.252Z,31979,90070000,184300000
2026-09-18T05:47:55.252Z,13782,31950000,53840000
2026-09-18T05:47:55.252Z,255,55000,56000
2026-09-18T05:47:55.252Z,17871,11310000,14520000
2026-09-18T05:47:55.252Z,31762,19720000,33580000
2026-09-18T05:47:55.252Z,2397,694.7,728.9
2026-09-18T05:47:55.252Z,40733,21450000,103600000
2026-09-18T05:47:55.252Z,23705,23270,35340
2026-09-18T05:47:55.252Z,56074,134200,173000
2026-09-18T05:47:55.252Z,90596,180000,4928000
2026-09-18T05:47:55.252Z,76963,51.79,1000
2026-09-18T05:47:55.252Z,76151,200700,28000000
2026-09-18T05:47:55.252Z,83209,10000,1088000
2026-09-18T05:47:55.252Z,31015,4784000,5131000
2026-09-18T05:47:55.252Z,57025,5201000,13740000
2026-09-18T05:47:55.252Z,83472,3010000,3245000
2026-09-18T05:47:55.252Z,2937,831300,1091000
2026-09-18T05:47:55.252Z,31600,686600,1222000
2026-09-18T05:47:55.252Z,23003,451.5,1382
2026-09-18T05:47:55.252Z,89672,315000000,1355000000
2026-09-18T05:47:55.252Z,57469,499.8,318200
2026-09-18T05:47:55.252Z,640,109200000,117600000
2026-09-18T05:47:55.252Z,32819,325000,534500
2026-09-18T05:47:55.252Z,11961,131100000,143800000
2026-09-18T05:47:55.252Z,183,3.07,16.97
2026-09-18T05:47:55.252Z,31774,10570000,17410000
2026-09-18T05:47:55.252Z,19806,738600,895400
2026-09-18T05:47:55.252Z,8537,30010,30020
2026-09-18T05:47:55.252Z,19660,2005,8800
2026-09-18T05:47:55.252Z,21924,429.1,468.7
2026-09-18T05:47:55.252Z,1832,136,157
2026-09-18T05:47:55.252Z,12052,254500,368000
2026-09-18T05:47:55.252Z,2510,325,372.7
2026-09-18T05:47:55.252Z,220,7.28,14.57
2026-09-18T05:47:55.252Z,7087,420500,493800
2026-09-18T05:47:55.252Z,56596,650000,4160000
2026-09-18T05:47:55.252Z,88477,140000,3625000
2026-09-18T05:47:55.252Z,31057,4469000,4672000
2026-09-18T05:47:55.252Z,34049,10000000,70000000
2026-09-18T05:47:55.252Z,82313,783.4,1034
2026-09-18T05:47:55.252Z,5439,4109,12990
2026-09-18T05:47:55.252Z,2533,71020,91990
2026-09-18T05:47:55.252Z,2629,362.2,394.8
2026-09-18T05:47:55.252Z,47323,148800000,238500000
2026-09-18T05:47:55.252Z,37624,62440000,73100000
2026-09-18T05:47:55.252Z,49790,44870000,76740000
2026-09-18T05:47:55.252Z,55329,20.03,89800
2026-09-18T05:47:55.252Z,30303,1489,1621
2026-09-18T05:47:55.252Z,35789,5808000,6799000
2026-09-18T05:47:55.252Z,28846,6108000000,6650000000
2026-09-18T05:47:55.252Z,54749,834300000,1005000000
2026-09-18T05:47:55.252Z,43843,200600,15000000
2026-09-18T05:47:55.252Z,91970,9619000,14340000
2026-09-18T05:47:55.252Z,19149,28640000,30000000
2026-09-18T05:47:55.252Z,89618,271200000,387900000
2026-09-18T05:47:55.252Z,47898,505700,575200
2026-09-18T05:47:55.252Z,40558,10050000,10860000
2026-09-18T05:47:55.252Z,12093,4142000,5900000
2026-09-18T05:47:55.252Z,33830,2143000,4979000
2026-09-18T05:47:55.252Z,47132,10250000,20040000
2026-09-18T05:47:55.252Z,34177,3120000,25120000
2026-09-18T05:47:55.252Z,34202,1776000,1950000
2026-09-18T05:47:55.252Z,14068,15990000,16980000
2026-09-18T05:47:55.252Z,91131,29200000,34570000
2026-09-18T05:47:55.252Z,91405,1301000,9977000
2026-09-18T05:47:55.252Z,47756,8037000,9055000
2026-09-18T05:47:55.252Z,90050,410000,998500
2026-09-18T05:47:55.252Z,90500,3724,9499
2026-09-18T05:47:55.252Z,190,23,59.97
2026-09-18T05:47:55.252Z,53855,45590000,89850000
2026-09-18T05:47:55.252Z,19037,257000000,327600000
2026-09-18T05:47:55.252Z,7997,14010,42000
2026-09-18T05:47:55.252Z,33140,25470000,30980000
2026-09-18T05:47:55.252Z,48386,2352000,6377000
2026-09-18T05:47:55.252Z,207,65.18,70
2026-09-18T05:47:55.252Z,30308,12110,12890
2026-09-18T05:47:55.252Z,25278,25100,32800
2026-09-18T05:47:55.252Z,11558,30300,31320
2026-09-18T05:47:55.252Z,91971,46230000,60680000
2026-09-18T05:47:55.252Z,10246,9072,11530
2026-09-18T05:47:55.252Z,49727,1289000,1545000
2026-09-18T05:47:55.252Z,19274,8201000,8599000
2026-09-18T05:47:55.252Z,3887,2064,42890
2026-09-18T05:47:55.252Z,2288,1.09,1.46
2026-09-18T05:47:55.252Z,13827,42350000,53800000
2026-09-18T05:47:55.252Z,45660,8641,11000
2026-09-18T05:47:55.252Z,3258,541000000,661100000
2026-09-18T05:47:55.252Z,2393,432.3,442.5
2026-09-18T05:47:55.252Z,15479,1222000,1385000
2026-09-18T05:47:55.252Z,81021,61800000,150000000
2026-09-18T05:47:55.252Z,6485,1247,3680
2026-09-18T05:47:55.252Z,14096,75100,363600
2026-09-18T05:47:55.252Z,23053,1453,1641
2026-09-18T05:47:55.252Z,18919,142500000,149500000
2026-09-18T05:47:55.252Z,95674,2533000,3182000
2026-09-18T05:47:55.252Z,60666,408500,6863000
2026-09-18T05:47:55.252Z,54784,5216,6349
2026-09-18T05:47:55.252Z,20413,93230,101100
2026-09-18T05:47:55.252Z,18837,8472000,9717000
2026-09-18T05:47:55.252Z,31606,14570000,14950000
2026-09-18T05:47:55.252Z,34421,1000,797600
2026-09-18T05:47:55.252Z,56282,1473000000,2983000000
2026-09-18T05:47:55.252Z,56284,282700000,316000000
2026-09-18T05:47:55.252Z,19927,13080,49850
2026-09-18T05:47:55.252Z,19021,212400000,233700000
2026-09-18T05:47:55.252Z,91952,12010000,15650000
2026-09-18T05:47:55.252Z,14072,46010000,50300000
2026-09-18T05:47:55.252Z,87509,4193000,12900000
2026-09-18T05:47:55.252Z,27169,15010000,20000000
2026-09-18T05:47:55.252Z,28672,2453000,2624000
2026-09-18T05:47:55.252Z,12533,521000,949800
2026-09-18T05:47:55.252Z,20631,26490000,33980000
2026-09-18T05:47:55.252Z,33969,2226000,12990000
2026-09-18T05:47:55.252Z,21918,1063,1156
2026-09-18T05:47:55.252Z,85652,8287000,16870000
2026-09-18T05:47:55.252Z,15605,3670000,4431000
2026-09-18T05:47:55.252Z,42695,528.2,647.4
2026-09-18T05:47:55.252Z,15614,142000,152000
2026-09-18T05:47:55.252Z,15610,624000,679700
2026-09-18T05:47:55.252Z,27102,101000,413900
2026-09-18T05:47:55.252Z,12805,,93.68
2026-09-18T05:47:55.252Z,45595,36240000,38980000
2026-09-18T05:47:55.252Z,42832,409.6,500.3
2026-09-18T05:47:55.252Z,28710,902100000,942700000
2026-09-18T05:47:55.252Z,53361,766800,3456000
2026-09-18T05:47:55.252Z,37846,6830,11850
2026-09-18T05:47:55.252Z,3550,388300000,475900000
2026-09-18T05:47:55.252Z,1248,462000,513600
2026-09-18T05:47:55.252Z,14298,3523000,4301000
2026-09-18T05:47:55.252Z,11283,3390,3427
2026-09-18T05:47:55.252Z,13287,352200,352300
2026-09-18T05:47:55.252Z,28700,81640,82840
2026-09-18T05:47:55.252Z,23043,1138,1422
2026-09-18T05:47:55.252Z,15477,5352000,6018000
2026-09-18T05:47:55.252Z,264,67,738.9
2026-09-18T05:47:55.252Z,93660,,169500000
2026-09-18T05:47:55.252Z,12015,135300000,144900000
2026-09-18T05:47:55.252Z,16000,21410,23980
2026-09-18T05:47:55.252Z,20424,25290,27500
2026-09-18T05:47:55.252Z,17736,940000000,958000000
2026-09-18T05:47:55.252Z,88625,1000000,7998000
2026-09-18T05:47:55.252Z,44888,100000,27180000
2026-09-18T05:47:55.252Z,21086,390200,743700
2026-09-18T05:47:55.252Z,5945,537200,565800
2026-09-18T05:47:55.252Z,45534,200700000,285700000
2026-09-18T05:47:55.252Z,4349,363700000,387900000
2026-09-18T05:47:55.252Z,15723,182100,1178000
2026-09-18T05:47:55.252Z,11530,31270,33940
2026-09-18T05:47:55.252Z,90640,80010,5999000
2026-09-18T05:47:55.252Z,31029,7320000,9258000
2026-09-18T05:47:55.252Z,47874,743200,2870000
2026-09-18T05:47:55.252Z,491,63590,188000
2026-09-18T05:47:55.252Z,95408,40000,73500
2026-09-18T05:47:55.252Z,9678,500000,505000
2026-09-18T05:47:55.252Z,11552,35030,43640
2026-09-18T05:47:55.252Z,35771,657400,736300
2026-09-18T05:47:55.252Z,96332,8102000,18990000
2026-09-18T05:47:55.252Z,17812,7406000,8089000
2026-09-18T05:47:55.252Z,17895,3890000,3998000
2026-09-18T05:47:55.252Z,42696,103,470
2026-09-18T05:47:55.252Z,31662,500000,4267000
2026-09-18T05:47:55.252Z,47005,23560000,31980000
2026-09-18T05:47:55.252Z,11478,625.6,848.7
2026-09-18T05:47:55.252Z,47837,30010000,57000000
2026-09-18T05:47:55.252Z,54395,427800000,466100000
2026-09-18T05:47:55.252Z,28780,72350000,84770000
2026-09-18T05:47:55.252Z,25598,2801,2803
2026-09-18T05:47:55.252Z,14236,55240000,62870000
2026-09-18T05:47:55.252Z,15601,767500,835800
2026-09-18T05:47:55.252Z,24305,5211000,5885000
2026-09-18T05:47:55.252Z,83278,1000,149900
2026-09-18T05:47:55.252Z,2344,60410,64940
2026-09-18T05:47:55.252Z,3536,270000000,317600000
2026-09-18T05:47:55.252Z,47782,66490,66500
2026-09-18T05:47:55.252Z,90458,110.8,103000
2026-09-18T05:47:55.252Z,23813,22380000,52860000
2026-09-18T05:47:55.252Z,14140,27400000,29450000
2026-09-18T05:47:55.252Z,31918,14800000,16980000
2026-09-18T05:47:55.252Z,62632,27360000,34220000
2026-09-18T05:47:55.252Z,31964,17540000,55890000
2026-09-18T05:47:55.252Z,200,150,186.7
2026-09-18T05:47:55.252Z,31736,2122000,2699000
2026-09-18T05:47:55.252Z,9772,488000,507500
2026-09-18T05:47:55.252Z,450,,25690
2026-09-18T05:47:55.252Z,31710,,1995000
2026-09-18T05:47:55.252Z,2534,66230,92000
2026-09-18T05:47:55.252Z,33941,50070000,61170000
2026-09-18T05:47:55.252Z,33828,2592000,6250000
2026-09-18T05:47:55.252Z,62528,30.52,32.48
2026-09-18T05:47:55.252Z,14266,50700000,50910000
2026-09-18T05:47:55.252Z,35,17.11,17.7
2026-09-18T05:47:55.252Z,29015,9039,13150
2026-09-18T05:47:55.252Z,88573,2200000,6359000
2026-09-18T05:47:55.252Z,14210,56590000,60810000
2026-09-18T05:47:55.252Z,92284,120200000,126000000
2026-09-18T05:47:55.252Z,18907,84420000,103100000
2026-09-18T05:47:55.252Z,18921,66030000,72300000
2026-09-18T05:47:55.252Z,83271,20000,79530
2026-09-18T05:47:55.252Z,19264,58010000,69760000
2026-09-18T05:47:55.252Z,1559,154900,441200
2026-09-18T05:47:55.252Z,33141,38190000,40290000
2026-09-18T05:47:55.252Z,577,2020,44850
2026-09-18T05:47:55.252Z,3482,550000000,618300000
2026-09-18T05:47:55.252Z,2869,970700,1034000
2026-09-18T05:47:55.252Z,56141,24530000,26820000
2026-09-18T05:47:55.252Z,31342,5286000,12490000
2026-09-18T05:47:55.252Z,96333,41030000,48990000
2026-09-18T05:47:55.252Z,2286,3.09,4.52
2026-09-18T05:47:55.252Z,2351,76000,78350
2026-09-18T05:47:55.252Z,54394,341800000,375800000
2026-09-18T05:47:55.252Z,91289,369500000,478100000
2026-09-18T05:47:55.252Z,33917,9980000,16980000
2026-09-18T05:47:55.252Z,23093,313200,388500
2026-09-18T05:47:55.252Z,86107,25040000,389000000
2026-09-18T05:47:55.252Z,13976,7284000,8314000
2026-09-18T05:47:55.252Z,17738,726600000,763200000
2026-09-18T05:47:55.252Z,85972,379800000,1191000000
2026-09-18T05:47:55.252Z,25715,959200,1101000
2026-09-18T05:47:55.252Z,1816,14,21.36
2026-09-18T05:47:55.252Z,9842,12080,13140
2026-09-18T05:47:55.252Z,86117,442900,6450000
2026-09-18T05:47:55.252Z,1998,1000,24690
2026-09-18T05:47:55.252Z,53714,852400000,1024000000
2026-09-18T05:47:55.252Z,14150,17360000,29800000
2026-09-18T05:47:55.252Z,28379,15010000,18940000
2026-09-18T05:47:55.252Z,90469,86850000,104600000
2026-09-18T05:47:55.252Z,22107,20580000,22560000
2026-09-18T05:47:55.252Z,84015,20010,20020
2026-09-18T05:47:55.252Z,6296,2664,7999
2026-09-18T05:47:55.252Z,18750,217.2,564900
2026-09-18T05:47:55.252Z,22460,36520000,39290000
2026-09-18T05:47:55.252Z,15602,604600,649900
2026-09-18T05:47:55.252Z,13821,405000,2689000
2026-09-18T05:47:55.252Z,44894,1540000,114900000
2026-09-18T05:47:55.252Z,45633,32660000,35380000
2026-09-18T05:47:55.252Z,6437,5000,7993
2026-09-18T05:47:55.252Z,12365,1244,149000
2026-09-18T05:47:55.252Z,34204,915100,995900
2026-09-18T05:47:55.252Z,33681,196100000,210000000
2026-09-18T05:47:55.252Z,32112,1029000,9200000
2026-09-18T05:47:55.252Z,22977,404.1,612.7
2026-09-18T05:47:55.252Z,41034,42200,70780
2026-09-18T05:47:55.252Z,593,300300,413900
2026-09-18T05:47:55.252Z,18917,146400000,154600000
2026-09-18T05:47:55.252Z,84086,73850000,126600000
2026-09-18T05:47:55.252Z,18692,40330000,44880000
2026-09-18T05:47:55.252Z,44925,3650000,16310000
2026-09-18T05:47:55.252Z,18909,51330000,68800000
2026-09-18T05:47:55.252Z,81026,7116000,20050000
2026-09-18T05:47:55.252Z,90620,1106000,4759000
2026-09-18T05:47:55.252Z,56070,218800,281400
2026-09-18T05:47:55.252Z,89649,43600000,45010000
2026-09-18T05:47:55.252Z,28813,757300000,843600000
2026-09-18T05:47:55.252Z,45596,34260000,39510000
2026-09-18T05:47:55.252Z,42694,352.1,452.9
2026-09-18T05:47:55.252Z,14230,35370000,44400000
2026-09-18T05:47:55.252Z,26442,7529000,7581000
2026-09-18T05:47:55.252Z,26286,55140000,73570000
2026-09-18T05:47:55.252Z,15893,99500000,106300000
2026-09-18T05:47:55.252Z,6003,3951,7458
2026-09-18T05:47:55.252Z,47916,6983000,18960000
2026-09-18T05:47:55.252Z,31039,5025000,5435000
2026-09-18T05:47:55.252Z,222,17.75,19.44
2026-09-18T05:47:55.252Z,17893,504100,558000
2026-09-18T05:47:55.252Z,31119,190400,201800
2026-09-18T05:47:55.252Z,13945,65470000,72930000
2026-09-18T05:47:55.252Z,4403,1520000,1647000
2026-09-18T05:47:55.252Z,94133,10000,79890
2026-09-18T05:47:55.252Z,90136,22100000,79680000
2026-09-18T05:47:55.252Z,92283,121400000,164900000
2026-09-18T05:47:55.252Z,62464,1228,1547
2026-09-18T05:47:55.252Z,23811,47760000,72400000
2026-09-18T05:47:55.252Z,84085,25460000,109000000
2026-09-18T05:47:55.252Z,10872,13010,16920
2026-09-18T05:47:55.252Z,3355,34.11,2498
2026-09-18T05:47:55.252Z,95397,520100,2399000
2026-09-18T05:47:55.252Z,47700,86530000,108400000
2026-09-18T05:47:55.252Z,91921,1702000,2493000
2026-09-18T05:47:55.252Z,22534,20710000,22520000
2026-09-18T05:47:55.252Z,33360,12150,14040
2026-09-18T05:47:55.252Z,46000,36870000,38170000
2026-09-18T05:47:55.252Z,41332,1235000,1467000
2026-09-18T05:47:55.252Z,90414,225000000,438900000
2026-09-18T05:47:55.252Z,6160,2501,6480
2026-09-18T05:47:55.252Z,32876,803600,930700
2026-09-18T05:47:55.252Z,60645,802000,2378000
2026-09-18T05:47:55.252Z,32344,16020000,17190000
2026-09-18T05:47:55.252Z,55574,0.02,809900
2026-09-18T05:47:55.252Z,60468,1493000,2099000
2026-09-18T05:47:55.252Z,24688,130700000,141500000
2026-09-18T05:47:55.252Z,12777,128.3,148.7
2026-09-18T05:47:55.252Z,33157,105200000,112800000
2026-09-18T05:47:55.252Z,13793,770200,989800
2026-09-18T05:47:55.252Z,21790,201.3,178000
2026-09-18T05:47:55.252Z,29011,12010,12960
2026-09-18T05:47:55.252Z,15480,3306000,4171000
2026-09-18T05:47:55.252Z,84399,2806,3499
2026-09-18T05:47:55.252Z,40566,21870000,25180000
2026-09-18T05:47:55.252Z,2508,275,320.9
2026-09-18T05:47:55.252Z,85536,42430,17000000
2026-09-18T05:47:55.252Z,83210,65000,2113000
2026-09-18T05:47:55.252Z,16004,112000000,118100000
2026-09-18T05:47:55.252Z,79718,12010,1997000
2026-09-18T05:47:55.252Z,19283,9781000,10920000
2026-09-18T05:47:55.252Z,24511,442,491.7
2026-09-18T05:47:55.252Z,16660,917.4,989.9
2026-09-18T05:47:55.252Z,28674,2326000,2637000
2026-09-18T05:47:55.252Z,31031,55530000,346700000
2026-09-18T05:47:55.252Z,90501,207300,458200
2026-09-18T05:47:55.252Z,40567,2000000,29420000
2026-09-18T05:47:55.252Z,26444,4611000,5089000
2026-09-18T05:47:55.252Z,47928,641.9,718.8
2026-09-18T05:47:55.252Z,11547,88250,111400
2026-09-18T05:47:55.252Z,2953,3071000,4288000
2026-09-18T05:47:55.252Z,15911,21860,1690000
2026-09-18T05:47:55.252Z,37627,247100000,269300000
2026-09-18T05:47:55.252Z,13249,15190000,16700000
2026-09-18T05:47:55.252Z,31153,212400,238900
2026-09-18T05:47:55.252Z,48438,220900000,246300000
2026-09-18T05:47:55.252Z,17722,242200000,273300000
2026-09-18T05:47:55.252Z,14178,25210000,28420000
2026-09-18T05:47:55.252Z,52312,560200,614500
2026-09-18T05:47:55.252Z,31408,1362000,1735000
2026-09-18T05:47:55.252Z,28798,273800000,306900000
2026-09-18T05:47:55.252Z,53712,421700000,454800000
2026-09-18T05:47:55.252Z,27924,962600,1384000
2026-09-18T05:47:55.252Z,18945,209400000,238800000
2026-09-18T05:47:55.252Z,56072,155000,189900
2026-09-18T05:47:55.252Z,21493,18390000,21000000
2026-09-18T05:47:55.252Z,2317,9045,9291
2026-09-18T05:47:55.252Z,56609,600600,1800000
2026-09-18T05:47:55.252Z,18863,40830000,46550000
2026-09-18T05:47:55.252Z,47771,6677000,9980000
2026-09-18T05:47:55.252Z,3084,552100000,602200000
2026-09-18T05:47:55.252Z,34481,45750000,46000000
2026-09-18T05:47:55.252Z,3198,520000000,599100000
2026-09-18T05:47:55.252Z,26414,65000000,72010000
2026-09-18T05:47:55.252Z,47776,1059000,1380000
2026-09-18T05:47:55.252Z,16517,20830,20910
2026-09-18T05:47:55.252Z,24550,395000000,647400000
2026-09-18T05:47:55.252Z,52847,500100,1344000
2026-09-18T05:47:55.252Z,7451,460600,544400
2026-09-18T05:47:55.252Z,84412,1499,2590
2026-09-18T05:47:55.252Z,19211,104200,155000
2026-09-18T05:47:55.252Z,5933,16620,61800
2026-09-18T05:47:55.252Z,16643,5916,6276
2026-09-18T05:47:55.252Z,47826,26000000,29160000
2026-09-18T05:47:55.252Z,584,360100,398800
2026-09-18T05:47:55.252Z,90486,367800,887600
2026-09-18T05:47:55.252Z,605,387600,428700
2026-09-18T05:47:55.252Z,19247,12590000,16210000
2026-09-18T05:47:55.252Z,17482,3023000,3207000
2026-09-18T05:47:55.252Z,19276,1673000,3808000
2026-09-18T05:47:55.252Z,2390,546.7,574.5
2026-09-18T05:47:55.252Z,56923,1000000,4493000
2026-09-18T05:47:55.252Z,3109,0.01,2482000
2026-09-18T05:47:55.252Z,18807,4050000,8536000
2026-09-18T05:47:55.252Z,44993,445200000,488300000
2026-09-18T05:47:55.252Z,8909,40020,81080
2026-09-18T05:47:55.252Z,64568,826400,2077000
2026-09-18T05:47:55.252Z,34286,1782000,2306000
2026-09-18T05:47:55.252Z,44134,60000,1273000
2026-09-18T05:47:55.252Z,15465,22530000,28380000
2026-09-18T05:47:55.252Z,5399,2036,11850
2026-09-18T05:47:55.252Z,31171,2555000,2847000
2026-09-18T05:47:55.252Z,21418,25.05,1992
2026-09-18T05:47:55.252Z,23055,4229000,5520000
2026-09-18T05:47:55.252Z,41463,40000000,57520000
2026-09-18T05:47:55.252Z,20823,94700,489400
2026-09-18T05:47:55.252Z,14214,3729000,8296000
2026-09-18T05:47:55.252Z,86679,620000,780000
2026-09-18T05:47:55.252Z,10838,40000,124900
2026-09-18T05:47:55.252Z,42767,55100,2200000
2026-09-18T05:47:55.252Z,25613,396000,400000
2026-09-18T05:47:55.252Z,14065,11800000,13100000
2026-09-18T05:47:55.252Z,13974,6419000,8329000
2026-09-18T05:47:55.252Z,3534,527000000,589300000
2026-09-18T05:47:55.252Z,3568,379900,464500
2026-09-18T05:47:55.252Z,26016,3138000,6497000
2026-09-18T05:47:55.252Z,92541,1178000000,1390000000
2026-09-18T05:47:55.252Z,62524,24.23,24.3
2026-09-18T05:47:55.252Z,12785,80,82.98
2026-09-18T05:47:55.252Z,19173,168100000,180000000
2026-09-18T05:47:55.252Z,16636,305.9,360.8
2026-09-18T05:47:55.252Z,41266,5853,9590
2026-09-18T05:47:55.252Z,41411,38150000,41980000
2026-09-18T05:47:55.252Z,40662,104200000,114800000
2026-09-18T05:47:55.252Z,18799,48630000,55260000
2026-09-18T05:47:55.252Z,45566,,178900000
2026-09-18T05:47:55.252Z,46004,142400,161700
2026-09-18T05:47:55.252Z,15766,31570000,34120000
2026-09-18T05:47:55.252Z,33892,1237000,2893000
2026-09-18T05:47:55.252Z,23153,85030,389900
2026-09-18T05:47:55.252Z,18879,28250000,29490000
2026-09-18T05:47:55.252Z,14246,36340000,38980000
2026-09-18T05:47:55.252Z,9942,7361000,7989000
2026-09-18T05:47:55.252Z,62012,100700,4896000
2026-09-18T05:47:55.252Z,17136,72210,74250
2026-09-18T05:47:55.252Z,86111,4083000,63730000
2026-09-18T05:47:55.252Z,79725,366700,3566000
2026-09-18T05:47:55.252Z,57456,2979,3170
2026-09-18T05:47:55.252Z,92577,61000,159200
2026-09-18T05:47:55.252Z,25625,835300,868500
2026-09-18T05:47:55.252Z,11215,40070,2884000
2026-09-18T05:47:55.252Z,26260,35.03,1990
2026-09-18T05:47:55.252Z,47123,20100000,38070000
2026-09-18T05:47:55.252Z,17528,76980000,109800000
2026-09-18T05:47:55.252Z,31185,3006000,3314000
2026-09-18T05:47:55.252Z,45587,27080000,29450000
2026-09-18T05:47:55.252Z,16650,50620,54680
2026-09-18T05:47:55.252Z,10155,4263000,4699000
2026-09-18T05:47:55.252Z,21089,7685,500000
2026-09-18T05:47:55.252Z,19325,32510000,35460000
2026-09-18T05:47:55.252Z,3143,550700000,619900000
2026-09-18T05:47:55.252Z,34723,4405,616700
2026-09-18T05:47:55.252Z,57488,700800000,736800000
2026-09-18T05:47:55.252Z,54773,33020,40220
2026-09-18T05:47:55.252Z,21352,30.33,72.46
2026-09-18T05:47:55.252Z,30586,3747000,3748000
2026-09-18T05:47:55.252Z,34416,2100000,2393000
2026-09-18T05:47:55.252Z,27540,2289000000,5799000000
2026-09-18T05:47:55.252Z,23785,50620000,89000000
2026-09-18T05:47:55.252Z,2998,89080000,95070000
2026-09-18T05:47:55.252Z,19281,45300000,50880000
2026-09-18T05:47:55.252Z,79728,104500,11170000
2026-09-18T05:47:55.252Z,90591,4216,15050
2026-09-18T05:47:55.252Z,9834,78220,81910
2026-09-18T05:47:55.252Z,3130,1166000,1286000
2026-09-18T05:47:55.252Z,3096,3537000,5903000
2026-09-18T05:47:55.252Z,3119,551000000,603800000
2026-09-18T05:47:55.252Z,7783,353400,440700
2026-09-18T05:47:55.252Z,93359,20010,119600
2026-09-18T05:47:55.252Z,33965,5108000,7498000
2026-09-18T05:47:55.252Z,88525,20100,297800
2026-09-18T05:47:55.252Z,83328,10000,296700
2026-09-18T05:47:55.252Z,3239,545600000,618000000
2026-09-18T05:47:55.252Z,17452,155.1,200
2026-09-18T05:47:55.252Z,19019,97080000,116900000
2026-09-18T05:47:55.252Z,16527,408100,527500
2026-09-18T05:47:55.252Z,83251,1000,436800
2026-09-18T05:47:55.252Z,27920,1337000,1648000
2026-09-18T05:47:55.252Z,52785,42440000,55540000
2026-09-18T05:47:55.252Z,92964,7279000,19340000
2026-09-18T05:47:55.252Z,2398,374.1,390
2026-09-18T05:47:55.252Z,27381,717.1,718
2026-09-18T05:47:55.252Z,26038,255600,2130000
2026-09-18T05:47:55.252Z,57319,28610000,31290000
2026-09-18T05:47:55.252Z,41312,1434,4996
2026-09-18T05:47:55.252Z,54752,613100000,1136000000
2026-09-18T05:47:55.252Z,41199,4381000,5173000
2026-09-18T05:47:55.252Z,62522,20,23.99
2026-09-18T05:47:55.252Z,91285,33770000,46780000
2026-09-18T05:47:55.252Z,60751,10000,475700
2026-09-18T05:47:55.252Z,2897,1216000,1351000
2026-09-18T05:47:55.252Z,53856,109600000,122000000
2026-09-18T05:47:55.252Z,41565,50150000,73570000
2026-09-18T05:47:55.252Z,19017,68220000,75860000
2026-09-18T05:47:55.252Z,31312,326600,1583000
2026-09-18T05:47:55.252Z,16373,285400,315100
2026-09-18T05:47:55.252Z,40556,9366000,11710000
2026-09-18T05:47:55.252Z,52562,7500000,48990000
2026-09-18T05:47:55.252Z,31294,152300,5184000
2026-09-18T05:47:55.252Z,4258,953000,1077000
2026-09-18T05:47:55.252Z,62586,20720,24830
2026-09-18T05:47:55.252Z,31640,9711000,14800000
2026-09-18T05:47:55.252Z,31748,1536000,2401000
2026-09-18T05:47:55.252Z,17718,188700000,222200000
2026-09-18T05:47:55.252Z,2328,6805,7000
2026-09-18T05:47:55.252Z,4256,2626000,3594000
2026-09-18T05:47:55.252Z,35925,50350000,59340000
2026-09-18T05:47:55.252Z,91947,1971000,2650000
2026-09-18T05:47:55.252Z,49710,25130000,27400000
2026-09-18T05:47:55.252Z,21722,2752000,3546000
2026-09-18T05:47:55.252Z,25601,3770,4094
2026-09-18T05:47:55.252Z,47830,26060000,27360000
2026-09-18T05:47:55.252Z,17487,20640000,23300000
2026-09-18T05:47:55.252Z,84167,60140,60150
2026-09-18T05:47:55.252Z,47786,134600,199900
2026-09-18T05:47:55.252Z,24535,503.6,584
2026-09-18T05:47:55.252Z,34828,61050000,63870000
2026-09-18T05:47:55.252Z,13832,15010000,17800000
2026-09-18T05:47:55.252Z,11483,500,500.1
2026-09-18T05:47:55.252Z,11486,326.9,327
2026-09-18T05:47:55.252Z,94009,1511000000,1818000000
2026-09-18T05:47:55.252Z,29336,35010000,35590000
2026-09-18T05:47:55.252Z,19209,40200,100000
2026-09-18T05:47:55.252Z,49742,8010,641200
2026-09-18T05:47:55.252Z,12271,4062000,4393000
2026-09-18T05:47:55.252Z,19207,142500000,152200000
2026-09-18T05:47:55.252Z,13999,13570000,16490000
2026-09-18T05:47:55.252Z,14084,160000,342600
2026-09-18T05:47:55.252Z,47138,8702000,11990000
2026-09-18T05:47:55.252Z,3645,458.3,466.9
2026-09-18T05:47:55.252Z,3178,542800,598300
2026-09-18T05:47:55.252Z,13924,78970000,86900000
2026-09-18T05:47:55.252Z,75282,230.3,388.9
2026-09-18T05:47:55.252Z,95275,605600000,849300000
2026-09-18T05:47:55.252Z,18841,736200,1699000
2026-09-18T05:47:55.252Z,13253,6055,85970
2026-09-18T05:47:55.252Z,10998,12960,21740
2026-09-18T05:47:55.252Z,91949,1816000,2200000
2026-09-18T05:47:55.252Z,17636,386400000,412900000
2026-09-18T05:47:55.252Z,11285,3212,3873
2026-09-18T05:47:55.252Z,28300,12510000,13290000
2026-09-18T05:47:55.252Z,31930,28500000,30720000
2026-09-18T05:47:55.252Z,26020,2519000,6494000
2026-09-18T05:47:55.252Z,19105,33210000,35580000
2026-09-18T05:47:55.252Z,34423,,149900
2026-09-18T05:47:55.252Z,41214,27160000,28980000
2026-09-18T05:47:55.252Z,34496,3025000,3996000
2026-09-18T05:47:55.252Z,44182,11000,2260000
2026-09-18T05:47:55.252Z,19143,31100000,44600000
2026-09-18T05:47:55.252Z,76496,700000,4398000
2026-09-18T05:47:55.252Z,31642,313600000,361400000
2026-09-18T05:47:55.252Z,45756,1365,768200
2026-09-18T05:47:55.252Z,37626,87410000,119300000
2026-09-18T05:47:55.252Z,3442,581900,849900
2026-09-18T05:47:55.252Z,25589,595.2,800
2026-09-18T05:47:55.252Z,31001,4621000,36710000
2026-09-18T05:47:55.252Z,28698,80020,85000
2026-09-18T05:47:55.252Z,21075,4860,7424
2026-09-18T05:47:55.252Z,2175,869900,879700
2026-09-18T05:47:55.252Z,16477,249000,270900
2026-09-18T05:47:55.252Z,9846,108000,120400
2026-09-18T05:47:55.252Z,56639,3600,47960
2026-09-18T05:47:55.252Z,30254,561,614.9
2026-09-18T05:47:55.252Z,54732,479800000,553800000
2026-09-18T05:47:55.252Z,3689,10020,10650
2026-09-18T05:47:55.252Z,2871,1491000,1499000
2026-09-18T05:47:55.252Z,91962,2069000,2749000
2026-09-18T05:47:55.252Z,11192,17230000,18420000
2026-09-18T05:47:55.252Z,17918,709900000,755600000
2026-09-18T05:47:55.252Z,33004,,9100000
2026-09-18T05:47:55.252Z,12541,1159,170000
2026-09-18T05:47:55.252Z,26914,2009000,2281000
2026-09-18T05:47:55.252Z,31366,30020000,31620000
2026-09-18T05:47:55.252Z,53299,179800000,224100000
2026-09-18T05:47:55.252Z,2603,1889,3000
2026-09-18T05:47:55.252Z,55312,69.12,119800
2026-09-18T05:47:55.252Z,89617,9079000,44660000
2026-09-18T05:47:55.252Z,9800,475500,499000
2026-09-18T05:47:55.252Z,57481,4989000,5880000
2026-09-18T05:47:55.252Z,19339,80070000,88860000
2026-09-18T05:47:55.252Z,564,27000,38890
2026-09-18T05:47:55.252Z,17219,600,5800
2026-09-18T05:47:55.252Z,89671,,267100000
2026-09-18T05:47:55.252Z,90489,1201,2202
2026-09-18T05:47:55.252Z,31700,400000,2528000
2026-09-18T05:47:55.252Z,16665,8302,8798
2026-09-18T05:47:55.252Z,30374,8943,9124
2026-09-18T05:47:55.252Z,76494,1300000,3666000
2026-09-18T05:47:55.252Z,55693,,21060
2026-09-18T05:47:55.252Z,23013,726,2300
2026-09-18T05:47:55.252Z,25266,2115000,2799000
2026-09-18T05:47:55.252Z,33153,113200000,130200000
2026-09-18T05:47:55.252Z,47256,111,4196
2026-09-18T05:47:55.252Z,33961,47100000,54000000
2026-09-18T05:47:55.252Z,28697,100900,107800
2026-09-18T05:47:55.252Z,47743,15700000,18030000
2026-09-18T05:47:55.252Z,24495,60.21,66.93
2026-09-18T05:47:55.252Z,31766,123.4,89290
2026-09-18T05:47:55.252Z,18881,873100000,968900000
2026-09-18T05:47:55.252Z,85397,22030,25150
2026-09-18T05:47:55.252Z,11317,309100,342800
2026-09-18T05:47:55.252Z,34272,1757000,2186000
2026-09-18T05:47:55.252Z,37822,85290,297300
2026-09-18T05:47:55.252Z,24395,207100,419000
2026-09-18T05:47:55.252Z,56076,770500,1197000
2026-09-18T05:47:55.252Z,86151,22000000,96840000
2026-09-18T05:47:55.252Z,16359,191100,214900
2026-09-18T05:47:55.252Z,632,6179000,7497000
2026-09-18T05:47:55.252Z,91964,1555000,2495000
2026-09-18T05:47:55.252Z,78333,86050000,93290000
2026-09-18T05:47:55.252Z,631,7108000,7897000
2026-09-18T05:47:55.252Z,43894,82700,174700
2026-09-18T05:47:55.252Z,31167,12870000,13090000
2026-09-18T05:47:55.252Z,96329,6009000,6799000
2026-09-18T05:47:55.252Z,47931,1184,1501
2026-09-18T05:47:55.252Z,25896,5800000,8584000
2026-09-18T05:47:55.252Z,26328,32010000,75010000
2026-09-18T05:47:55.252Z,23559,26200,259200
2026-09-18T05:47:55.252Z,21640,775300,827700
2026-09-18T05:47:55.252Z,21362,2.53,1979
2026-09-18T05:47:55.252Z,30378,54940,58420
2026-09-18T05:47:55.252Z,19055,36190000,42170000
2026-09-18T05:47:55.252Z,44944,2050000,14890000
2026-09-18T05:47:55.252Z,7619,216900,847600
2026-09-18T05:47:55.252Z,9668,470200,497500
2026-09-18T05:47:55.252Z,31069,3148000,4670000
2026-09-18T05:47:55.252Z,19229,26250000,27990000
2026-09-18T05:47:55.252Z,11303,46580,235900
2026-09-18T05:47:55.252Z,19540,88490000,109700000
2026-09-18T05:47:55.252Z,56079,47170,96010
2026-09-18T05:47:55.252Z,15921,4359000,6058000
2026-09-18T05:47:55.252Z,41236,29700000,39960000
2026-09-18T05:47:55.252Z,21084,10000,58800
2026-09-18T05:47:55.252Z,21212,16830,498400
2026-09-18T05:47:55.252Z,13283,21850,33760
2026-09-18T05:47:55.252Z,15597,4690,4691
2026-09-18T05:47:55.252Z,16182,1437,47840
2026-09-18T05:47:55.252Z,15770,38380000,41140000
2026-09-18T05:47:55.252Z,33529,2257000000,2892000000
2026-09-18T05:47:55.252Z,48420,38360,49980
2026-09-18T05:47:55.252Z,47825,65750,102000
2026-09-18T05:47:55.252Z,34264,2393000,2712000
2026-09-18T05:47:55.252Z,48432,69530,135000
2026-09-18T05:47:55.252Z,20038,11.81,823.5
2026-09-18T05:47:55.252Z,20410,94040,99690
2026-09-18T05:47:55.252Z,394,161800,183700
2026-09-18T05:47:55.252Z,30252,9301,10500
2026-09-18T05:47:55.252Z,31872,1140000,1210000
2026-09-18T05:47:55.252Z,15963,201600000,229000000
2026-09-18T05:47:55.252Z,21019,10810000,11720000
2026-09-18T05:47:55.252Z,31127,21330000,54740000
2026-09-18T05:47:55.252Z,57738,1100000,1600000
2026-09-18T05:47:55.252Z,18803,2701000,3997000
2026-09-18T05:47:55.252Z,47886,600.9,789.4
2026-09-18T05:47:55.252Z,11370,1812000,1977000
2026-09-18T05:47:55.252Z,18708,198300000,218800000
2026-09-18T05:47:55.252Z,45592,36800000,39620000
2026-09-18T05:47:55.252Z,37296,158000000,191000000
2026-09-18T05:47:55.252Z,3025,1711000,1886000
2026-09-18T05:47:55.252Z,62552,2024,2100
2026-09-18T05:47:55.252Z,40350,590600,54880000
2026-09-18T05:47:55.252Z,41299,2533,4497
2026-09-18T05:47:55.252Z,19219,6384000,6778000
2026-09-18T05:47:55.252Z,19131,20020000,21750000
2026-09-18T05:47:55.252Z,30552,4251000,6400000
2026-09-18T05:47:55.252Z,60467,923200,1284000
2026-09-18T05:47:55.252Z,29622,8651,14000
2026-09-18T05:47:55.252Z,7171,552000,560000
2026-09-18T05:47:55.252Z,27429,1400,1555
2026-09-18T05:47:55.252Z,11556,32010,36040
2026-09-18T05:47:55.252Z,4395,231500,259500
2026-09-18T05:47:55.252Z,42840,440.5,468.8
2026-09-18T05:47:55.252Z,47148,6118000,18120000
2026-09-18T05:47:55.252Z,48582,57510000,61880000
2026-09-18T05:47:55.252Z,15935,1501000,3300000
2026-09-18T05:47:55.252Z,2321,13460,15950
2026-09-18T05:47:55.252Z,7705,30000,30010
2026-09-18T05:47:55.252Z,5363,5792,7100
2026-09-18T05:47:55.252Z,44,13490,13990
2026-09-18T05:47:55.252Z,60762,189900000,338000000
2026-09-18T05:47:55.252Z,17234,15020,48000
2026-09-18T05:47:55.252Z,33900,46370000,48100000
2026-09-18T05:47:55.252Z,12791,140,160.9
2026-09-18T05:47:55.252Z,19013,15640000,20970000
2026-09-18T05:47:55.252Z,12771,99.17,147.3
2026-09-18T05:47:55.252Z,11172,14690000,15000000
2026-09-18T05:47:55.252Z,25600,40910,40940
2026-09-18T05:47:55.252Z,60464,9950000,10040000
2026-09-18T05:47:55.252Z,15695,142.2,800000
2026-09-18T05:47:55.252Z,31594,19180000,21390000
2026-09-18T05:47:55.252Z,72811,110100000,116300000
2026-09-18T05:47:55.252Z,94131,11000,64940
2026-09-18T05:47:55.252Z,23142,40850,400800
2026-09-18T05:47:55.252Z,28276,3608000,3880000
2026-09-18T05:47:55.252Z,31788,207800,237300
2026-09-18T05:47:55.252Z,60349,,9200000
2026-09-18T05:47:55.252Z,2310,1.05,1.93
2026-09-18T05:47:55.252Z,187,6,15.99
2026-09-18T05:47:55.252Z,7287,151000,175000
2026-09-18T05:47:55.252Z,19208,228500000,246400000
2026-09-18T05:47:55.252Z,42768,451200,2000000
2026-09-18T05:47:55.252Z,26374,47120000,54020000
2026-09-18T05:47:55.252Z,26436,7048000,7684000
2026-09-18T05:47:55.252Z,28434,233000,239800
2026-09-18T05:47:55.252Z,90315,130500000,145000000
2026-09-18T05:47:55.252Z,31226,11120,140000
2026-09-18T05:47:55.252Z,84422,3525000,9720000
2026-09-18T05:47:55.252Z,5301,8880,18490
2026-09-18T05:47:55.252Z,14043,5515000,6194000
2026-09-18T05:47:55.252Z,84406,698.3,19900
2026-09-18T05:47:55.252Z,14154,4074000,4494000
2026-09-18T05:47:55.252Z,42205,46600000,50740000
2026-09-18T05:47:55.252Z,16679,641.6,698.9
2026-09-18T05:47:55.252Z,8759,757300,2987000
2026-09-18T05:47:55.252Z,42905,302200,4999000
2026-09-18T05:47:55.252Z,266,3.56,5.37
2026-09-18T05:47:55.252Z,30268,8162,8186
2026-09-18T05:47:55.252Z,37625,56290000,64790000
2026-09-18T05:47:55.252Z,21729,387.7,2887
2026-09-18T05:47:55.252Z,33826,25580000,31010000
2026-09-18T05:47:55.252Z,2454,3540,4265
2026-09-18T05:47:55.252Z,53704,121100000,126500000
2026-09-18T05:47:55.252Z,608,81020,440000
2026-09-18T05:47:55.252Z,9377,440300,528200
2026-09-18T05:47:55.252Z,16670,76.05,82.98
2026-09-18T05:47:55.252Z,19179,146100000,154700000
2026-09-18T05:47:55.252Z,17203,132100,649700
2026-09-18T05:47:55.252Z,71755,442,591.6
2026-09-18T05:47:55.252Z,85654,513100000,687900000
2026-09-18T05:47:55.252Z,31071,14400000,17080000
2026-09-18T05:47:55.252Z,84689,3595000,8500000
2026-09-18T05:47:55.252Z,57736,1453000,10060000
2026-09-18T05:47:55.252Z,5839,1567000,1692000
2026-09-18T05:47:55.252Z,377,3960,9940
2026-09-18T05:47:55.252Z,60243,168300,888800
2026-09-18T05:47:55.252Z,37844,11340,12520
2026-09-18T05:47:55.252Z,30019,882,995
2026-09-18T05:47:55.252Z,25590,78660,82000
2026-09-18T05:47:55.252Z,18855,,8691000
2026-09-18T05:47:55.252Z,47906,7450000,8399000
2026-09-18T05:47:55.252Z,57156,55790000,108500000
2026-09-18T05:47:55.252Z,14098,247200,511700
2026-09-18T05:47:55.252Z,6865,30050,244600
2026-09-18T05:47:55.252Z,30474,46350,181300
2026-09-18T05:47:55.252Z,13785,47240000,65400000
2026-09-18T05:47:55.252Z,32342,14480000,17550000
2026-09-18T05:47:55.252Z,47926,901.9,998.2
2026-09-18T05:47:55.252Z,83318,,154000
2026-09-18T05:47:55.252Z,23707,4297,6680
2026-09-18T05:47:55.252Z,34274,1901000,2900000
2026-09-18T05:47:55.252Z,21725,2011000,2788000
2026-09-18T05:47:55.252Z,47133,14090000,29760000
2026-09-18T05:47:55.252Z,46872,751200,7795000
2026-09-18T05:47:55.252Z,14228,6104000,12810000
2026-09-18T05:47:55.252Z,10688,4240,8190
2026-09-18T05:47:55.252Z,47787,4006000,4699000
2026-09-18T05:47:55.252Z,47875,93550000,115500000
2026-09-18T05:47:55.252Z,19115,47080000,59990000
2026-09-18T05:47:55.252Z,92038,1175000,2150000
2026-09-18T05:47:55.252Z,92469,1800000,2002000
2026-09-18T05:47:55.252Z,81951,874200000,1000000000
2026-09-18T05:47:55.252Z,82496,53420000,128000000
2026-09-18T05:47:55.252Z,15768,94810000,105700000
2026-09-18T05:47:55.252Z,2254,52110,93990
2026-09-18T05:47:55.252Z,57466,348200,457700
2026-09-18T05:47:55.252Z,27519,889,1388
2026-09-18T05:47:55.252Z,18883,789100000,865000000
2026-09-18T05:47:55.252Z,95293,12250000,58200000
2026-09-18T05:47:55.252Z,47741,12790000,14180000
2026-09-18T05:47:55.252Z,22919,14340000,38400000
2026-09-18T05:47:55.252Z,47929,624.2,798.8
2026-09-18T05:47:55.252Z,3293,10000,35660
2026-09-18T05:47:55.252Z,91138,1833000,4069000
2026-09-18T05:47:55.252Z,23896,75780000,106600000
2026-09-18T05:47:55.252Z,16681,3683,3808
2026-09-18T05:47:55.252Z,92589,60000,73990
2026-09-18T05:47:55.252Z,9832,10950,11100
2026-09-18T05:47:55.252Z,52252,640800000,699000000
2026-09-18T05:47:55.252Z,31392,38100,54150000
2026-09-18T05:47:55.252Z,20847,2701000,3118000
2026-09-18T05:47:55.252Z,7169,435200,524900
2026-09-18T05:47:55.252Z,15813,35910000,45460000
2026-09-18T05:47:55.252Z,3561,354700000,433200000
2026-09-18T05:47:55.252Z,92035,6064000,7047000
2026-09-18T05:47:55.252Z,645,139200000,154600000
2026-09-18T05:47:55.252Z,31792,27860000,31760000
2026-09-18T05:47:55.252Z,56075,222700,509700
2026-09-18T05:47:55.252Z,28695,40510,55980
2026-09-18T05:47:55.252Z,19287,2721000,2981000
2026-09-18T05:47:55.252Z,19359,142300000,154500000
2026-09-18T05:47:55.252Z,34207,3550000,3725000
2026-09-18T05:47:55.252Z,47925,364.3,390.7
2026-09-18T05:47:55.252Z,47905,1681000,1891000
2026-09-18T05:47:55.252Z,16062,63030000,66670000
2026-09-18T05:47:55.252Z,20159,192500000,204900000
2026-09-18T05:47:55.252Z,22109,66870000,73900000
2026-09-18T05:47:55.252Z,22112,221100000,233800000
2026-09-18T05:47:55.252Z,34284,967900,1200000
2026-09-18T05:47:55.252Z,31390,3031000,5044000
2026-09-18T05:47:55.252Z,13284,412700,412800
2026-09-18T05:47:55.252Z,15868,223500,1222000
2026-09-18T05:47:55.252Z,7703,58820,111900
2026-09-18T05:47:55.252Z,3209,82620000,118200000
2026-09-18T05:47:55.252Z,37623,50560000,86410000
2026-09-18T05:47:55.252Z,7131,448000,330000
2026-09-18T05:47:55.252Z,2346,79050,87200
2026-09-18T05:47:55.252Z,25887,90100,97150
2026-09-18T05:47:55.252Z,89947,80000,199700
2026-09-18T05:47:55.252Z,11467,80.11,592.8
2026-09-18T05:47:55.252Z,42830,302.8,347.9
2026-09-18T05:47:55.252Z,13262,428100,849700
2026-09-18T05:47:55.252Z,52254,407400000,471300000
2026-09-18T05:47:55.252Z,27349,155.1,476.9
2026-09-18T05:47:55.252Z,19285,1800000,2445000
2026-09-18T05:47:55.252Z,14063,2112000,2499000
2026-09-18T05:47:55.252Z,90496,170.6,23980
2026-09-18T05:47:55.252Z,19023,75100000,82600000
2026-09-18T05:47:55.252Z,47819,5208000,7871000
2026-09-18T05:47:55.252Z,30306,10920,11170
2026-09-18T05:47:55.252Z,35657,141800,149000
2026-09-18T05:47:55.252Z,30013,4315,7996
2026-09-18T05:47:55.252Z,23143,51740,88720
2026-09-18T05:47:55.252Z,16637,1098,1263
2026-09-18T05:47:55.252Z,41196,52510000,59700000
2026-09-18T05:47:55.252Z,54750,770000000,828400000
2026-09-18T05:47:55.252Z,5533,42680,67110
2026-09-18T05:47:55.252Z,30304,7969,8279
2026-09-18T05:47:55.252Z,92034,5163000,6449000
2026-09-18T05:47:55.252Z,92037,527600,2950000
2026-09-18T05:47:55.252Z,92033,6358000,7400000
2026-09-18T05:47:55.252Z,92036,906400,1687000
2026-09-18T05:47:55.252Z,92040,1820000,2279000
2026-09-18T05:47:55.252Z,92041,1127000,2196000
2026-09-18T05:47:55.252Z,92465,1015000,1384000
2026-09-18T05:47:55.252Z,34412,22070000,29840000
2026-09-18T05:47:55.252Z,227,26.92,52.98
2026-09-18T05:47:55.252Z,47895,16040000,16980000
2026-09-18T05:47:55.252Z,90419,110900000,243300000
2026-09-18T05:47:55.252Z,20503,280700000,300000000
2026-09-18T05:47:55.252Z,24490,78.23,91.97
2026-09-18T05:47:55.252Z,4112,20510000,74100000
2026-09-18T05:47:55.252Z,26296,76050000,83520000
2026-09-18T05:47:55.252Z,18698,386400000,421700000
2026-09-18T05:47:55.252Z,47146,4501000,11740000
2026-09-18T05:47:55.252Z,54398,99700000,139500000
2026-09-18T05:47:55.252Z,92458,132000000,140700000
2026-09-18T05:47:55.252Z,28576,503000,567300
2026-09-18T05:47:55.252Z,80907,21000000,27480000
2026-09-18T05:47:55.252Z,262,120100,126000
2026-09-18T05:47:55.252Z,3756,42140000,45700000
2026-09-18T05:47:55.252Z,88719,312200000,449900000
2026-09-18T05:47:55.252Z,36909,19560000,22220000
2026-09-18T05:47:55.252Z,24523,1565,1618
2026-09-18T05:47:55.252Z,12529,27380000,32590000
2026-09-18T05:47:55.252Z,30271,8300,9693
2026-09-18T05:47:55.252Z,18983,28040000,32160000
2026-09-18T05:47:55.252Z,26028,2653000,6274000
2026-09-18T05:47:55.252Z,211,8.27,11.4
2026-09-18T05:47:55.252Z,16641,6083,6283
2026-09-18T05:47:55.252Z,32874,850000,931200
2026-09-18T05:47:55.252Z,228,15.01,59.37
2026-09-18T05:47:55.252Z,47927,801.8,926.9
2026-09-18T05:47:55.252Z,30754,5105000,5998000
2026-09-18T05:47:55.252Z,47792,1709000,2350000
2026-09-18T05:47:55.252Z,19265,59330000,68020000
2026-09-18T05:47:55.252Z,90733,342.3,379.2
2026-09-18T05:47:55.252Z,12779,310.1,341
2026-09-18T05:47:55.252Z,16008,15100000,16180000
2026-09-18T05:47:55.252Z,15510,29710,34450
2026-09-18T05:47:55.252Z,11476,315,315.1
2026-09-18T05:47:55.252Z,33820,875000000,900000000
2026-09-18T05:47:55.252Z,5755,186100,218600
2026-09-18T05:47:55.252Z,10876,45400,55230
2026-09-18T05:47:55.252Z,7085,312900,319000
2026-09-18T05:47:55.252Z,7125,466000,431100
2026-09-18T05:47:55.252Z,1201,58050,79000
2026-09-18T05:47:55.252Z,14286,745000,832300
2026-09-18T05:47:55.252Z,224,13.09,19.14
2026-09-18T05:47:55.252Z,35923,72890000,119200000
2026-09-18T05:47:55.252Z,6999,39010,60000
2026-09-18T05:47:55.252Z,13209,41130000,47950000
2026-09-18T05:47:55.252Z,9493,437300,528300
2026-09-18T05:47:55.252Z,10888,143800,158700
2026-09-18T05:47:55.252Z,10880,45400,53700
2026-09-18T05:47:55.252Z,5849,66050,75920
2026-09-18T05:47:55.252Z,4613,18020,46030
2026-09-18T05:47:55.252Z,4027,43100,56840
2026-09-18T05:47:55.252Z,55540,1058,99930
2026-09-18T05:47:55.252Z,11371,17660000,18470000
2026-09-18T05:47:55.252Z,37459,11740000,15980000
2026-09-18T05:47:55.252Z,86264,50340000,68190000
2026-09-18T05:47:55.252Z,94127,20000,20010
2026-09-18T05:47:55.252Z,33577,460300,467600
2026-09-18T05:47:55.252Z,25603,3248,3576
2026-09-18T05:47:55.252Z,14152,4501000,5780000
2026-09-18T05:47:55.252Z,3779,840.5,875
2026-09-18T05:47:55.252Z,53152,301600,946700
2026-09-18T05:47:55.252Z,12110,35010,40000
2026-09-18T05:47:55.252Z,17728,374400000,400200000
2026-09-18T05:47:55.252Z,49933,,717800000
2026-09-18T05:47:55.252Z,2637,368.2,473.3
2026-09-18T05:47:55.252Z,236,58,78.96
2026-09-18T05:47:55.252Z,87506,47770000,110000000
2026-09-18T05:47:55.252Z,3598,648000,736800
2026-09-18T05:47:55.252Z,2876,1985000,2094000
2026-09-18T05:47:55.252Z,49732,2750000,3065000
2026-09-18T05:47:55.252Z,47841,20140000,48170000
2026-09-18T05:47:55.252Z,53906,10000000,176900000
2026-09-18T05:47:55.252Z,24497,47.02,60.87
2026-09-18T05:47:55.252Z,41197,55010000,72540000
2026-09-18T05:47:55.252Z,11218,10000,1200000
2026-09-18T05:47:55.252Z,45622,30620000,34730000
2026-09-18T05:47:55.252Z,56073,71140,163700
2026-09-18T05:47:55.252Z,19293,175900000,193600000
2026-09-18T05:47:55.252Z,40570,21040000,25990000
2026-09-18T05:47:55.252Z,96331,13510000,27970000
2026-09-18T05:47:55.252Z,60470,1600000,1947000
2026-09-18T05:47:55.252Z,12542,6147000,6897000
2026-09-18T05:47:55.252Z,13992,8318000,11320000
2026-09-18T05:47:55.252Z,1828,335,355
2026-09-18T05:47:55.252Z,42838,167.4,475.8
2026-09-18T05:47:55.252Z,88533,,49890000
2026-09-18T05:47:55.252Z,28999,3002,16850
2026-09-18T05:47:55.252Z,47007,163700,1700000
2026-09-18T05:47:55.252Z,13990,2000000,7827000
2026-09-18T05:47:55.252Z,17217,18200000,20330000
2026-09-18T05:47:55.252Z,37254,976300000,1410000000
2026-09-18T05:47:55.252Z,2868,2204000,2339000
2026-09-18T05:47:55.252Z,12487,685400,995000
2026-09-18T05:47:55.252Z,29053,457700,534900
2026-09-18T05:47:55.252Z,92462,1381000,3438000
2026-09-18T05:47:55.252Z,31628,17820000,18220000
2026-09-18T05:47:55.252Z,37545,5200,5938
2026-09-18T05:47:55.252Z,13878,9000000,13990000
2026-09-18T05:47:55.252Z,41237,39230000,59100000
2026-09-18T05:47:55.252Z,3504,1364000,1512000
2026-09-18T05:47:55.252Z,19255,60100000,76000000
2026-09-18T05:47:55.252Z,46851,155800,3000000
2026-09-18T05:47:55.252Z,14001,10060000,11800000
2026-09-18T05:47:55.252Z,92456,132000000,167900000
2026-09-18T05:47:55.252Z,3095,549000000,593200000
2026-09-18T05:47:55.252Z,34205,305100,324000
2026-09-18T05:47:55.252Z,41469,5595000,52270000
2026-09-18T05:47:55.252Z,11693,17600,19670
2026-09-18T05:47:55.252Z,92463,3024000,3272000
2026-09-18T05:47:55.252Z,83309,10000,137400
2026-09-18T05:47:55.252Z,33904,230200000,245000000
2026-09-18T05:47:55.252Z,47816,437400,712800
2026-09-18T05:47:55.252Z,85392,10400,103900
2026-09-18T05:47:55.252Z,85394,11230,15510
2026-09-18T05:47:55.252Z,31957,36080000,63980000
2026-09-18T05:47:55.252Z,85752,545400,9898000
2026-09-18T05:47:55.252Z,3691,8504,9000
2026-09-18T05:47:55.252Z,14295,3499000,3599000
2026-09-18T05:47:55.252Z,27070,1201,645800
2026-09-18T05:47:55.252Z,23175,113600,194100
2026-09-18T05:47:55.252Z,1319,275700,303200
2026-09-18T05:47:55.252Z,55605,100,88840
2026-09-18T05:47:55.252Z,93963,8750000,14000000
2026-09-18T05:47:55.252Z,26380,4843000,7777000
2026-09-18T05:47:55.252Z,48113,37560000,41350000
2026-09-18T05:47:55.252Z,18889,83600000,101000000
2026-09-18T05:47:55.252Z,92467,330700,420000
2026-09-18T05:47:55.252Z,15917,13630000,18490000
2026-09-18T05:47:55.252Z,20351,1654000,1815000
2026-09-18T05:47:55.252Z,56133,70000,50280
2026-09-18T05:47:55.252Z,92464,315000,410000
2026-09-18T05:47:55.252Z,31714,47230000,68920000
2026-09-18T05:47:55.252Z,47545,25310,1439000
2026-09-18T05:47:55.252Z,19221,4891000,5650000
2026-09-18T05:47:55.252Z,2032,463200,519300
2026-09-18T05:47:55.252Z,14047,9920000,12910000
2026-09-18T05:47:55.252Z,15931,116000000,123300000
2026-09-18T05:47:55.252Z,3114,1144000,2479000
2026-09-18T05:47:55.252Z,83282,10000,410500
2026-09-18T05:47:55.252Z,45557,2100000,4973000
2026-09-18T05:47:55.252Z,2977,622900,658000
2026-09-18T05:47:55.252Z,14041,11030000,11900000
2026-09-18T05:47:55.252Z,19814,736,5000
2026-09-18T05:47:55.252Z,24427,795200,977500
2026-09-18T05:47:55.252Z,42211,129300000,148400000
2026-09-18T05:47:55.252Z,24521,1296,1406
2026-09-18T05:47:55.252Z,9457,50000,72000
2026-09-18T05:47:55.252Z,27117,500,727100
2026-09-18T05:47:55.252Z,25948,3868000,4152000
2026-09-18T05:47:55.252Z,81016,7920000,12090000
2026-09-18T05:47:55.252Z,85145,135000,599300
2026-09-18T05:47:55.252Z,45616,30850000,32980000
2026-09-18T05:47:55.252Z,30259,17450,22670
2026-09-18T05:47:55.252Z,27187,23340000,26990000
2026-09-18T05:47:55.252Z,30375,10700,10920
2026-09-18T05:47:55.252Z,30372,8178,8788
2026-09-18T05:47:55.252Z,30373,7031,7347
2026-09-18T05:47:55.252Z,11182,15340000,16640000
2026-09-18T05:47:55.252Z,16659,821.5,949.7
2026-09-18T05:47:55.252Z,28680,2053000,2200000
2026-09-18T05:47:55.252Z,31790,1162000,1194000
2026-09-18T05:47:55.252Z,43552,1670000,1876000
2026-09-18T05:47:55.252Z,56081,73460,249900
2026-09-18T05:47:55.252Z,5631,2523,13000
2026-09-18T05:47:55.252Z,57015,3006000,4822000
2026-09-18T05:47:55.252Z,31055,1324000,1403000
2026-09-18T05:47:55.252Z,45626,32920000,35910000
2026-09-18T05:47:55.252Z,23041,916.7,1036
2026-09-18T05:47:55.252Z,29043,50200,914700
2026-09-18T05:47:55.252Z,48115,81210000,86460000
2026-09-18T05:47:55.252Z,47899,9250000,11430000
2026-09-18T05:47:55.252Z,2506,375,398.9
2026-09-18T05:47:55.252Z,13956,86370000,119200000
2026-09-18T05:47:55.252Z,5221,923.5,11800
2026-09-18T05:47:55.252Z,48380,28000000,130900000
2026-09-18T05:47:55.252Z,627,9215000,11390000
2026-09-18T05:47:55.252Z,3725,9866,10790
2026-09-18T05:47:55.252Z,31812,15330000,16320000
2026-09-18T05:47:55.252Z,42782,500300,7497000
2026-09-18T05:47:55.252Z,20138,82040,82050
2026-09-18T05:47:55.252Z,32881,2000000,5148000
2026-09-18T05:47:55.252Z,2456,291100,311500
2026-09-18T05:47:55.252Z,75279,261.4,329
2026-09-18T05:47:55.252Z,72903,6865000,7997000
2026-09-18T05:47:55.252Z,56080,184500,279800
2026-09-18T05:47:55.252Z,24690,145500000,153500000
2026-09-18T05:47:55.252Z,5445,23100,26920
2026-09-18T05:47:55.252Z,19009,48600000,54900000
2026-09-18T05:47:55.252Z,47803,890500,1343000
2026-09-18T05:47:55.252Z,15656,90580,113800
2026-09-18T05:47:55.252Z,2870,1087000,1114000
2026-09-18T05:47:55.252Z,28750,136100000,156800000
2026-09-18T05:47:55.252Z,35794,11480,19110
2026-09-18T05:47:55.252Z,47814,4801000,7967000
2026-09-18T05:47:55.252Z,47772,1582000,1882000
2026-09-18T05:47:55.252Z,84423,2362000,4381000
2026-09-18T05:47:55.252Z,90459,879200,1088000
2026-09-18T05:47:55.252Z,49724,1879000,2027000
2026-09-18T05:47:55.252Z,47815,329900,985700
2026-09-18T05:47:55.252Z,33470,254800000,279800000
2026-09-18T05:47:55.252Z,92387,1002000,3170000
2026-09-18T05:47:55.252Z,45613,32490000,35950000
2026-09-18T05:47:55.252Z,17270,1101000,1997000
2026-09-18T05:47:55.252Z,34430,534500,3985000
2026-09-18T05:47:55.252Z,74149,1002000,14980000
2026-09-18T05:47:55.252Z,30248,4599,4778
2026-09-18T05:47:55.252Z,85496,5002000,9970000
2026-09-18T05:47:55.252Z,84402,700.3,1886
2026-09-18T05:47:55.252Z,3140,516900000,609000000
2026-09-18T05:47:55.252Z,14202,8104000,10810000
2026-09-18T05:47:55.252Z,3475,548100000,617200000
2026-09-18T05:47:55.252Z,13951,9363000,9989000
2026-09-18T05:47:55.252Z,9415,100000,145500
2026-09-18T05:47:55.252Z,34201,365200,390900
2026-09-18T05:47:55.252Z,85668,270500000,332800000
2026-09-18T05:47:55.252Z,28646,6288000,6840000
2026-09-18T05:47:55.252Z,92965,252500000,349900000
2026-09-18T05:47:55.252Z,20415,85840,94660
2026-09-18T05:47:55.252Z,3586,3110,22670
2026-09-18T05:47:55.252Z,62377,86720,92500
2026-09-18T05:47:55.252Z,22446,265500000,285400000
2026-09-18T05:47:55.252Z,19057,46350000,59700000
2026-09-18T05:47:55.252Z,29059,452400,1631000
2026-09-18T05:47:55.252Z,2929,3667000,4081000
2026-09-18T05:47:55.252Z,41275,5186,8913
2026-09-18T05:47:55.252Z,21079,600.2,16800
2026-09-18T05:47:55.252Z,42766,122800,3598000
2026-09-18T05:47:55.252Z,11198,16880000,17240000
2026-09-18T05:47:55.252Z,655,2228000,2596000
2026-09-18T05:47:55.252Z,41491,47750000,57690000
2026-09-18T05:47:55.252Z,40659,37320000,42420000
2026-09-18T05:47:55.252Z,8517,4616000,5186000
2026-09-18T05:47:55.252Z,19351,190100000,277000000
2026-09-18T05:47:55.252Z,16655,3231,4130
2026-09-18T05:47:55.252Z,90609,8043000,9530000
2026-09-18T05:47:55.252Z,56605,3505000,19990000
2026-09-18T05:47:55.252Z,56748,90040,115100
2026-09-18T05:47:55.252Z,83233,20000,241000
2026-09-18T05:47:55.252Z,92381,808600,1249000
2026-09-18T05:47:55.252Z,48114,35250000,37890000
2026-09-18T05:47:55.252Z,18957,13580000,35000000
2026-09-18T05:47:55.252Z,17478,36130000,41250000
2026-09-18T05:47:55.252Z,2400,432.2,444.9
2026-09-18T05:47:55.252Z,4347,1187000000,1338000000
2026-09-18T05:47:55.252Z,18915,122200000,129300000
2026-09-18T05:47:55.252Z,18961,68070000,88200000
2026-09-18T05:47:55.252Z,8531,23010,39950
2026-09-18T05:47:55.252Z,91019,15880,60000
2026-09-18T05:47:55.252Z,57478,45560,47340
2026-09-18T05:47:55.252Z,90604,40000,18040000
2026-09-18T05:47:55.252Z,60462,300200,399400
2026-09-18T05:47:55.252Z,60461,633900,896800
2026-09-18T05:47:55.252Z,8529,46060,54960
2026-09-18T05:47:55.252Z,44170,206100,1419000
2026-09-18T05:47:55.252Z,16423,55230,55240
2026-09-18T05:47:55.252Z,12836,74040,79730
2026-09-18T05:47:55.252Z,83306,10000,180000
2026-09-18T05:47:55.252Z,31654,284400000,338500000
2026-09-18T05:47:55.252Z,42749,36050,1000000
2026-09-18T05:47:55.252Z,27167,13440000,21550000
2026-09-18T05:47:55.252Z,78782,200100,2616000
2026-09-18T05:47:55.252Z,184,12.04,24.95
2026-09-18T05:47:55.252Z,31207,827000,1044000
2026-09-18T05:47:55.252Z,29988,209000000,224100000
2026-09-18T05:47:55.252Z,35683,65300000,69330000
2026-09-18T05:47:55.252Z,48721,11000000,63000000
2026-09-18T05:47:55.252Z,56131,95560,99490
2026-09-18T05:47:55.252Z,53857,116100000,184700000
2026-09-18T05:47:55.252Z,12801,92.02,113.7
2026-09-18T05:47:55.252Z,15965,79010000,85790000
2026-09-18T05:47:55.252Z,16231,50430000,55660000
2026-09-18T05:47:55.252Z,89607,1069000000,1949000000
2026-09-18T05:47:55.252Z,28665,901700000,943900000
2026-09-18T05:47:55.252Z,22430,709500000,730000000
2026-09-18T05:47:55.252Z,18973,57180000,70000000
2026-09-18T05:47:55.252Z,47892,23450,35340
2026-09-18T05:47:55.252Z,8089,13530,16790
2026-09-18T05:47:55.252Z,30370,4425,4555
2026-09-18T05:47:55.252Z,56701,4089000,8000000
2026-09-18T05:47:55.252Z,27245,112400000,119000000
2026-09-18T05:47:55.252Z,21571,640600,1000000
2026-09-18T05:47:55.252Z,17218,3669,6948
2026-09-18T05:47:55.252Z,91976,14340000,20000000
2026-09-18T05:47:55.252Z,47147,5063000,7000000
2026-09-18T05:47:55.252Z,40520,700000000,739700000
2026-09-18T05:47:55.252Z,16003,80320000,118600000
2026-09-18T05:47:55.252Z,3683,435.6,436.9
2026-09-18T05:47:55.252Z,33393,375000000,401000000
2026-09-18T05:47:55.252Z,30022,30890,38860
2026-09-18T05:47:55.252Z,185,21.65,27.68
2026-09-18T05:47:55.252Z,31376,3166000,3493000
2026-09-18T05:47:55.252Z,33076,10970,17900
2026-09-18T05:47:55.252Z,20022,1202,14980
2026-09-18T05:47:55.252Z,26420,63130000,75990000
2026-09-18T05:47:55.252Z,24525,1303,1447
2026-09-18T05:47:55.252Z,90482,5000,5001
2026-09-18T05:47:55.252Z,26310,49960000,56900000
2026-09-18T05:47:55.252Z,31222,350000,2170000
2026-09-18T05:47:55.252Z,18873,74360000,82540000
2026-09-18T05:47:55.252Z,91960,10470000,17950000
2026-09-18T05:47:55.252Z,28795,580200000,785000000
2026-09-18T05:47:55.252Z,21931,421,496.9
2026-09-18T05:47:55.252Z,1826,185.1,204
2026-09-18T05:47:55.252Z,267,200,210
2026-09-18T05:47:55.252Z,1830,156,174.4
2026-09-18T05:47:55.252Z,233,35,45
2026-09-18T05:47:55.252Z,49729,20320000,23520000
2026-09-18T05:47:55.252Z,7173,330200,525900
2026-09-18T05:47:55.252Z,13986,2002000,2623000
2026-09-18T05:47:55.252Z,27188,24020000,28020000
2026-09-18T05:47:55.252Z,33561,167200000,184900000
2026-09-18T05:47:55.252Z,17212,10240000,12900000
2026-09-18T05:47:55.252Z,7167,515900,526600
2026-09-18T05:47:55.252Z,57476,108300,97810000
2026-09-18T05:47:55.252Z,10884,139700,154600
2026-09-18T05:47:55.252Z,23797,6243000,12990000
2026-09-18T05:47:55.252Z,60675,82000,5678000
2026-09-18T05:47:55.252Z,19035,87610000,177700000
2026-09-18T05:47:55.252Z,3828,9809,10450
2026-09-18T05:47:55.252Z,9327,364600,750300
2026-09-18T05:47:55.252Z,47932,600.4,877.6
2026-09-18T05:47:55.252Z,18688,132100000,143300000
2026-09-18T05:47:55.252Z,31890,1550000,1631000
2026-09-18T05:47:55.252Z,31822,,4697000
2026-09-18T05:47:55.252Z,19119,49610000,54290000
2026-09-18T05:47:55.252Z,62405,54590,58860
2026-09-18T05:47:55.252Z,35790,1080000,1179000
2026-09-18T05:47:55.252Z,8297,1021,21490
2026-09-18T05:47:55.252Z,48436,270900,897800
2026-09-18T05:47:55.252Z,54294,3500,5099
2026-09-18T05:47:55.252Z,91627,136100000,194800000
2026-09-18T05:47:55.252Z,2281,1615000,1824000
2026-09-18T05:47:55.252Z,32006,97170,103800
2026-09-18T05:47:55.252Z,9568,5501,13980
2026-09-18T05:47:55.252Z,1855,672500,912900
2026-09-18T05:47:55.252Z,62591,29000000,31100000
2026-09-18T05:47:55.252Z,4294,93330000,103000000
2026-09-18T05:47:55.252Z,41056,725400,748900
2026-09-18T05:47:55.252Z,14122,15260000,19400000
2026-09-18T05:47:55.252Z,17244,425000,547600
2026-09-18T05:47:55.252Z,19361,,12640000
2026-09-18T05:47:55.252Z,42202,30190000,37770000
2026-09-18T05:47:55.252Z,40349,40530000,51620000
2026-09-18T05:47:55.252Z,33178,70530,91450
2026-09-18T05:47:55.252Z,62517,11.36,12.47
2026-09-18T05:47:55.252Z,54403,304200000,445800000
2026-09-18T05:47:55.252Z,20627,2847000,7434000
2026-09-18T05:47:55.252Z,27333,549.6,614.9
2026-09-18T05:47:55.252Z,3693,12090,12370
2026-09-18T05:47:55.252Z,34203,678600,730000
2026-09-18T05:47:55.252Z,622,10230000,11210000
2026-09-18T05:47:55.252Z,33472,853700000,880000000
2026-09-18T05:47:55.252Z,25610,2402000,2436000
2026-09-18T05:47:55.252Z,26026,6232000,7078000
2026-09-18T05:47:55.252Z,53710,242200000,259100000
2026-09-18T05:47:55.252Z,28754,171100000,182400000
2026-09-18T05:47:55.252Z,6173,1090,11980
2026-09-18T05:47:55.252Z,23163,20.3,34
2026-09-18T05:47:55.252Z,16646,3041,3289
2026-09-18T05:47:55.252Z,4248,5739000,7660000
2026-09-18T05:47:55.252Z,5443,44360,68610
2026-09-18T05:47:55.252Z,895,26190,1390000
2026-09-18T05:47:55.252Z,42527,299300,498900
2026-09-18T05:47:55.252Z,34111,990300,9894000
2026-09-18T05:47:55.252Z,20160,337000000,386600000
2026-09-18T05:47:55.252Z,47742,2311000,2592000
2026-09-18T05:47:55.252Z,85516,650000000,850000000
2026-09-18T05:47:55.252Z,14256,34620000,37300000
2026-09-18T05:47:55.252Z,49723,964800,1392000
2026-09-18T05:47:55.252Z,17463,19.17,20.39
2026-09-18T05:47:55.252Z,17841,7116000,8000000
2026-09-18T05:47:55.252Z,14108,44390000,49470000
2026-09-18T05:47:55.252Z,43900,400400,39550000
2026-09-18T05:47:55.252Z,86263,55420000,68940000
2026-09-18T05:47:55.252Z,47818,85250000,102000000
2026-09-18T05:47:55.252Z,90472,600.3,749800
2026-09-18T05:47:55.252Z,47788,286000,429900
2026-09-18T05:47:55.252Z,47893,180000,180100
2026-09-18T05:47:55.252Z,90485,2615,300000
2026-09-18T05:47:55.252Z,11309,146000,168900
2026-09-18T05:47:55.252Z,62454,875.2,1128
2026-09-18T05:47:55.252Z,85395,329300,398200
2026-09-18T05:47:55.252Z,2801,1340,1447
2026-09-18T05:47:55.252Z,45624,30270000,35460000
2026-09-18T05:47:55.252Z,27401,952.3,1038
2026-09-18T05:47:55.252Z,21370,3169,4410
2026-09-18T05:47:55.252Z,21896,666.1,763.1
2026-09-18T05:47:55.252Z,27339,2011,2207
2026-09-18T05:47:55.252Z,20443,190400000,258000000
2026-09-18T05:47:55.252Z,24499,62.01,67.98
2026-09-18T05:47:55.252Z,32774,12860,19900
2026-09-18T05:47:55.252Z,2571,1056000,1306000
2026-09-18T05:47:55.252Z,17740,764200000,893900000
2026-09-18T05:47:55.252Z,12267,2337000,2570000
2026-09-18T05:47:55.252Z,24698,43130000,46800000
2026-09-18T05:47:55.252Z,54400,186300000,210000000
2026-09-18T05:47:55.252Z,5282,5000,7398
2026-09-18T05:47:55.252Z,14025,13870,89990
2026-09-18T05:47:55.252Z,88596,800000,11710000
2026-09-18T05:47:55.252Z,47273,26570000,28890000
2026-09-18T05:47:55.252Z,4399,3291000,4616000
2026-09-18T05:47:55.252Z,60366,,7400000
2026-09-18T05:47:55.252Z,28209,1383000,1480000
2026-09-18T05:47:55.252Z,27395,1390,1508
2026-09-18T05:47:55.252Z,14296,3505000,3839000
2026-09-18T05:47:55.252Z,16391,375300,437900
2026-09-18T05:47:55.252Z,47731,514000,642500
2026-09-18T05:47:55.252Z,48576,13790000,20000000
2026-09-18T05:47:55.252Z,60476,363600000,399700000
2026-09-18T05:47:55.252Z,91858,12120000,16620000
2026-09-18T05:47:55.252Z,15881,22350000,28210000
2026-09-18T05:47:55.252Z,18845,7950000,10730000
2026-09-18T05:47:55.252Z,2551,69550,91990
2026-09-18T05:47:55.252Z,41598,1001000,20000000
2026-09-18T05:47:55.252Z,13815,14180000,19450000
2026-09-18T05:47:55.252Z,22111,39780000,44850000
2026-09-18T05:47:55.252Z,21009,12020000,13770000
2026-09-18T05:47:55.252Z,20509,1317000000,1450000000
2026-09-18T05:47:55.252Z,84337,700700,14570000
2026-09-18T05:47:55.252Z,6637,34000,50290
2026-09-18T05:47:55.252Z,12021,192400000,215800000
2026-09-18T05:47:55.252Z,90134,0.01,1596000
2026-09-18T05:47:55.252Z,17205,1199000,1499000
2026-09-18T05:47:55.252Z,23089,358800,390800
2026-09-18T05:47:55.252Z,16467,150300,189000
2026-09-18T05:47:55.252Z,30988,,1100000
2026-09-18T05:47:55.252Z,21017,15050000,17300000
2026-09-18T05:47:55.252Z,62534,113,113.2
2026-09-18T05:47:55.252Z,13972,3711000,3960000
2026-09-18T05:47:55.252Z,3941,169300,213700
2026-09-18T05:47:55.252Z,47914,17200000,20340000
2026-09-18T05:47:55.252Z,52761,310100,1069000
2026-09-18T05:47:55.252Z,9950,2205000,2474000
2026-09-18T05:47:55.252Z,37810,7308000,13000000
2026-09-18T05:47:55.252Z,27094,505600,699700
2026-09-18T05:47:55.252Z,90739,3095000,4825000
2026-09-18T05:47:55.252Z,8133,5531,9800
2026-09-18T05:47:55.252Z,12618,21.07,28.84
2026-09-18T05:47:55.252Z,7785,240600,348000
2026-09-18T05:47:55.252Z,33101,1303000,1485000
2026-09-18T05:47:55.252Z,44260,535,998.9
2026-09-18T05:47:55.252Z,56944,35250,167800
2026-09-18T05:47:55.252Z,21224,1728,89290
2026-09-18T05:47:55.252Z,60032,37210000,76710000
2026-09-18T05:47:55.252Z,85932,209600000,379000000
2026-09-18T05:47:55.252Z,447,75020,94990
2026-09-18T05:47:55.252Z,31240,58880,204900
2026-09-18T05:47:55.252Z,9852,55.66,99
2026-09-18T05:47:55.252Z,79732,125600,2298000
2026-09-18T05:47:55.252Z,54369,22000000,44860000
2026-09-18T05:47:55.252Z,5955,142200,149600
2026-09-18T05:47:55.252Z,15634,7442,51380
2026-09-18T05:47:55.252Z,58904,47710000,53320000
2026-09-18T05:47:55.252Z,17924,84280000,96780000
2026-09-18T05:47:55.252Z,28381,62370000,71750000
2026-09-18T05:47:55.252Z,20539,72070000,92790000
2026-09-18T05:47:55.252Z,95295,100900000,185000000
2026-09-18T05:47:55.252Z,5971,16670,21690
2026-09-18T05:47:55.252Z,63869,102600,10420000
2026-09-18T05:47:55.252Z,50051,20300000,113000000
2026-09-18T05:47:55.252Z,14116,54290000,58880000
2026-09-18T05:47:55.252Z,43554,1616000,1816000
2026-09-18T05:47:55.252Z,18608,1027000,1234000
2026-09-18T05:47:55.252Z,85153,1605000,2600000
2026-09-18T05:47:55.252Z,47317,10000000,48000000
2026-09-18T05:47:55.252Z,31796,16160000,16550000
2026-09-18T05:47:55.252Z,3057,4368000,5228000
2026-09-18T05:47:55.252Z,1565,304100,549400
2026-09-18T05:47:55.252Z,21078,10010,50000
2026-09-18T05:47:55.252Z,57465,887300,1150000
2026-09-18T05:47:55.252Z,16433,6200,17630
2026-09-18T05:47:55.252Z,57124,203000000,286800000
2026-09-18T05:47:55.252Z,55308,1001,74000
2026-09-18T05:47:55.252Z,20125,145000000,147800000
2026-09-18T05:47:55.252Z,82175,3104000,15380000
2026-09-18T05:47:55.252Z,15683,99680000,114400000
2026-09-18T05:47:55.252Z,57006,1408000,5973000
2026-09-18T05:47:55.252Z,60757,50240000,99970000
2026-09-18T05:47:55.252Z,23141,38030,100000
2026-09-18T05:47:55.252Z,42529,346400,493600
2026-09-18T05:47:55.252Z,18913,126100000,151600000
2026-09-18T05:47:55.252Z,2549,80000,92000
2026-09-18T05:47:55.252Z,86153,159100000,252900000
2026-09-18T05:47:55.252Z,19038,240100000,277900000
2026-09-18T05:47:55.252Z,42839,300.3,448.7
2026-09-18T05:47:55.252Z,45550,168400000,235500000
2026-09-18T05:47:55.252Z,3256,4811000,6420000
2026-09-18T05:47:55.252Z,13236,127300,14080000
2026-09-18T05:47:55.252Z,62558,3136,4246
2026-09-18T05:47:55.252Z,199,100.1,120
2026-09-18T05:47:55.252Z,47751,18030000,19780000
2026-09-18T05:47:55.252Z,16365,340600,368000
2026-09-18T05:47:55.252Z,19536,50080000,65570000
2026-09-18T05:47:55.252Z,221,16.81,18.47
2026-09-18T05:47:55.252Z,17464,20.58,20.66
2026-09-18T05:47:55.252Z,20593,216600,571500
2026-09-18T05:47:55.252Z,11488,112500,976700
2026-09-18T05:47:55.252Z,4306,54680000,68960000
2026-09-18T05:47:55.252Z,2514,3.07,10.68
2026-09-18T05:47:55.252Z,2358,88500,99890
2026-09-18T05:47:55.252Z,28659,911300000,971600000
2026-09-18T05:47:55.252Z,18793,78350,130600
2026-09-18T05:47:55.252Z,642,141400000,152600000
2026-09-18T05:47:55.252Z,27093,402000,747700
2026-09-18T05:47:55.252Z,206,50,66.97
2026-09-18T05:47:55.252Z,32305,330000000,419900000
2026-09-18T05:47:55.252Z,47347,31260000,41790000
2026-09-18T05:47:55.252Z,85152,1801000,6395000
2026-09-18T05:47:55.252Z,54783,16500,17840
2026-09-18T05:47:55.252Z,31370,155400,174500
2026-09-18T05:47:55.252Z,31159,213500,235400
2026-09-18T05:47:55.252Z,20059,222600000,276500000
2026-09-18T05:47:55.252Z,41219,31590000,43990000
2026-09-18T05:47:55.252Z,18779,63230000,111700000
2026-09-18T05:47:55.252Z,25616,1016,1216
2026-09-18T05:47:55.252Z,79186,30100000,36050000
2026-09-18T05:47:55.252Z,85497,349400,6748000
2026-09-18T05:47:55.252Z,41459,301300000,333500000
2026-09-18T05:47:55.252Z,84401,1002,3499
2026-09-18T05:47:55.252Z,85543,13360000,17990000
2026-09-18T05:47:55.252Z,89669,3710000,4796000
2026-09-18T05:47:55.252Z,14132,6893000,27760000
2026-09-18T05:47:55.252Z,37292,190200000,203900000
2026-09-18T05:47:55.252Z,14770,253300000,359600000
2026-09-18T05:47:55.252Z,20416,93530,99890
2026-09-18T05:47:55.252Z,1814,11,13.99
2026-09-18T05:47:55.252Z,77176,200000000,271100000
2026-09-18T05:47:55.252Z,25998,2050,6680000
2026-09-18T05:47:55.252Z,31576,156800,1369000
2026-09-18T05:47:55.252Z,438,1587000,1720000
2026-09-18T05:47:55.252Z,43556,1797000,1981000
2026-09-18T05:47:55.252Z,23045,1417,1600
2026-09-18T05:47:55.252Z,7669,38590,150000
2026-09-18T05:47:55.252Z,42201,85390000,99000000
2026-09-18T05:47:55.252Z,13966,1043000,2177000
2026-09-18T05:47:55.252Z,11971,133600000,145900000
2026-09-18T05:47:55.252Z,28288,17350000,19990000
2026-09-18T05:47:55.252Z,94150,1800000,6490000
2026-09-18T05:47:55.252Z,7083,290000,339000
2026-09-18T05:47:55.252Z,47140,7248000,9000000
2026-09-18T05:47:55.252Z,42750,1601000,4773000
2026-09-18T05:47:55.252Z,47272,15710000,18820000
2026-09-18T05:47:55.252Z,31169,316000000,320100000
2026-09-18T05:47:55.252Z,42760,205500,3778000
2026-09-18T05:47:55.252Z,33850,80710000,136000000
2026-09-18T05:47:55.252Z,90466,3110,138300
2026-09-18T05:47:55.252Z,13866,902800,6000000
2026-09-18T05:47:55.252Z,86680,20010,119100
2026-09-18T05:47:55.252Z,26406,70170000,85450000
2026-09-18T05:47:55.252Z,7449,482700,528900
2026-09-18T05:47:55.252Z,40346,13250000,14390000
2026-09-18T05:47:55.252Z,23525,225700,339200
2026-09-18T05:47:55.252Z,20525,127100000,170000000
2026-09-18T05:47:55.252Z,17223,101000,446600
2026-09-18T05:47:55.252Z,21902,990.2,1079
2026-09-18T05:47:55.252Z,34276,9980000,10300000
2026-09-18T05:47:55.252Z,23147,14000,61930
2026-09-18T05:47:55.252Z,96327,16440000,20000000
2026-09-18T05:47:55.252Z,18951,53410000,73330000
2026-09-18T05:47:55.252Z,54375,25310000,40750000
2026-09-18T05:47:55.252Z,49725,7040000,7609000
2026-09-18T05:47:55.252Z,62385,92620,95000
2026-09-18T05:47:55.252Z,23824,40150000,58770000
2026-09-18T05:47:55.252Z,42833,551.1,633.3
2026-09-18T05:47:55.252Z,54405,50060000,92000000
2026-09-18T05:47:55.252Z,12612,24.05,37.41
2026-09-18T05:47:55.252Z,20887,2680000,4838000
2026-09-18T05:47:55.252Z,10858,783000,876600
2026-09-18T05:47:55.252Z,201,220,240
2026-09-18T05:47:55.252Z,23105,690300,818000
2026-09-18T05:47:55.252Z,47127,19100000,80870000
2026-09-18T05:47:55.252Z,12538,18630,54000
2026-09-18T05:47:55.252Z,15611,18730,18740
2026-09-18T05:47:55.252Z,85021,5900000,6000000000
2026-09-18T05:47:55.252Z,11176,15540000,16890000
2026-09-18T05:47:55.252Z,91857,15100000,18230000
2026-09-18T05:47:55.252Z,47143,9357000,18140000
2026-09-18T05:47:55.252Z,63142,1020,425000
2026-09-18T05:47:55.252Z,52568,283700,296300
2026-09-18T05:47:55.252Z,33844,124800000,137900000
2026-09-18T05:47:55.252Z,74143,39870,1282000
2026-09-18T05:47:55.252Z,2050,336400000,405800000
2026-09-18T05:47:55.252Z,17460,26.61,28.11
2026-09-18T05:47:55.252Z,34351,221000,1400000
2026-09-18T05:47:55.252Z,20557,1026000,7488000
2026-09-18T05:47:55.252Z,90590,3814,3822
2026-09-18T05:47:55.252Z,8433,1874000,2072000
2026-09-18T05:47:55.252Z,2117,861200,978500
2026-09-18T05:47:55.252Z,88653,5401000,15000000
2026-09-18T05:47:55.252Z,31514,2505,392800
2026-09-18T05:47:55.252Z,53667,75580000,388700000
2026-09-18T05:47:55.252Z,35832,926000000,979800000
2026-09-18T05:47:55.252Z,3958,4222000,374900000
2026-09-18T05:47:55.252Z,25530,69040000,89890000
2026-09-18T05:47:55.252Z,34328,1018000000,1149000000
2026-09-18T05:47:55.252Z,85779,400000,1172000
2026-09-18T05:47:55.252Z,29340,35640000,36980000
2026-09-18T05:47:55.252Z,14114,14720000,23260000
2026-09-18T05:47:55.252Z,57461,413600,494600
2026-09-18T05:47:55.252Z,31574,33380,215400
2026-09-18T05:47:55.252Z,20412,91330,97550
2026-09-18T05:47:55.252Z,90413,711800,7250000
2026-09-18T05:47:55.252Z,3081,52470000,87000000
2026-09-18T05:47:55.252Z,90564,20000,43930
2026-09-18T05:47:55.252Z,47036,6110000,9988000
2026-09-18T05:47:55.252Z,3090,4195000,5317000
2026-09-18T05:47:55.252Z,85084,4192000,5854000
2026-09-18T05:47:55.252Z,19974,0.01,14.99
2026-09-18T05:47:55.252Z,62639,5085,1298000
2026-09-18T05:47:55.252Z,23868,74320000,86960000
2026-09-18T05:47:55.252Z,86144,3790000,6677000
2026-09-18T05:47:55.252Z,22933,30920000,86600000
2026-09-18T05:47:55.252Z,21236,120000,1399000
2026-09-18T05:47:55.252Z,41489,11090,11990
2026-09-18T05:47:55.252Z,46222,237600,2899000
2026-09-18T05:47:55.252Z,41273,8057,10460
2026-09-18T05:47:55.252Z,47764,750,4000
2026-09-18T05:47:55.252Z,83471,2645000,2854000
2026-09-18T05:47:55.252Z,18871,28000000,29480000
2026-09-18T05:47:55.252Z,4573,2023,22580
2026-09-18T05:47:55.252Z,90610,363500,694300
2026-09-18T05:47:55.252Z,20499,93120000,95000000
2026-09-18T05:47:55.252Z,49713,604900000,686600000
2026-09-18T05:47:55.252Z,25892,5026000,6297000
2026-09-18T05:47:55.252Z,46944,0.02,1388000
2026-09-18T05:47:55.252Z,52307,132400,1170000
2026-09-18T05:47:55.252Z,19986,1.01,200
2026-09-18T05:47:55.252Z,21226,5359,97900
2026-09-18T05:47:55.252Z,31910,13030000,14450000
2026-09-18T05:47:55.252Z,17526,25490000,26660000
2026-09-18T05:47:55.252Z,7001,24000,50000
2026-09-18T05:47:55.252Z,12108,529400,699000
2026-09-18T05:47:55.252Z,47733,69820,129400
2026-09-18T05:47:55.252Z,47831,5095000,6702000
2026-09-18T05:47:55.252Z,3049,4455000,4955000
2026-09-18T05:47:55.252Z,17765,141900,394800
2026-09-18T05:47:55.252Z,36334,3065000,116600000
2026-09-18T05:47:55.252Z,630,10960000,11600000
2026-09-18T05:47:55.252Z,41316,1172,1540
2026-09-18T05:47:55.252Z,62529,34.51,34.52
2026-09-18T05:47:55.252Z,33450,1916000,2212000
2026-09-18T05:47:55.252Z,15788,27870000,36160000
2026-09-18T05:47:55.252Z,74525,,315
2026-09-18T05:47:55.252Z,18989,39870000,45110000
2026-09-18T05:47:55.252Z,11202,9926000,11680000
2026-09-18T05:47:55.252Z,42226,101000,301100
2026-09-18T05:47:55.252Z,19046,393200000,447100000
2026-09-18T05:47:55.252Z,87562,221500000,240000000
2026-09-18T05:47:55.252Z,27922,850200,1222000
2026-09-18T05:47:55.252Z,31764,3022,23290
2026-09-18T05:47:55.252Z,14067,20430000,23100000
2026-09-18T05:47:55.252Z,47362,135800000,188700000
2026-09-18T05:47:55.252Z,14244,92250000,117100000
2026-09-18T05:47:55.252Z,25349,18200000,19680000
2026-09-18T05:47:55.252Z,34487,100200000,139700000
2026-09-18T05:47:55.252Z,13996,50000,87930
2026-09-18T05:47:55.252Z,53366,10030,10700000
2026-09-18T05:47:55.252Z,4310,65150000,71470000
2026-09-18T05:47:55.252Z,96330,11080000,13940000
2026-09-18T05:47:55.252Z,37482,42300000,51740000
2026-09-18T05:47:55.252Z,29344,36490000,39490000
2026-09-18T05:47:55.252Z,11184,12950000,14230000
2026-09-18T05:47:55.252Z,238,200,236.8
2026-09-18T05:47:55.252Z,47270,63060000,67910000
2026-09-18T05:47:55.252Z,27325,11.82,76.98
2026-09-18T05:47:55.252Z,47913,9174000,15990000
2026-09-18T05:47:55.252Z,34126,228100000,244900000
2026-09-18T05:47:55.252Z,15889,38180000,43160000
2026-09-18T05:47:55.252Z,41038,143400000,158800000
2026-09-18T05:47:55.252Z,28278,268200,349700
2026-09-18T05:47:55.252Z,52997,36380000,44800000
2026-09-18T05:47:55.252Z,31826,346900000,398500000
2026-09-18T05:47:55.252Z,60575,8232000,9000000
2026-09-18T05:47:55.252Z,17241,7109,13000
2026-09-18T05:47:55.252Z,90484,100.2,699
2026-09-18T05:47:55.252Z,46713,700100,700200
2026-09-18T05:47:55.252Z,27315,553.1,659
2026-09-18T05:47:55.252Z,31758,1299000,1328000
2026-09-18T05:47:55.252Z,33528,203700000,229600000
2026-09-18T05:47:55.252Z,23133,47760,218500
2026-09-18T05:47:55.252Z,17367,164200,266300
2026-09-18T05:47:55.252Z,13788,1594000,2670000
2026-09-18T05:47:55.252Z,31368,515700000,787900000
2026-09-18T05:47:55.252Z,20721,,23.89
2026-09-18T05:47:55.252Z,82366,140000,239500
2026-09-18T05:47:55.252Z,191,13.3,96.18
2026-09-18T05:47:55.252Z,13922,95810000,119000000
2026-09-18T05:47:55.252Z,2392,648,676.5
2026-09-18T05:47:55.252Z,20189,1410000000,1496000000
2026-09-18T05:47:55.252Z,5869,681.2,868.9
2026-09-18T05:47:55.252Z,78773,100000,999000
2026-09-18T05:47:55.252Z,13933,21670000,30940000
2026-09-18T05:47:55.252Z,4409,20440,49770
2026-09-18T05:47:55.252Z,40358,5053000,7399000
2026-09-18T05:47:55.252Z,94108,20000,87990
2026-09-18T05:47:55.252Z,19260,2012000,4948000
2026-09-18T05:47:55.252Z,28361,1050,1398
2026-09-18T05:47:55.252Z,47739,4005000,5701000
2026-09-18T05:47:55.252Z,47762,9470,15960
2026-09-18T05:47:55.252Z,27181,139300000,170000000
2026-09-18T05:47:55.252Z,26252,120,19990
2026-09-18T05:47:55.252Z,83317,10000,243900
2026-09-18T05:47:55.252Z,37865,73000,1144000
2026-09-18T05:47:55.252Z,56733,400800,722400
2026-09-18T05:47:55.252Z,92550,20000000,187000000
2026-09-18T05:47:55.252Z,24486,46.83,88.47
2026-09-18T05:47:55.252Z,5697,158900,216800
2026-09-18T05:47:55.252Z,20,502,537
2026-09-18T05:47:55.252Z,33563,123600000,139900000
2026-09-18T05:47:55.252Z,1952,813700,973700
2026-09-18T05:47:55.252Z,12818,114300,137500
2026-09-18T05:47:55.252Z,18831,122900000,133500000
2026-09-18T05:47:55.252Z,21011,7636000,10210000
2026-09-18T05:47:55.252Z,55832,67610,143900
2026-09-18T05:47:55.252Z,93473,13500000,70000000
2026-09-18T05:47:55.252Z,57127,641000000,746900000
2026-09-18T05:47:55.252Z,31926,12620000,13080000
2026-09-18T05:47:55.252Z,20423,88010,94900
2026-09-18T05:47:55.252Z,52240,408900000,496600000
2026-09-18T05:47:55.252Z,60678,151000,3484000
2026-09-18T05:47:55.252Z,45628,30160000,35180000
2026-09-18T05:47:55.252Z,20567,14610000,15830000
2026-09-18T05:47:55.252Z,88484,1100,90000
2026-09-18T05:47:55.252Z,24501,40,47
2026-09-18T05:47:55.252Z,8263,25000,48970
2026-09-18T05:47:55.252Z,86109,335100,1278000
2026-09-18T05:47:55.252Z,58885,303500,1997000
2026-09-18T05:47:55.252Z,54927,350100,5997000
2026-09-18T05:47:55.252Z,62533,83.41,115
2026-09-18T05:47:55.252Z,88464,1000,786300
2026-09-18T05:47:55.252Z,62532,90.26,119.8
2026-09-18T05:47:55.252Z,13889,700300,1271000
2026-09-18T05:47:55.252Z,34602,250000,140000000
2026-09-18T05:47:55.252Z,40563,21510000,23260000
2026-09-18T05:47:55.252Z,23953,960000000,1087000000
2026-09-18T05:47:55.252Z,22945,60100000,74180000
2026-09-18T05:47:55.252Z,30488,400000,419900
2026-09-18T05:47:55.252Z,40334,9148,18520
2026-09-18T05:47:55.252Z,3192,550400000,649200000
2026-09-18T05:47:55.252Z,23023,598.5,783.7
2026-09-18T05:47:55.252Z,21898,426.4,466.1
2026-09-18T05:47:55.252Z,29013,,14480
2026-09-18T05:47:55.252Z,33476,51780000,54000000
2026-09-18T05:47:55.252Z,31892,1816000,1997000
2026-09-18T05:47:55.252Z,46006,15110000,16670000
2026-09-18T05:47:55.252Z,27143,520100,689000
2026-09-18T05:47:55.252Z,10221,16070000,18090000
2026-09-18T05:47:55.252Z,10208,16160000,17850000
2026-09-18T05:47:55.252Z,10226,90540000,97140000
2026-09-18T05:47:55.252Z,22129,66270000,72290000
2026-09-18T05:47:55.252Z,31906,7319000,8654000
2026-09-18T05:47:55.252Z,41215,19630000,21080000
2026-09-18T05:47:55.252Z,52694,3987000,4227000
2026-09-18T05:47:55.252Z,33846,82520000,88300000
2026-09-18T05:47:55.252Z,1987,570300,774300
2026-09-18T05:47:55.252Z,2567,1395000,1652000
2026-09-18T05:47:55.252Z,14170,67120000,73900000
2026-09-18T05:47:55.252Z,231,27,34.93
2026-09-18T05:47:55.252Z,40562,16580000,20020000
2026-09-18T05:47:55.252Z,56794,507000,11220000
2026-09-18T05:47:55.252Z,22576,20130,29970
2026-09-18T05:47:55.252Z,13935,106000000,114000000
2026-09-18T05:47:55.252Z,62398,7600,8696
2026-09-18T05:47:55.252Z,40348,31730000,36660000
2026-09-18T05:47:55.252Z,18819,520900000,622000000
2026-09-18T05:47:55.252Z,2103,23360,628000
2026-09-18T05:47:55.252Z,11648,1787000,2387000
2026-09-18T05:47:55.252Z,19968,4.13,287.9
2026-09-18T05:47:55.252Z,84420,2705,7499
2026-09-18T05:47:55.252Z,2361,100000,108900
2026-09-18T05:47:55.252Z,26370,122100000,147700000
2026-09-18T05:47:55.252Z,62587,20990,26950
2026-09-18T05:47:55.252Z,12042,17530000,20040000
2026-09-18T05:47:55.252Z,19031,64470000,71870000
2026-09-18T05:47:55.252Z,45837,10310000,29890000
2026-09-18T05:47:55.252Z,21591,83.19,127.9
2026-09-18T05:47:55.252Z,13954,42000000,50430000
2026-09-18T05:47:55.252Z,82440,10000,748900
2026-09-18T05:47:55.252Z,21384,9.11,13.38
2026-09-18T05:47:55.252Z,85785,1001,467900
2026-09-18T05:47:55.252Z,83219,10000,49950
2026-09-18T05:47:55.252Z,62635,91860000,131600000
2026-09-18T05:47:55.252Z,83221,0.01,39760
2026-09-18T05:47:55.252Z,54396,616000000,732100000
2026-09-18T05:47:55.252Z,29103,1158000,1638000
2026-09-18T05:47:55.252Z,16658,800.1,899.9
2026-09-18T05:47:55.252Z,12235,132100000,461300000
2026-09-18T05:47:55.252Z,18827,61500000,73590000
2026-09-18T05:47:55.252Z,482,654900,735700
2026-09-18T05:47:55.252Z,4033,37670000,60000000
2026-09-18T05:47:55.252Z,41528,63740000,73990000
2026-09-18T05:47:55.252Z,20061,244200000,298600000
2026-09-18T05:47:55.252Z,7293,5200,30000
2026-09-18T05:47:55.252Z,4385,750200,6400000
2026-09-18T05:47:55.252Z,96335,146700000,172900000
2026-09-18T05:47:55.252Z,46948,10030000,24800000
2026-09-18T05:47:55.252Z,30376,19200,20200
2026-09-18T05:47:55.252Z,21073,20800,132700
2026-09-18T05:47:55.252Z,19049,19000000,48080000
2026-09-18T05:47:55.252Z,26324,52050,54970000
2026-09-18T05:47:55.252Z,12729,99500000,106300000
2026-09-18T05:47:55.252Z,33332,11540,13370
2026-09-18T05:47:55.252Z,30588,112700,125000
2026-09-18T05:47:55.252Z,32039,2300000,13880000
2026-09-18T05:47:55.252Z,13941,116800000,124900000
2026-09-18T05:47:55.252Z,60298,341400,418600
2026-09-18T05:47:55.252Z,13929,60000000,66360000
2026-09-18T05:47:55.252Z,57125,312500000,359800000
2026-09-18T05:47:55.252Z,12743,81420000,95790000
2026-09-18T05:47:55.252Z,32047,15880000,16600000
2026-09-18T05:47:55.252Z,62400,8871,9676
2026-09-18T05:47:55.252Z,13285,181600,328200
2026-09-18T05:47:55.252Z,28678,1931000,2129000
2026-09-18T05:47:55.252Z,48121,95000,96500
2026-09-18T05:47:55.252Z,11957,117100000,134100000
2026-09-18T05:47:55.252Z,41456,296600000,351600000
2026-09-18T05:47:55.252Z,32029,50420,3483000
2026-09-18T05:47:55.252Z,12614,35,39.66
2026-09-18T05:47:55.252Z,14204,112000000,128200000
2026-09-18T05:47:55.252Z,28652,20930000,22900000
2026-09-18T05:47:55.252Z,2875,1162000,1272000
2026-09-18T05:47:55.252Z,94010,1150000000,1346000000
2026-09-18T05:47:55.252Z,47791,18130000,21890000
2026-09-18T05:47:55.252Z,17922,213400000,231000000
2026-09-18T05:47:55.252Z,47448,311600000,368300000
2026-09-18T05:47:55.252Z,60908,267000,3996000
2026-09-18T05:47:55.252Z,33700,26510000,30000000
2026-09-18T05:47:55.252Z,9744,8032,15850
2026-09-18T05:47:55.252Z,11965,140200000,150700000
2026-09-18T05:47:55.252Z,18971,134400000,182400000
2026-09-18T05:47:55.252Z,17938,18070,19000
2026-09-18T05:47:55.252Z,32061,1001000,4547000
2026-09-18T05:47:55.252Z,18766,7019000,8093000
2026-09-18T05:47:55.252Z,57123,174800000,211800000
2026-09-18T05:47:55.252Z,25595,1953,1955
2026-09-18T05:47:55.252Z,22113,4007000,5699000
2026-09-18T05:47:55.252Z,41267,99270,112000
2026-09-18T05:47:55.252Z,14120,89250000,95350000
2026-09-18T05:47:55.252Z,31726,24180000,30890000
2026-09-18T05:47:55.252Z,36911,37160000,57470000
2026-09-18T05:47:55.252Z,17499,37150000,43620000
2026-09-18T05:47:55.252Z,3154,3861000,4297000
2026-09-18T05:47:55.252Z,37847,9498,12540
2026-09-18T05:47:55.252Z,47139,8810000,10720000
2026-09-18T05:47:55.252Z,32246,35330000,38990000
2026-09-18T05:47:55.252Z,11577,3252000,3552000
2026-09-18T05:47:55.252Z,2881,253900,304600
2026-09-18T05:47:55.252Z,11444,60220,1800000
2026-09-18T05:47:55.252Z,7583,9983,77770
2026-09-18T05:47:55.252Z,24312,420000000,589000000
2026-09-18T05:47:55.252Z,11551,38370,42470
2026-09-18T05:47:55.252Z,20945,5.78,18.96
2026-09-18T05:47:55.252Z,13920,61370000,67390000
2026-09-18T05:47:55.252Z,2173,25330,29210
2026-09-18T05:47:55.252Z,60920,415900,4330000
2026-09-18T05:47:55.252Z,3146,1704000,1850000
2026-09-18T05:47:55.252Z,33967,3578000,29990000
2026-09-18T05:47:55.252Z,31584,82220000,299700000
2026-09-18T05:47:55.252Z,56136,10550,20000
2026-09-18T05:47:55.252Z,35949,35100000,39660000
2026-09-18T05:47:55.252Z,28752,134700000,142700000
2026-09-18T05:47:55.252Z,60301,1097000,1154000
2026-09-18T05:47:55.252Z,90649,2000000,9000000
2026-09-18T05:47:55.252Z,18764,6578000,8388000
2026-09-18T05:47:55.252Z,47775,6351000,8092000
2026-09-18T05:47:55.252Z,15905,15760000,34940000
2026-09-18T05:47:55.252Z,88645,8601000,92990000
2026-09-18T05:47:55.252Z,26396,33820000,77360000
2026-09-18T05:47:55.252Z,31059,11040000,12190000
2026-09-18T05:47:55.252Z,30747,4648000,4770000
2026-09-18T05:47:55.252Z,79736,131600,3080000
2026-09-18T05:47:55.252Z,47028,37250000,39990000
2026-09-18T05:47:55.252Z,32121,100700,28860000
2026-09-18T05:47:55.252Z,12304,4127000,5299000
2026-09-18T05:47:55.252Z,47327,321100000,407300000
2026-09-18T05:47:55.252Z,16068,55100000,61300000
2026-09-18T05:47:55.252Z,42800,1011000,8500000
2026-09-18T05:47:55.252Z,42756,307.8,9199000
2026-09-18T05:47:55.252Z,28363,240700,260200
2026-09-18T05:47:55.252Z,31125,3065000,3400000
2026-09-18T05:47:55.252Z,33336,17100,18570
2026-09-18T05:47:55.252Z,33697,13530000,13980000
2026-09-18T05:47:55.252Z,11365,17140000,19060000
2026-09-18T05:47:55.252Z,633,7685000,8833000
2026-09-18T05:47:55.252Z,16240,894600,949500
2026-09-18T05:47:55.252Z,11999,141700000,151100000
2026-09-18T05:47:55.252Z,13831,119600,999000
2026-09-18T05:47:55.252Z,11377,14460000,15090000
2026-09-18T05:47:55.252Z,20347,371900,454000
2026-09-18T05:47:55.252Z,60914,10000,2662000
2026-09-18T05:47:55.252Z,22137,408900000,437200000
2026-09-18T05:47:55.252Z,23523,91100,195000
2026-09-18T05:47:55.252Z,62527,28.03,35.48
2026-09-18T05:47:55.252Z,82184,4844000,12550000
2026-09-18T05:47:55.252Z,34208,5611000,6120000
2026-09-18T05:47:55.252Z,36494,30030,1243000
2026-09-18T05:47:55.252Z,85146,80000,180100
2026-09-18T05:47:55.252Z,15784,50000000,63990000
2026-09-18T05:47:55.252Z,18704,118800000,144000000
2026-09-18T05:47:55.252Z,18706,106300000,118900000
2026-09-18T05:47:55.252Z,19197,535300000,596100000
2026-09-18T05:47:55.252Z,18981,17490000,27440000
2026-09-18T05:47:55.252Z,75277,18.32,23.5
2026-09-18T05:47:55.252Z,56139,54310000,59290000
2026-09-18T05:47:55.252Z,42753,18340,2696000
2026-09-18T05:47:55.252Z,47030,33180000,67190000
2026-09-18T05:47:55.252Z,36637,100000,58890000
2026-09-18T05:47:55.252Z,42835,381.5,465.5
2026-09-18T05:47:55.252Z,21791,750.4,5948
2026-09-18T05:47:55.252Z,63144,18010,2000000
2026-09-18T05:47:55.252Z,30021,596.1,711.7
2026-09-18T05:47:55.252Z,29994,461700,799200
2026-09-18T05:47:55.252Z,63790,68110000,239900000
2026-09-18T05:47:55.252Z,55688,62260,246800
2026-09-18T05:47:55.252Z,8869,20900,85140
2026-09-18T05:47:55.252Z,27369,36360,56000
2026-09-18T05:47:55.252Z,83215,10000,184000
2026-09-18T05:47:55.252Z,33513,409000000,450500000
2026-09-18T05:47:55.252Z,35924,60520000,70620000
2026-09-18T05:47:55.252Z,87324,56730000,68990000
2026-09-18T05:47:55.252Z,47009,506600,8000000
2026-09-18T05:47:55.252Z,21890,42590000,45980000
2026-09-18T05:47:55.252Z,31209,5330,1824000
2026-09-18T05:47:55.252Z,37293,725600000,918600000
2026-09-18T05:47:55.252Z,47188,7991,390000
2026-09-18T05:47:55.252Z,47748,875100,1217000
2026-09-18T05:47:55.252Z,83346,300000,1664000
2026-09-18T05:47:55.252Z,82347,40000,8687000
2026-09-18T05:47:55.252Z,399,7517,11240
2026-09-18T05:47:55.252Z,85468,4185000,5420000
2026-09-18T05:47:55.252Z,82382,60000,2468000
2026-09-18T05:47:55.252Z,83385,10270,399600
2026-09-18T05:47:55.252Z,47013,,8994000
2026-09-18T05:47:55.252Z,91409,10010000,13890000
2026-09-18T05:47:55.252Z,81144,5037,5556
2026-09-18T05:47:55.252Z,31244,879200,1023000
2026-09-18T05:47:55.252Z,36435,109000,25000000
2026-09-18T05:47:55.252Z,31274,52220,241900
2026-09-18T05:47:55.252Z,19041,261700000,319800000
2026-09-18T05:47:55.252Z,21888,44140000,47830000
2026-09-18T05:47:55.252Z,28661,837500000,874900000
2026-09-18T05:47:55.252Z,2349,87850,103900
2026-09-18T05:47:55.252Z,18839,7978000,8695000
2026-09-18T05:47:55.252Z,33466,18000,18900
2026-09-18T05:47:55.252Z,16229,48800000,58660000
2026-09-18T05:47:55.252Z,23005,575.3,1086
2026-09-18T05:47:55.252Z,17928,88920000,95190000
2026-09-18T05:47:55.252Z,31800,130400,275200
2026-09-18T05:47:55.252Z,15646,50000,50020
2026-09-18T05:47:55.252Z,11267,167800,218700
2026-09-18T05:47:55.252Z,20589,299000,4992000
2026-09-18T05:47:55.252Z,46005,2754000,2945000
2026-09-18T05:47:55.252Z,62520,20.11,22.35
2026-09-18T05:47:55.252Z,24539,603.4,661.7
2026-09-18T05:47:55.252Z,73795,17240000,18970000
2026-09-18T05:47:55.252Z,17209,1359,13590
2026-09-18T05:47:55.252Z,16669,27510,29420
2026-09-18T05:47:55.252Z,18937,157200000,214200000
2026-09-18T05:47:55.252Z,8635,368000,408000
2026-09-18T05:47:55.252Z,53902,25830000,50000000
2026-09-18T05:47:55.252Z,62625,13710000,15890000
2026-09-18T05:47:55.252Z,26913,1510000,1591000
2026-09-18T05:47:55.252Z,19011,17800000,25210000
2026-09-18T05:47:55.252Z,31017,8078000,9135000
2026-09-18T05:47:55.252Z,44181,115000,2196000
2026-09-18T05:47:55.252Z,14272,35610,60000
2026-09-18T05:47:55.252Z,95501,2011000,2012000
2026-09-18T05:47:55.252Z,28215,1341000,1397000
2026-09-18T05:47:55.252Z,3120,3264000,6408000
2026-09-18T05:47:55.252Z,24527,1514,1626
2026-09-18T05:47:55.252Z,37457,20000000,20900000
2026-09-18T05:47:55.252Z,12620,9.83,13.97
2026-09-18T05:47:55.252Z,33816,70020000,74940000
2026-09-18T05:47:55.252Z,17682,32160,719300
2026-09-18T05:47:55.252Z,85034,1.01,258800000
2026-09-18T05:47:55.252Z,31752,21400,29390
2026-09-18T05:47:55.252Z,3576,34660,127000
2026-09-18T05:47:55.252Z,31626,3113000,3799000
2026-09-18T05:47:55.252Z,84433,761000,2450000
2026-09-18T05:47:55.252Z,31238,33910,64880
2026-09-18T05:47:55.252Z,45608,34740000,37590000
2026-09-18T05:47:55.252Z,27108,112600,16920000
2026-09-18T05:47:55.252Z,11359,18490,330000
2026-09-18T05:47:55.252Z,652,1369000,1800000
2026-09-18T05:47:55.252Z,25954,7299000,8544000
2026-09-18T05:47:55.252Z,10690,3880,11300
2026-09-18T05:47:55.252Z,30464,65460,119300
2026-09-18T05:47:55.252Z,90480,130.4,999.9
2026-09-18T05:47:55.252Z,64034,222000000,287700000
2026-09-18T05:47:55.252Z,45999,8436000,9948000
2026-09-18T05:47:55.252Z,56708,100,196.7
2026-09-18T05:47:55.252Z,2109,901700,989400
2026-09-18T05:47:55.252Z,15909,8450000,11240000
2026-09-18T05:47:55.252Z,26082,111700,579300
2026-09-18T05:47:55.252Z,13994,3902000,4156000
2026-09-18T05:47:55.252Z,44937,494.6,44000000
2026-09-18T05:47:55.252Z,87515,270000000,380000000
2026-09-18T05:47:55.252Z,31107,724000,1001000
2026-09-18T05:47:55.252Z,10244,12100000,18740000
2026-09-18T05:47:55.252Z,5719,201200,229000
2026-09-18T05:47:55.252Z,9417,232200,429100
2026-09-18T05:47:55.252Z,439,11130,13900
2026-09-18T05:47:55.252Z,31878,2500000,2748000
2026-09-18T05:47:55.252Z,27453,948.9,950.1
2026-09-18T05:47:55.252Z,28211,1303000,1423000
2026-09-18T05:47:55.252Z,88122,45100000,99700000
2026-09-18T05:47:55.252Z,25615,45200,54020
2026-09-18T05:47:55.252Z,27403,250,867
2026-09-18T05:47:55.252Z,3275,71360000,97740000
2026-09-18T05:47:55.252Z,62380,86190,99890
2026-09-18T05:47:55.252Z,24509,402.3,436
2026-09-18T05:47:55.252Z,22987,305.6,674.6
2026-09-18T05:47:55.252Z,57473,13550000,14680000
2026-09-18T05:47:55.252Z,22128,170100000,184800000
2026-09-18T05:47:55.252Z,27393,206.5,703.7
2026-09-18T05:47:55.252Z,19699,19800000,23350000
2026-09-18T05:47:55.252Z,19191,417900000,455400000
2026-09-18T05:47:55.252Z,53713,611600000,649800000
2026-09-18T05:47:55.252Z,586,412900,547600
2026-09-18T05:47:55.252Z,20418,95340,96430
2026-09-18T05:47:55.252Z,47136,26470000,40000000
2026-09-18T05:47:55.252Z,92554,142700000,268300000
2026-09-18T05:47:55.252Z,45621,33030000,35820000
2026-09-18T05:47:55.252Z,7585,39070,322900
2026-09-18T05:47:55.252Z,53715,342400000,359400000
2026-09-18T05:47:55.252Z,57731,1377000,7756000
2026-09-18T05:47:55.252Z,60750,20000,62490
2026-09-18T05:47:55.252Z,27439,786,1284
2026-09-18T05:47:55.252Z,19053,24910000,29770000
2026-09-18T05:47:55.252Z,45598,33440000,36600000
2026-09-18T05:47:55.252Z,14166,57840000,66750000
2026-09-18T05:47:55.252Z,23059,492500,4925000
2026-09-18T05:47:55.252Z,75290,4358,6189
2026-09-18T05:47:55.252Z,16245,11300000,16000000
2026-09-18T05:47:55.252Z,657,2008000,2206000
2026-09-18T05:47:55.252Z,32125,1472000,9998000
2026-09-18T05:47:55.252Z,90495,130.4,19700
2026-09-18T05:47:55.252Z,63786,62690,3200000
2026-09-18T05:47:55.252Z,9944,31100,62000
2026-09-18T05:47:55.252Z,12747,149000000,159200000
2026-09-18T05:47:55.252Z,40690,234800000,289700000
2026-09-18T05:47:55.252Z,47271,403100000,436000000
2026-09-18T05:47:55.252Z,14284,780000,779500
2026-09-18T05:47:55.252Z,22470,291300000,304300000
2026-09-18T05:47:55.252Z,23113,632100,711600
2026-09-18T05:47:55.252Z,84014,10010,372700
2026-09-18T05:47:55.252Z,3001,361100,435000
2026-09-18T05:47:55.252Z,28810,219000000,240800000
2026-09-18T05:47:55.252Z,24702,48100000,49980000
2026-09-18T05:47:55.252Z,4358,58790,92990
2026-09-18T05:47:55.252Z,11305,51010,114400
2026-09-18T05:47:55.252Z,33983,13040000,13960000
2026-09-18T05:47:55.252Z,22130,301900000,361800000
2026-09-18T05:47:55.252Z,13260,14650000,16720000
2026-09-18T05:47:55.252Z,24632,15020000,17200000
2026-09-18T05:47:55.252Z,22229,5230000,5308000
2026-09-18T05:47:55.252Z,95228,110000000,172700000
2026-09-18T05:47:55.252Z,92461,351200,427700
2026-09-18T05:47:55.252Z,13233,14950000,17690000
2026-09-18T05:47:55.252Z,580,7879,53880
2026-09-18T05:47:55.252Z,90526,1201,2999
2026-09-18T05:47:55.252Z,62559,3928,4496
2026-09-18T05:47:55.252Z,230,72.54,82.82
2026-09-18T05:47:55.252Z,11379,19960000,20950000
2026-09-18T05:47:55.252Z,643,130600000,145000000
2026-09-18T05:47:55.252Z,215,4.01,5
2026-09-18T05:47:55.252Z,45599,32390000,35420000
2026-09-18T05:47:55.252Z,29001,8101,12810
2026-09-18T05:47:55.252Z,54841,23550000,39000000
2026-09-18T05:47:55.252Z,27186,24160000,27730000
2026-09-18T05:47:55.252Z,78886,1008000,98730000
2026-09-18T05:47:55.252Z,48894,196800000,348100000
2026-09-18T05:47:55.252Z,90813,504900,3799000
2026-09-18T05:47:55.252Z,18823,50000000,59540000
2026-09-18T05:47:55.252Z,41493,105200000,114900000
2026-09-18T05:47:55.252Z,84171,121700,121800
2026-09-18T05:47:55.252Z,31998,45170,53940
2026-09-18T05:47:55.252Z,19200,134700000,152000000
2026-09-18T05:47:55.252Z,34132,225600000,264700000
2026-09-18T05:47:55.252Z,26255,250.6,20000
2026-09-18T05:47:55.252Z,2403,8518000,10970000
2026-09-18T05:47:55.252Z,37450,481800,600000
2026-09-18T05:47:55.252Z,41218,25850000,26910000
2026-09-18T05:47:55.252Z,28197,1446000,2611000
2026-09-18T05:47:55.252Z,29089,408200,590900
2026-09-18T05:47:55.252Z,3695,6083,7499
2026-09-18T05:47:55.252Z,62568,4264,4649
2026-09-18T05:47:55.252Z,22975,168.3,513.9
2026-09-18T05:47:55.252Z,16639,471.4,483.3
2026-09-18T05:47:55.252Z,42770,440100,3641000
2026-09-18T05:47:55.252Z,31810,4075000,4826000
2026-09-18T05:47:55.252Z,18899,52280000,83990000
2026-09-18T05:47:55.252Z,3465,70000,108100
2026-09-18T05:47:55.252Z,86149,7018000,13890000
2026-09-18T05:47:55.252Z,17207,31300000,35780000
2026-09-18T05:47:55.252Z,2478,1425000,1455000
2026-09-18T05:47:55.252Z,18710,181700000,202700000
2026-09-18T05:47:55.252Z,47924,321,394.6
2026-09-18T05:47:55.252Z,27353,427.3,477.9
2026-09-18T05:47:55.252Z,62564,3229,3833
2026-09-18T05:47:55.252Z,54393,306000000,329800000
2026-09-18T05:47:55.252Z,19185,297200000,344100000
2026-09-18T05:47:55.252Z,47806,95510000,106400000
2026-09-18T05:47:55.252Z,31614,3201000,3493000
2026-09-18T05:47:55.252Z,23049,1119,2669
2026-09-18T05:47:55.252Z,48422,477900,989600
2026-09-18T05:47:55.252Z,37532,41880,3890000
2026-09-18T05:47:55.252Z,17720,162800000,175500000
2026-09-18T05:47:55.252Z,92453,225300000,279700000
2026-09-18T05:47:55.252Z,34282,12830000,13970000
2026-09-18T05:47:55.252Z,93069,1705000,6862000
2026-09-18T05:47:55.252Z,1202,1308,7152
2026-09-18T05:47:55.252Z,3203,2043000,6094000
2026-09-18T05:47:55.252Z,53904,25940000,99990000
2026-09-18T05:47:55.252Z,89670,315000000,852700000
2026-09-18T05:47:55.252Z,44916,4300000,10460000
2026-09-18T05:47:55.252Z,55587,100,149900
2026-09-18T05:47:55.252Z,60289,584300,699700
2026-09-18T05:47:55.252Z,83061,,164800
2026-09-18T05:47:55.252Z,27640,6003000,16010000
2026-09-18T05:47:55.252Z,448,1174000,1226000
2026-09-18T05:47:55.252Z,47340,81710000,111900000
2026-09-18T05:47:55.252Z,26100,506200,5695000
2026-09-18T05:47:55.252Z,33890,331700,393900
2026-09-18T05:47:55.252Z,25956,17810000,18430000
2026-09-18T05:47:55.252Z,15727,99220,1747000
2026-09-18T05:47:55.252Z,14158,17830000,23780000
2026-09-18T05:47:55.252Z,27399,15150,53650
2026-09-18T05:47:55.252Z,14076,83110,105000
2026-09-18T05:47:55.252Z,15721,1647000,3373000
2026-09-18T05:47:55.252Z,31922,1601000,1900000
2026-09-18T05:47:55.252Z,14078,52120,243600
2026-09-18T05:47:55.252Z,78788,201000,947800
2026-09-18T05:47:55.252Z,88659,22000000,151800000
2026-09-18T05:47:55.252Z,57454,121200,125000
2026-09-18T05:47:55.252Z,31412,2381000,2976000
2026-09-18T05:47:55.252Z,79735,63010,2497000
2026-09-18T05:47:55.252Z,46990,2501000,10750000
2026-09-18T05:47:55.252Z,13243,13610000,16830000
2026-09-18T05:47:55.252Z,46850,601000,7999000
2026-09-18T05:47:55.252Z,46967,60110,6382000
2026-09-18T05:47:55.252Z,46918,41110,11930000
2026-09-18T05:47:55.252Z,60906,10000,4498000
2026-09-18T05:47:55.252Z,57023,1006000,7987000
2026-09-18T05:47:55.252Z,28274,230800,330000
2026-09-18T05:47:55.252Z,19258,1960000,4069000
2026-09-18T05:47:55.252Z,24663,101500000,109800000
2026-09-18T05:47:55.252Z,18787,101,3212000
2026-09-18T05:47:55.252Z,9411,511200,798300
2026-09-18T05:47:55.252Z,31876,2011000,2084000
2026-09-18T05:47:55.252Z,14264,83110000,99430000
2026-09-18T05:47:55.252Z,49741,58290000,61940000
2026-09-18T05:47:55.252Z,31496,130000,1311000
2026-09-18T05:47:55.252Z,27239,146000000,167600000
2026-09-18T05:47:55.252Z,15913,26860,512000
2026-09-18T05:47:55.252Z,20779,14470,29310
2026-09-18T05:47:55.252Z,62525,25.26,26.25
2026-09-18T05:47:55.252Z,22474,256600000,268400000
2026-09-18T05:47:55.252Z,182,9.22,11.49
2026-09-18T05:47:55.252Z,19944,15120,69500
2026-09-18T05:47:55.252Z,11269,684500,742300
2026-09-18T05:47:55.252Z,19141,27530000,32800000
2026-09-18T05:47:55.252Z,7579,377100,539900
2026-09-18T05:47:55.252Z,83363,20030,1699000
2026-09-18T05:47:55.252Z,45601,37170000,39090000
2026-09-18T05:47:55.252Z,16455,26010,113700
2026-09-18T05:47:55.252Z,83249,1100,47990
2026-09-18T05:47:55.252Z,36910,30170000,36890000
2026-09-18T05:47:55.252Z,20613,8109000,10870000
2026-09-18T05:47:55.252Z,57020,1295000,4500000
2026-09-18T05:47:55.252Z,89949,4404000,44000000
2026-09-18T05:47:55.252Z,88678,9800000,24000000
2026-09-18T05:47:55.252Z,3962,77550000,89000000
2026-09-18T05:47:55.252Z,16682,6396,6539
2026-09-18T05:47:55.252Z,22542,16770,29600
2026-09-18T05:47:55.252Z,3250,3001,5509000
2026-09-18T05:47:55.252Z,3665,1027000,1999000
2026-09-18T05:47:55.252Z,19929,15700,17800
2026-09-18T05:47:55.252Z,620,8002000,8673000
2026-09-18T05:47:55.252Z,16064,94040000,105900000
2026-09-18T05:47:55.252Z,9646,21080,24890
2026-09-18T05:47:55.252Z,11446,931600,1743000
2026-09-18T05:47:55.252Z,87516,56000000,178100000
2026-09-18T05:47:55.252Z,37306,157600000,175100000
2026-09-18T05:47:55.252Z,52201,10140,400100
2026-09-18T05:47:55.252Z,42204,37430000,40380000
2026-09-18T05:47:55.252Z,31982,15000,26610
2026-09-18T05:47:55.252Z,90122,182200000,379300000
2026-09-18T05:47:55.252Z,47699,91850,138700
2026-09-18T05:47:55.252Z,43555,1783000,2008000
2026-09-18T05:47:55.252Z,54397,841400000,1103000000
2026-09-18T05:47:55.252Z,47896,7521,14000
2026-09-18T05:47:55.252Z,26308,8804,9794000
2026-09-18T05:47:55.252Z,15466,3450000,3647000
2026-09-18T05:47:55.252Z,34292,3252000,3700000
2026-09-18T05:47:55.252Z,5051,83000,117400
2026-09-18T05:47:55.252Z,10680,406800,447600
2026-09-18T05:47:55.252Z,186,5.17,22.97
2026-09-18T05:47:55.252Z,8583,10820,47730
2026-09-18T05:47:55.252Z,21593,16.04,50
2026-09-18T05:47:55.252Z,5179,100000,350500
2026-09-18T05:47:55.252Z,15608,1250,6200
2026-09-18T05:47:55.252Z,17548,9500000,10870000
2026-09-18T05:47:55.252Z,48387,6113000,14840000
2026-09-18T05:47:55.252Z,28375,19480000,33980000
2026-09-18T05:47:55.252Z,41521,1317,48440
2026-09-18T05:47:55.252Z,21510,23330000,27500000
2026-09-18T05:47:55.252Z,83259,20050,48990
2026-09-18T05:47:55.252Z,88456,1000,149900
2026-09-18T05:47:55.252Z,83329,20000,199700
2026-09-18T05:47:55.252Z,17215,85000,480000
2026-09-18T05:47:55.252Z,30328,461.9,40000
2026-09-18T05:47:55.252Z,42208,175800000,198400000
2026-09-18T05:47:55.252Z,46352,509500,7000000
2026-09-18T05:47:55.252Z,23561,185400,237600
2026-09-18T05:47:55.252Z,26322,58150000,62330000
2026-09-18T05:47:55.252Z,2463,8140,8420
2026-09-18T05:47:55.252Z,95402,20000,20010
2026-09-18T05:47:55.252Z,37608,2695000,2897000
2026-09-18T05:47:55.252Z,49802,555500,14330000
2026-09-18T05:47:55.252Z,33618,22950000,24750000
2026-09-18T05:47:55.252Z,31794,3906000,4077000
2026-09-18T05:47:55.252Z,79714,2500000,9079000
2026-09-18T05:47:55.252Z,85971,55140000,105000000
2026-09-18T05:47:55.252Z,19177,118900000,143500000
2026-09-18T05:47:55.252Z,21731,32740,199800
2026-09-18T05:47:55.252Z,19538,227100000,253100000
2026-09-18T05:47:55.252Z,88597,10000,149900
2026-09-18T05:47:55.252Z,21474,53580000,89100000
2026-09-18T05:47:55.252Z,10694,150300,262000
2026-09-18T05:47:55.252Z,15798,131700,74450000
2026-09-18T05:47:55.252Z,19206,181500000,232900000
2026-09-18T05:47:55.252Z,23077,231200,290400
2026-09-18T05:47:55.252Z,11642,1750000,1795000
2026-09-18T05:47:55.252Z,36912,21490000,39980000
2026-09-18T05:47:55.252Z,7329,5084,10000
2026-09-18T05:47:55.252Z,21935,898.4,1099
2026-09-18T05:47:55.252Z,27252,104700000,119700000
2026-09-18T05:47:55.252Z,32101,6782000,14770000
2026-09-18T05:47:55.252Z,91977,53150000,82550000
2026-09-18T05:47:55.252Z,9836,10120,11070
2026-09-18T05:47:55.252Z,42777,1211000,8894000
2026-09-18T05:47:55.252Z,41252,73070000,90150000
2026-09-18T05:47:55.252Z,11561,184800,415000
2026-09-18T05:47:55.252Z,56132,106800,146900
2026-09-18T05:47:55.252Z,13970,2882000,3700000
2026-09-18T05:47:55.252Z,15887,38610000,43220000
2026-09-18T05:47:55.252Z,5219,11130,25000
2026-09-18T05:47:55.252Z,60286,186600,223700
2026-09-18T05:47:55.252Z,27127,444600,703700
2026-09-18T05:47:55.252Z,628,8070000,9080000
2026-09-18T05:47:55.252Z,28676,1741000,1922000
2026-09-18T05:47:55.252Z,12011,101000000,107800000
2026-09-18T05:47:55.252Z,13774,190600,847200
2026-09-18T05:47:55.252Z,246,4200,7977
2026-09-18T05:47:55.252Z,440,2556000,2729000
2026-09-18T05:47:55.252Z,21037,7311000,8123000
2026-09-18T05:47:55.252Z,33028,9000000,36000000
2026-09-18T05:47:55.252Z,41492,73200000,77440000
2026-09-18T05:47:55.252Z,15735,439100,2219000
2026-09-18T05:47:55.252Z,33555,87360000,116800000
2026-09-18T05:47:55.252Z,18867,56010000,59950000
2026-09-18T05:47:55.252Z,62523,26.34,31
2026-09-18T05:47:55.252Z,91959,5381000,44780000
2026-09-18T05:47:55.252Z,18991,153000000,174000000
2026-09-18T05:47:55.252Z,77114,50200000,54000000
2026-09-18T05:47:55.252Z,85546,,13500000
2026-09-18T05:47:55.252Z,19137,17000000,21280000
2026-09-18T05:47:55.252Z,55580,2500,94970
2026-09-18T05:47:55.252Z,18702,74650000,96540000
2026-09-18T05:47:55.252Z,33453,22220000,25360000
2026-09-18T05:47:55.252Z,27419,977.1,1050
2026-09-18T05:47:55.252Z,54944,17000,78980
2026-09-18T05:47:55.252Z,31604,3208000,3949000
2026-09-18T05:47:55.252Z,2038,500400,570900
2026-09-18T05:47:55.252Z,28801,848600000,1171000000
2026-09-18T05:47:55.252Z,21527,8233000,10330000
2026-09-18T05:47:55.252Z,3168,3365000,5783000
2026-09-18T05:47:55.252Z,16537,12160000,14370000
2026-09-18T05:47:55.252Z,5747,4905,7889
2026-09-18T05:47:55.252Z,57121,259000000,337200000
2026-09-18T05:47:55.252Z,82487,80000,1176000
2026-09-18T05:47:55.252Z,53711,290500000,307900000
2026-09-18T05:47:55.252Z,55596,2001,93980
2026-09-18T05:47:55.252Z,46375,33770000,36980000
2026-09-18T05:47:55.252Z,34280,3353000,3699000
2026-09-18T05:47:55.252Z,85399,7512,8798
2026-09-18T05:47:55.252Z,60926,8003000,37400000
2026-09-18T05:47:55.252Z,84415,65280,65290
2026-09-18T05:47:55.252Z,2348,121100,129100
2026-09-18T05:47:55.252Z,30744,175000,186100
2026-09-18T05:47:55.252Z,7827,241100,368700
2026-09-18T05:47:55.252Z,88535,0.01,168100
2026-09-18T05:47:55.252Z,48418,841500,2689000
2026-09-18T05:47:55.252Z,41478,1032000,1076000
2026-09-18T05:47:55.252Z,31378,11390000,11930000
2026-09-18T05:47:55.252Z,19193,150500000,211000000
2026-09-18T05:47:55.252Z,19347,119000000,134200000
2026-09-18T05:47:55.252Z,88627,320000,3919000
2026-09-18T05:47:55.252Z,41477,532000,600700
2026-09-18T05:47:55.252Z,60295,965200,1032000
2026-09-18T05:47:55.252Z,19117,51500000,90000000
2026-09-18T05:47:55.252Z,31880,1098000,1199000
2026-09-18T05:47:55.252Z,15925,4001000,5403000
2026-09-18T05:47:55.252Z,31175,152100000,296900000
2026-09-18T05:47:55.252Z,19107,8366000,9997000
2026-09-18T05:47:55.252Z,7581,15620,140000
2026-09-18T05:47:55.252Z,61197,152500,542900
2026-09-18T05:47:55.252Z,13775,22000000,28870000
2026-09-18T05:47:55.252Z,19341,115600000,127200000
2026-09-18T05:47:55.252Z,15675,39340000,42630000
2026-09-18T05:47:55.252Z,26430,10530000,17170000
2026-09-18T05:47:55.252Z,23418,63790000,71320000
2026-09-18T05:47:55.252Z,18674,80980000,92760000
2026-09-18T05:47:55.252Z,21386,11.01,45.99
2026-09-18T05:47:55.252Z,19199,188200000,210400000
2026-09-18T05:47:55.252Z,49099,6869000,8531000
2026-09-18T05:47:55.252Z,7089,319200,347000
2026-09-18T05:47:55.252Z,29057,51030,319800
2026-09-18T05:47:55.252Z,83207,442100,993300
2026-09-18T05:47:55.252Z,89509,32840000,55000000
2026-09-18T05:47:55.252Z,88618,1020,151900
2026-09-18T05:47:55.252Z,2352,74000,88980
2026-09-18T05:47:55.252Z,30549,4251000,5500000
2026-09-18T05:47:55.252Z,15792,103100000,113900000
2026-09-18T05:47:55.252Z,6635,120200,179000
2026-09-18T05:47:55.252Z,32772,426600,523300
2026-09-18T05:47:55.252Z,11646,1587000,1759000
2026-09-18T05:47:55.252Z,30342,50.23,7800
2026-09-18T05:47:55.252Z,47342,80260000,116600000
2026-09-18T05:47:55.252Z,400,150000,195000
2026-09-18T05:47:55.252Z,30544,4234000,5800000
2026-09-18T05:47:55.252Z,94153,252500000,278500000
2026-09-18T05:47:55.252Z,52238,241800000,297700000
2026-09-18T05:47:55.252Z,15460,882600,999700
2026-09-18T05:47:55.252Z,35878,137100000,178500000
2026-09-18T05:47:55.252Z,27114,170300000,196600000
2026-09-18T05:47:55.252Z,14124,22330000,26710000
2026-09-18T05:47:55.252Z,53301,5282,11960
2026-09-18T05:47:55.252Z,19269,1395000,2683000
2026-09-18T05:47:55.252Z,3452,144.5,12000
2026-09-18T05:47:55.252Z,76167,3026000,78800000
2026-09-18T05:47:55.252Z,45539,140400000,167500000
2026-09-18T05:47:55.252Z,30550,1523000,6500000
2026-09-18T05:47:55.252Z,6569,273.3,1846
2026-09-18T05:47:55.252Z,9367,432800,589000
2026-09-18T05:47:55.252Z,40561,18340000,25460000
2026-09-18T05:47:55.252Z,30554,3601000,5299000
2026-09-18T05:47:55.252Z,41464,46240000,75030000
2026-09-18T05:47:55.252Z,27603,669900000,1150000000
2026-09-18T05:47:55.252Z,31155,756200,1028000
2026-09-18T05:47:55.252Z,93076,253100000,409900000
2026-09-18T05:47:55.252Z,52772,500000,42180000
2026-09-18T05:47:55.252Z,216,6.1,7.48
2026-09-18T05:47:55.252Z,11539,36650,42070
2026-09-18T05:47:55.252Z,11550,88930,99780
2026-09-18T05:47:55.252Z,9762,482500,506200
2026-09-18T05:47:55.252Z,47000,450300,23290000
2026-09-18T05:47:55.252Z,621,9008000,10000000
2026-09-18T05:47:55.252Z,19189,122400000,142400000
2026-09-18T05:47:55.252Z,26438,4854000,5368000
2026-09-18T05:47:55.252Z,28748,113000000,139000000
2026-09-18T05:47:55.252Z,40552,11150000,14170000
2026-09-18T05:47:55.252Z,48421,139900,389400
2026-09-18T05:47:55.252Z,37583,23460000,47730000
2026-09-18T05:47:55.252Z,9247,51620,95000
2026-09-18T05:47:55.252Z,88643,4208000,13500000
2026-09-18T05:47:55.252Z,90642,4000000,19000000
2026-09-18T05:47:55.252Z,88686,5401000,73320000
2026-09-18T05:47:55.252Z,18857,15310000,27630000
2026-09-18T05:47:55.252Z,32414,21670000,23260000
2026-09-18T05:47:55.252Z,47129,14550000,92870000
2026-09-18T05:47:55.252Z,14039,62360,175000
2026-09-18T05:47:55.252Z,57532,24000000,89350000
2026-09-18T05:47:55.252Z,2270,3.9,4.46
2026-09-18T05:47:55.252Z,11545,5521,6471
2026-09-18T05:47:55.252Z,20307,41,63.15
2026-09-18T05:47:55.252Z,15693,13910000,14040000
2026-09-18T05:47:55.252Z,28328,123,369.8
2026-09-18T05:47:55.252Z,12066,135300,320000
2026-09-18T05:47:55.252Z,41482,1976000,2600000
2026-09-18T05:47:55.252Z,31670,2000,291700
2026-09-18T05:47:55.252Z,27435,973.4,1079
2026-09-18T05:47:55.252Z,85665,20030000,35020000
2026-09-18T05:47:55.252Z,31818,804500,1282000
2026-09-18T05:47:55.252Z,43862,276400000,370000000
2026-09-18T05:47:55.252Z,23085,211000,236400
2026-09-18T05:47:55.252Z,2605,212500,212600
2026-09-18T05:47:55.252Z,496,885500,1753000
2026-09-18T05:47:55.252Z,23165,10.41,44.31
2026-09-18T05:47:55.252Z,27391,303,446.7
2026-09-18T05:47:55.252Z,78369,411100000,498200000
2026-09-18T05:47:55.252Z,57482,73590000,92780000
2026-09-18T05:47:55.252Z,19937,4249,33470
2026-09-18T05:47:55.252Z,9207,35000,99950
2026-09-18T05:47:55.252Z,14126,6001000,8988000
2026-09-18T05:47:55.252Z,3041,631300,696900
2026-09-18T05:47:55.252Z,27361,720,754.4
2026-09-18T05:47:55.252Z,14282,738300,734300
2026-09-18T05:47:55.252Z,47358,73670,89470000
2026-09-18T05:47:55.252Z,58859,434300,1698000
2026-09-18T05:47:55.252Z,15810,115500000,123200000
2026-09-18T05:47:55.252Z,18925,182000000,191000000
2026-09-18T05:47:55.252Z,41202,407400000,480000000
2026-09-18T05:47:55.252Z,24311,56000000,588900000
2026-09-18T05:47:55.252Z,57114,200300000,301300000
2026-09-18T05:47:55.252Z,18887,51910000,103800000
2026-09-18T05:47:55.252Z,23166,104.6,179.9
2026-09-18T05:47:55.252Z,23051,904.8,2468
2026-09-18T05:47:55.252Z,20421,90350,98190
2026-09-18T05:47:55.252Z,28699,83140,88990
2026-09-18T05:47:55.252Z,55512,35000,98460
2026-09-18T05:47:55.252Z,901,5009,2248000
2026-09-18T05:47:55.252Z,47142,14710000,20300000
2026-09-18T05:47:55.252Z,31165,2707000,2811000
2026-09-18T05:47:55.252Z,85553,77770000,220900000
2026-09-18T05:47:55.252Z,10868,8963,15870
2026-09-18T05:47:55.252Z,76488,3001000,3799000
2026-09-18T05:47:55.252Z,10631,298100,333300
2026-09-18T05:47:55.252Z,3552,550.4,939.2
2026-09-18T05:47:55.252Z,18756,551700,1473000
2026-09-18T05:47:55.252Z,218,8.08,10.99
2026-09-18T05:47:55.252Z,86118,5779000,25780000
2026-09-18T05:47:55.252Z,44167,12530,999500
2026-09-18T05:47:55.252Z,85655,3503000,12470000
2026-09-18T05:47:55.252Z,56788,781200,960100
2026-09-18T05:47:55.252Z,2679,98.17,108.7
2026-09-18T05:47:55.252Z,90481,130.5,28800
2026-09-18T05:47:55.252Z,19939,14140,29320
2026-09-18T05:47:55.252Z,54993,82850000,142500000
2026-09-18T05:47:55.252Z,29248,430100,526400
2026-09-18T05:47:55.252Z,16248,110800000,118700000
2026-09-18T05:47:55.252Z,19315,114300000,125100000
2026-09-18T05:47:55.252Z,22571,145300000,162500000
2026-09-18T05:47:55.252Z,60244,54410000,60000000
2026-09-18T05:47:55.252Z,89668,8700000,48670000
2026-09-18T05:47:55.252Z,23019,375.8,639
2026-09-18T05:47:55.252Z,11400,15190000,16500000
2026-09-18T05:47:55.252Z,85844,80000,350000
2026-09-18T05:47:55.252Z,88715,271500000,399700000
2026-09-18T05:47:55.252Z,15900,106600,84450000
2026-09-18T05:47:55.252Z,27914,1510000,1642000
2026-09-18T05:47:55.252Z,31410,36830000,47930000
2026-09-18T05:47:55.252Z,55524,1001,98790
2026-09-18T05:47:55.252Z,12625,37.08,50.88
2026-09-18T05:47:55.252Z,60759,99990000,133500000
2026-09-18T05:47:55.252Z,44996,8990000000,9480000000
2026-09-18T05:47:55.252Z,42787,1030000,21980000
2026-09-18T05:47:55.252Z,4302,62370000,70540000
2026-09-18T05:47:55.252Z,27371,601.4,768.7
2026-09-18T05:47:55.252Z,42882,10020000,13550000
2026-09-18T05:47:55.252Z,27337,545.2,987.9
2026-09-18T05:47:55.252Z,35944,69410000,130000000
2026-09-18T05:47:55.252Z,14019,133,5999
2026-09-18T05:47:55.252Z,62590,10850000,12040000
2026-09-18T05:47:55.252Z,14232,50040000,70900000
2026-09-18T05:47:55.252Z,27066,209000000,459400000
2026-09-18T05:47:55.252Z,3065,5025000,5855000
2026-09-18T05:47:55.252Z,8007,3550,16000
2026-09-18T05:47:55.252Z,41533,266700000,288000000
2026-09-18T05:47:55.252Z,9734,506400,506500
2026-09-18T05:47:55.252Z,14254,103900000,113300000
2026-09-18T05:47:55.252Z,95720,418600000,727300000
2026-09-18T05:47:55.252Z,18730,61760,2261000
2026-09-18T05:47:55.252Z,29984,214300000,229000000
2026-09-18T05:47:55.252Z,11442,9769000,12970000
2026-09-18T05:47:55.252Z,14112,22500000,35130000
2026-09-18T05:47:55.252Z,41644,500000,17990000
2026-09-18T05:47:55.252Z,13228,125500,15870000
2026-09-18T05:47:55.252Z,31592,3140000,3228000
2026-09-18T05:47:55.252Z,17668,1220,3480
2026-09-18T05:47:55.252Z,47822,3449000,4247000
2026-09-18T05:47:55.252Z,11188,17620000,18880000
2026-09-18T05:47:55.252Z,19313,15390000,33930000
2026-09-18T05:47:55.252Z,88641,4400000,18500000
2026-09-18T05:47:55.252Z,45898,30000,3950000
2026-09-18T05:47:55.252Z,30987,254300,290800
2026-09-18T05:47:55.252Z,18903,52010000,61260000
2026-09-18T05:47:55.252Z,11289,5530,7089
2026-09-18T05:47:55.252Z,12263,5533000,6371000
2026-09-18T05:47:55.252Z,4345,410600000,492900000
2026-09-18T05:47:55.252Z,33287,321200000,342000000
2026-09-18T05:47:55.252Z,31330,11270000,13180000
2026-09-18T05:47:55.252Z,31460,706800,1167000
2026-09-18T05:47:55.252Z,31610,991600,1307000
2026-09-18T05:47:55.252Z,31003,5000000,5267000
2026-09-18T05:47:55.252Z,47073,112200,118800000
2026-09-18T05:47:55.252Z,19201,139000000,150000000
2026-09-18T05:47:55.252Z,17470,11.33,12.76
2026-09-18T05:47:55.252Z,23145,56680,134500
2026-09-18T05:47:55.252Z,15508,5000,32880
2026-09-18T05:47:55.252Z,18835,826500,1990000
2026-09-18T05:47:55.252Z,91615,292600000,388800000
2026-09-18T05:47:55.252Z,41055,671000,753800
2026-09-18T05:47:55.252Z,62526,20.01,29.99
2026-09-18T05:47:55.252Z,41607,1032000,28000000
2026-09-18T05:47:55.252Z,20161,782200000,885100000
2026-09-18T05:47:55.252Z,16067,81830000,106900000
2026-09-18T05:47:55.252Z,45607,33710000,37120000
2026-09-18T05:47:55.252Z,47975,48150,54280
2026-09-18T05:47:55.252Z,617,4091000000,4499000000
2026-09-18T05:47:55.252Z,48417,206600,590000
2026-09-18T05:47:55.252Z,2905,440200,548400
2026-09-18T05:47:55.252Z,76174,100100,127900000
2026-09-18T05:47:55.252Z,84408,8106,73900
2026-09-18T05:47:55.252Z,54973,18000000,26490000
2026-09-18T05:47:55.252Z,63642,4461000,11990000
2026-09-18T05:47:55.252Z,55657,10090,138900
2026-09-18T05:47:55.252Z,26288,56820000,61930000
2026-09-18T05:47:55.252Z,92468,1205000,1323000
2026-09-18T05:47:55.252Z,4477,9362,21900
2026-09-18T05:47:55.252Z,62392,113300,148300
2026-09-18T05:47:55.252Z,18684,148800000,163600000
2026-09-18T05:47:55.252Z,28800,167300000,198000000
2026-09-18T05:47:55.252Z,31974,10000000,17760000
2026-09-18T05:47:55.252Z,47032,43100000,65440000
2026-09-18T05:47:55.252Z,15759,16490000,22440000
2026-09-18T05:47:55.252Z,17230,7800,49900
2026-09-18T05:47:55.252Z,31746,1210000,1296000
2026-09-18T05:47:55.252Z,31652,14020000,15200000
2026-09-18T05:47:55.252Z,37805,21710000,24770000
2026-09-18T05:47:55.252Z,26912,1235000,1458000
2026-09-18T05:47:55.252Z,19335,255000000,283600000
2026-09-18T05:47:55.252Z,42762,225000,2190000
2026-09-18T05:47:55.252Z,13947,10700000,11610000
2026-09-18T05:47:55.252Z,45604,32750000,36620000
2026-09-18T05:47:55.252Z,13263,12900000,14660000
2026-09-18T05:47:55.252Z,77177,29340000,473400000
2026-09-18T05:47:55.252Z,27174,152500000,164000000
2026-09-18T05:47:55.252Z,7045,245000,238400
2026-09-18T05:47:55.252Z,42881,8003000,27160000
2026-09-18T05:47:55.252Z,19268,21330000,23430000
2026-09-18T05:47:55.252Z,54731,114200000,165700000
2026-09-18T05:47:55.252Z,81143,2039,2179
2026-09-18T05:47:55.252Z,21572,165500,450000
2026-09-18T05:47:55.252Z,33270,8210,18980
2026-09-18T05:47:55.252Z,47873,612000,1045000
2026-09-18T05:47:55.252Z,94063,268800000,309800000
2026-09-18T05:47:55.252Z,18849,361300000,401300000
2026-09-18T05:47:55.252Z,33557,125200000,147800000
2026-09-18T05:47:55.252Z,1820,82,95
2026-09-18T05:47:55.252Z,43700,2152000,2449000
2026-09-18T05:47:55.252Z,16367,331900,360800
2026-09-18T05:47:55.252Z,1226,230.5,744.8
2026-09-18T05:47:55.252Z,60105,50030000,899400000
2026-09-18T05:47:55.252Z,91939,9386000,12680000
2026-09-18T05:47:55.252Z,72872,121400000,133600000
2026-09-18T05:47:55.252Z,22108,26120000,30750000
2026-09-18T05:47:55.252Z,41066,245200000,471300000
2026-09-18T05:47:55.252Z,1230,11.31,12.58
2026-09-18T05:47:55.252Z,22949,26000000,31560000
2026-09-18T05:47:55.252Z,47141,7336000,18470000
2026-09-18T05:47:55.252Z,33061,1000000,9899000
2026-09-18T05:47:55.252Z,52286,4025000,19890000
2026-09-18T05:47:55.252Z,79950,1860000,130000000
2026-09-18T05:47:55.252Z,33957,61000000,66010000
2026-09-18T05:47:55.252Z,13982,12870000,16740000
2026-09-18T05:47:55.252Z,37628,184300000,346400000
2026-09-18T05:47:55.252Z,40758,87520000,111800000
2026-09-18T05:47:55.252Z,90490,41570,320000
2026-09-18T05:47:55.252Z,91287,255400000,329000000
2026-09-18T05:47:55.252Z,85786,1403000,3300000
2026-09-18T05:47:55.252Z,16696,1227000,3501000
2026-09-18T05:47:55.252Z,20507,182600000,194600000
2026-09-18T05:47:55.252Z,1353,15280,26280
2026-09-18T05:47:55.252Z,6001,23130,30980
2026-09-18T05:47:55.252Z,46847,17120000,40000000
2026-09-18T05:47:55.252Z,62383,85340,90000
2026-09-18T05:47:55.252Z,54307,4642000,14940000
2026-09-18T05:47:55.252Z,22127,100600000,111500000
2026-09-18T05:47:55.252Z,87573,959500000,1350000000
2026-09-18T05:47:55.252Z,85664,275600000,391800000
2026-09-18T05:47:55.252Z,43664,131700000,186500000
2026-09-18T05:47:55.252Z,53302,8526,10870
2026-09-18T05:47:55.252Z,57477,91220000,99910000
2026-09-18T05:47:55.252Z,30476,2514000,2980000
2026-09-18T05:47:55.252Z,4247,18230,18680
2026-09-18T05:47:55.252Z,47802,30510000,38000000
2026-09-18T05:47:55.252Z,30478,101000,485000
2026-09-18T05:47:55.252Z,33522,25660000,30540000
2026-09-18T05:47:55.252Z,46992,3116000,9995000
2026-09-18T05:47:55.252Z,42214,541300000,605200000
2026-09-18T05:47:55.252Z,47770,141100,167800
2026-09-18T05:47:55.252Z,27423,1397,1474
2026-09-18T05:47:55.252Z,30008,605500,978700
2026-09-18T05:47:55.252Z,4529,2419,5986
2026-09-18T05:47:55.252Z,90470,12.69,592
2026-09-18T05:47:55.252Z,95556,330200000,468100000
2026-09-18T05:47:55.252Z,3995,1713000,2049000
2026-09-18T05:47:55.252Z,28433,194000,213000
2026-09-18T05:47:55.252Z,62571,4258,4799
2026-09-18T05:47:55.252Z,17365,298700,748800
2026-09-18T05:47:55.252Z,28670,1608000,1935000
2026-09-18T05:47:55.252Z,19133,19830000,23830000
2026-09-18T05:47:55.252Z,91922,1068000,2500000
2026-09-18T05:47:55.252Z,32104,5302000,11480000
2026-09-18T05:47:55.252Z,33138,793700,1778000
2026-09-18T05:47:55.252Z,24641,14650000,16970000
2026-09-18T05:47:55.252Z,31456,358800,575000
2026-09-18T05:47:55.252Z,31664,769000,2591000
2026-09-18T05:47:55.252Z,30562,132100,370000
2026-09-18T05:47:55.252Z,16680,830.1,887
2026-09-18T05:47:55.252Z,11454,83110,664200
2026-09-18T05:47:55.252Z,85746,3532,4097
2026-09-18T05:47:55.252Z,3265,5438000,6293000
2026-09-18T05:47:55.252Z,22124,301400000,340000000
2026-09-18T05:47:55.252Z,34593,20150000,24890000
2026-09-18T05:47:55.252Z,47911,1729000,1994000
2026-09-18T05:47:55.252Z,45605,36060000,41420000
2026-09-18T05:47:55.252Z,40714,23030000,35260000
2026-09-18T05:47:55.252Z,92663,50010000,160000000
2026-09-18T05:47:55.252Z,92993,8700000,24080000
2026-09-18T05:47:55.252Z,26318,13750000,61020000
2026-09-18T05:47:55.252Z,27911,,23000000
2026-09-18T05:47:55.252Z,49705,21140,499200
2026-09-18T05:47:55.252Z,40660,43260000,57520000
2026-09-18T05:47:55.252Z,27573,61480000,138000000
2026-09-18T05:47:55.252Z,91410,38010000,49970000
2026-09-18T05:47:55.252Z,3224,527500000,610100000
2026-09-18T05:47:55.252Z,19996,1.23,19.99
2026-09-18T05:47:55.252Z,57009,361700,3236000
2026-09-18T05:47:55.252Z,76495,3270000,9783000
2026-09-18T05:47:55.252Z,5867,559.4,695.2
2026-09-18T05:47:55.252Z,55358,30130,40000
2026-09-18T05:47:55.252Z,16275,4616,4799
2026-09-18T05:47:55.252Z,85934,6200000,13690000
2026-09-18T05:47:55.252Z,15588,8000,8004
2026-09-18T05:47:55.252Z,23894,94800000,106600000
2026-09-18T05:47:55.252Z,48656,1501000,279000000
2026-09-18T05:47:55.252Z,20747,3525,4498
2026-09-18T05:47:55.252Z,33092,1013,9990
2026-09-18T05:47:55.252Z,22456,36330000,39990000
2026-09-18T05:47:55.252Z,13799,4161000,9120000
2026-09-18T05:47:55.252Z,60459,92930,96640
2026-09-18T05:47:55.252Z,81826,614300000,639600000
2026-09-18T05:47:55.252Z,26298,79820000,98090000
2026-09-18T05:47:55.252Z,27147,8065000,18180000
2026-09-18T05:47:55.252Z,3446,351,1000
2026-09-18T05:47:55.252Z,11355,3729,18900
2026-09-18T05:47:55.252Z,9582,1301,3937
2026-09-18T05:47:55.252Z,3276,501600000,686200000
2026-09-18T05:47:55.252Z,15615,3598000,3650000
2026-09-18T05:47:55.252Z,3653,69180,228000
2026-09-18T05:47:55.252Z,10250,626500,745700
2026-09-18T05:47:55.252Z,84074,2050000,143900000
2026-09-18T05:47:55.252Z,56143,26500000,28960000
2026-09-18T05:47:55.252Z,74150,157200,9585000
2026-09-18T05:47:55.252Z,60907,2200000,3646000
2026-09-18T05:47:55.252Z,26253,150,169900
2026-09-18T05:47:55.252Z,3356,62.19,62.2
2026-09-18T05:47:55.252Z,2464,4352,5699
2026-09-18T05:47:55.252Z,25709,19100,21000
2026-09-18T05:47:55.252Z,9622,22500,28000
2026-09-18T05:47:55.252Z,24700,46790000,52450000
2026-09-18T05:47:55.252Z,16236,1046000,1200000
2026-09-18T05:47:55.252Z,85391,40500,59190
2026-09-18T05:47:55.252Z,61127,2141000,27910000
2026-09-18T05:47:55.252Z,83467,2202000,2290000
2026-09-18T05:47:55.252Z,41268,16940,22880
2026-09-18T05:47:55.252Z,43508,1152000,11980000
2026-09-18T05:47:55.252Z,85148,80010,1988000
2026-09-18T05:47:55.252Z,37299,224200000,258400000
2026-09-18T05:47:55.252Z,23073,11510,289900
2026-09-18T05:47:55.252Z,14194,115000,19670000
2026-09-18T05:47:55.252Z,3359,1600,149000
2026-09-18T05:47:55.252Z,7491,344.2,47500
2026-09-18T05:47:55.252Z,17224,11050,990000
2026-09-18T05:47:55.252Z,45770,161900,400000
2026-09-18T05:47:55.252Z,47805,506000,821000
2026-09-18T05:47:55.252Z,47799,50210,190200
2026-09-18T05:47:55.252Z,23095,290000,612000
2026-09-18T05:47:55.252Z,17407,200800,7082000
2026-09-18T05:47:55.252Z,13958,31130000,47650000
2026-09-18T05:47:55.252Z,30558,5655000,6140000
2026-09-18T05:47:55.252Z,78797,200000,3800000
2026-09-18T05:47:55.252Z,15830,6036000,178000000
2026-09-18T05:47:55.252Z,15725,1074000,4366000
2026-09-18T05:47:55.252Z,3215,538000000,642700000
2026-09-18T05:47:55.252Z,43775,515300000,620000000
2026-09-18T05:47:55.252Z,31203,,253900
2026-09-18T05:47:55.252Z,47182,20000,300000
2026-09-18T05:47:55.252Z,11542,4800,5000
2026-09-18T05:47:55.252Z,46675,3203,6500
2026-09-18T05:47:55.252Z,85964,25000000,79980000
2026-09-18T05:47:55.252Z,52915,108100000,117700000
2026-09-18T05:47:55.252Z,18817,12000000,14450000
2026-09-18T05:47:55.252Z,34306,4548000,5166000
2026-09-18T05:47:55.252Z,47798,232200,900000
2026-09-18T05:47:55.252Z,54399,128700000,157900000
2026-09-18T05:47:55.252Z,52303,761200000,2199000000
2026-09-18T05:47:55.252Z,21338,5.12,25
2026-09-18T05:47:55.252Z,31562,110400,182400
2026-09-18T05:47:55.252Z,83298,10000,392700
2026-09-18T05:47:55.252Z,55683,1000,195000
2026-09-18T05:47:55.252Z,29045,724100,1996000
2026-09-18T05:47:55.252Z,53377,20020,899800
2026-09-18T05:47:55.252Z,21894,1115,1237
2026-09-18T05:47:55.252Z,208,63,74.61
2026-09-18T05:47:55.252Z,27148,111900000,119800000
2026-09-18T05:47:55.252Z,37546,606300,977500
2026-09-18T05:47:55.252Z,94154,20110000,54290000
2026-09-18T05:47:55.252Z,37849,2327000,2990000
2026-09-18T05:47:55.252Z,11255,1053,679000
2026-09-18T05:47:55.252Z,47318,8000000,25000000
2026-09-18T05:47:55.252Z,41058,51220000,56440000
2026-09-18T05:47:55.252Z,624,9922000,11780000
2026-09-18T05:47:55.252Z,45880,112400,1650000
2026-09-18T05:47:55.252Z,31902,29100000,34180000
2026-09-18T05:47:55.252Z,31061,304500000,341700000
2026-09-18T05:47:55.252Z,52242,1540000000,1740000000
2026-09-18T05:47:55.252Z,49803,101000,3963000
2026-09-18T05:47:55.252Z,40633,665900000,853300000
2026-09-18T05:47:55.252Z,27319,11.98,19
2026-09-18T05:47:55.252Z,97200,100000000,775000000
2026-09-18T05:47:55.252Z,90317,45130000,110000000
2026-09-18T05:47:55.252Z,3775,12910,13290
2026-09-18T05:47:55.252Z,44268,82.01,82.03
2026-09-18T05:47:55.252Z,20929,2146,8497
2026-09-18T05:47:55.252Z,13001,1344000,1638000
2026-09-18T05:47:55.252Z,13216,15200000,16670000
2026-09-18T05:47:55.252Z,10156,19360000,21800000
2026-09-18T05:47:55.252Z,41525,58830000,71180000
2026-09-18T05:47:55.252Z,11453,11480000,12990000
2026-09-18T05:47:55.252Z,40696,130700000,167700000
2026-09-18T05:47:55.252Z,46002,2612000,2906000
2026-09-18T05:47:55.252Z,55320,5170,840000
2026-09-18T05:47:55.252Z,13937,104300000,114100000
2026-09-18T05:47:55.252Z,15895,70610000,75760000
2026-09-18T05:47:55.252Z,88176,,9999
2026-09-18T05:47:55.252Z,28377,93440000,99880000
2026-09-18T05:47:55.252Z,85230,18760000,25410000
2026-09-18T05:47:55.252Z,54777,30010,34700
2026-09-18T05:47:55.252Z,47871,36320,84530
2026-09-18T05:47:55.252Z,22782,1900000,2086000
2026-09-18T05:47:55.252Z,27672,3796000,4500000
2026-09-18T05:47:55.252Z,46241,8734000,17790000
2026-09-18T05:47:55.252Z,5342,500.2,8889
2026-09-18T05:47:55.252Z,3144,3801000,6794000
2026-09-18T05:47:55.252Z,33337,28000,30300
2026-09-18T05:47:55.252Z,41251,82270000,93460000
2026-09-18T05:47:55.252Z,28682,1769000,1986000
2026-09-18T05:47:55.252Z,37481,38350000,44850000
2026-09-18T05:47:55.252Z,33559,135500000,154000000
2026-09-18T05:47:55.252Z,84680,383800000,530000000
2026-09-18T05:47:55.252Z,82489,80000,1961000
2026-09-18T05:47:55.252Z,57463,929600,1171000
2026-09-18T05:47:55.252Z,57010,351700,14470000
2026-09-18T05:47:55.252Z,47352,20890000,24670000
2026-09-18T05:47:55.252Z,32113,1016000,10790000
2026-09-18T05:47:55.252Z,57455,871.3,884
2026-09-18T05:47:55.252Z,31716,22000,26980
2026-09-18T05:47:55.252Z,1944,1103000,2496000
2026-09-18T05:47:55.252Z,5403,18630,23640
2026-09-18T05:47:55.252Z,13921,35510000,59330000
2026-09-18T05:47:55.252Z,46111,1020000,2966000
2026-09-18T05:47:55.252Z,18911,54700000,80990000
2026-09-18T05:47:55.252Z,11319,310700,346500
2026-09-18T05:47:55.252Z,33971,65010000,79980000
2026-09-18T05:47:55.252Z,11287,5003,7700
2026-09-18T05:47:55.252Z,20505,514200000,600000000
2026-09-18T05:47:55.252Z,55630,111.1,93400
2026-09-18T05:47:55.252Z,23856,50250000,71200000
2026-09-18T05:47:55.252Z,79720,680500,999900
2026-09-18T05:47:55.252Z,31868,2730000,3988000
2026-09-18T05:47:55.252Z,49435,3804000,7999000
2026-09-18T05:47:55.252Z,57008,509700,2199000
2026-09-18T05:47:55.252Z,79756,7138000,89160000
2026-09-18T05:47:55.252Z,3687,395.7,742.9
2026-09-18T05:47:55.252Z,52682,30020000,104400000
2026-09-18T05:47:55.252Z,31570,7475000,18550000
2026-09-18T05:47:55.252Z,31884,2056000,2232000
2026-09-18T05:47:55.252Z,28290,101400,689000
2026-09-18T05:47:55.252Z,82474,10000,795000
2026-09-18T05:47:55.252Z,28334,603.8,664.9
2026-09-18T05:47:55.252Z,22119,24570000,27910000
2026-09-18T05:47:55.252Z,52680,10000000,47930000
2026-09-18T05:47:55.252Z,90316,110000000,145000000
2026-09-18T05:47:55.252Z,57468,155000,353000
2026-09-18T05:47:55.252Z,82473,240200,1500000
2026-09-18T05:47:55.252Z,1808,35240,73970
2026-09-18T05:47:55.252Z,62633,70260000,83490000
2026-09-18T05:47:55.252Z,33591,3382000,4447000
2026-09-18T05:47:55.252Z,91142,641700,2997000
2026-09-18T05:47:55.252Z,55616,10010,318900
2026-09-18T05:47:55.252Z,3715,10,100
2026-09-18T05:47:55.252Z,19029,39910000,42970000
2026-09-18T05:47:55.252Z,27256,111100000,119800000
2026-09-18T05:47:55.252Z,31360,3442000,3547000
2026-09-18T05:47:55.252Z,2589,145300000,164300000
2026-09-18T05:47:55.252Z,53706,210100000,221800000
2026-09-18T05:47:55.252Z,3208,29840000,73800000
2026-09-18T05:47:55.252Z,22452,38430000,55170000
2026-09-18T05:47:55.252Z,2446,1302000,1418000
2026-09-18T05:47:55.252Z,27367,100,473.8
2026-09-18T05:47:55.252Z,46999,4001000,19440000
2026-09-18T05:47:55.252Z,32116,4212000,11800000
2026-09-18T05:47:55.252Z,88528,20010,977600
2026-09-18T05:47:55.252Z,23840,995200,1250000
2026-09-18T05:47:55.252Z,1236,364100,404800
2026-09-18T05:47:55.252Z,1447,372200,418000
2026-09-18T05:47:55.252Z,22548,185200000,196500000
2026-09-18T05:47:55.252Z,76290,514200000,895500000
2026-09-18T05:47:55.252Z,11447,31630,800000
2026-09-18T05:47:55.252Z,31963,5129000,21610000
2026-09-18T05:47:55.252Z,53362,27220,1013000
2026-09-18T05:47:55.252Z,74145,50010,4470000
2026-09-18T05:47:55.252Z,36908,21330000,23220000
2026-09-18T05:47:55.252Z,16513,18000,24720
2026-09-18T05:47:55.252Z,85773,480000,1075000
2026-09-18T05:47:55.252Z,46370,333400,1336000
2026-09-18T05:47:55.252Z,7709,40010,52900
2026-09-18T05:47:55.252Z,60910,500200,12460000
2026-09-18T05:47:55.252Z,2563,906400,1488000
2026-09-18T05:47:55.252Z,82186,3011000000,5490000000
2026-09-18T05:47:55.252Z,47922,47530000,55390000
2026-09-18T05:47:55.252Z,210,11.76,15.38
2026-09-18T05:47:55.252Z,55318,401,87000
2026-09-18T05:47:55.252Z,55531,,125000
2026-09-18T05:47:55.252Z,56847,9136000,98780000
2026-09-18T05:47:55.252Z,94152,269700000,291800000
2026-09-18T05:47:55.252Z,17688,515500,1996000
2026-09-18T05:47:55.252Z,20885,18120,475000
2026-09-18T05:47:55.252Z,17694,1,1562000
2026-09-18T05:47:55.252Z,31340,2403000,4814000
2026-09-18T05:47:55.252Z,35877,5207000,799800000
2026-09-18T05:47:55.252Z,15464,10880000,12060000
2026-09-18T05:47:55.252Z,11640,386000,502600
2026-09-18T05:47:55.252Z,83300,1,117500
2026-09-18T05:47:55.252Z,27075,450000,678000
2026-09-18T05:47:55.252Z,27365,32500,34500
2026-09-18T05:47:55.252Z,5181,468.6,10000
2026-09-18T05:47:55.252Z,13968,1000000,1660000
2026-09-18T05:47:55.252Z,27379,50.2,173.9
2026-09-18T05:47:55.252Z,62379,50550,54990
2026-09-18T05:47:55.252Z,32102,5621000,25710000
2026-09-18T05:47:55.252Z,32103,5001000,26010000
2026-09-18T05:47:55.252Z,32105,4707000,25710000
2026-09-18T05:47:55.252Z,30746,1398000,1429000
2026-09-18T05:47:55.252Z,13950,24790000,39000000
2026-09-18T05:47:55.252Z,23111,613500,885400
2026-09-18T05:47:55.252Z,12023,136000000,147900000
2026-09-18T05:47:55.252Z,5973,303200,419900
2026-09-18T05:47:55.252Z,32811,1843000000,2399000000
2026-09-18T05:47:55.252Z,14130,5522000,6595000
2026-09-18T05:47:55.252Z,16638,621.4,693.3
2026-09-18T05:47:55.252Z,31113,13150000,13550000
2026-09-18T05:47:55.252Z,32340,9154000,17400000
2026-09-18T05:47:55.252Z,20183,1780000,1395000000
2026-09-18T05:47:55.252Z,63857,1036,4988000
2026-09-18T05:47:55.252Z,62649,51240,5430000
2026-09-18T05:47:55.252Z,91283,143100000,246900000
2026-09-18T05:47:55.252Z,92970,276500000,354900000
2026-09-18T05:47:55.252Z,90411,56440000,64930000
2026-09-18T05:47:55.252Z,33475,8009000,8497000
2026-09-18T05:47:55.252Z,19539,975600000,1143000000
2026-09-18T05:47:55.252Z,20501,110700000,115000000
2026-09-18T05:47:55.252Z,22468,250000000,272800000
2026-09-18T05:47:55.252Z,12209,6021000,10000000
2026-09-18T05:47:55.252Z,31888,1071000,1250000
2026-09-18T05:47:55.252Z,13988,1100000,7998000
2026-09-18T05:47:55.252Z,55034,18750000,25100000
2026-09-18T05:47:55.252Z,31956,34160000,51440000
2026-09-18T05:47:55.252Z,33527,284000000,318900000
2026-09-18T05:47:55.252Z,91570,7157000,18890000
2026-09-18T05:47:55.252Z,85494,403600,1433000
2026-09-18T05:47:55.252Z,47105,107300000,799800000
2026-09-18T05:47:55.252Z,22440,726300000,779700000
2026-09-18T05:47:55.252Z,21228,2618,469000
2026-09-18T05:47:55.252Z,13892,9100000,11900000
2026-09-18T05:47:55.252Z,84212,40000,68980
2026-09-18T05:47:55.252Z,19151,75120000,94200000
2026-09-18T05:47:55.252Z,17621,3261000,7492000
2026-09-18T05:47:55.252Z,23071,252400,285600
2026-09-18T05:47:55.252Z,22570,19030000,20910000
2026-09-18T05:47:55.252Z,31195,111300,1495000
2026-09-18T05:47:55.252Z,90606,840000,13990000
2026-09-18T05:47:55.252Z,35891,100200000,169200000
2026-09-18T05:47:55.252Z,40361,5777000,6289000
2026-09-18T05:47:55.252Z,23115,632400,932400
2026-09-18T05:47:55.252Z,26450,75480000,79350000
2026-09-18T05:47:55.252Z,2945,1134000,1426000
2026-09-18T05:47:55.252Z,41566,47860000,67270000
2026-09-18T05:47:55.252Z,57207,59790000,69630000
2026-09-18T05:47:55.252Z,634,8457000,10320000
2026-09-18T05:47:55.252Z,23134,26020000,28000000
2026-09-18T05:47:55.252Z,40569,24980000,34010000
2026-09-18T05:47:55.252Z,17898,61010,80510
2026-09-18T05:47:55.252Z,15461,4333000,5640000
2026-09-18T05:47:55.252Z,8903,90470,195000
2026-09-18T05:47:55.252Z,27918,976900,1689000
2026-09-18T05:47:55.252Z,22997,501.3,1089
2026-09-18T05:47:55.252Z,5322,6560,12560
2026-09-18T05:47:55.252Z,22442,238700000,253900000
2026-09-18T05:47:55.252Z,48433,215700,396800
2026-09-18T05:47:55.252Z,54827,16970000,24610000
2026-09-18T05:47:55.252Z,8091,3319,8098
2026-09-18T05:47:55.252Z,44158,306800,3392000
2026-09-18T05:47:55.252Z,11995,201500000,225200000
2026-09-18T05:47:55.252Z,21041,9829000,10720000
2026-09-18T05:47:55.252Z,21926,707.8,1060
2026-09-18T05:47:55.252Z,29051,560900,1820000
2026-09-18T05:47:55.252Z,2524,90090,92000
2026-09-18T05:47:55.252Z,3288,,272900
2026-09-18T05:47:55.252Z,4051,16190,17470
2026-09-18T05:47:55.252Z,7369,48000,66000
2026-09-18T05:47:55.252Z,26358,8531000,57180000
2026-09-18T05:47:55.252Z,49927,38180000,369300000
2026-09-18T05:47:55.252Z,37631,289100000,311100000
2026-09-18T05:47:55.252Z,3116,549000000,592400000
2026-09-18T05:47:55.252Z,86660,250000,3666000
2026-09-18T05:47:55.252Z,92591,60000,170500
2026-09-18T05:47:55.252Z,32248,1336000,2698000
2026-09-18T05:47:55.252Z,1179,5000,470000
2026-09-18T05:47:55.252Z,25273,49240,59400
2026-09-18T05:47:55.252Z,15907,84940000,95280000
2026-09-18T05:47:55.252Z,55650,1004,494000
2026-09-18T05:47:55.252Z,31199,35140000,269500000
2026-09-18T05:47:55.252Z,26056,102900,1543000
2026-09-18T05:47:55.252Z,47829,225600,986900
2026-09-18T05:47:55.252Z,14070,51420000,54710000
2026-09-18T05:47:55.252Z,21039,9997000,10340000
2026-09-18T05:47:55.252Z,2525,71500,92000
2026-09-18T05:47:55.252Z,78794,504100,6248000
2026-09-18T05:47:55.252Z,42775,200300,4692000
2026-09-18T05:47:55.252Z,42755,350100,4400000
2026-09-18T05:47:55.252Z,32122,3202000,14090000
2026-09-18T05:47:55.252Z,33063,3250000,4700000
2026-09-18T05:47:55.252Z,23135,41010,79930
2026-09-18T05:47:55.252Z,46001,111400,125200
2026-09-18T05:47:55.252Z,31688,4030000,7071000
2026-09-18T05:47:55.252Z,34489,269500000,297000000
2026-09-18T05:47:55.252Z,19195,512400000,586900000
2026-09-18T05:47:55.252Z,23844,1460000,4890000
2026-09-18T05:47:55.252Z,18869,33550000,41780000
2026-09-18T05:47:55.252Z,899,62620,1680000
2026-09-18T05:47:55.252Z,88457,20000,298900
2026-09-18T05:47:55.252Z,31650,2978000,3599000
2026-09-18T05:47:55.252Z,55594,0.01,32960
2026-09-18T05:47:55.252Z,25268,40310,69430
2026-09-18T05:47:55.252Z,28811,394900000,430800000
2026-09-18T05:47:55.252Z,21730,2106,20150
2026-09-18T05:47:55.252Z,213,14,14.74
2026-09-18T05:47:55.252Z,61868,4500000,49500000
2026-09-18T05:47:55.252Z,41238,40440000,53820000
2026-09-18T05:47:55.252Z,25718,1040000,1041000
2026-09-18T05:47:55.252Z,23821,9293000,41730000
2026-09-18T05:47:55.252Z,16321,3500,3601
2026-09-18T05:47:55.252Z,55547,13470,134600
2026-09-18T05:47:55.252Z,4308,63710000,68990000
2026-09-18T05:47:55.252Z,3222,1569000,6195000
2026-09-18T05:47:55.252Z,40351,126700000,136100000
2026-09-18T05:47:55.252Z,33525,187100000,206900000
2026-09-18T05:47:55.252Z,592,127700,339900
2026-09-18T05:47:55.252Z,30752,73490000,79660000
2026-09-18T05:47:55.252Z,62397,4136,4598
2026-09-18T05:47:55.252Z,19087,7013000,8418000
2026-09-18T05:47:55.252Z,47887,1100,1173
2026-09-18T05:47:55.252Z,59196,50400,1941000
2026-09-18T05:47:55.252Z,78914,678900000,3000000000
2026-09-18T05:47:55.252Z,27451,336,598.9
2026-09-18T05:47:55.252Z,21194,2238,40000
2026-09-18T05:47:55.252Z,20629,7607000,13000000
2026-09-18T05:47:55.252Z,55826,1600000000,1885000000
2026-09-18T05:47:55.252Z,41239,129700000,165100000
2026-09-18T05:47:55.252Z,12237,21310000,27930000
2026-09-18T05:47:55.252Z,3512,994100,1274000
2026-09-18T05:47:55.252Z,30836,817900,901600
2026-09-18T05:47:55.252Z,17500,50840000,56260000
2026-09-18T05:47:55.252Z,18680,30120000,43910000
2026-09-18T05:47:55.252Z,63058,262900000,446500000
2026-09-18T05:47:55.252Z,3117,5504000,7898000
2026-09-18T05:47:55.252Z,10209,90580000,97710000
2026-09-18T05:47:55.252Z,1957,9001,44990
2026-09-18T05:47:55.252Z,26256,2441,39850
2026-09-18T05:47:55.252Z,37850,1916000,2255000
2026-09-18T05:47:55.252Z,33298,34080000,376000000
2026-09-18T05:47:55.252Z,26254,2062,69000
2026-09-18T05:47:55.252Z,37823,12730,89620
2026-09-18T05:47:55.252Z,33017,17310000,76890000
2026-09-18T05:47:55.252Z,2913,1561000,1608000
2026-09-18T05:47:55.252Z,92966,67260000,105000000
2026-09-18T05:47:55.252Z,26258,150.2,170000
2026-09-18T05:47:55.252Z,21082,60170,61120
2026-09-18T05:47:55.252Z,19005,16290000,34990000
2026-09-18T05:47:55.252Z,13880,903800,1940000
2026-09-18T05:47:55.252Z,37824,90090,177600
2026-09-18T05:47:55.252Z,254,8051,8052
2026-09-18T05:47:55.252Z,12054,507500,1498000
2026-09-18T05:47:55.252Z,53229,100500,3024000
2026-09-18T05:47:55.252Z,49980,300000,2000000
2026-09-18T05:47:55.252Z,25276,117100,123900
2026-09-18T05:47:55.252Z,52228,565500,850000
2026-09-18T05:47:55.252Z,11691,17450,19880
2026-09-18T05:47:55.252Z,91973,36590000,74200000
2026-09-18T05:47:55.252Z,82055,1002000,19740000
2026-09-18T05:47:55.252Z,24646,667100000,871200000
2026-09-18T05:47:55.252Z,19537,80000000,111000000
2026-09-18T05:47:55.252Z,53905,69120000,135000000
2026-09-18T05:47:55.252Z,23174,3616000,4362000
2026-09-18T05:47:55.252Z,14082,113800,433900
2026-09-18T05:47:55.252Z,16505,93240,149800
2026-09-18T05:47:55.252Z,46971,25010,3848000
2026-09-18T05:47:55.252Z,3540,1757000,1953000
2026-09-18T05:47:55.252Z,85504,233200,3866000
2026-09-18T05:47:55.252Z,483,8004,10900
2026-09-18T05:47:55.252Z,81603,15180000,16990000
2026-09-18T05:47:55.252Z,24471,48.2,60.07
2026-09-18T05:47:55.252Z,82480,80000,1098000
2026-09-18T05:47:55.252Z,3335,38000,1050000
2026-09-18T05:47:55.252Z,3330,301,44950
2026-09-18T05:47:55.252Z,17194,26720,440900
2026-09-18T05:47:55.252Z,83338,10000,97000
2026-09-18T05:47:55.252Z,17555,13,764800
2026-09-18T05:47:55.252Z,55334,69.08,79900
2026-09-18T05:47:55.252Z,32436,847.9,4704
2026-09-18T05:47:55.252Z,42829,319.1,363.8
2026-09-18T05:47:55.252Z,33936,6003000,22840000
2026-09-18T05:47:55.252Z,85137,640000,1998000
2026-09-18T05:47:55.252Z,17553,1190,990000
2026-09-18T05:47:55.252Z,83062,,96990
2026-09-18T05:47:55.252Z,83283,20000,44690
2026-09-18T05:47:55.252Z,17557,137.2,399900
2026-09-18T05:47:55.252Z,22120,22790000,34990000
2026-09-18T05:47:55.252Z,85542,390800,4188000
2026-09-18T05:47:55.252Z,91174,352600000,382400000
2026-09-18T05:47:55.252Z,89955,2616000,3800000
2026-09-18T05:47:55.252Z,19245,15480000,17990000
2026-09-18T05:47:55.252Z,55557,69.7,79900
2026-09-18T05:47:55.252Z,27260,24030000,27420000
2026-09-18T05:47:55.252Z,28365,1497,3200
2026-09-18T05:47:55.252Z,79737,1104000,9999000
2026-09-18T05:47:55.252Z,3488,656700,734200
2026-09-18T05:47:55.252Z,32787,39290,44940
2026-09-18T05:47:55.252Z,48429,336900,884800
2026-09-18T05:47:55.252Z,42702,501000,2241000
2026-09-18T05:47:55.252Z,15204,250300000,579800000
2026-09-18T05:47:55.252Z,55519,20000,842100
2026-09-18T05:47:55.252Z,45609,33520000,38270000
2026-09-18T05:47:55.252Z,55553,170.1,97700
2026-09-18T05:47:55.252Z,54751,434500000,772000000
2026-09-18T05:47:55.252Z,55554,69.7,236400
2026-09-18T05:47:55.252Z,18851,399700000,443700000
2026-09-18T05:47:55.252Z,47116,3051000,23860000
2026-09-18T05:47:55.252Z,85085,7693000,9592000
2026-09-18T05:47:55.252Z,2183,18130,22130
2026-09-18T05:47:55.252Z,17959,7210,7325
2026-09-18T05:47:55.252Z,25275,41000,74580
2026-09-18T05:47:55.252Z,15891,114500000,123200000
2026-09-18T05:47:55.252Z,578,147900,171600
2026-09-18T05:47:55.252Z,7535,8408,99000
2026-09-18T05:47:55.252Z,31318,3480000,8332000
2026-09-18T05:47:55.252Z,2205,311300,343300
2026-09-18T05:47:55.252Z,15812,6078000,8889000
2026-09-18T05:47:55.252Z,90475,44330000,51120000
2026-09-18T05:47:55.252Z,13119,44.31,89.87
2026-09-18T05:47:55.252Z,24348,1855000,2018000
2026-09-18T05:47:55.252Z,60944,2206000,6613000
2026-09-18T05:47:55.252Z,19025,116000000,127600000
2026-09-18T05:47:55.252Z,91928,19210000,78000000
2026-09-18T05:47:55.252Z,14013,4118,49560
2026-09-18T05:47:55.252Z,42783,416400,6992000
2026-09-18T05:47:55.252Z,13240,15270000,16990000
2026-09-18T05:47:55.252Z,1304,5085,33580
2026-09-18T05:47:55.252Z,55351,100,97960
2026-09-18T05:47:55.252Z,5759,172300,217600
2026-09-18T05:47:55.252Z,7411,62000,78000
2026-09-18T05:47:55.252Z,17912,4933000,5617000
2026-09-18T05:47:55.252Z,5365,6751,12000
2026-09-18T05:47:55.252Z,83323,1000,100000
2026-09-18T05:47:55.252Z,2993,378600,498300
2026-09-18T05:47:55.252Z,47151,3305000,11990000
2026-09-18T05:47:55.252Z,11689,16960,18930
2026-09-18T05:47:55.252Z,21035,11430000,12760000
2026-09-18T05:47:55.252Z,29081,317700,1358000
2026-09-18T05:47:55.252Z,57533,30200000,98900000
2026-09-18T05:47:55.252Z,14156,17540000,17990000
2026-09-18T05:47:55.252Z,16299,8311,14950
2026-09-18T05:47:55.252Z,47330,192400,213500000
2026-09-18T05:47:55.252Z,3244,953500,1057000
2026-09-18T05:47:55.252Z,26290,57230000,63740000
2026-09-18T05:47:55.252Z,54840,43500000,51000000
2026-09-18T05:47:55.252Z,31005,8929000,9679000
2026-09-18T05:47:55.252Z,522,15040000,25500000
2026-09-18T05:47:55.252Z,31322,160000,248600
2026-09-18T05:47:55.252Z,32037,1990,989000
2026-09-18T05:47:55.252Z,13978,2413000,2498000
2026-09-18T05:47:55.252Z,13964,8407000,15000000
2026-09-18T05:47:55.252Z,31131,100000,1717000
2026-09-18T05:47:55.252Z,55637,101.5,98610
2026-09-18T05:47:55.252Z,55035,23710000,34200000
2026-09-18T05:47:55.252Z,92514,266100000,285800000
2026-09-18T05:47:55.252Z,19003,51200000,59470000
2026-09-18T05:47:55.252Z,20508,289000000,329600000
2026-09-18T05:47:55.252Z,82446,10000,802900
2026-09-18T05:47:55.252Z,60515,60140000,73000000
2026-09-18T05:47:55.252Z,17448,269.9,305
2026-09-18T05:47:55.252Z,73794,16610000,17950000
2026-09-18T05:47:55.252Z,29007,1206,19950
2026-09-18T05:47:55.252Z,32025,119700,990400
2026-09-18T05:47:55.252Z,7621,25060,178000
2026-09-18T05:47:55.252Z,21721,3675000,4400000
2026-09-18T05:47:55.252Z,85028,,3501000000
2026-09-18T05:47:55.252Z,2395,798.8,843.3
2026-09-18T05:47:55.252Z,73796,17240000,18830000
2026-09-18T05:47:55.252Z,78622,65010000,70910000
2026-09-18T05:47:55.252Z,2303,948700,1138000
2026-09-18T05:47:55.252Z,57471,21560000,22710000
2026-09-18T05:47:55.252Z,56280,22260,99940000
2026-09-18T05:47:55.252Z,4292,100300000,105100000
2026-09-18T05:47:55.252Z,83063,10010,288000
2026-09-18T05:47:55.252Z,19213,96100,120000
2026-09-18T05:47:55.252Z,7367,81540,178500
2026-09-18T05:47:55.252Z,12753,148300000,159500000
2026-09-18T05:47:55.252Z,58966,1250000,1593000
2026-09-18T05:47:55.252Z,89616,110500000,160600000
2026-09-18T05:47:55.252Z,18891,68800000,99330000
2026-09-18T05:47:55.252Z,88721,79210000,94520000
2026-09-18T05:47:55.252Z,15705,11650000,13930000
2026-09-18T05:47:55.252Z,31276,960500,1235000
2026-09-18T05:47:55.252Z,91632,301000000,364500000
2026-09-18T05:47:55.252Z,33446,53260000,83680000
2026-09-18T05:47:55.252Z,91096,950300,5592000
2026-09-18T05:47:55.252Z,79719,607300,5099000
2026-09-18T05:47:55.252Z,30028,39390,47470
2026-09-18T05:47:55.252Z,85846,4033000,5934000
2026-09-18T05:47:55.252Z,61215,100500,1209000
2026-09-18T05:47:55.252Z,241,505,1002
2026-09-18T05:47:55.252Z,40564,14170000,19480000
2026-09-18T05:47:55.252Z,1351,916700,2620000
2026-09-18T05:47:55.252Z,6919,40000,41000
2026-09-18T05:47:55.252Z,54295,23000,27960
2026-09-18T05:47:55.252Z,54446,10800000,473600000
2026-09-18T05:47:55.252Z,20064,91860000,118800000
2026-09-18T05:47:55.252Z,15152,1251000000,2800000000
2026-09-18T05:47:55.252Z,32114,5712000,12100000
2026-09-18T05:47:55.252Z,57487,179800000,209000000
2026-09-18T05:47:55.252Z,60208,41260000,129900000
2026-09-18T05:47:55.252Z,26360,48470000,62000000
2026-09-18T05:47:55.252Z,42786,3011000,64400000
2026-09-18T05:47:55.252Z,13834,17100000,20980000
2026-09-18T05:47:55.252Z,88524,60000,1350000
2026-09-18T05:47:55.252Z,25277,35130,42000
2026-09-18T05:47:55.252Z,45850,1225000,9609000
2026-09-18T05:47:55.252Z,24593,8,1015
2026-09-18T05:47:55.252Z,47919,61130000,64700000
2026-09-18T05:47:55.252Z,83332,10000,193500
2026-09-18T05:47:55.252Z,9784,130,11900
2026-09-18T05:47:55.252Z,95673,2003000,3499000
2026-09-18T05:47:55.252Z,57014,3300000,12100000
2026-09-18T05:47:55.252Z,53985,2423000,9708000
2026-09-18T05:47:55.252Z,61201,100100,273500
2026-09-18T05:47:55.252Z,30745,458300,480000
2026-09-18T05:47:55.252Z,58950,56080000,64700000
2026-09-18T05:47:55.252Z,33058,7200000,11290000
2026-09-18T05:47:55.252Z,47744,4001000,4746000
2026-09-18T05:47:55.252Z,43699,48500,58850
2026-09-18T05:47:55.252Z,5743,1868,99340
2026-09-18T05:47:55.252Z,598,193700,523700
2026-09-18T05:47:55.252Z,55344,118.2,77950
2026-09-18T05:47:55.252Z,10228,14070000,16270000
2026-09-18T05:47:55.252Z,84077,2720000,100000000
2026-09-18T05:47:55.252Z,23151,1627,69700
2026-09-18T05:47:55.252Z,22778,80690,88390
2026-09-18T05:47:55.252Z,18762,116900,640900
2026-09-18T05:47:55.252Z,58862,5057000,44950000
2026-09-18T05:47:55.252Z,14268,150700000,162300000
2026-09-18T05:47:55.252Z,17715,193900000,208500000
2026-09-18T05:47:55.252Z,83064,,161000
2026-09-18T05:47:55.252Z,16495,16010,59150
2026-09-18T05:47:55.252Z,7707,40000,65000
2026-09-18T05:47:55.252Z,15800,24160000,74800000
2026-09-18T05:47:55.252Z,486,6052,29930
2026-09-18T05:47:55.252Z,1875,1500,58690
2026-09-18T05:47:55.252Z,56065,2623,2624
2026-09-18T05:47:55.252Z,33176,56330,90000
2026-09-18T05:47:55.252Z,56071,203500,298700
2026-09-18T05:47:55.252Z,25335,250000,288400
2026-09-18T05:47:55.252Z,72812,111200000,121100000
2026-09-18T05:47:55.252Z,452,5121,31760
2026-09-18T05:47:55.252Z,47250,13100000,278600000
2026-09-18T05:47:55.252Z,31077,10800,4767000
2026-09-18T05:47:55.252Z,91948,1681000,3532000
2026-09-18T05:47:55.252Z,13931,16600000,22000000
2026-09-18T05:47:55.252Z,19027,214100000,238500000
2026-09-18T05:47:55.252Z,56067,500200,1320000
2026-09-18T05:47:55.252Z,30997,130700,399700
2026-09-18T05:47:55.252Z,30377,33540,36170
2026-09-18T05:47:55.252Z,45762,100000,1350000
2026-09-18T05:47:55.252Z,30842,3459000000,4274000000
2026-09-18T05:47:55.252Z,11452,9876000,13900000
2026-09-18T05:47:55.252Z,1541,519600,591100
2026-09-18T05:47:55.252Z,55664,144100,1039000
2026-09-18T05:47:55.252Z,31021,150000,287600
2026-09-18T05:47:55.252Z,18833,608900,897600
2026-09-18T05:47:55.252Z,87843,8700000,11300000
2026-09-18T05:47:55.252Z,52250,291800000,323800000
2026-09-18T05:47:55.252Z,55624,69.7,190000
2026-09-18T05:47:55.252Z,47626,6100000,17980000
2026-09-18T05:47:55.252Z,57462,360200,409300
2026-09-18T05:47:55.252Z,49737,17320000,18970000
2026-09-18T05:47:55.252Z,32311,381900000,397600000
2026-09-18T05:47:55.252Z,9291,140000,229000
2026-09-18T05:47:55.252Z,53364,10070,899500
2026-09-18T05:47:55.252Z,11475,436.1,713
2026-09-18T05:47:55.252Z,28213,1696000,1984000
2026-09-18T05:47:55.252Z,18893,82880000,167500000
2026-09-18T05:47:55.252Z,11541,35010,36270
2026-09-18T05:47:55.252Z,2817,92.01,123
2026-09-18T05:47:55.252Z,11989,119700000,129300000
2026-09-18T05:47:55.252Z,20625,1768000,5046000
2026-09-18T05:47:55.252Z,11533,16340,30960
2026-09-18T05:47:55.252Z,34317,59190000,70990000
2026-09-18T05:47:55.252Z,19249,1447000,3434000
2026-09-18T05:47:55.252Z,13226,4503000,17970000
2026-09-18T05:47:55.252Z,48771,10.16,3509000
2026-09-18T05:47:55.252Z,89665,190100000,264900000
2026-09-18T05:47:55.252Z,195,25.01,26
2026-09-18T05:47:55.252Z,45641,2600000000,4997000000
2026-09-18T05:47:55.252Z,20767,73220,111000
2026-09-18T05:47:55.252Z,37250,550000000,1422000000
2026-09-18T05:47:55.252Z,57484,4572000,6947000
2026-09-18T05:47:55.252Z,9211,45000,54010
2026-09-18T05:47:55.252Z,55332,1.23,13500
2026-09-18T05:47:55.252Z,18947,249200000,306900000
2026-09-18T05:47:55.252Z,55686,5003,175000
2026-09-18T05:47:55.252Z,47466,207200000,224300000
2026-09-18T05:47:55.252Z,87796,200000,398700
2026-09-18T05:47:55.252Z,37298,185700000,214200000
2026-09-18T05:47:55.252Z,10217,91210000,97450000
2026-09-18T05:47:55.252Z,16525,3651,13490
2026-09-18T05:47:55.252Z,17167,606100,2884000
2026-09-18T05:47:55.252Z,18927,127100000,135500000
2026-09-18T05:47:55.252Z,18821,16600000,29580000
2026-09-18T05:47:55.252Z,492,68200,292800
2026-09-18T05:47:55.252Z,7373,45000,66990
2026-09-18T05:47:55.252Z,3269,40810000,91030000
2026-09-18T05:47:55.252Z,35940,23580000,28120000
2026-09-18T05:47:55.252Z,53372,72880,1399000
2026-09-18T05:47:55.252Z,25563,994700,1616000
2026-09-18T05:47:55.252Z,89156,23600000,44030000
2026-09-18T05:47:55.252Z,29095,252500,958800
2026-09-18T05:47:55.252Z,42570,47030000,139800000
2026-09-18T05:47:55.252Z,56713,100100,368600
2026-09-18T05:47:55.252Z,95672,3212000,4779000
2026-09-18T05:47:55.252Z,7409,45380,78000
2026-09-18T05:47:55.252Z,9453,12790,64730
2026-09-18T05:47:55.252Z,8023,2604,9700
2026-09-18T05:47:55.252Z,7289,3001,17950
2026-09-18T05:47:55.252Z,243,1222,3898
2026-09-18T05:47:55.252Z,14278,165100,365000
2026-09-18T05:47:55.252Z,3554,1600,1859
2026-09-18T05:47:55.252Z,52231,44010000,62820000
2026-09-18T05:47:55.252Z,18847,10620000,13280000
2026-09-18T05:47:55.252Z,3532,147100000,279800000
2026-09-18T05:47:55.252Z,45631,31930000,35830000
2026-09-18T05:47:55.252Z,46014,,2869000000
2026-09-18T05:47:55.252Z,88647,180100,14950000
2026-09-18T05:47:55.252Z,2312,13380,13510
2026-09-18T05:47:55.252Z,41415,119600000,128200000
2026-09-18T05:47:55.252Z,19044,438200000,480200000
2026-09-18T05:47:55.252Z,20210,330700,775600
2026-09-18T05:47:55.252Z,13995,461000,844200
2026-09-18T05:47:55.252Z,31416,55150000,573900000
2026-09-18T05:47:55.252Z,47257,282400,333500
2026-09-18T05:47:55.252Z,62466,1561,1562
2026-09-18T05:47:55.252Z,14127,22340000,26000000
2026-09-18T05:47:55.252Z,17210,2050000,3999000
2026-09-18T05:47:55.252Z,47891,20790000,23500000
2026-09-18T05:47:55.252Z,37820,18950000,23810000
2026-09-18T05:47:55.252Z,47801,55260,183400
2026-09-18T05:47:55.252Z,85089,164000,172000
2026-09-18T05:47:55.252Z,55527,1000,1898000
2026-09-18T05:47:55.252Z,47779,464600,1299000
2026-09-18T05:47:55.252Z,530,25010,85590
2026-09-18T05:47:55.252Z,33981,9012000,11000000
2026-09-18T05:47:55.252Z,33384,4048000000,10300000000
2026-09-18T05:47:55.252Z,16305,6011,16450
2026-09-18T05:47:55.252Z,33790,37320000,64100000
2026-09-18T05:47:55.252Z,45623,32610000,35340000
2026-09-18T05:47:55.252Z,3214,570000000,627700000
2026-09-18T05:47:55.252Z,3895,15000000,20890000
2026-09-18T05:47:55.252Z,52412,6,7500000
2026-09-18T05:47:55.252Z,29085,118200,738700
2026-09-18T05:47:55.252Z,26404,20020000,63340000
2026-09-18T05:47:55.252Z,459,103800,438600
2026-09-18T05:47:55.252Z,47287,880800000,1000000000
2026-09-18T05:47:55.252Z,35894,236500000,257800000
2026-09-18T05:47:55.252Z,53360,300000,1551000
2026-09-18T05:47:55.252Z,1978,1103000,1194000
2026-09-18T05:47:55.252Z,47377,308300000,943700000
2026-09-18T05:47:55.252Z,15317,10670,11380
2026-09-18T05:47:55.252Z,37452,55540000,59960000
2026-09-18T05:47:55.252Z,2360,57700,67950
2026-09-18T05:47:55.252Z,42528,405400,514300
2026-09-18T05:47:55.252Z,47897,200000,400000
2026-09-18T05:47:55.252Z,31886,2543000,2879000
2026-09-18T05:47:55.252Z,76484,3673000,13290000
2026-09-18T05:47:55.252Z,76491,610400,2600000
2026-09-18T05:47:55.252Z,76493,2046000,3915000
2026-09-18T05:47:55.252Z,14146,47680000,58370000
2026-09-18T05:47:55.252Z,31091,16070000,17000000
2026-09-18T05:47:55.252Z,83485,126500000,233200000
2026-09-18T05:47:55.252Z,23097,339700,387700
2026-09-18T05:47:55.252Z,12102,3358000,3753000
2026-09-18T05:47:55.252Z,19227,28000000,29790000
2026-09-18T05:47:55.252Z,23061,4983000,5499000
2026-09-18T05:47:55.252Z,18931,51660000,61020000
2026-09-18T05:47:55.252Z,14242,104200000,118700000
2026-09-18T05:47:55.252Z,73879,619400,64490000
2026-09-18T05:47:55.252Z,90468,9174000,14500000
2026-09-18T05:47:55.252Z,58972,479100,543300
2026-09-18T05:47:55.252Z,79726,70110,6175000
2026-09-18T05:47:55.252Z,34278,3305000,4000000
2026-09-18T05:47:55.252Z,23805,180700000,199500000
2026-09-18T05:47:55.252Z,14031,27050,55400
2026-09-18T05:47:55.252Z,20565,21430000,46960000
2026-09-18T05:47:55.252Z,2082,166400000,177800000
2026-09-18T05:47:55.252Z,31149,404300,8037000
2026-09-18T05:47:55.252Z,16667,25830,31980
2026-09-18T05:47:55.252Z,62394,43750,64680
2026-09-18T05:47:55.252Z,42210,91360000,110200000
2026-09-18T05:47:55.252Z,55520,50010,1450000
2026-09-18T05:47:55.252Z,84677,637200000,1000000000
2026-09-18T05:47:55.252Z,29029,52130000,128000000
2026-09-18T05:47:55.252Z,49924,60420000,329200000
2026-09-18T05:47:55.252Z,14069,6800000,7796000
2026-09-18T05:47:55.252Z,28784,55320000,88370000
2026-09-18T05:47:55.252Z,24438,702100,775500
2026-09-18T05:47:55.252Z,3989,1534000,2169000
2026-09-18T05:47:55.252Z,53374,1565000,141800000
2026-09-18T05:47:55.252Z,27177,16630000,23860000
2026-09-18T05:47:55.252Z,626,9807000,11580000
2026-09-18T05:47:55.252Z,26338,36680000,98960000
2026-09-18T05:47:55.252Z,26302,65230000,73330000
2026-09-18T05:47:55.252Z,11448,8094000,13850000
2026-09-18T05:47:55.252Z,62018,11520,1488000
2026-09-18T05:47:55.252Z,47307,5429000,20920000
2026-09-18T05:47:55.252Z,33007,56200,148200
2026-09-18T05:47:55.252Z,85087,142000000,154700000
2026-09-18T05:47:55.252Z,32780,3446000,3671000
2026-09-18T05:47:55.252Z,56862,500200,5547000
2026-09-18T05:47:55.252Z,31220,985100,1091000
2026-09-18T05:47:55.252Z,3481,69150000,86070000
2026-09-18T05:47:55.252Z,13813,119000,1995000
2026-09-18T05:47:55.252Z,84012,260100,790000
2026-09-18T05:47:55.252Z,83069,1000,750000
2026-09-18T05:47:55.252Z,83365,40000,248500
2026-09-18T05:47:55.252Z,3226,54930000,74970000
2026-09-18T05:47:55.252Z,40634,1069000000,1506000000
2026-09-18T05:47:55.252Z,57479,2906000,3142000
2026-09-18T05:47:55.252Z,23087,701.3,6999
2026-09-18T05:47:55.252Z,22118,16340000,199300000
2026-09-18T05:47:55.252Z,53896,83790000,119900000
2026-09-18T05:47:55.252Z,37454,6946000,8479000
2026-09-18T05:47:55.252Z,45618,32970000,35910000
2026-09-18T05:47:55.252Z,31866,1634000,1910000
2026-09-18T05:47:55.252Z,3170,490700,577900
2026-09-18T05:47:55.252Z,9956,3567000,4099000
2026-09-18T05:47:55.252Z,26332,54640000,65770000
2026-09-18T05:47:55.252Z,41191,58760000,61490000
2026-09-18T05:47:55.252Z,181,7.96,11.89
2026-09-18T05:47:55.252Z,27116,111800000,118700000
2026-09-18T05:47:55.252Z,47868,30300,40780
2026-09-18T05:47:55.252Z,653,1830000,2028000
2026-09-18T05:47:55.252Z,45491,566.5,1090
2026-09-18T05:47:55.252Z,41504,79800000,93970000
2026-09-18T05:47:55.252Z,18975,110300000,171600000
2026-09-18T05:47:55.252Z,21027,12190000,13300000
2026-09-18T05:47:55.252Z,17867,100.5,110
2026-09-18T05:47:55.252Z,12056,71260,98500
2026-09-18T05:47:55.252Z,561,1798,5000
2026-09-18T05:47:55.252Z,40460,48990,477000
2026-09-18T05:47:55.252Z,11985,125300000,134800000
2026-09-18T05:47:55.252Z,16381,238500,270900
2026-09-18T05:47:55.252Z,2486,7683,8747
2026-09-18T05:47:55.252Z,17403,200000,5551000
2026-09-18T05:47:55.252Z,2444,98280,123800
2026-09-18T05:47:55.252Z,40730,38230000,48440000
2026-09-18T05:47:55.252Z,88619,20010,1836000
2026-09-18T05:47:55.252Z,31288,58350,169500
2026-09-18T05:47:55.252Z,24638,93690000,118000000
2026-09-18T05:47:55.252Z,2487,410000,2060000
2026-09-18T05:47:55.252Z,57467,280900,378600
2026-09-18T05:47:55.252Z,22881,,2981000
2026-09-18T05:47:55.252Z,573,1572000,2260000
2026-09-18T05:47:55.252Z,20641,635500,4384000
2026-09-18T05:47:55.252Z,87800,230400,19900000
2026-09-18T05:47:55.252Z,46536,15040000,23580000
2026-09-18T05:47:55.252Z,35795,9562,13440
2026-09-18T05:47:55.252Z,60227,622000,1897000
2026-09-18T05:47:55.252Z,17713,35010000,35640000
2026-09-18T05:47:55.252Z,33442,800.9,22330
2026-09-18T05:47:55.252Z,62384,81300,82480
2026-09-18T05:47:55.252Z,88602,880000,2897000
2026-09-18T05:47:55.252Z,85747,18300000,19810000
2026-09-18T05:47:55.252Z,24692,147500000,158300000
2026-09-18T05:47:55.252Z,88658,420000,9679000
2026-09-18T05:47:55.252Z,87776,10000000,29270000
2026-09-18T05:47:55.252Z,27194,161100000,198500000
2026-09-18T05:47:55.252Z,54975,38510000,44480000
2026-09-18T05:47:55.252Z,31870,2152000,2354000
2026-09-18T05:47:55.252Z,9828,730.1,768.9
2026-09-18T05:47:55.252Z,9943,7403000,8198000
2026-09-18T05:47:55.252Z,34033,109100000,179400000
2026-09-18T05:47:55.252Z,88891,71000,9956000
2026-09-18T05:47:55.252Z,33093,1300,47000
2026-09-18T05:47:55.252Z,45653,785500,999000
2026-09-18T05:47:55.252Z,47149,9859000,18400000
2026-09-18T05:47:55.252Z,7371,40000,62850
2026-09-18T05:47:55.252Z,24639,100200000,118900000
2026-09-18T05:47:55.252Z,52284,910100,11900000
2026-09-18T05:47:55.252Z,23001,380,1235
2026-09-18T05:47:55.252Z,27375,30500,48200
2026-09-18T05:47:55.252Z,12217,20480,266400
2026-09-18T05:47:55.252Z,88591,100000,3948000
2026-09-18T05:47:55.252Z,28294,432800,654700
2026-09-18T05:47:55.252Z,31618,257500000,621600000
2026-09-18T05:47:55.252Z,12243,110100,1193000
2026-09-18T05:47:55.252Z,88129,680400,599200000
2026-09-18T05:47:55.252Z,48430,4255000,15330000
2026-09-18T05:47:55.252Z,88598,100000,3987000
2026-09-18T05:47:55.252Z,92582,92000000,200000000
2026-09-18T05:47:55.252Z,23136,215700,495600
2026-09-18T05:47:55.252Z,91516,5346000000,7000000000
2026-09-18T05:47:55.252Z,2345,79100,84870
2026-09-18T05:47:55.252Z,37288,62290000,99850000
2026-09-18T05:47:55.252Z,46678,2534,3580
2026-09-18T05:47:55.252Z,23138,90060,170100
2026-09-18T05:47:55.252Z,47621,15200000,97000000
2026-09-18T05:47:55.252Z,27331,19.23,35.98
2026-09-18T05:47:55.252Z,24554,424800000,568900000
2026-09-18T05:47:55.252Z,22123,48340000,68990000
2026-09-18T05:47:55.252Z,52291,46000000,74430000
2026-09-18T05:47:55.252Z,55646,500,2400
2026-09-18T05:47:55.252Z,31936,9946000,11780000
2026-09-18T05:47:55.252Z,13237,15260000,17040000
2026-09-18T05:47:55.252Z,20821,122300,334900
2026-09-18T05:47:55.252Z,91628,110100000,209800000
2026-09-18T05:47:55.252Z,6675,51670,128600
2026-09-18T05:47:55.252Z,34162,21120,758100
2026-09-18T05:47:55.252Z,3127,552000000,625500000
2026-09-18T05:47:55.252Z,979,30610000,92500000
2026-09-18T05:47:55.252Z,34161,30380000,80530000
2026-09-18T05:47:55.252Z,42213,312500000,343500000
2026-09-18T05:47:55.252Z,28974,77000,80200
2026-09-18T05:47:55.252Z,84016,220000,1114000
2026-09-18T05:47:55.252Z,40565,24780000,30920000
2026-09-18T05:47:55.252Z,19976,50,489.9
2026-09-18T05:47:55.252Z,46998,232300,5749000
2026-09-18T05:47:55.252Z,16065,22550000,28610000
2026-09-18T05:47:55.252Z,93908,91280000,143200000
2026-09-18T05:47:55.252Z,55556,10000,259900
2026-09-18T05:47:55.252Z,45523,1000000,4700000
2026-09-18T05:47:55.252Z,26008,1025000,8800000
2026-09-18T05:47:55.252Z,33195,10950,16690
2026-09-18T05:47:55.252Z,52301,5809000,15860000
2026-09-18T05:47:55.252Z,45617,34000000,36340000
2026-09-18T05:47:55.252Z,91934,1541000,2876000
2026-09-18T05:47:55.252Z,16249,56890000,65410000
2026-09-18T05:47:55.252Z,84340,19510000,24920000
2026-09-18T05:47:55.252Z,82070,13480000,46990000
2026-09-18T05:47:55.252Z,28332,911.4,1032
2026-09-18T05:47:55.252Z,7665,36080,36090
2026-09-18T05:47:55.252Z,19101,38030000,43290000
2026-09-18T05:47:55.252Z,43530,2803000,8000000
2026-09-18T05:47:55.252Z,47119,24360000,60380000
2026-09-18T05:47:55.252Z,22877,86560000,118400000
2026-09-18T05:47:55.252Z,42790,564100,11990000
2026-09-18T05:47:55.252Z,88147,183500000,211800000
2026-09-18T05:47:55.252Z,47332,132900000,214600000
2026-09-18T05:47:55.252Z,47778,29430,118600
2026-09-18T05:47:55.252Z,33197,627400,861400
2026-09-18T05:47:55.252Z,24541,385.5,507.2
2026-09-18T05:47:55.252Z,9941,7401000,8272000
2026-09-18T05:47:55.252Z,28530,44030000,149700000
2026-09-18T05:47:55.252Z,42619,1602000,18100000
2026-09-18T05:47:55.252Z,20723,3.77,24.99
2026-09-18T05:47:55.252Z,48893,98960000,187000000
2026-09-18T05:47:55.252Z,62630,42360000,54930000
2026-09-18T05:47:55.252Z,17838,12610000,18720000
2026-09-18T05:47:55.252Z,42778,500400,5098000
2026-09-18T05:47:55.252Z,57011,715100,7400000
2026-09-18T05:47:55.252Z,20595,14500000,18150000
2026-09-18T05:47:55.252Z,28439,240600,296500
2026-09-18T05:47:55.252Z,22907,2072000,3900000
2026-09-18T05:47:55.252Z,3812,133,170.2
2026-09-18T05:47:55.252Z,526,28540,45330
2026-09-18T05:47:55.252Z,42620,121200000,2000000000
2026-09-18T05:47:55.252Z,91963,1976000,2980000
2026-09-18T05:47:55.252Z,29075,57200,655100
2026-09-18T05:47:55.252Z,12994,7429000,369000000
2026-09-18T05:47:55.252Z,25279,24670,26890
2026-09-18T05:47:55.252Z,18969,59670000,73500000
2026-09-18T05:47:55.252Z,42773,588800,4185000
2026-09-18T05:47:55.252Z,83205,15000,9999000
2026-09-18T05:47:55.252Z,24314,496200000,587000000
2026-09-18T05:47:55.252Z,32087,2721000,16270000
2026-09-18T05:47:55.252Z,26070,51680,1323000
2026-09-18T05:47:55.252Z,84347,964000,6500000
2026-09-18T05:47:55.252Z,27193,636100,949000
2026-09-18T05:47:55.252Z,81020,8026000,19000000
2026-09-18T05:47:55.252Z,11249,494600,649100
2026-09-18T05:47:55.252Z,1422,340900,410100
2026-09-18T05:47:55.252Z,60284,576800,828900
2026-09-18T05:47:55.252Z,49805,110000,33610000
2026-09-18T05:47:55.252Z,54365,275400000,498000000
2026-09-18T05:47:55.252Z,11449,9721000,13490000
2026-09-18T05:47:55.252Z,24696,46630000,52900000
2026-09-18T05:47:55.252Z,23674,524800000,822500000
2026-09-18T05:47:55.252Z,28812,128200000,148100000
2026-09-18T05:47:55.252Z,17232,61010,4498000
2026-09-18T05:47:55.252Z,42765,230500,2099000
2026-09-18T05:47:55.252Z,21498,52000000,87970000
2026-09-18T05:47:55.252Z,48758,48900000,597900000
2026-09-18T05:47:55.252Z,35770,28010,39250
2026-09-18T05:47:55.252Z,31946,38600000,41600000
2026-09-18T05:47:55.252Z,91965,2775000,3154000
2026-09-18T05:47:55.252Z,57126,410200000,577100000
2026-09-18T05:47:55.252Z,48744,,293000000
2026-09-18T05:47:55.252Z,3953,10930,239400
2026-09-18T05:47:55.252Z,11482,531,531.4
2026-09-18T05:47:55.252Z,31682,11120,321800
2026-09-18T05:47:55.252Z,61199,860300,1063000
2026-09-18T05:47:55.252Z,74146,284700,4398000
2026-09-18T05:47:55.252Z,27097,220000,789700
2026-09-18T05:47:55.252Z,24270,4019000,9500000
2026-09-18T05:47:55.252Z,26334,5909000,61500000
2026-09-18T05:47:55.252Z,3408,12930000,15900000
2026-09-18T05:47:55.252Z,3947,66540,247900
2026-09-18T05:47:55.252Z,3252,396500000,650200000
2026-09-18T05:47:55.252Z,85445,233000000,474200000
2026-09-18T05:47:55.252Z,43845,1525000,16980000
2026-09-18T05:47:55.252Z,590,242400,498800
2026-09-18T05:47:55.252Z,82434,40000,611400
2026-09-18T05:47:55.252Z,91286,2301000,6927000
2026-09-18T05:47:55.252Z,14208,139800000,152900000
2026-09-18T05:47:55.252Z,13256,15100000,16640000
2026-09-18T05:47:55.252Z,11548,105200,111400
2026-09-18T05:47:55.252Z,9899,7503000,8123000
2026-09-18T05:47:55.252Z,46917,500200,6984000
2026-09-18T05:47:55.252Z,47835,21210000,29180000
2026-09-18T05:47:55.252Z,48772,53.09,10400000
2026-09-18T05:47:55.252Z,17769,32020,38520
2026-09-18T05:47:55.252Z,10216,16740000,17900000
2026-09-18T05:47:55.252Z,1963,14540,51280
2026-09-18T05:47:55.252Z,37458,10390000,14660000
2026-09-18T05:47:55.252Z,93718,10000000,44400000
2026-09-18T05:47:55.252Z,88211,387700000,689700000
2026-09-18T05:47:55.252Z,27178,13430000,23690000
2026-09-18T05:47:55.252Z,55625,50000,432100
2026-09-18T05:47:55.252Z,73869,6676000,11310000
2026-09-18T05:47:55.252Z,28444,188500,197400
2026-09-18T05:47:55.252Z,21557,1891000,6000000
2026-09-18T05:47:55.252Z,60659,200000,1097000
2026-09-18T05:47:55.252Z,81047,210700000,218100000
2026-09-18T05:47:55.252Z,31380,342700,249900000
2026-09-18T05:47:55.252Z,87797,650000,260000000
2026-09-18T05:47:55.252Z,47122,25590000,74630000
2026-09-18T05:47:55.252Z,91974,7868000,9748000
2026-09-18T05:47:55.252Z,454,18300,56040
2026-09-18T05:47:55.252Z,28756,30800000,34120000
2026-09-18T05:47:55.252Z,63165,271.6,498
2026-09-18T05:47:55.252Z,91944,1444000,7999000
2026-09-18T05:47:55.252Z,13222,14080000,16860000
2026-09-18T05:47:55.252Z,12816,224000,241500
2026-09-18T05:47:55.252Z,88124,254200000,323800000
2026-09-18T05:47:55.252Z,19251,20820000,49910000
2026-09-18T05:47:55.252Z,44936,8515000,37580000
2026-09-18T05:47:55.252Z,13250,15320000,17680000
2026-09-18T05:47:55.252Z,3476,3918000,8885000
2026-09-18T05:47:55.252Z,212,17.94,19.49
2026-09-18T05:47:55.252Z,12019,154500000,167200000
2026-09-18T05:47:55.252Z,33955,49850000,57600000
2026-09-18T05:47:55.252Z,82963,100000,299800
2026-09-18T05:47:55.252Z,15669,2140000,2358000
2026-09-18T05:47:55.252Z,82441,61000,3993000
2026-09-18T05:47:55.252Z,21074,3009000,3997000
2026-09-18T05:47:55.252Z,23121,1802,1803
2026-09-18T05:47:55.252Z,84333,200000,1799000
2026-09-18T05:47:55.252Z,30633,117200,210000
2026-09-18T05:47:55.252Z,55687,110,1497000
2026-09-18T05:47:55.252Z,47549,249200,6975000
2026-09-18T05:47:55.252Z,55323,5.03,68980
2026-09-18T05:47:55.252Z,21336,4.29,10.48
2026-09-18T05:47:55.252Z,43847,10000,17980000
2026-09-18T05:47:55.252Z,3292,63360000,98410000
2026-09-18T05:47:55.252Z,92980,20010,32250000
2026-09-18T05:47:55.252Z,26452,75830000,81350000
2026-09-18T05:47:55.252Z,45597,29790000,37780000
2026-09-18T05:47:55.252Z,3520,1611000,1818000
2026-09-18T05:47:55.252Z,5745,2116,7870
2026-09-18T05:47:55.252Z,12735,96300000,105900000
2026-09-18T05:47:55.252Z,54741,75660000,135000000
2026-09-18T05:47:55.252Z,14106,38930000,42500000
2026-09-18T05:47:55.252Z,34631,125700,17980000
2026-09-18T05:47:55.252Z,34354,1.01,8975000
2026-09-18T05:47:55.252Z,25588,2203,2211
2026-09-18T05:47:55.252Z,41485,11920000,20980000
2026-09-18T05:47:55.252Z,54948,10,499800
2026-09-18T05:47:55.252Z,1228,18.75,19.1
2026-09-18T05:47:55.252Z,33362,11500,11580
2026-09-18T05:47:55.252Z,56202,644600000,724100000
2026-09-18T05:47:55.252Z,56714,237100,609900
2026-09-18T05:47:55.252Z,21733,3496000,4299000
2026-09-18T05:47:55.252Z,15703,11360000,19770000
2026-09-18T05:47:55.252Z,3195,551000000,630400000
2026-09-18T05:47:55.252Z,49712,40430000,41900000
2026-09-18T05:47:55.252Z,77175,100000000,139500000
2026-09-18T05:47:55.252Z,33334,5546,12550
2026-09-18T05:47:55.252Z,85398,8712,11850
2026-09-18T05:47:55.252Z,85402,4111,5985
2026-09-18T05:47:55.252Z,31784,156000,1384000
2026-09-18T05:47:55.252Z,57079,810.3,688100
2026-09-18T05:47:55.252Z,28438,168000,179900
2026-09-18T05:47:55.252Z,13244,15250000,16530000
2026-09-18T05:47:55.252Z,22875,99000000,186300000
2026-09-18T05:47:55.252Z,45603,30530000,35270000
2026-09-18T05:47:55.252Z,3302,502.1,60000
2026-09-18T05:47:55.252Z,40524,1110000,9999000
2026-09-18T05:47:55.252Z,57078,110000,799000
2026-09-18T05:47:55.252Z,23864,1781000,15560000
2026-09-18T05:47:55.252Z,23795,1919000,8485000
2026-09-18T05:47:55.252Z,30270,8722,9590
2026-09-18T05:47:55.252Z,82174,4304000,9895000
2026-09-18T05:47:55.252Z,31448,960000,990600
2026-09-18T05:47:55.252Z,28850,6107000000,6389000000
2026-09-18T05:47:55.252Z,27377,1521,1663
2026-09-18T05:47:55.252Z,53707,285000000,297600000
2026-09-18T05:47:55.252Z,26416,51570000,69340000
2026-09-18T05:47:55.252Z,33824,670200,747200
2026-09-18T05:47:55.252Z,58971,951900,1329000
2026-09-18T05:47:55.252Z,87703,61000,339900000
2026-09-18T05:47:55.252Z,641,146800000,153000000
2026-09-18T05:47:55.252Z,19113,31180000,41950000
2026-09-18T05:47:55.252Z,22931,34000000,58210000
2026-09-18T05:47:55.252Z,11295,122500,192000
2026-09-18T05:47:55.252Z,82066,22630000,58990000
2026-09-18T05:47:55.252Z,12198,1173000,1195000
2026-09-18T05:47:55.252Z,27171,143600000,157900000
2026-09-18T05:47:55.252Z,89711,76020000,120000000
2026-09-18T05:47:55.252Z,31362,85280000,98400000
2026-09-18T05:47:55.252Z,83264,1000,176900
2026-09-18T05:47:55.252Z,36506,70720,1348000
2026-09-18T05:47:55.252Z,92952,22220,23000
2026-09-18T05:47:55.252Z,17366,11650,28380
2026-09-18T05:47:55.252Z,42212,195600000,217300000
2026-09-18T05:47:55.252Z,33976,401800000,496000000
2026-09-18T05:47:55.252Z,14160,32610000,41840000
2026-09-18T05:47:55.252Z,31286,,49750
2026-09-18T05:47:55.252Z,55681,1071,77690
2026-09-18T05:47:55.252Z,47761,68700,93990
2026-09-18T05:47:55.252Z,41287,1869,9797
2026-09-18T05:47:55.252Z,27113,,590000
2026-09-18T05:47:55.252Z,26294,74260000,82390000
2026-09-18T05:47:55.252Z,31414,21090000,22900000
2026-09-18T05:47:55.252Z,45563,1000000,208100000
2026-09-18T05:47:55.252Z,59367,802000,2388000
2026-09-18T05:47:55.252Z,31754,34630,66970
2026-09-18T05:47:55.252Z,35926,69570000,169200000
2026-09-18T05:47:55.252Z,24529,1185,1368
2026-09-18T05:47:55.252Z,40458,35610,6845000
2026-09-18T05:47:55.252Z,15778,15000000,46530000
2026-09-18T05:47:55.252Z,60303,30050,298800
2026-09-18T05:47:55.252Z,46679,1811,2175
2026-09-18T05:47:55.252Z,3393,3015,36000
2026-09-18T05:47:55.252Z,47368,5241000,48990000
2026-09-18T05:47:55.252Z,35945,6350000,29710000
2026-09-18T05:47:55.252Z,55549,11010,88970
2026-09-18T05:47:55.252Z,83320,100000,519800
2026-09-18T05:47:55.252Z,37451,1137000,1345000
2026-09-18T05:47:55.252Z,28374,9000000,1087000000
2026-09-18T05:47:55.252Z,23057,4885000,5726000
2026-09-18T05:47:55.252Z,27240,115000,789900
2026-09-18T05:47:55.252Z,85147,11290000,14900000
2026-09-18T05:47:55.252Z,41030,180100000,194300000
2026-09-18T05:47:55.252Z,14164,51110000,65970000
2026-09-18T05:47:55.252Z,4260,811500,1598000
2026-09-18T05:47:55.252Z,52310,53710,60350
2026-09-18T05:47:55.252Z,54443,16430000,52550000
2026-09-18T05:47:55.252Z,84400,1117,9994
2026-09-18T05:47:55.252Z,12199,2328000,2985000
2026-09-18T05:47:55.252Z,1818,66,70
2026-09-18T05:47:55.252Z,83262,1001,245000
2026-09-18T05:47:55.252Z,78688,3878000000,5903000000
2026-09-18T05:47:55.252Z,92555,53820000,150000000
2026-09-18T05:47:55.252Z,55348,500,98600
2026-09-18T05:47:55.252Z,54742,96590000,114900000
2026-09-18T05:47:55.252Z,3009,1301000,1440000
2026-09-18T05:47:55.252Z,33201,800300,978000
2026-09-18T05:47:55.252Z,29009,10040,14400
2026-09-18T05:47:55.252Z,47120,31550000,100400000
2026-09-18T05:47:55.252Z,29065,103600,491800
2026-09-18T05:47:55.252Z,47321,11000000,449000000
2026-09-18T05:47:55.252Z,42244,92180000,101000000
2026-09-18T05:47:55.252Z,20733,881,4320
2026-09-18T05:47:55.252Z,55622,70.01,169200
2026-09-18T05:47:55.252Z,92990,820000,95730000
2026-09-18T05:47:55.252Z,93741,125900000,188300000
2026-09-18T05:47:55.252Z,6527,557.9,979.9
2026-09-18T05:47:55.252Z,44220,25800000,186500000
2026-09-18T05:47:55.252Z,22993,852.9,1080
2026-09-18T05:47:55.252Z,57446,970600,1079000
2026-09-18T05:47:55.252Z,21586,771000,1559000
2026-09-18T05:47:55.252Z,33935,6734000,15000000
2026-09-18T05:47:55.252Z,20502,36910000,49920000
2026-09-18T05:47:55.252Z,29992,401900,491500
2026-09-18T05:47:55.252Z,31582,2247000,12460000
2026-09-18T05:47:55.252Z,209,51,53
2026-09-18T05:47:55.252Z,79731,29100000,62110000
2026-09-18T05:47:55.252Z,24640,111400000,118800000
2026-09-18T05:47:55.252Z,26368,2212000,13020000
2026-09-18T05:47:55.252Z,19946,15300,20000
2026-09-18T05:47:55.252Z,40737,765600000,997000000
2026-09-18T05:47:55.252Z,14880,1022000,250000000
2026-09-18T05:47:55.252Z,55676,69.05,398400
2026-09-18T05:47:55.252Z,32031,11280000,14950000
2026-09-18T05:47:55.252Z,21628,8000000,24160000
2026-09-18T05:47:55.252Z,3451,4601,93990
2026-09-18T05:47:55.252Z,3196,717100,5900000
2026-09-18T05:47:55.252Z,53705,145100000,149200000
2026-09-18T05:47:55.252Z,11433,1658000,4477000
2026-09-18T05:47:55.252Z,3421,30120,219900
2026-09-18T05:47:55.252Z,33818,215100000,228400000
2026-09-18T05:47:55.252Z,37879,10000,1786000
2026-09-18T05:47:55.252Z,87512,17010000,54020000
2026-09-18T05:47:55.252Z,90705,1007,9599
2026-09-18T05:47:55.252Z,11265,5018000,7921000
2026-09-18T05:47:55.252Z,45483,4002000,18780000
2026-09-18T05:47:55.252Z,11555,28180,31950
2026-09-18T05:47:55.252Z,3287,27110000,85000000
2026-09-18T05:47:55.252Z,31908,19420000,22430000
2026-09-18T05:47:55.252Z,19550,108800000,118500000
2026-09-18T05:47:55.252Z,46965,423700,6898000
2026-09-18T05:47:55.252Z,31306,11810000,14690000
2026-09-18T05:47:55.252Z,84341,300000,1490000
2026-09-18T05:47:55.252Z,43658,127400000,178500000
2026-09-18T05:47:55.252Z,16069,1223,65000
2026-09-18T05:47:55.252Z,28684,904600,1354000
2026-09-18T05:47:55.252Z,28701,91290,99350
2026-09-18T05:47:55.252Z,2021,,24990000
2026-09-18T05:47:55.252Z,2203,3105,3297
2026-09-18T05:47:55.252Z,62381,95560,104400
2026-09-18T05:47:55.252Z,18859,32510000,36460000
2026-09-18T05:47:55.252Z,33406,244500000,285900000
2026-09-18T05:47:55.252Z,16457,5000000,5300000
2026-09-18T05:47:55.252Z,52705,9899000,1435000000
2026-09-18T05:47:55.252Z,55642,10000,22980
2026-09-18T05:47:55.252Z,31568,2625000,3358000
2026-09-18T05:47:55.252Z,14510,2267000,2995000000
2026-09-18T05:47:55.252Z,23416,176000000,198300000
2026-09-18T05:47:55.252Z,43848,52270000,131800000
2026-09-18T05:47:55.252Z,57489,18000000000,20190000000
2026-09-18T05:47:55.252Z,46496,1693000000,2949000000
2026-09-18T05:47:55.252Z,28758,33550000,35910000
2026-09-18T05:47:55.252Z,33848,81860000,96720000
2026-09-18T05:47:55.252Z,37170,2301000000,2697000000
2026-09-18T05:47:55.252Z,31668,15010,101800
2026-09-18T05:47:55.252Z,82301,229,338.5
2026-09-18T05:47:55.252Z,46721,1305000000,7999000000
2026-09-18T05:47:55.252Z,13245,14800000,15570000
2026-09-18T05:47:55.252Z,21857,164.1,4999
2026-09-18T05:47:55.252Z,23039,546.9,713
2026-09-18T05:47:55.252Z,31250,0.02,89940
2026-09-18T05:47:55.252Z,21486,9132000,22960000
2026-09-18T05:47:55.252Z,47813,73100,295300
2026-09-18T05:47:55.252Z,29055,105600,464600
2026-09-18T05:47:55.252Z,75275,19.54,24.08
2026-09-18T05:47:55.252Z,4180,20740000,60510000
2026-09-18T05:47:55.252Z,33064,41170000,348900000
2026-09-18T05:47:55.252Z,75276,18.09,23.99
2026-09-18T05:47:55.252Z,3979,2305000,2979000
2026-09-18T05:47:55.252Z,33003,305800,544800
2026-09-18T05:47:55.252Z,85750,56460000,136000000
2026-09-18T05:47:55.252Z,11529,9530000,14880000
2026-09-18T05:47:55.252Z,203,161,185
2026-09-18T05:47:55.252Z,62572,9907,10810
2026-09-18T05:47:55.252Z,22110,115000000,127400000
2026-09-18T05:47:55.252Z,45619,31830000,33830000
2026-09-18T05:47:55.252Z,89241,25410,118900
2026-09-18T05:47:55.252Z,11443,809500,4899000
2026-09-18T05:47:55.252Z,17252,20120,8983000
2026-09-18T05:47:55.252Z,88714,1708000000,2400000000
2026-09-18T05:47:55.252Z,37599,11040000,16860000
2026-09-18T05:47:55.252Z,46951,250500,4893000
2026-09-18T05:47:55.252Z,82464,,688600
2026-09-18T05:47:55.252Z,1317,1925,3594
2026-09-18T05:47:55.252Z,56712,100000,17900000
2026-09-18T05:47:55.252Z,88173,,2500
2026-09-18T05:47:55.252Z,7253,15500,118900
2026-09-18T05:47:55.252Z,12225,102500,792400
2026-09-18T05:47:55.252Z,27099,500300,728400
2026-09-18T05:47:55.252Z,60262,10010000,191300000
2026-09-18T05:47:55.252Z,15288,1800000000,3448000000
2026-09-18T05:47:55.252Z,17363,50010,238900
2026-09-18T05:47:55.252Z,28264,16020000,19960000
2026-09-18T05:47:55.252Z,3299,519500000,640800000
2026-09-18T05:47:55.252Z,14874,1022000,60000000
2026-09-18T05:47:55.252Z,3663,100000,499800
2026-09-18T05:47:55.252Z,3079,186700000,536200000
2026-09-18T05:47:55.252Z,33710,1561000,2400000
2026-09-18T05:47:55.252Z,46797,25100,4190000
2026-09-18T05:47:55.252Z,35881,613500000,699700000
2026-09-18T05:47:55.252Z,3078,8177000,22720000
2026-09-18T05:47:55.252Z,45582,406800,144900000
2026-09-18T05:47:55.252Z,3766,226900,324500
2026-09-18T05:47:55.252Z,83301,10000,550000
2026-09-18T05:47:55.252Z,40522,4202000,71340000
2026-09-18T05:47:55.252Z,15599,50390,50410
2026-09-18T05:47:55.252Z,49804,450200,3282000
2026-09-18T05:47:55.252Z,24473,23.58,69.95
2026-09-18T05:47:55.252Z,23107,679400,986500
2026-09-18T05:47:55.252Z,31123,958200,1185000
2026-09-18T05:47:55.252Z,52681,45170000,66720000
2026-09-18T05:47:55.252Z,52293,1233000,13670000
2026-09-18T05:47:55.252Z,60918,500000,2980000
2026-09-18T05:47:55.252Z,94058,1021000,34790000
2026-09-18T05:47:55.252Z,23139,889300,1676000
2026-09-18T05:47:55.252Z,85502,66990000,172000000
2026-09-18T05:47:55.252Z,55666,1002,1940000
2026-09-18T05:47:55.252Z,37307,181700000,217500000
2026-09-18T05:47:55.252Z,33098,1952000,3100000
2026-09-18T05:47:55.252Z,83066,41000,99900
2026-09-18T05:47:55.252Z,15701,101,899900
2026-09-18T05:47:55.252Z,90648,10000,360100
2026-09-18T05:47:55.252Z,87785,54000000,72000000
2026-09-18T05:47:55.252Z,88684,22000000,44830000
2026-09-18T05:47:55.252Z,84741,232100000,576400000
2026-09-18T05:47:55.252Z,82374,40000,94770
2026-09-18T05:47:55.252Z,90615,160100,6795000
2026-09-18T05:47:55.252Z,57458,8320000,8829000
2026-09-18T05:47:55.252Z,47823,410000,789700
2026-09-18T05:47:55.252Z,55614,1,224500
2026-09-18T05:47:55.252Z,49978,321500,15830000
2026-09-18T05:47:55.252Z,37815,154100000,349600000
2026-09-18T05:47:55.252Z,83333,,10760000
2026-09-18T05:47:55.252Z,47126,7781000,29020000
2026-09-18T05:47:55.252Z,3477,72670000,97650000
2026-09-18T05:47:55.252Z,12203,5002000,10000000
2026-09-18T05:47:55.252Z,47038,7231000,40910000
2026-09-18T05:47:55.252Z,20500,14340000,20270000
2026-09-18T05:47:55.252Z,47118,8342000,13980000
2026-09-18T05:47:55.252Z,88666,600100,239900000
2026-09-18T05:47:55.252Z,64377,5521000,10540000
2026-09-18T05:47:55.252Z,26086,5920000,6557000
2026-09-18T05:47:55.252Z,16642,1990,2139
2026-09-18T05:47:55.252Z,8579,8000,13750
2026-09-18T05:47:55.252Z,60568,501500,4400000
2026-09-18T05:47:55.252Z,79733,11020,2999000
2026-09-18T05:47:55.252Z,26382,3332000,6900000
2026-09-18T05:47:55.252Z,33021,450100,50000000
2026-09-18T05:47:55.252Z,17930,53200000,57940000
2026-09-18T05:47:55.252Z,32043,780700,1266000
2026-09-18T05:47:55.252Z,95458,168600000,219400000
2026-09-18T05:47:55.252Z,37884,90000,4026000
2026-09-18T05:47:55.252Z,4569,17490,31000
2026-09-18T05:47:55.252Z,32435,8538000,15900000
2026-09-18T05:47:55.252Z,16247,68010000,89480000
2026-09-18T05:47:55.252Z,14274,28010,62690
2026-09-18T05:47:55.252Z,524,20330,86590
2026-09-18T05:47:55.252Z,47072,33030000,63830000
2026-09-18T05:47:55.252Z,27095,,780000
2026-09-18T05:47:55.252Z,17459,23.15,23.31
2026-09-18T05:47:55.252Z,31750,70000,59190000
2026-09-18T05:47:55.252Z,2020,143000,168400
2026-09-18T05:47:55.252Z,19970,1.04,2.77
2026-09-18T05:47:55.252Z,92392,7548000,8648000
2026-09-18T05:47:55.252Z,3151,81000000,589500000
2026-09-18T05:47:55.252Z,18967,119300000,138100000
2026-09-18T05:47:55.252Z,57208,11270000,22000000
2026-09-18T05:47:55.252Z,85149,48390000,69900000
2026-09-18T05:47:55.252Z,2104,845100,979900
2026-09-18T05:47:55.252Z,93729,31150000,76930000
2026-09-18T05:47:55.252Z,52922,564700000,816000000
2026-09-18T05:47:55.252Z,3183,551000000,670900000
2026-09-18T05:47:55.252Z,45790,428000,5999000
2026-09-18T05:47:55.252Z,17488,22180000,25700000
2026-09-18T05:47:55.252Z,33155,120600000,132700000
2026-09-18T05:47:55.252Z,11279,949200,1389000
2026-09-18T05:47:55.252Z,19921,158.5,6519
2026-09-18T05:47:55.252Z,7539,658.6,10000
2026-09-18T05:47:55.252Z,47334,80600000,113900000
2026-09-18T05:47:55.252Z,583,360700,360800
2026-09-18T05:47:55.252Z,34329,319900000,1922000000
2026-09-18T05:47:55.252Z,18700,71910000,125600000
2026-09-18T05:47:55.252Z,55570,10010,120000
2026-09-18T05:47:55.252Z,10213,90650000,97320000
2026-09-18T05:47:55.252Z,74152,2128000,12000000
2026-09-18T05:47:55.252Z,23829,18630000,24610000
2026-09-18T05:47:55.252Z,23803,91570000,105000000
2026-09-18T05:47:55.252Z,47839,191700000,269900000
2026-09-18T05:47:55.252Z,81121,2357000,4905000
2026-09-18T05:47:55.252Z,46946,10010,9778000
2026-09-18T05:47:55.252Z,12269,36230,514100
2026-09-18T05:47:55.252Z,28308,18540000,21480000
2026-09-18T05:47:55.252Z,16189,456800,952900
2026-09-18T05:47:55.252Z,19259,1278000,5796000
2026-09-18T05:47:55.252Z,19692,104000000,173800000
2026-09-18T05:47:55.252Z,55546,15000,242000
2026-09-18T05:47:55.252Z,27191,511600,810000
2026-09-18T05:47:55.252Z,3575,226400000,306400000
2026-09-18T05:47:55.252Z,93078,71280000,260000000
2026-09-18T05:47:55.252Z,46828,117200,2798000
2026-09-18T05:47:55.252Z,47039,12160000,49180000
2026-09-18T05:47:55.252Z,12486,1158000,2182000
2026-09-18T05:47:55.252Z,14343,4850000,9928000
2026-09-18T05:47:55.252Z,31676,4074000,10000000
2026-09-18T05:47:55.252Z,94159,30100000,87900000
2026-09-18T05:47:55.252Z,55601,10050,2770000
2026-09-18T05:47:55.252Z,24558,15370000,17070000
2026-09-18T05:47:55.252Z,19103,46940000,66920000
2026-09-18T05:47:55.252Z,53903,10510000,95000000
2026-09-18T05:47:55.252Z,57164,1114000,10440000
2026-09-18T05:47:55.252Z,23606,51710,269900
2026-09-18T05:47:55.252Z,21889,42350000,45040000
2026-09-18T05:47:55.252Z,28844,6785000000,7323000000
2026-09-18T05:47:55.252Z,54968,1310000,24320000
2026-09-18T05:47:55.252Z,44153,101300,1860000
2026-09-18T05:47:55.252Z,34268,849300,997100
2026-09-18T05:47:55.252Z,41207,12350000000,14740000000
2026-09-18T05:47:55.252Z,81084,6397000,8623000
2026-09-18T05:47:55.252Z,6807,20050,29400
2026-09-18T05:47:55.252Z,57735,802000,6597000
2026-09-18T05:47:55.252Z,28262,138000,217500
2026-09-18T05:47:55.252Z,35680,800000,1200000
2026-09-18T05:47:55.252Z,62628,34220000,37710000
2026-09-18T05:47:55.252Z,45632,32720000,36180000
2026-09-18T05:47:55.252Z,60313,2893000,3248000
2026-09-18T05:47:55.252Z,62382,79570,84370
2026-09-18T05:47:55.252Z,3467,5700,10690
2026-09-18T05:47:55.252Z,47130,21670000,101100000
2026-09-18T05:47:55.252Z,15613,302000,339800
2026-09-18T05:47:55.252Z,52788,71470000,109900000
2026-09-18T05:47:55.252Z,33095,2401000,3200000
2026-09-18T05:47:55.252Z,42754,260000,2700000
2026-09-18T05:47:55.252Z,13242,24080000,27990000
2026-09-18T05:47:55.252Z,40347,12510000,15640000
2026-09-18T05:47:55.252Z,46860,7041000,38800000
2026-09-18T05:47:55.252Z,83470,2217000,2365000
2026-09-18T05:47:55.252Z,1227,100.4,124.6
2026-09-18T05:47:55.252Z,20783,99400,130000
2026-09-18T05:47:55.252Z,25544,30510000,34740000
2026-09-18T05:47:55.252Z,48425,265900,800000
2026-09-18T05:47:55.252Z,31540,,2157000
2026-09-18T05:47:55.252Z,58876,5020000,33900000
2026-09-18T05:47:55.252Z,85499,93990000,299300000
2026-09-18T05:47:55.252Z,84133,122500000,288000000
2026-09-18T05:47:55.252Z,88616,40000,432000
2026-09-18T05:47:55.252Z,62550,704.6,953.4
2026-09-18T05:47:55.252Z,18,28.01,30.9
2026-09-18T05:47:55.252Z,47298,130300000,143200000
2026-09-18T05:47:55.252Z,36729,200000,748300
2026-09-18T05:47:55.252Z,17266,2329000,2976000
2026-09-18T05:47:55.252Z,47894,1594000,1799000
2026-09-18T05:47:55.252Z,90521,211.5,7000
2026-09-18T05:47:55.252Z,9141,36200,48740
2026-09-18T05:47:55.252Z,27085,300300,603800
2026-09-18T05:47:55.252Z,46223,1000000,11210000
2026-09-18T05:47:55.252Z,88121,135100,104800000
2026-09-18T05:47:55.252Z,93736,130600000,337600000
2026-09-18T05:47:55.252Z,31550,204,87200
2026-09-18T05:47:55.252Z,30547,1635000,5200000
2026-09-18T05:47:55.252Z,30545,3848000,6600000
2026-09-18T05:47:55.252Z,3306,2117,349900
2026-09-18T05:47:55.252Z,28797,106900000,128200000
2026-09-18T05:47:55.252Z,30551,2302000,4900000
2026-09-18T05:47:55.252Z,22967,288.8,522.7
2026-09-18T05:47:55.252Z,21910,555,900
2026-09-18T05:47:55.252Z,55529,5.02,49000
2026-09-18T05:47:55.252Z,21274,758300,1993000
2026-09-18T05:47:55.252Z,93733,81300000,103100000
2026-09-18T05:47:55.252Z,49673,116700,747400
2026-09-18T05:47:55.252Z,81122,14750000,44500000
2026-09-18T05:47:55.252Z,28744,69020000,77550000
2026-09-18T05:47:55.252Z,93466,31060000,150000000
2026-09-18T05:47:55.252Z,91975,28860000,47790000
2026-09-18T05:47:55.252Z,14148,16700000,20740000
2026-09-18T05:47:55.252Z,41498,85420000,93500000
2026-09-18T05:47:55.252Z,498,1021000,2043000
2026-09-18T05:47:55.252Z,11484,425,514.8
2026-09-18T05:47:55.252Z,19299,66050000,114900000
2026-09-18T05:47:55.252Z,53371,50540,1471000
2026-09-18T05:47:55.252Z,46522,32250000,64820000
2026-09-18T05:47:55.252Z,28302,193400,234200
2026-09-18T05:47:55.252Z,17690,381800,968400
2026-09-18T05:47:55.252Z,31622,1037000,1546000
2026-09-18T05:47:55.252Z,672,13350,17980
2026-09-18T05:47:55.252Z,41409,29000000,31500000
2026-09-18T05:47:55.252Z,31484,732200,992000
2026-09-18T05:47:55.252Z,31588,890900,1233000
2026-09-18T05:47:55.252Z,47360,49020000,59590000
2026-09-18T05:47:55.252Z,47353,51560000,104800000
2026-09-18T05:47:55.252Z,28788,105100000,115200000
2026-09-18T05:47:55.252Z,13881,514300,2618000
2026-09-18T05:47:55.252Z,55562,1075,44800
2026-09-18T05:47:55.252Z,54785,7903,8800
2026-09-18T05:47:55.252Z,566,46530,87940
2026-09-18T05:47:55.252Z,18791,30650,89000
2026-09-18T05:47:55.252Z,54830,14110,534000
2026-09-18T05:47:55.252Z,2476,40850,63800
2026-09-18T05:47:55.252Z,48520,73220000,269000000
2026-09-18T05:47:55.252Z,48566,387800000,635000000
2026-09-18T05:47:55.252Z,53378,50120,5898000
2026-09-18T05:47:55.252Z,53316,1478000000,4613000000
2026-09-18T05:47:55.252Z,91932,2272000,2449000
2026-09-18T05:47:55.252Z,47908,772600,845600
2026-09-18T05:47:55.252Z,58872,1000000,20710000
2026-09-18T05:47:55.252Z,60381,21000000,24470000
2026-09-18T05:47:55.252Z,55644,100,18900
2026-09-18T05:47:55.252Z,43662,47940000,185800000
2026-09-18T05:47:55.252Z,47251,60330000,170000000
2026-09-18T05:47:55.252Z,43683,20810000,38000000
2026-09-18T05:47:55.252Z,62636,132200000,153000000
2026-09-18T05:47:55.252Z,20063,,271500000
2026-09-18T05:47:55.252Z,31634,900000,1159000
2026-09-18T05:47:55.252Z,85306,225000,498600
2026-09-18T05:47:55.252Z,62390,39000,49980
2026-09-18T05:47:55.252Z,83339,10100,4284000
2026-09-18T05:47:55.252Z,47622,13150000,57000000
2026-09-18T05:47:55.252Z,47935,2023,3000
2026-09-18T05:47:55.252Z,13872,12000000,19990000
2026-09-18T05:47:55.252Z,47827,3610000,4627000
2026-09-18T05:47:55.252Z,44915,5193000,128600000
2026-09-18T05:47:55.252Z,42797,442300,19840000
2026-09-18T05:47:55.252Z,41479,15700000,35290000
2026-09-18T05:47:55.252Z,3423,501.5,180000
2026-09-18T05:47:55.252Z,12367,131300,170000
2026-09-18T05:47:55.252Z,42200,52000000,56000000
2026-09-18T05:47:55.252Z,21059,5047,183000
2026-09-18T05:47:55.252Z,45942,110300,2995000
2026-09-18T05:47:55.252Z,42791,420000,10000000
2026-09-18T05:47:55.252Z,43815,26460000,39980000
2026-09-18T05:47:55.252Z,91954,20670000,49380000
2026-09-18T05:47:55.252Z,53167,600000,3990000
2026-09-18T05:47:55.252Z,28615,3901000,5500000
2026-09-18T05:47:55.252Z,35928,1000000000,1277000000
2026-09-18T05:47:55.252Z,47125,6055000,36200000
2026-09-18T05:47:55.252Z,11543,6011,6997
2026-09-18T05:47:55.252Z,47683,5969000000,7612000000
2026-09-18T05:47:55.252Z,21230,2308,649000
2026-09-18T05:47:55.252Z,26312,8201000,12280000
2026-09-18T05:47:55.252Z,27126,90030000,118600000
2026-09-18T05:47:55.252Z,23137,11550000,15070000
2026-09-18T05:47:55.252Z,47501,2011000,23920000
2026-09-18T05:47:55.252Z,55628,71,89900
2026-09-18T05:47:55.252Z,4171,1703000,15000000
2026-09-18T05:47:55.252Z,58892,190800,4446000
2026-09-18T05:47:55.252Z,28272,10120000,12490000
2026-09-18T05:47:55.252Z,46988,45000000,58000000
2026-09-18T05:47:55.252Z,12547,10820000,17990000
2026-09-18T05:47:55.252Z,21732,193000,1447000
2026-09-18T05:47:55.252Z,26402,23520000,53390000
2026-09-18T05:47:55.252Z,3981,590200,891800
2026-09-18T05:47:55.252Z,25252,44750,69980
2026-09-18T05:47:55.252Z,88465,10010,3070000
2026-09-18T05:47:55.252Z,12826,152900,186200
2026-09-18T05:47:55.252Z,47375,260000000,499700000
2026-09-18T05:47:55.252Z,47258,21450000,23790000
2026-09-18T05:47:55.252Z,45980,10120000,191800000
2026-09-18T05:47:55.252Z,53708,178500000,184400000
2026-09-18T05:47:55.252Z,25898,7530000,7937000
2026-09-18T05:47:55.252Z,94034,38520000,46920000
2026-09-18T05:47:55.252Z,3167,132800000,643700000
2026-09-18T05:47:55.252Z,3262,500100,7072000
2026-09-18T05:47:55.252Z,4156,190200000,355000000
2026-09-18T05:47:55.252Z,21232,17000,379000
2026-09-18T05:47:55.252Z,27238,19520000,24110000
2026-09-18T05:47:55.252Z,84410,1792,268900
2026-09-18T05:47:55.252Z,14292,600.4,420000
2026-09-18T05:47:55.252Z,30998,,1144000
2026-09-18T05:47:55.252Z,31046,100000,1135000
2026-09-18T05:47:55.252Z,92986,1000000,25970000
2026-09-18T05:47:55.252Z,11302,100000,2900000
2026-09-18T05:47:55.252Z,55669,10000,1587000
2026-09-18T05:47:55.252Z,83250,1000,119900
2026-09-18T05:47:55.252Z,42796,200100,1600000
2026-09-18T05:47:55.252Z,93003,968900,69830000
2026-09-18T05:47:55.252Z,88175,1,2500
2026-09-18T05:47:55.252Z,17495,1998000,4994000
2026-09-18T05:47:55.252Z,26432,2548000,14540000
2026-09-18T05:47:55.252Z,3118,84610000,93900000
2026-09-18T05:47:55.252Z,31108,10000,785000
2026-09-18T05:47:55.252Z,85930,148900000,210000000
2026-09-18T05:47:55.252Z,63865,130100,4485000
2026-09-18T05:47:55.252Z,58871,300000,12490000
2026-09-18T05:47:55.252Z,3303,502.8,89900
2026-09-18T05:47:55.252Z,31966,12470000,32680000
2026-09-18T05:47:55.252Z,13965,12470000,19910000
2026-09-18T05:47:55.252Z,28808,69050000,82790000
2026-09-18T05:47:55.252Z,23150,478100,798800
2026-09-18T05:47:55.252Z,1355,418000,555800
2026-09-18T05:47:55.252Z,57472,18830000,22240000
2026-09-18T05:47:55.252Z,61183,111000000,798000000
2026-09-18T05:47:55.252Z,91941,4554000,15870000
2026-09-18T05:47:55.252Z,77399,125400000,205200000
2026-09-18T05:47:55.252Z,61192,90010000,237200000
2026-09-18T05:47:55.252Z,3983,2045000,2498000
2026-09-18T05:47:55.252Z,84345,754300,6979000
2026-09-18T05:47:55.252Z,60921,357600,8850000
2026-09-18T05:47:55.252Z,43769,91480000,243000000
2026-09-18T05:47:55.252Z,45627,30090000,35460000
2026-09-18T05:47:55.252Z,20000,302.6,716
2026-09-18T05:47:55.252Z,73424,322500000,2450000000
2026-09-18T05:47:55.252Z,47311,12880000,101400000
2026-09-18T05:47:55.252Z,82479,10000,7883000
2026-09-18T05:47:55.252Z,21538,44640000,69890000
2026-09-18T05:47:55.252Z,60909,2101000,14990000
2026-09-18T05:47:55.252Z,43812,81130000,380000000
2026-09-18T05:47:55.252Z,62624,33100000,38410000
2026-09-18T05:47:55.252Z,16278,2884000,3134000
2026-09-18T05:47:55.252Z,45538,144000,169700000
2026-09-18T05:47:55.252Z,17497,9384000,11160000
2026-09-18T05:47:55.252Z,88119,41780000,74990000
2026-09-18T05:47:55.252Z,47135,13150000,50380000
2026-09-18T05:47:55.252Z,82362,1400000,3349000
2026-09-18T05:47:55.252Z,22619,4628000,14240000
2026-09-18T05:47:55.252Z,19689,98500000,109800000
2026-09-18T05:47:55.252Z,31191,10420,1273000
2026-09-18T05:47:55.252Z,44152,150200,3200000
2026-09-18T05:47:55.252Z,15697,4,699700
2026-09-18T05:47:55.252Z,10222,87310000,97920000
2026-09-18T05:47:55.252Z,44948,141200,18480000
2026-09-18T05:47:55.252Z,25810,21950,1500000
2026-09-18T05:47:55.252Z,24242,401700,1500000
2026-09-18T05:47:55.252Z,62566,4510,5865
2026-09-18T05:47:55.252Z,85088,45000,49000
2026-09-18T05:47:55.252Z,3410,150000,900000
2026-09-18T05:47:55.252Z,92666,221000000,595000000
2026-09-18T05:47:55.252Z,3433,1005,210000
2026-09-18T05:47:55.252Z,46156,6034000,36900000
2026-09-18T05:47:55.252Z,78366,469200000,525500000
2026-09-18T05:47:55.252Z,19183,117600000,130800000
2026-09-18T05:47:55.252Z,89648,18650000,20980000
2026-09-18T05:47:55.252Z,88852,964000,1078000
2026-09-18T05:47:55.252Z,23029,693.6,999.5
2026-09-18T05:47:55.252Z,33526,237500000,300200000
2026-09-18T05:47:55.252Z,83381,20000,3450000
2026-09-18T05:47:55.252Z,83325,10000,164900
2026-09-18T05:47:55.252Z,83383,330000,1727000
2026-09-18T05:47:55.252Z,88541,20010,148100
2026-09-18T05:47:55.252Z,31450,,1660000
2026-09-18T05:47:55.252Z,91945,10650000,17820000
2026-09-18T05:47:55.252Z,88172,1.01,2500
2026-09-18T05:47:55.252Z,46943,2195000,13950000
2026-09-18T05:47:55.252Z,27196,23320000,27530000
2026-09-18T05:47:55.252Z,32107,2043000,8550000
2026-09-18T05:47:55.252Z,16227,41540000,54920000
2026-09-18T05:47:55.252Z,46024,210100000,245400000
2026-09-18T05:47:55.252Z,83331,10000,282200
2026-09-18T05:47:55.252Z,46802,626800,2397000
2026-09-18T05:47:55.252Z,31347,,200000
2026-09-18T05:47:55.252Z,31304,150100,3490000
2026-09-18T05:47:55.252Z,16690,151400,2835000
2026-09-18T05:47:55.252Z,54745,128000000,160700000
2026-09-18T05:47:55.252Z,28802,104800000,121900000
2026-09-18T05:47:55.252Z,41501,849200000,2191000000
2026-09-18T05:47:55.252Z,88487,100000,1985000
2026-09-18T05:47:55.252Z,21023,12190000,14890000
2026-09-18T05:47:55.252Z,562,3502,20000
2026-09-18T05:47:55.252Z,42176,213400000,3398000000
2026-09-18T05:47:55.252Z,45846,526100,8000000
2026-09-18T05:47:55.252Z,19998,1.02,142.9
2026-09-18T05:47:55.252Z,18885,9229000,39770000
2026-09-18T05:47:55.252Z,40554,7750000,20740000
2026-09-18T05:47:55.252Z,12767,153,190.8
2026-09-18T05:47:55.252Z,61204,252700,3464000
2026-09-18T05:47:55.252Z,82183,1810000000,2235000000
2026-09-18T05:47:55.252Z,26292,51350000,62740000
2026-09-18T05:47:55.252Z,42774,200000,2999000
2026-09-18T05:47:55.252Z,900,5023,2540000
2026-09-18T05:47:55.252Z,55566,1.05,374600
2026-09-18T05:47:55.252Z,88576,60000,2057000
2026-09-18T05:47:55.252Z,497,535200,1123000
2026-09-18T05:47:55.252Z,55564,311,98400
2026-09-18T05:47:55.252Z,12346,771600,1208000
2026-09-18T05:47:55.252Z,63782,100900,179200
2026-09-18T05:47:55.252Z,31023,1050000,1380000
2026-09-18T05:47:55.252Z,46991,7485000,20680000
2026-09-18T05:47:55.252Z,26386,383200,3990000
2026-09-18T05:47:55.252Z,83364,20010,12000000
2026-09-18T05:47:55.252Z,47737,682300,784100
2026-09-18T05:47:55.252Z,46426,170500000,3440000000
2026-09-18T05:47:55.252Z,55516,1000,291300
2026-09-18T05:47:55.252Z,3263,31970,6800000
2026-09-18T05:47:55.252Z,53210,7056000,23800000
2026-09-18T05:47:55.252Z,11535,17800,18270
2026-09-18T05:47:55.252Z,31081,105800000,447000000
2026-09-18T05:47:55.252Z,26888,23170000,29880000
2026-09-18T05:47:55.252Z,55534,0.02,14900
2026-09-18T05:47:55.252Z,85544,63100000,73990000
2026-09-18T05:47:55.252Z,17940,504200,1390000
2026-09-18T05:47:55.252Z,48424,39410,265900
2026-09-18T05:47:55.252Z,63855,10840,899900
2026-09-18T05:47:55.252Z,17187,3420000,9977000
2026-09-18T05:47:55.252Z,27115,200100,993900
2026-09-18T05:47:55.252Z,43797,23460000,49000000
2026-09-18T05:47:55.252Z,3326,400100,999000
2026-09-18T05:47:55.252Z,87510,600100000,1199000000
2026-09-18T05:47:55.252Z,11692,16650,22990
2026-09-18T05:47:55.252Z,35959,7286000,14520000
2026-09-18T05:47:55.252Z,11690,19250,20090
2026-09-18T05:47:55.252Z,91950,2583000,2998000
2026-09-18T05:47:55.252Z,78367,102000000,112900000
2026-09-18T05:47:55.252Z,46251,5254000,10430000
2026-09-18T05:47:55.252Z,28282,421000,509500
2026-09-18T05:47:55.252Z,41302,1276,7811
2026-09-18T05:47:55.252Z,16595,14070000,16650000
2026-09-18T05:47:55.252Z,88788,130800000,2488000000
2026-09-18T05:47:55.252Z,55518,1002,873900
2026-09-18T05:47:55.252Z,21029,6348000,6897000
2026-09-18T05:47:55.252Z,33404,224300000,295200000
2026-09-18T05:47:55.252Z,77947,350000,803900
2026-09-18T05:47:55.252Z,12215,5030000,7696000
2026-09-18T05:47:55.252Z,88177,,2500
2026-09-18T05:47:55.252Z,73876,2215000,30940000
2026-09-18T05:47:55.252Z,523,6722,9000
2026-09-18T05:47:55.252Z,23035,626.9,1196
2026-09-18T05:47:55.252Z,12559,63200,79870
2026-09-18T05:47:55.252Z,41249,60140000,73390000
2026-09-18T05:47:55.252Z,19040,246100000,287100000
2026-09-18T05:47:55.252Z,62391,40660,46980
2026-09-18T05:47:55.252Z,55565,1000,3132000
2026-09-18T05:47:55.252Z,57120,175800000,216900000
2026-09-18T05:47:55.252Z,33405,272500000,298200000
2026-09-18T05:47:55.252Z,57497,5101000,9750000
2026-09-18T05:47:55.252Z,23130,869000,1399000
2026-09-18T05:47:55.252Z,20157,75470000,80830000
2026-09-18T05:47:55.252Z,9129,18000,55490
2026-09-18T05:47:55.252Z,10840,241200,1114000
2026-09-18T05:47:55.252Z,41441,402100000,678900000
2026-09-18T05:47:55.252Z,21071,5012,98990
2026-09-18T05:47:55.252Z,90734,,20070000
2026-09-18T05:47:55.252Z,56863,555200,14400000
2026-09-18T05:47:55.252Z,83356,10000,479200
2026-09-18T05:47:55.252Z,27180,8102,398000
2026-09-18T05:47:55.252Z,28790,52080000,76000000
2026-09-18T05:47:55.252Z,42194,1020000,699000000
2026-09-18T05:47:55.252Z,62386,19120,36150
2026-09-18T05:47:55.252Z,18635,136100,154600
2026-09-18T05:47:55.252Z,24477,44.14,51.8
2026-09-18T05:47:55.252Z,14102,20510000,23470000
2026-09-18T05:47:55.252Z,56853,80570000,173500000
2026-09-18T05:47:55.252Z,45750,2750000,15600000
2026-09-18T05:47:55.252Z,49813,31280000,241500000
2026-09-18T05:47:55.252Z,93726,268000000,317400000
2026-09-18T05:47:55.252Z,47475,300100,2350000
2026-09-18T05:47:55.252Z,33608,13100,47900000
2026-09-18T05:47:55.252Z,55663,30030,1998000
2026-09-18T05:47:55.252Z,19129,13240000,18870000
2026-09-18T05:47:55.252Z,22611,11360000,15280000
2026-09-18T05:47:55.252Z,7487,50000,111100
2026-09-18T05:47:55.252Z,91082,26960,60000
2026-09-18T05:47:55.252Z,25916,1756000,8740000
2026-09-18T05:47:55.252Z,40356,43760000,48530000
2026-09-18T05:47:55.252Z,13830,6104000,10950000
2026-09-18T05:47:55.252Z,91946,36130000,129100000
2026-09-18T05:47:55.252Z,64379,114000,16110000
2026-09-18T05:47:55.252Z,34108,53210000,92400000
2026-09-18T05:47:55.252Z,42698,48000,839800
2026-09-18T05:47:55.252Z,1131,1,30000
2026-09-18T05:47:55.252Z,93344,130000000,375000000
2026-09-18T05:47:55.252Z,2195,1568000,1737000
2026-09-18T05:47:55.252Z,14852,800000,968200000
2026-09-18T05:47:55.252Z,3993,570200,995800
2026-09-18T05:47:55.252Z,91935,1581000,2499000
2026-09-18T05:47:55.252Z,88615,600000,9900000
2026-09-18T05:47:55.252Z,33968,32030000,69230000
2026-09-18T05:47:55.252Z,17840,601,10500
2026-09-18T05:47:55.252Z,2406,101000,1400000
2026-09-18T05:47:55.252Z,19547,110800000,122200000
2026-09-18T05:47:55.252Z,47681,189100000,1420000000
2026-09-18T05:47:55.252Z,2178,6602,12860
2026-09-18T05:47:55.252Z,55339,10000,44980
2026-09-18T05:47:55.252Z,78821,500700000,4769000000
2026-09-18T05:47:55.252Z,19992,,689.3
2026-09-18T05:47:55.252Z,55537,50020,861000
2026-09-18T05:47:55.252Z,11455,811700,2000000
2026-09-18T05:47:55.252Z,15685,101.2,1695000
2026-09-18T05:47:55.252Z,33891,,650000
2026-09-18T05:47:55.252Z,93909,115000000,197000000
2026-09-18T05:47:55.252Z,33785,13310000,85360000
2026-09-18T05:47:55.252Z,14399,,6985000000
2026-09-18T05:47:55.252Z,82187,811100000,1100000000
2026-09-18T05:47:55.252Z,12179,26030000,42000000
2026-09-18T05:47:55.252Z,34420,201000,666500
2026-09-18T05:47:55.252Z,63208,99510000,994800000
2026-09-18T05:47:55.252Z,53023,9000000,58890000000
2026-09-18T05:47:55.252Z,21802,17010000,26000000
2026-09-18T05:47:55.252Z,33775,17950000,63330000
2026-09-18T05:47:55.252Z,15691,20,598900
2026-09-18T05:47:55.252Z,46875,3004000,17030000
2026-09-18T05:47:55.252Z,55597,0.02,77680
2026-09-18T05:47:55.252Z,11536,16070,18770
2026-09-18T05:47:55.252Z,30651,200000,1990000
2026-09-18T05:47:55.252Z,57389,67000000,566000000
2026-09-18T05:47:55.252Z,84334,9002000,19800000
2026-09-18T05:47:55.252Z,88655,13300000,40150000
2026-09-18T05:47:55.252Z,91951,42010000,58800000
2026-09-18T05:47:55.252Z,42152,0.01,250000000
2026-09-18T05:47:55.252Z,15509,602000,2680000
2026-09-18T05:47:55.252Z,33928,149600000,205000000
2026-09-18T05:47:55.252Z,85878,134800000,393000000
2026-09-18T05:47:55.252Z,47325,266800000,324900000
2026-09-18T05:47:55.252Z,19994,10.2,35
2026-09-18T05:47:55.252Z,46233,252000,1400000
2026-09-18T05:47:55.252Z,46987,1800000,9997000
2026-09-18T05:47:55.252Z,9133,81160,349000
2026-09-18T05:47:55.252Z,4244,860000000,1227000000
2026-09-18T05:47:55.252Z,47144,15070000,21940000
2026-09-18T05:47:55.252Z,37896,26000,399300
2026-09-18T05:47:55.252Z,22985,110.9,606.7
2026-09-18T05:47:55.252Z,43755,9051000,49000000
2026-09-18T05:47:55.252Z,3388,100.4,271000
2026-09-18T05:47:55.252Z,26062,,564200
2026-09-18T05:47:55.252Z,50151,,998000000
2026-09-18T05:47:55.252Z,90594,540100,7920000
2026-09-18T05:47:55.252Z,30788,10010000,15500000
2026-09-18T05:47:55.252Z,21328,24,394
2026-09-18T05:47:55.252Z,53900,236200000,470000000
2026-09-18T05:47:55.252Z,91925,7127000,8999000
2026-09-18T05:47:55.252Z,45590,24850000,35470000
2026-09-18T05:47:55.252Z,14110,28110000,33590000
2026-09-18T05:47:55.252Z,15999,22090,47980
2026-09-18T05:47:55.252Z,30471,,10500000
2026-09-18T05:47:55.252Z,31882,1537000,1667000
2026-09-18T05:47:55.252Z,46414,111000000,1984000000
2026-09-18T05:47:55.252Z,53368,20010,934100
2026-09-18T05:47:55.252Z,41494,4523000000,6499000000
2026-09-18T05:47:55.252Z,15786,30850000,37880000
2026-09-18T05:47:55.252Z,88357,80000,1097000
2026-09-18T05:47:55.252Z,82040,66120000,124500000
2026-09-18T05:47:55.252Z,54562,710100,5598000
2026-09-18T05:47:55.252Z,3320,4111,85990
2026-09-18T05:47:55.252Z,44995,391200000,424400000
2026-09-18T05:47:55.252Z,14222,37520000,51250000
2026-09-18T05:47:55.252Z,8785,117100,244000
2026-09-18T05:47:55.252Z,55618,5000,98600
2026-09-18T05:47:55.252Z,54774,24190,49420
2026-09-18T05:47:55.252Z,46169,1,10760000
2026-09-18T05:47:55.252Z,22535,150200000,164800000
2026-09-18T05:47:55.252Z,35825,514700000,598800000
2026-09-18T05:47:55.252Z,41486,15370000,19830000
2026-09-18T05:47:55.252Z,55303,1046,14900
2026-09-18T05:47:55.252Z,19169,81700000,140000000
2026-09-18T05:47:55.252Z,3270,522400000,589900000
2026-09-18T05:47:55.252Z,48724,1652000000,4273000000
2026-09-18T05:47:55.252Z,27227,111500000,124700000
2026-09-18T05:47:55.252Z,36766,,899900000
2026-09-18T05:47:55.252Z,40771,1001000,19840000
2026-09-18T05:47:55.252Z,94064,528700000,649300000
2026-09-18T05:47:55.252Z,3894,25080000,32690000
2026-09-18T05:47:55.252Z,31646,254100,1241000
2026-09-18T05:47:55.252Z,85517,1527000,6471000
2026-09-18T05:47:55.252Z,60236,123100,7990000
2026-09-18T05:47:55.252Z,23047,957,2970
2026-09-18T05:47:55.252Z,23729,35000,35960
2026-09-18T05:47:55.252Z,43850,,29970000
2026-09-18T05:47:55.252Z,16631,150400,2018000
2026-09-18T05:47:55.252Z,83369,10000,192000
2026-09-18T05:47:55.252Z,3328,400.4,10000
2026-09-18T05:47:55.252Z,91929,9181000,10400000
2026-09-18T05:47:55.252Z,79721,148900,4979000
2026-09-18T05:47:55.252Z,52297,100100,15130000
2026-09-18T05:47:55.252Z,85490,2310000,13900000
2026-09-18T05:47:55.252Z,59406,330100,7000000
2026-09-18T05:47:55.252Z,48428,23460,136600
2026-09-18T05:47:55.252Z,41206,8036000,7986000000
2026-09-18T05:47:55.252Z,46909,804200,4398000
2026-09-18T05:47:55.252Z,91924,51230000,110100000
2026-09-18T05:47:55.252Z,32035,1060000,1241000
2026-09-18T05:47:55.252Z,14200,6789000,11990000
2026-09-18T05:47:55.252Z,92963,55200000,70000000
2026-09-18T05:47:55.252Z,3221,550000000,670000000
2026-09-18T05:47:55.252Z,55715,311100000,2596000000
2026-09-18T05:47:55.252Z,55528,1.14,107300
2026-09-18T05:47:55.252Z,84942,471000000,843800000
2026-09-18T05:47:55.252Z,3132,547700000,642800000
2026-09-18T05:47:55.252Z,20527,70030000,97700000
2026-09-18T05:47:55.252Z,31189,,986300
2026-09-18T05:47:55.252Z,3176,2570000,8809000
2026-09-18T05:47:55.252Z,92568,161,750
2026-09-18T05:47:55.252Z,33060,4110000,14960000
2026-09-18T05:47:55.252Z,93475,18620000,50000000
2026-09-18T05:47:55.252Z,40357,122300000,139800000
2026-09-18T05:47:55.252Z,43841,0.01,2976000
2026-09-18T05:47:55.252Z,81896,10200000,15500000
2026-09-18T05:47:55.252Z,33096,2173000,2600000
2026-09-18T05:47:55.252Z,6715,10020,76400
2026-09-18T05:47:55.252Z,54404,64380000,84000000
2026-09-18T05:47:55.252Z,88777,40400,6390000
2026-09-18T05:47:55.252Z,82365,20000,87970
2026-09-18T05:47:55.252Z,13255,15050000,16770000
2026-09-18T05:47:55.252Z,34718,2610000,13000000
2026-09-18T05:47:55.252Z,3546,285100000,428100000
2026-09-18T05:47:55.252Z,3596,3004,39990
2026-09-18T05:47:55.252Z,22114,3002000,12200000
2026-09-18T05:47:55.252Z,1190,751600,792400
2026-09-18T05:47:55.252Z,57483,77110000,85660000
2026-09-18T05:47:55.252Z,35965,5331000,29580000
2026-09-18T05:47:55.252Z,62643,912600,7497000
2026-09-18T05:47:55.252Z,91916,1745000,2990000
2026-09-18T05:47:55.252Z,15939,138800000,154700000
2026-09-18T05:47:55.252Z,54226,,300000
2026-09-18T05:47:55.252Z,3193,5243000,7319000
2026-09-18T05:47:55.252Z,76964,1808000,13380000
2026-09-18T05:47:55.252Z,55533,1.23,42500
2026-09-18T05:47:55.252Z,46751,4808000,139800000
2026-09-18T05:47:55.252Z,58863,100300,14180000
2026-09-18T05:47:55.252Z,53308,71000000,104900000
2026-09-18T05:47:55.252Z,456,5101,113900
2026-09-18T05:47:55.252Z,46957,615400,4415000
2026-09-18T05:47:55.252Z,23618,50330,80000
2026-09-18T05:47:55.252Z,87514,2170000,5998000
2026-09-18T05:47:55.252Z,19694,107600000,120100000
2026-09-18T05:47:55.252Z,85931,110700000,164900000
2026-09-18T05:47:55.252Z,46840,1110000,9993000
2026-09-18T05:47:55.252Z,27355,73560,108800
2026-09-18T05:47:55.252Z,43858,290600000,365000000
2026-09-18T05:47:55.252Z,82460,20160,25980000
2026-09-18T05:47:55.252Z,61848,19720000000,43070000000
2026-09-18T05:47:55.252Z,55539,10000,199400
2026-09-18T05:47:55.252Z,4165,46560000,100100000
2026-09-18T05:47:55.252Z,15820,17560000,100000000
2026-09-18T05:47:55.252Z,47128,33870000,85290000
2026-09-18T05:47:55.252Z,70838,99080000,400000000
2026-09-18T05:47:55.252Z,14094,80800,299300
2026-09-18T05:47:55.252Z,46327,2206000000,2997000000
2026-09-18T05:47:55.252Z,85669,119000000,219900000
2026-09-18T05:47:55.252Z,14118,80460000,109800000
2026-09-18T05:47:55.252Z,20775,3496,5887
2026-09-18T05:47:55.252Z,3278,114300,9492000
2026-09-18T05:47:55.252Z,85735,321300000,900000000
2026-09-18T05:47:55.252Z,55347,101,58500
2026-09-18T05:47:55.252Z,21914,256.9,529
2026-09-18T05:47:55.252Z,13259,15320000,16700000
2026-09-18T05:47:55.252Z,49433,10130000,18740000
2026-09-18T05:47:55.252Z,15699,1100,900000
2026-09-18T05:47:55.252Z,73873,0.06,9200000
2026-09-18T05:47:55.252Z,3441,200700,599900
2026-09-18T05:47:55.252Z,19145,97070000,118700000
2026-09-18T05:47:55.252Z,93362,32010000,157600000
2026-09-18T05:47:55.252Z,62478,805.1,1500
2026-09-18T05:47:55.252Z,44949,11030000,93890000
2026-09-18T05:47:55.252Z,3231,2032000,7025000
2026-09-18T05:47:55.252Z,31073,1518000,1750000
2026-09-18T05:47:55.252Z,16596,22540000,37900000
2026-09-18T05:47:55.252Z,82078,70600000,145000000
2026-09-18T05:47:55.252Z,654,2369000,2784000
2026-09-18T05:47:55.252Z,17258,1145000,1790000
2026-09-18T05:47:55.252Z,2575,1222000,1464000
2026-09-18T05:47:55.252Z,15753,39880000,58060000
2026-09-18T05:47:55.252Z,28731,17720000,22100000
2026-09-18T05:47:55.252Z,10678,9797,19760
2026-09-18T05:47:55.252Z,34428,26000,21890000
2026-09-18T05:47:55.252Z,88128,212600000,308800000
2026-09-18T05:47:55.252Z,34433,82000,3973000
2026-09-18T05:47:55.252Z,48730,37660000,208900000
2026-09-18T05:47:55.252Z,19261,9541000,16960000
2026-09-18T05:47:55.252Z,19231,131800000,147800000
2026-09-18T05:47:55.252Z,87798,69190000,123400000
2026-09-18T05:47:55.252Z,23025,2137,2489
2026-09-18T05:47:55.252Z,27445,390.1,1244
2026-09-18T05:47:55.252Z,93001,300000,35000000
2026-09-18T05:47:55.252Z,83377,40000,479200
2026-09-18T05:47:55.252Z,48487,2021000,26500000
2026-09-18T05:47:55.252Z,31942,25480000,32800000
2026-09-18T05:47:55.252Z,55585,500.1,430000
2026-09-18T05:47:55.252Z,23146,200.8,57450
2026-09-18T05:47:55.252Z,23723,1120,14950
2026-09-18T05:47:55.252Z,31142,5000,127000
2026-09-18T05:47:55.252Z,26890,7449000,9765000
2026-09-18T05:47:55.252Z,83308,0.01,185600
2026-09-18T05:47:55.252Z,17184,2032000,8035000
2026-09-18T05:47:55.252Z,12305,5029,140000
2026-09-18T05:47:55.252Z,44218,25180000,245000000
2026-09-18T05:47:55.252Z,28609,25330000,37960000
2026-09-18T05:47:55.252Z,19417,48040000,51600000
2026-09-18T05:47:55.252Z,36358,15300000,69900000
2026-09-18T05:47:55.252Z,13247,9477000,18340000
2026-09-18T05:47:55.252Z,46921,90490,6734000
2026-09-18T05:47:55.252Z,58867,122,934000
2026-09-18T05:47:55.252Z,93002,1600000,44970000
2026-09-18T05:47:55.252Z,16647,5117,5481
2026-09-18T05:47:55.252Z,45887,501400,1000000
2026-09-18T05:47:55.252Z,56226,18590000000,36000000000
2026-09-18T05:47:55.252Z,54781,5461,6947
2026-09-18T05:47:55.252Z,3191,80010000,102400000
2026-09-18T05:47:55.252Z,49923,80530000,394500000
2026-09-18T05:47:55.252Z,3955,465200,700000
2026-09-18T05:47:55.252Z,24562,20000000,77000000
2026-09-18T05:47:55.252Z,20777,758.4,5078
2026-09-18T05:47:55.252Z,52789,135100000,175900000
2026-09-18T05:47:55.252Z,47747,3615000,6979000
2026-09-18T05:47:55.252Z,42707,110000,1123000
2026-09-18T05:47:55.252Z,24695,1074000000,1813000000
2026-09-18T05:47:55.252Z,4311,504200000,699900000
2026-09-18T05:47:55.252Z,43681,266800000,358600000
2026-09-18T05:47:55.252Z,83469,2259000,2438000
2026-09-18T05:47:55.252Z,35886,114900000,177500000
2026-09-18T05:47:55.252Z,55758,20100,849000
2026-09-18T05:47:55.252Z,7541,4033,19790
2026-09-18T05:47:55.252Z,60758,41730000,83980000
2026-09-18T05:47:55.252Z,11887,10010,985700
2026-09-18T05:47:55.252Z,47121,14140000,77640000
2026-09-18T05:47:55.252Z,21939,402.7,519.5
2026-09-18T05:47:55.252Z,52323,2087000000,6708000000
2026-09-18T05:47:55.252Z,93074,106000000,260000000
2026-09-18T05:47:55.252Z,4137,901000,9102000
2026-09-18T05:47:55.252Z,21603,6576000,11000000
2026-09-18T05:47:55.252Z,13230,9165000,18180000
2026-09-18T05:47:55.252Z,18662,60860000,99670000
2026-09-18T05:47:55.252Z,12442,21460,419900
2026-09-18T05:47:55.252Z,490,96190,119800
2026-09-18T05:47:55.252Z,45492,536.4,1380
2026-09-18T05:47:55.252Z,87354,550000,2466000
2026-09-18T05:47:55.252Z,3338,4053000,8200000
2026-09-18T05:47:55.252Z,58874,353800,1669000
2026-09-18T05:47:55.252Z,54225,153900,1990000
2026-09-18T05:47:55.252Z,79745,21980,12190000
2026-09-18T05:47:55.252Z,91961,47270000,99890000
2026-09-18T05:47:55.252Z,20315,1761000,2700000
2026-09-18T05:47:55.252Z,88485,40000,489900
2026-09-18T05:47:55.252Z,83388,80010,1310000
2026-09-18T05:47:55.252Z,12807,230.6,269.2
2026-09-18T05:47:55.252Z,41081,16150000,68140000
2026-09-18T05:47:55.252Z,73878,4201000,13890000
2026-09-18T05:47:55.252Z,20947,8.02,117.9
2026-09-18T05:47:55.252Z,2204,80000,498100
2026-09-18T05:47:55.252Z,47344,16250000,49380000
2026-09-18T05:47:55.252Z,31916,22030000,29760000
2026-09-18T05:47:55.252Z,91942,18820000,77670000
2026-09-18T05:47:55.252Z,3406,278100,950000
2026-09-18T05:47:55.252Z,24764,25460000,37700000
2026-09-18T05:47:55.252Z,46210,11760000,21990000
2026-09-18T05:47:55.252Z,19033,215400000,238200000
2026-09-18T05:47:55.252Z,82459,60010,3212000
2026-09-18T05:47:55.252Z,47766,42310,263700
2026-09-18T05:47:55.252Z,1115,20010,240000
2026-09-18T05:47:55.252Z,54552,15000000,120000000
2026-09-18T05:47:55.252Z,62396,42320,54990
2026-09-18T05:47:55.252Z,76244,60000000,1199000000
2026-09-18T05:47:55.252Z,63776,26380,2893000
2026-09-18T05:47:55.252Z,12344,40770,198900
2026-09-18T05:47:55.252Z,55635,,274500
2026-09-18T05:47:55.252Z,27580,0.01,9559000
2026-09-18T05:47:55.252Z,91170,1587000000,30160000000
2026-09-18T05:47:55.252Z,11695,15000,16570
2026-09-18T05:47:55.252Z,3279,14060000,99390000
2026-09-18T05:47:55.252Z,24636,93520000,124800000
2026-09-18T05:47:55.252Z,3334,1051000,2900000
2026-09-18T05:47:55.252Z,17168,2015000,8846000
2026-09-18T05:47:55.252Z,31971,36290000,83000000
2026-09-18T05:47:55.252Z,55610,10040,599900
2026-09-18T05:47:55.252Z,52295,9213000,19000000
2026-09-18T05:47:55.252Z,85968,21000000,700000000
2026-09-18T05:47:55.252Z,3342,5000,5001
2026-09-18T05:47:55.252Z,12098,18720000,27800000
2026-09-18T05:47:55.252Z,565,4200,44970
2026-09-18T05:47:55.252Z,46577,141600000,398800000
2026-09-18T05:47:55.252Z,60372,,10790000
2026-09-18T05:47:55.252Z,11268,10060,1400000
2026-09-18T05:47:55.252Z,21294,1938000,34800000
2026-09-18T05:47:55.252Z,4153,20780000,57360000
2026-09-18T05:47:55.252Z,33083,5701000000,8184000000
2026-09-18T05:47:55.252Z,84080,77080000,858100000
2026-09-18T05:47:55.252Z,623,11020000,13700000
2026-09-18T05:47:55.252Z,55324,,89000
2026-09-18T05:47:55.252Z,1296,157200,192200
2026-09-18T05:47:55.252Z,46497,250000000,35480000000
2026-09-18T05:47:55.252Z,48817,2136000000,22810000000
2026-09-18T05:47:55.252Z,37547,1000000,14470000
2026-09-18T05:47:55.252Z,43872,276400000,370000000
2026-09-18T05:47:55.252Z,31542,2154000,156600000
2026-09-18T05:47:55.252Z,87323,15000000,407800000
2026-09-18T05:47:55.252Z,41286,2213,10000
2026-09-18T05:47:55.252Z,55592,118100,970000
2026-09-18T05:47:55.252Z,20453,,36000000
2026-09-18T05:47:55.252Z,15200,1034000,357800000
2026-09-18T05:47:55.252Z,41271,5510,8264
2026-09-18T05:47:55.252Z,25900,7879000,9849000
2026-09-18T05:47:55.252Z,61229,521900,13520000
2026-09-18T05:47:55.252Z,45663,137000,199200
2026-09-18T05:47:55.252Z,4170,14320000,231900000
2026-09-18T05:47:55.252Z,88674,5001000,379300000
2026-09-18T05:47:55.252Z,90403,325100000,997000000
2026-09-18T05:47:55.252Z,26931,888000,1088000
2026-09-18T05:47:55.252Z,88635,6200000,19990000
2026-09-18T05:47:55.252Z,3113,39140000,97900000
2026-09-18T05:47:55.252Z,18933,61410000,90000000
2026-09-18T05:47:55.252Z,29637,50000000,76000000
2026-09-18T05:47:55.252Z,46829,305200,4798000
2026-09-18T05:47:55.252Z,16009,94890000,128300000
2026-09-18T05:47:55.252Z,55301,,141000
2026-09-18T05:47:55.252Z,28441,225000,273900
2026-09-18T05:47:55.252Z,47117,9284000,46550000
2026-09-18T05:47:55.252Z,17242,5000000,13900000
2026-09-18T05:47:55.252Z,88683,300000,3249000
2026-09-18T05:47:55.252Z,26390,2494,13100000
2026-09-18T05:47:55.252Z,48746,576800000,932800000
2026-09-18T05:47:55.252Z,93913,80000000,149900000
2026-09-18T05:47:55.252Z,20599,24520000,54910000
2026-09-18T05:47:55.252Z,49651,1100000,220900000
2026-09-18T05:47:55.252Z,91938,236200000,366800000
2026-09-18T05:47:55.252Z,13870,1242000,2834000
2026-09-18T05:47:55.252Z,13959,53280000,77540000
2026-09-18T05:47:55.252Z,47137,24160000,49940000
2026-09-18T05:47:55.252Z,55559,20010,9855000
2026-09-18T05:47:55.252Z,46978,56480,14040000
2026-09-18T05:47:55.252Z,14184,26000000,33200000
2026-09-18T05:47:55.252Z,52598,207400000,2987000000
2026-09-18T05:47:55.252Z,46865,2217000,20410000
2026-09-18T05:47:55.252Z,46044,2004000000,16960000000
2026-09-18T05:47:55.252Z,37166,2076000000,2775000000
2026-09-18T05:47:55.252Z,86150,10140000,3850000000
2026-09-18T05:47:55.252Z,43877,946400000,1497000000
2026-09-18T05:47:55.252Z,46355,215800,478800
2026-09-18T05:47:55.252Z,60919,128300,2852000
2026-09-18T05:47:55.252Z,57018,502100,48980000
2026-09-18T05:47:55.252Z,91930,46010000,98890000
2026-09-18T05:47:55.252Z,33585,13100,48980000
2026-09-18T05:47:55.252Z,898,462100,2698000
2026-09-18T05:47:55.252Z,32858,10000,250000
2026-09-18T05:47:55.252Z,21610,18210000,21260000
2026-09-18T05:47:55.252Z,2921,1114000,2323000
2026-09-18T05:47:55.252Z,91953,6525000,15560000
2026-09-18T05:47:55.252Z,4147,998900,2889000
2026-09-18T05:47:55.252Z,52411,1.18,500000
2026-09-18T05:47:55.252Z,54715,34440000,110700000
2026-09-18T05:47:55.252Z,57513,160000000,1589000000
2026-09-18T05:47:55.252Z,34719,23500,4418000
2026-09-18T05:47:55.252Z,31965,50900000,70910000
2026-09-18T05:47:55.252Z,37893,4500,789900
2026-09-18T05:47:55.252Z,81050,16650000,31880000
2026-09-18T05:47:55.252Z,34348,1200000000,8190000000
2026-09-18T05:47:55.252Z,34174,48720000,79780000
2026-09-18T05:47:55.252Z,16591,35000000,45000000
2026-09-18T05:47:55.252Z,22043,3000000,27990000
2026-09-18T05:47:55.252Z,74156,608200,14800000
2026-09-18T05:47:55.252Z,45738,2500000,47980000
2026-09-18T05:47:55.252Z,94053,170000000,1867000000
2026-09-18T05:47:55.252Z,16214,,464300000
2026-09-18T05:47:55.252Z,93661,85000000,559300000
2026-09-18T05:47:55.252Z,11258,9999,1000000
2026-09-18T05:47:55.252Z,45,1.65,69
2026-09-18T05:47:55.252Z,31630,81700000,525900000
2026-09-18T05:47:55.252Z,1159,,5000000
2026-09-18T05:47:55.252Z,28793,239100000,409900000
2026-09-18T05:47:55.252Z,3723,1630,4000
2026-09-18T05:47:55.252Z,63209,,555500000
2026-09-18T05:47:55.252Z,28199,1944000,2816000
2026-09-18T05:47:55.252Z,54370,45700000,85000000
2026-09-18T05:47:55.252Z,36522,1726000000,200000000000
2026-09-18T05:47:55.252Z,30324,9001000,15500000
2026-09-18T05:47:55.252Z,21260,26580,448000
2026-09-18T05:47:55.252Z,11564,50000,2400000
2026-09-18T05:47:55.252Z,11298,50000,1600000
2026-09-18T05:47:55.252Z,15937,22040000,99000000
2026-09-18T05:47:55.252Z,33699,6085,269800
2026-09-18T05:47:55.252Z,60260,13540000,179600000
2026-09-18T05:47:55.252Z,22808,50000,230000
2026-09-18T05:47:55.252Z,47134,17160000,87990000
2026-09-18T05:47:55.252Z,11278,50510,3400000
2026-09-18T05:47:55.252Z,11304,1755000,3800000
2026-09-18T05:47:55.252Z,82497,198200000,368900000
2026-09-18T05:47:55.252Z,3397,160000,1700000
2026-09-18T05:47:55.252Z,3430,104900,750000
2026-09-18T05:47:55.252Z,92391,23550,49910
2026-09-18T05:47:55.252Z,11306,200400,3000000
2026-09-18T05:47:55.252Z,53595,0.01,399000000
2026-09-18T05:47:55.252Z,55511,22500000,33350000
2026-09-18T05:47:55.252Z,14568,1022000,300000000
2026-09-18T05:47:55.252Z,62450,141800000,190000000
2026-09-18T05:47:55.252Z,88685,200000,95210000
2026-09-18T05:47:55.252Z,33097,1908000,3800000
2026-09-18T05:47:55.252Z,57707,3263000000,13960000000
2026-09-18T05:47:55.252Z,84166,2808000,497100000
2026-09-18T05:47:55.252Z,30652,1680000,2150000
2026-09-18T05:47:55.252Z,79740,1011,1999000
2026-09-18T05:47:55.252Z,4048,581600000,1400000000
2026-09-18T05:47:55.252Z,33595,13100,48000000
2026-09-18T05:47:55.252Z,22983,330.1,865.7
2026-09-18T05:47:55.252Z,3387,351.3,300000
2026-09-18T05:47:55.252Z,1128,5000,740000
2026-09-18T05:47:55.252Z,17176,1670000,6171000
2026-09-18T05:47:55.252Z,90727,,280000
2026-09-18T05:47:55.252Z,22963,152.2,301.7
2026-09-18T05:47:55.252Z,57536,56000000,247500000
2026-09-18T05:47:55.252Z,64268,54470000,117300000
2026-09-18T05:47:55.252Z,61869,96550000,178900000
2026-09-18T05:47:55.252Z,11207,5117,1500000
2026-09-18T05:47:55.252Z,3309,90190,2990000
2026-09-18T05:47:55.252Z,55343,2001,4999000
2026-09-18T05:47:55.252Z,33832,2284000,13130000
2026-09-18T05:47:55.252Z,21668,5000000,15900000
2026-09-18T05:47:55.252Z,33399,4200000,5900000
2026-09-18T05:47:55.252Z,26261,108700,690000
2026-09-18T05:47:55.252Z,16622,4031000,5900000
2026-09-18T05:47:55.252Z,33467,2651000,3700000
2026-09-18T05:47:55.252Z,46484,305000000,380000000
2026-09-18T05:47:55.252Z,3354,2226000,3200000
2026-09-18T05:47:55.252Z,12824,290400,349900
2026-09-18T05:47:55.252Z,1264,1585,15470
2026-09-18T05:47:55.252Z,54739,61810000,93160000
2026-09-18T05:47:55.252Z,1223,1950,2400
2026-09-18T05:47:55.252Z,53958,1807000000,9728000000
2026-09-18T05:47:55.252Z,22991,176,1000
2026-09-18T05:47:55.252Z,17174,2747000,5963000
2026-09-18T05:47:55.252Z,83305,20000,34210000
2026-09-18T05:47:55.252Z,11584,40010,84990
2026-09-18T05:47:55.252Z,46564,2101000,79980000
2026-09-18T05:47:55.252Z,23537,,8200000
2026-09-18T05:47:55.252Z,88590,10000,3870000
2026-09-18T05:47:55.252Z,45575,2088000,300000000
2026-09-18T05:47:55.252Z,88649,1009000,241300000
2026-09-18T05:47:55.252Z,34533,201500,1045000
2026-09-18T05:47:55.252Z,24625,12130000,19000000
2026-09-18T05:47:55.252Z,34016,130000000,399000000
2026-09-18T05:47:55.252Z,60370,,10790000
2026-09-18T05:47:55.252Z,90056,,9990000
2026-09-18T05:47:55.252Z,60374,,20990000
2026-09-18T05:47:55.252Z,46686,23.01,24
2026-09-18T05:47:55.252Z,92825,50170000,
2026-09-18T05:47:55.252Z,78414,5200000,
2026-09-18T05:47:55.252Z,15953,57830000,
2026-09-18T05:47:55.252Z,60345,5700000,
2026-09-18T05:47:55.252Z,21364,50.03,
2026-09-18T05:47:55.252Z,94035,166500000,
2026-09-18T05:47:55.252Z,3273,140000,
2026-09-18T05:47:55.252Z,83382,680000,
2026-09-18T05:47:55.252Z,42231,50700000,
2026-09-18T05:47:55.252Z,56225,9127000000,
2026-09-18T05:47:55.252Z,94136,38740000,
2026-09-18T05:47:55.252Z,94132,42540000,
2026-09-18T05:47:55.252Z,18724,21200,
2026-09-18T05:47:55.252Z,24483,1945000000,
2026-09-18T05:47:55.252Z,94121,50900000,
2026-09-18T05:47:55.252Z,94126,51100000,
2026-09-18T05:47:55.252Z,89945,30210000,
2026-09-18T05:47:55.252Z,94143,500000000,
2026-09-18T05:47:55.252Z,19720,2235000000,
2026-09-18T05:47:55.252Z,60369,8998000,
2026-09-18T05:47:55.252Z,94141,350600000,
2026-09-18T05:47:55.252Z,47154,196400000,
2026-09-18T05:47:55.252Z,3732,6010000,
2026-09-18T05:47:55.252Z,94134,36370000,
2026-09-18T05:47:55.252Z,3339,7000000,
2026-09-18T05:47:55.252Z,94130,44230000,
2026-09-18T05:47:55.252Z,48733,51620000,
2026-09-18T05:47:55.252Z,48732,1174000,
2026-09-18T05:47:55.252Z,27236,850600,
2026-09-18T05:47:55.252Z,73793,2263000000,
2026-09-18T05:47:55.252Z,46407,27150000,
2026-09-18T05:47:55.252Z,31719,25100,
2026-09-18T05:47:55.252Z,18055,14000000,
2026-09-18T05:47:55.252Z,34357,25430000,
2026-09-18T05:47:55.252Z,42124,45600000,
2026-09-18T05:47:55.252Z,77281,30230000,
2026-09-18T05:47:55.252Z,19726,2086000000,
2026-09-18T05:47:55.252Z,73790,2309000000,
2026-09-18T05:47:55.252Z,42243,50700000,
2026-09-18T05:47:55.252Z,60343,3600000,
2026-09-18T05:47:55.252Z,60367,7119000,
2026-09-18T05:47:55.252Z,11288,3837000,
2026-09-18T05:47:55.252Z,16266,1,
2026-09-18T05:47:55.252Z,60365,4498000,
2026-09-18T05:47:55.252Z,84430,5372,
2026-09-18T05:47:55.252Z,49925,1227000,
2026-09-18T05:47:55.252Z,16268,266200,
2026-09-18T05:47:55.252Z,893,13900,
2026-09-18T05:47:55.252Z,60371,9218000,
2026-09-18T05:47:55.252Z,89635,10000000,
2026-09-18T05:47:55.252Z,89634,10000000,
2026-09-18T05:47:55.252Z,92565,62.13,
2026-09-18T05:47:55.252Z,60347,7200000,
2026-09-18T05:47:55.252Z,17542,1100,
2026-09-18T05:47:55.252Z,17540,1100,
2026-09-18T05:47:55.252Z,17538,1100,
2026-09-18T05:47:55.252Z,17544,1100,
2026-09-18T05:47:55.252Z,61221,106600,
2026-09-18T05:47:55.252Z,60373,17500000,
2026-09-18T05:47:55.252Z,46350,6408000,
2026-09-18T05:47:55.252Z,90054,9997000,
